Date,Close,High,Low,Open,Volume
3/2/2016,207.2822571,210.8348551,197.8560331,197.9981313,4228824
3/3/2016,215.5242462,217.371594,206.1927511,209.2243125,3290989
3/4/2016,213.2979736,216.8032151,210.5032662,216.8032151,4768604
3/8/2016,216.2347717,219.5031586,210.5979865,212.2084945,3066086
3/9/2016,214.1032257,220.40316,209.6506394,215.9979445,4117976
3/10/2016,214.529541,216.7558415,212.3979823,216.7558415,1543894
3/11/2016,219.0294952,220.592647,214.1032291,214.529538,2649095
3/14/2016,220.1663208,224.9978596,217.5610824,220.7347422,2722628
3/15/2016,216.2347717,221.30315,215.2400415,220.8294704,1913147
3/16/2016,216.5190125,217.4190011,211.0243246,216.9453213,2172701
3/17/2016,223.2925873,226.8925556,218.8873723,219.2189393,5383866
3/18/2016,229.2136078,230.3978071,223.3399823,224.003131,4606790
3/21/2016,231.0136108,232.1030684,224.2873529,226.3715408,3240298
3/22/2016,227.9683075,231.5370036,225.0657651,230.2998527,3153670
3/23/2016,226.7787476,231.4418381,225.8746808,228.1586405,2083410
3/28/2016,224.2568817,231.2039471,221.44951,228.7772306,2756755
3/29/2016,226.3504944,230.490173,222.0204737,225.0181725,2043092
3/30/2016,234.0588989,236.4856154,227.9683295,228.3965702,2883662
3/31/2016,235.7242737,237.9130769,230.7756846,235.153291,4192902
4/1/2016,231.1563568,236.0097897,227.9207445,236.0097897,1772898
4/4/2016,230.8232574,237.3896522,229.5385211,237.3896522,1986415
4/5/2016,215.3113251,230.7280889,213.0273654,230.6805034,4836504
4/6/2016,213.5031891,218.6421055,210.4578903,216.0250618,6273776
4/7/2016,206.318222,216.9767249,205.5568973,214.5975942,4171133
4/8/2016,208.649765,209.3635042,204.3197442,205.5568951,1631016
4/11/2016,217.9759674,218.7848632,208.1739456,210.2199923,2417006
4/12/2016,222.3059998,223.4479797,215.3589345,217.928393,2704639
4/13/2016,222.2583923,226.4456565,220.7833284,223.6382852,2830268
4/18/2016,220.1171722,225.3036742,217.0243024,224.447193,5479038
4/20/2016,222.2108459,224.8754757,220.3075411,220.7833673,2111521
4/21/2016,218.2614746,224.589957,217.3573933,222.7818233,2990447
4/22/2016,218.9752045,222.1156455,216.3105751,218.4042073,7431640
4/25/2016,220.5930023,222.4011359,219.1179384,219.8316776,1454607
4/26/2016,218.0235596,221.6398269,216.0250838,220.9736731,2703783
4/27/2016,229.5861206,230.2998598,216.6436433,218.8800321,7177265
4/28/2016,224.0665283,230.0143551,223.0197195,230.0143551,5899252
4/29/2016,226.6835938,228.491742,221.4970912,224.5899614,2160232
5/2/2016,221.6874084,225.7795164,220.5930141,225.5416033,2312439
5/3/2016,224.1141357,230.7281169,221.2591786,223.8762226,5328996
5/4/2016,198.1815948,223.1624681,195.564551,223.1624681,22904231
5/5/2016,188.4271545,200.5131358,187.1900037,199.513898,17225029
5/6/2016,185.1439514,189.8546272,181.3373423,188.4271488,15642446
5/9/2016,187.2375946,188.8078151,184.9536348,186.6665974,9413270
5/10/2016,185.1439514,189.3312156,184.6205398,188.3795633,4925308
5/11/2016,183.6688995,186.0004448,180.1477888,182.5269196,7021749
5/12/2016,185.7149506,188.0940814,184.239901,184.8108837,6098282
5/13/2016,179.4340515,190.568381,170.7264239,185.1915511,15272242
5/16/2016,176.8170013,182.9075703,174.8185257,179.8622858,9997240
5/17/2016,174.3902893,178.2920697,173.8668776,177.5783304,7208437
5/18/2016,174.3426971,176.5315003,171.8208244,173.5813724,5909252
5/19/2016,163.2559509,175.579845,161.4953884,175.579845,13478073
5/20/2016,169.3465271,171.6780724,162.1139782,163.3035436,13115129
5/23/2016,172.3442383,173.6289602,169.3941103,170.5836757,10109957
5/24/2016,172.1063385,172.7249067,168.5376421,172.201495,3874787
5/25/2016,174.0096588,175.1516389,172.5821801,173.9620733,4249199
5/26/2016,175.8653412,178.4347994,172.6297148,175.1040165,5744871
5/27/2016,182.4317474,183.6213128,176.0556798,176.4363349,8241406
5/30/2016,181.0518646,184.620561,176.4839303,183.38341,3672794
5/31/2016,182.8599701,185.2866862,177.5307263,181.0518367,6758009
6/1/2016,192.5192719,193.4709242,183.193076,183.5261601,10935767
6/2/2016,195.2790527,196.5162037,190.9966173,193.6136612,6232617
6/3/2016,194.6605072,196.2783134,192.3289617,196.2783134,3927140
6/6/2016,193.8515625,194.6604727,186.523843,191.2821043,5811557
6/7/2016,196.5162048,197.6105992,192.4240969,194.7556422,3666830
6/8/2016,193.5660858,197.8009505,191.9482797,196.9920401,2752494
6/9/2016,192.1385956,195.8976338,191.2821143,194.5653119,2365078
6/10/2016,192.9475098,195.7548812,191.7579444,193.1378373,1978971
6/13/2016,192.8047638,193.8515726,188.1416588,191.4724418,2446154
6/14/2016,198.514679,199.8469864,192.0910258,192.8047651,4836424
6/15/2016,196.9920349,201.6551256,196.3258812,200.7986443,4053483
6/16/2016,198.4194946,199.3711469,192.328926,197.4678424,4409306
6/17/2016,197.6581726,199.3711496,196.4686073,198.8953235,2988774
6/20/2016,196.801712,198.8001733,193.5185143,193.5185143,1787203
6/21/2016,193.4233093,199.7993762,193.1853963,196.9920051,2846802
6/22/2016,197.3251038,198.3719125,193.2805816,194.1370629,3917750
6/23/2016,197.1347656,198.7050006,194.7080639,197.7533483,4392227
6/24/2016,192.1385956,193.28059,185.9052846,190.330462,6402985
6/27/2016,193.9943237,195.7072862,192.2337612,192.2337612,2862705
6/28/2016,193.0902405,196.8016931,192.7571709,194.1370638,5865629
6/29/2016,193.2330017,195.3266339,192.4240914,194.1370685,6496278
6/30/2016,196.8492889,197.7533557,193.6612478,195.9452076,5638170
7/1/2016,194.4225769,197.8485166,193.9467507,195.1839017,3280576
7/4/2016,202.9398651,203.6060189,195.5645593,196.0403855,5170996
7/5/2016,204.1769867,205.9375346,202.7019228,204.1769867,6536180
7/7/2016,199.8945923,205.9851619,198.5146992,205.9851619,7139883
7/8/2016,197.0396118,201.7027023,194.7080666,199.8945687,2451302
7/11/2016,206.9367981,207.6981229,197.9436864,200.0849042,7409680
7/12/2016,207.4602051,209.2683387,204.9859032,208.602185,5113880
7/13/2016,206.7940369,211.2667995,204.7955613,206.9367789,5136217
7/14/2016,206.4133759,210.0296575,204.1770017,206.7940455,3685749
7/15/2016,209.8393402,212.8370393,207.6981225,208.6021893,5747335
7/18/2016,207.4125977,212.1232732,205.7947918,210.933708,3449057
7/19/2016,209.934494,211.0764738,205.6520589,208.3166736,3614887
7/20/2016,210.6958008,211.647453,207.9360151,210.3151457,3477005
7/21/2016,212.4087982,215.4065118,209.1731861,211.2668183,5312623
7/22/2016,214.454834,215.0258166,210.8861382,212.2184455,3937731
7/25/2016,215.2161713,216.4533222,213.3128666,215.3589278,4843432
7/26/2016,213.5507813,218.3566285,211.4095635,216.0250832,3999228
7/27/2016,217.6428833,218.3566225,212.7418796,215.0734249,3648076
7/28/2016,214.3596649,220.3550769,213.5507547,218.6896855,4676659
7/29/2016,221.1640015,222.2108249,215.2161742,216.9291514,4990407
8/1/2016,217.5001526,224.827873,214.9306941,223.1148958,3414966
8/2/2016,213.7887268,220.4978798,212.9798309,218.8800735,2083401
8/3/2016,212.0757141,217.3573726,210.7909777,214.7879144,3212161
8/4/2016,216.8815613,218.4042108,212.2660562,215.2637552,2779249
8/5/2016,222.6866608,223.5431421,218.1663119,219.4510484,2112014
8/8/2016,229.0151367,229.728876,222.7342398,224.1141328,3171611
8/9/2016,228.1586456,231.1563447,223.4479695,229.348211,7445154
8/10/2016,245.9545746,248.6191897,232.3459278,232.679012,19509517
8/11/2016,241.2438812,247.1917087,238.9599213,246.0021432,4663215
8/12/2016,245.7642212,248.3812652,239.0550692,242.0051973,8089419
8/16/2016,260.3245239,261.3237765,245.8118236,247.0489893,15191371
8/17/2016,254.7097168,262.9891029,252.3781862,260.7527143,11251645
8/18/2016,262.1326294,263.6076788,254.9952374,255.3282924,9439270
8/19/2016,259.8486938,264.4642141,257.0889075,261.6092567,3970921
8/22/2016,257.4695435,266.1771861,255.6614097,261.133411,3638085
8/23/2016,259.3252563,262.7987815,257.0412966,258.5639461,4511269
8/24/2016,257.0413208,260.5624173,255.5662421,260.5624173,3036313
8/25/2016,249.094986,258.3735958,247.5247655,258.3735958,8422383
8/26/2016,245.2408142,250.474902,242.7665124,250.2369889,4991512
8/29/2016,249.9039154,250.6176547,235.5815445,241.1962876,6941895
8/30/2016,250.2369843,252.568515,247.5247694,251.7596047,2076344
8/31/2016,250.2369843,253.5677673,249.0474189,250.5224683,5047234
9/1/2016,246.1924591,251.1410336,245.3359488,250.4272944,3552214
9/2/2016,255.2331696,256.3751349,244.3843096,246.4779564,6194172
9/6/2016,257.5171204,258.6115147,254.6621634,256.9461232,4376626
9/7/2016,259.0873108,260.8478732,253.4249686,256.9460933,3506325
9/8/2016,262.2753906,263.1318719,258.8494364,258.8494364,3257359
9/9/2016,259.0397339,262.1801745,257.0412585,261.6567774,2254000
9/12/2016,247.4296112,255.8993113,244.0036569,255.8993113,4089149
9/14/2016,251.902359,255.0427998,244.4318831,248.3812341,5183715
9/15/2016,254.4718323,256.7082211,249.3329154,253.1870958,2969754
9/16/2016,258.0405273,261.7043947,254.7573442,255.0428283,5596231
9/19/2016,262.7987976,264.2738762,256.6130572,258.8494461,3949553
9/20/2016,257.0413208,263.5601456,254.9001029,263.5601456,4084585
9/21/2016,256.660614,262.6560114,255.0427936,261.7043591,5226987
9/22/2016,262.0375061,263.988382,258.4212094,259.9914592,4923688
9/23/2016,261.79953,264.2738316,260.0865386,263.3697504,3066615
9/26/2016,257.3267822,261.2285626,255.8041327,261.2285626,2817192
9/27/2016,251.902359,260.4672292,251.0458488,259.801061,3623937
9/28/2016,257.8977356,258.8493878,249.4280372,253.8056429,4450516
9/29/2016,244.3842926,260.4672393,242.1479185,260.0865551,7369816
9/30/2016,244.3367462,247.2392743,237.0566114,245.5263117,8404996
10/3/2016,251.7120361,254.5669931,246.7634325,248.095769,3775937
10/4/2016,255.7089844,256.7557787,250.3797257,254.662161,3083178
10/5/2016,252.6161652,256.8986014,251.2362574,256.8986014,2157411
10/6/2016,252.0926971,254.6621701,248.5716009,254.0911729,3683355
10/7/2016,253.9484253,255.2331617,249.6659899,254.4718224,3109737
10/10/2016,251.2362366,255.9469276,250.4273262,255.9469276,4104061
10/13/2016,238.9598999,250.5700406,236.104943,250.5700406,5621911
10/14/2016,242.0527802,243.8133428,239.1026521,239.8163913,2690365
10/17/2016,238.6268311,242.7189391,237.3420946,240.7680489,1657111
10/18/2016,254.091156,255.9944605,239.3881313,239.3881313,4975655
10/19/2016,258.4687805,260.1817431,250.0942225,255.9944786,4745567
10/20/2016,271.4588013,272.5531955,255.7089683,259.6583193,7256284
10/21/2016,271.9346619,274.3137928,268.0328814,272.172575,4031821
10/24/2016,271.8394775,280.6422614,269.3176047,271.6015645,7433061
10/25/2016,297.6767883,301.6737391,266.9860057,272.7910898,20614093
10/26/2016,290.3491516,301.1979831,284.8771503,297.8196287,11974635
10/27/2016,290.2539368,293.8702037,284.8771074,290.6821919,6866827
10/28/2016,292.1572571,294.7267299,287.7320797,291.2056048,6175751
11/1/2016,290.396698,293.1089129,286.8756019,292.1572606,5197221
11/2/2016,285.4005127,289.4450349,282.7834689,285.4956837,4954922
11/3/2016,274.2662354,287.3038559,273.2194119,285.210238,5762076
11/4/2016,273.7903748,277.7397259,270.5071627,275.0275111,6331988
11/7/2016,279.309967,283.8778867,276.7404941,283.8778867,4697049
11/8/2016,275.8364258,281.4035976,272.6483848,281.4035976,4446596
11/9/2016,268.7466431,269.3176403,248.2861156,255.0428537,7432798
11/10/2016,280.3091431,282.7834446,272.1725284,275.027485,4488690
11/11/2016,263.3697815,278.8341318,259.6583432,274.0758702,4430411
11/15/2016,253.7580566,267.1287877,245.5262708,267.1287877,4007163
11/16/2016,252.4257813,261.7043915,248.2860878,257.8977822,3586045
11/17/2016,251.8071747,256.3750936,249.5232152,254.0911341,2448535
11/18/2016,249.2377167,253.4249807,244.3842844,252.1878444,2821119
11/21/2016,243.3375092,252.1878791,233.2975737,249.380493,4715918
11/22/2016,248.1909485,250.4749376,244.5746808,244.5746808,4773262
11/23/2016,250.9507446,251.902397,245.6214855,251.1886577,4191100
11/24/2016,245.2408142,250.9507281,243.7657357,250.9507281,4052569
11/25/2016,252.2353973,253.1394785,243.3850437,247.4295655,3644381
11/28/2016,259.5631714,261.228563,251.3789556,254.0435995,5898358
11/29/2016,263.5125427,266.462671,254.6621871,261.704409,4965658
11/30/2016,264.4641724,268.2707816,262.8939519,265.4158247,4877016
12/1/2016,261.79953,266.7957042,258.5639183,266.4626201,2039195
12/2/2016,253.044342,261.1333866,251.4741215,260.4672474,2854273
12/5/2016,255.7089844,260.1817328,250.9507229,253.6153377,4802020
12/6/2016,258.7542725,261.2285744,257.0413098,260.7527482,3001729
12/7/2016,263.9883423,269.2224299,259.1349097,259.3252518,3768935
12/8/2016,273.2193909,274.3613562,266.3674824,266.3674824,4172911
12/9/2016,271.8394775,277.2163073,270.5071701,275.4557738,3130514
12/12/2016,267.747406,271.6491866,265.7965012,271.2209314,1781321
12/13/2016,272.1725769,273.3145714,264.9876132,267.7949702,2703309
12/14/2016,270.1265259,274.4089615,268.4611343,273.5524802,2454540
12/15/2016,270.5071716,277.549393,269.3651772,276.0743435,4952579
12/16/2016,266.700592,272.1725935,265.7013686,272.1725935,3752270
12/19/2016,263.0843201,267.4143269,261.9423256,267.3191559,2479261
12/20/2016,259.2301025,262.751228,255.4710931,262.751228,1657363
12/21/2016,260.9430847,262.3229632,257.0413043,261.1333978,2500157
12/22/2016,250.8079376,260.2768891,248.476407,258.6114977,2771674
12/23/2016,250.1893921,255.518651,246.5255248,249.4756528,3336863
12/26/2016,247.4296112,249.3329159,244.8125672,249.3329159,2684615
12/27/2016,254.0435791,256.6130227,245.7166219,248.3812366,5604754
12/28/2016,255.518692,258.7067336,254.1863843,254.9476947,3862488
12/29/2016,251.8547668,255.1379788,249.9514623,255.0428078,4400374
12/30/2016,255.4710541,258.0404977,251.6168451,252.1878422,3744173
1/2/2017,260.562439,263.5125675,254.0912137,256.755829,2622173
1/3/2017,260.7051086,264.2738041,258.8969464,261.8946738,2064823
1/4/2017,261.6091919,263.5124964,259.0397483,261.847105,2741205
1/5/2017,273.6000671,274.9323747,262.1802382,262.9415486,5997054
1/6/2017,272.2201233,277.6921239,271.2209,274.8371671,5651466
1/9/2017,270.9354248,275.0275181,268.9369491,272.5056453,2877279
1/10/2017,279.6906128,280.4519521,271.2209129,271.3160839,5779720
1/11/2017,281.355957,285.2577367,280.2615628,281.5938701,3323800
1/12/2017,278.5962219,284.401307,275.5509228,282.6407444,3420733
1/13/2017,279.8332825,280.8801056,276.5025002,280.2615375,1699998
1/16/2017,286.1142578,288.3030755,278.2631263,280.4519441,3614730
1/17/2017,280.5947266,287.8272909,278.4535086,287.8272909,2231245
1/18/2017,277.7872314,286.019016,276.0266693,282.4027498,2613239
1/19/2017,281.0704956,283.1165421,277.8824548,277.9776258,2290542
1/20/2017,270.4119873,282.0221566,269.6982481,280.7374203,3279639
1/23/2017,272.4104919,275.3606201,270.4120162,271.3636685,2261781
1/24/2017,278.9768982,280.68989,272.1725893,273.1242417,1945278
1/25/2017,289.9208069,291.300714,280.2139729,280.9752829,4477090
1/27/2017,289.2546997,294.0129607,287.4941373,290.2539229,3386640
1/30/2017,287.9700317,291.0629021,286.7804662,289.0644262,2241418
1/31/2017,279.1672058,291.1580305,278.3582956,288.8264708,3859712
2/1/2017,289.8733215,291.2056291,279.4527163,281.26085,3158512
2/2/2017,289.4450684,293.6799331,286.6377112,290.6822339,3018242
2/3/2017,288.874054,296.2017885,287.1135204,289.8257063,3352462
2/6/2017,294.250885,295.9638474,287.9699744,291.0628442,2426463
2/7/2017,288.9692078,295.3928606,286.6852481,294.3460373,1803476
2/8/2017,290.7773438,292.0620801,284.5440329,291.2531699,1581009
2/9/2017,290.0635986,293.2040685,286.3045896,291.6814191,2032244
2/10/2017,296.2017517,298.5333113,290.3490964,290.8249225,5313049
2/13/2017,294.5839539,299.5801284,289.8732925,298.0575079,2291161
2/14/2017,292.1572571,300.6269568,290.4918655,295.012214,6996004
2/15/2017,285.4481201,298.3429972,282.6407342,293.2040806,4562477
2/16/2017,284.1633911,288.3506556,279.7857846,285.4956986,2837571
2/17/2017,282.8786316,287.8748059,281.4987242,285.5908463,2264046
2/20/2017,285.7811584,288.2554601,281.7842364,283.782712,1690844
2/21/2017,289.4450684,290.6346338,283.8778961,285.9715429,2559043
2/22/2017,285.7811584,291.681414,283.0689728,290.2539356,3507421
2/23/2017,282.8786316,288.7312871,281.4987242,285.8287594,6593433
2/27/2017,282.3076782,286.1618879,280.7374576,282.6407624,2116155
2/28/2017,287.1611023,288.6837519,282.4504115,283.2593218,2570349
3/1/2017,287.8748169,290.2539476,286.5900805,288.303072,1892520
3/2/2017,279.6430359,290.9201215,277.8824733,289.0643879,2458242
3/3/2017,282.0222168,283.0214403,276.9308702,278.8341752,2871834
3/6/2017,288.4933777,290.1587691,282.1173249,283.4496323,1877927
3/7/2017,293.3468018,294.441196,287.3514043,288.3506275,4069985
3/8/2017,291.6813965,294.060527,286.3045674,293.3467878,2786117
3/9/2017,286.3521423,291.6814005,285.2101771,291.6814005,2564963
3/10/2017,284.3537598,291.2056695,282.6883679,287.8273147,2684711
3/14/2017,294.2984924,296.1542262,289.3974886,290.8725381,5102357
3/15/2017,295.2976379,298.6284203,293.1088497,293.1088497,4865596
3/16/2017,309.953186,311.5234066,296.4397109,296.9155371,7051972
3/17/2017,309.6676331,312.9984159,305.7658531,310.9999404,6779619
3/20/2017,309.7152405,313.8549046,309.0015013,311.2378609,4103266
3/21/2017,310.0007324,311.4757818,304.5763028,309.2869932,2802311
3/22/2017,308.0022888,309.0966833,303.9101952,306.3368971,2518171
3/23/2017,309.8579712,311.1902785,306.5271884,308.3353218,3911142
3/24/2017,307.6216431,311.9516499,306.1465934,311.3806817,4636734
3/27/2017,303.8625183,308.335295,302.2922981,307.0029878,2353739
3/28/2017,305.337677,307.3837238,304.0529405,305.5279901,1760774
3/29/2017,305.4804382,306.4320907,301.4834863,305.6231803,4426029
3/30/2017,322.8955994,325.369901,305.0521195,306.3368559,9728166
3/31/2017,323.1811218,326.1312497,319.7551678,325.4650815,3417463
4/3/2017,325.5602722,327.2732348,322.3722311,324.1327937,2441776
4/5/2017,340.8342896,341.881113,326.464333,327.2256723,5947873
4/6/2017,339.4067993,341.262533,334.1251405,338.550318,3524928
4/7/2017,330.3661194,336.2663758,328.8434698,335.2195524,4918075
4/10/2017,335.1243286,336.742149,329.3192442,331.2225486,2222773
4/11/2017,317.6615295,338.6454804,314.5686595,335.4098684,9397306
4/12/2017,311.7612915,320.326162,308.0022534,317.6615182,8100661
4/13/2017,304.9570313,309.8580354,302.9109553,309.8580354,5730306
4/17/2017,304.5287476,311.380656,302.2447878,305.1473158,4219235
4/18/2017,303.9101868,319.0414535,302.7681923,306.0989756,9315409
4/19/2017,310.0483093,311.8088719,303.8149983,306.4320422,4403069
4/20/2017,316.3292236,317.0905629,308.33535,311.6185621,4439900
4/21/2017,310.2386475,318.8035181,308.4780849,318.8035181,2517582
4/24/2017,314.9969177,318.0422168,311.4282215,312.2847028,5048373
4/25/2017,315.3299561,316.9953474,310.7144372,316.4243503,4330049
4/26/2017,307.8595886,317.756769,302.6254998,316.3768902,4078479
4/27/2017,306.9078979,312.9984675,305.6231614,309.429771,2983463
4/28/2017,311.8565063,312.5702457,306.0514208,309.0966911,1808460
5/2/2017,314.6162415,316.80503,310.8572034,312.855679,4233839
5/3/2017,311.6185913,316.2340822,308.2402078,314.6162906,3271643
5/4/2017,323.0383911,323.9424434,312.8081287,312.9032707,6728527
5/5/2017,328.272522,329.7000006,319.897963,322.9908335,8196507
5/8/2017,324.0375977,329.9378533,321.658467,326.8925545,2462230
5/9/2017,330.6991882,332.5073219,319.5648442,323.4666246,3459067
5/10/2017,334.8864441,335.9332674,329.3668723,329.3668723,3207734
5/11/2017,342.6424255,345.0215565,333.554157,334.9816355,4604066
5/12/2017,340.6439819,342.9755128,336.3139462,342.9755128,2958586
5/15/2017,338.9786072,342.3569617,333.8872609,341.6432224,1530781
5/16/2017,337.3607788,340.8343043,334.1727374,337.0752947,1321254
5/17/2017,331.6983948,337.6462216,330.7467425,337.3607375,1239867
5/18/2017,331.079834,342.1665776,325.6554332,327.6538798,3618961
5/19/2017,332.5549622,335.4574905,328.6055812,332.1742779,1302961
5/22/2017,337.3131409,340.1204975,333.506532,335.3622364,2939697
5/23/2017,315.615448,338.4075299,312.6177494,337.6461907,6270500
5/24/2017,323.2286987,326.3691688,312.2371263,317.2808718,8363216
5/25/2017,324.2755127,329.5096002,315.2823871,328.2248638,5992900
5/26/2017,331.1750183,334.0299754,322.6101471,325.8457593,2754435
5/29/2017,311.9516296,331.5081029,309.3821857,330.9846767,3943111
5/30/2017,323.8948669,326.3215687,311.6185581,312.5226103,3680879
5/31/2017,322.6101685,329.0338223,320.2786084,324.9892995,12190256
6/1/2017,332.3169861,334.9340298,321.2778139,321.2778139,3447544
6/2/2017,340.5963745,342.0238531,333.5541528,334.9816314,3297747
6/5/2017,343.5940857,346.8772981,338.0269424,342.5472913,2830068
6/6/2017,343.9747314,350.9217815,339.7874381,345.4022099,5229905
6/7/2017,341.7383423,346.3538617,340.0253507,346.0207776,5435369
6/8/2017,341.7859497,344.3554228,333.5541624,341.8811208,4568139
6/9/2017,342.4520874,343.1658266,333.3162195,342.5948294,7152603
6/12/2017,339.597168,342.3093831,336.4566976,342.3093831,4963488
6/13/2017,342.0238342,345.5925304,338.217225,341.6431791,5463098
6/14/2017,342.1190186,343.451326,338.8834064,343.0706709,6005138
6/15/2017,342.5948181,348.6853869,340.4536005,342.071421,3997432
6/16/2017,345.5925293,347.4482629,339.0261342,344.0223088,5332597
6/19/2017,355.7276306,357.4406222,347.3531017,347.3531017,7328947
6/20/2017,357.4881897,359.4390944,352.2065309,357.4406187,4597214
6/21/2017,352.0637512,358.9632298,349.4467076,356.6316703,2797034
6/22/2017,351.5880127,355.7276777,349.7322788,352.1114099,1935079
6/23/2017,347.7813721,352.5872049,344.1650756,351.5879816,3011500
6/27/2017,349.9226074,354.7760115,347.7813895,350.1129205,2780694
6/28/2017,346.8772583,351.7782618,345.4973509,350.5886964,2394375
6/29/2017,346.8772583,350.8742095,344.8312117,349.208818,3343365
6/30/2017,345.4973755,348.1144195,343.1182446,346.4014568,1386974
7/3/2017,350.2080688,352.6823708,342.1190238,347.2579407,2171316
7/4/2017,353.7291565,357.5357655,350.2080315,350.6838576,4186188
7/5/2017,354.8711243,356.3937737,353.871901,356.3937737,1422559
7/6/2017,355.013916,357.4882181,353.5388664,355.8228264,2318749
7/7/2017,353.6340027,356.8220437,352.1113532,354.1098288,3077926
7/10/2017,356.822052,358.5825856,354.3477501,356.6317099,860121
7/11/2017,354.6808472,358.6301987,353.7291948,357.8212883,2646484
7/12/2017,355.775238,357.1551165,353.6815912,354.2525885,2035281
7/13/2017,357.7737427,359.6294475,354.2526171,357.6309716,2956936
7/14/2017,357.4406128,360.1528277,356.3462184,357.7736969,1737806
7/17/2017,362.8174744,365.1490343,355.7752525,355.7752525,4784990
7/18/2017,363.4360046,365.5296513,360.1528217,361.1520449,3927479
7/19/2017,362.6271057,365.2441496,359.0584095,362.1037086,4847964
7/20/2017,361.6278687,364.0069994,358.8204828,363.5311732,4490409
7/21/2017,363.4360046,364.1973439,360.2955637,362.5795234,6613707
7/24/2017,369.669342,371.4774756,362.6746919,364.9586516,4777031
7/25/2017,371.8581238,374.3799965,366.5288653,371.2395556,3297724
7/26/2017,374.0469055,375.2840709,369.2410733,373.7138505,3243876
7/27/2017,373.5234985,375.7598871,371.8581071,375.1888899,2847871
7/28/2017,376.616394,379.1858668,371.1443934,372.5718718,3203051
7/31/2017,378.0008545,380.0059167,375.6138827,378.0963392,1581010
8/1/2017,385.7346497,386.9758634,378.5260064,379.4807951,3391013
8/2/2017,392.6569214,394.8051963,384.4457313,386.689491,2997197
8/3/2017,388.9331665,393.2774433,384.4456481,393.2774433,2541125
8/4/2017,388.2648315,391.8452893,384.8753432,387.6442247,2770532
8/7/2017,395.5212097,402.4434276,390.0311748,393.1819658,3863466
8/8/2017,396.0463257,399.8654803,391.6065642,396.1895673,2154068
8/9/2017,379.289856,398.6243294,377.1415811,392.9910813,3603960
8/10/2017,368.2142639,378.955637,363.9654716,375.2319668,3177276
8/11/2017,365.4454346,368.0233761,361.9127041,363.0584624,6480493
8/14/2017,378.287323,387.4532719,367.5936771,367.5936771,2746774
8/16/2017,379.5762634,386.5939667,374.5158946,380.1968994,2644234
8/17/2017,371.6992493,383.252199,370.5057633,380.5310452,2502761
8/18/2017,368.7393799,373.1313843,365.9704696,371.4127764,2554849
8/21/2017,358.9528503,371.1264072,357.7116075,369.5509824,1999552
8/22/2017,358.6663818,364.5383267,352.9376494,360.7669287,3245723
8/23/2017,367.5936584,368.7394166,361.0056221,361.0056221,3003871
8/24/2017,362.8674622,370.1238627,361.8649456,369.455528,2507753
8/28/2017,369.9806213,372.2243806,363.2971004,364.7292835,3245331
8/29/2017,365.9704895,370.3147955,361.1965461,370.3147955,3419877
8/30/2017,372.1289673,374.659152,367.6414479,368.548509,2979277
8/31/2017,375.1842346,379.719481,370.8399285,373.7042946,2775034
9/1/2017,377.0460815,378.5737494,373.9907749,377.0938385,1511368
9/4/2017,367.45047,378.0963591,363.1061635,378.0963591,2425859
9/5/2017,372.6540222,375.2319634,364.8725001,366.8775622,2363336
9/6/2017,367.6413879,371.3173304,367.0207811,371.3173304,1825546
9/7/2017,370.1715698,373.226876,368.0710231,369.2167812,1832093
9/8/2017,368.4529724,373.8952799,365.349909,371.5083081,1858507
9/11/2017,367.9278564,372.7495281,366.9253108,369.9806465,2402644
9/12/2017,371.4605408,372.3676017,367.5936581,369.646448,2576054
9/13/2017,372.3675842,376.9505582,368.5961573,372.415312,2116076
9/14/2017,384.8753357,387.2623075,372.5585671,373.179174,5052114
9/15/2017,386.8325806,391.2246138,385.0184881,387.0712777,6452962
9/18/2017,386.4030151,389.7447757,379.7194939,388.5035329,3698399
9/19/2017,388.5035095,390.0311772,383.9205355,387.1668112,4105917
9/20/2017,391.1769714,394.1845502,387.6919691,389.6493036,5238339
9/21/2017,391.6543274,395.9508764,387.6442033,388.598992,4319190
9/22/2017,383.0612793,390.9860147,380.5788226,390.5086203,4371220
9/25/2017,371.0786133,383.0134717,365.6840631,382.0109553,4413073
9/26/2017,372.8927612,376.4254915,368.7394532,368.7394532,3115143
9/27/2017,355.7064819,374.8500109,353.7014492,374.8500109,3009736
9/28/2017,355.229187,358.0458258,347.2567233,355.7065814,3785886
9/29/2017,359.7166748,361.1011302,355.4201253,357.4729153,2109890
10/3/2017,366.3524475,368.3574805,358.1412586,360.4804735,3673873
10/4/2017,370.1238708,371.8902359,362.0081661,366.5434129,2084250
10/5/2017,368.4529724,371.5560358,366.829849,370.4580346,1853539
10/6/2017,371.6514893,374.563583,369.7419119,370.8399131,3006087
10/9/2017,375.9003296,377.809907,364.8247746,370.4580222,4359490
10/10/2017,378.9079285,380.3401116,372.558589,377.0938356,4067875
10/11/2017,379.0033875,383.1089672,376.1867491,380.4832983,5121486
10/12/2017,385.4482117,387.9783959,374.9932637,379.1466004,4202243
10/13/2017,389.744812,390.9860258,382.3451986,388.1216593,3245961
10/16/2017,388.40802,392.2271747,385.4004415,390.6040514,4209209
10/17/2017,388.45578,389.7924784,384.4934128,388.0738704,3291749
10/18/2017,388.5035095,388.6944789,384.1592327,388.6944789,3641132
10/19/2017,383.2521667,387.9306254,379.0511024,386.6894118,137226
10/23/2017,388.646698,394.2799742,381.9631776,384.9707851,4555429
10/24/2017,387.8352051,390.2699048,384.3979597,388.6467522,3406694
10/25/2017,396.6669617,398.7674792,386.8803779,390.3175938,2475241
10/26/2017,395.5689392,400.3906395,391.033693,397.1920916,1542452
10/27/2017,412.5164185,419.1522111,395.6644049,397.6694668,5306544
10/30/2017,410.3681641,416.7652599,408.4585867,416.7652599,1465328
10/31/2017,410.8933105,413.3757669,406.3580644,410.7978259,3418248
11/1/2017,413.519043,417.6723802,409.9385849,412.4687694,3931939
11/2/2017,417.4813538,419.9160533,408.9359833,413.4235018,3075833
11/3/2017,415.1899109,420.8708867,413.1848486,418.8180966,3097775
11/6/2017,417.7677917,423.2578269,411.1797554,414.3783035,4541407
11/7/2017,412.0390625,419.8683417,408.9359991,417.7200671,3989010
11/8/2017,410.2727661,416.9562878,407.8380371,413.4235576,2723792
11/9/2017,413.8054504,417.4813931,408.8882941,411.1320535,3478532
11/10/2017,412.5164185,415.7627231,406.8354436,415.7627231,1506241
11/13/2017,394.6619263,413.9486411,392.8000766,413.4235189,4344820
11/14/2017,392.1794739,398.9584797,388.3125911,394.6619304,2326922
11/15/2017,388.694519,395.521253,385.4004861,391.4634007,1849192
11/16/2017,379.2421265,392.0362907,377.1415794,389.5538339,5321941
11/17/2017,382.8225708,386.6894537,378.0963547,382.8702986,6515843
11/20/2017,380.5787354,387.5486804,379.1465525,382.8224944,4437937
11/21/2017,382.6792908,387.5009911,381.2471078,381.2471078,5418727
11/22/2017,395.7598877,397.8126774,383.490848,384.3024241,5170814
11/23/2017,388.694519,396.5237696,384.3502126,396.5237696,3903036
11/24/2017,386.3075256,392.4181677,383.6818566,392.4181677,1374660
11/27/2017,381.4381104,386.2120542,380.0059272,386.2120542,2993007
11/28/2017,379.0033875,385.4004543,377.3325072,381.5335717,6013556
11/29/2017,385.2095337,387.2623237,377.1892849,379.6240137,5205458
11/30/2017,380.0058899,383.2044378,378.0963126,383.2044378,5552149
12/1/2017,369.2645569,386.4984825,364.777038,382.7748122,1836997
12/4/2017,370.6012573,371.603803,360.2895502,369.2645589,3650818
12/5/2017,371.2695923,371.6515019,361.9126455,370.6012285,5100915
12/6/2017,368.3098145,371.3173936,365.3022353,368.9304214,4212760
12/7/2017,372.0811462,373.3223598,366.9252643,369.550933,6934180
12/8/2017,375.6138611,378.9556215,373.5133435,373.7997684,3282945
12/11/2017,374.0384827,378.0963347,367.1162644,378.0963347,3457130
12/12/2017,384.3024597,387.2623106,371.8902064,373.7997838,6686699
12/13/2017,376.1867065,384.0637125,374.1816447,383.6340459,5035855
12/14/2017,377.2370605,380.8652463,368.7394461,379.5762756,3587939
12/15/2017,383.2044983,389.5538381,382.0110123,387.3578355,4643671
12/18/2017,386.3075256,395.7599282,357.1387125,377.9053673,9127457
12/19/2017,387.4532471,390.8427645,382.8225451,386.6894278,2700184
12/20/2017,386.1165466,389.6970043,382.4406043,385.734637,4228842
12/21/2017,384.1115112,389.8880008,382.8702975,386.6894526,3336146
12/22/2017,383.9682617,390.9382366,381.1516526,384.7798379,2449944
12/26/2017,386.2597656,387.5010084,382.106458,385.4959463,3466595
12/27/2017,385.9256592,388.5990563,382.5838983,387.5965396,4355090
12/28/2017,380.6742859,386.5939586,379.5762555,385.925624,4180605
12/29/2017,387.3100586,388.7422417,381.2471441,383.0135091,3574054
1/1/2018,381.5813293,389.2673965,380.0536615,388.3126077,2701537
1/2/2018,379.4330139,385.2095029,377.1415269,385.2095029,1322980
1/3/2018,389.2196045,392.3226677,379.4807773,380.1013841,4679468
1/4/2018,391.3201599,392.1317361,387.6919453,390.2221587,1990506
1/5/2018,404.6394958,407.647104,391.654391,393.2775146,5448214
1/8/2018,403.7801514,408.1721854,402.0615433,404.8304248,3447843
1/9/2018,402.061554,406.3103465,400.2474611,403.7801621,2509904
1/10/2018,404.3052979,408.5540902,399.8177792,402.9208425,4253925
1/11/2018,406.2626038,411.1797599,401.9660545,403.8756319,4415043
1/12/2018,404.1620483,408.9837488,392.943281,406.596777,2581486
1/15/2018,401.584137,408.5540829,400.5338636,406.3103236,1599208
1/16/2018,404.4007568,408.8882755,399.5313576,402.4434516,2318100
1/17/2018,413.8054504,416.2879071,403.6369558,405.069139,6715953
1/18/2018,397.4307861,418.3406523,390.8427501,418.149712,8794103
1/19/2018,413.8532104,415.762788,399.8655314,399.8655314,7588904
1/22/2018,418.2451782,423.3055758,412.9938404,414.3782956,7092514
1/23/2018,418.5793457,422.0165907,413.4234927,418.2451638,4659591
1/24/2018,428.4614258,431.8986709,409.6998338,417.2426586,5201505
1/25/2018,416.7652588,429.654906,415.1421064,429.654906,6792843
1/29/2018,416.9084167,422.3507232,412.4686558,416.7652043,2126497
1/30/2018,408.8882751,416.4311003,407.5038198,415.3330991,2389618
1/31/2018,409.4611206,415.8104593,405.3077841,408.6495444,2734628
2/1/2018,409.3656921,413.4235445,395.7122241,411.5139669,1681704
2/2/2018,399.0539246,406.9309309,393.3729205,405.3077785,4265914
2/5/2018,389.744812,394.3277867,387.9306899,389.5538426,2936554
2/6/2018,386.4984741,391.7975692,369.503246,377.141556,2963450
2/7/2018,388.5990295,395.6644606,385.8778757,395.6644606,2592845
2/8/2018,386.7849426,397.335347,382.9657875,389.7925215,2952821
2/9/2018,380.9606628,383.4431191,376.1867197,381.9154515,2936187
2/12/2018,385.1140137,387.7874103,381.9154658,385.4959233,1249277
2/14/2018,394.3277588,397.9559444,386.6894487,386.6894487,3001847
2/15/2018,393.0865173,404.8304066,391.0336983,402.4434349,3293138
2/16/2018,387.1191101,396.8102101,384.1592592,395.2825423,1740283
2/19/2018,376.0435486,389.076409,371.0786355,389.076409,2140756
2/20/2018,377.0460815,380.0059326,369.6942255,376.1867775,2045167
2/21/2018,377.714447,380.7220258,372.1289268,378.5737511,1800533
2/22/2018,385.7346497,387.8351965,374.9932764,377.141551,4726021
2/23/2018,388.121582,390.7472508,383.8250332,386.7848838,1953157
2/26/2018,396.2850647,398.1469144,389.0764212,389.0764212,2299169
2/27/2018,391.8930359,398.1468903,391.1291874,398.1468903,1334518
2/28/2018,389.8880005,393.7071556,384.8753594,391.4633961,2823115
3/1/2018,387.7396851,395.0438126,386.6894117,389.8879596,1216685
3/5/2018,385.6869202,392.8478357,382.0109777,386.6417089,3665892
3/6/2018,386.9281311,395.0438353,377.2847591,388.3125864,3321338
3/7/2018,359.9076233,380.9129753,355.4201046,380.9129753,6951930
3/8/2018,370.4103088,375.2319804,352.9854141,361.8649378,11040375
3/9/2018,360.8146057,375.8525261,356.8999666,374.2771308,5352078
3/12/2018,369.1213074,371.6037638,359.9553303,364.7292736,3693431
3/13/2018,367.7846375,373.7043102,363.9177255,369.5032455,2175696
3/14/2018,364.8247986,367.354983,359.8121575,365.7795874,3616289
3/15/2018,364.872467,368.9303187,363.1061023,366.2569222,1818766
3/16/2018,353.7492371,364.968005,350.837143,360.8146681,4972566
3/19/2018,347.8295898,354.7040817,339.1887618,353.2718983,5253759
3/20/2018,353.2718201,354.9904281,343.8671455,347.8295128,1780257
3/21/2018,347.2566833,356.8522987,345.9199558,356.0407225,2296120
3/22/2018,342.0530701,348.4978941,338.0907026,348.4978941,3443184
3/23/2018,346.0154114,350.4074451,334.6057041,338.949981,4518979
3/26/2018,348.6410828,352.0306001,335.608223,347.9249912,3884338
3/27/2018,348.9752808,352.698951,345.5380355,351.5054651,2631162
3/28/2018,338.0906677,348.0204639,335.1785449,348.0204639,4766456
4/2/2018,352.9854126,355.0859304,339.9047951,339.9047951,2978988
4/3/2018,349.8345642,354.2265979,346.3018636,351.8396263,2679172
4/4/2018,351.1712952,356.8045722,347.3044123,351.3622646,5611445
4/5/2018,358.9528503,362.6287638,354.7040287,355.181423,3648555
4/6/2018,362.1513367,366.2569455,357.7115751,361.3397896,2037081
4/9/2018,360.2895508,365.4931321,359.334762,363.4403421,1571745
4/10/2018,369.7419434,372.8450068,361.4830265,361.8649362,3493681
4/11/2018,360.8146057,370.6011889,358.5231189,370.4579764,2045552
4/12/2018,355.5155945,361.6262366,352.5557435,360.9101451,3609657
4/13/2018,365.779541,369.4077263,355.5155629,358.8095663,6485732
4/16/2018,369.9806213,371.4128044,362.1036146,364.4905863,2682231
4/17/2018,366.06604,376.1390799,364.7293415,373.7998356,3770554
4/18/2018,367.545929,370.1715979,363.0106825,367.8323539,2568988
4/19/2018,369.0735779,373.0359745,366.1137561,369.7896694,2848405
4/20/2018,363.9176941,369.7419108,361.8171765,368.5484249,2178241
4/23/2018,368.8825989,371.9379051,358.570864,364.2041403,3614484
4/24/2018,374.5158691,376.6641437,369.5987131,369.7419256,3093161
4/25/2018,374.1817322,379.4808276,372.5586087,376.1867945,3205946
4/26/2018,379.1466064,380.4833048,370.553508,371.0786301,3663748
4/27/2018,384.2547607,387.5487646,380.2923639,380.2923639,8210865
4/30/2018,388.8854675,392.7046227,384.2070082,387.4532843,2264144
5/2/2018,382.9657898,392.6091624,379.3375749,389.5538266,3047308
5/3/2018,379.0511169,387.9306403,375.7570842,381.6290581,3161687
5/4/2018,389.792511,391.0814816,373.6088299,383.7773535,4782981
5/7/2018,393.7548218,395.5689143,387.5964526,391.4633349,2582072
5/8/2018,394.1367798,396.8579335,391.5588677,394.4232339,1945992
5/9/2018,394.6619263,396.5237468,391.0814685,393.4684404,1408466
5/10/2018,392.2271729,395.6644179,390.6040496,395.1392958,1552936
5/11/2018,394.0413208,395.7599289,392.2749558,393.7071389,1442596
5/14/2018,391.4156494,395.2825321,388.9809207,395.2348043,5517825
5/15/2018,390.651825,393.3729788,379.4330567,380.9607246,3089340
5/16/2018,384.8753357,391.2246748,382.154182,389.3150974,1897907
5/17/2018,379.9104309,387.1668311,377.7144285,385.734648,1614257
5/18/2018,371.8902283,379.1466288,366.6866178,378.2395678,3895361
5/21/2018,366.3524475,374.8023045,364.2519006,371.746998,1544488
5/22/2018,362.5810242,371.4605478,360.6714467,365.3976626,1861819
5/23/2018,357.3296814,365.7795675,356.6135899,362.6287472,1560605
5/24/2018,354.465332,361.4830353,348.2114772,357.9980621,3299522
5/25/2018,362.7241821,364.729244,349.9300208,354.7039637,2372618
5/28/2018,361.7694397,366.1137459,359.1915276,365.2066849,1807896
5/29/2018,360.7669373,366.4956698,356.3271754,362.6287578,3394813
5/30/2018,357.4728699,361.8171758,353.2718056,357.0909602,3110433
5/31/2018,374.4203796,379.6239897,352.5557244,358.5231537,11133305
6/1/2018,370.0761108,377.5234511,365.0157132,376.2822375,3219572
6/4/2018,361.4352112,371.3650359,359.0482397,370.4579751,2481566
6/5/2018,356.7091064,362.1991421,354.7040441,361.626263,2767220
6/6/2018,358.8095703,360.4327227,356.4703556,357.0909624,3927114
6/7/2018,362.8674622,367.4027088,359.5257014,360.9101568,1770108
6/8/2018,363.2971191,365.4453938,358.1412657,363.7745135,1232441
6/11/2018,365.015686,370.171568,362.9151685,366.6388384,2030226
6/12/2018,371.3173523,373.0837174,365.0634974,366.6388931,1920763
6/13/2018,365.5408325,374.2771426,364.3473467,373.4655665,2529140
6/14/2018,357.5206909,366.3047307,355.2291744,366.3047307,2398168
6/15/2018,356.0884705,358.9050797,353.0808626,353.0808626,7278768
6/18/2018,353.796936,358.7618489,352.5079946,356.13618,966982
6/19/2018,346.0631409,354.8949354,345.0605954,352.8421166,3037612
6/20/2018,349.1184692,350.1687426,341.0505225,346.5882851,4112085
6/21/2018,350.3119812,357.8548064,349.4049494,352.3170434,4844094
6/22/2018,349.2616882,350.7416282,344.8696836,348.4023842,2982451
6/25/2018,344.8219604,351.1235722,342.8168982,349.4526918,1716838
6/26/2018,346.4928284,349.9778014,340.2867016,344.6787356,1997309
6/27/2018,344.7742004,348.5455983,339.0931961,345.6335044,3186106
6/28/2018,345.4425354,347.9727487,341.9575625,343.4375025,9627099
6/29/2018,356.2793884,360.3372403,342.8168623,347.9727444,3241005
7/2/2018,346.3973389,356.9954996,342.9123658,354.2266181,1732427
7/3/2018,346.3496399,348.9275813,343.9626679,346.1109427,1488048
7/4/2018,343.676239,347.0657276,339.8570838,346.5406054,1616705
7/5/2018,345.5380249,346.970208,339.5228677,345.0129028,1526982
7/6/2018,349.2139893,354.1311455,342.1485583,345.5380467,1549142
7/9/2018,350.3597412,353.1763505,349.0707706,350.407469,1050376
7/10/2018,353.7015381,358.3322407,350.9326271,350.9326271,1656692
7/11/2018,356.6135864,361.1965606,351.3622485,353.1763412,2480112
7/12/2018,352.6512146,358.7141287,351.9351231,357.4728859,1458875
7/13/2018,353.653717,360.241753,350.8848357,357.0909621,3006407
7/16/2018,343.7716675,355.4678293,342.2917566,353.7492213,1340324
7/17/2018,350.1210632,352.5080352,344.487786,344.7742401,1775116
7/18/2018,347.5907898,358.4276466,345.3947876,349.3094268,2065237
7/19/2018,352.8899231,354.2266215,347.638585,349.8345875,1537925
7/20/2018,353.3195496,359.859858,350.311971,352.8899121,1886770
7/23/2018,366.4002075,367.5936935,353.2718613,353.4628307,2517823
7/24/2018,374.8500671,376.4731905,365.4453922,367.9755765,3937762
7/25/2018,380.7219849,383.2999259,373.513342,374.7545556,4308866
7/26/2018,383.1690063,385.7599431,378.7548613,379.8103999,2388169
7/27/2018,378.7068176,386.1917287,375.3482116,386.1917287,2966414
7/30/2018,375.0123901,381.4417342,371.9896502,379.0427296,1649794
7/31/2018,383.6007996,385.2801026,370.5502099,374.0047821,2502908
8/1/2018,382.881134,386.671573,379.0906951,386.671573,1774615
8/2/2018,383.0250244,388.2548656,378.0830814,381.5376534,2966243
8/3/2018,383.4088745,387.1993132,382.0654379,382.9290736,1632617
8/6/2018,381.29776,389.9821441,379.3305589,387.1993049,2817990
8/7/2018,357.2597351,378.5149382,354.284993,377.6033048,9635697
8/8/2018,359.4668579,361.3380639,354.7168171,359.8506928,3276532
8/9/2018,362.7294617,365.6082669,356.5400187,360.8102582,1992284
8/10/2018,363.9769592,366.6638619,360.8102849,362.0577556,1142258
8/13/2018,361.9137878,364.2648238,359.5147835,362.7294552,1438549
8/14/2018,358.0754089,363.4012165,356.0122709,362.297651,1501909
8/16/2018,355.3405457,358.9870502,352.4617402,356.9718805,2376448
8/17/2018,358.98703,363.7850389,356.0122587,356.0122587,1983257
8/20/2018,362.9693604,364.1688625,359.0349873,361.1940913,1280487
8/21/2018,362.681488,366.5678634,360.234486,363.2572257,1592878
8/23/2018,368.9668579,370.0224256,357.4516374,364.3607814,2012760
8/24/2018,361.5299988,372.1335876,359.8506955,369.4467141,2085488
8/27/2018,363.3532104,366.8557511,360.3784391,362.7294751,2055581
8/28/2018,371.3179016,372.7093066,360.9541853,365.0324927,5128415
8/29/2018,370.3103027,377.4113497,367.767364,367.767364,3234342
8/30/2018,368.2472229,373.4770649,364.7446819,370.5982592,3566612
8/31/2018,367.6714172,378.0831024,365.8002113,368.4870846,3931829
9/3/2018,368.9189148,377.0755299,363.1613041,368.4870823,2744322
9/4/2018,358.6511536,371.3179084,357.403683,369.0148407,2960605
9/5/2018,363.8809814,365.128452,353.6132314,359.1789096,2276777
9/6/2018,369.2547607,371.8456973,359.5148083,366.0880865,1820623
9/7/2018,362.2016907,370.022439,360.47439,367.575437,1859785
9/10/2018,356.9239197,367.47954,355.6284513,360.474429,3129554
9/11/2018,349.9187927,362.5855483,348.3354556,358.7951094,2452935
9/12/2018,360.8582458,362.2017118,350.0627256,351.8859924,3711887
9/14/2018,364.7446289,370.3103073,360.9062219,361.5779256,2937705
9/17/2018,365.4163208,368.487058,361.0981131,362.0577148,1401771
9/18/2018,364.2168579,372.325505,361.865851,368.1032628,2692099
9/19/2018,357.3556824,366.663831,356.0122458,366.5678649,2121141
9/21/2018,347.1359558,364.4087884,303.7619422,357.9794446,3241191
9/24/2018,331.8782654,351.2142345,324.8251868,349.6308975,3415863
9/25/2018,324.2974243,335.3328445,311.198837,331.158571,5028005
9/26/2018,324.8731689,330.9666461,317.2443524,326.7444041,3424347
9/27/2018,321.7065125,331.0146619,316.8125373,324.8731868,4896009
9/28/2018,315.6130066,327.2241935,313.3099683,321.7064835,4653499
10/1/2018,317.0044556,320.8908311,307.0725712,314.7493855,4159563
10/3/2018,316.4287109,324.3454262,313.2140389,314.0776747,4438442
10/4/2018,304.2417297,316.0928175,301.314956,311.5827067,4508937
10/5/2018,289.6078186,305.5372147,285.9613434,304.2897441,7177862
10/8/2018,292.0548096,293.2543118,282.2188913,289.6078074,5915306
10/9/2018,305.8730774,310.9109869,290.279548,291.7189507,5771005
10/10/2018,313.8857727,319.4514518,303.2341863,305.825123,2734052
10/11/2018,300.835144,311.7266296,298.5321057,307.0725553,2739752
10/12/2018,310.0953064,314.6054464,304.1937614,304.1937614,2428109
10/15/2018,308.2720947,313.2140384,302.4185176,312.8302035,1925052
10/16/2018,319.8832397,322.2342464,308.8957883,310.3351909,4764262
10/17/2018,301.2189636,325.5928406,297.0926881,323.8655693,3323311
10/19/2018,302.6104126,307.3124552,293.0143953,301.266976,2731598
10/22/2018,302.6583862,311.7746029,296.4689725,305.8250896,4606057
10/23/2018,306.1129761,307.7443109,298.4361616,304.529639,3893139
10/24/2018,301.4588928,316.0928199,294.9815808,311.870578,7675048
10/25/2018,293.254303,300.2593841,286.6330567,299.2997823,4584103
10/26/2018,291.8149109,298.0043249,289.271972,294.5977502,4704344
10/29/2018,313.2140198,314.7014201,290.7593436,292.7745133,5379930
10/30/2018,309.5675354,321.8504263,307.072565,310.910972,4301781
10/31/2018,305.9690247,311.8226012,300.595249,311.4867347,6383757
11/1/2018,305.4412231,313.4059352,301.2189813,309.6634942,5167082
11/2/2018,320.1231384,326.408518,306.4967823,308.7038839,7387791
11/5/2018,316.2367554,320.9388275,313.5019137,320.9388275,3085488
11/6/2018,312.4463501,323.8176372,310.095314,317.6281939,5044028
11/7/2018,313.0221252,315.7089986,311.246856,315.7089986,301934
11/9/2018,323.9615173,325.1610194,312.9740669,314.7493358,3522988
11/12/2018,315.3731079,330.7747335,314.0776397,325.3049918,3573699
11/13/2018,320.6029358,321.4665715,311.5826856,314.4134931,1738296
11/14/2018,318.5877686,323.3857771,316.1887643,321.7544425,2981090
11/15/2018,332.2141418,333.7974789,316.6685816,320.5069886,5293256
11/16/2018,333.4136353,337.2040445,328.1837941,332.022201,3619678
11/19/2018,336.3883972,337.7798315,328.5676485,334.1333564,2321979
11/20/2018,340.8985291,343.1056014,332.9818144,335.7166853,5778336
11/21/2018,346.6561584,348.1915272,338.3076109,340.8985475,3161864
11/22/2018,353.2773743,355.916279,344.8328907,344.8328907,4446824
11/26/2018,354.1410217,355.43649,341.6182303,353.5652841,3906643
11/27/2018,354.1410217,357.9314604,348.5273748,353.5652841,4995025
11/28/2018,350.6384888,354.0930611,347.615749,353.3253914,2583045
11/29/2018,354.8607178,356.3481181,348.5273696,351.6940437,3425961
11/30/2018,350.8783875,359.4668352,348.9112155,354.860729,4137466
12/3/2018,360.4743652,364.5526724,350.2546132,352.605649,4303979
12/4/2018,358.6991272,360.4743963,355.6763875,359.3228918,2615507
12/5/2018,359.6107483,361.5299518,357.6435765,359.8506487,4847267
12/6/2018,349.2470703,360.1385268,347.9516021,357.8354884,6200377
12/7/2018,358.3632507,359.4667868,349.0551029,350.062673,3286454
12/10/2018,344.6409607,350.7344376,343.1535897,345.5525941,2917295
12/11/2018,341.3783569,348.8632396,332.9818408,332.9818408,6177739
12/12/2018,359.322937,360.9542426,341.186438,342.5778724,2845017
12/13/2018,356.0602112,361.242084,355.0526411,359.7546837,2369770
12/14/2018,353.709198,356.1561707,352.1738294,355.0526345,2380991
12/17/2018,356.3960876,362.3456303,354.2369837,354.2369837,3175781
12/18/2018,357.8354797,359.226914,350.2546319,354.0930388,2687027
12/19/2018,360.6663208,362.1057234,356.9718482,358.7950857,1607147
12/20/2018,359.9945679,361.6259025,354.0930233,359.0829638,2746343
12/21/2018,346.5121765,364.1688418,344.6409415,359.1789013,10909545
12/24/2018,346.5121765,351.9339202,343.8252742,346.6561109,2268806
12/26/2018,361.3380127,363.2092477,343.0576118,345.6485481,4519020
12/27/2018,368.4870911,370.2143626,358.5552066,363.9289825,5043675
12/28/2018,371.7496948,374.9643664,368.4870549,369.3986882,3282766
12/31/2018,372.0376282,374.1967322,370.0704269,371.5578273,2062181
1/1/2019,373.2850647,375.1083021,368.5350245,370.6941284,1233249
1/2/2019,365.8961182,373.2370946,362.7294443,372.3254613,1506543
1/3/2019,362.8254089,369.7345236,361.3860064,366.9516845,1902063
1/4/2019,366.7118225,368.4391233,360.6663429,363.3532162,1669709
1/7/2019,366.2319946,371.3179014,364.0249224,369.4466663,1260331
1/8/2019,363.4491272,367.5274342,360.5703222,367.5274342,2154121
1/9/2019,362.0577087,366.5678484,358.219302,366.5678484,1166498
1/10/2019,364.8886108,366.375982,361.7219364,362.6815383,1286641
1/11/2019,361.9137878,365.6082604,359.946616,364.9365274,1829555
1/14/2019,359.322937,361.7699101,357.3557356,361.7699101,927301
1/15/2019,369.5906372,370.4063046,359.8506845,359.8506845,1965520
1/16/2019,373.5729675,374.9164335,363.8810128,369.7345603,2847403
1/17/2019,378.5629272,379.4745607,370.8861125,375.3962529,4156932
1/18/2019,383.1690063,383.792771,376.403825,380.4821329,3617922
1/21/2019,380.1942749,386.4316871,376.2599014,381.4417456,2563705
1/22/2019,374.8204956,378.7548691,371.4618891,377.5073691,3328908
1/23/2019,369.6386108,376.1638911,368.1032422,374.2446876,3653992
1/24/2019,365.5603333,370.8861118,362.3456612,370.4063108,3633336
1/25/2019,358.7471313,368.2471831,357.2117626,367.0476809,4760625
1/28/2019,312.9261475,360.1865353,280.2996868,359.8027004,15177384
1/29/2019,335.1409607,340.2748367,314.3655856,316.6686243,9816333
1/30/2019,324.4893494,334.9490033,322.0423764,334.9490033,7672859
1/31/2019,324.9691467,327.8959498,316.860529,326.168649,6403921
2/1/2019,324.7772522,332.7899041,319.883277,326.1686573,3119675
2/4/2019,322.090332,325.1130718,315.7569544,323.6257007,4517829
2/5/2019,326.0726929,327.1762584,317.388308,319.6433781,3262960
2/6/2019,317.0044556,327.9918784,305.969035,325.1130731,6687853
2/7/2019,318.923645,322.762052,309.567528,317.1963443,4871712
2/8/2019,318.1079712,322.9059798,314.7493652,319.5473738,2915806
2/11/2019,315.5170898,320.459063,305.537236,319.4994611,3783848
2/12/2019,313.5978394,316.6206083,310.1912649,315.5170429,4496913
2/14/2019,334.9970093,337.9717808,326.312595,328.1838303,6612759
2/15/2019,336.0045776,338.6434827,333.2697065,333.509607,7728519
2/18/2019,333.2696838,338.6434596,331.5903807,333.9414168,6875440
2/19/2019,325.8327942,334.4212424,323.9135905,333.4616406,3300497
2/20/2019,340.4187317,341.9541004,327.1762388,328.183809,4885571
2/21/2019,341.3783569,344.7369634,336.6283161,337.8758161,4089677
2/22/2019,339.9868774,344.1131824,338.4515381,339.2671762,1719606
2/25/2019,311.4387512,325.8327782,307.6483417,315.7089909,21795407
2/26/2019,310.4311829,313.3099883,302.9942689,310.9109838,14243781
2/27/2019,312.1105042,318.8756855,309.5675651,313.3579749,5738757
2/28/2019,312.6862488,316.3807215,312.0145158,315.4211197,5059506
3/1/2019,319.7393188,321.2746582,313.7897762,315.5170477,4756894
3/5/2019,325.5448608,326.7443629,317.1483464,319.7872509,5098498
3/6/2019,323.4338074,335.0929938,320.5550017,328.6636494,7949482
3/7/2019,327.1282349,328.6636035,321.4665903,324.3453956,3047318
3/8/2019,328.3277588,329.0954578,324.4413831,327.1282565,2265000
3/11/2019,337.1080627,338.6434313,328.3277131,329.3353125,2918059
3/12/2019,346.4642334,350.3986068,337.3960136,338.3076177,5386817
3/13/2019,352.3177795,354.4768835,343.3454972,346.8480671,3888377
3/14/2019,351.2142334,354.2849707,345.6485551,352.1738351,1775804
3/15/2019,352.2698364,354.0451057,346.8960603,351.454169,3057825
3/18/2019,354.0930481,360.6183283,350.3026094,350.3026094,3037029
3/19/2019,350.9743347,356.9718456,347.8556291,355.0526421,1933040
3/20/2019,346.0324097,352.7016245,344.9768418,352.1738552,2925322
3/22/2019,346.1763306,347.3758328,340.9464893,345.0727944,3229387
3/25/2019,346.7520752,348.3354121,338.8833297,344.4010394,3162063
3/26/2019,353.709198,354.9087001,346.7520856,346.7520856,2657710
3/27/2019,351.5021057,356.6839785,349.4869655,352.3657707,2965654
3/28/2019,365.8961182,367.1915863,351.5020926,353.9490945,5909606
4/1/2019,367.5754395,370.8860772,363.497132,365.5602992,2479521
4/2/2019,364.3608093,370.4062889,362.2496737,367.5274835,1825681
4/3/2019,366.5679016,370.6941778,364.6486979,364.9365668,2701443
4/4/2019,362.9693604,366.6158353,359.5627859,366.5678669,1397625
4/5/2019,371.5098267,373.1891298,362.1537092,363.6890779,2443633
4/8/2019,364.5527039,372.6133528,359.9945955,372.6133528,2624528
4/9/2019,365.3204041,366.1840398,357.9314587,364.4087707,1542463
4/10/2019,367.9592896,369.8304953,360.0425754,363.1132833,2067637
4/11/2019,364.1208496,367.5274237,362.2496147,367.0476229,1621369
4/12/2019,370.0704041,371.3658723,362.0577237,363.8809904,2146541
4/15/2019,371.4138489,373.285084,367.287573,369.446677,2070828
4/16/2019,379.6664429,380.5300786,370.5022575,371.4138616,3728013
4/18/2019,374.7724304,379.5224705,373.1890935,379.0426697,3218018
4/22/2019,375.2522888,375.9719902,368.727008,372.7093498,2279282
4/23/2019,375.1083069,375.8760058,369.9744318,373.8128387,2424827
4/24/2019,375.9239807,378.0830846,370.5022368,372.0376054,1674322
4/25/2019,373.5250244,377.0275653,371.9896556,374.2447258,5163069
4/26/2019,375.9239807,377.7952158,370.0704043,371.6537413,1681376
4/30/2019,376.9315796,378.0351451,369.2547651,375.3482425,2502107
5/2/2019,379.3305969,380.9619318,374.3886533,376.9315923,2139442
5/3/2019,371.6058044,382.3053589,369.4946687,377.1235149,1863548
5/6/2019,364.4567261,370.4542369,363.1612872,370.4062685,1648057
5/7/2019,356.8759155,368.4391352,355.1486439,365.6082981,1628805
5/8/2019,354.8607178,359.7546926,352.8455775,355.1006182,1688110
5/9/2019,349.1990967,355.7244066,346.5122233,354.9567076,1315271
5/10/2019,357.4996033,363.4011772,349.1990544,349.1990544,3030255
5/13/2019,350.01474,357.2597215,348.2874685,354.9566832,1520562
5/14/2019,355.5804138,358.6991195,347.3758306,348.2394663,3050760
5/15/2019,345.6006165,359.8507104,344.5930462,356.0123029,2499138
5/16/2019,356.4920349,358.8910392,346.416217,346.416217,3157194
5/17/2019,352.2698364,357.7395493,347.3758613,353.901142,3059404
5/20/2019,383.9366455,391.7094251,360.8582071,372.8052599,10973781
5/21/2019,371.9416504,394.7801607,369.7345488,392.4771223,9115899
5/22/2019,370.3582764,377.5552889,363.1132662,373.2850497,4543570
5/23/2019,391.0856934,413.2045319,376.3078318,382.8331415,23021274
5/24/2019,393.6766357,398.0908098,383.3609165,391.9493642,9272570
5/27/2019,395.7397766,400.4418196,389.2144961,392.7170368,5088602
5/28/2019,395.9796753,409.5580349,392.1892658,403.0327544,18296760
5/29/2019,390.1260986,396.2675736,387.9669946,395.643809,2511011
5/30/2019,392.7650146,395.1640192,385.3760982,390.1261096,5598272
5/31/2019,399.578186,400.825686,390.8938014,392.2852065,4217665
6/3/2019,407.5908203,409.1261889,395.4518647,399.5781403,3852273
6/4/2019,408.358551,412.4848565,400.5378019,406.2954129,7683485
6/6/2019,409.0782471,412.1489846,403.800437,410.8535163,4848580
6/7/2019,408.0227051,410.1338115,402.5049946,409.0782437,2648848
6/10/2019,408.5504761,412.1489829,403.6085325,406.9671389,2374282
6/11/2019,409.0782471,410.5176498,406.0555072,407.5429076,1707108
6/12/2019,407.7827759,412.0529861,405.9115408,408.0706447,2329686
6/13/2019,407.7827759,409.0782148,405.4317399,406.8711425,2925612
6/14/2019,409.1741638,410.8534668,406.6312251,407.7827589,2745328
6/17/2019,405.7676086,409.1262148,405.0479073,408.7903483,2736051
6/18/2019,404.3761902,408.5024955,401.6893169,407.7347965,3509487
6/19/2019,391.2297058,407.6868725,384.5124925,406.3914041,5938743
6/20/2019,384.9922485,395.931703,373.956828,381.8735427,8383317
6/21/2019,385.7598877,391.1816315,381.5856144,385.9038221,4710025
6/24/2019,389.5983276,390.9417643,383.6487848,383.8407169,2582740
6/25/2019,389.2624207,390.7498208,386.3836156,387.6790837,2099347
6/26/2019,398.1867676,400.7297064,387.6791164,389.0225531,3327963
6/27/2019,390.078125,401.4014143,388.3508535,398.4746406,8841636
6/28/2019,393.6286316,396.6513711,390.5578944,392.189229,2148799
7/1/2019,396.5554199,397.2751212,391.9973116,395.3559177,1457022
7/2/2019,397.3230591,399.6261265,392.8609172,396.315489,1671598
7/3/2019,398.1387939,402.5529682,397.2751582,397.2751582,2542307
7/4/2019,398.1387939,400.3938641,396.6514228,399.1943618,1101623
7/5/2019,386.1917419,399.674135,384.3684752,399.578169,1670037
7/8/2019,381.7295837,388.1109591,379.9543438,384.8003212,1648021
7/9/2019,388.6386719,389.5982735,376.7875855,381.6335915,1952280
7/10/2019,388.6386719,392.2851465,386.0957333,390.5099068,2023029
7/11/2019,396.219574,396.987273,387.5831578,391.7094631,1732979
7/12/2019,398.522583,402.4569559,393.0528708,395.3079407,2818537
7/15/2019,392.5731201,399.3862991,391.6135183,396.8433308,2601603
7/16/2019,400.8736572,404.472164,391.1816731,395.0200803,2111513
7/17/2019,400.2019043,404.088309,397.5629994,403.2246733,1698318
7/18/2019,395.7397766,402.3610232,394.1564395,399.8660819,1300071
7/19/2019,389.1185303,399.8180845,385.5200235,397.8029149,1894624
7/22/2019,390.7499084,392.9569811,380.4821563,387.4872385,1941825
7/23/2019,383.6007996,392.4771157,381.9214965,392.4771157,2835920
7/24/2019,365.4163208,384.3684546,362.7294477,383.8406854,4748109
7/25/2019,364.9845276,369.9744391,361.7698559,365.4163308,2998970
7/26/2019,366.4246826,369.0649758,362.1522258,365.464576,2701597
7/29/2019,358.9358521,367.5287884,357.159649,366.3286552,1888927
7/30/2019,358.5518494,364.7445198,356.2955928,361.5761795,2312161
7/31/2019,362.4882202,366.5686731,353.9432777,358.1197471,2429787
8/1/2019,356.2956238,362.7763444,351.6870938,361.000141,1720133
8/2/2019,360.4720764,364.6005236,349.1427996,353.7993231,3029294
8/5/2019,353.1752319,357.1596686,344.8222925,357.1596686,2432675
8/6/2019,361.9122314,363.4964016,350.6789714,351.0150146,3719169
8/7/2019,357.3996582,364.4084242,351.0629492,364.4084242,3419644
8/8/2019,359.0318909,364.360471,352.7911977,362.9203111,3397923
8/9/2019,361.5761719,365.320582,359.3199154,362.6322951,2223023
8/13/2019,346.1664124,364.4084372,344.7742754,361.3841074,2576776
8/14/2019,344.5342712,348.5187079,342.3740313,347.1265416,4506969
8/16/2019,343.0941162,344.2462266,336.0373265,341.84596,4433448
8/19/2019,343.1420898,348.9027294,342.2779998,343.3341229,2152462
8/20/2019,340.789856,345.398356,337.9575297,343.1420996,1767899
8/21/2019,336.7094116,340.8378585,334.5011488,340.8378585,1459740
8/22/2019,331.28479,334.88519,327.2043367,334.88519,2171160
8/23/2019,335.413269,340.0217693,326.1002227,332.5809427,2246560
8/26/2019,353.511261,360.0399741,335.4132458,351.3990148,4974219
8/27/2019,357.2076721,359.3199185,352.6471655,355.5274855,3040184
8/28/2019,351.3510437,359.3199173,349.5268176,358.2158005,2186454
8/29/2019,351.5910645,355.5274783,346.8865185,352.359138,1725632
8/30/2019,351.1110229,354.1353531,345.0623333,353.7513163,2313806
9/3/2019,346.8865356,352.5031656,345.2063489,348.2307085,1638833
9/4/2019,349.8148499,351.1589932,342.4220172,346.8865071,1846644
9/5/2019,351.9270935,353.0792332,346.8385398,351.1110263,1642165
9/6/2019,351.1589661,353.9912921,349.2867466,353.3192058,2366109
9/9/2019,354.8074341,356.9676742,349.1428102,351.2070338,2954338
9/11/2019,358.4558105,359.991987,351.8790744,356.3915872,3341392
9/12/2019,357.5917358,361.1921358,355.7195161,360.0399961,2625251
9/13/2019,359.2719116,361.9601985,355.6234889,361.4801451,2925109
9/16/2019,355.8155212,358.8878449,353.4152547,358.1197713,2561643
9/17/2019,350.7269592,358.3598191,348.3266925,355.8155422,2609989
9/18/2019,351.7350769,353.6072673,349.6708535,350.4389271,1469778
9/19/2019,347.462616,351.8791127,343.5741955,351.6870797,1317155
9/20/2019,365.5126038,369.4490175,346.5984915,347.9906579,6134710
9/23/2019,394.5558472,400.8445341,370.6971906,378.2820274,6695717
9/24/2019,397.3401794,400.8445632,387.8351286,393.595769,3112368
9/25/2019,398.2521973,401.2765564,392.7796073,392.9716111,2997555
9/26/2019,402.4286804,403.8208467,395.563924,395.755957,8639414
9/27/2019,392.2995911,403.7248546,389.8993244,401.3245879,3789544
9/30/2019,397.4361267,398.9722738,385.4347946,386.922948,3152658
10/1/2019,387.9310913,401.2285747,385.5788475,398.6363042,2532760
10/3/2019,387.7870483,389.9953111,382.6984951,387.4030116,2619077
10/4/2019,378.8580933,391.0034366,377.2739231,389.32325,1610595
10/7/2019,379.4821472,384.7627337,375.0656508,380.2022272,1399825
10/9/2019,384.4747314,386.7789816,375.9297586,380.5382882,3905912
10/10/2019,383.9466553,385.5788483,379.8182083,381.9304254,3034826
10/11/2019,392.7315979,393.8837376,380.1062018,385.242778,2283201
10/14/2019,391.1954041,396.5239834,388.6510984,394.5077539,3313476
10/15/2019,397.2441101,397.9641901,391.1954502,392.5395936,2434978
10/16/2019,393.6437378,397.2441378,387.4990609,396.5240578,2008661
10/17/2019,392.8276062,394.7958423,388.4591329,392.7796126,2478950
10/18/2019,404.8770142,406.8932148,391.7235404,393.6437539,4047650
10/22/2019,403.9649048,411.7417751,400.4605211,404.6849848,2380735
10/23/2019,380.2982178,402.2846523,379.2420947,401.3245458,6752056
10/24/2019,383.2265625,385.4348254,377.6579557,383.0825524,6433637
10/25/2019,383.0345764,386.8750032,381.0183465,386.8750032,3272059
10/27/2019,383.8506165,386.2028894,382.6504832,386.2028894,110114
10/29/2019,383.0345764,385.0027834,382.2664735,385.0027834,2269051
10/30/2019,382.2184143,388.8431435,379.7221315,383.2745373,5590453
10/31/2019,380.0101929,384.0426524,377.9459695,383.3225725,2529130
11/1/2019,374.2015381,381.4023374,372.3773415,380.2022042,3665336
11/4/2019,375.4017029,379.1941359,374.2015696,374.4415962,3146855
11/5/2019,374.4415894,377.2258927,371.0812161,376.0737824,1395899
11/6/2019,375.4017029,378.6660597,373.0014362,374.4415962,2277683
11/7/2019,374.8736267,376.3617802,372.5693475,374.9216203,1615593
11/8/2019,370.7451782,375.5937344,370.1211148,375.5937344,1206504
11/11/2019,372.4253845,373.6255179,367.2408142,370.7451978,2300763
11/13/2019,356.0075073,376.1697455,354.663364,375.4016719,5392849
11/14/2019,354.3753662,359.1758994,351.2550196,357.0636531,2662084
11/15/2019,351.6870422,356.1035385,350.9189687,354.3753583,2362065
11/18/2019,351.0630188,352.7912285,349.5748651,351.6870823,1835202
11/19/2019,349.5267944,353.4632373,347.1265279,352.8391739,2758083
11/20/2019,352.0711365,362.0562402,349.4788367,349.95889,6385953
11/21/2019,357.2557068,361.2401437,353.3192635,353.3192635,6556285
11/22/2019,356.6316223,360.5680361,355.6715157,357.3996959,3679373
11/25/2019,359.7519836,364.0724637,356.6796306,357.1596839,3050808
11/26/2019,355.6235046,362.9203212,353.7513142,362.0082081,4348236
11/27/2019,358.0717773,359.4159208,352.5991579,357.1596643,1417796
11/28/2019,357.7357483,362.6322981,355.7195184,361.0001051,1649478
11/29/2019,366.8087158,369.5930484,356.0075165,357.1596562,30111277
12/2/2019,362.6802673,368.0568701,360.8560707,365.8966303,3783084
12/3/2019,347.5105896,364.8405017,345.2063104,364.8405017,4189825
12/4/2019,353.1752319,355.5754985,343.0941123,347.0785489,4369308
12/5/2019,353.7032776,358.6958438,350.582931,353.3192408,3179935
12/6/2019,351.5430603,356.4876039,348.9027669,355.8635404,2376977
12/9/2019,358.6958313,362.4402412,350.3909151,353.5592551,4988293
12/10/2019,352.263092,360.8560575,351.4469956,358.983838,2108098
12/11/2019,354.951416,356.0555327,350.4389033,354.2313361,1710192
12/12/2019,357.63974,361.4801667,356.1035634,356.6316397,2012086
12/13/2019,361.9122314,365.7046353,357.6877385,357.6877385,2699035
12/16/2019,353.6552734,365.2725692,352.3111301,362.2002164,3579883
12/17/2019,356.4395752,358.1197617,352.8871691,354.4713684,4226416
12/18/2019,359.5599365,360.8080634,354.3753665,357.2556864,3960881
12/19/2019,354.9033813,359.3198774,352.9351746,359.0798507,2769484
12/20/2019,357.4476929,362.9203125,355.4314924,355.4314924,10808900
12/23/2019,352.263092,359.2718875,349.7188155,357.207635,4275342
12/24/2019,353.8953247,357.1596815,351.3990415,353.3192548,2948878
12/26/2019,349.1427307,355.8154828,347.6545773,354.0872734,2503435
12/27/2019,349.1908264,353.2232571,348.3267069,352.1191402,2146972
12/30/2019,351.3510437,356.1995706,349.2387973,356.1995706,4732203
12/31/2019,351.3990173,353.943294,350.3428942,351.3990173,2043206
1/1/2020,362.584259,364.1204355,351.3990228,353.319236,11377167
1/2/2020,367.8648682,369.3530511,361.4801646,362.872331,5919760
1/3/2020,367.2408142,369.0170175,364.0724738,367.4328473,3684824
1/6/2020,365.0325623,372.5213825,359.7999693,372.5213825,12482680
1/7/2020,369.4490356,374.2015754,367.1447855,368.7289556,8091465
1/8/2020,370.2651062,372.1373258,363.1603232,363.8804031,4620991
1/9/2020,376.1697998,378.2820463,370.6491862,373.6255229,4186783
1/10/2020,376.4098206,378.5700606,374.4416135,376.1697939,2405154
1/13/2020,374.7776184,378.1859851,373.7694889,376.2657719,1516112
1/14/2020,373.6735229,376.9378797,370.6011699,375.4017032,1963128
1/15/2020,375.2096863,375.7857562,370.6011858,373.7695262,1536571
1/16/2020,375.3536987,378.8580821,374.2495527,376.361799,1340762
1/17/2020,372.1373291,376.7458291,370.6011527,375.3056692,1644832
1/20/2020,364.8885193,373.6735185,363.688386,372.1853357,1760945
1/21/2020,364.792511,366.7607178,360.3279919,363.688365,2005178
1/22/2020,368.2969055,369.6410489,363.8804092,364.7925222,1817459
1/23/2020,370.4571228,371.3212128,365.5605735,369.1129795,1202104
1/24/2020,369.401062,371.945339,365.1285754,367.7208752,1572385
1/27/2020,366.0406799,370.8412134,364.6485135,368.3929531,1076027
1/28/2020,358.0717773,366.2806773,355.4314841,365.5126037,2220618
1/29/2020,368.0568848,372.2813481,358.8398552,362.4402551,3588224
1/30/2020,362.9202881,368.3929073,361.8161714,365.8006078,1526892
1/31/2020,354.6633606,366.3286495,353.5592439,364.8884897,2912256
2/3/2020,352.6951599,355.2394365,341.317891,349.478797,2857926
2/4/2020,357.63974,361.0001134,351.7350897,355.3354898,3061868
2/5/2020,351.9751282,357.6397519,346.6945412,357.1596986,3441871
2/6/2020,355.4315186,358.3118387,352.9832288,355.2394855,4172547
2/7/2020,354.8074341,358.7919005,352.5512067,355.4315269,2197903
2/10/2020,353.5592651,358.5518313,351.5430354,355.2874453,1537598
2/11/2020,359.2719116,363.3043419,354.3273391,355.7195054,2836917
2/12/2020,359.1758728,363.7843726,356.7756064,361.9121824,1873710
2/13/2020,354.3753662,359.7519692,352.3591364,359.0798829,1602247
2/14/2020,352.2151184,357.1596616,351.3990219,355.5274687,1012713
2/17/2020,348.3266907,352.2151403,345.0623338,352.2151403,1979626
2/18/2020,351.9751282,353.7513315,344.0542478,348.0386848,1693616
2/19/2020,356.4875488,359.5119079,352.6951456,356.1995286,2057811
2/20/2020,356.055542,359.5599253,355.2394455,356.1995521,1799254
2/24/2020,347.798645,356.5836153,347.078565,352.9832152,2070656
2/25/2020,344.1022034,350.1508926,341.4139166,347.8466133,2530137
2/26/2020,344.1022034,348.0386463,338.821617,342.6620435,4164401
2/27/2020,339.5897522,346.3584927,337.4775057,344.3902857,1977795
2/28/2020,328.5484924,334.7411625,325.6681726,333.1569924,4299292
3/2/2020,327.0603027,337.0454054,324.8040464,332.2928953,2510491
3/3/2020,333.4450073,335.1251939,328.3564541,330.2766673,3671071
3/4/2020,332.1488647,335.8452514,326.3402027,333.9250384,3490806
3/5/2020,335.2212219,337.8615151,332.6769452,333.4450188,2709900
3/6/2020,327.7803955,329.508605,318.0353191,326.244219,3966036
3/9/2020,309.0582886,321.3476698,304.2097623,321.3476698,3230309
3/11/2020,307.4261475,313.3307972,303.585721,309.9224012,5634335
3/12/2020,276.1746216,289.8561388,272.6702388,276.7026977,9895066
3/13/2020,281.071228,288.7040878,222.7447477,249.6277345,21079070
3/16/2020,253.7454987,268.7430929,244.6207619,265.0058254,7727458
3/17/2020,259.3271179,275.0527499,257.2400817,257.2400817,9691217
3/18/2020,252.7747955,265.0058402,248.5036451,262.0936881,5581367
3/19/2020,250.7848511,256.4150003,233.9428979,240.7379199,8727962
3/20/2020,248.891922,256.7547384,239.9613254,250.0567947,7028900
3/23/2020,201.7150726,228.895159,197.0556263,228.1185822,5716748
3/24/2020,224.9637451,231.7587665,206.3745139,209.6749469,9694177
3/25/2020,248.1153564,258.6961695,215.7904663,215.7904663,11745146
3/26/2020,240.9320374,252.4835824,234.4282342,250.1053131,8701776
3/27/2020,243.9412842,251.9982415,236.8550442,251.4158052,4871435
3/30/2020,244.2810211,247.3873286,230.0600175,240.7379086,8946439
3/31/2020,243.9412842,251.9982415,239.8157353,247.5329356,6401278
4/1/2020,237.6316071,240.5437591,228.167113,238.8450037,4034211
4/3/2020,237.6316071,245.3973458,231.9043659,238.7964649,7210403
4/7/2020,240.8349762,248.3580355,238.4081829,246.756343,7360798
4/8/2020,243.5044556,248.3580424,235.641639,240.7379052,6897792
4/9/2020,244.5236969,247.1446456,240.2040076,246.5622093,5290625
4/13/2020,255.1530609,257.725456,240.2525437,244.6207718,6979344
4/15/2020,261.0259094,271.2184424,257.2401174,257.2401174,7606664
4/16/2020,259.7640076,263.3556445,252.6777521,259.1815711,3267284
4/17/2020,260.2978821,267.8209424,255.8811295,266.9473026,3470146
4/20/2020,262.579071,265.4912234,258.7447253,265.4912234,2234365
4/21/2020,257.4342651,261.7054158,253.2601626,258.2593512,2562044
4/22/2020,263.9380493,265.8309601,250.9304424,252.3865184,3229099
4/23/2020,269.4711304,271.5096426,260.637597,265.4911835,3594086
4/24/2020,262.7246704,268.8402081,261.6568753,265.9280558,2515755
4/27/2020,263.2099915,268.9857713,261.6083138,265.2970277,1845577
4/28/2020,264.9573059,266.6560612,262.0936779,263.2099969,1808291
4/29/2020,279.2268372,284.6143362,264.7146307,265.9765514,4058322
4/30/2020,281.6051636,287.3323911,276.7515759,286.4101976,4675412
5/4/2020,258.5505371,271.8008212,254.3279113,266.9472351,6359013
5/5/2020,255.3957367,263.7439117,253.454302,263.7439117,4866839
5/6/2020,262.2393188,265.4912283,253.4543376,253.4543376,10547916
5/7/2020,274.1305847,276.1690972,260.5890949,263.2585677,6505707
5/8/2020,276.7030029,278.4503121,272.3347743,276.7515566,2594066
5/11/2020,281.2168579,284.662893,276.8486294,276.8486294,3204070
5/12/2020,282.9641113,284.2260321,276.8971278,280.5373179,4602740
5/13/2020,300.2914124,302.7667297,254.6676978,288.3030474,9559902
5/14/2020,299.3692322,302.3299379,292.2830072,292.2830072,5684066
5/15/2020,300.1943665,302.8638394,296.4085744,299.9516871,3712050
5/18/2020,284.7114258,298.3500242,282.8185445,297.0395497,3625908
5/19/2020,309.8529968,311.5031986,288.6428163,291.0210561,10540236
5/20/2020,314.2697449,315.2889863,302.4269812,308.6881201,6985180
5/21/2020,307.8629761,312.7165624,306.1642209,310.0470899,4602568
5/22/2020,301.5048523,305.7760032,297.5734288,305.7760032,3428549
5/26/2020,306.3583984,311.1634315,300.5340944,303.2520911,4031218
5/27/2020,317.0848389,318.880672,303.834552,303.834552,6352246
5/28/2020,322.0840149,324.3652067,317.861418,319.8513768,5654879
5/29/2020,314.3182678,320.3367273,312.6195125,320.3367273,12299517
6/1/2020,319.70578,326.5008018,316.4538708,316.4538708,2865749
6/2/2020,329.9953918,331.6455937,316.2597169,320.5308972,4668305
6/3/2020,329.6070557,334.8489529,326.9861367,333.9267596,5177337
6/4/2020,329.267334,332.8589704,327.7141803,331.0146133,4625229
6/5/2020,331.1602173,336.9845214,327.3259015,330.1409759,2348630
6/8/2020,333.2472534,337.4698798,330.9660914,333.0531277,2771175
6/9/2020,335.916748,341.0615681,331.3058403,334.4121479,3387618
6/10/2020,336.4020996,339.5084071,330.4321936,335.9167409,2324983
6/11/2020,328.733429,337.8096422,326.9375959,337.8096422,4260956
6/12/2020,335.1886902,337.6154836,318.1040885,320.9676869,3022904
6/15/2020,329.801239,336.6933385,326.9861645,336.3535815,2474091
6/16/2020,330.8204651,336.8389246,326.0639559,336.8389246,2686016
6/17/2020,331.3058472,336.3050656,327.6656568,331.0146438,2457982
6/18/2020,333.732605,335.3828363,325.335906,330.383648,2502231
6/19/2020,338.6832581,344.5075618,331.499956,334.3150302,6917609
6/22/2020,339.3628235,343.5368966,336.5477488,339.7511045,2515837
6/23/2020,345.2356567,346.7402866,336.5962773,339.751109,2715717
6/24/2020,341.546936,349.4582772,339.3628218,344.9444471,2841354
6/25/2020,333.9267883,341.2071689,332.1795088,339.5569374,5056963
6/26/2020,333.150238,338.7803874,329.6556493,337.8096699,3979419
6/29/2020,332.6163025,333.9753009,329.1702677,331.3543818,3263757
6/30/2020,333.8297119,339.5569387,332.3736358,333.9267896,2828818
7/1/2020,333.732605,336.8874363,331.3058117,335.7711173,1202080
7/2/2020,336.6448059,339.3628326,334.8004486,335.8682438,1204040
7/3/2020,349.8465576,356.0591433,338.4406278,339.9452576,9300920
7/6/2020,348.9243774,355.2825645,345.6724683,354.4089248,3360559
7/7/2020,335.8197021,350.4289874,334.1694707,350.4289874,4348413
7/8/2020,330.6263733,339.4113545,329.3644228,338.780394,3988463
7/9/2020,333.1016846,336.3535939,330.0439306,331.014648,3635224
7/10/2020,325.1418152,332.6648753,322.5208663,331.0146438,3368457
7/13/2020,322.4723206,329.7041472,321.7928066,326.403714,2187702
7/14/2020,311.0178223,323.734225,310.3383379,322.957663,3146768
7/15/2020,305.9215698,314.9977831,303.7374558,311.1634376,3905249
7/16/2020,302.0872498,308.1542332,300.5340961,307.7173985,3122788
7/17/2020,303.8345642,309.5617913,301.5048482,302.8638468,3264266
7/20/2020,308.008606,309.367634,301.2621381,306.7466852,4328735
7/21/2020,305.4847717,315.8229059,304.4169767,311.5032017,4264584
7/22/2020,302.8638,309.3190642,300.0487258,306.9408246,3068805
7/23/2020,304.7081604,306.6981487,302.4755224,304.2228017,2831414
7/24/2020,300.3399353,304.7567169,296.408542,304.7081633,2457668
7/27/2020,300.0002136,301.6019211,289.2737977,299.9516896,5465737
7/28/2020,309.2705994,310.6295979,299.029512,300.8253453,4973488
7/29/2020,305.9215698,313.541707,302.9123401,307.7659269,4000041
7/30/2020,303.3491821,312.3283179,301.0194663,308.5425261,2498353
7/31/2020,305.9701233,308.8337217,303.5918539,305.775968,1944926
8/3/2020,302.2328491,310.1927135,299.6119005,301.8930921,2408531
8/4/2020,305.727478,308.4454751,302.2328892,303.8345671,3182644
8/5/2020,317.5216675,319.1718693,304.2228273,307.1349795,8387003
8/6/2020,314.3182678,321.210367,311.9885521,320.4338049,3281920
8/7/2020,317.0848389,318.7350703,312.1341741,314.415366,2634656
8/10/2020,321.5986633,324.1710881,316.1626696,319.3660252,3187734
8/11/2020,325.1903076,326.889063,321.0162349,323.7342316,3504782
8/12/2020,331.2088013,337.5669886,322.0355096,326.1610587,10674205
8/13/2020,337.4698792,338.7318295,331.7426527,333.4899321,2707033
8/14/2020,337.9067078,343.3912547,333.5870038,343.3912547,3376980
8/17/2020,346.9829407,347.5168234,336.6447768,340.5762,4507708
8/18/2020,346.9829407,348.9728995,344.1193125,346.4490283,2151389
8/19/2020,346.2063599,355.4767289,345.0900408,349.4582691,3269069
8/20/2020,343.245636,346.6431465,337.7610893,344.5561102,3533915
8/21/2020,343.9736938,348.8272805,342.6632195,347.4197285,1341709
8/24/2020,338.7803955,352.6616434,337.421397,347.9051338,3488987
8/25/2020,335.9653015,341.6925283,331.0146368,341.5954506,3532971
8/26/2020,343.8766479,356.1562175,336.2079862,336.2079862,11568355
8/27/2020,340.2849731,346.9829469,339.3142557,345.5753948,2996658
8/28/2020,349.5067749,352.370403,338.2950012,344.6046641,5406394
8/31/2020,345.3327026,367.270921,341.6925125,354.3118383,19379155
9/1/2020,338.5862122,354.6516027,331.4029094,346.5461066,6726316
9/2/2020,349.3612061,352.8557948,334.0238821,342.6147375,5694675
9/3/2020,355.2825623,357.223997,349.0214233,352.8557688,4285869
9/4/2020,342.6632385,352.7586935,340.8188814,352.7586935,7628188
9/7/2020,341.7410278,347.4682838,337.0330724,344.6046558,3344349
9/8/2020,335.47995,345.5268813,333.4899614,342.3720496,2339457
9/9/2020,333.7812195,336.1594596,325.5301207,334.3151023,3413201
9/10/2020,331.5970764,338.7318554,326.7434893,335.8682271,3892385
9/11/2020,332.4706726,333.8296709,323.685693,331.0145967,4656343
9/14/2020,341.3527527,343.2456634,333.3928881,334.8974882,4221864
9/15/2020,342.3234863,346.3519576,340.7218085,344.7017558,2042309
9/16/2020,343.1970825,345.6724294,338.7318067,341.9351619,1998091
9/17/2020,335.9653015,345.0900392,334.8975064,341.6925283,2433176
9/18/2020,347.3712158,349.2640969,336.9360041,338.4891578,4963124
9/21/2020,337.6640625,348.4875559,333.8782705,347.5168384,3086172
9/22/2020,322.569397,338.1494298,317.570208,337.6640711,4670128
9/23/2020,315.0948486,325.5300598,310.7751447,322.8120336,4281260
9/24/2020,304.562561,313.4931723,302.9608834,312.1341443,6847625
9/25/2020,316.5994873,320.045552,306.3584302,309.6588635,6282538
9/28/2020,329.6070557,333.1501976,318.2011271,318.2011271,4249775
9/29/2020,331.0146484,336.2565167,327.034701,333.3443644,3490634
9/30/2020,331.7426453,336.4020766,320.3367167,330.5777726,2757175
10/1/2020,342.9544373,344.507591,334.4121362,335.3828536,3004005
10/5/2020,340.0908508,347.5168331,338.2464937,345.4783206,11896461
10/6/2020,352.2733154,353.8264691,344.4590527,345.5753717,7483578
10/7/2020,350.0892639,357.9520817,348.4875859,351.9336213,4024700
10/8/2020,349.2155762,352.1762523,345.915143,349.2641002,3036028
10/9/2020,346.7402649,351.8365312,344.7502765,350.4289791,1988867
10/12/2020,347.177063,352.2248052,344.6531919,348.584615,3626399
10/13/2020,339.6539612,348.1477372,338.1978853,347.1770199,2413110
10/14/2020,338.731842,340.9159561,334.6062932,338.8774437,2363379
10/15/2020,332.7619324,343.488378,331.2573322,340.3335463,2855273
10/16/2020,339.7025452,344.3619766,331.9368064,334.2665221,2634960
10/19/2020,337.3728027,342.2749431,334.70333,342.2749431,2181974
10/20/2020,338.731842,341.9837216,335.5284569,336.5477279,1999765
10/21/2020,344.944458,349.60389,339.3142789,339.993793,4398526
10/22/2020,347.8565674,353.3896385,339.8966733,340.2849543,4506437
10/23/2020,353.6808777,358.1947075,347.1770595,349.4582512,6357073
10/26/2020,353.0499268,362.9512264,349.7980176,355.2825649,7541562
10/27/2020,353.7294006,355.4767097,340.7217939,349.6524055,5869559
10/28/2020,343.29422,359.1654562,341.6925421,352.370434,3863941
10/29/2020,332.664856,340.2849636,331.1602263,340.2849636,3346474
10/30/2020,349.3126831,352.0792338,333.1502434,335.0916783,12044256
11/2/2020,346.4490662,352.0792454,340.9159942,349.4582963,9364431
11/3/2020,343.29422,352.030677,337.0331102,351.3997166,7971473
11/4/2020,350.5260315,358.6800511,339.3627823,356.8842181,17940352
11/5/2020,357.85495,363.6792541,353.6323235,355.3310789,16920686
11/6/2020,360.2332458,364.8926777,355.0884257,357.8549763,7290106
11/9/2020,356.3017883,364.9897204,355.282547,364.019003,7038841
11/10/2020,356.0105896,363.5336491,353.4867186,359.844935,6850175
11/11/2020,360.7186279,361.5437437,354.5545659,356.0106421,4370366
11/12/2020,357.272522,364.601456,355.3796408,362.0775849,4759659
11/13/2020,354.7972107,359.55372,352.0792138,356.7386455,4156320
11/14/2020,355.3796387,358.1947131,352.3704089,358.1947131,444529
11/17/2020,368.5328369,375.424936,355.5252303,357.7093444,11192618
11/18/2020,379.647583,383.6275303,370.8140487,370.8140487,15514329
11/19/2020,370.7169495,381.2007146,368.4843114,378.5797659,6894431
11/20/2020,364.8441467,371.4450133,362.0775962,369.8433355,5562369
11/23/2020,364.1645813,368.2416057,359.4565966,364.8440952,4065424
11/24/2020,380.763855,390.2283485,364.9896991,366.9311337,19485370
11/25/2020,387.2677307,392.8493559,373.1437743,384.6953058,18238080
11/26/2020,398.1397095,400.9062598,384.0643081,389.0634965,12856261
11/27/2020,399.4987488,403.8184532,396.2468691,398.964866,10593353
12/1/2020,411.3900452,413.5256354,399.9355911,402.8477434,9170159
12/2/2020,425.3683777,429.057092,408.0410661,412.4578185,13049398
12/3/2020,423.0386353,431.4838886,420.3691624,429.057095,10810399
12/4/2020,440.4144897,444.879766,426.1449323,426.8244463,10271034
12/7/2020,457.6932678,460.9937012,445.5593,447.5007348,16140936
12/8/2020,449.7819214,460.79957,444.1517426,458.8581352,9218366
12/9/2020,450.3157654,456.1400694,444.7341407,453.9559554,5811412
12/10/2020,457.2078857,460.2171155,443.6178424,450.3157864,4785102
12/11/2020,452.6454773,461.0907299,449.1509186,457.9358986,4922448
12/14/2020,453.3250427,458.6154646,449.5392506,454.8781965,5943652
12/15/2020,461.8188171,465.6046092,447.9375697,455.7518332,10973876
12/16/2020,461.6246338,466.3811726,459.294918,465.9443379,5452263
12/17/2020,454.0531006,464.7795169,451.9175103,464.0029547,6757703
12/18/2020,449.7333679,459.1008147,445.0739362,454.0530723,5980780
12/21/2020,431.2412109,453.3250321,414.6904909,445.5592928,8223842
12/22/2020,454.9266663,456.7224992,422.2620344,431.2411696,9462053
12/23/2020,456.96521,462.7409903,448.9567915,453.4706214,7943560
12/24/2020,464.5367737,468.7594001,452.3542828,460.9936613,7679078
12/28/2020,469.3903809,478.515148,465.944346,465.944346,8372924
12/29/2020,469.2447815,475.5059205,464.1970688,470.7979352,5866837
12/30/2020,471.1862183,473.3218084,464.1485171,469.8272198,3736356
12/31/2020,469.5845337,476.4280794,466.1870229,471.1862114,4386328
1/1/2021,489.0959473,493.1244184,468.4196497,470.7979191,7815730
1/4/2021,484.290863,495.9394708,480.6992267,492.1536792,9998803
1/5/2021,484.8247986,489.7269094,477.5929424,484.2908863,5135408
1/6/2021,482.2523804,490.1637507,475.1661554,487.1059672,5203982
1/7/2021,498.8031006,505.6467055,484.8733299,485.4557663,10295126
1/8/2021,501.8609009,511.9078024,499.4341074,504.7730531,7272250
1/11/2021,493.4641724,507.199817,489.241546,505.2098583,7156036
1/12/2021,496.2792358,505.4040025,487.8339832,492.1536872,6751375
1/13/2021,520.9354858,524.1873652,499.531121,500.793101,11045555
1/14/2021,521.2267456,526.5656916,514.5772955,522.1974631,6066782
1/15/2021,512.4902954,525.1581464,508.6559496,521.0811212,5427713
1/18/2021,500.4048157,516.712856,489.0474103,515.4509353,6258367
1/19/2021,517.1982422,519.3338324,500.890201,500.890201,6694907
1/20/2021,542.2427368,546.0285585,513.5095244,513.5095244,14440729
1/21/2021,531.6134033,545.3975429,526.7598164,545.3975429,8870257
1/22/2021,520.1103516,541.1749302,516.1304341,533.4091913,6843849
1/25/2021,508.3161926,531.419255,506.7144852,527.0995507,5816153
1/27/2021,503.6566772,520.3045036,497.4926457,512.7814441,8920054
1/28/2021,503.8993835,512.4902682,492.2022506,500.5989799,5707393
1/29/2021,494.7746277,517.4893773,492.2507567,512.1019081,6781488
2/1/2021,526.8569336,529.4778827,485.4558373,499.2400083,10259084
2/2/2021,534.6711426,538.6025363,524.1874063,532.6326597,7160471
2/3/2021,543.6987915,545.8343816,526.1288303,533.4577348,7462289
2/4/2021,551.7557373,556.6093238,537.8259085,541.5632056,6850462
2/5/2021,550.3482056,557.1432269,545.2034155,554.2795989,5586868
2/8/2021,565.0061035,576.6061894,554.3767351,555.3960359,8887710
2/9/2021,564.9089355,572.5290425,556.4151593,572.3834705,10917915
2/10/2021,559.958374,569.8111805,534.3799912,567.6270661,19987392
2/11/2021,574.519043,576.3149056,559.4243999,559.9582826,10595917
2/12/2021,598.5443115,603.4464817,568.9374315,574.9558911,24953701
2/15/2021,609.3677979,621.162037,592.9141274,599.85478,15146033
2/16/2021,617.9101563,624.6566541,609.6590583,611.3578137,15120148
2/17/2021,636.5479126,650.3806351,627.9570876,638.7320267,34868085
2/18/2021,644.6048584,650.3806386,630.0440978,641.4500269,13189027
2/19/2021,634.3638306,656.8359624,610.2415265,645.4785568,17553743
2/22/2021,654.0693359,658.6317193,629.9955576,639.5085757,16739107
2/23/2021,642.6148682,662.7087286,639.9453955,660.08778,11247164
2/24/2021,645.7211914,651.3513402,634.2667386,647.1772674,3919187
2/25/2021,683.6762695,690.5198155,647.6141528,649.798267,18596690
2/26/2021,656.1079102,682.8511625,648.439219,676.6870715,19909990
3/1/2021,672.6101074,684.0160368,653.5840109,664.5531056,11600468
3/2/2021,699.4019165,703.4789416,675.6193392,677.1724634,11486477
3/3/2021,708.4780273,732.8430681,702.2169479,710.5650933,19961472
3/4/2021,730.4163208,743.2783264,694.8880283,711.7785348,30607959
3/5/2021,727.0187988,738.7159315,709.1090512,730.4163097,17665200
3/8/2021,726.4849854,745.3168689,722.4079601,740.3662335,15286852
3/9/2021,728.7660522,737.162781,717.020396,733.4254837,8548163
3/10/2021,723.5241089,736.8714716,721.242947,735.3183477,5235249
3/12/2021,706.8278809,730.0765146,701.8286627,727.0673144,10961076
3/15/2021,697.9943237,706.4881008,685.3749977,706.4881008,13403522
3/16/2021,696.3441162,714.1568164,693.3349159,709.9827433,14979009
3/17/2021,668.0962524,695.9558537,663.7765481,694.062943,8151544
3/18/2021,659.7481079,684.8411291,655.6225589,674.6485964,10925357
3/19/2021,666.1547852,671.2510513,637.8583505,657.5639603,10373422
3/22/2021,700.7609253,704.9835223,661.0585593,665.9121464,22864950
3/23/2021,716.9233398,732.8916533,705.8086135,708.8663971,30612174
3/24/2021,686.1516113,728.5234521,677.2210581,719.3016362,21213413
3/25/2021,668.0962524,691.4905181,663.1456174,690.1800734,16860086
3/26/2021,682.4628296,689.8888411,672.3188213,677.5607188,12350673
3/30/2021,689.7432251,696.9750815,676.8812198,682.4628447,9109273
3/31/2021,681.8319092,698.8194633,678.1431357,684.3557507,7752226
4/1/2021,714.6906128,720.2722373,684.3556971,692.6067942,15017049
4/5/2021,720.5148926,723.1843651,694.062847,710.3223613,15622924
4/6/2021,811.0829468,827.7307746,721.2430594,733.8623861,64555516
4/7/2021,790.8920288,859.0849285,771.7203595,831.9048404,97717880
4/8/2021,798.9005127,813.4612754,782.398315,794.0469251,34025873
4/9/2021,799.4827881,812.4904243,793.1246013,800.5991367,21804785
4/12/2021,722.8446655,786.1839697,713.4772198,786.1839697,28112240
4/13/2021,709.6428833,733.6196129,680.8125671,728.0379883,52812517
4/15/2021,728.3778076,732.4063087,703.7701442,714.350988,26108614
4/16/2021,733.3770752,771.5747853,721.2431064,728.9117984,41791181
4/19/2021,699.8386841,709.4973335,686.7339999,694.062904,22935238
4/20/2021,699.3533936,724.0581643,689.2093844,722.8932915,21315167
4/22/2021,716.1953125,723.0874418,669.3096722,669.3096722,26840536
4/23/2021,704.1098022,725.0288084,699.0135362,714.8848003,18435449
4/26/2021,709.3516846,717.9910925,707.5558812,711.5357985,9390549
4/27/2021,727.2128906,735.3183564,706.051206,713.4772171,20573107
4/28/2021,724.3978271,737.7451908,719.3986091,732.891604,11156977
4/29/2021,724.8832397,743.4239189,721.6313601,731.144379,13851910
4/30/2021,708.6722412,737.2113571,703.2847714,717.360174,12600934
5/3/2021,739.104187,741.6280283,692.8494833,706.3424776,25953577
5/4/2021,746.2389526,759.1009573,737.7937,757.0138914,31400296
5/5/2021,716.4864502,752.1117887,711.2446121,749.393792,29426971
5/6/2021,719.1074219,731.6296998,714.0596797,723.1844467,11926793
5/7/2021,745.2682495,755.2181024,723.427109,725.8053784,20782117
5/10/2021,743.0355835,756.67415,740.1234315,751.7235153,9201326
5/11/2021,740.317749,766.5756464,728.377876,729.0088661,12978165
5/12/2021,729.5911865,750.1704076,725.8054241,740.6573888,10615003
5/14/2021,712.0697021,736.4347432,706.196874,735.7067052,10876267
5/17/2021,732.1150513,737.7452002,715.4187007,718.3308528,12271212
5/18/2021,753.1796265,757.159544,734.9300926,742.5987835,9877934
5/19/2021,749.7821655,768.7111554,746.772906,761.042464,15666729
5/20/2021,743.2783203,756.6742085,738.7644607,753.7620563,6964023
5/21/2021,746.6758423,752.5486708,744.2005247,749.3938392,5274817
5/24/2021,744.1033936,757.0625061,724.73757,747.161177,8354397
5/25/2021,741.6281128,753.9562359,736.7745257,750.3645696,4730725
5/26/2021,736.0949097,747.3552658,734.832989,745.3652479,7375242
5/27/2021,729.3970947,742.598828,727.5041839,736.0950094,7909776
5/28/2021,753.4223022,761.9160791,731.920889,732.8916064,13623565
5/31/2021,747.015564,757.1110486,739.3954561,757.1110486,7820165
6/1/2021,774.8265991,778.3211579,741.9192573,750.4615581,17847137
6/2/2021,787.7371216,799.8710883,779.4375002,779.4375002,27748928
6/3/2021,801.1330566,824.1390708,786.9606063,794.8719176,24105079
6/4/2021,809.4326172,817.2954631,798.9003579,806.4719412,14457348
6/7/2021,852.8723145,872.4808185,811.180048,812.8788035,33684310
6/8/2021,848.6011353,861.8028678,833.9918507,857.5317469,16422574
6/9/2021,827.633606,874.6163504,806.9573378,853.5032476,31225441
6/10/2021,821.9550171,838.6513694,818.60603,833.4094714,11744190
6/11/2021,815.1599121,831.32238,796.667758,827.0511999,17460610
6/14/2021,745.9478149,760.7512556,661.1556126,733.6682159,89771631
6/15/2021,739.5410767,779.389076,732.8916857,779.389076,45408426
6/16/2021,686.0059814,732.8916189,677.3665731,732.8916189,29440056
6/17/2021,627.9571533,684.0160871,619.6574716,663.0000302,70812142
6/18/2021,674.0175781,683.9674311,619.4147264,624.3654205,76266975
6/21/2021,709.6428833,722.8446744,665.0384107,671.7363839,51759617
6/22/2021,721.1459961,739.3469477,716.389457,718.3308919,35597113
6/23/2021,697.6546021,734.8330663,694.5482945,727.0673272,31168761
6/24/2021,693.9400024,708.7004993,685.9243435,707.7229814,21503302
6/25/2021,696.1883545,702.8354652,690.6164898,698.925393,12085421
6/28/2021,700.1472168,713.5392244,696.9702835,702.8353911,14139292
6/29/2021,695.0153198,706.7455362,693.0602838,701.369187,9303151
6/30/2021,687.8794556,701.4669205,686.3153909,701.4669205,9100756
7/1/2021,687.2928467,695.8461287,684.2625649,690.1276726,8035542
7/2/2021,694.428772,708.0162356,689.1501512,689.1501512,17676086
7/5/2021,694.0866089,704.7904424,687.1951193,700.8803706,11105134
7/6/2021,696.677124,715.4943464,691.2029872,695.9928495,14580124
7/7/2021,703.9107056,706.7455317,690.1277253,700.7826956,8719991
7/8/2021,695.6995239,711.6330543,693.1579415,707.7229826,7804439
7/9/2021,712.1218262,720.4307287,692.4248156,696.481539,14924156
7/12/2021,701.9067383,719.1110897,698.9741845,717.8891922,8664504
7/13/2021,688.1726074,704.6926839,686.2175716,703.812894,12287372
7/14/2021,681.5744629,695.5040952,679.7171547,693.4513311,13812481
7/15/2021,683.3828125,690.5187417,679.8637716,683.9693591,7490612
7/16/2021,672.1412964,687.0973683,669.8441531,683.969299,6941246
7/19/2021,658.553894,677.4199797,646.5304345,670.5773536,13618862
7/20/2021,657.4785767,665.5431001,645.1618738,646.1393918,11533588
7/22/2021,676.2469482,679.3750178,651.71127,662.7572116,9740403
7/23/2021,664.7611694,684.2626674,661.9752667,684.2626674,8682097
7/26/2021,667.4492188,675.4160136,659.286968,664.7121805,5339116
7/27/2021,648.289917,670.8705578,645.503955,667.449245,7133113
7/28/2021,650.4404907,661.535296,639.4922774,653.3730447,11132158
7/29/2021,644.8197632,655.9145685,643.1579707,655.9145685,4572153
7/30/2021,659.3358765,672.3368536,644.6731068,646.3837633,13440904
8/2/2021,676.4424438,679.3749978,662.7571921,666.667264,8925708
8/3/2021,689.1990967,698.8765493,679.6194316,682.3076063,18429941
8/4/2021,679.0817261,701.8578822,676.4424157,701.8578822,14045587
8/5/2021,677.9576416,684.7514041,668.622356,679.3750547,5851411
8/6/2021,694.7220459,703.7152233,675.9048246,677.3711016,17504802
8/9/2021,684.1647949,700.880327,678.4951434,697.9477733,7521213
8/10/2021,677.4200439,690.8609178,667.8892425,685.9244634,5937282
8/11/2021,683.4317017,689.1501578,669.1599037,677.8109734,6297975
8/12/2021,688.2214966,694.4287713,684.2625608,685.2400788,5068665
8/13/2021,688.3193359,693.5490335,683.3339583,688.6125794,3390071
8/16/2021,691.0075073,700.3427924,686.2176452,688.1726812,6385995
8/17/2021,677.0778809,698.8276568,670.6262261,689.932207,7262774
8/18/2021,689.5411987,692.375965,673.2166367,680.792401,7354758
8/20/2021,671.7503662,690.5187233,665.4942273,674.4874046,6274741
8/23/2021,653.2752686,676.2469416,650.0494711,676.2469416,6636881
8/24/2021,679.7659912,686.2175857,653.4707351,657.8695658,7640710
8/25/2021,704.5460815,708.7005329,679.7660247,682.7963066,21275432
8/26/2021,705.4747314,716.5206726,701.5646596,708.7005288,14969643
8/27/2021,710.6555786,715.4943046,706.0123682,707.7230246,6751256
8/30/2021,713.5881958,718.8668173,710.7533695,714.1746828,4757858
8/31/2021,731.4766846,737.0485489,711.7308097,715.8363971,15419587
9/1/2021,728.0065308,734.9468847,721.0172532,733.1873642,5320381
9/2/2021,736.9018555,743.549025,727.2733279,728.2508458,5788915
9/3/2021,737.9283447,744.8686985,728.5441363,738.9547267,4491254
9/6/2021,734.3115234,747.8012597,730.4503155,741.3496649,5260360
9/7/2021,728.739624,738.172696,724.9762038,736.9507986,3515903
9/8/2021,730.0592651,736.0710245,721.6526345,731.9654371,4036193
9/9/2021,732.8452148,734.1159762,725.3183147,728.3485965,2829060
9/13/2021,728.3486328,735.7289414,723.8520739,731.1834589,2514604
9/14/2021,738.4170532,745.601786,728.6907381,730.9878813,5615411
9/15/2021,748.7299194,752.4933398,736.6575364,741.4962624,7039338
9/16/2021,752.3466797,755.3769613,742.913608,751.7112692,4625316
9/17/2021,749.8540649,768.3291798,742.9137107,755.9146887,9701785
9/20/2021,732.0632324,758.5539456,729.3261344,742.7181425,5570433
9/21/2021,732.7474365,741.7406137,717.5470442,737.0485394,7766479
9/22/2021,728.5441284,742.5226234,725.3183311,733.1384748,4343365
9/23/2021,737.5372314,742.9135797,733.6760239,737.4395035,3526253
9/24/2021,728.0554199,747.7035682,726.2958994,739.0036338,4445517
9/27/2021,733.3828125,736.8529892,719.8442133,732.8451896,3803939
9/28/2021,722.0925293,739.8833681,716.520665,737.0485422,3748173
9/29/2021,725.3182983,731.0367543,719.4531908,721.0661192,2734053
9/30/2021,721.3105469,739.4923576,719.4532388,729.0329032,4356469
10/1/2021,718.4268188,721.6526161,705.7679496,719.3065492,4008108
10/4/2021,727.4688721,730.6946694,719.5020769,722.2391152,3414151
10/5/2021,727.2244873,736.8530152,725.3183154,727.4200028,3270764
10/6/2021,707.7230225,732.1609721,705.6213349,730.8902107,3615568
10/7/2021,719.5998535,722.1902403,710.2156455,713.5880943,3237419
10/8/2021,723.265564,730.2059176,717.0094251,723.0700484,2878232
10/11/2021,720.8706665,729.2284335,719.9420125,727.1756696,2118247
10/12/2021,720.3330078,724.2919436,712.4639405,721.0661463,2152513
10/13/2021,741.9360962,747.4101726,722.4834659,723.9497427,9083125
10/14/2021,794.5265503,799.3164119,747.0680674,748.8764517,19754735
10/18/2021,792.3272095,811.2422187,788.8570325,802.4445567,8883845
10/19/2021,774.4385986,801.5647218,767.3515935,796.6771321,5543852
10/20/2021,777.0290527,784.8491964,760.0202163,774.1942268,5467049
10/21/2021,761.8286133,784.8492094,757.8696774,781.0368654,4607499
10/22/2021,744.6731567,769.5998643,736.9508008,762.7572387,3860760
10/25/2021,735.142334,748.3388258,721.9458422,747.8012029,2973109
10/26/2021,733.0407715,741.4962664,723.4121834,735.0935354,3093933
10/27/2021,729.0817261,739.5411799,726.9312344,736.7064137,3246881
10/28/2021,672.6300659,717.9869219,665.836364,708.065091,18160551
10/29/2021,677.4200439,693.6468206,671.5549353,681.3301163,7612968
11/1/2021,688.5636597,691.1051824,674.4873775,689.1501466,3233662
11/2/2021,686.5597534,698.9253802,684.8980205,691.105236,3028354
11/3/2021,693.2557983,703.6174656,686.2176566,686.2176566,3036191
11/4/2021,697.6546021,700.3427765,696.9703275,696.9703275,453287
11/8/2021,714.0280151,718.5734379,693.1579706,700.8803865,3227351
11/9/2021,720.7728882,727.7621659,711.437603,714.5656726,3456614
11/10/2021,721.3105469,728.2997647,713.6858588,719.8442699,2751881
11/11/2021,718.5734863,724.8784896,712.1218911,718.4268944,2325810
11/12/2021,733.4317017,738.5148069,717.7425506,721.1149994,4585484
11/15/2021,732.9429932,739.4923758,723.9009516,736.9508528,2434426
11/16/2021,729.6682739,744.5754224,726.7357201,735.777761,3378779
11/17/2021,719.0133667,728.2509239,716.5207077,727.664437,2444025
11/18/2021,709.7269287,724.6340781,700.0495364,722.8256937,2202581
11/22/2021,698.925293,716.9116461,688.1725962,708.7004719,3557560
11/23/2021,712.8549805,717.1071598,689.3456852,697.9478314,3487221
11/24/2021,745.8951416,754.9860476,715.5432179,719.1111826,11647665
11/25/2021,745.3085938,756.8921579,738.5148319,747.6057371,6140941
11/26/2021,701.0270386,748.7787677,697.2146946,733.1384801,7219931
11/29/2021,686.8040771,698.9253234,667.3026421,691.1051799,5930351
11/30/2021,668.475647,696.6282125,664.4189832,688.1726581,6190734
12/1/2021,692.0338745,695.0641564,667.4004092,679.3750046,5582125
12/2/2021,722.4835205,725.61159,686.5108705,694.0377709,8478638
12/3/2021,720.8706665,729.7171925,717.4982174,722.3858075,5578503
12/6/2021,707.1853638,727.7621044,705.2791919,722.3857558,3537411
12/7/2021,727.9576416,733.0896109,709.4825282,712.6105976,3993342
12/8/2021,744.2822266,747.2147806,731.3789771,734.3115311,4621331
12/9/2021,752.444397,758.3583683,742.9135975,749.4629793,4687479
12/10/2021,750.4405518,777.0779162,745.8462054,751.5646616,10049545
12/13/2021,741.3984985,761.2909649,733.2361879,757.5764086,4985928
12/14/2021,746.5305176,748.7787971,733.6272679,738.905889,2919015
12/15/2021,728.739624,749.4141523,726.2469652,746.5304625,4673906
12/16/2021,728.397522,739.4434628,722.7278702,735.093496,3303620
12/17/2021,707.6741943,727.762178,704.9860197,727.762178,4973404
12/20/2021,685.9243774,700.8803906,670.0885743,700.8803906,4559002
12/21/2021,709.2870483,711.6331154,685.9244036,694.0377912,6943546
12/22/2021,706.5988159,713.4903651,701.1247393,710.6555392,3626585
12/23/2021,714.8588257,730.6946275,712.4638949,716.3251025,6641505
12/24/2021,706.1589355,718.377909,697.3612747,716.0318422,3946754
12/27/2021,706.940979,710.0690483,696.9702842,700.8803559,2663285
12/28/2021,712.8549805,722.2880528,708.8960446,710.753293,3604123
12/29/2021,706.5010986,717.6936911,703.9106522,712.6105858,2396416
12/30/2021,707.9674072,709.6780637,700.3427788,706.6477818,3654532
12/31/2021,713.8813477,718.475694,708.7005144,708.7005144,2538092
1/3/2022,720.0396729,722.0436323,714.0768374,715.5431143,2377227
1/4/2022,722.630127,730.2058909,716.1785325,726.2958192,4068551
1/5/2022,737.9283447,741.740629,717.5470591,722.385785,5409002
1/6/2022,723.1677246,732.0631732,713.6857891,732.0631732,5440633
1/7/2022,719.5509644,730.8902088,714.0768875,727.9576548,2590751
1/10/2022,722.2391357,726.2958592,717.5959253,720.5284793,2173107
1/11/2022,747.8989258,751.6135416,712.1217943,722.0436249,8959781
1/12/2022,746.3837891,757.4786532,737.0485049,752.2000326,5775798
1/13/2022,754.8394165,758.553973,742.9136849,745.8462389,4049411
1/14/2022,762.5617065,777.1267474,746.4815845,751.7112815,9627761
1/17/2022,761.5354004,771.6527477,756.5012184,765.8853675,3187871
1/18/2022,745.7973633,772.239213,742.9136733,762.4640331,4300929
1/19/2022,727.4688721,744.6243002,719.4532129,744.6243002,5843870
1/20/2022,721.4082642,734.8002723,718.4757102,727.273372,4741333
1/21/2022,707.6252441,717.1560438,698.3876879,715.5431154,9244367
1/24/2022,686.6575317,708.9449302,673.5099027,707.6253048,5349759
1/25/2022,695.1130371,696.8236936,674.4874308,680.3525389,4482325
1/27/2022,693.15802,696.2860897,675.4649673,684.0671142,4749083
1/28/2022,694.1843872,716.3251327,691.5939408,696.9702895,3543413
1/31/2022,700.196106,707.6252783,698.4854495,703.5196909,2152066
2/1/2022,722.1414185,727.5666314,704.4483666,704.7904741,6052108
2/2/2022,728.4464111,730.05928,705.2792231,707.6252901,6167378
2/3/2022,716.0319214,728.2508962,713.0016395,727.3222421,2689612
2/4/2022,710.6067505,724.4875186,707.7230603,718.4757588,2453595
2/7/2022,699.0720215,713.490412,697.3124414,712.4151064,2610637
2/8/2022,701.6623535,706.7454587,687.1951002,702.835387,3207780
2/9/2022,716.9605713,718.8667433,702.8842886,705.7679785,3186942
2/10/2022,714.614502,724.8784407,711.681948,720.3330179,4752601
2/11/2022,707.4297485,717.4004435,703.2752973,711.5353358,3621116
2/14/2022,680.1080933,698.7297977,675.4648831,698.7297977,6219506
2/15/2022,704.3994141,706.2078581,674.4873885,683.9693246,3319096
2/16/2022,724.0964966,733.969405,705.8657611,708.6028593,9382605
2/17/2022,717.6937256,728.250908,714.9077635,724.438564,3407347
2/18/2022,711.1442871,722.5812587,709.1892513,713.490354,2151557
2/21/2022,695.1130371,710.4112179,693.5978961,706.4522819,2805791
2/22/2022,689.6877441,695.1129566,669.5997632,682.3074959,6112926
2/23/2022,690.8120117,703.2265028,689.1502191,695.0153274,2978284
2/24/2022,640.1276245,672.5323694,637.2928582,666.6672615,9547717
2/25/2022,679.5216064,687.1950983,655.1813864,659.3358375,5738223
2/28/2022,691.5939331,693.6956205,669.1110208,674.4873694,4288186
3/2/2022,694.3309937,701.7601659,681.9165037,687.1462605,4448558
3/3/2022,690.8120117,708.3095489,687.195183,702.6399562,7533817
3/4/2022,684.4091797,694.7219816,673.5586952,684.1648002,7941457
3/7/2022,662.5616455,676.1491687,648.6320149,674.4873763,4890958
3/8/2022,673.3632202,676.4424256,655.5235175,664.3701027,3831397
3/9/2022,698.0455933,701.8579374,677.1267435,681.330059,5351552
3/10/2022,713.979126,721.066131,704.3994025,711.5353311,5850213
3/11/2022,713.0505371,715.2988166,706.0612593,713.0994011,2864685
3/14/2022,714.1257324,717.0094223,707.7230017,709.6291737,1905433
3/15/2022,705.0836792,719.4532049,700.1472255,716.520651,4228582
3/16/2022,707.5275269,713.0993915,704.7904883,709.6780784,2693057
3/17/2022,723.4609985,727.0778268,713.1481963,714.0768502,4957379
3/21/2022,718.6223145,733.5783265,709.0915148,724.3407704,6662688
3/22/2022,722.5324097,727.1756199,706.794335,718.4756863,5010054
3/23/2022,717.2538452,734.116031,715.3476731,731.134613,4698808
3/24/2022,716.9605713,725.6115815,714.5656403,716.5206763,2914647
3/25/2022,726.5402832,730.1082479,713.6370331,720.4307955,4003497
3/28/2022,720.4307251,732.8452149,710.2156506,730.2059045,5691095
3/29/2022,744.8198242,749.6585501,721.457121,724.340811,11423551
3/30/2022,750.1473389,758.5051059,744.9664457,751.5158283,6913983
3/31/2022,756.7944336,763.4415439,748.2900152,750.1473232,5468951
4/1/2022,768.0847168,772.9234425,757.08764,757.08764,6816743
4/4/2022,800.1473389,803.6664394,766.0319968,773.2167302,13743062
4/5/2022,828.9841309,841.545273,807.4298708,821.1151229,21090646
4/6/2022,830.7435913,843.2558686,821.1150635,833.7739327,8785541
4/7/2022,799.0232544,846.5306064,795.3086382,830.890318,11662093
4/8/2022,820.4307861,825.8071347,799.0231793,804.4972558,5777924
4/11/2022,835.3380127,840.6654978,820.4308629,821.1151374,6030153
4/12/2022,825.9049072,839.6878859,816.227456,834.7025684,5597246
4/13/2022,821.6038818,835.6801649,817.6938098,830.7925749,2955807
4/18/2022,823.7544556,827.7133917,802.9333335,812.6595901,3969878
4/19/2022,800.8804932,831.1346875,788.8570336,829.91279,4472320
4/20/2022,809.0427856,817.156173,801.5647492,807.038826,3071216
4/21/2022,831.3790283,839.5902031,813.5881894,814.272464,5539106
4/22/2022,854.4973755,866.0809398,821.7993868,828.3976332,17864000
4/25/2022,840.2255859,861.144495,829.5706755,854.301869,10145325
4/26/2022,889.0526123,892.4739253,845.9440928,848.4856157,21010788
4/27/2022,867.3516846,903.8620166,860.2158153,893.5002903,20793885
4/28/2022,867.156189,880.0105745,857.0877656,878.788677,8778304
4/29/2022,837.1464844,878.6910016,832.943109,872.6303778,11543840
5/2/2022,837.2929688,843.4513198,819.2088871,830.8902383,5760499
5/4/2022,794.5265503,844.770995,787.6839249,841.1541668,7969164
5/5/2022,793.1092529,816.7163379,787.8795552,802.4445981,6597383
5/6/2022,793.1580811,802.4933655,772.4346888,779.9615889,6150326
5/9/2022,774.7807007,789.296878,765.3965523,789.296878,4768026
5/10/2022,751.809021,785.8755569,747.8500853,777.3222749,5344522
5/11/2022,742.815918,767.3027308,732.2098124,753.6663434,8985117
5/12/2022,697.2634888,741.9360676,689.4433458,741.9360676,10570456
5/13/2022,690.0299683,719.3555078,686.0221087,710.6555738,7247809
5/16/2022,696.4815063,711.7796854,688.1726042,698.9253011,5606071
5/17/2022,728.0065308,730.4991897,699.2674777,703.8129603,4430294
5/18/2022,742.7181396,749.9517965,725.3183318,735.728922,9020504
5/19/2022,716.3251343,730.5480084,713.588096,727.2733471,4445667
5/20/2022,750.2938843,755.4258535,728.3485946,733.0895924,5434279
5/23/2022,736.6087036,762.3663396,734.3604241,757.4298258,4787481
5/24/2022,735.2401733,747.60574,730.6946909,739.5900806,4653281
5/25/2022,691.9850464,727.2245599,689.5412513,718.4757615,7699306
5/26/2022,685.7288208,703.1286278,653.128622,695.992759,13569693
5/27/2022,687.2928467,698.0455441,681.3300111,698.0455441,5815428
5/30/2022,718.1824341,720.4307134,694.0377293,697.947801,5546106
5/31/2022,723.2166748,732.1609884,711.6331103,714.6633922,6346866
6/1/2022,720.3330078,726.980118,712.659456,723.1677741,3196984
6/2/2022,731.6233521,734.9958011,713.8325127,720.4307591,3536560
6/3/2022,723.265564,741.4473742,722.1413944,740.9586152,2960614
6/6/2022,724.585144,728.2508362,708.9937216,721.8969698,2753267
6/7/2022,718.0358887,725.8071693,697.3614172,722.385856,2488075
6/8/2022,712.2195435,723.3632718,709.0426102,719.013305,2839931
6/9/2022,718.9644165,720.4306934,706.8431707,709.6779964,2604731
6/10/2022,710.0690918,715.6898202,702.0534323,709.6780607,3377686
6/13/2022,679.6193848,698.6321217,673.3143818,695.0152932,4535069
6/14/2022,688.8569946,705.5725297,677.9576443,679.7660885,6144330
6/15/2022,687.9282837,697.2635685,685.8265962,694.9175612,2447673
6/16/2022,666.3739624,700.9780602,661.7796164,695.9438788,4301251
6/17/2022,653.9106445,673.9497625,648.0944008,661.7796521,6103963
6/20/2022,648.2410889,658.7494074,638.4169852,655.9145813,3507676
6/21/2022,673.6075439,676.0024747,652.1021507,655.4257353,3313116
6/22/2022,653.2752686,672.3857336,650.5870941,669.5021032,2964156
6/23/2022,660.1179199,667.9380642,651.2225296,657.5763969,2762533
6/24/2022,670.9683228,672.4834636,661.8773584,667.644738,2740927
6/27/2022,672.2879639,682.9917973,669.5020616,682.3075228,2711512
6/28/2022,662.8060303,668.4267585,655.1814022,665.6897201,4596840
6/29/2022,662.5616455,669.0132997,652.0044637,659.8246072,3332554
6/30/2022,656.940979,670.4796395,651.6134938,665.2498822,3502799
7/1/2022,662.6594238,664.7121876,641.2517575,654.9370084,3151179
7/4/2022,666.6672363,668.9155157,657.9673028,664.5655489,1874921
7/5/2022,663.4903564,678.5930218,661.7308359,671.0172571,2472875
7/6/2022,678.739624,680.6457961,661.9263615,662.757228,2634839
7/7/2022,687.7816162,691.1052012,679.3749856,685.2400934,2896584
7/8/2022,699.6096191,701.613519,690.6653059,693.9400269,3880791
7/11/2022,712.8060913,715.5431296,697.0191528,698.9253247,3814715
7/12/2022,715.4454346,726.1981324,710.020162,712.6106086,5846548
7/13/2022,710.4111328,722.3857271,708.065066,720.4795552,2373553
7/14/2022,713.0687866,719.3190031,705.2928729,717.5472934,2859869
7/15/2022,719.4174194,726.8487952,714.6927805,726.1105779,4127381
7/18/2022,728.1283569,730.8351538,721.0906611,725.3723576,2403691
7/19/2022,737.2330322,739.9890315,722.5178883,725.3723526,2864129
7/20/2022,731.8687134,745.0582215,730.2446712,745.0582215,2176017
7/21/2022,742.4006348,745.009027,729.555664,735.9535481,2639283
7/22/2022,742.4006348,752.9325484,739.7430401,745.7472444,2854708
7/25/2022,738.1681519,745.3534554,734.3293976,745.107383,1592179
7/26/2022,737.3314209,741.6623198,733.295857,738.1189008,1803260
7/27/2022,748.7000732,750.2257104,735.3136957,736.9377979,2539587
7/28/2022,752.489563,756.5251272,745.7472018,751.6529407,2696358
7/29/2022,751.7021484,763.4644238,746.9283068,756.9188725,3182798
8/1/2022,788.6622314,791.3690285,753.0309274,757.9031741,6459641
8/2/2022,789.6956787,797.668462,782.5103753,788.2684465,4393310
8/3/2022,794.5187378,797.1763323,782.8548676,790.1878386,3326267
8/4/2022,794.5679932,807.6098339,783.9868771,798.3082826,4641779
8/5/2022,797.520813,805.8380738,792.8454364,798.3574353,2807602
8/8/2022,789.0559692,810.0705332,782.8548952,800.1292299,7519923
8/10/2022,778.130249,795.3061172,766.0726996,790.3846684,5541103
8/11/2022,780.2957764,787.3334728,775.9156745,782.2151536,2140171
8/12/2022,775.9648438,787.1365691,773.1596418,781.0339603,2281608
8/16/2022,811.2024536,813.0233657,778.7208906,779.8527878,6820860
8/17/2022,811.7930908,818.8799901,808.2496712,814.3522205,3694850
8/18/2022,819.9625854,823.3091947,807.5605583,811.7929923,3836669
8/19/2022,858.1038208,870.0137632,820.8484765,824.0966208,24506694
8/22/2022,827.0494995,877.8880914,824.1950351,862.4347296,14693558
8/23/2022,819.4212646,843.7332349,793.4359897,822.669409,13515300
8/24/2022,823.1615601,824.9825323,804.2631836,817.2066187,6558722
8/25/2022,803.180481,829.1164933,799.5385967,827.2955812,6287921
8/26/2022,824.5396118,831.7249156,804.8046125,808.1019595,8513113
8/29/2022,823.2600098,831.331138,802.1961841,802.294589,6652807
8/30/2022,828.9196777,847.0797765,825.5238659,830.7405898,9490984
9/1/2022,824.6380005,833.2505364,818.2893191,828.5751598,3888408
9/2/2022,838.5657349,847.3751409,824.8840822,828.772039,8840020
9/5/2022,837.5321655,851.3122219,834.8745712,841.518527,5434684
9/6/2022,836.9907837,845.0619718,830.7897701,841.2724802,3380947
9/7/2022,861.1551514,864.944643,831.8232679,833.6934425,8930248
9/8/2022,871.1456299,874.4430366,853.3792119,866.7655285,7943521
9/9/2022,892.6032104,910.4680949,873.0650813,874.836791,18369177
9/12/2022,923.7559814,927.2009958,896.6880118,900.3298961,12571292
9/13/2022,933.894165,938.9140791,918.342398,931.1381656,9651873
9/14/2022,932.9591064,943.7370923,924.2481653,926.216745,8500355
9/15/2022,953.3339233,957.4187503,935.4690986,939.9968079,8703534
9/16/2022,923.4606934,961.1097778,911.6000134,955.0071691,10712402
9/19/2022,944.5244751,957.3202426,920.6062448,928.0868834,7922869
9/20/2022,955.0072021,972.330679,951.8082602,958.895159,7539047
9/21/2022,918.2440186,960.7652917,902.692191,958.6983071,13178269
9/22/2022,931.7779541,938.5203151,913.470128,919.2282593,8855564
9/23/2022,899.4440308,935.9119568,895.8514089,935.0753345,6646619
9/26/2022,849.8358154,895.6052899,841.8138297,894.7194051,9880236
9/27/2022,830.9375,861.2536152,820.7008616,847.4735574,11598728
9/28/2022,814.1060791,833.6934704,810.4149923,822.7678775,7040943
9/29/2022,803.5742188,834.1856076,800.2768119,825.8191443,7476709
9/30/2022,807.7574463,817.4034743,788.4161277,809.5783584,10406215
10/3/2022,772.0769653,821.2914567,761.0037048,808.101949,12903551
10/4/2022,810.1196899,813.3186317,777.6873297,791.3689817,10445528
10/6/2022,811.1531982,821.8819811,809.3814886,819.8149965,6175752
10/7/2022,804.0663452,813.0233582,793.68204,808.1019093,6086925
10/10/2022,795.4046021,801.1627337,786.4475885,794.8140522,4642360
10/11/2022,784.8234253,807.7081625,782.7564408,801.211874,6193388
10/12/2022,791.2705688,793.8296982,773.9962354,788.4161045,5628537
10/13/2022,772.4214478,798.9972733,764.7932015,794.3218966,7491563
10/14/2022,767.8444214,793.9281002,766.0235094,791.3689708,4562526
10/17/2022,773.8486938,777.5397808,759.5272885,769.8130694,4602870
10/18/2022,797.2255859,802.1962377,778.0811361,779.0162235,7372253
10/19/2022,792.4025269,810.513484,788.5638325,801.211933,5222275
10/20/2022,807.1668091,809.3322586,782.559565,788.4161011,4481441
10/21/2022,789.0559692,811.251693,786.8413171,811.251693,5266210
10/24/2022,792.84552,797.2748246,789.4005053,795.3062448,665021
10/25/2022,787.7763062,799.9815235,784.5773643,794.0265823,4485050
10/27/2022,808.3480225,811.0548195,782.5104144,792.3533127,7110289
10/28/2022,807.4129639,821.6851669,804.4600943,811.0548484,6898541
10/31/2022,810.6118774,817.9448487,806.6255156,811.0548199,4487537
11/1/2022,828.5751343,831.6264687,810.6118456,814.6966723,7769108
11/2/2022,820.3071289,836.6463153,815.9762298,836.6463153,11859603
11/3/2022,820.750061,824.6380179,810.5626852,812.03912,6632872
11/4/2022,849.343689,853.3792531,818.9291102,823.8505592,11128361
11/7/2022,839.5992432,855.3478808,832.2662718,853.5761711,7995787
11/9/2022,876.8053589,886.8451271,845.5049547,845.9970996,20088415
11/10/2022,879.4137573,883.892264,862.5331628,879.9551047,9906420
11/11/2022,880.4472656,893.5383085,876.8053812,890.782309,8777095
11/14/2022,880.9885864,893.2430066,871.0964858,880.939384,7653024
11/15/2022,892.6524658,901.1173343,880.9393929,884.7781472,10675723
11/16/2022,873.4095459,901.6094732,860.6630408,900.6251834,11504802
11/17/2022,876.8545532,883.5969745,866.6671777,872.0807717,5190475
11/18/2022,874.9352417,880.8409806,865.7812983,878.0357186,5384458
11/21/2022,857.9069824,874.0493595,855.3478529,871.09649,6108453
11/22/2022,868.5864868,871.8346309,856.8242125,857.9069072,5466001
11/23/2022,859.8756104,873.5572636,853.0348438,871.5394814,5319949
11/24/2022,862.8777466,868.6358183,854.65889,860.1709494,5111180
11/25/2022,865.7813721,867.159402,858.3991978,863.2222424,5079099
11/28/2022,864.7970581,871.3426098,859.7772038,862.2379285,4168244
11/29/2022,864.4033203,877.7896377,860.9091035,864.2064503,3663099
11/30/2022,867.1593628,870.2598999,859.5803189,865.0923781,3797377
12/1/2022,876.5592651,882.4158014,868.1435994,870.8503963,4491806
12/2/2022,874.2461548,889.4041807,870.3581983,879.9550232,6279538
12/5/2022,879.1184692,882.4158161,864.7478019,877.592772,3966501
12/6/2022,882.3666382,888.1247097,872.0807974,879.7582461,4836193
12/7/2022,872.8189697,888.3215339,870.8995926,883.6953599,2867882
12/8/2022,878.8724365,884.3844357,873.4095798,874.0493922,2822061
12/9/2022,876.7561646,897.6723234,868.3404985,881.9728886,6979639
12/12/2022,867.4546509,880.7917666,864.7478537,878.035767,3412185
12/13/2022,880.7425537,883.8922933,867.4546406,871.0473226,3821073
12/14/2022,886.4022217,894.2273381,877.642078,883.1048747,4930906
12/15/2022,870.0629883,892.7016539,866.5195089,886.1069001,3679459
12/16/2022,846.932251,876.9530927,840.9773091,869.0787736,7791763
12/19/2022,878.8231812,881.9237183,846.0955432,846.9322256,5205837
12/20/2022,870.3582764,881.2346669,857.6117111,880.0535071,4023275
12/21/2022,844.1762085,878.9708304,838.1720044,873.0650914,4660583
12/22/2022,843.4379272,860.5645332,832.2662023,851.1153754,5517570
12/23/2022,781.6245117,840.5342927,777.7858175,839.5992054,9112806
12/26/2022,793.3868408,799.2433776,772.9628259,785.4633194,7205540
12/27/2022,804.312439,808.2988007,785.5616701,797.3731478,4872234
12/28/2022,797.6192627,804.1648143,796.0936254,802.934452,3624974
12/29/2022,806.6746826,809.5783495,786.9888869,794.3218578,5308353
12/30/2022,805.2474976,813.7616287,802.7867729,809.5291944,3252956
1/2/2023,809.3814697,813.7615712,803.4757311,810.0704846,2042294
1/3/2023,807.5606079,813.4171444,804.9522158,809.3323176,2166531
1/4/2023,797.2747803,809.0862585,793.8297658,807.9050987,3260112
1/5/2023,806.723877,808.6924565,784.478952,801.2610807,3119740
1/6/2023,793.4359741,811.4485253,790.8768447,807.0192213,2892006
1/9/2023,803.8203125,807.3637319,796.3888762,797.7177035,2040072
1/10/2023,783.8883667,807.7573927,768.8286857,804.1647112,4545808
1/11/2023,783.9376221,790.4831132,776.6538535,787.4318388,3618663
1/12/2023,780.4926147,786.8904985,773.7501935,784.1837015,2670641
1/13/2023,782.1658936,787.6778923,773.651763,783.1009208,4059998
1/16/2023,774.6852417,784.9710817,772.0769099,784.4789368,3601251
1/17/2023,772.4214478,779.0162017,765.8758963,775.9648671,2948618
1/18/2023,774.1439209,783.3470064,764.3994279,771.6831964,5585785
1/19/2023,763.8580933,771.6340068,759.6256591,771.6340068,5086667
1/20/2023,762.2832642,774.2423494,760.3146845,763.8089014,3328697
1/23/2023,756.9680786,766.121962,750.4225873,766.121962,4283589
1/24/2023,749.2414551,761.8403533,746.0917155,757.0665715,3011438
1/25/2023,701.9462891,745.0089675,694.908593,741.1702132,17085455
1/27/2023,587.5717773,688.8551564,528.5635949,688.0185342,64194046
1/30/2023,587.6210327,646.284683,558.0431351,610.259699,58256575
1/31/2023,603.0251465,617.0512756,578.8607848,590.573857,33272489
2/1/2023,487.3710938,619.1182909,452.281168,617.1497113,46557720
2/2/2023,455.1848145,525.6107352,417.3880634,501.9877808,115517458
2/3/2023,491.01297,499.0349258,388.8929038,451.7890157,89662866
2/6/2023,536.8809204,540.0798625,469.210992,490.1763542,38363919
2/7/2023,544.4598999,589.0482136,534.4693349,541.3593632,46650736
2/8/2023,589.8356323,595.4952984,554.1551289,555.1394187,31111885
2/9/2023,573.1519165,579.7466699,537.6190801,578.0241628,22494005
2/10/2023,574.776062,590.4754969,551.2023084,564.5886262,12527188
2/13/2023,545.0012817,586.7351338,528.9573698,578.6640054,19528545
2/14/2023,556.2221069,572.1184102,529.843154,542.3436457,17976429
2/15/2023,560.1101074,569.7561356,553.0724713,558.8797452,9259895
2/16/2023,568.1320801,581.5183972,564.2933259,570.8880795,9909820
2/17/2023,569.5593262,576.7938323,560.1593104,569.9038036,8880620
2/20/2023,570.5928345,572.5122117,551.2023125,558.3876164,9507162
2/21/2023,574.0378418,584.47129,570.1006825,575.8095515,7702230
2/22/2023,538.5049438,574.3823203,531.5165101,574.3331178,10994235
2/23/2023,543.1802979,549.3813716,525.2662717,531.0243429,10711597
2/24/2023,550.1195679,557.0095962,534.6662067,548.2493933,8631548
2/27/2023,553.1708984,562.9645945,544.4106947,550.2180289,8484384
2/28/2023,583.1425171,604.7968932,543.2787793,554.1551698,25360275
3/1/2023,592.6408691,606.3225215,585.2586956,588.605305,18661166
3/2/2023,613.1141357,615.1811203,576.4000784,594.4618322,21080489
3/3/2023,673.894043,692.9400268,640.3297244,652.5841445,42832968
3/6/2023,679.8981934,711.3954676,670.3997726,679.159976,37435406
3/8/2023,700.8634644,703.767131,671.2855711,689.0027856,20232587
3/9/2023,686.2961426,705.3421284,675.222881,702.6845937,17041388
3/10/2023,686.8374023,690.725359,669.9568685,674.0416351,12138642
3/13/2023,670.49823,699.3871118,666.5118683,692.6447507,9693337
3/14/2023,644.2176514,673.7955468,628.5674201,670.4982001,18147337
3/15/2023,668.6772461,677.0437093,646.9244657,651.1568998,15514873
3/16/2023,668.9234009,681.4730973,664.5433588,676.1087653,12992236
3/17/2023,669.6615601,680.8824881,660.7537491,677.6835462,7625895
3/20/2023,656.2752686,667.1024571,648.942297,660.4585005,5250369
3/21/2023,654.355896,663.8051148,650.8124765,660.9506502,5011027
3/22/2023,646.8260498,661.344324,643.8731805,659.3757444,4457720
3/23/2023,644.6605835,656.8657403,641.8061192,644.709786,4491324
3/24/2023,627.9769287,650.271118,623.9905668,647.8595958,6072701
3/27/2023,619.2167358,634.7193014,615.6733163,627.9769398,5621870
3/28/2023,584.0775757,617.9371078,562.5708081,612.818789,19860622
3/29/2023,626.6481323,632.4554062,580.8293936,584.0283354,17057169
3/31/2023,621.9727173,645.1035264,617.4941509,633.7841943,9466910
4/3/2023,617.9371338,628.9611917,612.3759324,628.5182493,6072184
4/5/2023,626.746582,629.7486542,615.2303784,617.0513507,6622367
4/6/2023,631.5203247,641.1171505,621.628224,626.9926156,7094042
4/10/2023,641.756958,646.6784071,632.8983497,635.8512191,4254629
4/11/2023,643.6762695,649.8772827,637.2291839,644.7097617,3798770
4/12/2023,647.416687,651.5999191,639.7884402,645.6941797,4271203
4/13/2023,651.2553711,654.4543129,643.1349802,649.335994,3306659
4/17/2023,654.2575073,656.2260871,647.662753,652.5842025,2731225
4/18/2023,648.2039795,660.8521384,640.8218066,657.5055293,2964854
4/19/2023,648.0564575,654.5527465,644.6114431,648.6470074,2683546
4/20/2023,655.635376,667.8405929,650.8123923,652.5841018,5009410
4/21/2023,651.2060547,660.0646622,648.3024481,657.5055329,1982614
4/24/2023,660.7537231,662.1809554,645.6941014,654.6511144,3357178
4/25/2023,660.9014282,671.777819,658.3422386,664.3956452,4814190
4/26/2023,654.2575073,661.0490716,651.6983175,660.4585217,3373385
4/27/2023,649.3851929,657.7024537,646.8752659,657.4071787,3197568
4/28/2023,670.5966187,672.2699233,651.7475053,655.7338669,6162262
5/2/2023,670.7935181,675.1244173,662.0333146,673.0573727,5563089
5/3/2023,659.1296997,674.0908569,646.432337,664.3956262,5645727
5/4/2023,669.0709839,671.2856359,657.2103039,659.4741584,5124811
5/5/2023,673.1557617,682.7033239,666.8562835,672.073007,5193692
5/8/2023,674.3369141,679.7997705,667.9390304,673.9432342,3671007
5/9/2023,679.6521606,684.96735,673.7464214,674.3369713,4029312
5/10/2023,680.1442261,681.5222558,674.7798349,681.1285158,1794579
5/11/2023,697.6645508,702.7828694,681.3745677,683.0970747,5979387
5/12/2023,689.0028076,700.8142843,684.1305615,700.8142843,4025355
5/15/2023,683.1463013,690.676142,676.6992153,688.8059674,2616737
5/16/2023,676.2071533,687.821762,674.5338485,683.146385,1403759
5/17/2023,673.8447876,681.0793538,671.8270055,676.4531797,2295396
5/18/2023,654.50354,678.8647135,650.9108581,678.8647135,4405410
5/19/2023,677.2897949,683.2447963,649.1391304,653.5684345,6340270
5/22/2023,718.2362671,741.563947,682.2604875,687.9201538,30204070
5/23/2023,722.5178833,773.3072708,718.5315218,732.6068533,39497528
5/24/2023,706.9661865,727.390201,697.6154329,727.390201,12809164
5/25/2023,713.117981,715.5787055,694.5148792,705.7358072,7458008
5/26/2023,715.4309692,718.8759833,709.2791584,717.6456211,4507617
5/29/2023,725.9137573,728.3744819,716.6122063,719.5158734,4302323
5/30/2023,722.5178833,730.6874763,716.2184649,728.3744194,4785799
5/31/2023,727.2424927,737.2330581,709.9682187,724.4372908,13649365
6/1/2023,720.5493774,733.2467406,717.5473054,719.0237402,3771760
6/2/2023,725.027832,732.3116005,722.4687026,726.4058618,5554473
6/5/2023,727.1933594,732.3116788,723.4530698,726.4059395,5166097
6/6/2023,733.6896362,735.2644759,728.3744473,731.2289117,5492469
6/7/2023,732.0655518,739.2016529,730.2938421,738.2173631,2129238
6/8/2023,724.8310547,737.2330825,721.4844452,733.2467207,2141709
6/9/2023,723.4038086,730.3430397,721.4844314,726.4058805,1335172
6/12/2023,730.4414673,734.8215691,722.0258012,723.6499034,4571836
6/13/2023,726.2581787,730.7367452,723.5021794,729.3587155,3636359
6/14/2023,727.7346802,731.0812897,724.2404632,724.7818106,3900945
6/15/2023,727.8823242,736.9378026,725.4215997,725.7168746,6448934
6/16/2023,735.6582031,737.9220576,729.1618546,729.3587245,6800269
6/19/2023,724.0928345,738.1189645,719.5158628,738.1189645,5256363
6/20/2023,726.2090454,730.3430748,718.7284665,726.4059154,6753358
6/21/2023,737.6760254,741.4163147,721.7797206,728.2760695,9312613
6/22/2023,733.8864136,746.0916305,729.3587048,743.1387613,10061086
6/23/2023,703.078186,729.3587355,691.9557234,729.3587355,15398550
6/26/2023,713.0195923,714.889707,694.0227501,698.8457944,5696079
6/27/2023,708.9347534,718.9745217,704.7515216,712.9703177,6935089
6/28/2023,744.6152344,747.0759589,710.4603663,711.5923236,17910387
6/30/2023,727.6362305,747.9618388,726.4058682,740.9733452,6629272
7/3/2023,725.8153076,735.7074079,721.1891336,732.803741,2808490
7/4/2023,730.0477905,739.2016741,723.4530365,728.4236883,3263045
7/5/2023,731.0812378,735.1660644,722.5179046,729.3587307,2212779
7/6/2023,728.423645,734.1817763,726.6027329,730.7367621,1949877
7/7/2023,707.4090576,728.3744173,704.9483332,728.3252149,4248724
7/10/2023,708.7871094,718.5316031,696.877226,710.6572842,5135483
7/11/2023,718.4331665,720.9430935,707.7535859,712.57663,2716491
7/12/2023,712.8226929,720.9430838,710.6572433,720.3524739,1349350
7/13/2023,705.9326782,717.7933587,703.7672286,713.5609244,1378288
7/14/2023,714.6928101,716.0216374,703.4719422,707.359899,2043145
7/17/2023,719.5650635,731.1304689,718.6299761,718.7284412,2683898
7/18/2023,716.7106323,735.7566157,714.2006453,719.5158342,4464508
7/19/2023,719.909668,723.8960301,717.5473481,720.4018129,1039827
7/20/2023,720.9430542,724.3880684,716.6613577,721.927344,1423489
7/21/2023,717.0059814,723.7975456,714.8897342,717.3504589,1491198
7/24/2023,723.748291,728.6205376,717.0059298,718.531567,1919024
7/25/2023,737.479187,740.1859842,721.6321441,726.0614485,3210148
7/26/2023,740.8257446,753.3754396,733.2959036,741.1210196,5868377
7/27/2023,736.9869995,746.9283026,730.2446383,742.0561161,2243079
7/28/2023,748.8283691,753.8819702,736.3429057,743.1801876,3257195
7/31/2023,770.7769165,772.9073906,747.5401978,751.7515522,5854918
8/1/2023,758.390564,773.898281,754.6746631,771.866934,2590545
8/2/2023,754.526062,766.8628649,744.7160596,760.0255831,3017482
8/3/2023,766.3178101,772.4119116,746.5492662,754.5260545,4135776
8/4/2023,768.2005615,772.8083027,761.7596668,769.3896619,2758619
8/7/2023,784.2037354,787.4241827,764.1874041,769.9841852,4175164
8/8/2023,777.0692139,797.6800656,757.3501421,786.5323628,11993737
8/9/2023,783.9064331,799.513217,776.8710182,785.4919205,7007648
8/10/2023,795.500061,812.3454786,784.7982784,785.7891853,8064730
8/11/2023,793.7659912,803.0805406,787.0278361,799.5628331,9040236
8/14/2023,779.9923706,786.978252,764.0882669,773.8982691,17841454
8/16/2023,769.0428467,778.8528495,765.4260727,778.8528495,11481440
8/17/2023,802.2877808,806.2018146,769.7859867,770.9255538,14011644
8/18/2023,828.2990723,841.8744479,796.9863791,799.6618397,22502392
8/21/2023,850.3468018,856.2426496,830.8754565,832.4608834,17432300
8/22/2023,846.7299805,861.0981311,845.5904133,856.0445299,8037324
8/23/2023,818.1918335,854.6076618,812.6427186,850.7431007,4748732
8/24/2023,814.8722534,836.7217986,812.7418399,826.4163428,4692796
8/25/2023,799.2654419,822.8490733,796.1936548,815.5163384,4442243
8/28/2023,800.1077881,816.5072852,791.2391592,808.58003,5067265
8/29/2023,816.0614014,823.2454767,792.7750882,802.1391709,5935085
8/30/2023,811.2554321,825.4253877,809.1744915,820.4708535,8592012
8/31/2023,784.99646,803.5264311,780.5373789,796.5900828,9998925
9/1/2023,792.2301025,800.6528116,772.5606239,772.9074171,11900199
9/4/2023,793.7659912,804.3687076,788.316003,800.2068863,12522148
9/5/2023,797.6304932,803.5264011,790.2482249,797.6800264,10483413
9/6/2023,799.7114258,801.1482529,793.1714642,798.6709856,6729598
9/7/2023,802.5355225,805.5577764,797.7295877,802.337329,9787939
9/8/2023,817.49823,821.2636643,802.783286,803.5264662,11683222
9/11/2023,874.4257813,879.1325889,827.4072381,832.3617724,20638175
9/12/2023,850.9412842,881.4116708,845.2931029,881.4116708,8036897
9/13/2023,841.9735718,859.3144418,835.4831439,851.1889935,7180448
9/14/2023,842.0726318,850.0494199,833.3526636,846.283986,6234825
9/15/2023,837.9604492,846.8290176,833.8481614,838.3072424,4013431
9/18/2023,823.6913452,840.3385687,820.6195581,840.3385687,2801202
9/20/2023,810.6113892,829.9836072,807.5891352,824.4345527,3016411
9/21/2023,823.5427246,834.7400213,812.5436819,813.683249,6437320
9/22/2023,819.529541,831.0736306,814.6245398,826.3172896,3156509
9/25/2023,818.1422729,824.1372474,811.5031849,821.1645268,2395763
9/26/2023,813.8813477,823.4436233,811.5527407,818.5881554,1569635
9/27/2023,823.1464233,825.4254973,814.0300672,818.290955,2463842
9/28/2023,815.6154175,833.6994678,811.7013837,825.6731464,5057959
9/29/2023,817.6468506,824.9299921,814.8227296,818.9845507,1468496
10/3/2023,823.8400269,829.1413546,816.7550183,818.4891054,2453090
10/4/2023,817.1017456,837.7621892,811.8994848,823.3940402,4096647
10/5/2023,817.6964111,824.4345662,812.7914097,823.294999,2083505
10/6/2023,823.1959229,828.8936376,818.8855019,822.4527427,1877058
10/9/2023,782.8659668,811.3545395,777.8618992,807.5891055,5994282
10/10/2023,812.0482178,816.2100389,793.2705196,793.2705196,7591327
10/11/2023,807.4404907,819.8764211,804.9632234,819.8764211,3281387
10/12/2023,807.5396118,815.7641272,805.161411,811.1068526,2563606
10/13/2023,806.3504639,817.2999727,798.5222754,804.6163768,3801000
10/16/2023,798.3241577,811.057287,795.945957,811.057287,2664794
10/17/2023,797.7791138,806.9945962,796.6891404,804.6163955,2162192
10/18/2023,791.3382568,801.6932464,788.167403,801.5941799,2271927
10/19/2023,785.6405029,790.0500507,780.289642,789.505064,2862500
10/20/2023,786.4332886,795.6982439,781.4787541,784.6000745,2434862
10/23/2023,764.4351807,788.5637408,762.899287,786.4333271,2002377
10/25/2023,762.1064453,776.2268681,754.1296571,765.4755528,2581498
10/26/2023,763.3450928,764.7819198,747.6392429,757.0528583,3855358
10/27/2023,775.2855835,779.2492111,766.0205677,767.8537817,2995404
10/30/2023,777.8619385,787.1764878,772.7092104,778.7537789,3522068
10/31/2023,777.6141968,783.9064315,775.3846562,782.6182646,2825760
11/1/2023,762.1064453,783.3118764,760.2237586,777.6141619,2693768
11/2/2023,767.2592163,776.3755721,765.0296757,769.8356106,1741799
11/3/2023,788.1673584,791.5364055,770.2319075,772.9073682,4310765
11/6/2023,795.2028198,798.9187209,792.0319055,794.2119129,2270316
11/7/2023,790.2977905,801.0491667,788.7618969,795.6982453,2394891
11/8/2023,811.2554321,816.3090328,792.7749956,794.707276,5123208
11/9/2023,798.8691406,820.1736386,790.8427586,817.4981779,4982049
11/10/2023,801.2473145,811.3545772,798.8691741,800.6527945,3903183
11/13/2023,802.4859009,820.4708847,800.1572939,802.6345611,1050882
11/15/2023,803.3777466,810.5618214,801.6931928,810.5618214,1694698
11/16/2023,806.2018433,810.9582448,800.7518552,806.9946172,1689762
11/17/2023,802.6841431,814.4759597,801.6932361,804.3191637,3218979
11/20/2023,796.2927246,808.5799938,793.8154575,802.6840859,3227659
11/21/2023,794.0632324,807.4900695,792.0318853,797.6800669,3643664
11/22/2023,784.6991577,797.63048,781.3795835,796.6891064,3212329
11/23/2023,785.8882446,797.3828011,784.2532845,787.7709919,3776615
11/24/2023,788.315979,795.6487143,777.8619232,788.6628327,4421350
11/28/2023,830.0827026,846.6308596,798.6709426,798.6709426,15929818
11/29/2023,827.9522705,842.2708877,825.7227299,842.2708877,8057644
11/30/2023,817.9936523,831.3708956,815.5163851,831.3708956,5998210
12/1/2023,820.2727661,831.5691296,817.9936922,831.5691296,2932775
12/4/2023,870.6604004,875.3176146,850.6936015,857.1344966,11064795
12/5/2023,1003.887756,1014.985986,871.9980721,875.9616997,46564412
12/6/2023,1008.693665,1072.656691,998.9331956,1035.497683,41008947
12/7/2023,1030.196411,1049.122709,1012.360086,1019.643228,14840081
12/8/2023,1013.648193,1045.406746,983.2768736,1038.470398,12202462
12/11/2023,1022.516846,1038.470422,1006.414609,1017.463245,7889666
12/12/2023,1032.475464,1038.916359,1013.945552,1027.620117,4902289
12/13/2023,1053.829468,1065.224897,1019.445047,1035.49769,8151639
12/14/2023,1064.927612,1079.98947,1053.33405,1070.179467,8004131
12/15/2023,1068.742676,1076.620337,1057.347247,1069.188535,11672787
12/18/2023,1084.349487,1092.375809,1062.995395,1069.188563,5448342
12/19/2023,1064.234009,1089.006681,1058.883087,1085.043054,5993252
12/20/2023,1002.946411,1073.994385,995.8614028,1068.197604,8467564
12/21/2023,1009.684631,1018.652327,980.2546833,987.0919654,5352057
12/22/2023,1018.156799,1041.393517,1009.734091,1024.597694,5252106
12/26/2023,1019.395447,1031.534056,1016.769519,1024.696774,2176775
12/27/2023,1015.085022,1027.620018,1008.743194,1027.570424,2803997
12/28/2023,1007.702759,1021.823121,1005.423685,1020.188222,4865603
12/29/2023,1015.035461,1025.489578,1008.34684,1012.508661,2429250
1/1/2024,1038.321777,1048.329913,1013.697765,1017.215533,3989711
1/2/2024,1068.593994,1073.053075,1021.724051,1038.321741,6344621
1/3/2024,1084.299805,1133.59742,1053.086239,1094.952053,33060778
1/4/2024,1112.986572,1120.715694,1093.515349,1106.842998,9771995
1/5/2024,1143.754272,1149.451987,1115.166633,1118.83294,10622789
1/8/2024,1158.221436,1171.251885,1141.524679,1149.451934,8760094
1/9/2024,1186.2146,1218.716394,1167.783756,1171.25193,14701104
1/10/2024,1203.307739,1208.906387,1186.115529,1208.906387,7036728
1/11/2024,1192.011475,1212.473727,1189.088347,1209.897394,3721202
1/12/2024,1196.123657,1207.667746,1190.128743,1199.393698,3912779
1/15/2024,1192.160034,1204.298643,1178.287338,1202.960943,2825654
1/16/2024,1182.498779,1200.979218,1176.008411,1192.655575,3173587
1/17/2024,1156.239746,1193.74555,1148.90701,1169.270197,5268593
1/18/2024,1143.556152,1173.531086,1133.052442,1160.40157,5918594
1/19/2024,1141.970581,1156.190191,1139.542908,1151.681517,2732559
1/23/2024,1126.760254,1196.222806,1119.972566,1188.246078,7201014
1/24/2024,1110.410278,1136.322519,1108.180738,1127.652083,18373913
1/25/2024,1135.876709,1145.240731,1101.492165,1111.946281,4305042
1/29/2024,1185.768799,1193.943781,1140.533873,1144.497501,6768033
1/30/2024,1176.553345,1206.131893,1170.26111,1189.088342,4683729
1/31/2024,1196.668701,1203.208662,1180.814191,1184.926479,5510242
2/1/2024,1207.766846,1228.229097,1189.385595,1202.564585,7433628
2/2/2024,1249.979492,1275.792666,1220.500011,1221.837832,10450227
2/5/2024,1247.105957,1279.508565,1237.494087,1257.956339,5611298
2/6/2024,1261.52356,1272.918989,1237.494067,1254.488145,4408002
2/7/2024,1244.2323,1274.653094,1240.764126,1268.360859,3359763
2/8/2024,1233.877197,1253.001748,1225.504083,1252.555889,3354609
2/9/2024,1259.93811,1263.901738,1220.896355,1241.209946,3538164
2/12/2024,1237.989502,1268.113096,1232.589108,1266.379009,2204823
2/13/2024,1253.299072,1259.442647,1215.495951,1238.584008,2245009
2/14/2024,1256.321289,1269.896786,1237.295925,1250.474914,3382943
2/15/2024,1255.528687,1265.933209,1250.623625,1263.406348,3382824
2/16/2024,1294.966675,1299.078963,1254.042292,1258.253646,5476230
2/19/2024,1295.115356,1314.933495,1290.309482,1301.457185,2700240
2/20/2024,1288.674438,1300.961708,1281.936223,1299.078961,1856718
2/21/2024,1279.260864,1303.042631,1269.797655,1292.935428,2770510
2/22/2024,1299.029297,1305.024332,1269.351685,1284.215288,2556009
2/23/2024,1308.690796,1319.888093,1286.197256,1300.119547,2924829
2/26/2024,1325.982056,1330.78793,1304.776624,1307.997072,2802425
2/27/2024,1317.361206,1327.022549,1302.299469,1324.693942,2197456
2/28/2024,1287.683472,1322.761599,1283.373051,1322.365212,2121625
2/29/2024,1308.492554,1317.807103,1281.292208,1288.178962,2672239
3/1/2024,1310.078003,1336.733423,1300.466254,1322.860726,3301090
3/4/2024,1330.391602,1344.214826,1324.248027,1333.017529,2170214
3/5/2024,1326.130859,1342.629364,1321.869911,1331.828575,1815438
3/6/2024,1312.75354,1332.373425,1292.142628,1330.490677,2758443
3/7/2024,1313.397461,1323.207463,1303.042533,1317.708003,1640786
3/11/2024,1314.883911,1330.143902,1310.028564,1318.897133,2217673
3/12/2024,1289.467163,1334.701965,1281.688447,1322.860676,3139768
3/13/2024,1198.551514,1296.106252,1177.296488,1295.115345,8670336
3/14/2024,1256.321289,1264.397204,1184.827332,1198.997349,7195603
3/15/2024,1271.333618,1277.1304,1245.223244,1262.217323,4024586
3/18/2024,1255.082642,1258.501343,1216.09048,1238.633611,4858444
3/19/2024,1229.913574,1261.275801,1225.99954,1259.492241,2311324
3/20/2024,1234.075439,1241.556714,1219.013582,1236.651773,2772098
3/21/2024,1250.970337,1257.163505,1239.921822,1248.542663,3155563
3/22/2024,1269.946167,1277.377968,1243.637663,1250.970277,3076926
3/26/2024,1292.340698,1302.051634,1269.351707,1269.946227,3610644
3/27/2024,1310.771606,1330.787876,1300.168831,1303.042485,4938400
3/28/2024,1329.648438,1346.345195,1302.051704,1321.869842,4188741
4/1/2024,1363.388794,1369.185575,1337.972008,1344.462497,3251462
4/2/2024,1391.381958,1411.992749,1375.57692,1385.089723,5769001
4/3/2024,1384.494995,1389.251396,1376.56774,1387.120922,2727582
4/4/2024,1354.421021,1395.791382,1349.862873,1395.791382,4197697
4/5/2024,1363.041992,1369.334227,1345.007415,1354.56969,1853120
4/8/2024,1336.386597,1369.383723,1324.842507,1369.383723,14038860
4/9/2024,1344.165283,1352.488926,1333.859827,1343.81849,1935801
4/10/2024,1340.003418,1347.534286,1335.940603,1346.642446,3984001
4/12/2024,1331.977051,1346.048002,1328.806197,1337.724359,2183230
4/15/2024,1303.587646,1322.860738,1296.700771,1307.997134,3372368
4/16/2024,1292.48938,1309.978911,1282.629905,1290.160773,2696593
4/18/2024,1283.769409,1324.346996,1279.260735,1303.983812,6219274
4/19/2024,1298.088013,1304.033454,1258.451737,1268.360806,3899281
4/22/2024,1309.087158,1318.897161,1303.04265,1309.087158,8903130
4/23/2024,1310.078003,1326.378494,1306.907149,1309.087096,3847872
4/24/2024,1308.492554,1320.779823,1306.06488,1318.897076,2553035
4/25/2024,1318.451172,1324.792879,1304.826203,1308.49251,6097087
4/26/2024,1312.555298,1329.400716,1309.087124,1327.815289,2565490
4/29/2024,1305.272095,1323.603872,1295.115299,1322.167106,2191564
4/30/2024,1312.852539,1322.513881,1304.28117,1311.514839,2321071
5/2/2024,1326.626221,1336.436102,1294.669473,1321.820225,7991511
5/3/2024,1308.294312,1341.687823,1298.533783,1340.696916,3528822
5/6/2024,1278.220215,1310.47428,1245.569883,1310.47428,4000668
5/7/2024,1275.941284,1289.318527,1253.497219,1279.359865,3474340
5/8/2024,1265.635864,1281.936235,1257.510476,1281.589441,1627418
5/9/2024,1233.233276,1274.108188,1228.724601,1267.369972,2591646
5/10/2024,1255.231201,1267.072489,1234.422158,1238.633512,2022402
5/13/2024,1294.520874,1301.060836,1250.177788,1255.479116,2495810
5/14/2024,1319.144775,1327.716144,1273.563059,1294.520764,2989543
5/15/2024,1325.684692,1341.638268,1320.878818,1325.684692,2189768
5/16/2024,1332.819336,1354.321967,1298.583455,1339.904223,4822618
5/17/2024,1323.554321,1331.085311,1309.136698,1317.9062,1945123
5/21/2024,1372.901489,1386.080599,1320.878878,1331.778854,4200578
5/22/2024,1365.667847,1381.671017,1351.79515,1381.671017,1878562
5/23/2024,1430.225464,1435.625979,1357.4434,1371.415163,7821034
5/24/2024,1403.223267,1431.810907,1369.582025,1421.951432,19100263
5/27/2024,1418.631836,1443.800894,1410.654987,1431.860418,5517078
5/28/2024,1387.765137,1424.924146,1385.287869,1424.924146,4070886
5/29/2024,1397.178711,1414.866375,1370.325158,1393.215083,3214475
5/30/2024,1370.919678,1400.795545,1361.159269,1397.17871,3477661
5/31/2024,1424.32959,1437.805899,1378.351486,1378.351486,8238969
6/3/2024,1569.546875,1606.65641,1521.042033,1534.914729,23398347
6/4/2024,1237.593018,1543.832817,1177.197296,1543.832817,52109624
6/5/2024,1342.282471,1355.560647,1150.046531,1269.351747,20879925
6/6/2024,1340.647339,1391.233181,1332.571545,1371.415044,12153840
6/7/2024,1366.31189,1372.405991,1342.728379,1345.354186,5884018
6/10/2024,1371.464722,1402.480035,1368.690134,1391.233266,4843234
6/11/2024,1390.688232,1405.89875,1371.464735,1378.35149,4122878
6/12/2024,1381.274536,1401.588126,1377.955022,1398.912726,3258265
6/13/2024,1391.679199,1398.169688,1375.428422,1390.836953,2839159
6/14/2024,1423.773071,1435.01841,1388.693738,1402.178183,5651491
6/18/2024,1438.003906,1451.538036,1427.10697,1439.994223,5651898
6/19/2024,1441.387451,1444.969997,1413.572701,1438.999047,4484742
6/20/2024,1462.285767,1469.649963,1437.108211,1452.234691,4905603
6/21/2024,1478.307739,1491.642886,1462.882785,1472.784562,25891893
6/24/2024,1453.180054,1472.486151,1443.178663,1467.709342,3009931
6/25/2024,1449.099854,1461.788122,1430.042547,1459.051437,3343186
6/26/2024,1460.693481,1467.360994,1444.024579,1451.836548,3217949
6/27/2024,1478.307739,1486.766585,1451.936043,1468.455647,7803408
6/28/2024,1470.943604,1486.766646,1438.003885,1472.834429,11534763
7/1/2024,1467.360962,1484.179162,1464.474978,1475.819808,3372730
7/2/2024,1467.709351,1482.387937,1448.005287,1472.336861,5368562
7/3/2024,1503.33606,1506.669816,1463.679022,1472.635447,4435563
7/4/2024,1496.369873,1512.640688,1487.114852,1507.316615,2980840
7/5/2024,1493.185303,1502.191534,1486.667088,1500.698797,2111633
7/8/2024,1468.157227,1493.782555,1461.88768,1488.756957,2177821
7/9/2024,1470.844116,1496.668428,1467.858641,1472.834433,2256634
7/10/2024,1480.59668,1487.214386,1452.931228,1484.776296,2082079
7/11/2024,1476.665771,1491.244866,1470.744628,1487.761812,1765496
7/12/2024,1479.501953,1489.752133,1473.978897,1482.786024,2018935
7/15/2024,1487.811523,1497.7133,1478.10873,1486.766559,1913095
7/16/2024,1491.792236,1503.286243,1486.020269,1488.756955,2170314
7/18/2024,1486.667114,1496.966979,1465.072105,1482.785972,3263419
7/19/2024,1462.186279,1494.926893,1458.404629,1485.323712,2568243
7/22/2024,1460.245605,1467.858591,1435.565751,1462.882799,1721261
7/23/2024,1500.052002,1509.655305,1412.129781,1460.892543,5987213
7/24/2024,1477.611206,1506.222009,1472.834397,1500.698832,2201442
7/25/2024,1479.800537,1492.190211,1459.748071,1463.878003,2211808
7/26/2024,1535.28064,1540.40573,1482.786033,1488.657492,4500728
7/29/2024,1541.201782,1551.451962,1532.543953,1540.405728,1928637
7/30/2024,1538.763672,1549.362133,1528.563298,1547.07322,2800881
7/31/2024,1562.299194,1570.260462,1539.510043,1549.461627,2622023
8/1/2024,1582.451172,1597.179443,1560.905968,1573.295642,7160588
8/2/2024,1580.311523,1591.954828,1542.694488,1572.30045,4313297
8/5/2024,1486.61731,1555.880308,1464.425351,1532.543893,7147230
8/6/2024,1486.866089,1532.295093,1480.895139,1517.517015,3159971
8/7/2024,1536.325562,1540.35588,1506.868776,1512.640743,2258441
8/8/2024,1511.64563,1548.466491,1506.470855,1530.55364,2468123
8/9/2024,1526.374023,1536.027011,1511.64563,1534.036695,1503033
8/12/2024,1494.130859,1516.870205,1450.294083,1492.737613,9230512
8/13/2024,1476.2677,1510.103086,1472.336873,1498.559273,2485446
8/14/2024,1454.871704,1480.795628,1444.969927,1480.795628,2648057
8/16/2024,1486.219238,1489.951082,1449.99557,1464.076964,1985315
8/19/2024,1489.204712,1499.703681,1482.785989,1493.682925,1343387
8/20/2024,1485.32373,1502.689196,1479.10399,1497.663598,990643
8/21/2024,1496.220581,1509.655219,1485.323646,1491.84186,1551436
8/22/2024,1485.074951,1502.191627,1483.184126,1499.703731,1442064
8/23/2024,1484.079712,1495.723016,1478.904816,1485.771433,1181075
8/26/2024,1475.37207,1489.75206,1472.834368,1488.259322,1087057
8/27/2024,1471.192383,1489.65262,1468.455697,1477.710719,910064
8/28/2024,1462.683838,1479.203443,1459.897346,1472.237334,1225101
8/29/2024,1468.903564,1475.819867,1445.567028,1464.922931,3359850
8/30/2024,1474.72522,1479.800503,1458.902177,1473.779746,1996592
9/2/2024,1487.26416,1492.239952,1471.640223,1482.785948,2054244
9/3/2024,1472.386597,1490.846711,1469.450807,1487.264166,882478
9/4/2024,1464.972656,1468.007938,1453.976229,1464.873165,1122071
9/5/2024,1458.454346,1469.649877,1455.916643,1469.60007,959956
9/6/2024,1435.416504,1461.638904,1420.638426,1458.50413,3340767
9/9/2024,1428.947876,1434.62023,1404.168409,1424.071576,1621371
9/10/2024,1446.363159,1456.911813,1428.052221,1432.032855,1542798
9/11/2024,1423.673584,1450.79165,1418.200213,1447.905667,1637596
9/12/2024,1465.470215,1467.858619,1433.227059,1437.008709,4003674
9/13/2024,1445.069458,1468.505486,1442.97965,1465.818486,1683544
9/16/2024,1433.724609,1454.075671,1431.833906,1448.054914,1673805
9/17/2024,1419.692871,1438.003809,1413.224342,1435.814509,1321316
9/18/2024,1421.882324,1432.281681,1408.198897,1423.076466,1421406
9/19/2024,1401.381958,1431.037726,1387.698531,1426.061934,2072872
9/20/2024,1431.734253,1446.014872,1402.377082,1412.079876,4407151
9/23/2024,1449.099854,1451.886224,1436.859357,1440.989289,1139915
9/24/2024,1449.597412,1458.75282,1439.99411,1449.099833,1537307
9/25/2024,1445.517334,1456.911849,1431.236714,1451.936057,1227806
9/26/2024,1465.470215,1468.604988,1440.989343,1449.79647,2066994
9/27/2024,1449.647095,1477.810124,1445.417672,1477.810124,2694100
9/30/2024,1441.188354,1461.638908,1437.008738,1449.647201,2042408
10/1/2024,1460.394897,1465.71897,1440.989309,1441.188292,1687795
10/3/2024,1418.299683,1461.887668,1407.35294,1445.716345,3967953
10/4/2024,1406.855347,1439.397098,1397.401342,1417.901702,2611371
10/7/2024,1348.63855,1417.006001,1330.526716,1403.173276,4531821
10/8/2024,1411.682007,1417.453853,1335.502582,1335.502582,3031170
10/9/2024,1401.332275,1426.01213,1397.550625,1417.85188,1507508
10/10/2024,1410.338379,1423.126261,1400.038514,1410.139396,1628495
10/11/2024,1401.431763,1419.941684,1398.396481,1408.348065,1158809
10/14/2024,1403.471924,1419.095862,1400.337151,1411.134595,762384
10/15/2024,1413.423462,1417.802061,1400.187807,1409.094426,1018477
10/16/2024,1397.003418,1411.532706,1385.2605,1411.134619,1450465
10/17/2024,1387.947388,1401.183043,1380.832102,1397.003426,1418861
10/18/2024,1398.794556,1403.720662,1369.337893,1382.274951,1290065
10/21/2024,1368.840332,1406.059279,1364.660715,1403.073804,1644382
10/22/2024,1356.251587,1380.384178,1347.344968,1368.04419,2467299
10/23/2024,1333.959961,1364.163114,1328.73538,1356.201847,1916219
10/24/2024,1347.842529,1352.420234,1329.730574,1338.488016,1115993
10/25/2024,1312.315308,1361.376664,1297.835826,1353.415397,2078274
10/28/2024,1345.653076,1357.495485,1296.840632,1320.425836,2126411
10/29/2024,1366.053833,1370.780835,1315.599353,1358.092566,3790528
10/30/2024,1389.440063,1408.049598,1351.474869,1373.26874,2526884
10/31/2024,1369.288086,1401.18296,1365.456751,1401.133153,1891761
11/1/2024,1387.648804,1391.181543,1371.72627,1379.787029,243881
11/4/2024,1342.717407,1388.245902,1329.531559,1387.449727,1700308
11/5/2024,1322.913818,1346.499146,1289.625818,1343.463864,4852958
11/6/2024,1363.366943,1375.308844,1308.832217,1323.560609,3645515
11/7/2024,1346.548828,1366.302698,1343.463861,1366.302698,1292794
11/8/2024,1355.505249,1360.680146,1332.119026,1346.548823,1400491
11/11/2024,1341.374023,1351.375292,1332.566896,1348.539115,1269498
11/12/2024,1319.579956,1348.240565,1313.609006,1341.523246,1038042
11/13/2024,1281.664551,1322.814327,1278.629269,1315.599429,1437072
11/14/2024,1258.427612,1290.372173,1254.54647,1283.704539,2963013
11/18/2024,1273.106201,1282.659698,1255.19335,1257.880229,1445637
11/19/2024,1283.406006,1315.051969,1275.79302,1278.778495,2631778
11/21/2024,1109.253296,1155.080266,990.8294505,1155.080266,46926687
11/22/2024,1131.246338,1150.303646,1048.896978,1067.406901,27086168
11/25/2024,1161.150879,1185.631751,1134.181989,1179.262713,10532688
11/26/2024,1123.384521,1168.76372,1113.930517,1166.375437,5802555
11/27/2024,1194.140259,1225.736538,1096.664543,1096.664543,24434211
11/28/2024,1161.946899,1220.95984,1157.518493,1190.856299,15602469
11/29/2024,1184.28833,1209.714555,1163.240705,1169.311147,9412850
12/2/2024,1209.913574,1214.988858,1183.641369,1196.080849,6941125
12/3/2024,1282.410889,1303.159917,1214.093241,1221.009543,16753958
12/4/2024,1263.40332,1294.701002,1255.889826,1294.701002,4874025
12/5/2024,1270.867065,1278.579543,1248.127599,1267.831784,4369917
12/6/2024,1252.954224,1276.290639,1250.018433,1272.807585,2232531
12/9/2024,1260.716309,1271.364576,1242.952757,1251.710199,2849557
12/10/2024,1242.703979,1266.737078,1238.375065,1266.737078,2406907
12/11/2024,1227.826416,1252.257481,1224.791134,1248.028058,2595435
12/12/2024,1237.977051,1261.860852,1217.526497,1227.826484,5457302
12/13/2024,1253.849731,1255.889855,1224.044787,1235.936881,2818291
12/16/2024,1237.131104,1255.740516,1234.941682,1251.90918,1337624
12/17/2024,1225.935669,1253.402017,1223.099492,1229.120127,2684726
12/18/2024,1204.191406,1232.9017,1201.404914,1230.015717,1931870
12/19/2024,1199.165894,1203.146527,1179.262725,1181.750621,1541271
12/20/2024,1176.724976,1210.013096,1170.505236,1199.165846,3045185
12/23/2024,1186.029785,1193.194877,1168.564707,1184.188645,1540796
12/24/2024,1176.476196,1197.275031,1174.286896,1192.199747,1380778
12/26/2024,1237.927246,1242.952845,1176.824617,1181.253024,3827047
12/27/2024,1224.741333,1244.89329,1219.815348,1242.405394,2595142
12/30/2024,1212.600464,1252.705394,1206.131935,1227.776629,8312636
12/31/2024,1225.139404,1230.81188,1202.300569,1216.083488,1717204
1/1/2025,1212.799438,1225.83611,1200.509257,1217.078668,1937930
1/2/2025,1220.064209,1222.452613,1202.250849,1217.874909,3772207
1/3/2025,1193.74231,1231.608014,1191.204607,1228.523047,3040564
1/6/2025,1157.418945,1195.085664,1152.443154,1193.742224,2298522
1/7/2025,1168.315918,1176.426483,1156.423824,1157.418982,2010913
1/8/2025,1146.721069,1177.819769,1135.575222,1177.819769,2900996
1/9/2025,1126.867554,1151.099636,1124.479149,1151.099636,1884725
1/10/2025,1106.815063,1131.893127,1100.943726,1129.405231,1902237
1/13/2025,1061.485718,1101.092949,1053.822925,1095.569893,2273302
1/14/2025,1111.691406,1125.92222,1069.845069,1073.626598,6277854
1/15/2025,1123.434326,1136.42107,1113.084655,1119.553184,3135942
1/16/2025,1145.178467,1184.238432,1139.854394,1174.237042,3997547
1/17/2025,1157.866821,1167.967704,1139.95397,1157.369242,2464355
1/20/2025,1143.138428,1166.325667,1140.949128,1166.325667,1312101
1/21/2025,1100.844116,1148.661523,1098.654816,1144.4321,3134022
1/22/2025,1096.91333,1112.636881,1075.218829,1110.099179,1906032
1/23/2025,1098.654785,1108.855158,1084.374288,1096.913258,1968815
1/24/2025,1088.852539,1109.601566,1082.98108,1098.804123,2400140
1/27/2025,1076.761353,1088.305165,1062.381363,1079.846319,2371555
1/28/2025,1075.467651,1091.340501,1056.111869,1081.737198,2404643
1/29/2025,1091.638916,1097.510375,1069.297659,1079.746822,4603700
1/30/2025,1071.835327,1113.084591,1005.856281,1098.555304,14097862
1/31/2025,1094.027344,1103.879436,1068.800103,1079.746845,4659891
2/1/2025,1078.851196,1112.089511,1057.853378,1100.545698,4919797
2/3/2025,1079.597534,1088.703258,1049.892081,1078.751674,3961203
2/4/2025,1119.65271,1122.439202,1086.464201,1094.674258,4071098
2/5/2025,1138.809448,1149.308418,1118.110227,1120.548317,2979646
2/6/2025,1158.414185,1163.738258,1134.580068,1150.005023,6263278
2/7/2025,1140.551025,1169.958005,1127.315491,1154.383752,4079540
2/10/2025,1138.660156,1153.239251,1121.792271,1144.432123,2415627
2/11/2025,1134.580078,1154.383755,1108.656274,1138.660203,4901591
2/12/2025,1123.484009,1138.660174,1093.629257,1134.480558,2862155
2/13/2025,1106.168335,1146.074161,1100.694964,1128.310609,3763868
2/14/2025,1057.55481,1114.577436,1037.104377,1114.577436,4565339
2/17/2025,1077.656982,1084.02602,1034.964666,1053.822867,2518527
2/18/2025,1079.896118,1082.632804,1056.808371,1077.657012,1715308
2/19/2025,1077.607178,1086.414305,1049.44427,1056.460063,1792268
2/20/2025,1106.317505,1120.548318,1068.800083,1068.999066,3714173
2/21/2025,1078.005249,1113.68165,1074.770984,1106.317455,2360177
2/24/2025,1065.217529,1078.00529,1060.540212,1078.00529,1669749
2/25/2025,1075.119385,1086.115934,1062.580413,1069.397224,1665355
2/27/2025,1073.726074,1082.6825,1063.923789,1077.756514,1819078
2/28/2025,1064.222412,1077.65705,1054.071724,1068.800116,2849138
3/3/2025,1047.951538,1075.766165,1035.561744,1069.745409,2274285
3/4/2025,1052.827759,1057.853357,1031.48166,1042.876175,1788886
3/5/2025,1107.312622,1113.233887,1049.892035,1051.683369,3785743
3/6/2025,1130.698853,1143.188138,1096.515188,1112.786002,4020627
3/7/2025,1138.95874,1151.348413,1128.609069,1130.698877,2211623
3/10/2025,1137.366577,1162.991906,1131.445312,1140.451544,2430740
3/11/2025,1129.504761,1140.352011,1118.956106,1131.793674,2399428
3/12/2025,1122.83728,1149.557259,1099.650041,1133.485427,2842848
3/13/2025,1113.78125,1133.933208,1109.65144,1129.504802,1358839
3/17/2025,1131.644409,1142.989239,1105.819976,1109.402643,1489537
3/18/2025,1131.644409,1131.644409,1131.644409,1131.644409,0
3/19/2025,1167.818359,1178.765102,1153.18958,1154.383721,2416781
3/20/2025,1171.749146,1181.20315,1155.577822,1179.26264,1919013
3/21/2025,1183.044312,1196.727739,1166.375409,1176.277186,3127446
3/24/2025,1194.986206,1204.987475,1180.30762,1190.209397,2135192
3/25/2025,1176.724976,1203.245971,1168.863322,1199.165846,2090037
3/26/2025,1175.87915,1196.379389,1167.370619,1177.272396,1676081
3/27/2025,1190.955811,1206.131976,1169.311115,1176.277224,2004036
3/28/2025,1177.222534,1199.165825,1169.510057,1191.90112,1670913
4/1/2025,1169.062256,1196.180321,1162.394744,1173.291679,1584541
4/2/2025,1189.661987,1193.145041,1161.698062,1176.675244,1232853
4/3/2025,1194.090576,1199.962035,1164.584106,1164.584106,1300511
4/4/2025,1142.790039,1194.289482,1137.465966,1190.209358,1785093
4/7/2025,1105.272705,1113.582253,1036.457477,1044.866517,2192949
4/8/2025,1125.872437,1150.054834,1105.670794,1129.504789,2423486
4/9/2025,1126.320313,1130.101841,1106.616128,1128.360314,1537177
4/11/2025,1158.911743,1164.633904,1142.441823,1157.369199,3536245
4/15/2025,1204.937866,1219.964734,1173.29178,1194.190107,3176522
4/16/2025,1226.930786,1229.518174,1195.78228,1204.141635,1909731
4/17/2025,1253.30249,1276.290625,1212.69998,1226.930793,4280765
4/21/2025,1237.081299,1253.899499,1203.544512,1253.302428,6049182
4/22/2025,1227.229248,1249.52082,1221.059315,1243.54987,2932537
4/23/2025,1233.100708,1236.782867,1210.908749,1234.095866,2580999
4/24/2025,1230.413818,1241.957631,1225.63701,1232.006047,2133285
4/25/2025,1187.223999,1237.380008,1175.481081,1230.314407,3628854
4/28/2025,1204.042114,1208.818801,1178.36698,1182.347614,2646406
4/29/2025,1210.51062,1217.974308,1196.677895,1206.131899,2381980
4/30/2025,1210.610107,1220.561691,1198.071137,1209.216861,1824334
5/2/2025,1256.984497,1288.730073,1236.683242,1248.923739,10694521
5/5/2025,1340.577881,1370.333142,1279.47513,1283.754359,14191797
5/6/2025,1314.405273,1349.733397,1308.633306,1343.46385,3604276
5/7/2025,1331.720947,1334.806036,1292.41219,1292.511803,3269847
5/8/2025,1326.64563,1360.282032,1310.026533,1333.512247,5077662
5/9/2025,1299.975464,1318.485386,1286.341721,1293.705917,2979366
5/12/2025,1355.505249,1368.342817,1338.985644,1353.415441,3662785
5/13/2025,1362.570801,1385.160969,1340.577825,1354.012463,3356599
5/14/2025,1365.158325,1375.209401,1355.405724,1373.318575,1557379
5/15/2025,1399.391602,1403.07376,1365.257744,1368.939781,3706424
5/16/2025,1400.585938,1418.001209,1394.2169,1404.068992,2777119
5/19/2025,1391.530029,1403.770405,1385.260483,1400.685438,1317210
5/20/2025,1377.89624,1400.486408,1374.711782,1392.226545,2970441
5/21/2025,1377.89624,1384.265278,1363.565936,1373.318536,1993690
5/22/2025,1364.760254,1401.183027,1352.022178,1373.418083,3186493
5/23/2025,1388.644043,1391.72901,1368.342787,1376.403546,1715309
5/26/2025,1393.420654,1403.770325,1388.046896,1389.042055,1024835
5/27/2025,1397.401367,1412.12976,1378.692462,1390.236275,2571237
5/28/2025,1404.168457,1420.887166,1396.20719,1398.197507,2035398
5/29/2025,1431.634766,1434.02317,1403.670841,1414.120003,1662886
5/30/2025,1425.862915,1450.443277,1421.882282,1435.018323,2575127
6/2/2025,1460.892456,1474.824673,1418.399243,1425.862931,3164701
6/3/2025,1425.365356,1464.873094,1419.792372,1462.882778,3677200
6/4/2025,1429.24646,1434.12276,1416.209909,1425.365439,1446972
6/5/2025,1449.647095,1460.593836,1431.037682,1436.809649,2019939
6/6/2025,1464.574585,1471.739798,1446.661734,1449.647209,1269864
6/9/2025,1459.996826,1476.815027,1456.016193,1474.82471,1493331
6/10/2025,1466.664429,1486.766579,1462.683795,1464.873095,2125187
6/11/2025,1449.348633,1468.853712,1441.785454,1466.664412,2192673
6/12/2025,1438.800049,1458.504112,1433.127573,1452.732266,2192452
6/13/2025,1405,1423.800049,1397.099976,1405,3380550
6/16/2025,1400.599976,1411.199951,1375,1389,2823300
6/17/2025,1392.300049,1414.800049,1384,1400.5,1571621
6/18/2025,1372.599976,1395.199951,1365.199951,1387,1732093
6/19/2025,1338,1372.599976,1331.599976,1370.5,2950283
6/20/2025,1349.300049,1356.699951,1334.599976,1338,4541583
6/23/2025,1354.800049,1364.900024,1335.699951,1341,3921155
6/24/2025,1389.5,1418.699951,1385.099976,1395.099976,7635176
6/25/2025,1393.099976,1404,1385.5,1399.699951,1915989
6/26/2025,1429.300049,1433,1395.199951,1399,2877806
6/27/2025,1440.199951,1456.800049,1427,1434.900024,2888390
6/30/2025,1450.199951,1453.5,1432.699951,1440.800049,1586196
7/1/2025,1447,1459.800049,1442,1450.300049,2134736
7/2/2025,1443.900024,1458,1440,1458,1219600
7/3/2025,1431.099976,1451.099976,1426.699951,1444,978007
7/4/2025,1424.400024,1439.900024,1416.599976,1432,608462
7/7/2025,1435.599976,1437.800049,1417,1424.400024,764520
7/8/2025,1448.5,1449.900024,1430,1438,824935
7/9/2025,1443,1455.800049,1438.300049,1448.400024,1008636
7/10/2025,1443.099976,1450.199951,1437.199951,1444,1035509
7/11/2025,1431.699951,1453.900024,1428.300049,1444,819864
7/14/2025,1433,1446.5,1426.099976,1432,718442
7/15/2025,1445.099976,1449.300049,1429,1434.400024,735108
7/16/2025,1456.699951,1474,1442.900024,1447.5,2488981
7/17/2025,1452.5,1464,1448.900024,1455,1168071
7/18/2025,1443.099976,1456.5,1429.099976,1452.400024,1147990
7/21/2025,1450.5,1453.099976,1430,1442.099976,815780
7/22/2025,1420.699951,1454.5,1417.099976,1454.5,976668
7/23/2025,1420.800049,1438.5,1419,1430,740816
7/24/2025,1411.599976,1426,1405,1423.199951,598011
7/25/2025,1396.300049,1416.699951,1390,1411.699951,744410
7/28/2025,1376,1404.099976,1373.5,1396.300049,790020
7/29/2025,1395.900024,1398.699951,1373.599976,1376,782760
7/30/2025,1394,1403.099976,1391.5,1398.800049,627316
7/31/2025,1373.099976,1395.800049,1370.300049,1382.099976,1412892
8/1/2025,1347.099976,1375.900024,1342.800049,1371,1239941
8/4/2025,1388.900024,1397,1345.199951,1349.800049,1368323
8/5/2025,1358.099976,1394.199951,1346,1392,3000067
8/6/2025,1367.099976,1386.900024,1358.099976,1374,2293293
8/7/2025,1345.400024,1357.900024,1315,1351,2857406
8/8/2025,1325,1356.900024,1317.699951,1345.400024,1561061
8/11/2025,1339.400024,1348.300049,1313.699951,1325,2053173
8/12/2025,1330.5,1349.599976,1328.199951,1342,1260241
8/13/2025,1319.599976,1339.300049,1316.599976,1335.199951,1205658
8/14/2025,1300.300049,1329,1290.5,1324.800049,2298528
8/18/2025,1327.199951,1332,1295,1321.900024,10225114
8/19/2025,1369.400024,1371.699951,1325,1332,3150673
8/20/2025,1370.599976,1374.599976,1358,1369.400024,1594619
8/21/2025,1361.800049,1377.800049,1355.300049,1371.099976,1227167
8/22/2025,1341.199951,1364,1338.199951,1364,1210284
8/25/2025,1340.400024,1348.900024,1332.5,1341.300049,1214246
8/26/2025,1315.400024,1339.900024,1310,1335.199951,1652272
8/28/2025,1315.400024,1338.800049,1311.199951,1316.900024,1785681
8/29/2025,1312.800049,1322.900024,1303,1318,1592903
9/1/2025,1335.300049,1338.5,1316.099976,1318.300049,983914
9/2/2025,1336.199951,1348.800049,1328.199951,1340.900024,1495993
9/3/2025,1332.400024,1344.800049,1327.599976,1338,1774676
9/4/2025,1328.199951,1348,1326,1338,1350147
9/5/2025,1321.800049,1335.699951,1312.800049,1330,1135666
9/8/2025,1348.300049,1363.400024,1321.900024,1321.900024,1445628
9/9/2025,1380.900024,1385,1348.300049,1354.699951,3515252
9/10/2025,1389.099976,1404.900024,1385,1400,2553605
9/11/2025,1393.099976,1423.099976,1388,1404.900024,4041646
9/12/2025,1393.099976,1406.5,1391.099976,1395.5,1466190
9/15/2025,1395.199951,1409,1392.199951,1393.099976,1254831
9/16/2025,1408.199951,1412.599976,1396.599976,1400,1636246
9/17/2025,1406.099976,1413.099976,1396.199951,1410,1062568
9/18/2025,1412.800049,1415,1401,1410,1416920
9/19/2025,1427.800049,1460,1425,1447.800049,8069167
9/22/2025,1444.199951,1461.699951,1425,1433,5490489
9/23/2025,1441.599976,1455,1423.099976,1453,2550337
9/24/2025,1431.599976,1452.400024,1429.099976,1445,2603193
9/25/2025,1407.199951,1439.900024,1404.099976,1431.699951,1970560
9/26/2025,1392,1416.699951,1390.300049,1407.199951,1899079
9/29/2025,1383.199951,1401.300049,1377.599976,1393.599976,1978395
9/30/2025,1403.5,1408,1387.199951,1389.699951,1999250
10/1/2025,1422.699951,1426.900024,1392.699951,1406,1602493
10/3/2025,1419.099976,1431,1412.5,1413,1576970
10/6/2025,1400.5,1419.099976,1395,1419.099976,1338654
10/7/2025,1399.5,1415,1397.300049,1400.800049,1608151
10/8/2025,1394.300049,1411.099976,1386,1399.400024,1704405
10/9/2025,1395.599976,1399.800049,1388.400024,1394.5,1250770
10/10/2025,1409.400024,1418,1395.699951,1400.5,1359246
10/13/2025,1437.800049,1441.900024,1396,1400.800049,2245061
10/14/2025,1429,1442.199951,1422,1440,2640234
10/15/2025,1450.699951,1456.300049,1430,1430,2675240
10/16/2025,1479.5,1490.5,1453,1454,6512312
10/17/2025,1479.400024,1489,1462.5,1479.5,3290072
10/20/2025,1467,1489,1459.099976,1488,2660484
10/21/2025,1473.5,1481.5,1470,1477,394024
10/23/2025,1453.099976,1483.5,1450.300049,1478.800049,2999137
10/24/2025,1429,1463.5,1422.300049,1463,1907383
10/27/2025,1420.599976,1429.800049,1410,1429,2280976
10/28/2025,1417.900024,1435,1410,1425.900024,2068057
10/29/2025,1454.800049,1464.800049,1421.599976,1424.099976,3578596
10/30/2025,1457.900024,1463,1449.599976,1458,1380931
10/31/2025,1451.5,1461.699951,1443,1457.900024,1141853
11/3/2025,1444.699951,1457.400024,1435.300049,1451.5,1059573
11/4/2025,1444.400024,1466.300049,1432,1449.599976,3554714
11/6/2025,1436.800049,1466.300049,1434.300049,1452.099976,2745063
11/7/2025,1448.300049,1464,1425,1435,2184538
11/10/2025,1444.900024,1463.900024,1441,1452.199951,1161695
11/11/2025,1474.400024,1476,1437.800049,1453,2258827
11/12/2025,1506.900024,1515,1475.5,1477,4641466
11/13/2025,1499,1515,1487.800049,1515,2304918
11/14/2025,1512.699951,1523.599976,1497,1500,2345593
11/17/2025,1507.599976,1519,1503,1518.900024,1750560
11/18/2025,1495,1518.900024,1490.199951,1518.900024,1818617
11/19/2025,1484.199951,1499.5,1478,1499,1746304
11/20/2025,1491.099976,1505,1487.599976,1500,1459401
11/21/2025,1479.800049,1492.300049,1467.099976,1492,1165365
11/24/2025,1485.900024,1490.199951,1471.300049,1482,2485518
11/25/2025,1483.900024,1492.400024,1474.5,1490,1355333
11/26/2025,1506.199951,1523,1484.300049,1484.300049,3986754
11/27/2025,1509.099976,1513.900024,1501,1511.800049,861910
11/28/2025,1516.900024,1534.300049,1503.099976,1510,2612938
12/1/2025,1530.5,1549,1523,1530,4059126
12/2/2025,1518.099976,1530,1510,1528.099976,1974536
12/3/2025,1497.699951,1524,1488.599976,1514,1958074
12/4/2025,1505.599976,1509.099976,1490.199951,1497.699951,1591805
12/5/2025,1509.400024,1514,1493.300049,1504.599976,1141428
12/8/2025,1480.5,1510.900024,1472.599976,1509.400024,1070689
12/9/2025,1497.199951,1499.199951,1460.900024,1476.900024,1327921
12/10/2025,1498.099976,1521,1493.599976,1500,1677388
12/11/2025,1504,1515,1495,1496,1451645
12/12/2025,1522.800049,1527.400024,1509.5,1512,1152570
12/15/2025,1512.599976,1522.800049,1508.099976,1522.800049,850425
12/16/2025,1499,1512.599976,1494.199951,1512.599976,1122212
12/17/2025,1486.300049,1500,1479.300049,1494.099976,964352
12/18/2025,1495.699951,1498,1476,1486.400024,683681
12/19/2025,1496.400024,1503.699951,1490.699951,1495,1276175
12/22/2025,1508.699951,1515,1497.5,1497.5,1116833
12/23/2025,1493.599976,1513.800049,1491.199951,1508.699951,928446
12/24/2025,1494.300049,1507.199951,1492,1503,1318023
12/26/2025,1487.099976,1501.400024,1485,1499.599976,876540
12/29/2025,1454.400024,1487.099976,1451,1487.099976,1568472
12/30/2025,1461.199951,1470.5,1447.300049,1450,3463973
12/31/2025,1469.800049,1475,1461.300049,1468.5,707055
1/1/2026,1481.099976,1490.900024,1470.400024,1472.800049,981252
1/2/2026,1489.5,1495,1478.300049,1480.099976,1251176
1/5/2026,1493,1496.800049,1479.099976,1488,790039
1/6/2026,1473.199951,1493,1470.699951,1490,1675609
1/7/2026,1465.300049,1480.400024,1459,1473.199951,2124534
1/8/2026,1465.199951,1489,1460.300049,1468,1974347
1/9/2026,1435.900024,1463,1431,1463,2280396
1/12/2026,1443.5,1447.099976,1403.900024,1435.900024,1539180
1/13/2026,1428.599976,1449,1420,1443.5,919873
1/14/2026,1430,1438.900024,1423,1429,1278819
1/15/2026,1430,1430,1430,1430,0
1/16/2026,1421.900024,1448,1416.099976,1430,1556318
1/19/2026,1403,1421,1395.599976,1421,1130162
1/20/2026,1367.599976,1412.900024,1359.599976,1409,1799611
1/21/2026,1378.599976,1390.400024,1345,1371.699951,2141532
1/22/2026,1414.199951,1421.699951,1388.5,1400,1689638
1/23/2026,1308.400024,1417,1292,1417,6380222
1/27/2026,1363.900024,1368.300049,1322,1334.300049,3838632
1/28/2026,1381.900024,1384.300049,1363.699951,1373.900024,2938285
1/29/2026,1417.800049,1429,1371.599976,1384.900024,3918681
1/30/2026,1419.800049,1428.5,1407,1417.800049,2227414
2/2/2026,1403.099976,1406,1348,1348,2796673
2/3/2026,1530.800049,1537,1477.199951,1477.199951,11977119
2/4/2026,1567.900024,1572.300049,1508.5,1529.900024,6632728
2/5/2026,1570.199951,1577.699951,1548.599976,1568,3285127
2/6/2026,1550.699951,1575.5,1527,1563,4429173
2/9/2026,1561.699951,1583.900024,1554.5,1575.900024,1761025
2/10/2026,1554.699951,1568,1525,1565,1643366
2/11/2026,1553.400024,1559.400024,1539.199951,1554.699951,1359416
2/12/2026,1543.699951,1551,1532.5,1542.099976,1107584
2/13/2026,1519,1543,1507,1543,1838361
2/16/2026,1540.099976,1545.5,1495.300049,1517.5,1644108
2/17/2026,1566.300049,1576.5,1535.699951,1545,3168457
2/18/2026,1550.800049,1565,1540,1565,1326139
2/19/2026,1513.300049,1550.800049,1506.699951,1550,984392
2/20/2026,1511.5,1529.199951,1505.199951,1513.300049,1126987
2/23/2026,1555.800049,1564.5,1510.800049,1511,3113728
2/24/2026,1555.400024,1564,1536.400024,1553.699951,1360612
2/25/2026,1528.699951,1584,1518.5,1567,2153982
2/26/2026,1550.599976,1554.599976,1526,1537.599976,1353287
2/27/2026,1521,1545.099976,1516.199951,1545,1596106
3/2/2026,1470.300049,1497.300049,1430,1462,4206655
