Date,Close,High,Low,Open,Volume
3/2/2016,32.98802567,33.83319849,32.2749156,32.75032231,9313684
3/3/2016,33.01443481,33.54266358,32.40696914,33.2785492,7706783
3/4/2016,33.38419724,34.1501331,33.01443854,33.27855295,9013442
3/8/2016,33.83319092,34.07089422,32.88237401,33.54266178,11091171
3/9/2016,35.07453537,35.31223869,33.33137155,33.5426638,7364105
3/10/2016,34.4406662,35.65559412,34.28219605,35.41789075,5795786
3/11/2016,34.57271194,35.28582555,34.22936437,34.44065661,4388832
3/14/2016,34.73118591,35.20659257,34.15013128,34.88965603,9639983
3/15/2016,35.18018341,35.86688606,34.86324685,35.02171328,13157445
3/16/2016,34.91607285,36.07817861,34.49348826,35.86689002,6623525
3/17/2016,35.57636261,36.50076875,35.02171892,35.39148138,6197000
3/18/2016,36.39511871,36.68564793,35.54994954,35.68200861,4953618
3/21/2016,36.23664093,36.71205126,35.81405643,35.97252654,4441860
3/22/2016,36.56313705,36.85670811,35.94930326,36.74995636,3518755
3/23/2016,38.00431442,38.59146032,36.42969606,36.58982743,9235585
3/28/2016,36.50976563,38.27120341,36.3229463,38.13775996,4467554
3/29/2016,36.10943604,36.83002161,35.78917329,36.48307466,2954449
3/30/2016,38.69821167,38.96509478,36.29625247,36.3229404,7701201
3/31/2016,39.39211273,39.97925862,38.69821509,38.85834273,9873493
4/1/2016,40.61977768,41.47380664,38.85834014,39.25866669,7591623
4/4/2016,42.99504852,43.68894991,42.27446293,42.38121469,12870242
4/5/2016,39.73906708,43.39537868,39.49886812,43.39537868,15609107
4/6/2016,40.29951859,40.75322104,39.73906436,39.87250407,8288100
4/7/2016,40.45965195,41.20692926,40.00594947,40.8332906,8449410
4/8/2016,41.76737976,42.11433044,40.08600969,40.08600969,5535709
4/11/2016,42.64810181,42.91498494,40.85997619,41.79407278,9178024
4/12/2016,42.24777603,43.34200028,41.90082533,42.7014785,5169116
4/13/2016,42.99504852,43.55550647,42.08764362,42.94167264,8758910
4/18/2016,44.27609634,44.72980258,43.34200341,43.36869135,6639271
4/20/2016,44.94330597,45.37032049,44.32947213,44.48960351,9906061
4/21/2016,44.40953445,45.37031895,43.84907652,45.37031895,7968200
4/22/2016,43.79570389,44.48960531,43.58219662,44.0358991,2894785
4/25/2016,44.22270966,44.54297236,43.1284856,43.79569521,4414513
4/26/2016,44.96998978,45.15680908,43.76901016,43.76901016,7920306
4/27/2016,45.77064896,46.3311032,44.67642094,44.94330783,6246060
4/28/2016,44.75649261,46.14429185,44.56967327,46.01084839,15756725
4/29/2016,46.27772522,47.39864113,44.40953578,44.8365503,6954309
5/2/2016,46.4645462,47.31857527,45.10343505,46.06421961,8407771
5/3/2016,45.85071182,47.1317554,45.58382868,46.43785773,3210334
5/4/2016,42.24777603,46.0642188,41.90082533,45.95746704,20822656
5/5/2016,41.68731308,43.12848786,40.83328414,41.90082032,9217609
5/6/2016,40.96672821,41.79406923,40.56640167,41.58055825,4208863
5/9/2016,41.31367874,41.84744876,40.96673178,41.23361492,3602403
5/10/2016,40.13938904,41.52718816,39.87250589,41.36705677,4712978
5/11/2016,39.65899658,40.91335219,38.99178687,39.47217726,6481488
5/12/2016,40.40627289,40.61978014,39.76575113,39.87250289,2523613
5/13/2016,39.15192032,41.07348574,37.55061393,40.19276872,6561921
5/16/2016,40.64647293,40.88666815,39.12523404,39.44549309,5208855
5/17/2016,40.0059433,40.72652882,39.73906019,40.72652882,2650065
5/18/2016,40.0059433,40.83328431,39.20529023,39.49886127,4061224
5/19/2016,38.16444397,40.00594539,37.89756084,40.00594539,4148628
5/20/2016,36.77664948,38.671527,36.5631422,38.59146317,5822513
5/23/2016,37.20365906,38.11106765,36.96346387,37.0969073,4193119
5/24/2016,37.65736389,37.97762665,36.83002279,37.15028555,3990547
5/25/2016,37.95093536,38.21781848,37.52392088,37.95093536,2631012
5/26/2016,39.55224991,39.92588486,37.97763134,38.16445068,3692219
5/27/2016,39.15192032,40.56640738,38.75159372,39.6056228,3452128
5/30/2016,39.84580994,40.16607264,38.83164968,39.44548342,2433947
5/31/2016,38.88503265,40.21945586,38.3779543,40.21945586,6312199
6/1/2016,40.1126976,41.26030141,38.75159028,38.96509753,9021732
6/2/2016,40.32619858,40.77990095,39.60561312,40.61977334,5390009
6/3/2016,38.45801163,40.94003457,38.13775265,40.56639972,5454098
6/6/2016,38.591465,38.91172405,37.41717306,38.45802154,5051899
6/7/2016,38.85834503,39.1786078,38.32457873,38.91172091,4197626
6/8/2016,39.97925568,40.29951467,38.80496399,38.96509536,4976982
6/9/2016,39.87250137,40.43295929,39.41879894,40.08600862,3803414
6/10/2016,39.84580994,40.51301955,39.44548342,39.79243406,2797763
6/13/2016,38.85834503,39.68568616,38.45801844,39.0718523,4466319
6/14/2016,42.08764648,42.56803691,38.85834574,39.12523263,11896589
6/15/2016,42.64810181,42.91498494,41.68731728,42.22108729,8418476
6/16/2016,42.00757599,42.59472188,40.99341932,42.16770737,4883954
6/17/2016,42.06095123,43.34199464,41.847444,42.32783434,5533237
6/20/2016,42.56803513,43.12849309,41.31367949,41.63394226,3617653
6/21/2016,41.98088837,43.07511633,41.68731729,42.67478976,3180115
6/22/2016,41.44712067,42.48796898,41.0467941,42.32783761,4106076
6/23/2016,42.06095123,42.32783434,40.69984028,41.60724883,5537212
6/24/2016,39.60562515,40.48634222,38.59146463,40.03263972,5617427
6/27/2016,40.32619858,40.61977334,39.01846734,39.81912034,3331651
6/28/2016,43.47544098,44.03589517,40.24614058,40.40627195,14977945
6/29/2016,44.46291351,44.75648834,43.12849403,43.90245927,8713634
6/30/2016,46.30441284,46.83818285,44.43622341,44.62304273,9513478
7/1/2016,45.18349838,46.57129735,45.05005495,46.46454186,4926955
7/4/2016,45.90408707,46.35779326,45.23687735,45.37032078,4389525
7/5/2016,45.15680695,46.14427928,44.91661178,45.69057315,4880851
7/7/2016,44.6497345,45.58383116,44.51629479,45.13012867,3419333
7/8/2016,43.74232483,44.83654903,43.0484272,44.67641765,4342598
7/11/2016,44.6764183,44.99668106,43.82238928,44.30278341,4478982
7/12/2016,44.80986404,45.29025446,44.38284951,44.99668337,4933490
7/13/2016,43.95582962,45.61051166,43.55550308,45.05005376,5360149
7/14/2016,43.74232483,44.40953452,43.58219346,43.98252002,3366956
7/15/2016,43.18186569,44.64972847,42.70147532,43.95583086,4422082
7/18/2016,43.28861618,44.88992221,42.75484626,43.5021234,6300888
7/19/2016,42.83491516,43.76900788,42.43458864,43.1284862,4267228
7/20/2016,44.27609634,44.64973501,42.83492503,43.0484323,7248467
7/21/2016,43.28861618,45.10342569,42.96835348,44.40952816,5338705
7/22/2016,43.55550385,43.87576658,42.91498211,42.91498211,4153765
7/25/2016,43.15518188,43.66226398,42.70147941,43.50213259,6642295
7/26/2016,44.24940109,45.50375661,43.28862037,43.34199625,14027560
7/27/2016,44.22270966,44.94329888,43.87576275,44.35615307,9301461
7/28/2016,43.92914581,44.83655073,42.59472264,44.35616033,52012681
7/29/2016,43.04842758,43.82238904,42.75485277,43.07511552,7206920
8/1/2016,41.5004921,43.63556437,39.89918602,43.28861746,8520575
8/2/2016,41.52718735,42.16770914,41.20692832,41.36705596,5121353
8/3/2016,40.1126976,41.74069179,39.95256623,41.36705317,6990512
8/4/2016,40.85997391,41.20692458,39.63230631,40.43295942,4363036
8/5/2016,41.23361588,41.44712314,40.29951926,41.15354832,6216275
8/8/2016,42.00757599,42.27446286,41.10017108,41.47380972,4328727
8/9/2016,41.42043304,42.32783793,40.99341854,41.92751137,4575831
8/10/2016,42.64810181,43.44875496,40.83328825,41.5271859,22730605
8/11/2016,40.51302338,42.83491889,39.81912576,42.70147546,10262382
8/12/2016,40.03263474,40.75322032,39.7657516,40.61978062,4789062
8/16/2016,39.44549179,40.45965227,39.23198452,40.13938949,6591779
8/17/2016,39.71237946,40.3262134,39.41880833,39.49887216,5498363
8/18/2016,39.89919281,40.45965078,39.71237349,39.87250487,4474693
8/19/2016,41.0734787,41.82075588,39.89918705,39.9792546,13148637
8/22/2016,40.03263474,41.07348307,39.79243954,41.07348307,5673853
8/23/2016,39.73906708,40.24614545,39.33874047,39.97926229,4062899
8/24/2016,39.95256805,40.21945493,39.55224521,39.60562109,4865911
8/25/2016,39.09854126,40.2194534,38.96509783,40.03263409,6835484
8/26/2016,38.56477356,39.49886644,38.27120247,39.15191947,4364418
8/29/2016,38.83165741,39.6323106,37.65736556,37.6840535,10825980
8/30/2016,39.15192032,39.44549141,38.83165755,38.96510099,4425550
8/31/2016,38.85834503,39.47217889,38.75159327,39.31204751,3876489
9/1/2016,37.63068008,39.23198657,37.47055242,38.91172378,4977470
9/2/2016,37.95093536,38.29788603,37.71074019,37.81749194,3469164
9/6/2016,38.48471069,38.88503733,38.19113957,38.19113957,4055078
9/7/2016,38.67152405,39.39211338,38.27120121,38.64483611,4672665
9/8/2016,39.73906708,39.97926229,38.53808726,38.83165836,6031889
9/9/2016,39.20529556,39.89919324,39.0985438,39.89919324,3121694
9/12/2016,37.33710861,38.69821986,35.8158697,38.69821986,4306496
9/14/2016,38.05768967,38.2978886,37.36379202,37.39047996,3977495
9/15/2016,37.97762299,38.4313254,37.57729645,38.16444229,1811743
9/16/2016,36.88340759,38.69822142,36.58983273,38.16445133,12219607
9/19/2016,37.36379242,37.71074311,36.99015379,37.09690928,2856014
9/20/2016,37.63068008,38.08438259,37.47055242,37.47055242,4768877
9/21/2016,37.8708725,38.29788699,37.52392182,37.84418082,4374994
9/22/2016,38.35126114,38.56476838,37.7641153,38.21781771,4558398
9/23/2016,38.21781921,38.88502889,38.08437578,38.6448337,4331006
9/26/2016,37.49723434,38.48470303,37.33710297,38.11106815,3588558
9/27/2016,37.63068008,38.11107427,37.55061625,37.71074765,3363070
9/28/2016,37.97762299,38.32457365,37.63067232,37.63067232,2625123
9/29/2016,34.64157486,38.48470559,34.21456033,38.27120206,9283018
9/30/2016,35.06859589,35.38885497,33.78755207,34.58820539,5643033
10/3/2016,35.76248932,35.94930865,35.228723,35.228723,2435232
10/4/2016,36.2962532,36.66989181,35.76248324,36.02936635,4761110
10/5/2016,36.10943604,36.72326985,35.81586496,36.5097626,2904432
10/6/2016,35.62904739,36.58982821,35.30878463,36.29625712,2998323
10/7/2016,36.21619034,36.48307723,35.38884921,35.84255542,5426409
10/10/2016,36.85670853,37.55060988,35.81586397,36.48307365,9051818
10/13/2016,35.97599411,37.2036618,35.78917479,36.80333522,4018770
10/14/2016,36.0827446,36.56313494,35.81586149,36.18949635,3967572
10/17/2016,35.97599411,36.80333522,35.49560371,36.24288099,5609924
10/18/2016,36.58982849,36.69658399,36.13612602,36.26956946,2036798
10/19/2016,36.91008759,37.15028277,36.50976104,36.77664416,3772621
10/20/2016,37.97762299,38.2445061,36.99015061,37.09690609,4863051
10/21/2016,38.11107254,38.56477503,37.68405426,38.16444842,5021877
10/24/2016,38.11107254,38.85834613,37.95094115,38.3779557,5009177
10/25/2016,36.02937317,37.63067964,35.65573823,37.36379647,12491285
10/26/2016,35.92261505,36.34962954,35.76248369,36.0293668,4232086
10/27/2016,35.73580551,36.0026887,35.41554643,36.0026887,4514117
10/28/2016,35.70911026,36.16281271,35.33547163,35.8425537,4370843
11/1/2016,35.62904739,35.97599436,35.54897983,35.92261848,2748250
11/2/2016,34.56150436,35.33546953,34.45475261,35.33546953,5549840
11/3/2016,34.42807007,34.98852434,34.37469418,34.48144595,2929536
11/4/2016,33.30714798,34.6949469,32.98688899,34.53481554,4715639
11/7/2016,33.68079376,33.97436861,33.54735404,33.73416965,1975513
11/8/2016,34.5881958,35.62904408,33.33383654,33.89429446,7528276
11/9/2016,33.04026031,33.41389887,31.14538336,31.9193484,5306548
11/10/2016,34.77501297,36.02936468,33.62740927,33.68078515,5593644
11/11/2016,34.13449097,35.70910928,33.81423196,34.16117891,3677126
11/15/2016,33.01358414,34.37469542,31.81260425,34.32131579,4001574
11/16/2016,33.06695557,33.78754489,32.74669655,33.4405942,3095375
11/17/2016,33.60071945,34.16117356,33.09363747,33.20039295,2968862
11/18/2016,34.34800339,34.69495035,33.22708747,33.57403817,4611742
11/21/2016,33.5206604,34.8817716,32.93351447,34.8817716,3485853
11/22/2016,33.38721848,34.10780407,32.8801364,33.70747749,2372868
11/23/2016,33.81422806,34.16117497,33.41390154,33.6540967,2428579
11/24/2016,32.9068222,33.81423079,32.72000664,33.57403561,3539870
11/25/2016,33.92098618,34.29462483,33.09364505,33.28046437,4180924
11/28/2016,35.01521683,35.54898317,33.62741762,33.86761285,4605104
11/29/2016,35.46891403,36.00268029,34.98851991,35.06858747,3342447
11/30/2016,36.32295227,36.61652341,35.495611,35.495611,3278166
12/1/2016,35.842556,36.77664891,35.54898117,36.45638613,1688975
12/2/2016,36.32295227,37.71075162,35.495611,35.65574241,8445084
12/5/2016,37.17697906,38.24451552,35.81587148,36.29626196,8203002
12/6/2016,37.25703812,37.97762747,37.04353459,37.89756365,4109816
12/7/2016,37.28372955,38.0310031,36.61651609,37.8975634,3403877
12/8/2016,37.73743057,37.89756195,37.44385576,37.68405096,2653869
12/9/2016,38.11107254,38.43133158,37.8174977,37.89756527,3444567
12/12/2016,37.97762299,38.96509537,37.65736026,37.95093505,4230489
12/13/2016,37.84418106,38.35126311,37.41716657,38.05768831,2127965
12/14/2016,37.8708725,38.32457493,37.65736151,37.84418082,2190327
12/15/2016,38.91171265,39.44548257,37.41716209,37.57729344,5888109
12/16/2016,39.25866699,39.49886217,38.69821282,39.17860318,4653841
12/19/2016,39.04516602,39.81913129,38.83165874,39.01847807,3108930
12/20/2016,38.56477356,39.28535918,38.16444697,38.96510015,2956049
12/21/2016,39.28535461,39.63230528,38.48470153,38.69821251,2934843
12/22/2016,38.27120209,39.44549016,38.08437903,39.12523114,1856730
12/23/2016,38.08437729,38.53808347,37.47054721,38.24450866,2004243
12/26/2016,37.20365906,38.08437598,36.85670838,37.73742904,1737056
12/27/2016,37.84418106,38.05768831,36.64320513,37.31041481,2230132
12/28/2016,37.790802,38.35125988,37.63067065,38.0576851,2156431
12/29/2016,38.99179077,39.36542945,37.44386019,37.63067953,3286922
12/30/2016,40.85997391,41.18023291,38.77827733,39.15191594,9296640
1/2/2017,41.0734787,41.5271811,40.75321598,41.5271811,4214451
1/3/2017,40.85997391,41.31367634,40.45964735,41.15354497,2311286
1/4/2017,41.52718735,42.06095738,40.99342105,41.10017282,3999976
1/5/2017,42.24777603,42.48797123,41.74069395,41.90082533,4236903
1/6/2017,41.98088837,42.64810182,41.84744867,42.27446318,2129980
1/9/2017,42.03426743,42.46128194,41.76738055,41.92751193,1553096
1/10/2017,42.80823135,43.34200139,41.9008264,41.92751434,5866204
1/11/2017,43.15518188,43.55550848,42.78154323,42.9950505,2756868
1/12/2017,42.7815361,43.36868192,42.19439402,43.02173501,2850672
1/13/2017,41.90082169,42.9683579,41.39374338,42.72816272,3402978
1/16/2017,42.59472275,42.91498551,41.42043468,41.8474492,2758705
1/17/2017,42.14102173,42.83492315,41.9542024,42.64810382,1636711
1/18/2017,42.27445984,43.07511293,41.84744536,42.22108396,2935552
1/19/2017,43.02173996,43.23524348,42.06095544,42.43459407,2358482
1/20/2017,41.36705017,43.76900937,41.10016706,43.20855148,5478077
1/23/2017,41.74069595,42.1677105,41.10017414,41.31368141,1623211
1/24/2017,42.51465607,42.8349188,41.79407051,41.79407051,2803579
1/25/2017,42.70148087,42.8883002,42.06095904,42.62141704,3122787
1/27/2017,49.42695618,50.04079372,42.75485184,42.75485184,45884559
1/30/2017,49.29351425,50.12085527,48.41279736,49.05331907,17647258
1/31/2017,46.51792145,49.8806655,45.6638924,49.10670028,19334140
2/1/2017,48.4928627,48.73305789,46.54460955,46.97162404,12838038
2/2/2017,50.14754486,52.12248969,47.66552172,48.25266758,24532952
2/3/2017,50.46780396,50.89481842,49.34688819,50.41442434,8428402
2/6/2017,51.8822937,53.48360001,50.52118633,50.76138153,14001719
2/7/2017,49.0266304,52.25593086,48.43948826,52.25593086,13854294
2/8/2017,49.16007614,50.76138248,48.57293024,49.34689546,11251319
2/9/2017,49.9874115,50.38773804,48.33272947,49.37357772,6710539
2/10/2017,49.56040573,50.68132173,49.32021051,50.17423962,5862282
2/13/2017,48.94656754,49.98741588,48.03916263,49.93404,3914814
2/14/2017,48.43948746,49.16007302,47.66552228,49.05332126,6104677
2/15/2017,49.24014282,51.64209855,48.70637281,48.83981625,21391968
2/16/2017,50.33436584,50.44112134,48.5729282,49.48033683,6326139
2/17/2017,50.06748962,50.89483081,49.8539786,50.65463185,3374607
2/20/2017,51.98905182,53.24340749,49.98741883,50.17423816,16147853
2/21/2017,52.01573563,52.94982845,51.69547662,52.25593082,6668577
2/22/2017,50.46780396,52.46943284,50.20091711,52.09579426,8602445
2/23/2017,51.56203461,52.1491805,50.12085968,50.44112244,10935229
2/27/2017,51.26846695,52.14918398,50.49450169,51.66878982,4548462
2/28/2017,52.57619476,53.77717449,50.76138121,51.2417716,14953530
3/1/2017,52.30930328,53.13664804,51.85560087,52.84307325,4400485
3/2/2017,49.96073151,53.32347197,49.66716041,52.49613083,7200998
3/3/2017,50.54787064,50.86813337,49.61377411,49.74721754,7195693
3/6/2017,50.92151642,51.16171163,50.20092704,50.73469709,4110992
3/7/2017,52.22924805,53.0565892,50.81476096,51.05495617,9477886
3/8/2017,50.52118683,52.86976669,50.14754819,52.30930873,5870227
3/9/2017,49.96073151,50.62794126,49.53371696,50.36105811,4135971
3/10/2017,50.2009201,50.97488526,49.5070225,50.17423217,3994643
3/14/2017,52.06911087,52.84307605,51.10833012,51.80222774,9306723
3/15/2017,54.01737213,54.33763116,51.53534875,52.12249467,17509404
3/16/2017,54.8447113,55.48523308,54.33762923,54.68457993,13066342
3/17/2017,55.35179138,56.25920006,54.5511382,55.24503962,11861764
3/20/2017,55.13827896,55.93893207,54.36431753,55.29841033,4024466
3/21/2017,55.29840851,55.72542299,54.1774927,55.08490127,4831769
3/22/2017,54.31093979,55.35178812,54.17749635,54.65789048,3989897
3/23/2017,55.8054924,56.17913104,54.2575657,54.39100914,7976964
3/24/2017,56.44600677,57.11322015,55.69873333,56.15243573,9503129
3/27/2017,55.43185806,56.52608232,54.8714001,56.52608232,6254579
3/28/2017,55.8054924,56.4993938,55.4318575,56.04569134,4754120
3/29/2017,55.75211334,56.17912784,55.35178678,56.01899647,3481548
3/30/2017,56.47270203,56.8463369,55.59198137,55.85886823,13591248
3/31/2017,57.94056702,58.82128397,56.15244143,56.76627525,12821532
4/3/2017,59.67530823,59.94219508,57.62029967,58.10069002,8702015
4/5/2017,61.16986084,61.623567,59.11485595,59.78206562,7965639
4/6/2017,61.78369141,61.99719864,60.76953112,60.95635041,5980676
4/7/2017,62.66442108,63.81202496,61.00973886,61.11649062,10240832
4/10/2017,64.10559082,64.39916564,62.61104375,62.95798697,8917498
4/11/2017,64.74611664,66.987941,63.27825002,63.97215142,20987827
4/12/2017,61.03642654,63.78533675,58.6077791,63.25156299,16831030
4/13/2017,62.37084579,62.7177965,59.86213453,61.32999743,9209628
4/17/2017,65.84035492,66.29405745,61.41007392,61.41007392,10923462
4/18/2017,77.3430481,85.77659413,66.18728733,66.18728733,170150231
4/19/2017,77.47650146,79.26462349,73.6867464,76.27552164,43424860
4/20/2017,78.06364441,79.74501468,76.59578515,77.82345293,15559322
4/21/2017,77.90351105,79.26461844,76.7025313,78.19708587,10015198
4/24/2017,80.09195709,84.94925181,77.39643034,77.87682072,31232010
4/25/2017,80.03858948,82.01353459,79.15787243,80.3855402,14660532
4/26/2017,63.27825165,80.89261409,62.55766603,80.17202474,82181128
4/27/2017,60.92966461,72.24555581,60.1557032,64.95961424,143366815
4/28/2017,58.15407562,63.35831366,57.27335491,62.34415698,72140018
5/2/2017,60.18239212,62.07726937,56.87302424,58.6344618,57251803
5/3/2017,60.12901688,61.86376663,58.60777812,60.76953865,32763787
5/4/2017,60.52934265,61.19655236,59.80875706,60.28914746,16931132
5/5/2017,60.68947601,61.59688095,57.88719365,60.63610013,22307960
5/8/2017,61.14318085,61.91714611,59.54187818,60.90298563,15326313
5/9/2017,63.09143448,63.9988394,60.689475,61.32999678,23232623
5/10/2017,65.54677582,66.10723009,63.2515679,63.75864628,22752782
5/11/2017,64.13228607,67.68184979,62.66442677,66.96126037,42484602
5/12/2017,64.87956238,65.57346384,62.55767025,64.37248399,20021004
5/15/2017,65.06638336,65.76027733,64.05221915,65.38663867,13012270
5/16/2017,65.54677582,66.45418082,64.47923569,65.09307332,12654891
5/17/2017,64.85286713,65.57345645,63.81202253,65.3866334,10676920
5/18/2017,64.23902893,67.17475426,63.30492873,63.99883003,18925323
5/19/2017,65.06638336,66.42749082,64.13228297,65.76027733,11387421
5/22/2017,64.77280426,66.37411057,64.37247768,65.4133223,10622286
5/23/2017,60.39590454,63.30493865,58.44764751,63.25156277,23801357
5/24/2017,60.63609695,61.59687772,59.0347907,60.90298009,11718569
5/25/2017,62.05058289,63.7319492,61.0897984,63.51844569,17477139
5/26/2017,61.89045334,62.87792206,61.38337501,62.45091128,7654510
5/29/2017,59.46179962,61.91713466,58.74121411,61.89044672,8839231
5/30/2017,62.9312973,66.61430021,58.71453186,59.78206813,38287302
5/31/2017,62.34415817,64.42585492,61.4100653,63.14481134,15218036
6/1/2017,62.31746292,63.35830744,62.05057981,62.5576581,10238277
6/2/2017,62.71779251,63.38500593,62.18402252,62.55766114,7758119
6/5/2017,62.71779251,63.89208425,62.18402252,62.71779251,8493999
6/6/2017,68.34905243,68.74937899,63.57182166,63.57182166,69157294
6/7/2017,70.08379364,71.79185152,68.90950198,69.79021886,44938768
6/8/2017,69.28314972,70.24393053,67.65515544,69.92366777,15231545
6/9/2017,70.59087372,71.09795201,67.81527586,69.38989409,16885493
6/12/2017,69.7902298,71.09796135,68.3223706,70.19055639,9534346
6/13/2017,70.67093658,72.4857537,68.85612694,68.85612694,22458851
6/14/2017,70.05710602,71.36483737,69.60340361,70.88444702,7744458
6/15/2017,70.72431946,71.49828467,68.85613375,69.92366631,9302880
6/16/2017,69.8702774,71.20469659,69.55002218,70.69761834,7952593
6/19/2017,70.43074036,71.17801003,70.08378972,70.59086797,6177534
6/20/2017,69.8702774,70.67093041,69.01624853,70.67093041,6607942
6/21/2017,70.37738037,70.93783462,69.55003923,69.81691865,7566756
6/22/2017,69.8436203,71.09797623,69.38991773,70.7243375,7288840
6/23/2017,67.4416275,69.97703355,66.26734346,69.87027434,10851981
6/27/2017,69.92366028,70.93782434,66.45416857,67.735212,10939841
6/28/2017,71.73847961,72.96614721,70.51081201,70.61756377,26231803
6/29/2017,71.12464142,72.37899695,70.77769075,72.05874168,7978677
6/30/2017,70.7776947,71.68510708,69.68347422,70.9912057,7870773
7/3/2017,72.85940552,74.16713711,70.45744586,70.6709494,17599655
7/4/2017,71.28479004,73.366487,70.9378393,72.8594086,6844994
7/5/2017,72.19219208,72.59251869,70.72432535,71.52497857,8130271
7/6/2017,72.1654892,72.64587953,71.44489995,72.05873745,5565891
7/7/2017,71.63172913,72.59250988,71.2580905,71.76516882,3470118
7/10/2017,71.97866821,72.53912985,71.5249658,72.0587395,1100749
7/11/2017,71.20470428,72.29893217,70.88444903,72.05874072,4514082
7/12/2017,75.4214859,75.71505324,70.99120566,71.3648443,28304039
7/13/2017,75.15458679,77.04946759,73.74010379,76.06199155,20051700
7/14/2017,74.40731812,75.50154602,73.49991326,75.2613471,8610995
7/17/2017,74.40731812,75.15459534,73.87355187,74.46069399,4453041
7/18/2017,73.57998657,74.91441357,73.17965997,74.16713624,5014809
7/19/2017,74.46069336,75.07453089,73.39316088,73.66004026,5478229
7/20/2017,74.94108582,75.79511473,73.92692181,74.72757485,7165638
7/21/2017,75.36810303,75.68835828,73.57997385,75.18127999,6503101
7/24/2017,74.86102295,76.16876188,74.30056875,75.4748605,6269892
7/25/2017,74.35395813,75.23467524,73.82019177,75.23467524,5266174
7/26/2017,75.12791443,75.95525555,74.14044566,74.46070095,6273285
7/27/2017,73.92692566,75.71504739,73.39315943,75.12790528,7645534
7/28/2017,74.03366089,74.38061148,72.83268153,73.71340571,3323407
7/31/2017,73.98628998,74.97885902,73.53024759,74.41550679,3185169
8/1/2017,75.22029114,75.56903121,73.98629184,73.98629184,4837408
8/2/2017,76.15921783,77.17860509,75.40808643,75.48856319,8038370
8/3/2017,73.90582275,76.53478263,73.55708264,76.23969369,4567580
8/4/2017,74.03994751,74.71060212,73.07421148,73.82534284,4232805
8/7/2017,75.16664124,75.59585806,74.03994424,74.281382,4115633
8/8/2017,73.69121552,75.75682302,72.64499522,75.19347074,5253069
8/9/2017,66.66278076,73.50342437,64.7313013,73.50342437,9968105
8/10/2017,62.15600204,66.1262559,60.76104545,65.72386465,9423614
8/11/2017,61.00248718,62.12918434,56.87127179,61.16344446,9495491
8/14/2017,62.58522034,63.25586743,59.98308992,61.69996106,5295042
8/16/2017,61.80726242,62.47791326,58.50765562,61.16343716,12736794
8/17/2017,60.84152222,63.04126132,60.25135188,61.96821923,6875611
8/18/2017,60.22452545,60.89518008,59.31244057,60.22452545,5649934
8/21/2017,57.67604828,61.08295745,57.27365702,60.62691503,5089527
8/22/2017,57.03222275,58.66861337,56.22744023,58.23939653,7407672
8/23/2017,59.04417801,59.28561201,57.40778742,57.64922142,8584999
8/24/2017,58.56130981,59.50022405,57.99796503,59.39291795,8056806
8/28/2017,63.9533577,64.94592697,61.72679637,62.82666424,29813304
8/29/2017,63.81921768,65.85799951,62.63886951,62.9876096,18008160
8/30/2017,68.75521851,70.74034927,64.46304245,64.59717788,30155980
8/31/2017,71.11591339,71.86704483,68.70157308,71.35735118,43525545
9/1/2017,73.28881836,74.49599206,70.47207971,71.22321102,32679896
9/4/2017,70.17700195,73.20834573,68.67474661,73.0742178,18357593
9/5/2017,71.41098785,72.48403362,70.17698861,70.49890309,11848407
9/6/2017,70.17700195,70.87448221,68.94300247,69.80143624,12783470
9/7/2017,69.96239471,71.49147558,69.56000343,70.52573951,7770281
9/8/2017,68.46012878,70.71351537,67.78947417,70.23064735,6971107
9/11/2017,70.09651184,71.00859661,68.78203585,68.94298934,6951762
9/12/2017,71.86704254,72.37673617,69.96239594,70.71351984,10505454
9/13/2017,70.150177,72.16213351,69.90874673,71.84021897,5706700
9/14/2017,70.76717377,71.51829762,69.55999997,70.28429824,6454072
9/15/2017,70.09651184,70.68668213,69.31855498,69.77459736,7230572
9/18/2017,70.2038269,71.30369845,69.80143561,70.63304379,4911385
9/19/2017,70.28429413,70.92812312,69.80142614,70.25746855,4268999
9/20/2017,69.42586517,70.68669014,69.26491167,70.68669014,4512226
9/21/2017,68.51377106,70.25746381,67.01151604,69.4258558,5582608
9/22/2017,65.32148743,68.05775004,64.91909609,68.05775004,5068371
9/25/2017,62.58522034,65.48243593,61.02930645,65.40195918,6702097
9/26/2017,63.63143158,64.48986525,61.59265349,62.55839325,7843415
9/27/2017,61.29756546,64.81177673,60.7073914,64.1143041,6787630
9/28/2017,61.86091232,62.63886924,60.84152141,61.59265274,5966330
9/29/2017,62.39743805,63.14856566,61.94139562,62.23648079,4897720
10/3/2017,59.98309326,62.55839824,59.20513628,62.53157265,10619689
10/4/2017,61.86091232,62.20965241,60.03673892,60.19769617,11902628
10/5/2017,65.24100494,66.09943873,62.29013788,62.55840126,19893119
10/6/2017,66.23358154,67.06518983,65.32148898,65.93849255,11055196
10/9/2017,64.00698853,65.42877426,62.82664427,64.38255414,13791758
10/10/2017,64.51669312,65.45561108,64.11430936,64.11430936,6910072
10/11/2017,63.81921768,66.2067396,63.09491193,64.99956585,7825089
10/12/2017,64.43621063,64.81177628,63.57777701,64.38255947,3939302
10/13/2017,64.30207825,64.99955834,64.11429919,64.81177177,3528261
10/16/2017,62.98760986,64.89225628,62.50473811,64.73130278,4904567
10/17/2017,63.36318207,63.81922453,62.79983351,63.22904663,3021964
10/18/2017,65.77752686,66.28722047,62.69252458,63.30952804,10564364
10/19/2017,67.38708496,68.13821635,65.64339193,66.12625996,4913758
10/23/2017,68.11138153,69.64046968,67.17247118,67.81630014,8950521
10/24/2017,67.76265717,68.86252877,67.27978909,68.1382229,4607943
10/25/2017,68.51377106,69.31855348,66.55546615,68.05772868,5888478
10/26/2017,70.28429413,70.68668537,67.68216761,68.40647335,7526631
10/27/2017,69.72094727,71.3036866,68.94299039,70.76716746,6223089
10/30/2017,72.00118256,73.18152341,69.2649201,70.09652832,9970100
10/31/2017,70.98176575,72.26941606,69.77459217,72.26941606,5377681
11/1/2017,71.41098785,72.59133594,70.87446873,71.25003437,4099352
11/2/2017,71.54512024,72.75229398,70.74034526,71.51829466,4093488
11/3/2017,75.38124847,76.56159655,71.30368511,71.8938554,12055417
11/6/2017,80.31726074,81.25617126,76.53478556,76.829867,23094679
11/7/2017,79.59295654,81.71221541,75.75683011,80.34408798,13500041
11/8/2017,81.28298187,84.98497962,78.54672006,79.43197924,25171927
11/9/2017,82.83890533,83.64368787,79.99534086,81.47077051,9036184
11/10/2017,83.9119339,84.90450292,81.4439354,82.81207007,10508253
11/13/2017,81.98046875,85.95072263,80.93424848,84.28750644,10686118
11/14/2017,83.34860229,84.98499302,81.2829947,81.55125806,11548080
11/15/2017,78.89546967,83.590037,78.38577606,83.0535103,7782830
11/16/2017,77.66146088,78.33211542,74.89838099,77.79559629,10159450
11/17/2017,84.01924896,85.17276403,78.43942266,78.60038366,15663475
11/20/2017,86.05802917,86.91646282,83.72415848,84.20702646,15919341
11/21/2017,82.32920074,86.75550453,81.65855366,86.37993886,9886154
11/22/2017,84.66307831,85.41420971,81.84633931,82.78525732,9094343
11/23/2017,81.81950378,85.01180809,80.31724868,84.77037035,8674970
11/24/2017,82.22190094,83.37542357,80.47820796,81.87316084,6903783
11/27/2017,81.14887238,81.65856604,78.78817567,80.47821768,8443699
11/28/2017,79.86119843,81.92680576,79.16372579,81.1220308,5184110
11/29/2017,79.1100769,80.18311522,78.33211999,79.86120072,4860242
11/30/2017,78.65402985,80.20993606,77.8492474,78.60037868,4958806
12/1/2017,76.37382507,81.20252067,75.13982559,78.86864963,9676577
12/4/2017,76.5079422,78.22481701,70.68668573,76.61525204,12792602
12/5/2017,78.19799805,78.76134283,74.87155798,76.53478177,8662641
12/6/2017,76.32016754,79.08325524,75.81047394,77.09812449,7070494
12/7/2017,79.16373444,79.91486582,76.23969315,76.56160767,6141639
12/8/2017,81.04154205,81.84632448,79.7270661,80.04898057,9632929
12/11/2017,82.24871826,82.75841932,80.31724639,81.76585029,8346215
12/12/2017,81.84632874,83.32176576,79.96850799,82.57063446,14052062
12/13/2017,79.13689423,82.30236519,78.43941414,80.47819574,14168202
12/14/2017,79.70024872,80.63915914,76.6420797,78.86864063,8661813
12/15/2017,83.26811981,83.59003432,80.85377226,83.13398438,17693281
12/18/2017,85.81659698,89.30398295,74.95204031,79.40516231,66541253
12/19/2017,86.05802917,86.75550182,83.61685615,85.78976584,14853348
12/20/2017,86.35311127,87.47980825,84.60941838,85.8434177,11399943
12/21/2017,87.2383728,88.49919773,85.97754787,86.37993913,10145045
12/22/2017,87.39933777,89.03572844,86.43359421,87.42616335,8437720
12/26/2017,87.5602951,88.63334105,86.35312124,87.45299276,5369778
12/27/2017,89.03572845,90.85989822,87.13107443,87.45298895,16657198
12/28/2017,88.66016388,89.70637669,87.72124589,89.06255516,6887899
12/29/2017,89.25033569,90.26973045,87.9358595,88.52602988,7840092
1/1/2018,89.08937836,91.12816027,88.52602608,88.95524293,7745247
1/2/2018,87.93585205,89.81368039,86.99694164,89.11620022,4977129
1/3/2018,94.53507233,96.70798223,87.93585836,87.93585836,39032205
1/4/2018,98.34436035,99.36375497,93.43518888,94.42775792,22778210
1/5/2018,103.6291046,104.2461005,97.86149913,99.14914964,21144683
1/8/2018,105.3996277,107.8408009,103.1730667,103.3340202,15147523
1/9/2018,105.1045303,106.7409209,104.1387944,106.2312273,8653790
1/10/2018,106.6604462,109.3698826,105.1581835,105.2118422,21411711
1/11/2018,108.2163544,109.2894001,104.9167478,106.2312238,10238800
1/12/2018,107.2774582,109.3162402,104.2192815,108.3773222,9577781
1/15/2018,106.3385391,108.4846309,105.8556711,107.8408019,5453962
1/16/2018,104.4070663,106.821414,100.973324,106.6068018,13454300
1/17/2018,109.7454529,110.3624488,100.8123683,104.1924519,17383941
1/18/2018,104.755806,111.3281867,101.2415869,110.5234117,24303136
1/19/2018,107.1433182,107.8407984,101.1611079,104.7558037,25753085
1/22/2018,106.7141113,108.5651143,105.1581973,106.2312433,10534230
1/23/2018,109.6649704,110.1210203,105.2118483,106.9823669,13877472
1/24/2018,110.2551498,111.3550213,107.304283,109.6113208,14325102
1/25/2018,115.0301895,115.7544953,108.2700219,109.9868894,24286217
1/29/2018,114.4668427,118.3029689,112.9914055,115.6740165,14632536
1/30/2018,113.3669662,114.57414,111.3281843,113.2060127,7873404
1/31/2018,114.3863525,117.3640447,112.2134429,112.6426597,14190496
2/1/2018,114.8155746,116.4519652,109.289407,114.279048,9002862
2/2/2018,105.8020096,114.2790436,104.6753126,114.2790436,12747646
2/5/2018,107.0091934,107.8408016,98.55898416,99.31010803,11825552
2/6/2018,104.782608,106.3385141,98.02243468,99.25643381,10865044
2/7/2018,105.5605774,108.7797075,104.6753181,107.0628401,7308821
2/8/2018,109.7186203,110.6038795,105.6410567,106.365355,8147287
2/9/2018,112.7231369,113.6620473,106.0434469,107.3042718,11122413
2/12/2018,116.5592651,117.6591365,113.3133096,113.3133096,13340428
2/14/2018,117.7396088,119.9125184,116.2909973,117.2299152,12691224
2/15/2018,115.2179718,119.4564892,113.0182288,118.6248811,9129656
2/16/2018,111.4891434,117.2030977,109.8795783,115.7813118,10018309
2/19/2018,108.8601837,111.3013568,107.5725332,109.9868807,8936687
2/20/2018,106.2312393,109.2089318,104.6216742,108.3773237,11610335
2/21/2018,105.909317,107.5725332,104.7826275,106.9287117,7621480
2/22/2018,109.0747986,109.691802,103.9778476,105.1581883,16437924
2/23/2018,109.6381454,110.3892768,108.1090646,109.7186297,9189024
2/26/2018,110.3087997,111.5159736,109.1821027,109.9868852,5353014
2/27/2018,111.0867615,112.5890168,107.9481079,110.5234167,10994042
2/28/2018,109.2089233,111.5696197,108.6455786,109.9600547,7114891
3/1/2018,106.8482361,110.8989668,106.338535,109.208925,6606714
3/5/2018,107.7871399,108.7528759,105.5605715,106.7677453,7142031
3/6/2018,99.90028381,109.1016243,96.62750252,108.6455818,14797586
3/7/2018,92.38898468,99.49789201,90.77941962,98.12976471,39901321
3/8/2018,90.64529419,95.17890055,85.84342447,93.35472327,35549750
3/9/2018,83.75099182,91.47690285,82.97303485,90.64529471,31361197
3/12/2018,87.05059052,88.20411307,80.47820278,85.01180874,36867220
3/13/2018,85.70929718,88.25777277,84.23385999,86.9432966,27822361
3/14/2018,87.8553772,88.63333413,83.99242562,84.12655354,24472244
3/15/2018,89.62590027,91.45007006,87.56029271,87.72124621,24216374
3/16/2018,86.11167908,90.37702165,85.38737335,89.86732809,22765608
3/19/2018,86.16533661,86.91646797,82.97303208,85.8434221,21394394
3/20/2018,86.35311127,87.66758733,84.93133288,85.28007296,17242124
3/21/2018,87.02376556,89.1430241,86.46042083,86.78232781,14220268
3/22/2018,85.54832458,87.90902077,85.06545662,87.1310639,11326269
3/23/2018,81.79268646,83.80464285,79.78073008,83.1608138,18236099
3/26/2018,87.8553772,89.19667889,80.88059789,81.81950832,22902521
3/27/2018,85.7897644,89.97463023,85.09228426,89.00889427,22051871
3/28/2018,83.9119339,86.86280036,82.99984913,85.25324298,21470217
4/2/2018,86.32628632,87.15789439,81.12203321,84.39480683,18337901
4/3/2018,87.131073,87.61394101,83.99242713,84.904512,21100128
4/4/2018,81.25616455,89.27715672,78.92229372,87.15789807,61208164
4/5/2018,93.40483093,96.62677849,79.75894554,84.02328238,42856294
4/6/2018,94.60514069,97.70073462,93.3100458,93.65750882,16557821
4/9/2018,92.96259308,96.02659912,92.0149611,94.88944526,8024416
4/10/2018,93.34164429,95.36326117,92.67830641,93.81546027,7711830
4/11/2018,91.32003021,93.9733966,90.0881042,93.53116887,7993153
4/12/2018,85.98171234,92.42559915,85.06566861,91.35162177,12107380
4/13/2018,88.06650543,90.34082082,86.92935149,88.69826263,18682047
4/16/2018,88.91937256,89.64588695,86.55029998,87.62427745,7913136
4/17/2018,88.12966919,90.30921956,87.05568436,89.36158766,5496341
4/18/2018,86.39234924,89.07730388,85.72900389,89.07730388,5139668
4/19/2018,89.48795319,89.89859273,85.2867855,85.60266785,9986051
4/20/2018,86.99251556,89.07730894,85.91853816,89.07730894,6122099
4/23/2018,88.28761292,89.7090533,86.92934148,87.81379695,6960812
4/24/2018,87.1188736,89.26683605,86.45553568,88.79302003,5641426
4/25/2018,86.89775848,88.12967706,86.32917779,87.18204507,4277522
4/26/2018,88.79301453,89.55112462,85.91853786,87.18204466,4409996
4/27/2018,89.5827179,93.87864278,88.60349763,89.04572541,11783652
4/30/2018,88.50872803,91.22527104,87.56109604,89.930176,3973908
5/2/2018,81.74895477,89.39317922,78.46383874,88.66666491,13025322
5/3/2018,79.85370636,82.44389657,77.89526583,82.12801422,20057125
5/4/2018,79.9800415,83.67580445,79.37988014,80.04321797,20059687
5/7/2018,80.61180115,82.06483729,78.87447843,80.29592634,19006661
5/8/2018,83.04405212,84.33914714,79.4746419,81.02244278,7209269
5/9/2018,81.52783966,83.04404466,80.89608257,82.38070685,5556490
5/10/2018,80.0116272,82.57023628,79.41146585,82.06483211,7504479
5/11/2018,80.73815155,81.74895241,77.95843228,80.58021039,9263105
5/14/2018,78.3374939,80.86450765,76.82128114,80.76975045,7854960
5/15/2018,77.89524078,81.78052485,76.63173432,78.33746842,10525423
5/16/2018,77.76890564,78.84289051,76.22111231,77.70573669,6247641
5/17/2018,77.95843506,79.34829474,76.94762665,78.59018468,4922000
5/18/2018,74.92602539,78.33749474,74.26267995,78.2111418,6429588
5/21/2018,74.67331696,76.37905157,73.28345717,75.1787212,4982120
5/22/2018,77.23191071,78.02160138,74.70489001,75.74728652,5766771
5/23/2018,74.16790771,77.35826661,73.78885644,77.07398003,3996194
5/24/2018,75.27348328,76.12635056,73.06234449,74.54696893,6809081
5/25/2018,78.84289551,79.53782164,74.57855901,75.21030867,8545640
5/28/2018,81.90690613,83.07564832,78.27431909,78.27431909,7804639
5/29/2018,78.14796448,81.71736711,77.54779558,80.86449987,6376433
5/30/2018,77.95843506,79.09558888,76.75810477,77.13715604,3324790
5/31/2018,76.4422226,78.49542765,75.96840662,78.33748649,7144834
6/1/2018,75.52618408,77.20033797,72.9991704,76.44222786,9722786
6/4/2018,73.44139862,76.44222833,71.79884047,75.77889043,8032675
6/5/2018,72.90440369,74.10474154,71.41978676,73.28345498,4918698
6/6/2018,74.70491028,75.58936588,72.30424936,72.96758731,6253502
6/7/2018,79.22195435,80.99086558,74.70491154,74.70491154,17145197
6/8/2018,79.79053497,80.35911573,77.42145474,78.81131464,8320813
6/11/2018,81.02243805,83.92850273,80.16957083,80.67497502,10227843
6/12/2018,80.64338684,81.43307759,79.69575493,80.42226922,3525932
6/13/2018,81.59102631,83.80216513,81.05403384,81.21197501,10410157
6/14/2018,84.6234436,85.1920243,80.35910716,81.18038621,15420224
6/15/2018,83.67579651,86.6766256,83.01245874,85.28676609,13898773
6/18/2018,84.87613678,85.91853341,82.41229976,83.96009308,13121499
6/19/2018,82.06483459,85.63424461,81.43307749,83.77056902,8714922
6/20/2018,83.23358154,83.61263283,81.43308231,81.49625878,7630630
6/21/2018,82.03325653,83.83375588,81.18038921,83.20199869,5664223
6/22/2018,82.34913635,82.75977592,80.58022513,82.00167326,6427410
6/25/2018,80.23274994,82.8229399,80.04322055,82.12800631,4307412
6/26/2018,81.59102631,82.75976843,79.09559338,79.09559338,8685766
6/27/2018,72.71486664,80.86448648,71.07230137,80.86448648,18195059
6/28/2018,69.08229828,73.06234829,68.67165873,71.70407672,13624874
6/29/2018,71.48295593,72.14629375,69.55610393,69.55610393,9766020
7/2/2018,66.36575317,71.86201577,63.71238658,71.26184684,22074830
7/3/2018,67.12384796,68.19783277,64.81795221,66.08145889,11787383
7/4/2018,68.0398941,68.70323946,65.54446888,67.15543864,11036532
7/5/2018,66.90274048,68.26101191,66.04987325,68.26101191,6545131
7/6/2018,70.09309387,71.19865936,64.9127069,66.17622105,19356589
7/9/2018,70.53533173,71.60930914,68.67165598,70.44056702,9358024
7/10/2018,72.08312225,72.87281304,70.81961549,71.38819616,8739556
7/11/2018,78.40065765,79.28511307,72.08311679,72.33582263,41430172
7/12/2018,78.52701569,79.91686786,76.6317518,78.62177287,12897744
7/13/2018,83.17040253,83.51786557,77.29508904,78.74812517,40819011
7/16/2018,84.40232086,85.19201915,81.62260904,82.75976285,28399661
7/17/2018,87.37156677,89.45635245,84.7813694,85.31836181,30615637
7/18/2018,89.83540344,90.97256473,85.8869422,87.33997828,24172884
7/19/2018,95.42642212,97.4164506,89.10888867,90.59350547,22465016
7/20/2018,102.9443054,104.049871,94.57355915,96.08977175,42113359
7/23/2018,108.1562729,108.9143754,100.448872,101.9334964,36429184
7/24/2018,117.5378189,118.7697374,104.334156,108.029919,84444898
7/25/2018,126.2244339,129.6990945,116.0532029,116.874482,88858638
7/26/2018,124.9293442,127.5827032,119.4330817,122.7497936,66162047
7/27/2018,124.1399918,131.0155388,120.7180646,125.5024271,44416991
7/30/2018,122.6508408,126.9916205,121.8904141,124.9638135,21685477
7/31/2018,123.8548508,125.5974997,121.0666095,122.5874704,13956426
8/1/2018,122.4607315,125.2172877,121.4468317,124.2033804,8364175
8/2/2018,124.5202332,127.8154206,117.5496298,122.3023156,26533948
8/3/2018,125.5658112,129.4630073,122.9359953,123.2528385,31802007
8/6/2018,125.5975113,128.1005871,124.3301308,126.7381514,13783939
8/7/2018,120.4962845,125.0271743,118.2783672,124.8370639,21206813
8/8/2018,126.5163422,132.2512421,113.4306338,115.3633854,55314801
8/9/2018,126.9599457,131.1106075,125.5975025,129.2729034,23748439
8/10/2018,126.1995087,127.9421576,124.2667493,126.5163519,14473803
8/13/2018,123.189476,125.9777097,122.1438837,124.2033757,11210689
8/14/2018,128.1956329,130.1600622,123.2845221,123.3795773,20777577
8/16/2018,128.5758362,130.5402805,125.7876026,125.7876026,14732446
8/17/2018,128.6708984,130.983871,127.1817227,128.0055195,8569903
8/20/2018,134.659256,135.7682259,128.1005596,128.734261,30872546
8/21/2018,135.1662445,140.6793573,134.3741251,135.6098205,34411752
8/23/2018,133.6136932,136.4019346,129.3362759,135.926666,22438632
8/24/2018,132.314621,135.9266591,131.3957764,133.0750477,12187310
8/27/2018,134.2473755,135.1662351,131.3640865,133.2651608,12303976
8/28/2018,145.5587616,147.3330956,132.7265249,134.7543395,56713612
8/29/2018,141.5031586,149.962931,139.3486035,146.8261611,44981172
8/30/2018,141.9467316,146.5409998,139.2852304,140.9961943,44266980
8/31/2018,142.7388306,144.8616927,140.9011265,142.5804127,22107612
9/3/2018,133.3918915,144.1012649,129.3679552,143.2140979,31267861
9/4/2018,133.3285065,137.1306544,128.0055054,133.7087122,45530498
9/5/2018,133.6770477,137.3207631,130.4135381,131.9343914,55270563
9/6/2018,161.676651,168.5407454,137.6276281,148.1459872,74817700
9/7/2018,155.4051666,167.8000371,153.7755515,163.2075169,42704819
9/10/2018,148.8867188,156.0471082,147.8003088,156.0471082,20590646
9/11/2018,146.4176178,151.8002523,144.491723,149.1336276,15083637
9/12/2018,147.0595703,148.2941201,140.9855912,146.6645204,16166704
9/14/2018,148.7385864,151.0101463,146.4176265,147.8990864,8859644
9/17/2018,150.1706696,153.7261646,144.9855594,148.3435295,10925422
9/18/2018,146.6151428,152.9360473,144.491723,150.0718825,7447741
9/19/2018,145.5287628,148.8373478,143.5040978,147.5534128,5315295
9/21/2018,136.738739,151.6027223,131.0104247,146.1707029,12829824
9/24/2018,132.8375702,138.0226798,129.5289704,136.7387449,5960439
9/25/2018,136.6399841,140.6399136,124.0969531,131.8499247,8571550
9/26/2018,134.812851,140.7386906,132.0474561,138.6646407,6768299
9/27/2018,140.4917908,141.2819058,131.0598257,134.3190407,9769528
9/28/2018,128.9857941,141.6275744,124.0475864,140.8868444,11876058
10/1/2018,135.652359,136.886909,120.0476441,125.4302791,9826192
10/3/2018,133.1338959,139.7510819,128.4426051,135.3067012,6829117
10/4/2018,131.3067474,132.6400676,125.4302919,127.8006221,7184987
10/5/2018,128.5906982,134.0721021,126.6648037,129.924018,6099515
10/8/2018,131.5042572,133.1832572,119.85011,127.4055573,10658358
10/9/2018,134.2202454,135.998,127.7512166,134.3190154,7186017
10/10/2018,141.9732361,146.0225657,133.3313869,134.8128468,9209149
10/11/2018,136.4918518,141.627577,133.4795466,136.2943268,8421556
10/12/2018,142.0720215,143.6028514,138.3683714,138.3683714,6338784
10/15/2018,150.5657196,151.8496547,142.0226394,145.1830845,9011923
10/16/2018,155.7014313,158.0223912,149.8743616,150.4669516,9671300
10/17/2018,159.7507629,161.6272728,152.3434633,158.121163,11660585
10/19/2018,166.6642456,168.5901405,156.5409359,156.5409359,11861481
10/22/2018,166.4173126,174.5159563,162.3679833,168.9851822,13950566
10/23/2018,167.454361,169.7259359,163.948236,166.911156,8339433
10/24/2018,165.4790802,170.1209851,163.0593653,168.8864351,5451065
10/25/2018,169.9728394,172.2443992,159.50385,164.6889597,7460591
10/26/2018,164.6889648,172.5900846,163.2568899,171.8493546,6982991
10/29/2018,169.627182,170.4666821,163.0099966,166.5654918,5332500
10/30/2018,166.9605408,171.8493556,166.0222858,170.3678957,3885243
10/31/2018,167.8987885,171.6518232,162.6642938,164.9358687,10254679
11/1/2018,172.8369904,175.8986802,166.7630107,168.9358156,8041754
11/2/2018,173.4295654,177.2813549,171.6518107,174.4172053,6839045
11/5/2018,166.4173126,174.5653413,153.8742897,173.9233814,12668556
11/6/2018,162.4173889,166.9111538,159.997674,166.1704238,5834504
11/7/2018,163.7013245,166.9111544,162.6642995,162.9605945,1138303
11/9/2018,164.2445221,165.725982,161.9235622,163.4544071,4079435
11/12/2018,158.2693176,165.824758,156.1952675,163.9482479,4332207
11/13/2018,160.1457977,160.9852976,156.7878282,158.269288,3641712
11/14/2018,158.861908,161.7260581,156.2940378,161.2816231,3263131
11/15/2018,160.8371582,164.1951277,158.0223786,159.7507483,5297431
11/16/2018,159.4544678,161.8248127,155.553293,160.9853127,3885301
11/19/2018,160.0964355,162.3679953,157.5779508,160.3927155,3424402
11/20/2018,158.1705475,161.6272876,155.0101023,159.6520076,4293856
11/21/2018,159.010025,159.9976649,156.5409253,159.602615,4209404
11/22/2018,156.5409241,159.9482787,155.6026692,159.8988937,2405010
11/26/2018,155.4051666,157.9236367,153.7261665,156.5409466,2428238
11/27/2018,157.1829071,159.0100472,152.3434769,155.4051671,3925863
11/28/2018,156.0471039,157.6273337,154.3681191,157.1828837,3156482
11/29/2018,167.8000031,173.3801772,156.7384398,157.3804148,13648898
11/30/2018,162.9606018,172.6394769,161.4791418,166.4173418,9405499
12/3/2018,164.6395569,166.4173116,161.4791124,163.997597,3213684
12/4/2018,160.7383881,164.4420376,158.0223784,163.8988326,3797368
12/5/2018,155.4545288,162.9112138,153.8249288,159.0594238,8601249
12/6/2018,148.6891937,154.0718283,147.8990788,153.8743033,5714514
12/7/2018,151.0101166,152.4422063,148.1459672,149.9237219,7411261
12/10/2018,141.380661,145.1830811,139.257241,145.0349411,7484723
12/11/2018,150.0225067,153.9236967,132.8375771,137.281957,9251826
12/12/2018,154.1706085,155.0594785,149.1830236,150.9113935,4377945
12/13/2018,154.0718384,156.6397084,152.0965584,154.0718384,3499313
12/14/2018,155.1582489,155.9483488,152.1953289,154.0718389,3389589
12/17/2018,155.9977264,156.9359814,154.4175116,155.1582415,1595605
12/18/2018,156.0964966,157.7754815,154.2693567,155.7508166,1689582
12/19/2018,158.2199097,160.6890094,156.5409248,158.0223847,2312343
12/20/2018,157.2816467,160.4914763,156.4421468,157.4297867,2539589
12/21/2018,157.3804321,159.503852,150.1212725,157.8248671,5335334
12/24/2018,156.5903168,158.9112616,154.5656519,157.4298017,3130614
12/26/2018,159.2569427,162.0717226,153.1829631,154.911333,4065516
12/27/2018,160.3433533,165.725988,157.8742534,160.2445832,10882426
12/28/2018,159.5532379,162.2692478,157.824868,159.9482879,3905985
12/31/2018,159.010025,162.1704697,158.2199101,160.8371649,3890636
1/1/2019,155.3063965,160.3433667,153.5286414,158.9112766,4726656
1/2/2019,152.9360657,155.8989858,150.6151056,155.0594857,2735262
1/3/2019,150.6150818,154.1705914,148.4422771,152.9854115,2758876
1/4/2019,150.6644745,152.0965494,148.1459896,150.2200395,2777308
1/7/2019,149.3805389,152.5409837,148.392899,151.0101388,2714218
1/8/2019,151.5533447,152.3928447,147.80031,148.6398099,2791866
1/9/2019,147.5039978,152.5409513,145.7756283,151.7014666,4054809
1/10/2019,149.2323914,149.9237363,146.6645217,149.1336213,3534546
1/11/2019,149.6274414,150.7138513,147.2571117,149.2323915,2254999
1/14/2019,146.5164032,149.2817832,145.1830831,149.1336432,2624582
1/15/2019,146.8126678,148.0966028,145.429978,146.6645279,1805678
1/16/2019,146.6151428,148.8373326,146.1707079,146.3682328,1574176
1/17/2019,147.1583557,149.3805456,144.5411158,146.5657657,2618859
1/18/2019,144.9361725,147.9484776,142.7633675,147.8497075,2306520
1/21/2019,144.1460419,146.1707067,142.467057,144.6892468,1763205
1/22/2019,143.8991547,144.8374097,139.9485944,143.6028596,2261667
1/23/2019,141.2324829,144.689222,140.2942282,143.7015823,2322990
1/24/2019,140.7880859,142.2695459,139.3560109,141.2325209,1678843
1/25/2019,135.652359,143.6522339,134.467179,141.084379,3297651
1/28/2019,134.7140656,139.2572148,117.4797537,136.2942953,9404485
1/29/2019,139.0596924,142.0226119,131.9486886,134.7634531,4301493
1/30/2019,138.1708527,139.7510829,134.8128821,139.1584928,3102926
1/31/2019,135.4548035,139.9979529,133.3313838,137.7757632,3498642
2/1/2019,141.2324829,143.0102375,132.8869301,135.2572595,7091209
2/4/2019,121.578476,141.1337424,119.8007286,141.1337424,9832462
2/5/2019,122.7142639,125.8253313,118.1217366,120.492074,8484607
2/6/2019,121.3809509,122.6648783,113.3810689,122.3192059,9905219
2/7/2019,122.4179535,125.232733,117.5785244,120.6895838,9826247
2/8/2019,122.2204361,123.8994209,114.269932,121.4797062,8059813
2/11/2019,116.7390366,121.7266212,114.3687068,121.4303262,7048335
2/12/2019,115.5044861,118.5167909,113.9242637,115.7513961,3698931
2/14/2019,116.640274,118.0229715,114.5662317,116.9859465,4962697
2/15/2019,118.3192673,119.6525797,115.0600525,116.6896599,4509378
2/18/2019,116.0477066,118.4180442,114.665009,116.8378217,2569451
2/19/2019,116.7884293,118.3192743,115.3563543,116.9365768,2644152
2/20/2019,118.5661774,119.6031948,114.7637576,116.4921275,3739081
2/21/2019,117.924202,119.5044243,116.4427422,118.3192594,2698192
2/22/2019,126.4672928,129.0845325,118.3192636,118.7636985,14695085
2/25/2019,130.3684692,132.2449791,121.47971,123.4549898,12769956
2/26/2019,130.4672241,132.6400287,126.4178949,128.3931745,8879092
2/27/2019,130.6154175,134.6153633,127.9487919,132.1462628,5875292
2/28/2019,127.2574158,132.5412806,126.4179158,131.8499356,3960957
3/1/2019,132.1956024,133.5289072,127.2574031,128.7388629,7738116
3/5/2019,140.047348,141.9238579,130.3684735,130.8622935,7598974
3/6/2019,137.5288696,141.9732496,136.4918446,140.9856096,4856085
3/7/2019,135.2079163,139.2078615,133.6277012,137.2819664,3496617
3/8/2019,136.4918518,137.6276469,133.7264567,134.0721367,3681442
3/11/2019,137.3313141,139.2078236,135.8992394,136.1461494,2550759
3/12/2019,146.5657654,148.8867253,138.3189807,138.7634157,12543653
3/13/2019,145.5287628,148.5410528,143.6028527,146.5657728,5700158
3/14/2019,143.7510071,147.3558871,141.8251121,145.5781321,4052596
3/15/2019,140.0967255,147.0595747,138.5164956,143.9979,5981701
3/18/2019,142.1213837,143.2077936,138.6152739,140.6399237,4934286
3/19/2019,140.2448883,143.0596685,138.7634282,142.6646034,4320808
3/20/2019,137.7263794,140.936209,136.3436896,140.2448641,3242462
3/22/2019,136.541214,139.7016586,135.3560491,138.9609287,3147147
3/25/2019,132.6894379,135.8992678,131.8499379,135.3066778,2977535
3/26/2019,136.5905914,138.2695761,131.7511472,133.232607,4180951
3/27/2019,135.8004913,139.2078461,134.5659414,136.8375163,2778662
3/28/2019,136.0967865,141.3806511,134.6153266,136.7387464,3966292
4/1/2019,149.578064,151.3064338,143.3065595,145.6275043,7938713
4/2/2019,149.775589,151.4052039,146.5163893,149.824974,6228254
4/3/2019,145.7262726,150.7632271,144.7880177,148.4422824,3416023
4/4/2019,145.6768951,148.4422901,143.6522302,146.1213301,3963980
4/5/2019,145.0843048,147.3558797,144.3929598,146.1707148,2004719
4/8/2019,140.1954803,146.8126646,139.3559955,145.6768848,4399839
4/9/2019,144.1954193,145.1830592,135.7510955,140.5411548,8432342
4/10/2019,141.0843811,145.5781311,140.2942661,143.9485311,4356153
4/11/2019,139.2572327,141.3806525,136.8869028,140.9856026,3535449
4/12/2019,139.652298,142.6646032,137.4794929,139.059723,5769634
4/15/2019,141.1831055,143.35591,138.812776,139.2572109,4375074
4/16/2019,141.2819061,143.5534812,140.4424061,140.4424061,3648947
4/18/2019,136.8869019,142.6645865,135.9486319,141.3312816,3954004
4/22/2019,133.479538,136.9362779,132.689438,136.2943179,3189574
4/23/2019,130.8622894,134.6153241,129.9240345,133.7264392,4084835
4/24/2019,134.4671631,135.405433,130.4672336,131.1091935,4329268
4/25/2019,133.0844727,135.3066624,132.1956028,133.4301526,2112063
4/26/2019,129.7758636,133.9733328,128.6400839,133.331373,4350584
4/30/2019,125.47966,130.1709498,123.4549951,130.1709498,4006829
5/2/2019,125.0845947,128.3931869,123.2574624,124.4426273,3754433
5/3/2019,126.7142029,127.4055478,121.4797084,122.4673483,6222801
5/6/2019,124.0475693,125.8253241,123.5043719,124.1957168,1996014
5/7/2019,120.8377457,125.4302729,118.5661783,124.8376905,4593214
5/8/2019,119.4056625,122.1216722,118.9118426,120.2945399,2661345
5/9/2019,118.6155548,120.6895972,117.6772999,120.3933097,2907774
5/10/2019,118.5167923,120.7883672,117.7760623,119.5044322,2835247
5/13/2019,116.1464462,119.4056608,115.2081914,119.2081283,2124122
5/14/2019,121.8253784,123.0105508,113.5785869,114.9118992,4548264
5/15/2019,115.9489288,123.4056058,114.6649939,122.6648758,3659017
5/16/2019,117.3316193,118.0229642,111.603305,116.6402668,5368281
5/17/2019,117.8254471,119.059997,114.6649948,116.2946022,4631007
5/20/2019,150.0718842,152.9854189,126.5166809,129.5783556,37670288
5/21/2019,152.7384949,156.9853492,146.6151309,152.7878799,39732349
5/22/2019,155.9977264,156.8372264,150.9113867,153.1335766,13565092
5/23/2019,159.059433,178.565324,155.7508328,167.4049884,61334483
5/24/2019,154.4668732,161.7260324,149.9731237,160.3433426,19435041
5/27/2019,155.2569733,158.7137126,153.2323087,157.1334979,9664810
5/28/2019,155.7014313,158.3680712,154.1212164,155.1582414,5456461
5/29/2019,153.2323303,156.4421601,149.8743606,155.9977252,12993604
5/30/2019,156.1458588,157.4297785,153.1829394,156.1458588,6740283
5/31/2019,152.837265,157.3310293,147.257106,156.5409144,7553254
6/3/2019,157.084137,159.8989018,149.7755923,152.0965522,7975636
6/4/2019,155.6520691,157.3310541,152.5903791,156.195259,5502910
6/6/2019,151.2570496,155.8495843,149.3311547,154.9606993,3832155
6/7/2019,149.4793243,151.6521294,144.9855592,151.0595393,5016442
6/10/2019,148.0966034,153.578008,145.1830686,150.1212682,3967379
6/11/2019,151.7014771,152.3434369,146.5163682,147.6521479,3413094
6/12/2019,151.3064575,157.3804531,148.6892173,152.0965726,7477081
6/13/2019,151.2076721,156.8866014,147.1583426,151.3064271,7968656
6/14/2019,150.5657196,154.0718447,149.6768496,154.0718447,6589668
6/17/2019,146.0719299,152.0471541,145.42997,151.1088993,3470303
6/18/2019,146.1213226,147.0102076,142.220148,145.5287477,5764444
6/19/2019,141.0350037,147.8990991,138.8621985,146.615164,4744374
6/20/2019,146.6151428,147.8496927,138.6152685,140.5411634,4477064
6/21/2019,144.9855347,150.1212589,144.1460348,145.1830596,4673136
6/24/2019,145.9238129,146.9608379,142.8127528,144.0966728,3240654
6/25/2019,148.9854736,150.0718684,143.0596347,144.6892344,4920288
6/26/2019,151.8990326,153.3804926,146.6645377,148.1459976,4779891
6/27/2019,150.9607697,153.0348045,149.6274497,150.4175647,2858423
6/28/2019,148.6398163,154.3681312,147.9484713,150.6150962,4642404
7/1/2019,152.1953278,153.6767877,146.2201028,148.7879578,6182608
7/2/2019,152.7879181,156.2446584,149.5287028,152.9854431,11741576
7/3/2019,153.6768036,155.6520838,152.2940984,154.4669036,5661251
7/4/2019,154.1706085,159.8001535,152.3928535,158.1211685,15687573
7/5/2019,145.4793549,154.9113186,144.0472801,154.3681136,6607087
7/8/2019,137.1831665,144.4423253,135.8498618,141.4794058,5896584
7/9/2019,139.405365,141.4300298,134.0721156,136.3436904,7317997
7/10/2019,137.6276398,140.7386997,135.5535897,140.2448797,5548654
7/11/2019,139.2572327,140.0967326,135.8004928,138.7634127,5098558
7/12/2019,138.5658875,141.6769473,136.0967876,139.2572324,6678610
7/15/2019,136.2449341,139.9485841,134.4178091,139.2572391,4491271
7/16/2019,138.4177246,139.2078395,134.9116151,136.1955349,4954078
7/17/2019,136.3437042,139.2572392,135.3066792,138.4671242,3984405
7/18/2019,132.5412903,136.2449404,131.7018053,135.9980304,4247055
7/19/2019,129.7758636,133.5288979,128.6894689,132.5906431,4256095
7/22/2019,130.0227966,132.5412816,127.1092617,129.1339267,5467444
7/23/2019,132.3931427,134.2696526,129.1339277,129.8252727,5753483
7/24/2019,128.1956635,132.3437481,126.2697611,131.8005431,5403438
7/25/2019,127.8006134,129.6771385,126.1710134,128.8870235,3977652
7/26/2019,130.2203369,132.5412818,126.8129669,127.8006069,3632048
7/29/2019,128.2271118,130.6044486,125.8993133,129.7624723,4349871
7/30/2019,124.165863,129.7624911,122.680033,126.790831,4167043
7/31/2019,127.5832825,128.0785592,123.0267307,123.8191765,3665392
8/1/2019,124.2649078,127.8804364,121.8380553,127.3851598,4462938
8/2/2019,126.8899002,128.5243073,122.1352407,123.7201247,4637509
8/5/2019,123.5219955,125.2059407,120.0055358,125.0078255,5259236
8/6/2019,126.9889221,128.2271137,122.8286015,122.8286015,3899290
8/7/2019,124.4135056,128.920519,123.4229522,126.9889429,3911797
8/8/2019,129.6634216,132.7341429,122.8781406,125.0078241,7070036
8/9/2019,131.1492462,134.6161826,128.8709858,133.4275217,8589075
8/13/2019,129.0691071,132.6350901,127.3851694,131.7435981,4226112
8/14/2019,129.415802,131.1988012,126.1469802,129.6634404,4761139
8/16/2019,131.5950165,132.6846161,126.9394037,128.7719334,4087073
8/19/2019,134.2199707,135.6562699,131.0502032,131.5454798,4261741
8/20/2019,134.3685455,135.5076909,130.8025628,134.4180762,4515865
8/21/2019,130.6539764,134.0218668,129.0195695,132.7341445,3426518
8/22/2019,125.7012177,130.0596538,124.908772,129.7129541,3358838
8/23/2019,130.0596619,130.9511539,121.739012,122.2342886,4374006
8/26/2019,133.9228058,134.6657208,127.0879939,130.8520996,5507570
8/27/2019,135.8543854,136.8944694,132.635087,133.4770634,4495705
8/28/2019,134.6657257,135.8048711,130.9016199,134.913364,5312871
8/29/2019,131.0997314,136.6963514,129.1186249,136.6963514,6108447
8/30/2019,136.0525055,136.9935281,130.9016161,131.1492544,7806183
9/3/2019,133.9723358,135.6067427,131.7435909,134.3190355,3477541
9/4/2019,133.6751709,134.2199783,129.3662729,133.3284863,4313711
9/5/2019,134.4676208,137.3402196,132.0902988,133.7247058,6840367
9/6/2019,136.4487152,137.1420995,133.7742244,134.1209089,3744649
9/9/2019,139.5689697,140.4109462,135.0619638,136.4982632,4349296
9/11/2019,142.5901337,143.5311562,138.7269821,138.7269821,4245005
9/12/2019,141.6986542,144.9179524,140.7081009,143.4816532,3500479
9/13/2019,144.3731537,145.512284,139.2222792,141.6491319,3561056
9/16/2019,144.5712433,145.8094348,141.7976912,142.6396675,3713796
9/17/2019,142.3920441,146.5028344,141.054791,144.1255124,4167662
9/18/2019,142.788269,144.6207989,140.7576466,142.6396921,3465608
9/19/2019,141.2033844,143.5311757,139.172747,142.5901531,2662885
9/20/2019,147.6914825,150.663142,139.9651649,141.6491022,7545363
9/23/2019,150.9603271,152.5452186,146.1561524,152.5452186,4136992
9/24/2019,146.6513977,151.5546328,144.0264228,149.8211648,4576924
9/25/2019,146.1561432,149.5735491,144.1255059,148.2858267,4572108
9/26/2019,151.2574921,153.9319831,145.2646413,147.0476404,7013490
9/27/2019,148.0381775,151.2574755,145.8094327,151.2574755,4016921
9/30/2019,144.4721985,148.3353501,142.3920306,147.6914966,3528313
10/1/2019,142.292984,146.3047281,139.172747,144.7198518,3732047
10/3/2019,142.1939392,143.6302386,140.0642404,141.6491318,2070232
10/4/2019,138.6774902,143.134981,136.2506372,142.5901735,2382805
10/7/2019,134.5171356,138.6774563,133.9723283,137.1420957,2701943
10/9/2019,137.6869202,138.3307738,132.8332146,133.6751759,2682715
10/10/2019,136.102005,137.7859576,134.0218523,136.696343,2413888
10/11/2019,135.6562805,137.4888103,133.3284892,136.1515572,2780875
10/14/2019,145.7104034,150.9603241,135.7058086,136.5973006,10795909
10/15/2019,153.5357513,154.3777276,145.2151102,146.3047097,11048872
10/16/2019,158.6371155,159.3800305,153.5357717,153.5357717,9587304
10/17/2019,161.0144501,163.4413028,156.1607296,158.2904284,6523046
10/18/2019,173.4458923,174.1392766,163.5403591,173.2477696,14162661
10/22/2019,176.9623413,178.2995943,171.7619365,172.8515512,7909839
10/23/2019,174.7831116,177.061387,170.771368,177.061387,4743985
10/24/2019,177.3090363,178.2995895,172.6534389,173.3468232,4753708
10/25/2019,179.5873108,181.9646326,175.5260363,177.8043119,7857185
10/27/2019,181.6674805,182.5094569,180.2807118,181.1722038,1003411
10/29/2019,193.702713,195.1390124,180.6274117,181.0731576,9534790
10/30/2019,193.9008179,195.5847555,190.4834118,192.5140492,4791525
10/31/2019,197.7639618,199.3983838,194.1484483,194.8418326,6584768
11/1/2019,198.5564117,200.4879877,194.3465601,197.1201124,3522957
11/4/2019,199.002182,201.9738424,196.3772214,199.0517127,3965499
11/5/2019,198.6554718,199.5964944,195.8323888,198.1106645,2326138
11/6/2019,205.5893402,207.7190238,196.7238912,197.1201065,6220311
11/7/2019,207.1742249,208.4124165,203.5587112,205.9360332,3959490
11/8/2019,206.0846558,209.997339,204.2521258,206.7285095,4057743
11/11/2019,208.8581848,210.2449535,204.1035256,204.9950176,2907157
11/13/2019,196.3276672,208.7591146,192.4645153,207.0256462,9836594
11/14/2019,200.3889313,201.2308925,192.2168667,194.3960809,4141184
11/15/2019,201.6766815,203.0634503,198.9031289,200.09179,3314555
11/18/2019,199.2497864,203.6577606,198.2097175,201.8747616,2041767
11/19/2019,197.8134918,200.6861055,194.3960859,200.0917674,2954848
11/20/2019,203.7568207,205.490289,196.2286243,196.6248396,3488019
11/21/2019,203.5587158,207.0256526,200.0422484,204.9454845,4409698
11/22/2019,201.5280762,204.3511593,198.2097315,202.8157986,2545651
11/25/2019,213.1670685,214.2071525,199.6955526,199.9927065,6805228
11/26/2019,208.6105194,215.6434384,205.1930986,212.7213093,5247790
11/27/2019,211.5326538,213.1670607,206.5303568,207.9171253,4051404
11/28/2019,211.0869141,214.1576202,208.5114694,210.789745,4234343
11/29/2019,212.8699036,219.4075616,209.7001359,210.3935203,7969827
12/2/2019,207.02565,211.6812477,204.1035207,209.9973101,3169460
12/3/2019,205.8865204,207.9666734,201.6271379,206.0350973,2382612
12/4/2019,210.4430389,211.4831229,203.3605891,203.8558657,2917279
12/5/2019,206.4313049,211.6812405,205.391236,210.9878562,2309030
12/6/2019,204.5492401,208.0657071,203.112941,206.4808159,1958477
12/9/2019,205.4902954,207.7190405,200.4879978,203.9549347,2550809
12/10/2019,202.2710114,206.2332252,201.3795193,205.4903101,2139886
12/11/2019,204.2025452,205.8369671,200.7356088,201.1813699,2155584
12/12/2019,208.4124146,210.3440056,204.648324,204.9454779,2958155
12/13/2019,210.1954193,211.2355034,206.5303749,208.5114816,2867800
12/16/2019,208.5114899,211.2355117,207.4218751,210.0963813,2184582
12/17/2019,209.2048645,211.1859712,208.0162035,208.5114802,1968218
12/18/2019,206.18367,210.4430524,203.6577711,209.7991988,2542320
12/19/2019,208.5610199,209.0067659,204.796914,205.688406,2180662
12/20/2019,216.733078,218.7141847,207.5209287,208.0162054,6997898
12/23/2019,212.5232239,218.7141823,210.3935251,215.6929916,3709426
12/24/2019,207.1742249,214.9005439,205.6388793,212.523222,2984621
12/26/2019,206.9761047,209.1058034,203.6577603,206.9761047,3299177
12/27/2019,207.1247101,209.204863,205.1436034,207.0751794,2240503
12/30/2019,206.6789398,209.6010841,206.0350862,207.9171314,1938731
12/31/2019,206.3817902,208.7591121,205.6883907,206.7284748,1600059
1/1/2020,205.8865204,208.46195,204.6978443,207.0256507,1553127
1/2/2020,209.2048645,211.1859712,205.5398201,206.0350968,2991937
1/3/2020,206.3322754,210.3440197,203.8558919,208.2638515,2512421
1/6/2020,197.664917,205.7874512,195.881918,205.7874512,4353179
1/7/2020,202.122406,203.7568129,198.6554694,198.6554694,2966120
1/8/2020,199.5965271,201.6271648,192.7121834,199.1012504,5762654
1/9/2020,206.0350952,206.9265872,199.9927138,199.9927138,3496063
1/10/2020,207.1247101,210.9878621,203.9549273,206.0350954,2769132
1/13/2020,211.5821991,214.2071594,207.6199857,208.6600547,3527267
1/14/2020,212.3251343,213.4642647,209.8487507,211.4336271,1775182
1/15/2020,214.5538788,215.9406475,210.4926037,212.4737105,1982079
1/16/2020,217.9217377,220.3981211,214.9500776,215.6434619,4280379
1/17/2020,226.2423859,227.0843623,211.6812542,213.95953,10810744
1/20/2020,224.4098663,230.0560175,222.0325292,227.3815264,4546367
1/21/2020,222.1315918,224.8556135,218.4170167,222.2306532,2813526
1/22/2020,223.7659912,225.8461592,219.0608629,222.6763916,2939366
1/23/2020,227.4310455,229.0159218,223.6174093,223.8650476,2650092
1/24/2020,227.5796356,230.204596,216.9311869,223.3697838,7154795
1/27/2020,228.3720703,234.2163288,223.9145804,227.3319863,5293975
1/28/2020,227.7282257,232.2847775,226.9357951,230.0560323,2161711
1/29/2020,230.1055298,236.0983801,228.8178075,229.5111918,3738186
1/30/2020,229.3130951,230.5512868,226.0442661,230.1055408,2192123
1/31/2020,227.2824554,232.3342834,225.0041798,228.8178161,2720308
2/3/2020,218.8132324,222.5278075,213.5633117,219.6056781,2720614
2/4/2020,223.3202515,225.0041891,219.9523761,220.546699,2028088
2/5/2020,234.018219,237.0394096,220.4476417,224.6079626,8985919
2/6/2020,234.2658539,241.2987883,231.888532,235.1573458,8852675
2/7/2020,237.2375336,239.862494,233.0276817,234.1668121,5052443
2/10/2020,242.1902771,242.8341307,235.3059348,237.2375107,5588211
2/11/2020,242.9827423,246.2515714,241.3483202,242.8836809,3533751
2/12/2020,247.3411713,249.025109,242.6855735,243.5770655,4490312
2/13/2020,249.0746307,250.3623531,245.9048631,247.4402238,2563148
2/14/2020,253.7302399,256.1571077,249.1737034,250.1147261,4968325
2/17/2020,250.1147156,254.9684208,249.2727392,254.4731442,2411524
2/18/2020,247.0935211,249.2727354,242.9332002,249.2727354,2430446
2/19/2020,251.6005554,253.0863855,247.5392806,247.6383419,2101729
2/20/2020,256.206604,258.5344103,250.2632842,250.8080916,3108173
2/24/2020,244.9143066,253.4330712,241.7940698,252.3929872,3309214
2/25/2020,244.1218719,249.3718078,240.1101278,247.4402317,3309962
2/26/2020,240.5063477,243.9732843,238.7233487,241.6950086,2897390
2/27/2020,231.9380646,239.1691072,229.8579116,239.1691072,3568055
2/28/2020,216.5844879,224.6575069,214.9500809,218.9122944,3364181
3/2/2020,216.5349731,224.5584464,214.1081053,220.8934019,3162614
3/3/2020,223.6174164,226.490015,217.1788197,218.912288,2992170
3/4/2020,219.011322,224.8555799,211.5326422,223.9640881,5216787
3/5/2020,219.6551971,224.7070251,217.2778752,221.6363038,3159080
3/6/2020,212.7213287,214.7024354,205.5398171,213.0680284,4375226
3/9/2020,197.8134918,206.5303639,195.3866392,205.044534,2763988
3/11/2020,193.9008179,203.0634363,190.4338812,195.5352248,3763186
3/12/2020,160.6182098,182.1627439,158.9342723,178.3986535,4834390
3/13/2020,147.3448029,159.8257804,128.5242902,144.5712506,7463176
3/16/2020,133.4275208,140.9557316,127.4346705,139.6680093,6582749
3/17/2020,132.1398163,141.2033889,129.2672175,134.4180921,6388061
3/18/2020,128.9700317,135.7057969,125.8993181,134.6161823,4255688
3/19/2020,127.6823196,131.6940637,117.0834019,119.8569543,5517080
3/20/2020,136.3992004,140.2623678,127.4842198,136.6963695,4496351
3/23/2020,120.6070328,134.6728637,117.9135709,122.7518243,1456143
3/24/2020,130.0341339,132.6278243,116.1179338,124.6970923,5125923
3/25/2020,131.9794159,134.5731065,124.6971021,125.6946789,2771318
3/26/2020,139.910141,151.631668,131.7300146,134.672863,7980255
3/27/2020,127.6898422,150.6341107,125.9440827,145.6462263,4378366
3/30/2020,128.3881378,129.4854784,120.7067991,123.6995297,2397592
3/31/2020,137.266571,138.1145022,129.1363112,131.3808589,2200227
4/1/2020,133.625412,138.6132961,131.4806279,138.6132961,1997603
4/3/2020,128.7372894,134.2738437,127.6898307,133.6752916,1761897
4/7/2020,137.8152466,141.1571354,130.6825776,130.6825776,2463474
4/8/2020,137.7653809,146.7934399,134.5731225,136.5184097,3237290
4/9/2020,142.1048279,145.8956232,139.6607675,139.6607675,2359428
4/13/2020,145.646225,148.6389556,136.2191265,141.6559174,2204560
4/15/2020,144.8980408,150.5842259,142.8530051,147.6912591,3413325
4/16/2020,142.9527588,144.4990059,140.2094226,141.6559059,2685695
4/17/2020,143.5513,148.1900415,141.2070036,146.5939124,2383979
4/20/2020,146.3445129,155.0733099,142.2544572,145.6462122,6835058
4/21/2020,135.6205597,142.653479,133.8249185,142.653479,3576177
4/22/2020,137.266571,138.4636601,131.7798988,135.6704421,6012030
4/23/2020,140.1595612,142.1547151,137.1668303,140.1595612,3371195
4/24/2020,134.3237152,140.2094277,133.7750601,136.8176573,1823167
4/27/2020,134.2738495,138.0147627,133.7750611,136.0694756,2996533
4/28/2020,138.9624481,141.5561386,134.7227468,135.6205598,5721109
4/29/2020,139.161972,140.3590612,135.321295,139.6607605,4774187
4/30/2020,141.057373,147.0927166,139.9600475,141.1072549,4899422
5/4/2020,131.2312469,137.1668266,129.6849997,136.5682743,6012691
5/5/2020,132.3784332,136.0195975,131.4806202,134.6728628,3112486
5/6/2020,132.9270935,135.0718773,126.9915153,133.3261181,6685480
5/7/2020,134.5731201,135.3213028,129.6849993,130.78234,2423478
5/8/2020,136.8176575,139.0123387,135.8699625,136.5682633,2431204
5/11/2020,139.7106476,142.9527725,137.1668234,137.5159815,2900696
5/12/2020,139.5610046,140.3590692,132.8772423,138.164403,2901801
5/13/2020,140.8079529,144.6486295,140.4089283,144.6486295,3115038
5/14/2020,140.5585632,142.0050618,137.0670445,139.2118437,1587450
5/15/2020,140.7082214,143.3517941,139.6607627,141.0573642,2145697
5/18/2020,135.570694,146.0452514,134.024462,144.4491375,4941536
5/19/2020,139.3614655,145.5464381,134.1241876,137.4660758,5564024
5/20/2020,141.0075073,142.8530155,137.6656185,139.1619839,2872608
5/21/2020,137.9648743,143.651059,136.7179033,141.8554177,2682428
5/22/2020,137.7653809,140.8578602,136.2690155,137.6656171,2449109
5/26/2020,139.161972,142.9527672,138.0147647,138.6631836,2657870
5/27/2020,140.6583405,141.2568927,138.1643982,139.4113694,2224751
5/28/2020,142.3043365,144.0500961,140.2593161,141.3566416,2816689
5/29/2020,147.9905396,153.2278183,140.758107,140.758107,9162612
6/1/2020,150.1353149,154.524647,149.1377381,149.6365265,3985102
6/2/2020,149.5866394,152.2302271,147.8907619,150.6340981,2482873
6/3/2020,150.2849426,157.5173746,149.2374991,151.3822832,5875845
6/4/2020,147.6413879,153.5270858,145.7958645,150.1353303,3146640
6/5/2020,152.0805969,154.6244211,148.0902893,148.5391958,4111095
6/8/2020,152.2801056,158.1159365,150.2849518,155.2229696,4899754
6/9/2020,151.5319214,156.3202934,150.6839902,153.8263512,3005643
6/10/2020,151.4820404,154.375007,149.8859115,152.3798534,4135121
6/11/2020,151.4321594,165.0490765,149.8859124,151.4820413,16533100
6/12/2020,151.9309692,152.9285462,140.6583469,143.6510777,4817295
6/15/2020,148.8883362,156.4699259,147.8907594,151.43216,3214496
6/16/2020,145.8457184,153.6268201,142.4040816,153.1280317,2640377
6/17/2020,146.7934265,148.0902795,143.1023952,144.6486424,1252809
6/18/2020,147.4917603,149.0878743,145.6462368,146.3445376,2037814
6/19/2020,152.3299866,154.0258642,148.5391914,149.2375074,5245179
6/22/2020,154.2752228,155.8214696,153.2277795,154.1255924,4662143
6/23/2020,156.8190918,161.4079518,155.1730959,156.6195795,4790074
6/24/2020,154.4248962,162.6050232,153.1280433,158.7144797,4078195
6/25/2020,161.2582855,168.7899935,152.6292522,152.8786464,14608370
6/26/2020,161.7570648,165.9468994,160.9091337,163.6025879,6772909
6/29/2020,159.3628998,163.1536948,156.3701693,161.0088955,2937549
6/30/2020,155.8713684,163.7522187,154.8737917,161.0088826,3827240
7/1/2020,157.2679901,158.614725,155.6718762,156.7692017,1681231
7/2/2020,157.8166656,160.5600022,155.7716299,159.4127948,2152710
7/3/2020,159.6123047,163.4529819,157.0185986,159.6123047,4481657
7/6/2020,163.802124,164.7997009,160.1110925,161.557576,3515662
7/7/2020,167.7425385,170.2364805,162.9042999,164.1013891,8172143
7/8/2020,162.605011,169.0892599,161.0088821,167.5928948,3650115
7/9/2020,162.3556366,164.6999483,161.0587836,162.6050308,1711099
7/10/2020,159.3130035,163.0040345,158.1159145,161.1086447,1950837
7/13/2020,155.671875,162.0563609,153.9759974,161.0587841,2585981
7/14/2020,149.387146,155.8713961,148.6389633,155.5222381,2352010
7/15/2020,147.3919678,153.4771922,146.6437852,149.7362793,2180415
7/16/2020,148.5391846,149.6365252,144.8481533,147.7411353,1473784
7/17/2020,151.232666,153.5270807,148.63896,149.3871426,2222846
7/20/2020,160.3105927,161.5076818,151.7314411,152.7788846,6329853
7/21/2020,166.8946075,167.6926721,158.7144805,161.058777,6517373
7/22/2020,168.9895172,171.5832232,161.6074544,166.5953388,4611051
7/23/2020,169.5381927,170.2863754,164.9992148,167.9420788,2199241
7/24/2020,168.341095,169.3386718,163.2534469,166.9943601,1801357
7/27/2020,165.5478821,168.6403765,162.6050333,168.2413366,1156539
7/28/2020,173.1294708,174.4761905,163.4030962,165.8970384,4829045
7/29/2020,178.6660156,190.3875433,171.633096,173.5783677,15392378
7/30/2020,174.6258392,180.9105767,172.8301978,178.7657773,3403335
7/31/2020,174.8253326,178.2170876,171.6829718,173.5783617,2644457
8/3/2020,171.8326111,178.2669787,170.7851524,174.8253416,2789132
8/4/2020,181.6587524,183.5541424,171.7827324,173.5783738,4208453
8/5/2020,179.1648102,184.3522068,178.0674695,182.5565654,4042372
8/6/2020,185.4994049,187.5444404,177.0698839,179.6635897,6447296
8/7/2020,192.4325409,194.5274581,179.6635712,180.611266,9386323
8/10/2020,195.2257843,197.8194902,191.883911,192.4325661,4627306
8/11/2020,195.3754425,199.3158682,193.9289438,195.525073,2965963
8/12/2020,197.2209473,200.2635598,189.7391206,195.3255573,3352636
8/13/2020,200.2635345,202.8073583,197.2708043,198.4180115,3552469
8/14/2020,195.7245636,204.004454,190.9860738,201.9095367,6617104
8/17/2020,197.3207092,201.1613711,195.5749497,196.9216693,3227005
8/18/2020,213.1821747,216.2746691,198.5177977,199.5153746,13367091
8/19/2020,238.9695282,244.8053434,213.7308318,213.7308318,19592028
8/20/2020,233.4329681,244.4063128,229.8416856,240.615518,9484513
8/21/2020,232.7845612,243.9075368,230.5400133,236.5254743,5797329
8/24/2020,248.0973511,253.2348808,234.4305517,235.4281286,11878911
8/25/2020,306.8047485,321.6187709,249.3942129,251.3893666,49264537
8/26/2020,284.8580627,302.0662637,277.5757638,298.2754838,26717004
8/27/2020,286.0053101,296.978656,283.0125794,284.2096534,15748895
8/28/2020,287.5515442,294.9336072,285.8057846,288.2997269,7256271
8/31/2020,278.8725586,296.8788366,269.5951073,289.2972474,15172187
9/1/2020,280.4188538,286.3544176,270.8919767,279.2716465,5169176
9/2/2020,292.3398743,305.2585062,279.7205336,282.3142394,17403674
9/3/2020,290.5442505,297.97621,286.9529678,294.0357694,9061697
9/4/2020,284.4590454,292.7389519,279.4212943,283.3118381,6719721
9/7/2020,284.5587769,290.9931593,281.366519,284.4590131,5812023
9/8/2020,277.0270996,289.097755,272.8871314,285.3069752,5660442
9/9/2020,282.3640747,286.2047511,273.7350423,276.228984,6661093
9/10/2020,297.577179,307.2038205,285.2072314,286.952991,25430532
9/11/2020,295.2827759,302.9142334,291.3922319,298.2755067,9743753
9/14/2020,292.4396362,303.2633507,289.4469058,301.0686696,6120182
9/15/2020,287.8507996,297.9762294,269.3457604,294.1854189,2552460
9/16/2020,296.3800964,302.1161635,289.3970583,291.9907643,6159158
9/17/2020,292.9883118,300.0710825,291.4420495,294.2851494,2466000
9/18/2020,290.8435059,298.9737812,286.6038044,296.8788638,2744172
9/21/2020,276.4285583,295.5321494,264.3578721,292.2900246,6459206
9/22/2020,279.72052,282.3142257,256.8760181,277.5757361,12535965
9/23/2020,282.8628845,295.5321218,277.7752673,283.2619396,8864848
9/24/2020,269.7946777,280.5684958,268.8469675,277.2765043,3689023
9/25/2020,279.6207886,282.9128106,274.3336433,275.2314564,7663618
9/28/2020,294.9835205,301.3181099,281.4164677,282.4140447,5875621
9/29/2020,297.1781311,306.2560863,291.4420643,299.1732848,10246726
9/30/2020,296.3800964,303.9616868,294.3849427,299.2730633,5618023
10/1/2020,307.4033203,311.1941309,295.2827669,299.073547,6914312
10/5/2020,325.8085938,333.6894445,306.6052401,310.7451778,20009492
10/6/2020,326.3572693,330.3475768,319.5238616,328.6018173,7705557
10/7/2020,329.3001099,334.7867823,322.4667027,324.3620925,8234005
10/8/2020,315.4837036,329.0008588,309.7476363,328.2028095,4125845
10/9/2020,312.2415466,321.2696047,309.7476046,318.02748,2468904
10/12/2020,314.5858765,321.9180727,312.2415647,314.2367185,2556329
10/13/2020,312.4411011,316.0323536,308.9994485,314.7355158,1454109
10/14/2020,312.640564,314.9350089,309.2986756,312.1916727,1517470
10/15/2020,306.3558655,325.060432,304.6101059,314.2367167,4960658
10/16/2020,306.2561035,313.189275,304.6101077,308.5006515,1871531
10/19/2020,316.1819763,318.4763908,308.6003866,309.1490417,3329571
10/20/2020,321.1199951,327.0555898,312.7403553,314.5359815,7198907
10/21/2020,311.243988,323.9132267,305.2585267,321.2197569,4998821
10/22/2020,310.7452087,314.0372004,308.2512665,310.2464203,2380993
10/23/2020,314.6856689,321.6687078,312.5408541,313.2391702,4159352
10/26/2020,306.6550903,317.927726,304.3107789,317.2294101,4397393
10/27/2020,313.2889709,314.585839,302.2657599,307.2536437,3549135
10/28/2020,318.0773621,320.0226185,309.099171,313.0395811,3098009
10/29/2020,328.1029968,331.5446489,312.4410596,314.6357103,6897070
10/30/2020,338.8768616,346.6579487,328.8511962,330.2477976,14205844
11/2/2020,340.273468,343.4656957,332.2429561,338.2783143,4272022
11/3/2020,343.9644775,348.7528646,339.3257514,343.1664283,4078834
11/4/2020,350.9974365,358.6288937,336.682202,341.7698502,9701398
11/5/2020,351.8952332,354.0899144,344.4134068,352.1446274,5361436
11/6/2020,351.2468262,352.9925857,344.2138909,351.1470624,3863486
11/9/2020,357.0327148,363.816255,350.9973876,353.1421716,6278843
11/10/2020,358.6289063,360.8734543,352.3441838,357.2323046,3590100
11/11/2020,359.227417,361.8211228,353.192059,358.3296039,2869576
11/12/2020,364.6642151,368.6046559,357.1325218,357.3320494,4199715
11/13/2020,367.7068176,370.7494147,361.1726713,363.1179582,2786714
11/14/2020,370.3504028,371.9465319,368.6046434,368.9039042,620753
11/17/2020,393.3445435,400.9760308,370.1010148,371.0985917,10496968
11/18/2020,393.5440369,403.7193321,386.4612357,392.9953818,8656493
11/19/2020,384.8152466,397.5343506,376.8844989,389.0549479,7731483
11/20/2020,387.3590698,401.0258845,384.0670785,384.1668422,5490838
11/23/2020,408.0587769,412.6975333,382.1716772,389.1547148,7318547
11/24/2020,406.2132568,414.4931315,403.2205266,408.9066957,6167783
11/25/2020,398.2825317,410.5028474,392.0476768,407.9590387,3448648
11/26/2020,400.9760437,410.5527575,398.1828101,401.8239597,5490958
11/27/2020,397.4346313,406.8617452,395.3397138,400.0283374,6429153
12/1/2020,420.877655,422.9227058,394.1426084,397.0355751,7846125
12/2/2020,452.6504822,460.7807272,418.3338457,419.5309196,16821595
12/3/2020,446.4654846,455.8925976,442.1759166,452.650473,6848649
12/4/2020,444.8694458,455.4437369,440.9290047,447.9120433,4131360
12/7/2020,456.4412537,465.2199478,444.8693871,444.9192538,5371039
12/8/2020,450.8049316,461.1797239,445.4678899,456.4412342,3872952
12/9/2020,448.0117493,456.9899405,446.2160928,452.8998695,2798049
12/10/2020,446.1662292,451.1541133,436.9885104,446.9144119,3113868
12/11/2020,448.7100525,450.7052062,439.3328362,446.1662437,2940168
12/14/2020,454.0471191,460.880527,445.9168735,449.9071811,3762369
12/15/2020,461.3293762,462.9254747,445.4678817,454.3962057,4779869
12/16/2020,462.1274719,466.4170402,456.4412717,461.3792893,4088505
12/17/2020,458.1870422,472.8015677,453.9972377,462.2771135,4912523
12/18/2020,454.0471191,463.0752083,449.7076535,459.8829501,2159692
12/21/2020,428.1600037,459.6335417,408.6573576,452.8998978,5350194
12/22/2020,457.6882324,460.4315687,417.0868742,427.1624061,8342699
12/23/2020,462.4766541,465.6688818,453.0994373,456.8902174,4604130
12/24/2020,472.5022583,478.6872468,461.279519,463.8732248,7985151
12/28/2020,489.6606445,505.7715059,471.5546293,471.8538902,13714406
12/29/2020,488.0145874,497.9404584,483.5254918,490.8077903,5849496
12/30/2020,482.9768372,494.7981292,477.2407701,488.0146186,5419517
12/31/2020,478.3880005,482.82723,434.6941435,479.8344992,7575962
1/1/2021,489.9598694,492.0547869,475.8441629,475.8441629,5035248
1/4/2021,493.3017273,501.3821055,485.4707433,490.8077853,4936582
1/5/2021,493.2019653,500.185003,488.4136089,490.8077871,3654033
1/6/2021,489.7104797,499.4368542,483.0765996,494.7981279,3295461
1/7/2021,516.8445435,522.6804046,492.6034381,492.7032019,9879731
1/8/2021,516.744751,525.3238866,512.8541773,521.7326347,3702267
1/11/2021,517.8920898,523.3288354,509.263025,519.3385277,4148831
1/12/2021,524.1268311,535.2996416,515.8468956,517.7423157,4878024
1/13/2021,534.7510986,538.8910672,520.036839,527.8179268,4948731
1/14/2021,530.8106079,539.6890661,527.1196223,533.6537384,3161306
1/15/2021,526.0222778,536.1975742,517.5428743,533.4043711,3376852
1/18/2021,506.6193542,527.8178296,500.8333909,526.7205195,5204588
1/19/2021,528.8154907,530.7109112,511.0586341,511.0586341,4181185
1/20/2021,545.4251099,550.8120489,529.7132754,530.8605131,6681731
1/21/2021,535.598999,551.6100942,530.2619267,550.0638624,4208383
1/22/2021,525.5234985,545.4251699,520.3360865,532.7559311,4179558
1/25/2021,512.6546631,533.1049843,507.7665132,528.9650169,3728411
1/27/2021,511.5573425,520.286139,505.8212762,511.8566034,2792007
1/28/2021,510.6097107,518.2411674,500.1351539,506.0707178,4197516
1/29/2021,505.4223022,523.927371,501.2823644,513.9516025,3822560
2/1/2021,535.8982544,538.1926688,495.6958922,509.2629424,4004036
2/2/2021,562.8328857,565.5263555,539.4895625,540.7365336,5144708
2/3/2021,565.2269897,575.2027577,556.9969812,566.6236216,6087209
2/4/2021,588.2710571,610.217747,554.6527064,560.5883006,11184167
2/5/2021,593.9072876,606.3769968,587.1736446,593.5581601,4754950
2/8/2021,626.7775269,636.4540345,602.0874997,603.9330534,7085276
2/9/2021,628.3237305,640.3445798,619.4952,629.9198899,4510798
2/10/2021,649.12323,653.3130647,620.5924972,631.5159753,5991927
2/11/2021,657.0040894,659.3982982,643.7861961,652.4152602,3688016
2/12/2021,717.2078247,722.6944969,653.6123062,655.4079322,16810897
2/15/2021,761.6000977,786.0407317,705.9353187,723.2432536,21579566
2/16/2021,778.3094482,801.0043209,754.4174712,758.1583843,19426061
2/17/2021,783.5466919,800.0565754,780.354434,785.2425846,8908279
2/18/2021,806.2416382,822.502129,784.0954195,785.3423906,9694238
2/19/2021,780.0053711,828.9863706,727.7323193,811.0299871,20210882
2/22/2021,803.9472046,811.0299758,778.658595,784.095401,10890564
2/23/2021,797.7123413,825.2953043,787.0881236,812.8255938,9753081
2/24/2021,803.2488403,810.082217,793.5224667,804.0468896,4626257
2/25/2021,841.4560547,860.3102811,807.0396541,812.0275383,12118095
2/26/2021,831.6299438,858.9136456,817.863335,831.8793381,11355426
3/1/2021,849.4366455,858.8637584,834.4231268,838.7126949,5996840
3/2/2021,870.4356689,874.3761097,850.1848711,855.3224162,5116413
3/3/2021,913.131958,942.610403,870.7349413,878.316562,11670544
3/4/2021,916.1746216,936.4254199,903.2061223,907.7949515,8141787
3/5/2021,907.6951294,931.7367053,886.1474346,915.7754769,7109101
3/8/2021,907.9943848,924.1551406,902.9067067,915.8752047,3904469
3/9/2021,903.0065308,926.1503247,891.4346034,915.7755016,5561849
3/10/2021,895.9736938,911.8849963,886.5465802,908.7925323,5465016
3/12/2021,891.9334106,921.5614544,887.1450541,902.8070223,6049852
3/15/2021,894.0284424,901.8095301,872.3810112,896.5722513,5234540
3/16/2021,895.6245117,902.2085557,885.8981371,898.517509,2555026
3/17/2021,871.7824097,903.2060796,862.9039516,895.8239867,3886557
3/18/2021,868.9393311,888.841002,855.6715707,873.8773488,4465851
3/19/2021,887.4942627,893.2303295,838.1640756,863.901546,4794995
3/22/2021,988.6485596,1000.569616,881.3093111,890.7364249,22596465
3/23/2021,1055.835327,1084.066678,988.648492,996.5792399,31098225
3/24/2021,1022.965149,1090.351515,1015.932305,1060.424209,22877032
3/25/2021,979.1715698,1038.926388,974.6326072,1030.446985,13139164
3/26/2021,985.9051514,1015.982117,975.6301224,997.5768122,9396506
3/30/2021,1029.050293,1039.923782,985.605779,1001.567006,10470011
3/31/2021,1028.651489,1050.598182,1014.136696,1035.484867,6440569
4/1/2021,1104.516846,1113.345497,1032.491858,1040.871527,12713083
4/5/2021,1135.491943,1147.213472,1096.187388,1124.269203,15795720
4/6/2021,1222.430664,1237.992838,1139.731521,1150.605133,21496457
4/7/2021,1162.72583,1248.567251,1105.31523,1230.4114,23007694
4/8/2021,1159.682983,1188.113921,1134.992959,1159.682983,12404773
4/9/2021,1198.48877,1225.024288,1148.410342,1160.580852,12923020
4/12/2021,1071.796509,1174.546916,1058.828011,1174.546916,13690016
4/13/2021,1103.669067,1113.59503,1048.503143,1074.390213,12137329
4/15/2021,1127.211914,1142.125761,1078.729703,1092.346652,9350889
4/16/2021,1156.191528,1189.111563,1109.305418,1127.261801,10661068
4/19/2021,1133.596436,1150.206115,1086.361196,1097.334541,8565063
4/20/2021,1139.980957,1174.84622,1122.323895,1154.046766,8261172
4/22/2021,1154.994629,1166.167442,1120.278903,1131.252249,7124786
4/23/2021,1154.795044,1180.033789,1142.874048,1158.18683,6167151
4/26/2021,1170.506836,1194.997398,1157.189209,1157.189209,6939823
4/27/2021,1188.263794,1210.559614,1178.138364,1181.82935,7109421
4/28/2021,1182.328003,1211.008337,1177.888835,1205.022876,5020151
4/29/2021,1179.435181,1209.711614,1175.145551,1193.650651,4070698
4/30/2021,1155.892334,1198.039959,1140.230425,1168.162579,4232500
5/3/2021,1252.507813,1261.336344,1119.929809,1142.325363,11276228
5/4/2021,1259.440796,1295.802424,1238.840809,1281.886275,10271516
5/5/2021,1264.428589,1285.128307,1237.244621,1271.311893,7805805
5/6/2021,1283.631836,1308.670987,1259.939389,1269.266707,6240535
5/7/2021,1295.752563,1319.195619,1287.322966,1301.837758,4584524
5/10/2021,1300.939941,1310.815977,1283.183147,1291.762283,3892338
5/11/2021,1300.341309,1322.786786,1280.888562,1288.869176,4744734
5/12/2021,1282.684326,1325.280808,1275.5017,1307.823213,4143731
5/14/2021,1217.392822,1298.844992,1210.409785,1296.849839,6377643
5/17/2021,1285.976318,1295.852354,1224.47568,1227.01955,7782732
5/18/2021,1323.485107,1341.690884,1298.845009,1311.76358,6531595
5/19/2021,1291.562622,1348.27496,1280.788866,1346.728667,9925284
5/20/2021,1298.845093,1316.801477,1280.838781,1298.146838,5837747
5/21/2021,1311.913208,1332.762587,1296.89975,1316.801359,8314215
5/24/2021,1303.633545,1325.430576,1299.842704,1318.497343,7913411
5/25/2021,1279.641724,1318.796616,1269.815616,1311.165128,3697062
5/26/2021,1319.594727,1323.63484,1251.210784,1285.826652,5630730
5/27/2021,1322.587524,1338.748222,1301.089693,1326.27851,36690935
5/28/2021,1299.443604,1327.226095,1294.854774,1308.421795,2979585
5/31/2021,1313.110474,1318.297825,1288.869307,1303.882888,2709718
6/1/2021,1412.818237,1426.534919,1305.878046,1316.701731,10018645
6/2/2021,1543.001953,1553.227116,1409.576053,1422.095691,24541949
6/3/2021,1579.263916,1619.865368,1549.236877,1560.210222,19107244
6/4/2021,1696.828369,1709.397935,1581.957487,1601.110915,21102075
6/7/2021,1620.364136,1713.038928,1609.091469,1710.844308,15350263
6/8/2021,1632.484497,1663.958094,1598.566886,1629.042906,12410257
6/9/2021,1590.785889,1645.453025,1568.041089,1636.025973,11614666
6/10/2021,1608.093994,1626.050379,1587.144879,1608.093994,5362307
6/11/2021,1597.719238,1616.174412,1571.43311,1611.186527,5355387
6/14/2021,1497.811646,1526.242584,1198.28921,1437.957037,43530006
6/15/2021,1535.120972,1568.789187,1473.62034,1547.191626,22320542
6/16/2021,1444.790527,1534.472584,1405.885032,1506.340967,12626149
6/17/2021,1364.385864,1432.520415,1300.341477,1376.656109,27926070
6/18/2021,1483.89563,1500.355649,1329.321139,1346.728807,30526777
6/21/2021,1536.268311,1578.166537,1441.348851,1486.389469,21101083
6/22/2021,1537.86438,1578.166507,1528.0882,1550.284284,12069983
6/23/2021,1501.103638,1566.145594,1477.710511,1556.319487,12679703
6/24/2021,1504.844482,1515.319038,1484.444087,1506.29092,7261764
6/25/2021,1515.767944,1530.282735,1497.362702,1521.304544,4962963
6/28/2021,1522.052734,1561.207622,1514.520981,1521.204818,6178022
6/29/2021,1519.858276,1544.947237,1509.333792,1522.302291,5551918
6/30/2021,1503.896973,1535.270715,1499.058628,1535.270715,3256147
7/1/2021,1487.595581,1519.838097,1480.258697,1506.861253,3759914
7/2/2021,1419.51709,1505.014432,1409.035792,1487.595563,6653653
7/5/2021,1391.866333,1441.37796,1348.194261,1424.458201,12239845
7/6/2021,1412.279907,1441.577603,1376.294073,1398.404643,9485434
7/7/2021,1423.110596,1434.540152,1382.532979,1417.470635,5549751
7/8/2021,1423.360229,1442.426184,1409.285369,1417.470714,3898830
7/9/2021,1428.800293,1454.005315,1413.92681,1423.36005,4502324
7/12/2021,1418.169312,1444.422513,1411.631052,1439.431419,2557189
7/13/2021,1415.174683,1430.447478,1382.732573,1430.447478,4157955
7/14/2021,1399.552612,1446.418933,1395.310183,1446.418933,3859529
7/15/2021,1405.442017,1426.45457,1390.918007,1396.508008,2728305
7/16/2021,1393.014282,1412.479548,1385.777196,1406.490236,2134914
7/19/2021,1378.140747,1410.133706,1330.376005,1387.524027,6190302
7/20/2021,1363.267334,1380.43677,1333.720083,1337.61316,4529933
7/22/2021,1414.22644,1422.361948,1338.112259,1372.550807,5009804
7/23/2021,1399.15332,1432.294134,1383.730768,1427.452797,4694140
7/26/2021,1401.399414,1414.276461,1389.520586,1397.306741,2054318
7/27/2021,1394.262085,1422.062454,1375.69524,1401.399374,2978042
7/28/2021,1397.406494,1422.262166,1376.144385,1404.344066,3188606
7/29/2021,1397.755737,1422.46165,1394.511527,1411.431285,2538248
7/30/2021,1417.720215,1446.918114,1397.755839,1406.989363,4403219
8/2/2021,1435.638184,1442.42612,1421.563323,1432.443932,2483790
8/3/2021,1440.230225,1464.387072,1419.666819,1464.387072,4442122
8/4/2021,1427.003662,1457.399374,1420.51524,1457.399374,3341801
8/5/2021,1429.798584,1435.438544,1404.893075,1425.456357,2104359
8/6/2021,1533.912842,1552.230131,1419.46704,1419.46704,14250256
8/9/2021,1490.73999,1562.212432,1479.859381,1543.94498,6031426
8/10/2021,1443.923462,1495.980596,1423.509937,1485.349541,3581449
8/11/2021,1434.490356,1454.005461,1404.493833,1452.408335,3197412
8/12/2021,1440.329712,1455.402789,1427.702222,1441.028416,2455443
8/13/2021,1434.440308,1451.410026,1425.456339,1442.426057,2095991
8/16/2021,1427.55249,1447.117552,1411.032044,1428.950021,1909352
8/17/2021,1439.082031,1448.415352,1413.677292,1428.450978,3062815
8/18/2021,1457.399536,1494.134039,1430.048315,1439.331799,4738820
8/20/2021,1427.55249,1480.00893,1408.486538,1435.438442,4933377
8/23/2021,1394.212036,1425.206776,1359.124746,1412.529447,4866080
8/24/2021,1435.239014,1445.820108,1387.524107,1404.493826,3362312
8/25/2021,1472.722046,1479.16063,1422.461755,1441.677466,5361140
8/26/2021,1473.071411,1491.98773,1457.798737,1479.360238,4678919
8/27/2021,1503.36731,1512.301318,1471.474149,1472.37257,5164477
8/30/2021,1513.848877,1524.280215,1490.640288,1511.053815,3149863
8/31/2021,1584.771973,1594.005496,1510.105288,1514.597272,7234384
9/1/2021,1562.411987,1597.998511,1558.718627,1592.059158,3056760
9/2/2021,1567.752563,1591.46026,1562.71151,1568.201713,2171898
9/3/2021,1562.761597,1578.583341,1548.786533,1575.688482,1687999
9/6/2021,1579.182007,1625.549217,1563.260467,1569.19982,5562312
9/7/2021,1555.324585,1589.513577,1550.233694,1582.276491,1651169
9/8/2021,1553.178467,1576.187458,1535.510043,1557.121504,2084219
9/9/2021,1542.247925,1562.711409,1532.315697,1558.818331,1243149
9/13/2021,1529.720337,1554.226657,1522.53321,1545.242688,1759456
9/14/2021,1510.504517,1544.493913,1494.383382,1537.15703,7143757
9/15/2021,1514.098389,1542.847018,1494.233809,1521.285516,12834337
9/16/2021,1500.522461,1532.265868,1497.078655,1520.287242,7616906
9/17/2021,1477.613281,1522.28357,1463.13911,1500.522352,3329954
9/20/2021,1416.322632,1485.848591,1407.438461,1462.290653,2273312
9/21/2021,1438.882324,1444.372527,1378.889404,1417.470581,2682157
9/22/2021,1435.189087,1460.04476,1421.812931,1432.443985,1663858
9/23/2021,1471.723877,1477.363838,1438.533102,1450.41193,1622616
9/24/2021,1459.096313,1513.299641,1452.408297,1480.358422,2760295
9/27/2021,1528.522339,1541.249627,1459.395696,1459.395696,4737676
9/28/2021,1484.650879,1555.125102,1472.372739,1554.226681,3547971
9/29/2021,1483.003662,1495.331639,1461.691717,1463.688154,1764350
9/30/2021,1465.484985,1516.294346,1460.743446,1482.055393,2072145
10/1/2021,1456.101685,1466.133832,1420.115971,1462.390512,2311858
10/4/2021,1523.930786,1528.273014,1457.499275,1468.379884,3209302
10/5/2021,1524.928955,1555.075114,1509.656159,1512.301463,2544835
10/6/2021,1476.914673,1538.255169,1469.378072,1527.075168,1777998
10/7/2021,1518.04126,1533.014542,1487.346031,1500.173119,1919106
10/8/2021,1545.142822,1566.654363,1508.757676,1519.288932,2646112
10/11/2021,1537.007324,1560.914615,1529.420886,1550.233723,1910095
10/12/2021,1551.681152,1564.109049,1511.80236,1536.258721,1900749
10/13/2021,1566.903931,1605.435272,1548.536803,1565.656157,3923958
10/14/2021,1643.41748,1653.050316,1571.994999,1577.185688,5256882
10/18/2021,1612.622437,1669.970057,1605.684865,1669.970057,3791222
10/19/2021,1566.654419,1634.084146,1559.267697,1622.305116,1822638
10/20/2021,1586.868286,1604.486871,1536.358442,1571.196301,2768997
10/21/2021,1592.208862,1623.952145,1578.882545,1599.096474,3129269
10/22/2021,1540.251587,1605.934432,1534.262274,1592.208923,2580699
10/25/2021,1529.470703,1548.636576,1491.388756,1542.247952,2276050
10/26/2021,1541.100098,1554.476254,1518.191025,1529.271229,1661783
10/27/2021,1563.759644,1578.333613,1537.256887,1545.242637,2121282
10/28/2021,1396.058838,1564.108935,1365.263693,1547.239014,7093354
10/29/2021,1421.064209,1452.208708,1375.295903,1397.506271,3165141
11/1/2021,1442.725708,1454.404819,1408.686349,1433.442224,1543436
11/2/2021,1470.176636,1486.347731,1450.212261,1452.408293,1667692
11/3/2021,1483.253296,1498.326375,1461.84143,1471.374468,1710819
11/4/2021,1486.796875,1508.807647,1480.358413,1492.337038,272261
11/8/2021,1565.456665,1572.344399,1483.003815,1492.337136,2565017
11/9/2021,1632.536865,1656.044966,1552.180253,1552.230213,4713708
11/10/2021,1652.900513,1682.996833,1617.513706,1622.654557,3728328
11/11/2021,1661.93457,1700.964903,1637.927358,1647.061085,4470709
11/12/2021,1702.162598,1716.437175,1667.125143,1675.31061,5349189
11/15/2021,1746.433716,1760.857928,1688.786581,1710.697435,3997553
11/16/2021,1708.551147,1763.40334,1703.859568,1756.315889,2172117
11/17/2021,1703.4104,1726.618987,1679.503109,1710.947001,1476385
11/18/2021,1685.741943,1710.946967,1637.078778,1704.957655,2255988
11/22/2021,1672.765137,1698.369473,1607.182211,1688.387285,2552170
11/23/2021,1704.907837,1717.285775,1647.061103,1657.193049,2472589
11/24/2021,1752.023682,1785.713565,1709.399667,1718.533393,4562858
11/25/2021,1759.909546,1770.540478,1732.458531,1759.809627,2341862
11/26/2021,1666.576294,1765.399958,1657.891717,1736.900762,3510810
11/29/2021,1662.084106,1693.977145,1606.982361,1652.05196,2119826
11/30/2021,1659.888062,1715.588718,1645.214294,1665.028913,2952368
12/1/2021,1690.283936,1701.963047,1649.406803,1690.98264,2476360
12/2/2021,1729.164429,1731.90953,1684.643897,1689.485233,2159661
12/3/2021,1705.057373,1741.891668,1698.069842,1730.911262,1544077
12/6/2021,1642.668823,1724.872117,1637.078822,1706.954138,1574680
12/7/2021,1675.460205,1683.69551,1651.053805,1655.945102,1476012
12/8/2021,1712.444336,1723.324945,1676.05931,1676.807974,1406394
12/9/2021,1719.182251,1736.15197,1703.560103,1721.927353,1306393
12/10/2021,1737.299927,1784.815115,1707.552959,1707.552959,2708578
12/13/2021,1716.487183,1759.061117,1708.052161,1751.87399,1104594
12/14/2021,1717.036133,1724.822288,1680.00224,1708.950585,1198653
12/15/2021,1692.280273,1723.923759,1684.044969,1716.936227,866378
12/16/2021,1699.018433,1716.786655,1683.99519,1704.259082,751885
12/17/2021,1642.369385,1698.96834,1637.078777,1695.923724,1215873
12/20/2021,1587.11792,1626.098412,1552.429817,1626.098412,1945211
12/21/2021,1617.613525,1642.968307,1600.044899,1618.212432,1563851
12/22/2021,1655.146484,1660.48693,1624.101906,1628.344335,993006
12/23/2021,1673.214233,1681.199983,1655.246296,1671.716905,979023
12/24/2021,1695.175049,1700.914807,1655.246298,1677.007516,1234386
12/27/2021,1727.118042,1734.904197,1683.046781,1691.731236,1672655
12/28/2021,1747.880981,1756.86495,1725.021748,1736.900576,1552918
12/29/2021,1714.989868,1751.874004,1706.355251,1747.881129,1100579
12/30/2021,1693.378418,1721.927452,1681.998699,1710.947045,1359574
12/31/2021,1706.405151,1721.927503,1688.038022,1691.930978,1310960
1/3/2022,1714.091431,1729.913174,1708.151956,1709.948798,1094708
1/4/2022,1715.937988,1724.921957,1696.971833,1722.675965,1191189
1/5/2022,1712.394409,1741.542472,1699.517484,1718.932791,1583598
1/6/2022,1710.048462,1720.779313,1672.61526,1706.954008,1615375
1/7/2022,1696.073486,1727.717094,1686.490611,1716.836485,1295933
1/10/2022,1749.478271,1762.854428,1696.073565,1704.508587,1670551
1/11/2022,1840.615479,1846.704588,1733.905876,1754.868468,5126019
1/12/2022,1826.84021,1869.663821,1805.079113,1869.663821,2518912
1/13/2022,1850.048706,1859.681541,1804.77951,1830.733198,1881069
1/14/2022,1866.918579,1887.082549,1827.838291,1846.70465,2357616
1/17/2022,1874.455322,1898.013262,1852.344751,1872.65848,1700525
1/18/2022,1837.670776,1905.100502,1826.790289,1881.642361,2294146
1/19/2022,1846.005981,1853.692217,1808.023709,1836.522903,1544606
1/20/2022,1862.526367,1877.000539,1840.415798,1851.695718,1252017
1/21/2022,1825.093262,1869.663754,1807.524636,1857.535372,1929667
1/24/2022,1712.743774,1824.1948,1693.528064,1818.754557,2381112
1/25/2022,1738.298218,1747.431944,1665.028935,1665.028935,1817963
1/27/2022,1682.996826,1722.476427,1651.552935,1714.939826,3549583
1/28/2022,1690.683105,1740.993357,1680.950472,1699.46748,1624750
1/31/2022,1711.895264,1730.91138,1701.963035,1705.905951,1024738
2/1/2022,1743.78833,1761.955862,1696.123386,1724.872012,1574361
2/2/2022,1776.180542,1782.818721,1743.888189,1751.873939,1405276
2/3/2022,1748.729614,1783.81703,1743.28937,1768.793788,588866
2/4/2022,1754.169922,1766.847252,1730.611861,1754.868626,855996
2/7/2022,1728.71521,1762.355132,1719.032415,1761.856022,854871
2/8/2022,1712.943359,1743.88814,1674.062788,1736.301702,1480201
2/9/2022,1779.973877,1788.708291,1715.039695,1721.528117,1674022
2/10/2022,1782.918579,1805.777814,1762.854406,1795.795626,1747943
2/11/2022,1761.157349,1771.738443,1740.244593,1760.857834,1196002
2/14/2022,1660.986206,1734.804563,1650.055758,1733.207437,1919476
2/15/2022,1741.143188,1748.280477,1624.950493,1633.086,2261554
2/16/2022,1735.004028,1772.836544,1726.918481,1741.143098,1663614
2/17/2022,1727.866699,1758.86144,1720.929128,1746.882815,1075487
2/18/2022,1733.207275,1751.474606,1721.927355,1735.902417,945100
2/21/2022,1682.198242,1735.702866,1668.323099,1735.702866,1449291
2/22/2022,1664.72937,1675.909493,1627.096572,1633.185682,1717579
2/23/2022,1685.692017,1714.440766,1667.025374,1679.003999,1285012
2/24/2022,1541.199829,1645.663448,1526.076912,1623.103728,2798065
2/25/2022,1615.81665,1635.182119,1575.98782,1591.160696,1741584
2/28/2022,1641.520874,1648.159053,1589.413901,1600.893417,1869037
3/2/2022,1638.875732,1661.285697,1612.622528,1635.082452,1249817
3/3/2022,1640.87207,1675.210699,1632.037737,1667.025353,1333325
3/4/2022,1612.123291,1652.551151,1598.347823,1618.911227,1433490
3/7/2022,1561.26416,1589.164327,1536.558245,1587.167889,1508821
3/8/2022,1598.747192,1604.53691,1550.633095,1572.094799,1396347
3/9/2022,1653.599365,1666.975399,1605.135795,1606.732921,1498176
3/10/2022,1739.745483,1746.48346,1675.260578,1679.003898,2294474
3/11/2022,1731.011108,1753.870342,1718.134062,1746.882811,1354129
3/14/2022,1733.00769,1749.328544,1719.381979,1728.915018,659190
3/15/2022,1698.369507,1751.075387,1683.645779,1736.900729,1085901
3/16/2022,1754.86853,1760.857843,1715.588648,1720.929093,1269866
3/17/2022,1816.408813,1820.351729,1756.865039,1772.437228,2392329
3/21/2022,1799.738525,1838.619221,1792.950711,1832.779665,1081052
3/22/2022,1828.287598,1833.727841,1786.81156,1799.738444,964066
3/23/2022,1807.77417,1844.758224,1797.642225,1844.758224,1553366
3/24/2022,1829.5354,1836.273377,1796.943533,1811.767058,1030145
3/25/2022,1863.674561,1874.654968,1818.754713,1832.280627,1366115
3/28/2022,1906.298218,1920.972106,1847.752788,1873.556717,1895438
3/29/2022,1913.834961,1927.460672,1882.141515,1915.831399,1715098
3/30/2022,1991.695923,2011.410743,1913.884822,1924.266199,3215951
3/31/2022,2011.161133,2038.362592,1987.453439,2001.4285,2786973
4/1/2022,2040.009888,2045.350334,2009.464417,2014.405551,1267111
4/4/2022,2062.170166,2071.802879,2028.380366,2046.348302,1334265
4/5/2022,2136.038574,2185.899554,2063.917267,2074.298645,4970260
4/6/2022,2156.152588,2178.961985,2120.416306,2149.91372,2259018
4/7/2022,2095.311523,2211.005002,2077.543177,2162.092273,3499044
4/8/2022,2167.083008,2172.124061,2101.500083,2111.232716,1924054
4/11/2022,2176.31665,2196.081432,2154.65535,2177.963858,1615715
4/12/2022,2193.036621,2215.047393,2151.161394,2184.102612,2632324
4/13/2022,2195.532227,2213.20065,2169.578539,2206.063483,992512
4/18/2022,2229.871094,2236.010042,2152.908329,2175.917321,1747434
4/19/2022,2164.437988,2250.983514,2136.288265,2241.001326,1639219
4/20/2022,2180.059814,2204.017065,2158.049042,2174.120462,1119025
4/21/2022,2282.277832,2289.464959,2199.97449,2212.053036,2243636
4/22/2022,2269.250977,2301.892684,2260.965711,2292.908715,1786042
4/25/2022,2280.131104,2290.911914,2238.605352,2255.9243,1683622
4/26/2022,2391.033691,2409.600416,2291.01221,2292.908728,3199358
4/27/2022,2329.942627,2416.637785,2320.858738,2400.666284,2559876
4/28/2022,2374.313232,2385.642869,2332.138491,2355.646591,1679893
4/29/2022,2327.846191,2389.885391,2297.400519,2384.744662,1916180
5/2/2022,2335.332764,2358.0922,2306.883529,2320.858592,1006544
5/4/2022,2249.785645,2358.691173,2229.072604,2354.498702,1744686
5/5/2022,2251.382324,2299.696255,2232.016979,2265.956414,1636796
5/6/2022,2243.696289,2257.970866,2196.081302,2206.06349,1161579
5/9/2022,2193.735352,2240.202483,2176.116888,2225.528716,1450886
5/10/2022,2105.742432,2216.045602,2093.763807,2186.09904,1471866
5/11/2022,2115.524902,2153.906362,2073.300203,2105.84223,1397917
5/12/2022,2041.557129,2109.835444,2007.468053,2099.254227,1553685
5/13/2022,2050.491211,2131.197305,2031.674931,2080.787251,1547617
5/16/2022,2102.148926,2138.134763,2053.984867,2078.940338,1742552
5/17/2022,2180.958252,2188.344973,2115.624642,2129.250474,1061085
5/18/2022,2177.214844,2212.950877,2168.130956,2195.781565,1296983
5/19/2022,2110.983398,2150.912154,2093.864042,2141.17952,986930
5/20/2022,2215.596436,2228.4234,2147.168493,2155.154243,1444803
5/23/2022,2166.783447,2241.001109,2151.810166,2227.774711,1455450
5/24/2022,2156.352051,2175.018692,2138.733588,2157.150675,1008943
5/25/2022,2070.455322,2177.564243,2062.519532,2164.138249,1382448
5/26/2022,2042.755005,2084.280883,1902.804654,2073.300476,4967514
5/27/2022,2076.44458,2090.569521,2044.052431,2076.294945,1354005
5/30/2022,2161.792236,2171.125679,2098.255713,2116.22365,1384584
5/31/2022,2163.689209,2221.835454,2146.56961,2156.152608,2861556
6/1/2022,2147.068604,2185.40035,2122.213054,2166.084719,1448212
6/2/2022,2205.464355,2214.049134,2138.484025,2151.161354,1855167
6/3/2022,2186.099121,2238.256052,2172.174018,2231.018966,1651685
6/6/2022,2221.08667,2226.027804,2164.337837,2184.601726,1664487
6/7/2022,2223.582275,2250.683818,2203.118791,2206.063487,2046676
6/8/2022,2173.322021,2240.951348,2154.705337,2240.951348,1530739
6/9/2022,2215.24707,2220.038569,2151.161473,2156.452082,1440385
6/10/2022,2199.175781,2211.054487,2167.132863,2186.099018,1305761
6/13/2022,2076.045654,2168.630453,2063.068809,2168.630453,1764172
6/14/2022,2192.537598,2269.949513,2049.443081,2269.949513,6515102
6/15/2022,2180.70874,2215.746072,2170.327119,2214.448338,1313510
6/16/2022,2079.289551,2213.350371,2072.35198,2201.072232,2131789
6/17/2022,2092.066895,2133.592648,2056.48025,2058.327052,2280135
6/20/2022,2076.145752,2119.518316,2021.393346,2103.546813,2603594
6/21/2022,2157.949219,2173.122094,2087.924031,2096.259255,1331500
6/22/2022,2085.47876,2146.120555,2073.400458,2146.120555,1774137
6/23/2022,2106.591064,2124.209528,2076.295028,2101.250497,1026783
6/24/2022,2157.599854,2164.138235,2104.844139,2117.221954,1156536
6/27/2022,2177.714111,2207.061645,2165.485932,2185.100833,1202504
6/28/2022,2200.67334,2206.313179,2156.152682,2166.134871,1282047
6/29/2022,2216.145508,2243.796118,2173.321778,2181.107933,1692493
6/30/2022,2186.997559,2244.495061,2176.61618,2216.045824,1568415
7/1/2022,2228.223877,2238.00647,2134.441273,2185.999174,2141743
7/4/2022,2257.821045,2272.943961,2224.380719,2228.223714,1581159
7/5/2022,2242.44873,2286.619915,2234.01383,2259.96752,1356776
7/6/2022,2268.801758,2272.944268,2232.516406,2241.001266,1045463
7/7/2022,2270.249023,2290.862144,2251.981571,2275.938822,946131
7/8/2022,2288.965332,2299.496588,2259.867112,2281.927842,898576
7/11/2022,2369.022705,2380.352586,2286.969171,2288.965608,1967308
7/12/2022,2361.436279,2385.54341,2345.963887,2360.188506,1273008
7/13/2022,2349.307861,2380.402278,2329.543081,2369.272237,982185
7/14/2022,2379.835449,2400.70672,2333.29919,2361.760147,933554
7/15/2022,2401.955078,2419.630782,2373.743777,2411.192407,1169788
7/18/2022,2420.280029,2438.505029,2402.754022,2420.679384,937204
7/19/2022,2447.942139,2455.93118,2401.705514,2403.652794,843301
7/20/2022,2447.742188,2469.412411,2440.651817,2458.627157,693601
7/21/2022,2492.081299,2495.526524,2447.891919,2450.438474,1314165
7/22/2022,2495.976074,2510.606152,2479.698598,2502.067816,833522
7/25/2022,2547.105957,2558.639939,2496.575178,2501.568328,1220351
7/26/2022,2556.193359,2565.081313,2529.529985,2551.499847,865142
7/27/2022,2545.208496,2568.975941,2524.536902,2556.493065,953588
7/28/2022,2546.90625,2562.13536,2528.132198,2556.393236,759442
7/29/2022,2565.68042,2618.408138,2556.493072,2561.486222,1107195
8/1/2022,2656.505859,2665.743188,2565.680497,2572.321534,1267039
8/2/2022,2679.973877,2693.305688,2636.383766,2656.35637,1096480
8/3/2022,2707.685791,2713.278218,2667.540906,2681.322052,815831
8/4/2022,2719.869141,2740.141137,2680.572947,2721.267125,1223799
8/5/2022,2694.703369,2763.858504,2681.321823,2756.219081,1639981
8/8/2022,2788.075439,2803.803864,2691.957287,2696.301425,1581696
8/10/2022,2823.326904,2831.016307,2777.739539,2797.911818,1304663
8/11/2022,2830.167725,2844.49792,2811.243733,2837.108155,978616
8/12/2022,2860.625977,2867.216789,2830.167758,2836.109558,843025
8/16/2022,2971.773682,2981.90968,2867.067211,2875.056252,1969492
8/17/2022,3004.528564,3024.401451,2975.917908,2981.909689,1510171
8/18/2022,3149.329834,3181.635616,2999.884932,3000.883562,3502295
8/19/2022,3125.912109,3254.435763,3071.03743,3173.64668,6109949
8/22/2022,3047.419922,3187.427823,3025.05046,3129.70695,3473580
8/23/2022,3026.498291,3069.789004,2923.389731,3028.495551,4169136
8/24/2022,3130.355957,3148.680918,2981.90968,3033.838449,3475387
8/25/2022,3062.149414,3173.446687,3051.513858,3162.661433,3119494
8/26/2022,3135.249268,3168.603416,3073.783534,3075.780795,2897602
8/29/2022,3138.294922,3162.112103,3033.688423,3050.814831,1924984
8/30/2022,3189.974121,3258.62994,3156.66971,3160.66423,4392183
9/1/2022,3228.821045,3240.55495,3180.037863,3195.616591,1880363
9/2/2022,3351.203125,3364.784349,3220.582252,3256.532937,4835905
9/5/2022,3341.96582,3427.099042,3308.46173,3369.47813,3686950
9/6/2022,3431.093506,3442.87739,3350.404141,3365.383593,2580772
9/7/2022,3468.991455,3483.171954,3401.434224,3431.09349,2188110
9/8/2022,3458.056641,3496.70358,3445.274126,3494.207004,1560414
9/9/2022,3446.472168,3503.144426,3410.471504,3474.234134,1614634
9/12/2022,3459.055176,3490.711703,3453.163112,3460.253483,1647756
9/13/2022,3550.929199,3564.011108,3416.613442,3473.235723,3479669
9/14/2022,3567.206787,3603.057511,3506.190389,3513.1808,2740337
9/15/2022,3743.564697,3762.788327,3570.102693,3585.082145,4716688
9/16/2022,3697.128174,3861.652477,3609.648327,3749.85589,5687429
9/19/2022,3773.473633,3796.741764,3675.707841,3713.855463,3092486
9/20/2022,3829.297363,3879.678207,3806.778204,3813.768615,3338704
9/21/2022,3635.11377,3857.508659,3566.357985,3832.392964,6089846
9/22/2022,3711.209473,3730.832459,3603.107753,3634.015309,3490772
9/23/2022,3669.266846,3732.779578,3649.993235,3726.887757,3001474
9/26/2022,3581.287354,3652.989046,3527.161649,3641.305122,3123908
9/27/2022,3554.224365,3624.577805,3481.074713,3591.073717,3546332
9/28/2022,3543.888672,3592.022595,3498.201343,3523.167097,2259832
9/29/2022,3465.945557,3659.729783,3438.882826,3578.591084,15060223
9/30/2022,3451.016113,3518.972943,3366.482169,3443.226749,4307707
10/3/2022,3152.975098,3455.310383,3105.939519,3435.287799,7578847
10/4/2022,3233.264893,3286.691607,3120.71932,3225.575489,5642467
10/6/2022,3280.5,3314.253747,3203.65546,3265.520548,2845165
10/7/2022,3273.110352,3306.414522,3223.727894,3275.506966,1930275
10/10/2022,3241.802979,3274.258457,3209.946776,3229.56976,1590792
10/11/2022,3269.465088,3333.427397,3244.549315,3253.087651,2544394
10/12/2022,3219.233887,3292.483503,3140.691725,3292.483503,2972601
10/13/2022,3229.220215,3258.330429,3184.631477,3213.591751,1840193
10/14/2022,3205.103516,3300.472696,3190.473681,3267.517901,1344415
10/17/2022,3208.199219,3230.568436,3131.804015,3206.601313,1985298
10/18/2022,3279.800781,3293.481964,3221.68056,3244.549091,1635079
10/19/2022,3272.760498,3305.465634,3255.184511,3295.479333,1396513
10/20/2022,3352.501221,3360.390301,3240.554688,3255.53414,2211287
10/21/2022,3307.363037,3377.367107,3282.497244,3370.276735,1120790
10/24/2022,3305.266113,3335.524656,3282.896652,3320.445243,248249
10/25/2022,3295.978516,3340.417553,3289.48742,3317.399082,879424
10/27/2022,3320.445068,3350.403971,3292.483426,3315.302221,1106870
10/28/2022,3318.747559,3383.308899,3293.132549,3317.449291,1323334
10/31/2022,3342.864258,3355.397114,3321.543652,3335.374532,575722
11/1/2022,3570.801758,3602.508265,3347.408243,3357.294584,4393335
11/2/2022,3575.794922,3620.183983,3521.169902,3575.09593,2534755
11/3/2022,3585.481445,3609.748206,3537.59718,3545.136886,1275216
11/4/2022,3827.999023,3844.526401,3561.864088,3637.011007,6112097
11/7/2022,3955.174561,4008.201674,3814.767068,3847.172567,5985652
11/9/2022,3991.724365,4042.454825,3937.64864,3971.552085,3732472
11/10/2022,3986.78125,4024.479538,3956.722385,3989.527483,2313795
11/11/2022,4003.358643,4043.403566,3969.704611,4034.465875,1476875
11/14/2022,4017.039795,4072.413788,3984.534334,3993.522006,1803092
11/15/2022,4052.241455,4059.431543,4016.490447,4019.536318,1065546
11/16/2022,3951.179932,4090.388869,3858.257353,4051.741933,3059841
11/17/2022,4012.645508,4027.475263,3894.657457,3964.561565,2266112
11/18/2022,4014.293457,4037.461627,3978.54245,4022.831793,1440776
11/21/2022,3996.368164,4014.443223,3916.577469,4014.443223,1492003
11/22/2022,4028.473877,4050.443739,3982.536892,3996.368016,1705043
11/23/2022,3897.952881,4056.28573,3867.69434,4044.451866,2861156
11/24/2022,3915.72876,3929.609621,3815.765785,3904.643868,2797181
11/25/2022,3895.756104,3944.489059,3840.032493,3923.617787,2506346
11/28/2022,3880.826416,3919.623294,3866.096621,3894.058265,1119166
11/29/2022,3873.086914,3909.636874,3858.756718,3879.67797,1513444
11/30/2022,3912.532959,3934.502822,3861.702782,3892.460639,1968428
12/1/2022,3909.737061,3939.546025,3897.104243,3932.106279,945838
12/2/2022,3917.126709,3958.370182,3879.678079,3899.650682,1297832
12/5/2022,3925.015625,3933.603941,3804.830639,3923.51768,2392866
12/6/2022,4026.276855,4051.442285,3903.645031,3914.629962,2962621
12/7/2022,3993.821533,4052.341113,3979.091739,4025.47806,1257261
12/8/2022,4019.486328,4039.458931,3997.866083,4004.506876,895075
12/9/2022,3991.325195,4088.392001,3936.100897,4038.460492,2129800
12/12/2022,4011.19751,4026.376639,3963.313245,3991.524545,802499
12/13/2022,4054.637939,4066.421824,4006.104662,4022.282421,1215308
12/14/2022,4050.244141,4086.444483,4034.465736,4070.416421,1114492
12/15/2022,4038.210693,4067.470606,4019.486378,4050.244236,866138
12/16/2022,3975.34668,4042.354612,3938.647024,4013.39434,1598960
12/19/2022,4069.717285,4098.37792,3966.009452,3982.536829,1643404
12/20/2022,4159.59375,4166.284767,4060.829331,4089.390249,3778426
12/21/2022,3896.60498,4184.260452,3877.930645,4169.281,3585883
12/22/2022,3863.250732,3942.591849,3811.821279,3942.591849,2879658
12/23/2022,3637.210449,3842.72857,3611.845343,3816.764187,3036157
12/26/2022,3711.658691,3739.770033,3615.041222,3647.996018,2162662
12/27/2022,3764.48584,3792.69714,3689.988181,3727.336849,1804911
12/28/2022,3792.497559,3819.76021,3739.8698,3750.904712,1377950
12/29/2022,3805.380127,3819.760304,3742.965743,3784.808248,1531692
12/30/2022,3853.064453,3892.660038,3816.814133,3824.453555,1528747
1/2/2023,3835.937988,3868.693105,3817.313634,3864.698585,923051
1/3/2023,3825.701904,3847.57205,3785.806681,3836.636855,799905
1/4/2023,3821.807617,3869.641905,3798.389789,3833.741199,1028377
1/5/2023,3824.553711,3837.136304,3751.753428,3821.807478,997006
1/6/2023,3819.011475,3862.951203,3791.848782,3823.754968,912159
1/9/2023,3850.018799,3874.684914,3806.029093,3837.735599,753981
1/10/2023,3641.904053,3856.759467,3550.130043,3853.713597,3595798
1/11/2023,3630.81958,3659.480217,3555.223326,3654.986381,2226506
1/12/2023,3642.203613,3673.960099,3607.051883,3637.510101,1199785
1/13/2023,3716.05249,3730.932226,3637.210689,3646.19836,1364712
1/16/2023,3614.841309,3734.826618,3595.068384,3714.903997,1863848
1/17/2023,3634.364746,3644.600705,3555.323023,3615.041155,1668381
1/18/2023,3591.772949,3643.002724,3522.268438,3643.002724,3652240
1/19/2023,3458.805176,3532.853497,3422.005561,3465.246291,3696319
1/20/2023,3451.415283,3472.586436,3436.236155,3445.273806,1510258
1/23/2023,3431.642822,3455.260328,3407.875376,3438.333596,974857
1/24/2023,3437.284912,3503.194501,3425.301351,3442.727398,1518123
1/25/2023,3384.307617,3423.304174,3310.458966,3417.312393,3686439
1/27/2023,2757.666992,3341.915571,2708.284783,3330.431325,14764368
1/30/2023,2888.887207,3033.388935,2661.349239,2846.095809,20947906
1/31/2023,2969.826172,3069.389795,2902.019281,2975.917913,11568020
2/1/2023,2132.425049,3006.625809,1938.540853,2990.897384,13525314
2/2/2023,1563.105835,2345.632514,1492.70241,2345.632514,34474080
2/3/2023,1584.626465,1677.598913,1016.056319,1487.959012,43885579
2/6/2023,1570.545654,1612.78776,1433.234003,1572.842552,19308603
2/7/2023,1800.480225,1960.011395,1523.51017,1568.848004,19188072
2/8/2023,2161.285156,2219.105741,1838.328163,1867.288436,19173006
2/9/2023,1923.062012,2165.030143,1729.028249,2165.030143,18279862
2/10/2023,1844.419922,1987.274015,1730.775883,1766.57675,11334878
2/13/2023,1715.297119,1919.06753,1659.972984,1847.465796,12210940
2/14/2023,1747.303101,1886.412327,1609.142646,1732.623286,14579030
2/15/2023,1776.662842,1821.900835,1747.602729,1777.561633,7636578
2/16/2023,1794.138794,1872.381437,1787.54786,1817.506762,5578515
2/17/2023,1720.340088,1813.36251,1700.8668,1797.534246,5392513
2/20/2023,1619.228882,1682.69188,1558.36242,1647.739823,6762330
2/21/2023,1568.947754,1642.197249,1559.161252,1623.772572,5571915
2/22/2023,1402.925537,1557.863029,1379.30791,1532.897275,10606476
2/23/2023,1380.755981,1436.030135,1348.150683,1378.109587,8907540
2/24/2023,1313.847778,1425.045221,1259.87177,1408.068508,8736727
2/27/2023,1191.86499,1312.000237,1129.500591,1298.219093,10271008
2/28/2023,1361.981567,1396.084808,1102.237916,1143.431406,33948366
3/1/2023,1562.157227,1577.835671,1409.067172,1422.049365,20114340
3/2/2023,1605.04834,1643.745259,1405.97144,1497.845416,26970925
3/3/2023,1876.925293,1903.339011,1683.191052,1686.536438,22888891
3/6/2023,1980.183594,2132.075203,1852.458783,1964.005713,27180456
3/8/2023,2036.855957,2085.139699,1938.341071,2037.205453,13568243
3/9/2023,1950.474487,2066.016068,1902.739918,2046.992115,12627794
3/10/2023,1893.602417,1937.342466,1818.106003,1867.438356,9419942
3/13/2023,1871.832397,1982.280869,1854.855685,1914.374018,7572604
3/14/2023,1735.818848,1872.28168,1649.087845,1871.432868,12679663
3/15/2023,1836.480713,1888.858812,1725.732613,1758.487728,12296703
3/16/2023,1841.274292,1872.431503,1792.541093,1858.450682,6509495
3/17/2023,1873.979492,1916.221475,1842.472662,1898.395951,5969594
3/20/2023,1802.477295,1847.415648,1774.96511,1834.483437,5168139
3/21/2023,1821.750977,1858.450633,1802.477367,1834.43353,4094018
3/22/2023,1812.913208,1847.465787,1803.675879,1831.487705,3248124
3/23/2023,1791.54248,1831.487686,1777.561658,1791.54248,4108804
3/24/2023,1738.265503,1820.502667,1692.927672,1793.539654,6187968
3/27/2023,1720.689697,1754.992618,1679.695882,1738.265563,5053055
3/28/2023,1598.657104,1730.626108,1570.845278,1725.582976,8144878
3/29/2023,1738.015869,1753.594474,1588.920345,1600.754087,9332702
3/31/2023,1748.052124,1822.500052,1737.616488,1785.550735,4893249
4/3/2023,1715.097168,1752.545796,1693.177287,1748.05196,3445796
4/5/2023,1695.67395,1735.569175,1669.260232,1715.097257,3690559
4/6/2023,1751.647217,1791.192945,1685.837467,1702.66436,6012473
4/10/2023,1794.788086,1810.216873,1758.188266,1771.569934,4197975
4/11/2023,1800.679932,1826.494496,1790.393993,1807.520524,2883672
4/12/2023,1844.719604,1856.203852,1794.588418,1811.515151,4809035
4/13/2023,1868.187256,1882.417735,1823.548539,1852.458832,3402280
4/17/2023,1876.176392,1902.290594,1844.469884,1868.18735,2983032
4/18/2023,1848.414429,1900.143519,1827.493176,1889.408245,2542401
4/19/2023,1851.310547,1875.127852,1832.486392,1844.469954,2455884
4/20/2023,1840.375488,1876.326173,1834.333727,1852.458888,2016823
4/21/2023,1800.530029,1850.711191,1793.589599,1843.471123,2090833
4/24/2023,1799.481567,1814.910476,1773.367486,1801.528808,1963582
4/25/2023,1842.07312,1911.128418,1799.331824,1803.526021,5364841
4/26/2023,1845.368652,1871.432875,1823.898104,1851.460272,2422711
4/27/2023,1850.511597,1862.395198,1830.039679,1845.468466,1782360
4/28/2023,1922.31311,1941.337064,1854.606057,1865.491151,6159130
5/2/2023,1917.219971,1963.306774,1905.386228,1932.349241,3813963
5/3/2023,1836.480713,1937.342351,1782.904185,1916.371119,5849432
5/4/2023,1908.631836,1932.349302,1836.530789,1836.530789,4842127
5/5/2023,1917.669434,1952.321849,1900.542903,1952.122172,6137744
5/8/2023,1884.914307,1924.260357,1873.430061,1917.669423,2835197
5/9/2023,1893.502563,1927.356149,1886.512153,1897.397245,2700563
5/10/2023,1889.558105,1912.276942,1881.369265,1896.398698,1970906
5/11/2023,1981.931274,2010.991386,1907.383512,1922.362964,8835941
5/12/2023,1962.008545,2007.246538,1943.883506,2006.247908,3816201
5/15/2023,1913.425293,1962.008551,1877.424628,1957.215199,4836782
5/16/2023,1886.562256,1932.349426,1878.423395,1924.360384,3058799
5/17/2023,1896.897949,1917.319887,1855.205141,1897.397264,3632797
5/18/2023,1887.410889,1921.364312,1874.628375,1907.433471,2437396
5/19/2023,1953.370483,1980.283516,1869.535412,1885.413655,7541150
5/22/2023,2322.913574,2343.784846,1980.682966,2007.246502,26311368
5/23/2023,2630.092285,2755.670032,2396.712458,2407.59743,28432888
5/24/2023,2472.208984,2746.23301,2422.027818,2705.289172,23465761
5/25/2023,2533.973877,2555.294727,2383.38041,2436.657423,8434009
5/26/2023,2540.864746,2596.388437,2531.677154,2561.486361,3963515
5/29/2023,2530.578613,2579.960822,2519.543702,2566.479316,2779432
5/30/2023,2493.030273,2550.651186,2471.759402,2525.835372,1736953
5/31/2023,2489.934814,2569.475616,2424.674231,2478.600264,4268439
6/1/2023,2488.73584,2556.492988,2481.89537,2496.475223,1704946
6/2/2023,2441.700684,2535.421976,2421.6781,2531.527416,5543791
6/5/2023,2430.615723,2510.556112,2424.673922,2459.825654,2956768
6/6/2023,2430.316162,2503.515801,2422.576778,2471.609616,6473608
6/7/2023,2436.208252,2463.570621,2431.664436,2449.639779,2522516
6/8/2023,2425.822266,2472.508224,2365.804742,2446.643801,3781621
6/9/2023,2447.791992,2455.531375,2424.673804,2444.596425,1948506
6/12/2023,2481.39624,2501.56852,2429.267795,2456.630164,2804898
6/13/2023,2459.176758,2501.568559,2438.854536,2495.576779,2210990
6/14/2023,2453.783936,2481.396205,2448.990706,2466.51647,1364403
6/15/2023,2482.244873,2523.538326,2459.526038,2465.617779,3744029
6/16/2023,2506.162354,2523.43846,2483.992569,2495.776454,7999982
6/19/2023,2398.110352,2518.145891,2346.780859,2500.569903,11475674
6/20/2023,2411.491943,2431.664222,2386.725869,2431.664222,2479711
6/21/2023,2402.654053,2436.657457,2389.821802,2423.375627,7418013
6/22/2023,2393.966064,2446.593823,2356.767092,2421.778011,8459191
6/23/2023,2230.490234,2389.022757,2160.336472,2389.022757,15213238
6/26/2023,2292.455566,2333.249463,2170.073388,2207.022705,7847341
6/27/2023,2281.320557,2340.639333,2267.88903,2325.759598,3361053
6/28/2023,2398.709717,2415.287075,2290.707959,2296.849437,28353193
6/30/2023,2384.778564,2434.610107,2346.780642,2434.610107,5125497
7/3/2023,2382.231934,2414.537713,2369.948735,2401.705219,2662358
7/4/2023,2384.429199,2410.693221,2369.799365,2393.716509,2308684
7/5/2023,2395.863281,2408.745756,2370.747832,2387.724544,2198481
7/6/2023,2399.608154,2424.274513,2386.725924,2395.863291,2476366
7/7/2023,2377.491455,2407.814415,2366.001646,2392.877711,1823645
7/10/2023,2408.114258,2460.517733,2352.913215,2390.679769,3771285
7/11/2023,2420.75293,2442.78344,2385.883953,2421.602274,2247776
7/12/2023,2385.783936,2429.844955,2378.340586,2427.746718,1445282
7/13/2023,2359.957031,2403.568255,2353.462791,2394.876013,1247741
7/14/2023,2373.994385,2382.8864,2337.926279,2372.895262,1353535
7/17/2023,2406.415771,2457.320575,2389.181057,2397.77329,3090373
7/18/2023,2414.758301,2507.775903,2403.068717,2412.860082,5978272
7/19/2023,2421.602295,2440.835237,2414.758267,2426.497855,1637260
7/20/2023,2417.605713,2431.743076,2397.873215,2426.797511,1564275
7/21/2023,2414.158936,2455.672166,2393.177544,2407.864469,2280563
7/24/2023,2416.057129,2437.238294,2409.912676,2427.846721,1113193
7/25/2023,2464.464111,2476.803265,2413.859092,2425.848458,3017555
7/26/2023,2468.560547,2503.77931,2443.832479,2470.258992,4021773
7/27/2023,2426.248047,2482.79799,2412.860018,2468.560617,2243944
7/28/2023,2461.017334,2479.450937,2428.945924,2434.840598,2339800
7/31/2023,2489.991455,2515.768641,2464.813835,2474.804974,3359974
8/1/2023,2478.901367,2511.772114,2453.074178,2502.63032,1575727
8/2/2023,2471.358154,2511.772261,2448.828088,2490.79087,2506971
8/3/2023,2530.355957,2547.740441,2459.818418,2467.71132,4720470
8/4/2023,2539.547607,2555.633194,2499.782828,2543.044506,3294056
8/7/2023,2548.23999,2566.723597,2514.170109,2548.689543,4684333
8/8/2023,2472.357422,2560.978779,2459.119162,2560.978779,6127920
8/9/2023,2504.878662,2514.669784,2469.809665,2486.145276,5781400
8/10/2023,2550.138184,2575.21604,2507.775852,2507.775852,8140756
8/11/2023,2537.249756,2565.874272,2515.968581,2547.790456,7157372
8/14/2023,2453.823486,2482.747782,2397.923118,2477.802217,9786919
8/16/2023,2442.933594,2462.815864,2417.855736,2447.829154,7084828
8/17/2023,2477.502441,2484.995795,2439.885904,2452.774375,7769452
8/18/2023,2575.115967,2663.587548,2459.118994,2475.30459,14679923
8/21/2023,2637.410889,2652.647375,2578.213391,2585.706745,10479200
8/22/2023,2695.65918,2718.588794,2651.748175,2666.485104,10291468
8/23/2023,2528.057861,2719.987488,2486.64464,2717.589713,5251316
8/24/2023,2537.299805,2610.684673,2528.857341,2577.713914,4558367
8/25/2023,2493.538574,2546.741391,2483.797213,2546.741391,2808721
8/28/2023,2470.259033,2579.712006,2453.473871,2547.740362,4457038
8/29/2023,2504.229004,2534.402195,2442.833503,2469.909588,4802150
8/30/2023,2510.873291,2540.7467,2490.191438,2514.769738,6484593
8/31/2023,2417.106201,2487.743502,2381.637659,2447.778948,6230369
9/1/2023,2447.878906,2463.365171,2377.890933,2378.890047,6764397
9/4/2023,2468.410889,2477.802462,2447.879049,2451.8255,5998454
9/5/2023,2491.839844,2499.183184,2461.816425,2479.800474,6489319
9/6/2023,2494.287842,2501.781196,2468.810437,2491.840062,7416248
9/7/2023,2507.276367,2517.767063,2482.798076,2495.786557,4298988
9/8/2023,2517.067627,2536.350573,2503.879373,2511.572501,5640973
9/11/2023,2612.632813,2627.919304,2543.743959,2562.727123,9148241
9/12/2023,2533.453125,2624.272727,2527.758224,2620.126258,5658774
9/13/2023,2516.667969,2564.675442,2493.788357,2543.444271,1780068
9/14/2023,2517.567139,2542.744759,2503.829323,2539.597648,1218481
9/15/2023,2537.799316,2555.733362,2511.972124,2517.56726,1547001
9/18/2023,2500.232422,2552.735904,2488.792617,2549.738562,861677
9/20/2023,2468.11084,2531.404552,2456.720796,2500.182246,1203019
9/21/2023,2477.052979,2501.581272,2458.819151,2477.60254,1279908
9/22/2023,2462.715576,2495.786341,2457.820016,2487.743426,865589
9/25/2023,2479.900635,2486.794423,2421.852021,2477.752394,1216898
9/26/2023,2455.771729,2496.785399,2450.426616,2488.792489,698863
9/27/2023,2481.099609,2495.786535,2442.933507,2457.820207,1077373
9/28/2023,2473.056641,2508.774962,2444.53189,2487.743566,2225560
9/29/2023,2411.760986,2477.352961,2402.918975,2459.868468,1689201
10/3/2023,2385.134521,2422.75106,2369.898035,2415.857272,2019899
10/4/2023,2462.765625,2500.532177,2390.130097,2400.071231,2857377
10/5/2023,2464.164551,2484.296597,2444.232034,2475.754125,1132455
10/6/2023,2475.904297,2512.721498,2463.864925,2464.164708,1510035
10/9/2023,2440.435791,2457.520493,2409.163476,2437.837997,1408224
10/10/2023,2496.086426,2515.718917,2440.835376,2440.835376,1771910
10/11/2023,2486.394775,2535.750901,2480.300083,2531.654437,1627836
10/12/2023,2504.12915,2519.515406,2488.442867,2497.684671,1804818
10/13/2023,2452.375,2492.789107,2420.203582,2486.694415,2278682
10/16/2023,2427.197266,2462.515793,2419.703912,2452.374885,803856
10/17/2023,2426.248047,2459.818371,2421.352486,2457.770139,707543
10/18/2023,2404.217773,2439.586307,2398.922421,2437.837858,776977
10/19/2023,2400.071289,2412.560212,2380.438799,2397.873287,1168822
10/20/2023,2391.628906,2441.784375,2379.939322,2395.925145,1240350
10/23/2023,2306.604004,2410.212301,2299.760221,2395.675147,1483549
10/25/2023,2255,2345.969366,2233.319278,2317.944174,1540819
10/26/2023,2201.247559,2247.007021,2165.129691,2247.007021,2226073
10/27/2023,2259.695801,2272.984064,2210.03989,2220.031029,1244293
10/30/2023,2297.062988,2302.957663,2248.006396,2258.04754,996448
10/31/2023,2292.616699,2317.944335,2273.983322,2317.944335,1155280
11/1/2023,2215.335205,2310.201017,2205.044284,2296.962758,1666579
11/2/2023,2213.337158,2295.913828,2202.246896,2245.009021,2340997
11/3/2023,2227.874023,2276.98037,2213.037086,2213.336869,1853300
11/6/2023,2244.009766,2257.99736,2231.021285,2251.952672,770061
11/7/2023,2231.371094,2257.997381,2224.676836,2255.00004,641554
11/8/2023,2257.947266,2295.963596,2233.019424,2243.310345,1169180
11/9/2023,2212.6875,2270.586346,2208.141727,2266.989438,1267890
11/10/2023,2203.145996,2235.01763,2196.551747,2218.282473,1072597
11/13/2023,2211.688232,2239.913198,2193.604418,2213.536691,853633
11/15/2023,2223.427979,2248.006278,2218.532418,2238.015139,696475
11/16/2023,2203.945313,2230.821623,2194.154191,2224.0276,1307584
11/17/2023,2206.842773,2235.966845,2199.049636,2203.945197,916518
11/20/2023,2147.944824,2216.533887,2140.101684,2209.040533,1577213
11/21/2023,2194.703613,2230.571951,2156.437743,2158.086184,1839502
11/22/2023,2170.724609,2223.028317,2151.591677,2203.19581,1247205
11/23/2023,2173.32251,2188.05944,2158.685589,2188.05944,729114
11/24/2023,2223.477783,2249.954299,2158.984938,2177.068995,1946259
11/28/2023,2421.352295,2510.173414,2272.983896,2298.960854,11972275
11/29/2023,2394.476318,2475.4543,2387.882069,2466.51228,4561574
11/30/2023,2356.459961,2406.865205,2340.973697,2397.923185,2983879
12/1/2023,2360.606445,2401.220573,2352.014212,2367.900026,1792983
12/4/2023,2528.957031,2592.700546,2485.245799,2547.690417,5681516
12/5/2023,2956.727783,2997.241656,2528.957026,2528.957026,22879079
12/6/2023,2881.394287,3151.754588,2842.329083,3077.270603,19355777
12/7/2023,2884.591553,2943.289493,2850.521916,2897.430264,6325887
12/8/2023,2819.64917,2924.406359,2757.554339,2900.127843,6959428
12/11/2023,2853.269287,2917.312336,2808.558944,2834.535903,5064123
12/12/2023,2855.117676,2893.383786,2838.032975,2866.557725,2017772
12/13/2023,2872.502441,2896.531179,2802.514465,2857.465729,2805832
12/14/2023,2891.485596,2930.351028,2884.441794,2898.379384,3224681
12/15/2023,2989.148926,2997.341611,2891.335532,2909.469595,4921484
12/18/2023,2977.958984,3025.067107,2958.476263,2991.297009,2315922
12/19/2023,2938.643799,2991.696845,2912.417059,2986.151714,1741493
12/20/2023,2781.383301,2965.370026,2763.748794,2943.389521,3417739
12/21/2023,2797.269043,2819.449322,2722.585282,2747.563128,2678577
12/22/2023,2805.861572,2845.076792,2788.926397,2813.454691,1513956
12/26/2023,2862.910889,2891.185861,2797.618941,2814.503869,2048484
12/27/2023,2840.830566,2892.234927,2831.089206,2878.147324,1698325
12/28/2023,2807.409912,2864.809198,2797.618792,2852.470044,4102912
12/29/2023,2846.425293,2860.762674,2800.366292,2821.397443,1507086
1/1/2024,2914.61499,2944.388633,2839.531679,2849.772596,2898619
1/2/2024,2929.801514,2945.587562,2838.4826,2919.410827,2671368
1/3/2024,3000.339111,3196.16544,2952.981209,3044.300124,19725411
1/4/2024,2995.643066,3041.752072,2987.350373,3036.706499,2975620
1/5/2024,3003.935791,3064.182161,2978.458388,3007.282676,3219949
1/8/2024,2960.874023,3024.317756,2950.333323,3017.323958,1849061
1/9/2024,3011.928711,3066.080633,2977.359274,2988.049744,2885706
1/10/2024,3095.45459,3109.24241,3017.373937,3021.320388,3590297
1/11/2024,3078.169922,3126.227398,3062.284108,3117.235373,2008103
1/12/2024,3101.349609,3122.230993,3065.481273,3093.606477,1795933
1/15/2024,3086.762207,3127.226318,3064.731698,3124.228976,1407007
1/16/2024,3053.791504,3101.748969,3032.310556,3092.257387,2515564
1/17/2024,2968.417236,3042.301656,2943.689169,3030.31229,2897218
1/18/2024,2916.313232,2982.354754,2882.54338,2972.913177,2552342
1/19/2024,2913.066406,2946.836506,2900.477717,2942.740285,2014096
1/23/2024,2893.983398,3012.278386,2882.943141,3012.278386,1827002
1/24/2024,2900.877197,2926.504615,2868.705779,2898.429417,5807940
1/25/2024,2891.036133,2923.757114,2801.914976,2900.877259,2601969
1/29/2024,3061.934326,3089.95952,2920.459944,2926.404623,4402976
1/30/2024,3088.361084,3127.126508,3018.223093,3078.269936,3115506
1/31/2024,3139.21582,3148.907176,3069.677396,3090.009462,2671051
2/1/2024,3150.705566,3234.081569,3080.318044,3154.102456,4686595
2/2/2024,3154.651855,3205.656664,3137.217368,3182.127485,2708695
2/5/2024,3170.637939,3226.538313,3148.657434,3167.191045,2191195
2/6/2024,3200.910889,3225.339173,3157.199659,3181.078382,2078891
2/7/2024,3226.988037,3275.045268,3207.155529,3217.196672,2095911
2/8/2024,3165.79248,3242.724253,3143.312417,3242.724253,1679004
2/9/2024,3212.35083,3222.09219,3118.434127,3181.628079,1572789
2/12/2024,3166.941162,3239.077134,3157.199802,3226.138658,1083138
2/13/2024,3175.633545,3191.169815,3089.310201,3177.18222,1225207
2/14/2024,3204.35791,3252.36538,3167.041154,3181.178517,1741264
2/15/2024,3190.969971,3249.867685,3181.22861,3216.996936,2035204
2/16/2024,3220.743652,3249.418172,3189.820882,3211.152061,2193673
2/19/2024,3255.912354,3305.668273,3232.932734,3237.128964,1779444
2/20/2024,3225.739258,3266.902702,3207.305411,3264.105134,1467630
2/21/2024,3220.34375,3297.075743,3202.159927,3235.130684,1657021
2/22/2024,3260.158447,3271.098695,3207.654966,3236.129711,1138722
2/23/2024,3270.399414,3317.007978,3222.242175,3260.158497,1975035
2/26/2024,3324.80127,3341.03687,3260.108645,3269.10067,1695378
2/27/2024,3299.373779,3337.040323,3270.099694,3336.04121,1125570
2/28/2024,3216.147461,3315.859071,3204.657652,3306.267481,1358879
2/29/2024,3282.48877,3301.821721,3202.509896,3217.196821,1352988
3/1/2024,3315.809082,3343.034934,3278.891874,3306.917066,1161067
3/4/2024,3314.210449,3347.031437,3307.116887,3332.044729,1061244
3/5/2024,3307.266602,3331.04556,3292.130124,3322.353318,1190416
3/6/2024,3231.084229,3320.055367,3180.329195,3320.055367,1935203
3/7/2024,3223.690918,3259.109456,3217.146673,3237.128951,856328
3/11/2024,3204.508057,3256.112192,3197.164472,3238.327916,738851
3/12/2024,3119.73291,3219.844066,3108.243101,3204.507816,1199487
3/13/2024,2903.624756,3135.26941,2847.624373,3122.230925,3407040
3/14/2024,3084.714111,3098.451927,2877.447985,2924.85589,3759100
3/15/2024,3129.424561,3140.614588,3058.537477,3108.243394,2199094
3/18/2024,3108.992676,3121.231821,2973.412968,3047.397401,3042515
3/19/2024,3049.994873,3161.995636,3039.154634,3123.229969,1460452
3/20/2024,3048.74585,3080.467714,3018.422891,3072.275029,966481
3/21/2024,3063.782715,3104.346836,3056.888927,3086.812339,1175751
3/22/2024,3104.946045,3126.177214,3045.349002,3063.832608,951557
3/26/2024,3107.194092,3169.139151,3086.362714,3097.752515,937103
3/27/2024,3119.333496,3135.668861,3103.497444,3112.23969,900231
3/28/2024,3194.26709,3234.131636,3094.005914,3131.222906,2327053
4/1/2024,3249.218262,3288.883033,3205.007474,3227.337522,1292646
4/2/2024,3265.853516,3282.089116,3237.128991,3256.062151,868829
4/3/2024,3230.584717,3257.261009,3219.144912,3247.1201,1153109
4/4/2024,3207.954834,3270.099667,3198.8628,3247.120049,1403826
4/5/2024,3221.942627,3231.134426,3176.133156,3208.254815,755607
4/8/2024,3221.692627,3240.625786,3194.366765,3238.077997,577440
4/9/2024,3195.615723,3248.119206,3182.17769,3237.828284,833679
4/10/2024,3239.127197,3251.71613,3189.67106,3197.164414,1441138
4/12/2024,3207.05542,3244.622198,3202.459643,3207.155429,705173
4/15/2024,3144.660889,3177.481877,3100.4501,3147.208678,1035378
4/16/2024,3103.647217,3146.409339,3097.252986,3098.252099,1134184
4/18/2024,3016.624756,3142.213329,3005.634503,3122.38082,1703646
4/19/2024,3024.267578,3054.341002,2959.87474,2997.341509,1727317
4/22/2024,3060.635498,3074.772861,3022.319384,3050.294572,993929
4/23/2024,3062.384033,3088.260985,3040.403528,3056.289341,1654272
4/24/2024,3040.853027,3085.11382,3037.306124,3069.227763,605917
4/25/2024,3112.489502,3118.134398,3022.968801,3047.297322,1515529
4/26/2024,3077.67041,3127.126549,3063.333272,3117.13541,662764
4/29/2024,3078.469727,3107.743813,3048.796092,3107.244256,648544
4/30/2024,3051.993164,3105.695536,3042.301808,3091.258389,804552
5/2/2024,3036.906494,3117.085379,3012.378201,3069.22768,2219085
5/3/2024,2990.597412,3042.301552,2972.463594,3027.314845,1472168
5/6/2024,2872.102539,2997.541332,2847.47448,2990.59754,2377944
5/7/2024,2833.437012,2902.775663,2819.499422,2887.389162,1262311
5/8/2024,2858.015381,2888.338342,2817.501263,2847.47468,951411
5/9/2024,2764.198242,2881.094563,2753.557777,2862.261413,1485510
5/10/2024,2794.77124,2806.510828,2758.003801,2792.47323,2354794
5/13/2024,2877.04834,2887.439026,2788.027198,2800.516121,3784373
5/14/2024,3034.858398,3043.300862,2872.002837,2892.384662,5725807
5/15/2024,3047.047607,3116.086475,3034.908471,3044.050266,1688836
5/16/2024,3038.95459,3074.223358,2972.313744,3062.283996,1835312
5/17/2024,3057.788086,3088.26106,3012.827961,3038.355369,825436
5/21/2024,3114.737305,3172.186349,3031.810858,3065.181162,3091659
5/22/2024,3138.166748,3142.213208,3070.776564,3127.176495,3371077
5/23/2024,3384.298584,3402.981965,3132.771658,3153.90282,6979082
5/24/2024,3381.950439,3454.785987,3352.626594,3402.981835,3473668
5/27/2024,3286.135498,3355.02435,3264.154993,3355.02435,2582485
5/28/2024,3241.175537,3326.549772,3226.188828,3306.717263,1621168
5/29/2024,3255.912354,3319.955407,3209.153775,3247.120103,1910729
5/30/2024,3191.419678,3271.398797,3171.687178,3251.116735,1990208
5/31/2024,3408.327148,3431.406532,3222.391962,3222.391962,6384589
6/3/2024,3642.02002,3740.58251,3582.872524,3721.699355,8511359
6/4/2024,2938.643799,3516.880976,2731.527436,3516.880976,20306909
6/5/2024,3112.5896,3147.208799,2747.563237,3027.31513,8778345
6/6/2024,3182.826904,3219.544338,3134.369883,3181.178464,5873271
6/7/2024,3216.697021,3230.884389,3148.807285,3167.59043,4740455
6/10/2024,3217.246582,3281.489407,3202.659422,3264.104924,4935698
6/11/2024,3218.395508,3262.106739,3192.218774,3221.143071,4173692
6/12/2024,3216.19751,3242.124466,3205.157253,3222.042179,3022477
6/13/2024,3221.942627,3251.116705,3204.408129,3227.137971,3202978
6/14/2024,3260.133789,3273.377224,3219.504029,3223.401999,4224855
6/18/2024,3307.4104,3343.342538,3285.57113,3308.359881,1755612
6/19/2024,3260.283691,3312.357974,3224.701477,3312.357974,1419264
6/20/2024,3257.834961,3313.357486,3238.394647,3262.282707,1366545
6/21/2024,3187.719727,3275.47627,3174.825972,3263.432192,4697655
6/24/2024,3193.01709,3213.207031,3133.446526,3184.171378,3261647
6/25/2024,3169.528809,3206.860155,3154.786117,3203.162037,1694962
6/26/2024,3168.928955,3186.120383,3162.332128,3167.479722,2142889
6/27/2024,3173.57666,3200.66333,3148.439219,3175.425841,5114980
6/28/2024,3175.575684,3210.35849,3155.435765,3188.419414,960905
7/1/2024,3182.222412,3191.567633,3155.98542,3178.374222,832170
7/2/2024,3151.637451,3206.210493,3129.498525,3178.274392,1490844
7/3/2024,3189.368896,3192.96721,3146.19035,3156.435271,1152522
7/4/2024,3142.692139,3192.867218,3136.495259,3190.41848,1055391
7/5/2024,3146.340088,3156.984957,3122.402004,3142.34207,663988
7/8/2024,3112.057373,3156.635128,3073.476401,3146.340183,1155112
7/9/2024,3109.20874,3156.43533,3098.963819,3114.406115,922403
7/10/2024,3094.466064,3125.700581,3061.882119,3118.554222,586710
7/11/2024,3076.774658,3128.249138,3072.576788,3117.154541,899781
7/12/2024,3063.931152,3097.264726,3056.834817,3088.469038,756036
7/15/2024,3088.868652,3101.962259,3056.834728,3064.580888,724171
7/16/2024,3107.759521,3136.195377,3094.56611,3108.459126,988357
7/18/2024,3090.667725,3109.458458,3055.635044,3104.460935,1021653
7/19/2024,3004.210693,3092.966744,2998.513566,3090.467982,1026941
7/22/2024,2999.363281,3025.400179,2970.677306,3004.210732,662085
7/23/2024,2993.865967,3036.494737,2884.919974,3018.503656,1443331
7/24/2024,2969.228027,3006.009842,2957.833773,2993.86596,693702
7/25/2024,2972.026611,3016.154637,2943.640781,2959.232905,1105721
7/26/2024,3078.973633,3107.459511,2986.619514,2993.515997,1942427
7/29/2024,3087.819336,3118.803976,3072.476844,3092.766834,1037474
7/30/2024,3127.199707,3153.4367,3065.13038,3090.467917,1647048
7/31/2024,3167.82959,3195.915765,3133.446731,3139.443759,2414005
8/1/2024,3215.655762,3256.385569,3150.138195,3178.42422,6149883
8/2/2024,3159.33374,3213.407032,3109.458562,3198.414465,3360209
8/5/2024,3036.69458,3131.497681,2994.815438,3083.47144,2238921
8/6/2024,3071.17749,3141.242855,3055.735194,3082.47194,2125201
8/7/2024,3184.371338,3188.41938,3110.458028,3116.455055,1868169
8/8/2024,3165.980469,3241.043109,3154.985919,3188.969072,2139376
8/9/2024,3185.970703,3217.704972,3169.478878,3207.410026,760165
8/12/2024,3150.188232,3168.279361,3012.506491,3098.463876,10307245
8/13/2024,3090.667725,3176.525306,3080.222952,3168.479246,2192588
8/14/2024,3038.59375,3084.171009,3026.249772,3084.171009,1232383
8/16/2024,3107.259766,3120.053473,3037.844224,3068.478941,970067
8/19/2024,3101.012695,3132.746963,3091.417355,3120.503033,557265
8/20/2024,3069.128418,3124.45109,3057.33446,3117.404534,662263
8/21/2024,3114.15625,3151.737718,3066.879636,3069.128522,1379240
8/22/2024,3097.514404,3148.439109,3089.468344,3129.198647,1378912
8/23/2024,3074.825684,3121.45247,3066.080019,3099.463371,1375224
8/26/2024,3067.479248,3088.468842,3053.486185,3086.469833,1632446
8/27/2024,3065.580322,3094.216028,3062.481761,3070.677649,1310440
8/28/2024,3026.499756,3076.474983,3020.602777,3076.474983,1569652
8/29/2024,3018.65332,3040.442567,2979.822718,3028.498537,1853966
8/30/2024,3017.854004,3037.044441,3001.811908,3028.498629,3509174
9/2/2024,3040.642578,3057.634155,2996.114847,3019.603203,1842658
9/3/2024,3034.595703,3051.537256,3022.301749,3035.49516,1371577
9/4/2024,3010.857422,3023.501056,2953.735594,3008.508489,1212270
9/5/2024,3013.855957,3036.394588,3000.512475,3023.501078,734273
9/6/2024,2973.975586,3023.501082,2966.529326,3017.504055,1251165
9/9/2024,2962.681152,2971.027112,2925.849558,2970.627408,1523581
9/10/2024,2984.920166,3005.909761,2946.139586,2970.127695,803782
9/11/2024,2936.394531,2991.467085,2926.549314,2983.521073,888628
9/12/2024,2989.518066,2998.513607,2915.704559,2948.53838,1314173
9/13/2024,2966.879395,3000.462601,2954.58544,2970.527488,815948
9/16/2024,2983.420898,3024.900335,2970.527388,2970.527388,695162
9/17/2024,2973.72583,2994.415525,2951.037126,2988.56857,698700
9/18/2024,2954.835205,2983.271059,2933.54571,2974.525395,831891
9/19/2024,2941.69165,2973.775843,2888.918007,2973.575991,1655401
9/20/2024,3007.009277,3023.501102,2940.592252,2946.689083,1787210
9/23/2024,3042.44165,3068.478791,3013.75592,3018.503567,897314
9/24/2024,3092.366943,3099.463523,3038.743623,3053.486315,1021918
9/25/2024,3103.561523,3122.352013,3078.673715,3106.459989,913008
9/26/2024,3121.102539,3146.440075,3083.471293,3083.471293,1548019
9/27/2024,3128.749023,3177.424844,3114.45606,3120.453087,2297441
9/30/2024,3134.296387,3208.309502,3118.853846,3127.449683,1607429
10/1/2024,3184.521484,3190.418464,3105.460578,3134.74611,1367116
10/3/2024,3114.456055,3194.76634,3082.571958,3148.439208,1309703
10/4/2024,3109.108643,3147.939491,3068.478881,3118.354059,987583
10/7/2024,3016.504639,3126.949888,2978.973195,3109.108635,1743454
10/8/2024,3159.133789,3168.42923,2993.366116,3017.0043,1776511
10/9/2024,3152.187256,3178.374224,3132.846747,3173.426726,897335
10/10/2024,3172.627197,3209.409012,3054.58586,3138.444191,2905725
10/11/2024,3135.645508,3188.419395,3114.456061,3172.627175,1035260
10/14/2024,3099.563477,3148.539197,3091.317565,3143.441626,437728
10/15/2024,3103.161621,3126.450125,3089.96821,3122.452107,371613
10/16/2024,3084.37085,3113.856232,3059.483285,3096.464952,543476
10/17/2024,3012.256592,3098.463852,2991.516874,3088.418783,2655289
10/18/2024,3000.512451,3030.197685,2966.629347,2988.518397,796339
10/21/2024,2936.194336,3013.456084,2915.504641,3003.660891,1051690
10/22/2024,2822.400879,2953.535822,2816.603704,2936.544245,1209732
10/23/2024,2834.14502,2877.573441,2818.702724,2839.442442,1270530
10/24/2024,2828.797607,2873.725286,2806.508608,2839.642329,942066
10/25/2024,2692.115479,2845.589451,2653.384677,2843.590442,1954174
10/28/2024,2797.263184,2821.001416,2670.776084,2699.761714,1385033
10/29/2024,2847.188721,2861.631512,2731.496071,2801.611216,1529844
10/30/2024,2967.828857,2995.664912,2813.655283,2862.580981,2884272
10/31/2024,2945.789551,2975.025057,2932.396288,2966.42922,1156390
11/1/2024,2948.038574,2974.12574,2926.948931,2958.533372,304673
11/4/2024,2895.964355,2941.54186,2856.334098,2933.545824,1059384
11/5/2024,2914.105469,2922.551233,2868.577989,2895.964315,752303
11/6/2024,3044.740723,3068.478956,2916.554265,2916.554265,1676755
11/7/2024,2968.628418,3043.491208,2941.591772,3043.491208,1285585
11/8/2024,2927.648682,2993.51593,2909.807429,2963.630843,835641
11/11/2024,2902.211182,2945.339948,2886.569034,2926.549214,584144
11/12/2024,2868.577881,2928.997878,2853.585314,2908.55806,597231
11/13/2024,2815.304199,2887.568421,2806.608559,2858.582792,890146
11/14/2024,2825.399414,2843.390495,2799.612149,2822.600753,646797
11/18/2024,2817.303223,2857.233378,2791.915907,2825.399307,489692
11/19/2024,2820.102051,2893.365782,2808.407897,2829.597344,536296
11/21/2024,2182.567871,2538.091812,2153.982189,2538.091812,21796668
11/22/2024,2226.895996,2288.565374,2023.996585,2099.958926,20939196
11/25/2024,2256.381348,2332.493516,2236.89101,2313.852855,7466733
11/26/2024,2149.434326,2291.713883,2134.941512,2264.477386,7723187
11/27/2024,2396.612061,2416.802004,2141.088576,2178.919921,17502156
11/28/2024,2435.892578,2525.048333,2398.810863,2438.791044,14445549
11/29/2024,2461.929443,2518.751373,2398.810831,2462.829144,8191680
12/2/2024,2455.83252,2506.757224,2425.397657,2490.115572,3807565
12/3/2024,2512.954102,2556.732446,2460.830041,2462.779026,4070042
12/4/2024,2493.513916,2528.796475,2468.876227,2526.747442,2344949
12/5/2024,2521.300049,2536.892172,2469.025916,2503.758697,3333144
12/6/2024,2505.157959,2533.743885,2501.259989,2518.751318,1240437
12/9/2024,2494.613525,2524.74849,2481.919622,2506.65736,958369
12/10/2024,2465.977539,2499.760841,2453.783633,2499.760841,1119816
12/11/2024,2456.032471,2478.771198,2449.785567,2467.776649,712674
12/12/2024,2502.859375,2533.544115,2445.037941,2455.782614,2579624
12/13/2024,2526.297607,2543.738912,2477.82164,2502.759228,1940935
12/16/2024,2511.155029,2536.24269,2501.759785,2528.746406,654321
12/17/2024,2486.367432,2523.748801,2479.520728,2510.755243,1061891
12/18/2024,2456.182373,2495.363146,2450.785146,2487.766814,990217
12/19/2024,2418.151367,2432.794011,2395.912392,2427.796488,1181898
12/20/2024,2343.788086,2452.634275,2331.844056,2427.79649,1337016
12/23/2024,2337.791016,2378.320972,2331.594136,2372.773673,758920
12/24/2024,2371.274414,2411.704322,2338.840542,2354.032961,1156186
12/26/2024,2399.060791,2408.80596,2366.826769,2376.871839,895785
12/27/2024,2408.755859,2444.937874,2389.315545,2413.803406,1982291
12/30/2024,2591.065674,2608.706831,2420.749955,2423.798493,7825097
12/31/2024,2527.396973,2576.472742,2506.207526,2573.724104,2745674
1/1/2025,2553.584229,2642.889811,2517.002265,2534.743471,2875721
1/2/2025,2596.412842,2600.71076,2535.742966,2564.428697,1167236
1/3/2025,2563.329346,2617.702293,2555.33331,2578.721617,932795
1/6/2025,2473.223877,2567.577249,2462.279351,2556.382603,1121398
1/7/2025,2519.301025,2523.748771,2473.423624,2473.423624,1019130
1/8/2025,2514.003662,2528.746353,2488.766174,2519.301085,879641
1/9/2025,2476.672119,2516.302619,2468.276379,2515.752843,705838
1/10/2025,2373.223389,2483.36898,2367.076534,2478.771162,1418808
1/13/2025,2224.047363,2363.828167,2215.801451,2363.828167,1559903
1/14/2025,2379.370605,2421.699477,2240.389449,2240.389449,4120705
1/15/2025,2386.966553,2420.749853,2371.474233,2397.811274,1421437
1/16/2025,2426.647217,2568.726691,2417.651676,2498.761372,2841803
1/17/2025,2398.611084,2448.786164,2378.870869,2448.786164,1122205
1/20/2025,2441.5896,2452.784001,2388.815714,2412.553946,1039435
1/21/2025,2383.118652,2440.540138,2372.473783,2440.540138,1206512
1/22/2025,2375.372559,2397.811387,2323.997879,2397.811387,1147334
1/23/2025,2383.818359,2403.958279,2353.833223,2381.81935,826721
1/24/2025,2313.952881,2404.807739,2298.260466,2386.566783,1388583
1/27/2025,2258.580322,2316.951533,2248.935201,2308.905473,1032995
1/28/2025,2284.917236,2314.702518,2240.889016,2273.073011,966497
1/29/2025,2317.451172,2325.097283,2281.469011,2295.861778,785220
1/30/2025,2251.483887,2350.334782,2200.209258,2323.847913,2601625
1/31/2025,2286.666504,2313.802954,2212.653145,2237.740806,2013345
2/1/2025,2268.875244,2350.284838,2236.441372,2295.861866,987362
2/3/2025,2260.729248,2277.870652,2212.802814,2265.626722,824942
2/4/2025,2300.359619,2310.854416,2266.42649,2277.77072,691187
2/5/2025,2323.448242,2348.235758,2307.905899,2313.802877,560940
2/6/2025,2311.304199,2338.840598,2297.06126,2338.840598,680544
2/7/2025,2337.641113,2373.723078,2306.206746,2311.304073,892884
2/10/2025,2289.665039,2349.785139,2278.970389,2348.835659,739708
2/11/2025,2320.599609,2395.812324,2304.857413,2310.85444,4895456
2/12/2025,2352.283936,2377.271549,2279.86988,2323.84808,1933098
2/13/2025,2243.587646,2371.574243,2232.293197,2352.833534,2551665
2/14/2025,2151.583252,2248.185508,2123.497322,2244.587194,2549876
2/17/2025,2222.598145,2239.289821,2109.60411,2151.5833,1400160
2/18/2025,2219.199951,2238.890142,2164.976831,2238.890142,1138085
2/19/2025,2179.719482,2218.30021,2125.946091,2164.926767,1203163
2/20/2025,2177.92041,2215.252003,2155.731458,2179.719567,1086670
2/21/2025,2132.043213,2198.510264,2115.801264,2189.364651,1540308
2/24/2025,2114.101807,2137.440334,2095.660998,2127.895017,1032294
2/25/2025,2128.794678,2157.230531,2100.958381,2114.101767,802131
2/27/2025,2109.904053,2148.035297,2101.458288,2142.68785,941950
2/28/2025,2094.961426,2110.303917,2070.973318,2105.955975,2373922
3/3/2025,2116.051025,2126.195898,2025.545846,2107.954942,1592611
3/4/2025,2143.737305,2152.932697,2078.969364,2084.066935,852978
3/5/2025,2244.737305,2257.280891,2146.985715,2152.882694,1370106
3/6/2025,2251.733887,2267.775739,2225.04692,2258.880247,890270
3/7/2025,2246.386475,2266.526394,2225.896631,2248.835212,818806
3/10/2025,2227.196045,2286.866418,2218.900108,2243.887722,940113
3/11/2025,2249.484863,2266.726315,2207.205775,2222.04827,947079
3/12/2025,2240.689209,2278.870232,2179.869263,2268.875187,1049076
3/13/2025,2219.999512,2271.873697,2214.502237,2247.885589,750310
3/17/2025,2251.58374,2285.766745,2196.910893,2198.909902,927737
3/18/2025,2251.58374,2251.58374,2251.58374,2251.58374,0
3/19/2025,2317.500977,2340.839504,2309.904889,2318.800381,1030345
3/20/2025,2338.140869,2346.836509,2297.86079,2346.836509,2587050
3/21/2025,2361.629395,2388.366141,2336.841633,2342.638808,1101418
3/24/2025,2367.526367,2393.813386,2359.930279,2368.825772,1010184
3/25/2025,2319.200439,2386.466899,2313.953041,2383.81831,763065
3/26/2025,2311.454102,2358.680687,2306.906307,2323.747811,1078870
3/27/2025,2362.178955,2372.723532,2290.46451,2308.855295,1696042
3/28/2025,2314.652588,2385.767236,2292.563441,2374.82271,1838836
4/1/2025,2334.093018,2357.781227,2299.859986,2310.854537,501942
4/2/2025,2368.22583,2377.671343,2313.403155,2338.59062,573928
4/3/2025,2409.605469,2428.695858,2338.540602,2338.590626,1023200
4/4/2025,2333.493164,2408.855952,2314.35275,2393.763336,1219733
4/7/2025,2211.603516,2237.890532,2143.937111,2148.984658,1567177
4/8/2025,2284.567383,2299.85985,2223.897509,2268.875211,1224337
4/9/2025,2235.791504,2278.420517,2214.102305,2264.577282,1001633
4/11/2025,2320.249756,2342.338904,2279.86987,2301.908994,981463
4/15/2025,2417.001709,2438.790956,2357.831092,2373.823164,1145125
4/16/2025,2414.403076,2426.796834,2381.719085,2398.810709,889949
4/17/2025,2416.901855,2447.386742,2390.814691,2416.801807,1054797
4/21/2025,2441.489502,2463.678452,2394.31294,2424.897874,782559
4/22/2025,2444.28833,2482.169454,2439.79056,2457.681593,766567
4/23/2025,2452.384277,2472.574219,2420.000186,2458.781008,672262
4/24/2025,2441.289795,2460.180333,2423.898514,2448.786079,596626
4/25/2025,2353.133545,2458.281372,2322.348757,2448.886127,1414809
4/28/2025,2368.625732,2400.809727,2336.441737,2344.837477,681421
4/29/2025,2329.445313,2398.810828,2324.44779,2390.814792,670730
4/30/2025,2300.159668,2338.840442,2283.867696,2330.244606,837464
5/2/2025,2297.960938,2371.224424,2288.865349,2348.735572,1695797
5/5/2025,2454.283203,2495.762638,2296.661398,2311.454113,4227194
5/6/2025,2352.833496,2461.979334,2342.338699,2452.783942,1524692
5/7/2025,2351.934082,2378.320903,2313.852864,2313.852864,1012640
5/8/2025,2284.167725,2366.626847,2258.880211,2360.829672,1380069
5/9/2025,2249.884766,2271.973914,2231.893684,2238.890215,1006000
5/12/2025,2424.098389,2432.094425,2313.85299,2348.835649,2147039
5/13/2025,2439.990234,2453.683397,2403.808222,2423.798311,1815174
5/14/2025,2460.679932,2480.670021,2428.895885,2443.688356,774441
5/15/2025,2518.751465,2525.548145,2449.485751,2462.17941,1554800
5/16/2025,2553.734131,2582.919615,2514.953305,2527.747013,1641135
5/19/2025,2539.341309,2577.522333,2534.74349,2570.026049,680957
5/20/2025,2500.360596,2563.529232,2491.265007,2543.738994,628023
5/21/2025,2499.160889,2523.249044,2482.469213,2508.456329,529234
5/22/2025,2486.367432,2520.65024,2464.078433,2499.160894,906909
5/23/2025,2538.741455,2546.837539,2489.265982,2497.76177,968415
5/26/2025,2546.4375,2567.626946,2540.040769,2547.836953,552912
5/27/2025,2539.04126,2567.827037,2524.848345,2544.638338,514936
5/28/2025,2513.753906,2557.732106,2508.756384,2557.732106,575989
5/29/2025,2539.541016,2557.731948,2509.755734,2535.44295,802317
5/30/2025,2518.651367,2562.729615,2512.554536,2548.736551,684592
6/2/2025,2517.552002,2562.729557,2513.653788,2525.74789,1008716
6/3/2025,2469.675537,2511.255021,2450.785,2509.755765,962656
6/4/2025,2488.166504,2501.759863,2439.89063,2478.771259,552667
6/5/2025,2503.158936,2528.846396,2486.267407,2493.763691,673209
6/6/2025,2532.944336,2552.03497,2502.759348,2513.65385,640680
6/9/2025,2580.820801,2602.809901,2523.249241,2543.739084,1711167
6/10/2025,2611.80542,2661.880451,2576.422813,2598.711813,2084054
6/11/2025,2579.920898,2629.596222,2561.830014,2628.696766,745432
6/12/2025,2542.439453,2600.51076,2528.746291,2590.215815,955097
6/13/2025,2507.899902,2516,2460,2498,695869
6/16/2025,2544,2563.300049,2462,2500,956459
6/17/2025,2488.5,2539.600098,2479,2535,703343
6/18/2025,2459.100098,2495.899902,2445.399902,2491.899902,667044
6/19/2025,2420.600098,2468.899902,2405.100098,2466.300049,688209
6/20/2025,2448.399902,2461.300049,2415,2428,3002549
6/23/2025,2472,2492.600098,2421,2438,790533
6/24/2025,2505.600098,2544.600098,2500.199951,2504,996372
6/25/2025,2527.199951,2541.600098,2512.100098,2519.899902,921346
6/26/2025,2586.199951,2593.600098,2522.199951,2535,1339627
6/27/2025,2646.300049,2681.600098,2582,2587.699951,4049316
6/30/2025,2619.399902,2653.899902,2605.899902,2650,694814
7/1/2025,2621.800049,2645,2603,2624.899902,729197
7/2/2025,2630.199951,2646,2613.600098,2634,621409
7/3/2025,2611.199951,2644,2605.100098,2634,502724
7/4/2025,2599.100098,2617,2582.199951,2617,370305
7/7/2025,2576.100098,2605.399902,2572,2602,412159
7/8/2025,2591.300049,2600,2573,2586,357686
7/9/2025,2583,2609.899902,2570,2599,396880
7/10/2025,2581,2604,2575,2591,306565
7/11/2025,2558.699951,2591.899902,2551.899902,2575,390645
7/14/2025,2581.300049,2604.800049,2543.5,2555,536585
7/15/2025,2598.199951,2606.899902,2576,2588,379425
7/16/2025,2608.5,2619.5,2595.5,2602.5,686644
7/17/2025,2616.600098,2654.5,2605.300049,2612,785771
7/18/2025,2596.100098,2626.699951,2584.199951,2612,479942
7/21/2025,2619.5,2624.899902,2585,2596.300049,369782
7/22/2025,2587.800049,2630,2581.600098,2626,387055
7/23/2025,2614.5,2625.899902,2593.5,2600.699951,316424
7/24/2025,2608.399902,2624.199951,2595,2615.399902,253782
7/25/2025,2550.100098,2617,2544.100098,2605,424612
7/28/2025,2522.300049,2585,2512.600098,2549,428409
7/29/2025,2547.899902,2557.399902,2507.5,2529,424781
7/30/2025,2532.899902,2552.600098,2525,2547.899902,262063
7/31/2025,2430.699951,2520,2422.600098,2509.899902,1457616
8/1/2025,2350.899902,2444.899902,2333,2425,976341
8/4/2025,2363.600098,2374.699951,2338.199951,2360,576426
8/5/2025,2328.199951,2370,2316,2370,576742
8/6/2025,2300.300049,2347.899902,2296,2333.899902,631582
8/7/2025,2249.800049,2295,2202.800049,2290,1529410
8/8/2025,2178.100098,2260.899902,2164.800049,2247,2552736
8/11/2025,2283.399902,2302,2183,2196,2376286
8/12/2025,2288.199951,2314.699951,2267,2280.100098,1075526
8/13/2025,2280.100098,2314.899902,2245.399902,2299,833679
8/14/2025,2281.600098,2304,2267.699951,2288,998109
8/18/2025,2333.600098,2360,2300,2309.600098,988629
8/19/2025,2388.399902,2395.600098,2314.100098,2339.899902,1069432
8/20/2025,2387.100098,2406,2372.100098,2380,780025
8/21/2025,2377.199951,2397,2371.399902,2387.100098,441867
8/22/2025,2324.899902,2376.300049,2321,2369.899902,584211
8/25/2025,2302.899902,2348.399902,2300,2335.699951,542455
8/26/2025,2272,2309.300049,2249.399902,2304,1071550
8/28/2025,2275.199951,2327.899902,2255,2271.899902,907868
8/29/2025,2244.699951,2289.699951,2240,2283,795699
9/1/2025,2284.199951,2288,2252.100098,2259,425639
9/2/2025,2274.199951,2302,2264,2291,481894
9/3/2025,2288.699951,2293,2263.100098,2285,443629
9/4/2025,2278.800049,2317.300049,2275,2309.899902,392697
9/5/2025,2281.399902,2293.5,2248,2275,443010
9/8/2025,2310.899902,2333.899902,2286,2290,542811
9/9/2025,2311.600098,2325,2297,2320,369431
9/10/2025,2340.199951,2345.899902,2325.100098,2330,390490
9/11/2025,2398.800049,2418.699951,2340.199951,2348,2111888
9/12/2025,2392,2421.600098,2387.100098,2416.899902,533971
9/15/2025,2383.399902,2402.800049,2378.100098,2392,298129
9/16/2025,2399.399902,2415.800049,2388,2410,752979
9/17/2025,2402,2417,2391,2417,514354
9/18/2025,2402,2438,2388.399902,2414.5,703730
9/19/2025,2524,2579,2466.100098,2495,7965135
9/22/2025,2629.5,2659,2522.100098,2535,7022985
9/23/2025,2676.399902,2695,2593,2642.600098,5610022
9/24/2025,2619.800049,2676,2614.399902,2655,1720785
9/25/2025,2576.399902,2647.899902,2567,2625,1489682
9/26/2025,2543.699951,2605,2535,2572.800049,1037808
9/29/2025,2509.5,2555,2505,2543.699951,1012402
9/30/2025,2505.899902,2535,2490.600098,2522,712592
10/1/2025,2592.699951,2603.399902,2472.100098,2518.399902,1573485
10/3/2025,2589.899902,2612.899902,2564.399902,2595,917651
10/6/2025,2573.5,2599.800049,2562.600098,2589.100098,654955
10/7/2025,2542.199951,2617.300049,2533.100098,2580.699951,1120230
10/8/2025,2524.100098,2565,2500,2562,1063357
10/9/2025,2542.399902,2559,2522.199951,2535,651703
10/10/2025,2550.899902,2565,2538.800049,2552,690142
10/13/2025,2527.399902,2542.100098,2504,2529.100098,645483
10/14/2025,2517,2538.899902,2485.199951,2538.899902,673048
10/15/2025,2532.800049,2561.399902,2527.300049,2535,759772
10/16/2025,2557.600098,2579.699951,2540.899902,2544.800049,1020102
10/17/2025,2549.399902,2577.199951,2543.100098,2560,682968
10/20/2025,2548.100098,2579,2537.100098,2561.300049,747349
10/21/2025,2549.899902,2562,2542.300049,2554.899902,101019
10/23/2025,2545.800049,2577.800049,2540.899902,2559.899902,852445
10/24/2025,2504.199951,2554.800049,2497.699951,2554.800049,473765
10/27/2025,2492.800049,2514.600098,2487.100098,2504.199951,478055
10/28/2025,2494.399902,2516,2479.100098,2495,626988
10/29/2025,2537.399902,2600,2495.5,2500,1526734
10/30/2025,2526.899902,2559.399902,2511.800049,2550,783328
10/31/2025,2481,2543.5,2464.899902,2535,848642
11/3/2025,2467,2501.899902,2457.5,2484,731108
11/4/2025,2419.800049,2488.899902,2390.600098,2479.800049,2072668
11/6/2025,2314.300049,2427.100098,2307.600098,2425.100098,1978147
11/7/2025,2369.399902,2402.5,2291.399902,2315,2232889
11/10/2025,2298.358154,2315.130371,2291.862793,2308.24707,577428
11/11/2025,2294.577148,2306.308105,2267.140869,2295.740723,654132
11/12/2025,2408.685547,2440.678711,2288.954346,2311.252441,6895852
11/13/2025,2412.272705,2447.949707,2392.786133,2425.651611,2791508
11/14/2025,2440,2475.773926,2405.29248,2423.712646,4637753
11/17/2025,2462,2474.899902,2421,2460,2672697
11/18/2025,2436.800049,2478.600098,2434.300049,2462,1245215
11/19/2025,2433.100098,2449.899902,2413.899902,2446.5,774785
11/20/2025,2446.100098,2478.899902,2440.399902,2450.100098,1526556
11/21/2025,2422.300049,2456.199951,2418,2450,547541
11/24/2025,2399.199951,2432.300049,2393.100098,2426.199951,691419
11/25/2025,2332.899902,2407.699951,2325.300049,2400.899902,2223715
11/26/2025,2315,2357,2310,2321.199951,1026965
11/27/2025,2255,2320.5,2243,2310,1474038
11/28/2025,2280.199951,2331,2247.800049,2267.100098,3037620
12/1/2025,2262,2304,2257,2300,1313265
12/2/2025,2239.600098,2267.199951,2232.199951,2255,1035354
12/3/2025,2189.800049,2245,2172.199951,2240,1643852
12/4/2025,2217.899902,2231.699951,2183.399902,2188,2522821
12/5/2025,2265.399902,2268.600098,2202.899902,2217.899902,2400781
12/8/2025,2216.199951,2270.399902,2205,2265.399902,939764
12/9/2025,2245.199951,2257,2178.399902,2216.199951,1227728
12/10/2025,2211.600098,2267.5,2204.100098,2255.800049,935149
12/11/2025,2277.699951,2293.899902,2192.399902,2225,1519832
12/12/2025,2282.399902,2296.800049,2270.199951,2277.699951,929199
12/15/2025,2278.899902,2300,2273,2282.399902,573027
12/16/2025,2247.899902,2276.800049,2232.100098,2270,654714
12/17/2025,2232.5,2255,2221,2247.600098,651509
12/18/2025,2229.300049,2245,2211.100098,2236.399902,508238
12/19/2025,2239,2250,2210,2249,880005
12/22/2025,2263.5,2274,2245.899902,2260,599195
12/23/2025,2248.800049,2273.600098,2245,2272.5,450112
12/24/2025,2222.699951,2258.800049,2217.399902,2250,825693
12/26/2025,2229.899902,2250.899902,2218,2229.300049,566237
12/29/2025,2203.199951,2238.199951,2196,2232,690691
12/30/2025,2214.699951,2219,2195,2204.800049,935026
12/31/2025,2239.699951,2246.399902,2216.300049,2216.300049,779141
1/1/2026,2260,2287.399902,2241,2249,1046220
1/2/2026,2279.800049,2283.699951,2259,2260,715242
1/5/2026,2279.5,2303.899902,2274.300049,2287,696380
1/6/2026,2259.100098,2290.399902,2248.100098,2288.899902,698294
1/7/2026,2274.100098,2284,2243,2265,529451
1/8/2026,2214,2275.899902,2205,2275,792800
1/9/2026,2153.699951,2216,2145,2214.100098,1570376
1/12/2026,2171.600098,2180,2119,2156.600098,1257197
1/13/2026,2158.5,2187.800049,2141.100098,2187.800049,791556
1/14/2026,2153.300049,2169,2142,2156,618139
1/15/2026,2153.300049,2153.300049,2153.300049,2153.300049,0
1/16/2026,2157.300049,2193.899902,2152.100098,2162.800049,758469
1/19/2026,2134.600098,2156.800049,2123,2155,749495
1/20/2026,2055.100098,2139.899902,2040,2134,1160975
1/21/2026,2032.199951,2068.199951,2004.099976,2056.5,1354644
1/22/2026,2086.399902,2102.899902,2051,2055.899902,942721
1/23/2026,1864.199951,2082.5,1848,2080.5,7492631
1/27/2026,1959.5,1973.900024,1893,1909,5449633
1/28/2026,1994.699951,2004,1952,1985,2073198
1/29/2026,2019.199951,2029.099976,1972,1999.800049,1391239
1/30/2026,2020.400024,2038.800049,1992.199951,2005,1230915
2/2/2026,1995.400024,2002.199951,1934,1956.599976,1229270
2/3/2026,2202.600098,2233.399902,2131.100098,2150,6918581
2/4/2026,2228.199951,2246,2189.199951,2220,2051918
2/5/2026,2236.600098,2243.699951,2210,2232,992382
2/6/2026,2226.399902,2238,2200.399902,2226.100098,933650
2/9/2026,2250.100098,2288,2240,2250,1650899
2/10/2026,2228.399902,2268.300049,2171,2259,1670672
2/11/2026,2234.399902,2237.699951,2215.100098,2232.899902,682320
2/12/2026,2211.800049,2229.5,2201,2229,649585
2/13/2026,2136.600098,2210,2124.199951,2210,1489548
2/16/2026,2184.600098,2190.899902,2103.199951,2124.199951,1824808
2/17/2026,2242.899902,2252,2170,2170,1931699
2/18/2026,2211.199951,2254,2188.100098,2254,1149398
2/19/2026,2156.699951,2218.899902,2151,2218.899902,1101633
2/20/2026,2160.800049,2174.399902,2152.100098,2160,738454
2/23/2026,2191,2203,2155.300049,2180,1103960
2/24/2026,2183,2204.699951,2162.199951,2168.600098,1152423
2/25/2026,2231.699951,2237.300049,2180.100098,2193.199951,1474187
2/26/2026,2216.399902,2232.399902,2200.100098,2230,915342
2/27/2026,2161.800049,2216.399902,2153,2210,1433096
3/2/2026,2124.600098,2147.899902,2073.699951,2093,2134304
