Date,Close,High,Low,Open,Volume
3/2/2016,803.8082886,812.1981321,798.8758405,807.6344331,808137
3/3/2016,811.5529175,826.5347237,803.7162804,806.1594898,1061326
3/4/2016,798.2305298,820.6340784,791.4080803,817.4072282,1039977
3/8/2016,807.3579102,812.9818264,791.0853435,800.1666554,1174011
3/9/2016,807.8189087,819.4355469,801.9644467,807.634506,1401934
3/10/2016,824.9211426,826.073589,802.1027036,802.1027036,810951
3/11/2016,828.2403564,833.172862,821.9710578,829.7616086,1043602
3/14/2016,829.1621094,832.711678,819.2510704,827.9174898,788258
3/15/2016,815.5632935,835.7541781,807.7728004,832.527328,954046
3/16/2016,797.4007568,813.1662015,794.8192318,811.5988631,1456263
3/17/2016,804.4537354,807.6344989,797.585143,802.1027558,965277
3/18/2016,807.0352173,809.3862532,792.8371101,803.024726,1072444
3/21/2016,792.5606079,806.7126298,785.8764175,805.0992046,1484160
3/22/2016,786.7521973,792.8832355,780.0219206,792.8832355,1746522
3/23/2016,783.6635132,790.0250395,780.2061742,786.7520469,917099
3/28/2016,779.4227295,790.5323038,776.9334335,783.6637106,1722071
3/29/2016,789.2874756,792.8831309,779.053774,781.2664936,1101097
3/30/2016,813.0278931,815.9320806,794.58875,796.5709804,1470782
3/31/2016,800.6276855,815.2406852,797.5851817,811.7833456,1682214
4/1/2016,802.1028442,814.9641597,797.4930578,803.0248015,853331
4/4/2016,816.9923706,819.1589475,797.7234432,805.7905685,662760
4/5/2016,801.9644165,816.3008954,794.7270753,816.3008954,762479
4/6/2016,795.9256592,806.7125699,793.4825063,801.8262079,451307
4/7/2016,791.2698364,801.1808772,788.3195619,796.5710908,449770
4/8/2016,785.0925903,794.2199885,783.2947627,792.8831394,448087
4/11/2016,792.8831177,794.6348587,776.9793575,783.6635465,651373
4/12/2016,799.2446899,802.1027346,792.4221844,794.5426746,433486
4/13/2016,806.1132813,807.6345332,798.4149609,802.5637684,692424
4/18/2016,816.116394,817.3610136,806.7124209,815.2405236,685762
4/20/2016,816.6697388,818.4675667,806.9431008,815.9321842,778272
4/21/2016,819.7582397,825.1516667,816.0242682,820.5418808,702226
4/22/2016,803.5317383,823.9531115,801.5495642,816.5774544,692414
4/25/2016,794.496582,802.471534,789.1953284,802.471534,587700
4/26/2016,808.4642334,811.322278,792.0072648,796.7553665,694778
4/27/2016,820.4036255,821.4638988,803.0247541,807.3579643,553126
4/28/2016,804.9609375,824.6908472,802.1028922,820.4037231,1013142
4/29/2016,798.6454468,807.6345297,794.404466,804.8686581,955985
5/2/2016,797.3085938,799.7978895,793.482505,796.5710392,199724
5/3/2016,803.9466553,817.6838397,797.8617604,801.6417623,1073196
5/4/2016,805.4217529,810.4003441,796.5709867,803.946644,469904
5/5/2016,799.3829956,807.1274588,795.1420149,805.8827827,402567
5/6/2016,819.6660156,820.5418862,794.2661067,796.524913,1249025
5/9/2016,835.8463135,842.5766456,823.9070136,825.1055467,1355429
5/10/2016,828.2403564,837.3677566,823.7227992,834.3253087,1034271
5/11/2016,836.9988403,847.2786859,818.2370334,822.3858409,2228431
5/12/2016,856.3136597,861.0156742,845.6189809,848.2004492,2382775
5/13/2016,870.0049438,874.0154352,855.2074856,856.2677589,2285317
5/16/2016,878.3025513,883.0505971,871.2495562,874.8912984,1913343
5/17/2016,893.9758301,896.142407,873.7849447,879.0861986,1770437
5/18/2016,888.0751343,895.2203015,878.1180093,893.3763873,1273835
5/19/2016,882.1286621,893.2382354,877.7493653,893.2382354,1251713
5/20/2016,881.3909912,887.8446909,876.5507164,881.3909912,972841
5/23/2016,872.7247314,885.0789814,870.0050025,884.9868082,726047
5/24/2016,881.62146,887.2915185,868.2069957,878.0719477,490332
5/25/2016,905.5924072,908.1277894,887.6603295,887.9830482,815313
5/26/2016,914.4430542,921.496048,897.4790787,911.4006073,1410903
5/27/2016,920.3439331,923.6168705,909.4648475,914.4895264,1105534
5/30/2016,908.0356445,925.8754934,902.0890095,916.4254323,1487177
5/31/2016,907.989502,917.8083684,904.1634134,910.8936896,1151373
6/1/2016,941.963623,945.0060704,911.8616999,911.8616999,2068760
6/2/2016,944.130188,948.6938305,918.7763121,928.4107748,2420319
6/3/2016,945.2826538,951.5518945,934.4035151,943.623086,2045789
6/6/2016,946.2045898,951.7823626,937.2615387,937.7225172,1574228
6/7/2016,952.1513062,956.48446,944.6373324,945.3288003,755934
6/8/2016,938.5985107,948.6939533,932.3292131,948.6939533,933533
6/9/2016,920.8508301,939.4743766,917.9927853,938.5524194,1024252
6/10/2016,914.6275024,921.0351153,912.3686964,917.3012005,1313970
6/13/2016,917.255188,918.7302969,908.2199629,909.971704,808571
6/14/2016,909.5107422,921.0352067,902.2272581,917.3473781,699283
6/15/2016,920.4821167,923.8011402,909.0498246,909.0498246,731016
6/16/2016,932.9484863,935.2193474,914.0865528,921.0844663,740810
6/17/2016,926.5067139,940.6415956,921.3162226,936.1462624,365441
6/20/2016,918.9990234,924.0968496,914.1329167,922.1967621,627622
6/21/2016,910.2399902,918.5355547,905.7446572,917.6086773,712870
6/22/2016,913.3914795,917.0989896,906.9496693,908.3399856,507154
6/23/2016,912.1402588,917.6088595,908.6181351,913.9940141,678141
6/24/2016,917.1916504,920.3893892,893.1391671,902.8713812,777600
6/27/2016,903.0567627,920.3430512,899.30292,899.30292,662651
6/28/2016,908.5253906,912.9743916,904.0300005,909.2668814,822749
6/29/2016,921.5015869,926.2286394,906.71788,906.71788,711457
6/30/2016,929.9360962,935.2193088,923.216235,931.3727449,1039352
7/1/2016,929.1946411,937.1657645,922.6601664,929.472693,1314022
7/4/2016,927.248291,942.6807677,925.2091492,934.2925375,884699
7/5/2016,913.0670166,931.3728475,911.444981,929.6581467,523870
7/7/2016,915.4768677,924.0968166,912.9742872,917.0061815,757053
7/8/2016,936.7952271,939.7612468,915.8941479,920.2968166,1200518
7/11/2016,951.7178345,957.4644295,943.4222132,945.4150224,1082293
7/12/2016,945.8322144,962.006239,942.4490886,953.5716759,1259777
7/13/2016,935.6828003,953.7569108,932.8558353,953.7569108,1319911
7/14/2016,943.1904907,950.5128454,935.2193671,936.3316314,754274
7/15/2016,950.883728,956.0742198,943.7467594,943.7467594,671924
7/18/2016,953.2936401,968.4944559,950.2812878,951.9959888,721547
7/19/2016,955.3326416,961.6354542,946.5273615,955.6107501,541334
7/20/2016,953.3399048,960.6158706,945.4150568,953.9886738,529012
7/21/2016,966.4550781,971.3675739,951.4860977,954.4984495,706661
7/22/2016,970.4871216,976.9288749,965.8527341,971.2285557,502766
7/25/2016,992.3613281,995.8371184,970.5797088,972.5725179,734354
7/26/2016,983.1853027,996.3469179,977.8557571,993.7053397,562982
7/27/2016,984.1582642,995.2807906,975.2601525,991.6659469,765267
7/28/2016,1045.517456,1069.430932,989.9048254,995.4660885,5831636
7/29/2016,1032.680298,1054.508189,1021.650436,1045.054086,1152956
8/1/2016,1038.93689,1051.078961,1033.51468,1037.731904,864041
8/2/2016,1041.20752,1058.957241,1036.851242,1047.093167,832931
8/3/2016,1059.79187,1063.267661,1041.856811,1049.642493,1130691
8/4/2016,1044.869263,1070.172956,1035.044269,1067.809485,1075876
8/5/2016,1059.745239,1061.552718,1046.212852,1048.298326,543090
8/8/2016,1064.379517,1068.689519,1052.932605,1068.689519,407801
8/9/2016,1062.665405,1070.497477,1051.079433,1069.246215,541100
8/10/2016,1047.325439,1064.472677,1045.610738,1058.587026,788849
8/11/2016,1061.367188,1063.591716,1036.804939,1047.371363,651399
8/12/2016,1054.32312,1076.33646,1043.107925,1059.420946,795382
8/16/2016,1047.047363,1063.870215,1044.49845,1052.469575,921462
8/17/2016,1032.124634,1045.239862,1027.119472,1033.468561,742834
8/18/2016,1026.377686,1037.870988,1021.928742,1037.870988,1263890
8/19/2016,1032.078003,1044.498183,1020.81642,1020.81642,864966
8/22/2016,1032.44873,1039.029537,1024.199499,1039.029537,827995
8/23/2016,1043.895874,1047.04728,1027.119412,1031.336638,684493
8/24/2016,1037.036621,1047.556656,1034.02427,1047.371325,417969
8/25/2016,1025.033691,1044.127342,1022.160394,1038.195305,554850
8/26/2016,1041.161621,1045.100851,1011.269819,1025.358313,869672
8/29/2016,1030.548706,1042.412783,1023.411795,1041.161521,452947
8/30/2016,1062.386841,1064.055265,1028.833924,1033.468311,674826
8/31/2016,1073.231445,1088.061485,1064.982213,1072.397233,1668417
9/1/2016,1072.35083,1078.931751,1058.494057,1075.038797,621894
9/2/2016,1082.176147,1086.300708,1067.114384,1074.204908,710106
9/6/2016,1116.099365,1125.136419,1085.002585,1089.080868,1131704
9/7/2016,1091.120117,1120.594866,1085.095414,1119.667989,1092266
9/8/2016,1096.125366,1102.984283,1085.373609,1092.78863,888245
9/9/2016,1086.068726,1095.476555,1082.592935,1095.476555,575102
9/12/2016,1070.172729,1077.958523,1053.859708,1071.794765,465079
9/14/2016,1078.514526,1092.742072,1066.001681,1066.001681,704633
9/15/2016,1087.737061,1089.544426,1075.177826,1084.4466,616127
9/16/2016,1070.682739,1094.874223,1067.763052,1087.783587,1136226
9/19/2016,1078.514526,1086.300319,1072.582488,1072.582488,550698
9/20/2016,1079.858643,1087.876042,1077.587725,1078.885376,966451
9/21/2016,1085.00293,1090.008092,1080.64665,1080.64665,615798
9/22/2016,1104.837891,1109.472278,1089.080974,1095.847225,913747
9/23/2016,1104.096558,1115.497197,1098.349962,1113.180003,668223
9/26/2016,1096.496338,1107.61887,1088.988651,1107.61887,817715
9/27/2016,1105.347656,1115.03348,1097.60814,1097.60814,532323
9/28/2016,1106.228394,1113.179975,1101.223232,1105.764955,566690
9/29/2016,1081.990234,1115.357818,1075.177709,1107.015922,1125599
9/30/2016,1075.826782,1093.669176,1071.470503,1081.666156,478253
10/3/2016,1105.764893,1111.326158,1080.183095,1084.446709,747111
10/4/2016,1105.347656,1115.03348,1093.159196,1114.106602,503642
10/5/2016,1120.362915,1134.497794,1098.34958,1101.130211,1080751
10/6/2016,1121.058472,1133.015216,1113.828781,1121.614576,746006
10/7/2016,1097.97937,1121.522088,1094.457303,1119.668332,873434
10/10/2016,1123.978149,1129.8638,1102.057471,1102.057471,570180
10/13/2016,1127.63916,1137.556817,1120.455859,1137.278709,1391322
10/14/2016,1117.582397,1130.7904,1114.338327,1127.175556,354200
10/17/2016,1095.84729,1120.03877,1092.32511,1119.760661,365921
10/18/2016,1088.617432,1106.089047,1080.321925,1099.647295,1339044
10/19/2016,1083.797974,1097.562083,1078.190319,1093.715518,1201677
10/20/2016,1080.507202,1090.934572,1078.190009,1089.080817,448785
10/21/2016,1069.153442,1087.134893,1060.718878,1087.134893,948987
10/24/2016,1045.054443,1077.031719,1041.903037,1076.243896,1287073
10/25/2016,1056.408569,1073.602191,1035.414773,1049.17888,3014876
10/26/2016,1040.975952,1072.397118,1032.448726,1068.967717,1323248
10/27/2016,1006.079163,1051.449885,1001.954603,1050.152234,1764517
10/28/2016,991.6663818,1016.738353,988.0979257,1001.954701,1732990
11/1/2016,1000.44696,1011.132519,996.0798646,1000.818655,983171
11/2/2016,987.4850464,1006.626112,980.6090987,992.2703412,872573
11/3/2016,963.697998,998.8673996,960.2599678,983.3501561,1075107
11/4/2016,969.1801147,980.097967,961.7930743,965.6026852,976222
11/7/2016,963.8838501,984.5580836,955.1031536,973.7796295,829767
11/8/2016,982.1422729,984.9298101,966.3462288,970.7598294,780312
11/9/2016,976.5206299,983.1642825,884.5784127,928.2498259,2005884
11/10/2016,939.6787109,984.9297396,936.6124316,981.2130236,1719037
11/11/2016,894.1489868,933.7784959,890.1535283,929.1790483,2665967
11/15/2016,827.7126465,902.1863664,807.4565555,902.1863664,5354021
11/16/2016,869.4328003,878.9104374,839.0486357,852.5217312,3032067
11/17/2016,853.4044189,880.0718662,852.0570981,879.0032877,1310176
11/18/2016,843.8804321,863.1608976,836.121753,860.3269128,1335202
11/21/2016,836.2611694,852.9863928,828.595442,852.9863928,1639425
11/22/2016,843.4621582,848.2938999,831.6151271,843.6944529,1678288
11/23/2016,875.3330688,879.3750315,847.4112511,851.0350719,2371811
11/24/2016,869.8044434,897.3546235,866.0412797,871.8022009,2908165
11/25/2016,878.4923096,885.7863421,872.3132464,877.0520934,1460489
11/28/2016,869.8044434,900.0492653,867.3886006,882.7200542,1335539
11/29/2016,890.6646118,898.5161865,868.9683026,873.8000452,2507536
11/30/2016,901.2108154,905.8567108,885.0895243,899.3989049,4460941
12/1/2016,872.6383057,899.4450918,869.7113697,898.5159129,1517103
12/2/2016,840.7674561,870.1759892,838.119319,869.7113998,2139914
12/5/2016,871.2446289,874.9148402,831.8474204,845.5528093,1881935
12/6/2016,867.9926758,877.7955039,858.7008848,874.2646347,889147
12/7/2016,866.1807251,881.3263323,862.4640089,869.7115942,809152
12/8/2016,869.8508911,880.443497,863.9505708,875.2401176,1024529
12/9/2016,875.0541992,886.3901928,868.8286895,875.2864939,1600112
12/12/2016,845.7851563,870.7800932,844.6236825,865.3443622,1531811
12/13/2016,842.5331421,850.1988696,831.6152878,850.1988696,1572248
12/14/2016,849.5949097,857.8181789,843.6946449,843.6946449,944657
12/15/2016,839.0487061,851.8249184,837.8407846,845.2277696,958978
12/16/2016,836.1680908,847.3646849,834.4026283,847.3646849,1041676
12/19/2016,816.190918,838.1195213,813.1245817,837.5620366,1905631
12/20/2016,804.3902588,819.5358649,799.1403748,813.4962015,1811388
12/21/2016,804.2509155,814.4254375,800.5341993,805.7840836,1321988
12/22/2016,808.6645508,812.3812671,790.8243009,804.2509501,1472349
12/23/2016,812.102356,822.3233238,800.4876197,813.0315349,1325637
12/26/2016,806.3416138,822.3235057,799.0940281,812.1025355,1313467
12/27/2016,813.9608154,815.6333263,802.2531826,810.1512042,846898
12/28/2016,813.6820679,826.9693163,807.9675943,813.9608102,1093720
12/29/2016,817.723938,824.1817431,814.8899535,816.7483114,1203203
12/30/2016,827.9449463,831.6152147,820.0004771,822.276977,935476
1/2/2017,840.5817871,843.2299245,819.7681553,829.7568293,1031421
1/3/2017,833.1018677,845.5528889,830.1749879,845.5528889,2068282
1/4/2017,842.3936157,849.7341521,833.4735205,838.02652,1408241
1/5/2017,851.5925293,854.7517605,837.6548447,849.1766867,2569365
1/6/2017,863.6717529,866.4592895,849.8269652,852.986196,1717545
1/9/2017,845.6456909,866.9703579,841.8360801,865.9947314,1356124
1/10/2017,858.1895752,863.2071637,843.64796,850.1986597,1735052
1/11/2017,868.4571533,873.9857229,856.2384271,860.884322,1236472
1/12/2017,867.4349365,872.8241627,860.6983896,868.7822572,955700
1/13/2017,867.1564331,871.7558812,861.488463,869.2935338,770385
1/16/2017,869.0144653,874.8682804,861.2558451,864.1362767,889759
1/17/2017,892.1512451,895.2639721,870.6407284,873.4282655,1742445
1/18/2017,895.1246948,903.580259,892.0119674,892.151367,1216887
1/19/2017,894.5205688,897.3545532,886.8083951,896.7505643,770727
1/20/2017,898.7019043,908.5976262,886.5761302,892.2905468,2190366
1/23/2017,896.3789673,904.6021785,889.9211621,898.8877619,1206139
1/24/2017,904.5093384,910.4560501,886.0651006,895.2639957,1748158
1/25/2017,908.458252,911.849721,902.3721413,909.6661732,1128224
1/27/2017,900.9320679,919.5156506,895.8215826,910.4097064,1043635
1/30/2017,904.2770386,909.6662656,894.7994012,900.3744753,572175
1/31/2017,901.9541626,908.2725691,895.7286513,903.905416,603928
2/1/2017,920.8162842,930.1545207,901.4893745,901.953964,1241463
2/2/2017,918.9580688,924.5331431,912.407368,919.3762108,1365514
2/3/2017,916.0775146,923.510946,911.5709629,919.8871255,465754
2/6/2017,922.210144,933.7784338,915.7058911,919.9800918,744278
2/7/2017,928.5286865,932.8493921,920.0731792,921.7456903,577723
2/8/2017,927.0419312,938.3779267,911.52463,928.5285949,1192386
2/9/2017,931.8271484,933.824906,920.8163998,928.2498319,493191
2/10/2017,922.7211304,937.5415457,920.3517354,934.6611137,479738
2/13/2017,915.0089722,929.1789512,911.9891406,924.5330564,643641
2/14/2017,911.3386841,918.0752313,901.303563,918.0287837,604108
2/15/2017,912.1749878,917.0531773,906.8786564,911.7103983,600970
2/16/2017,901.2108154,919.4691504,899.2130577,915.2413969,932357
2/17/2017,892.755127,904.4628158,887.9233851,904.0911215,1142332
2/20/2017,906.6462402,910.5488026,886.2972012,892.9408525,1092302
2/21/2017,921.2809448,923.5574446,907.1574132,908.4582864,885074
2/22/2017,948.0411987,953.105235,923.5109104,924.6258796,2809160
2/23/2017,937.541748,957.0545099,934.1502215,957.0545099,1580357
2/27/2017,930.9909668,946.4153164,928.2498772,938.4708469,738246
2/28/2017,951.6650391,954.0809951,927.4599954,932.0593858,1368244
3/1/2017,959.6096802,966.3462284,953.3842258,957.0544377,1124115
3/2/2017,955.8928223,970.7596851,953.7092745,964.3948321,1037442
3/3/2017,941.9086914,954.3132641,934.7540023,954.3132641,596208
3/6/2017,956.4968872,960.5852975,944.0458659,947.7625819,559268
3/7/2017,951.4328003,959.4701642,948.2271216,957.5654154,429279
3/8/2017,950.131897,961.4678912,943.1166074,951.4792178,1164247
3/9/2017,958.0764771,967.0895817,952.4085076,955.6606343,827512
3/10/2017,957.2866821,963.7444309,951.5722085,951.5722085,579487
3/14/2017,995.5222778,1001.469045,966.9035229,975.4520366,1640301
3/15/2017,988.6931152,999.3321711,985.9519687,992.3633275,619852
3/16/2017,1010.528748,1012.340601,992.5955461,995.3830833,1382416
3/17/2017,1003.002136,1014.849167,998.8673354,1013.037314,782439
3/20/2017,1003.234497,1006.300833,991.573369,1005.185864,423077
3/21/2017,993.0134888,1008.112647,988.1352993,1005.32511,1431610
3/22/2017,982.9321899,988.7860642,974.2908915,983.0715895,661176
3/23/2017,986.4165039,994.221631,979.3547655,984.92984,466635
3/24/2017,988.87854,997.0088546,985.9052132,987.5312761,435183
3/27/2017,969.0407715,992.363141,966.2996255,992.363141,833514
3/28/2017,982.9321899,986.741802,970.99226,970.99226,452398
3/29/2017,992.4562988,1002.584375,982.9322119,986.7883283,1345902
3/30/2017,994.3143921,998.5885927,986.7880651,992.4560342,1171200
3/31/2017,997.4735107,1003.048584,989.5754904,994.2213847,937954
4/3/2017,1012.665894,1020.656812,992.827941,998.5888065,790370
4/5/2017,1005.882507,1017.125548,993.1062994,1016.521559,927397
4/6/2017,1009.924744,1011.875997,995.6153634,1002.026722,690411
4/7/2017,1006.254395,1012.712257,997.1020037,1000.725825,837821
4/10/2017,984.1862793,1003.931332,982.1886353,1002.026583,757492
4/11/2017,996.5446167,1000.493628,981.7242549,988.367795,731062
4/12/2017,994.6395874,1005.278755,987.8101446,999.3319866,719256
4/13/2017,1001.933777,1004.814209,990.6442291,994.6396309,328677
4/17/2017,984.3256836,1003.513251,981.631042,1003.095166,506747
4/18/2017,966.7640991,993.2456966,963.8372765,987.1596431,722855
4/19/2017,974.6157837,981.2129313,960.4921962,970.0627843,398732
4/20/2017,983.8146973,987.4849087,968.6690353,981.2129509,493562
4/21/2017,989.9935913,995.6151689,979.5403289,990.4117899,701515
4/24/2017,994.1748657,998.2632753,988.3674979,990.5975498,363436
4/25/2017,1020.145569,1023.908675,994.221454,998.5885496,1060527
4/26/2017,1026.417725,1042.538959,1015.360471,1026.650019,1870316
4/27/2017,1027.068115,1030.970736,1014.663597,1026.65003,666287
4/28/2017,1041.098633,1045.279939,1027.068052,1028.229526,1012065
5/2/2017,1033.3396,1056.940761,1022.09656,1043.560565,1031522
5/3/2017,1039.658325,1044.350611,1034.176147,1036.963684,476101
5/4/2017,1052.388062,1054.618114,1038.450377,1039.658355,878814
5/5/2017,1065.58252,1077.847637,1053.688983,1054.618162,1518367
5/8/2017,1084.677124,1089.927008,1062.423332,1068.55589,672001
5/9/2017,1082.772339,1093.504288,1077.94054,1089.415878,734416
5/10/2017,1076.268188,1098.289688,1066.836998,1084.444896,1004939
5/11/2017,1083.84082,1095.409167,1070.693028,1076.918482,1003768
5/12/2017,1052.713379,1095.50212,1047.184809,1087.325299,2500503
5/15/2017,1066.743896,1068.462855,1054.618066,1061.958602,729473
5/16/2017,1061.912109,1068.276962,1049.600489,1067.533687,913600
5/17/2017,1073.155273,1076.918494,1056.05847,1062.051629,579709
5/18/2017,1069.810181,1077.661811,1059.264022,1065.907674,702003
5/19/2017,1043.6073,1063.724046,1020.981816,1059.124542,1732673
5/22/2017,1033.758057,1057.266215,1025.813531,1044.629405,1058940
5/23/2017,1021.07489,1046.766714,1014.152438,1040.634041,1374392
5/24/2017,1013.919861,1028.647436,1003.977693,1017.450786,1551698
5/25/2017,1034.361816,1045.326172,1012.851417,1017.961901,1226634
5/26/2017,1052.248657,1067.440824,1044.39714,1045.279815,915210
5/29/2017,1065.350098,1068.555719,1045.326247,1045.326247,460152
5/30/2017,1077.336426,1083.515488,1065.768194,1068.555731,460978
5/31/2017,1069.670898,1082.493615,1063.491948,1076.918541,1488564
6/1/2017,1078.265259,1079.705531,1052.852247,1068.555388,578030
6/2/2017,1081.842896,1091.692168,1078.033172,1078.962351,437401
6/5/2017,1079.28772,1093.086003,1077.382858,1082.493341,425935
6/6/2017,1071.482666,1082.772212,1060.239624,1079.845276,787798
6/7/2017,1079.241455,1085.281119,1064.83918,1072.272612,531046
6/8/2017,1062.330322,1091.599459,1059.449777,1091.599459,1202971
6/9/2017,1073.898682,1075.61764,1051.970079,1063.910007,559008
6/12/2017,1069.206177,1076.593217,1061.67985,1072.644207,649908
6/13/2017,1068.277222,1072.505032,1061.354882,1069.67099,855507
6/14/2017,1068.18396,1071.203791,1046.487657,1069.484833,931530
6/15/2017,1066.640625,1075.713993,1060.139502,1073.843186,1003963
6/16/2017,1071.411499,1075.527298,1055.556337,1068.88584,1184164
6/19/2017,1079.595947,1083.197228,1064.442342,1074.778597,808994
6/20/2017,1075.199585,1082.121594,1070.569383,1080.484638,804319
6/21/2017,1080.765259,1085.442276,1075.620539,1083.197285,553929
6/22/2017,1087.453735,1095.357852,1081.888014,1082.262199,651018
6/23/2017,1079.128418,1089.277524,1072.066075,1087.874419,596082
6/27/2017,1060.888184,1092.878946,1057.006235,1082.262136,484244
6/28/2017,1037.502808,1055.930211,1028.008439,1052.32893,930404
6/29/2017,1033.200073,1054.153022,1028.943941,1040.168784,460382
6/30/2017,1031.703491,1040.168941,1013.322899,1028.89728,617697
7/3/2017,1047.885742,1050.878988,1032.872471,1035.491646,512386
7/4/2017,1036.941528,1053.685159,1035.304572,1051.206431,549148
7/5/2017,1053.872437,1061.683033,1036.941655,1036.941655,837353
7/6/2017,1059.017212,1070.101722,1054.994931,1061.683089,532283
7/7/2017,1043.39563,1062.056995,1040.21535,1061.682811,364301
7/10/2017,1054.901733,1085.957097,1043.957554,1047.886204,70264
7/11/2017,1058.643188,1061.683251,1050.084221,1052.329213,532133
7/12/2017,1060.466919,1063.92798,1051.487068,1062.618393,373345
7/13/2017,1052.796997,1070.335819,1048.821531,1066.173317,764694
7/14/2017,1045.173218,1056.023877,1040.215647,1055.36914,872831
7/17/2017,1052.749878,1055.789939,1043.208807,1048.213194,1260921
7/18/2017,1072.533691,1075.714086,1044.845769,1045.781173,648737
7/19/2017,1081.186279,1083.19742,1072.019392,1080.344393,964588
7/20/2017,1080.90564,1083.056999,1060.700831,1082.168412,1287749
7/21/2017,1081.420044,1096.760685,1073.843298,1081.326526,2017663
7/24/2017,1081.092773,1084.600537,1066.360166,1077.210825,2063340
7/25/2017,1075.807861,1089.7454,1066.360306,1085.115197,2963793
7/26/2017,1060.747681,1070.850085,1053.264452,1060.747681,1973462
7/27/2017,1074.591919,1078.520569,1062.665521,1063.133223,1033335
7/28/2017,1078.75415,1082.168396,1065.42465,1073.843282,616845
7/31/2017,1086.658325,1088.809799,1072.066052,1079.596096,777721
8/1/2017,1074.030518,1087.874538,1066.827955,1086.939135,1176561
8/2/2017,1070.56958,1077.585108,1061.683245,1075.714301,848781
8/3/2017,1072.065918,1074.685093,1054.293252,1069.16619,997619
8/4/2017,1082.542603,1085.021331,1066.96811,1070.101689,529318
8/7/2017,1075.386963,1085.769922,1068.605286,1085.068369,576280
8/8/2017,1073.235474,1077.117422,1065.518393,1071.972701,600256
8/9/2017,1080.90564,1084.039219,1066.453586,1073.656262,530763
8/10/2017,1076.743042,1085.348823,1071.972507,1079.455735,649594
8/11/2017,1070.008301,1074.544986,1048.774569,1062.29122,843233
8/14/2017,1079.455688,1088.529057,1071.037057,1075.199557,511994
8/16/2017,1067.576294,1080.671946,1056.070783,1079.783244,857454
8/17/2017,1061.636475,1068.979486,1058.877079,1067.57638,494638
8/18/2017,1066.360229,1068.651923,1050.458366,1058.830184,357491
8/21/2017,1061.168579,1068.043887,1055.602973,1068.043887,456594
8/22/2017,1056.491455,1068.792034,1053.217543,1066.453525,568911
8/23/2017,1067.576294,1070.56954,1042.039727,1058.689959,513036
8/24/2017,1062.244385,1071.037202,1057.941551,1066.734368,483362
8/28/2017,1081.233032,1084.834313,1053.35796,1058.409162,751938
8/29/2017,1077.304321,1080.391199,1065.705408,1080.391199,578071
8/30/2017,1078.847534,1085.395358,1070.382202,1075.620438,674280
8/31/2017,1093.066284,1098.16419,1070.382739,1072.300249,1131097
9/1/2017,1137.357178,1140.256906,1090.680519,1098.350782,1523879
9/4/2017,1119.725098,1137.357435,1115.001263,1137.357435,682612
9/5/2017,1128.424072,1144.04538,1122.858467,1123.653537,714964
9/6/2017,1128.143311,1135.065204,1120.613268,1120.940636,370400
9/7/2017,1121.221436,1140.069839,1116.824971,1139.321471,832839
9/8/2017,1126.179077,1128.0967,1113.130243,1117.807261,477517
9/11/2017,1158.076416,1160.835811,1122.110081,1128.096686,843302
9/12/2017,1175.194214,1178.561644,1156.205591,1161.771196,1461215
9/13/2017,1173.884644,1180.479284,1168.319038,1169.301257,913364
9/14/2017,1165.559814,1180.479458,1160.83598,1176.737843,754072
9/15/2017,1165.04541,1168.927359,1146.992071,1151.014353,912016
9/18/2017,1174.820068,1179.543902,1168.132024,1169.254463,419287
9/19/2017,1172.341431,1180.479397,1168.506184,1180.479397,464997
9/20/2017,1157.374878,1175.708765,1155.223404,1175.334581,473176
9/21/2017,1149.70459,1166.682189,1145.822642,1158.029705,772766
9/22/2017,1134.878418,1150.733463,1127.067821,1139.368401,896125
9/25/2017,1119.63147,1135.065632,1115.001267,1127.301849,917093
9/26/2017,1098.163818,1112.896425,1088.809782,1110.324065,740276
9/27/2017,1085.068115,1102.419897,1078.379957,1097.321879,786410
9/28/2017,1057.005981,1089.745105,1050.458157,1080.39107,2353175
9/29/2017,1058.596191,1070.990289,1054.19984,1057.006051,791548
10/3/2017,1074.591919,1085.068396,1062.151003,1067.576391,834092
10/4/2017,1079.502441,1091.709388,1073.422319,1079.455626,626750
10/5/2017,1078.75415,1086.47123,1073.469097,1075.38672,327057
10/6/2017,1082.542603,1094.141516,1078.520321,1080.391129,344962
10/9/2017,1083.758545,1094.235133,1078.333273,1094.235133,363972
10/10/2017,1087.874268,1091.569066,1079.455636,1081.326443,316767
10/11/2017,1085.629395,1099.800782,1080.391157,1094.422211,602214
10/12/2017,1083.945679,1086.938924,1072.019283,1081.794205,658884
10/13/2017,1098.397949,1101.063827,1079.596355,1083.946006,417081
10/16/2017,1095.404663,1108.4535,1090.680828,1104.711885,689380
10/17/2017,1119.818604,1122.484481,1094.422369,1094.422369,979278
10/18/2017,1103.449097,1120.426698,1094.422427,1120.426698,523048
10/19/2017,1102.373291,1106.816459,1095.498096,1099.099378,77085
10/23/2017,1098.304077,1114.860674,1084.132691,1107.938665,698954
10/24/2017,1143.905029,1154.287986,1099.099176,1099.099176,2345084
10/25/2017,1124.074341,1152.463928,1117.807183,1143.904964,1015698
10/26/2017,1114.206055,1125.8986,1104.431018,1116.871932,808543
10/27/2017,1108.032349,1117.80727,1102.466629,1116.778349,346755
10/30/2017,1106.161743,1121.362054,1103.355532,1108.453437,280643
10/31/2017,1107.052246,1114.552283,1102.64602,1108.130399,279632
11/1/2017,1102.458252,1114.270899,1100.630164,1110.942713,260543
11/2/2017,1104.755127,1108.083199,1093.13005,1102.880118,245949
11/3/2017,1099.177002,1109.161447,1094.348946,1108.552046,258595
11/6/2017,1089.708374,1099.786548,1082.817739,1095.005298,314729
11/7/2017,1070.114258,1091.864427,1061.72364,1085.63,758497
11/8/2017,1098.942627,1105.692727,1073.489474,1075.411289,691775
11/9/2017,1120.880493,1123.552358,1100.255392,1104.239786,884722
11/10/2017,1104.942871,1120.224241,1087.505309,1120.224241,1130647
11/13/2017,1101.520752,1115.161487,1095.801998,1110.005213,363501
11/14/2017,1082.864746,1102.505422,1080.380336,1101.520996,547558
11/15/2017,1107.708252,1115.630118,1079.114371,1082.817467,829732
11/16/2017,1105.833618,1114.692991,1101.567926,1109.067963,429230
11/17/2017,1098.098999,1119.286577,1093.13018,1111.880269,454013
11/20/2017,1093.458252,1102.927024,1087.177018,1099.692679,255840
11/21/2017,1087.786133,1101.567398,1083.754819,1095.567349,421268
11/22/2017,1100.911499,1102.973963,1082.817618,1089.848901,731572
11/23/2017,1087.130249,1104.286628,1084.739681,1102.036594,482632
11/24/2017,1087.130249,1091.255292,1076.395868,1091.255292,406704
11/27/2017,1084.223755,1087.50502,1074.473687,1085.630011,373156
11/28/2017,1097.817993,1101.474284,1078.271043,1085.16168,445227
11/29/2017,1081.739502,1102.833352,1076.4895,1093.130204,516698
11/30/2017,1075.08313,1085.630054,1070.020583,1078.364395,1433116
12/1/2017,1062.89563,1081.880094,1059.614364,1075.505018,397188
12/4/2017,1050.942749,1073.864693,1047.19273,1073.864693,455769
12/5/2017,1045.317627,1053.895817,1038.802016,1051.880159,702853
12/6/2017,1035.332764,1045.270286,1030.317139,1045.129751,723473
12/7/2017,1072.880005,1079.067511,1037.676671,1038.754824,986078
12/8/2017,1064.536255,1081.411334,1059.473708,1073.395626,593327
12/11/2017,1055.489136,1071.286059,1053.192296,1070.629852,551772
12/12/2017,1047.567505,1061.114399,1032.192409,1061.114399,1060836
12/13/2017,1046.770752,1066.411427,1040.630051,1048.03636,646677
12/14/2017,1053.239258,1058.958126,1045.692416,1051.879922,543059
12/15/2017,1048.786255,1063.786327,1046.255038,1058.442597,897594
12/18/2017,1066.08313,1068.708073,1040.629863,1050.004907,622558
12/19/2017,1066.598633,1077.66123,1060.270479,1077.192478,459494
12/20/2017,1064.536255,1070.583113,1054.692459,1066.411264,458160
12/21/2017,1066.786133,1072.504886,1059.754851,1069.645452,460388
12/22/2017,1066.879883,1071.098652,1061.723609,1065.942379,377780
12/26/2017,1078.833374,1083.380248,1068.942655,1070.630209,820589
12/27/2017,1077.239746,1084.692862,1070.630293,1078.13033,611258
12/28/2017,1072.880005,1082.208127,1067.208058,1074.379989,536350
12/29/2017,1086.098877,1099.223939,1070.676975,1073.536295,965848
1/1/2018,1072.177002,1092.192699,1066.973806,1090.31769,591349
1/2/2018,1071.333496,1078.130405,1063.177251,1074.380386,516171
1/3/2018,1070.536621,1077.192881,1064.349113,1077.192881,593809
1/4/2018,1098.802246,1104.380352,1074.286479,1077.192721,729965
1/5/2018,1111.177246,1117.505402,1094.48962,1104.380338,1151320
1/8/2018,1108.130249,1116.42714,1100.161461,1115.630285,928875
1/9/2018,1118.489746,1122.380298,1101.661472,1109.161508,699621
1/10/2018,1103.817749,1114.786505,1097.911425,1111.880264,1102382
1/11/2018,1114.645874,1115.583378,1096.88021,1106.161527,475476
1/12/2018,1115.348999,1118.020978,1102.505234,1112.817783,390841
1/15/2018,1128.802124,1132.692675,1108.551939,1115.302039,723833
1/16/2018,1114.458374,1128.802237,1110.005228,1128.802237,557253
1/17/2018,1119.145996,1121.630406,1104.755325,1112.630386,506648
1/18/2018,1113.989746,1128.84917,1107.192838,1120.317902,500762
1/19/2018,1115.536621,1120.317871,1104.286567,1109.161545,722692
1/22/2018,1102.505127,1119.098908,1091.348802,1117.505197,942542
1/23/2018,1096.786499,1104.239614,1083.942619,1102.505253,1841634
1/24/2018,1079.114502,1098.42707,1073.489475,1096.880165,1122469
1/25/2018,1078.552002,1088.817745,1071.98947,1076.255162,1563047
1/29/2018,1080.052002,1091.48951,1075.880039,1081.88009,1538762
1/30/2018,1056.286499,1080.005414,1053.239609,1079.067909,1404578
1/31/2018,1057.786255,1068.567555,1053.75494,1057.504958,961596
2/1/2018,1080.942627,1085.020748,1055.630007,1055.630007,1103162
2/2/2018,1066.786133,1076.254903,1053.70788,1076.254903,872105
2/5/2018,1063.223755,1068.755054,1044.661236,1051.129925,1263378
2/6/2018,1040.864624,1056.567828,1021.973881,1040.630248,1055719
2/7/2018,1051.036255,1054.88,1037.395633,1045.3175,854461
2/8/2018,1053.801758,1060.598664,1040.629777,1057.504854,1185917
2/9/2018,1060.08313,1070.864431,1032.192373,1032.192373,666922
2/12/2018,1072.880005,1078.130006,1064.911218,1066.879954,646362
2/14/2018,1067.95813,1072.505003,1056.567429,1072.505003,691596
2/15/2018,1064.489258,1068.661221,1052.817375,1064.067427,471072
2/16/2018,1072.364258,1075.317419,1059.379846,1065.473624,734476
2/19/2018,1050.333252,1074.192813,1042.08328,1073.442763,443677
2/20/2018,1056.005249,1065.005271,1043.208288,1053.708294,662281
2/21/2018,1056.755005,1062.426953,1045.317496,1061.583176,720563
2/22/2018,1048.223755,1056.005088,1032.192451,1052.536253,1559398
2/23/2018,1032.942505,1047.239449,1030.223719,1047.239449,1140118
2/26/2018,1035.755005,1040.629982,1026.94244,1040.629982,1170283
2/27/2018,1040.958008,1043.442417,1030.270435,1035.754927,610498
2/28/2018,1047.895508,1053.75491,1030.551677,1035.004823,1006756
3/1/2018,1048.973633,1053.942337,1038.754813,1050.004865,736217
3/5/2018,1036.832886,1045.176697,1031.254781,1040.8642,529677
3/6/2018,1032.754639,1043.067185,1031.254655,1043.067185,702294
3/7/2018,1038.052002,1040.583219,1026.801946,1036.598824,669686
3/8/2018,1057.130249,1059.380283,1038.380156,1045.130258,751329
3/9/2018,1058.536255,1068.755076,1054.13003,1062.192545,1158526
3/12/2018,1060.786133,1063.129894,1050.004833,1060.411108,527293
3/13/2018,1069.036133,1071.567348,1054.879727,1054.879727,711550
3/14/2018,1065.942749,1072.927113,1060.411449,1068.708342,1360578
3/15/2018,1088.255249,1091.020841,1061.395723,1061.395723,1146702
3/16/2018,1052.583252,1087.411569,1048.50513,1087.411569,1946844
3/19/2018,1033.64563,1053.755056,1029.286211,1051.083191,855444
3/20/2018,1037.348755,1047.192552,1023.895588,1033.129985,720303
3/21/2018,1034.583374,1046.255262,1031.255187,1037.348967,612237
3/22/2018,1037.910889,1040.629674,1031.254632,1033.598392,478426
3/23/2018,1043.11438,1050.005015,1024.739315,1026.426754,828523
3/26/2018,1047.708252,1049.067588,1032.192506,1042.505056,479675
3/27/2018,1060.411255,1066.880058,1046.629985,1049.067474,672158
3/28/2018,1050.380127,1060.177004,1045.317579,1060.177004,699839
4/2/2018,1078.27063,1081.833078,1042.036065,1050.379876,428944
4/3/2018,1080.098877,1084.411375,1067.77067,1073.489539,561118
4/4/2018,1065.004883,1085.34868,1055.62984,1084.598746,607619
4/5/2018,1071.473999,1084.505335,1066.458372,1079.817813,549137
4/6/2018,1072.036377,1080.755214,1064.067589,1071.473897,395626
4/9/2018,1085.114502,1098.286486,1068.708174,1073.442617,837112
4/10/2018,1084.458252,1094.72388,1080.848883,1086.567637,546269
4/11/2018,1083.614258,1086.192394,1069.879798,1084.692411,419140
4/12/2018,1092.380249,1096.786589,1073.348975,1077.661473,360744
4/13/2018,1089.567627,1103.30209,1085.489505,1096.880207,639579
4/16/2018,1105.17688,1114.223819,1082.817426,1087.504947,550645
4/17/2018,1102.505127,1113.1927,1095.942596,1106.255144,432543
4/18/2018,1099.036499,1110.94276,1095.005184,1105.317733,465763
4/19/2018,1092.192749,1112.817848,1089.942715,1098.755281,620949
4/20/2018,1086.895752,1093.083258,1070.864449,1092.192675,727517
4/23/2018,1105.036499,1107.56783,1073.817668,1088.348988,554353
4/24/2018,1096.973877,1108.552033,1089.286387,1103.911432,484112
4/25/2018,1090.364502,1095.755152,1083.801971,1094.067598,280574
4/26/2018,1083.473755,1103.489565,1077.708195,1091.255087,1638937
4/27/2018,1107.755127,1124.161453,1091.489449,1092.426954,803227
4/30/2018,1126.598999,1131.567818,1108.505233,1115.348946,505974
5/2/2018,1145.911499,1153.692716,1122.56762,1125.239484,2011978
5/3/2018,1131.33374,1153.130723,1125.943088,1144.036974,641515
5/4/2018,1116.052246,1136.255515,1104.474088,1136.255515,743905
5/7/2018,1139.302368,1144.505564,1106.255334,1117.505388,728801
5/8/2018,1134.286377,1147.505164,1129.692583,1142.817642,627060
5/9/2018,1146.145996,1152.286581,1122.755194,1122.755194,729538
5/10/2018,1141.599243,1160.630631,1132.036743,1155.005604,1904962
5/11/2018,1206.052612,1211.16208,1152.989881,1159.693061,4723019
5/14/2018,1216.271606,1223.44354,1189.318348,1204.693447,1553283
5/15/2018,1232.490112,1240.740082,1208.255648,1210.318112,1368261
5/16/2018,1240.974731,1248.756065,1219.552775,1223.584091,736281
5/17/2018,1227.615234,1246.880998,1222.084049,1231.08407,751423
5/18/2018,1226.584106,1234.131064,1207.130886,1223.443489,939743
5/21/2018,1220.349609,1232.537168,1210.177708,1223.44342,692442
5/22/2018,1206.42749,1220.630704,1199.068104,1216.880687,708573
5/23/2018,1198.693237,1211.396469,1190.255697,1200.943271,509522
5/24/2018,1212.755859,1221.474697,1184.068243,1197.287034,774173
5/25/2018,1211.583618,1228.130591,1200.005463,1218.755549,773652
5/28/2018,1239.240234,1248.6622,1210.833918,1213.599511,657272
5/29/2018,1218.286987,1246.880872,1208.443191,1243.130854,769331
5/30/2018,1212.98999,1219.646248,1203.146194,1209.380621,478025
5/31/2018,1223.11499,1229.724327,1206.568017,1218.943027,1400776
6/1/2018,1212.240356,1228.131013,1210.130971,1225.3185,368820
6/4/2018,1204.177856,1216.412338,1185.943436,1214.068577,939794
6/5/2018,1194.005737,1212.474645,1191.146417,1196.490147,524237
6/6/2018,1183.881104,1191.474869,1167.240393,1191.474869,1211557
6/7/2018,1210.130859,1215.943342,1177.505657,1190.771368,701247
6/8/2018,1198.927124,1208.020983,1192.505244,1195.317756,442333
6/11/2018,1203.099609,1214.912144,1195.505731,1199.068294,373098
6/12/2018,1207.224487,1211.255802,1195.505681,1198.646413,401090
6/13/2018,1206.005859,1211.95899,1201.833896,1209.380853,566241
6/14/2018,1211.421997,1214.765911,1196.256874,1206.100044,507824
6/15/2018,1207.748413,1211.940091,1194.467159,1210.291705,1048699
6/18/2018,1207.606812,1214.765489,1197.198392,1214.530005,512049
6/19/2018,1195.503052,1212.88181,1191.546973,1199.082448,572488
6/20/2018,1197.481445,1200.966557,1186.837539,1200.966557,484907
6/21/2018,1180.244019,1205.582082,1173.650477,1198.140775,1179247
6/22/2018,1194.09021,1199.600618,1168.187014,1188.250263,646452
6/25/2018,1180.667603,1198.234702,1176.758667,1194.372794,936253
6/26/2018,1200.589844,1205.535001,1180.244079,1182.127948,1262632
6/27/2018,1193.572388,1210.385896,1189.663336,1204.875602,857951
6/28/2018,1194.749512,1199.506211,1177.417897,1193.572094,729637
6/29/2018,1191.029053,1197.29294,1179.443327,1194.60845,622680
7/2/2018,1217.968384,1222.583771,1187.779339,1192.959978,1437438
7/3/2018,1216.837769,1232.615168,1213.305515,1223.195825,1399979
7/4/2018,1214.906982,1224.467524,1208.266299,1220.746929,619316
7/5/2018,1244.672119,1252.772732,1204.07477,1219.616687,1733903
7/6/2018,1246.320557,1257.859253,1233.039304,1248.063112,1662920
7/9/2018,1283.950806,1288.472137,1248.29861,1252.772799,1391869
7/10/2018,1290.874023,1295.630838,1276.321182,1283.668317,796987
7/11/2018,1280.842773,1304.343997,1278.534965,1281.031114,784238
7/12/2018,1279.052856,1298.927651,1267.843813,1290.450241,953054
7/13/2018,1288.37793,1294.594674,1279.806235,1280.559828,655594
7/16/2018,1280.606934,1313.904291,1272.647519,1290.450102,1234066
7/17/2018,1296.337524,1303.16655,1274.531715,1286.117557,1166581
7/18/2018,1312.114502,1318.660899,1297.561663,1305.520962,1085504
7/19/2018,1321.533813,1326.714452,1313.009262,1313.998339,848175
7/20/2018,1315.36438,1323.182482,1301.282505,1321.534097,575194
7/23/2018,1349.980347,1379.368769,1315.50557,1342.350701,1975242
7/24/2018,1382.524048,1390.483347,1342.727324,1359.211174,2171087
7/25/2018,1365.946289,1404.047492,1338.81853,1368.630779,4310816
7/26/2018,1350.592651,1373.199078,1339.666235,1364.015217,1732715
7/27/2018,1351.53479,1369.57286,1342.586412,1353.559972,630981
7/30/2018,1347.154663,1367.547568,1344.140519,1350.969544,750392
7/31/2018,1367.123779,1372.021793,1343.19862,1346.966358,1221636
8/1/2018,1353.748169,1375.177178,1347.71988,1373.340452,1121286
8/2/2018,1336.039795,1360.059122,1332.695882,1353.748093,836564
8/3/2018,1329.870239,1343.434119,1325.30188,1341.314767,1002287
8/6/2018,1316.259033,1338.39449,1313.715742,1337.546726,795996
8/7/2018,1341.550049,1354.501647,1317.766206,1317.766206,1915936
8/8/2018,1342.963135,1363.591524,1334.721208,1347.861148,1063862
8/9/2018,1335.050415,1350.6865,1331.989129,1348.755604,903734
8/10/2018,1336.228271,1356.291523,1327.421207,1337.547003,997053
8/13/2018,1318.001831,1339.054044,1315.882478,1331.895365,875198
8/14/2018,1314.092407,1334.438163,1310.74861,1326.149211,729379
8/16/2018,1313.810181,1328.127538,1306.463046,1319.650128,1050412
8/17/2018,1319.320313,1323.559017,1309.288689,1321.533835,537229
8/20/2018,1327.279663,1347.908048,1316.824215,1324.35969,1259905
8/21/2018,1321.81665,1343.151374,1314.375345,1334.202996,1520772
8/23/2018,1313.763062,1330.011431,1309.948181,1328.127562,859955
8/24/2018,1312.585693,1329.069547,1304.626393,1313.998595,919355
8/27/2018,1318.519897,1325.30178,1315.411468,1316.353402,785772
8/28/2018,1325.772583,1337.217108,1319.65001,1320.591944,1290318
8/29/2018,1313.056641,1331.659846,1310.230837,1331.659846,743529
8/30/2018,1298.645386,1317.484081,1293.794514,1313.151204,1062266
8/31/2018,1292.758057,1311.172924,1284.987096,1302.695512,1006329
9/3/2018,1282.537842,1306.933965,1276.321098,1303.637195,817733
9/4/2018,1235.158813,1285.363856,1226.869743,1281.03098,1789240
9/5/2018,1244.578003,1252.772786,1226.822447,1238.172803,1222703
9/6/2018,1238.172852,1254.609562,1232.050278,1250.841824,726455
9/7/2018,1239.585938,1245.991139,1233.93433,1245.991139,912914
9/10/2018,1218.015259,1241.469447,1206.146909,1238.266847,1121083
9/11/2018,1222.489746,1237.042704,1211.987153,1219.805256,1676544
9/12/2018,1216.037231,1227.811411,1205.675954,1227.811411,1111171
9/14/2018,1256.446167,1258.942316,1222.206879,1223.384297,1498792
9/17/2018,1232.662598,1252.725733,1226.39871,1252.725733,965321
9/18/2018,1217.073242,1254.420959,1210.385532,1230.166151,1088372
9/19/2018,1216.367065,1242.599918,1212.269673,1228.4709,929673
9/21/2018,1228.989014,1247.921874,1141.53042,1217.073519,1867297
9/24/2018,1198.093628,1240.198172,1183.069818,1224.514939,1691456
9/25/2018,1215.001221,1229.083094,1184.152869,1197.952231,1262738
9/26/2018,1207.559937,1227.811527,1200.024461,1224.514756,1338324
9/27/2018,1212.740479,1237.701739,1202.332058,1219.616645,1901166
9/28/2018,1218.203857,1238.643789,1211.32769,1217.921231,1549540
10/1/2018,1205.487549,1231.955879,1195.314613,1223.572641,1143818
10/3/2018,1179.066406,1195.314775,1173.791597,1191.452867,1236645
10/4/2018,1153.586792,1167.244838,1143.508142,1156.695221,1557441
10/5/2018,1139.269775,1167.998778,1122.644609,1150.525847,1344685
10/8/2018,1175.345825,1181.185773,1131.357418,1139.740658,1050759
10/9/2018,1131.640137,1182.975567,1121.843995,1181.185869,1088738
10/10/2018,1154.764404,1168.79925,1112.33033,1135.878689,803576
10/11/2018,1148.265015,1150.572708,1121.325603,1131.263055,781348
10/12/2018,1187.967896,1192.442085,1162.253149,1162.253149,1000950
10/15/2018,1177.700439,1184.199694,1169.411372,1182.127484,728514
10/16/2018,1193.99585,1208.40749,1179.819808,1184.011369,908616
10/17/2018,1185.895386,1207.79536,1182.127648,1207.748217,698043
10/19/2018,1163.665771,1212.269563,1149.583783,1190.605072,1449043
10/22/2018,1130.697998,1174.733428,1121.843792,1172.708246,1949683
10/23/2018,1072.345215,1120.901981,1053.082702,1069.283928,8272850
10/24/2018,1117.982056,1129.37944,1083.365964,1092.643995,2370198
10/25/2018,1130.36853,1138.751655,1106.773025,1111.953665,1995349
10/26/2018,1121.184692,1132.20528,1100.509161,1130.321411,1440249
10/29/2018,1129.30481,1145.969764,1120.287699,1128.124565,1186190
10/30/2018,1129.540894,1140.587933,1109.948841,1128.124601,1075337
10/31/2018,1161.737915,1166.033934,1117.785578,1138.321826,1561884
11/1/2018,1149.841064,1175.334337,1146.064283,1164.192787,1200280
11/2/2018,1177.411499,1219.475444,1171.982376,1172.690523,2235848
11/5/2018,1174.626343,1190.299963,1163.72084,1182.13265,756887
11/6/2018,1169.38562,1184.964839,1166.080937,1172.879096,815046
11/7/2018,1181.140869,1184.02071,1170.046576,1180.24393,100134
11/9/2018,1223.299194,1235.857036,1186.711633,1189.497078,2026920
11/12/2018,1207.437012,1241.522439,1203.990676,1222.73293,1100286
11/13/2018,1213.196411,1223.299253,1206.162088,1206.162088,1632176
11/14/2018,1246.857056,1263.28596,1229.342188,1238.78414,1631802
11/15/2018,1244.73291,1257.526689,1240.106329,1246.337996,1065640
11/16/2018,1247.565308,1255.590968,1239.917233,1246.337808,1113304
11/19/2018,1238.925537,1255.637743,1232.17452,1254.8352,784645
11/20/2018,1233.921509,1256.771102,1231.891466,1243.505113,867729
11/21/2018,1250.303345,1267.582164,1240.43655,1254.835528,1374789
11/22/2018,1241.050171,1256.440483,1235.715445,1255.779593,691593
11/26/2018,1274.191284,1281.792101,1249.736608,1255.732224,2149117
11/27/2018,1264.843628,1271.641901,1252.049855,1271.641901,1130756
11/28/2018,1250.350464,1278.959624,1245.535092,1277.401679,1205630
11/29/2018,1274.946777,1279.384449,1256.44046,1261.44474,3556169
11/30/2018,1270.8396,1285.757931,1267.251727,1277.30743,1030541
12/3/2018,1263.994019,1283.161226,1260.547798,1269.942494,710748
12/4/2018,1255.26001,1279.100934,1252.427425,1261.963887,830261
12/5/2018,1255.307739,1268.054377,1249.736964,1254.363544,864628
12/6/2018,1222.826904,1251.011102,1214.801247,1250.114162,896350
12/7/2018,1245.062866,1250.114287,1225.942916,1233.590873,1037026
12/10/2018,1203.093506,1233.355009,1191.857675,1208.569884,1074399
12/11/2018,1249.736694,1261.869579,1182.273996,1197.239466,1746513
12/12/2018,1256.629395,1262.577755,1238.64243,1249.17023,986580
12/13/2018,1246.526489,1268.242979,1242.560915,1263.758052,1175211
12/14/2018,1266.118408,1275.607615,1246.337566,1258.42331,1869410
12/17/2018,1261.303223,1269.895377,1255.779703,1265.221656,665295
12/18/2018,1280.04541,1285.049691,1253.466407,1263.758043,1581385
12/19/2018,1322.109253,1328.293777,1293.54735,1293.54735,3334213
12/20/2018,1346.233521,1351.662643,1311.534348,1312.336891,2578234
12/21/2018,1310.731689,1353.881478,1305.16103,1353.881478,2098064
12/24/2018,1281.320068,1311.439801,1275.702038,1310.542862,1649577
12/26/2018,1286.938232,1298.17418,1272.208808,1291.611953,1790087
12/27/2018,1295.907837,1307.474227,1278.723531,1284.152653,2174090
12/28/2018,1289.77063,1305.821948,1283.161264,1305.821948,1705033
12/31/2018,1296.427246,1301.100966,1290.998124,1298.268381,698593
1/1/2019,1295.010986,1302.706085,1282.783589,1296.568816,664707
1/2/2019,1306.10498,1309.456804,1285.61588,1290.714556,1233780
1/3/2019,1310.826172,1316.066386,1301.100916,1304.688903,1636293
1/4/2019,1308.512695,1323.194975,1304.311073,1310.542738,1202397
1/7/2019,1318.096558,1326.972016,1306.530166,1308.654605,1074373
1/8/2019,1323.053223,1333.864209,1317.624101,1322.817174,1232440
1/9/2019,1323.761841,1335.092185,1319.182517,1324.233938,973687
1/10/2019,1318.427002,1321.873338,1311.156745,1312.431385,1004783
1/11/2019,1325.319458,1327.727086,1314.697263,1321.637074,473391
1/14/2019,1311.109375,1331.881669,1308.135137,1325.650004,1360800
1/15/2019,1327.491333,1335.516993,1311.109568,1311.109568,1355920
1/16/2019,1312.19519,1334.100471,1310.259544,1331.315142,1189597
1/17/2019,1312.053589,1320.456949,1306.577326,1312.43129,853829
1/18/2019,1322.298218,1326.358304,1305.822056,1313.375619,1092189
1/21/2019,1342.73999,1345.289386,1317.341116,1317.341116,2513582
1/22/2019,1328.435425,1352.134817,1298.504482,1344.439603,5483768
1/23/2019,1318.615967,1349.679899,1312.431442,1349.255058,2702265
1/24/2019,1323.620117,1334.620015,1318.568696,1321.873379,1562800
1/25/2019,1295.577271,1334.808506,1277.779217,1329.804341,1613548
1/28/2019,1302.517456,1313.375702,1290.573362,1298.268577,1590764
1/29/2019,1315.547119,1321.87318,1296.568705,1300.156692,1061762
1/30/2019,1312.809082,1337.735859,1295.530263,1316.208162,1313152
1/31/2019,1333.770264,1336.036355,1313.422924,1321.873426,1256050
2/1/2019,1375.881104,1387.636402,1329.615542,1333.581231,2077539
2/4/2019,1365.636719,1371.726847,1353.975931,1363.417883,735159
2/5/2019,1369.41333,1385.039805,1362.567916,1364.314654,786962
2/6/2019,1387.400513,1393.820971,1371.254797,1376.495012,1088914
2/7/2019,1390.280273,1394.387615,1375.692503,1385.181711,697412
2/8/2019,1367.950195,1397.409043,1364.362207,1386.078699,1018518
2/11/2019,1356.902832,1375.975643,1347.366484,1367.100186,728051
2/12/2019,1371.065918,1375.598101,1355.156251,1358.224885,947583
2/14/2019,1321.118042,1343.731589,1318.568761,1338.538515,915441
2/15/2019,1315.830322,1326.546914,1295.530127,1322.628596,1113223
2/18/2019,1303.036865,1323.478603,1269.942771,1323.478603,1460282
2/19/2019,1300.959229,1318.993332,1294.491515,1295.482966,697530
2/20/2019,1318.946289,1320.740283,1299.212586,1302.989367,843469
2/21/2019,1319.796143,1329.285236,1312.714678,1320.929131,677142
2/22/2019,1319.796143,1329.190839,1306.954995,1320.929131,801380
2/25/2019,1320.220825,1327.349544,1313.705856,1321.825911,711217
2/26/2019,1323.761841,1328.482817,1301.667647,1318.946468,1147218
2/27/2019,1327.255127,1351.001659,1317.152285,1325.650041,1462017
2/28/2019,1326.783203,1336.036363,1323.242471,1335.84757,1230935
3/1/2019,1314.650146,1338.82152,1310.637317,1330.371019,783876
3/5/2019,1325.508423,1331.079198,1305.538671,1315.736025,1214257
3/6/2019,1315.924805,1331.315233,1309.173901,1329.426842,720335
3/7/2019,1317.577148,1327.066356,1314.319721,1320.551386,746742
3/8/2019,1305.207886,1316.82153,1302.989051,1315.971731,524331
3/11/2019,1340.568237,1343.589615,1307.710202,1311.675775,1342007
3/12/2019,1348.404785,1364.692148,1341.889817,1342.645219,1333909
3/13/2019,1348.594116,1359.07466,1337.924664,1359.07466,708227
3/14/2019,1354.684082,1366.203218,1340.757203,1357.375015,1113700
3/15/2019,1352.606567,1375.692089,1348.924184,1353.975604,1667627
3/18/2019,1364.928589,1379.091517,1356.430832,1365.30629,1148000
3/19/2019,1372.765259,1378.383173,1359.640924,1361.529314,886660
3/20/2019,1374.889893,1384.190192,1367.666776,1380.413412,764625
3/22/2019,1389.147339,1397.314651,1371.538073,1377.580946,1380404
3/25/2019,1376.211792,1393.254447,1370.499365,1383.340397,848078
3/26/2019,1402.177002,1408.975161,1378.996966,1378.996966,1630147
3/27/2019,1389.902466,1413.412832,1381.829551,1410.627503,1387002
3/28/2019,1413.460205,1424.743292,1391.271618,1391.271618,1353947
4/1/2019,1409.447266,1420.069461,1406.850729,1413.224046,707570
4/2/2019,1434.515747,1438.434065,1401.704965,1409.683368,1326634
4/3/2019,1414.026733,1444.477029,1409.683458,1436.356973,1606692
4/4/2019,1434.2323,1439.89747,1419.125179,1420.824776,1409222
4/5/2019,1429.936279,1438.622944,1419.125291,1435.176608,1129222
4/8/2019,1412.846558,1429.511627,1403.07416,1429.511627,925518
4/9/2019,1364.220581,1392.593696,1356.997464,1382.962835,2642226
4/10/2019,1331.173462,1370.027114,1326.924584,1368.894126,2608319
4/11/2019,1343.731079,1352.039926,1329.426502,1331.031588,1494450
4/12/2019,1358.366577,1364.173401,1346.233691,1352.795802,1510649
4/15/2019,1351.66272,1370.452112,1347.366585,1367.147429,791389
4/16/2019,1377.580566,1383.15134,1359.876909,1362.237397,1463057
4/18/2019,1387.589233,1397.31449,1378.808287,1382.301763,1425676
4/22/2019,1362.803711,1378.477324,1354.919706,1378.477324,737603
4/23/2019,1351.143433,1373.709723,1346.32806,1368.138947,601653
4/24/2019,1369.130493,1377.958697,1351.143526,1355.864503,1154712
4/25/2019,1367.147217,1378.524814,1357.846918,1369.082863,1161847
4/26/2019,1367.902832,1377.911278,1355.864343,1369.083076,704193
4/30/2019,1381.499146,1394.576225,1374.087237,1374.748127,1525776
5/2/2019,1356.430786,1390.705118,1350.293517,1383.245953,774788
5/3/2019,1358.271973,1374.748132,1352.276241,1363.228997,1020007
5/6/2019,1333.958984,1367.761102,1329.946155,1354.872815,1161960
5/7/2019,1310.353882,1347.177487,1299.54278,1347.177487,2863939
5/8/2019,1308.371094,1317.152154,1286.56021,1304.877618,1414591
5/9/2019,1278.62915,1315.877722,1271.406149,1307.663154,2628463
5/10/2019,1266.212769,1274.663268,1240.766644,1240.766644,3476379
5/13/2019,1258.139893,1270.178379,1249.78379,1266.212806,862130
5/14/2019,1246.573853,1260.264684,1229.436685,1255.779757,2167873
5/15/2019,1233.071655,1254.8354,1229.058826,1252.002815,996276
5/16/2019,1231.608276,1240.672527,1223.535361,1238.784137,726485
5/17/2019,1246.337769,1256.487868,1228.398058,1232.174839,860934
5/20/2019,1297.2771,1301.478838,1260.500738,1265.221715,976630
5/21/2019,1281.980957,1306.76608,1277.212725,1306.76608,1166297
5/22/2019,1292.083984,1297.088265,1272.822493,1284.577678,840075
5/23/2019,1291.422974,1311.487121,1281.933766,1311.487121,1527569
5/24/2019,1307.238159,1322.298025,1299.354153,1314.319623,980933
5/27/2019,1290.573242,1313.092276,1286.654809,1309.504403,782730
5/28/2019,1288.212769,1311.345552,1284.105542,1293.500239,1562891
5/29/2019,1282.453247,1290.6677,1271.925447,1284.860991,582768
5/30/2019,1297.890503,1314.31952,1278.345711,1288.826253,1032259
5/31/2019,1328.765869,1348.310662,1303.933491,1303.933491,2559888
6/3/2019,1377.817017,1383.198884,1350.199304,1352.040438,2867897
6/4/2019,1342.173706,1373.804251,1337.972083,1373.804251,1493226
6/6/2019,1348.829956,1380.271584,1345.383621,1354.872712,1985857
6/7/2019,1339.199463,1359.499663,1334.195297,1349.255167,878470
6/10/2019,1343.211914,1361.529322,1339.340737,1349.254786,800967
6/11/2019,1345.950317,1353.362227,1330.843194,1348.310805,743047
6/12/2019,1345.902954,1359.546643,1341.701332,1350.151832,874293
6/13/2019,1356.962158,1365.933016,1350.079808,1356.535024,1572720
6/14/2019,1341.109253,1359.14576,1339.447996,1357.484503,546091
6/17/2019,1330.856812,1352.737988,1327.961547,1345.14367,962166
6/18/2019,1310.067139,1338.878054,1306.26998,1333.751867,1177437
6/19/2019,1311.11145,1325.588118,1302.425427,1311.918323,692212
6/20/2019,1321.45874,1333.657089,1291.698416,1296.302564,991210
6/21/2019,1312.867798,1323.927047,1302.42561,1309.972418,1242165
6/24/2019,1306.36499,1327.106946,1298.865579,1315.71547,757055
6/25/2019,1293.976807,1302.852642,1291.36626,1301.476219,1388994
6/26/2019,1290.98645,1300.099724,1283.439644,1291.033961,960174
6/27/2019,1292.363281,1300.194923,1289.278089,1292.078448,2113899
6/28/2019,1289.278076,1302.330812,1281.636246,1295.780689,1131371
7/1/2019,1285.195801,1304.798656,1282.537859,1298.628273,739182
7/2/2019,1277.506714,1291.034093,1272.712754,1287.236934,1171118
7/3/2019,1283.439941,1301.476449,1281.066717,1287.284612,1378288
7/4/2019,1290.749268,1297.062068,1282.632909,1287.236942,902077
7/5/2019,1289.800049,1303.802074,1282.917698,1294.736425,966162
7/8/2019,1272.285522,1289.515154,1265.118339,1289.135415,866416
7/9/2019,1254.011841,1276.69989,1225.770469,1276.69989,2037332
7/10/2019,1255.862671,1272.380334,1245.515507,1250.973922,1115080
7/11/2019,1264.880981,1269.200296,1244.566275,1250.214502,757323
7/12/2019,1292.885254,1300.099949,1258.236175,1264.881204,1050985
7/15/2019,1284.531494,1297.679134,1278.74085,1293.739559,666533
7/16/2019,1302.710327,1305.273363,1276.794671,1283.4397,782642
7/17/2019,1325.113525,1333.609622,1305.747992,1307.171927,1599926
7/18/2019,1314.71875,1324.591386,1307.361755,1324.259158,802222
7/19/2019,1299.672363,1328.435884,1295.780299,1319.607445,842552
7/22/2019,1332.99292,1338.498848,1290.132571,1298.438858,1279369
7/23/2019,1356.867188,1370.726794,1330.761721,1337.549166,2262423
7/24/2019,1408.176514,1417.764317,1324.401689,1357.95906,7400250
7/25/2019,1419.995239,1427.589558,1385.061441,1406.183141,4194809
7/26/2019,1449.043335,1453.172838,1410.264871,1412.638095,2420636
7/29/2019,1436.512695,1460.244939,1430.199895,1447.571944,1634196
7/30/2019,1432.241211,1449.565753,1426.49796,1434.472019,1436383
7/31/2019,1443.964844,1447.667098,1419.330817,1430.579879,1249734
8/1/2019,1428.39624,1453.789741,1417.906658,1438.173971,2263295
8/2/2019,1466.842529,1471.399167,1428.206481,1432.478285,3044783
8/5/2019,1448.046753,1472.34855,1444.534311,1455.451144,1443728
8/6/2019,1486.445313,1490.242471,1446.765071,1452.413299,2056715
8/7/2019,1480.13269,1495.131516,1473.202944,1484.024872,1583322
8/8/2019,1486.493042,1490.100274,1462.191244,1486.350625,1579565
8/9/2019,1495.606079,1501.681557,1481.841377,1489.625507,1154542
8/13/2019,1493.565186,1513.168044,1488.486508,1493.707602,1612748
8/14/2019,1490.099976,1495.605902,1473.772239,1494.656612,1113095
8/16/2019,1516.442993,1519.670602,1481.841425,1491.334324,1682359
8/19/2019,1506.000732,1527.929419,1501.966251,1517.914366,1322246
8/20/2019,1514.259644,1518.389031,1502.440916,1504.624329,1024331
8/21/2019,1508.563843,1514.117165,1498.501395,1504.86159,704009
8/22/2019,1490.574707,1513.072943,1486.87257,1504.814053,985590
8/23/2019,1500.257568,1503.057927,1476.762647,1490.290026,984637
8/26/2019,1516.53772,1518.863433,1497.172188,1509.370537,1153556
8/27/2019,1518.341553,1525.935871,1505.099006,1518.863708,1581449
8/28/2019,1521.854126,1525.271546,1509.940491,1518.104361,565676
8/29/2019,1533.340332,1537.754553,1508.421475,1521.569115,861692
8/30/2019,1534.242065,1540.222637,1514.212075,1534.052254,1181516
9/3/2019,1496.792725,1527.976872,1493.755044,1526.458032,1289263
9/4/2019,1457.302246,1502.346,1450.324989,1498.92858,2381389
9/5/2019,1442.683105,1467.507056,1438.411302,1459.058354,1506173
9/6/2019,1454.691406,1461.383828,1442.68287,1446.71735,801338
9/9/2019,1462.47583,1466.652728,1446.907454,1452.935537,812836
9/11/2019,1482.268555,1485.63858,1464.421975,1466.652783,1541300
9/12/2019,1462.190918,1490.384775,1459.200632,1490.384775,753116
9/13/2019,1469.690552,1474.389606,1450.514942,1461.906421,547381
9/16/2019,1444.154541,1449.517935,1425.928108,1433.427521,1811073
9/17/2019,1453.2677,1465.038916,1441.59139,1449.945186,1353034
9/18/2019,1469.263184,1481.793762,1457.15974,1463.947184,1057300
9/19/2019,1475.101563,1484.214722,1466.652859,1475.101563,879908
9/20/2019,1586.263306,1637.762279,1463.899823,1479.942845,3962166
9/23/2019,1711.332031,1727.707279,1611.751517,1611.751517,4253004
9/24/2019,1676.350952,1711.522071,1663.1558,1711.37977,2028042
9/25/2019,1662.96582,1693.532904,1640.61,1693.532904,1794074
9/26/2019,1681.144409,1689.735527,1663.060511,1672.458502,1674004
9/27/2019,1686.223267,1691.064621,1647.349786,1680.242695,1115289
9/30/2019,1672.790894,1680.242795,1648.963745,1678.344215,1041807
10/1/2019,1676.540649,1708.62669,1667.902136,1679.246102,1317945
10/3/2019,1660.260254,1678.581592,1644.359651,1675.496401,1010826
10/4/2019,1636.955444,1672.363886,1630.025582,1664.959495,1231811
10/7/2019,1637.667236,1654.564524,1630.737375,1637.477309,562559
10/9/2019,1683.517944,1687.837259,1638.189357,1638.189357,1777552
10/10/2019,1688.406494,1702.076288,1667.427217,1675.496178,1599166
10/11/2019,1699.466064,1710.430408,1674.594718,1696.950423,1442236
10/14/2019,1707.487671,1714.702367,1694.197612,1699.228895,881724
10/15/2019,1711.664673,1732.454146,1704.924737,1716.031383,1204392
10/16/2019,1676.161133,1722.011881,1667.475223,1716.790787,1403020
10/17/2019,1720.398071,1724.527459,1666.953005,1682.141643,1722055
10/18/2019,1724.62207,1731.931555,1696.095868,1722.960813,1682488
10/22/2019,1689.925537,1732.453764,1684.989277,1730.270351,2135313
10/23/2019,1677.774658,1708.72148,1672.648471,1673.02821,3369253
10/24/2019,1699.703491,1703.927785,1664.152632,1687.837368,1497854
10/25/2019,1705.209229,1716.695611,1694.529719,1705.873685,1202154
10/27/2019,1701.696655,1715.888606,1697.424852,1710.620001,124919
10/29/2019,1722.248901,1727.707317,1682.663566,1701.222111,1050123
10/30/2019,1732.139771,1740.413823,1715.686632,1740.413823,1133258
10/31/2019,1721.012573,1744.978999,1715.211217,1736.895109,1297114
11/1/2019,1679.879761,1731.854438,1675.742735,1727.099209,1527660
11/4/2019,1698.473022,1702.372288,1679.737347,1688.106598,821893
11/5/2019,1706.033447,1709.790148,1681.068496,1692.861486,1251974
11/6/2019,1709.599976,1726.148196,1693.432196,1701.421005,1136777
11/7/2019,1737.513062,1741.269762,1710.170495,1721.392882,1380635
11/8/2019,1706.984741,1737.370728,1703.133075,1736.609845,1077136
11/11/2019,1687.107666,1706.128582,1681.44899,1702.324399,860384
11/13/2019,1683.779175,1699.519031,1670.702294,1686.917673,983760
11/14/2019,1685.110474,1711.882436,1679.974803,1690.959429,1116800
11/15/2019,1674.506348,1696.665762,1670.321839,1693.669944,729613
11/18/2019,1653.868774,1679.023891,1649.589068,1674.506423,1273055
11/19/2019,1637.082764,1662.428159,1634.372306,1662.38056,1187377
11/20/2019,1639.127563,1663.236553,1631.471598,1645.21428,1374382
11/21/2019,1636.131714,1649.921879,1627.239458,1643.312157,913095
11/22/2019,1600.372314,1630.044897,1593.952755,1626.288312,1275334
11/25/2019,1626.953735,1633.896415,1584.584722,1601.560863,1320689
11/26/2019,1626.57373,1644.215561,1604.98492,1633.896737,2714721
11/27/2019,1631.376465,1646.260356,1621.152722,1630.092576,883771
11/28/2019,1630.66333,1642.979445,1618.442413,1634.134671,691147
11/29/2019,1622.626953,1636.179357,1595.236785,1631.043686,1890290
12/2/2019,1653.15564,1657.197585,1615.208883,1622.67457,1476972
12/3/2019,1651.443726,1665.233892,1640.554296,1654.819985,1374317
12/4/2019,1636.084106,1649.493829,1626.52605,1646.450413,853421
12/5/2019,1631.851929,1653.060297,1623.435197,1633.326096,971984
12/6/2019,1632.613037,1662.047863,1628.999016,1638.557074,1031777
12/9/2019,1641.838135,1648.067532,1627.239603,1640.554246,751290
12/10/2019,1629.284424,1647.211617,1625.33756,1641.505341,686580
12/11/2019,1653.107788,1656.341367,1629.379241,1633.896709,827804
12/12/2019,1664.948608,1668.134589,1643.502476,1655.152789,802332
12/13/2019,1658.576294,1671.653174,1650.587602,1665.281213,960033
12/16/2019,1646.688354,1666.232394,1643.454891,1658.624027,707437
12/17/2019,1659.9552,1663.331343,1645.546835,1650.254464,873024
12/18/2019,1691.387573,1694.763833,1648.780786,1663.617079,1476506
12/19/2019,1714.830933,1719.300918,1688.677169,1691.720586,2554245
12/20/2019,1711.169556,1720.442254,1707.12761,1716.590472,1419128
12/23/2019,1719.062988,1725.767792,1698.758066,1707.888199,659899
12/24/2019,1715.163574,1736.609704,1710.979065,1723.295063,896574
12/26/2019,1721.012573,1730.618113,1709.077017,1711.311952,1161570
12/27/2019,1723.532959,1736.60984,1712.453251,1722.344152,930468
12/30/2019,1714.069824,1729.42912,1710.645967,1721.39283,562492
12/31/2019,1697.569214,1716.637729,1693.907711,1716.637729,928396
1/1/2020,1705.415405,1714.307777,1695.904947,1702.562268,397285
1/2/2020,1702.990356,1711.787531,1696.095274,1703.323199,411266
1/3/2020,1665.661987,1692.671717,1661.52496,1692.671717,1318628
1/6/2020,1623.577881,1652.917621,1611.071605,1652.870022,1871804
1/7/2020,1639.983765,1655.295582,1627.239725,1627.239725,1033650
1/8/2020,1644.168213,1651.015697,1612.022815,1612.973861,1006057
1/9/2020,1685.776245,1688.106261,1655.770704,1676.693711,1781733
1/10/2020,1704.797241,1709.314709,1673.840653,1685.253203,1256612
1/13/2020,1716.542969,1719.443589,1706.509387,1710.931774,823821
1/14/2020,1730.095215,1732.47283,1716.447729,1716.637892,775629
1/15/2020,1752.064331,1754.679707,1721.488182,1728.525945,1252925
1/16/2020,1745.31189,1757.532806,1739.225173,1746.072657,1031569
1/17/2020,1740.46167,1748.878403,1726.148382,1745.739905,862204
1/20/2020,1758.246094,1771.085213,1743.837725,1748.02235,1091453
1/21/2020,1722.106079,1752.34938,1706.033383,1749.876568,2101561
1/22/2020,1692.14856,1729.667277,1680.355566,1726.148453,3415306
1/23/2020,1689.15271,1701.421226,1671.082837,1691.910766,1885275
1/24/2020,1699.328735,1711.787413,1693.099339,1696.332918,1195596
1/27/2020,1700.802734,1717.350955,1692.861525,1699.518846,969054
1/28/2020,1692.005859,1706.176468,1686.204502,1706.176468,873291
1/29/2020,1708.981934,1715.544174,1693.812797,1699.519073,873805
1/30/2020,1716.637939,1720.347042,1698.568066,1711.88271,1005975
1/31/2020,1707.745605,1734.707734,1701.135767,1721.393091,1169614
2/3/2020,1776.220703,1781.213694,1678.595829,1682.209849,2854532
2/4/2020,1798.713379,1803.896533,1764.237961,1778.456052,1830049
2/5/2020,1781.784424,1797.476681,1774.79426,1796.525635,1344016
2/6/2020,1765.9021,1790.248852,1754.679711,1786.064227,995386
2/7/2020,1767.708862,1784.637525,1760.005414,1765.901968,632858
2/10/2020,1777.980103,1781.071001,1747.261277,1775.602488,747711
2/11/2020,1786.159302,1801.756478,1781.071229,1787.966312,1093021
2/12/2020,1800.995728,1822.869785,1786.254515,1787.966444,1616826
2/13/2020,1782.307373,1808.841457,1776.601098,1796.525461,638878
2/14/2020,1785.160645,1806.654257,1778.455725,1784.637523,771464
2/17/2020,1789.297729,1800.805361,1779.026388,1787.871161,676579
2/18/2020,1772.41687,1787.871367,1769.896575,1787.871367,683421
2/19/2020,1792.626587,1800.092275,1760.718948,1778.55106,723351
2/20/2020,1752.064331,1793.67259,1749.021031,1790.819452,1401879
2/24/2020,1729.904785,1762.287942,1725.197155,1754.917337,1310832
2/25/2020,1736.704956,1753.300777,1731.093762,1748.402867,897257
2/26/2020,1737.228027,1754.679696,1730.903549,1736.609824,1909619
2/27/2020,1753.538452,1761.336982,1721.820979,1740.271292,1643273
2/28/2020,1709.932983,1751.921684,1695.857573,1730.903593,2964119
3/2/2020,1699.328735,1747.499114,1682.637835,1726.243263,1219296
3/3/2020,1719.285645,1735.948025,1687.249813,1699.710873,1392463
3/4/2020,1764.546021,1773.617255,1722.627462,1722.627462,3050469
3/5/2020,1789.850098,1797.059389,1768.508847,1770.323117,2062439
3/6/2020,1792.714722,1799.351116,1752.180671,1756.955005,1393659
3/9/2020,1782.879639,1829.429397,1764.593915,1802.788589,3420741
3/11/2020,1797.871094,1819.021419,1767.93604,1790.327622,3194186
3/12/2020,1760.153931,1790.184566,1733.083477,1780.779033,6254349
3/13/2020,1716.564087,1760.535752,1594.484384,1704.437325,3878300
3/16/2020,1607.422852,1696.798364,1602.409801,1696.798364,2867336
3/17/2020,1653.447388,1699.472039,1594.627614,1622.318752,2643189
3/18/2020,1545.165405,1679.181054,1535.425811,1653.829293,3676437
3/19/2020,1528.932983,1579.302217,1366.605595,1470.49517,4906644
3/20/2020,1664.284912,1678.082806,1499.665982,1537.335428,3128629
3/23/2020,1430.82019,1575.530309,1423.467762,1507.352792,2155326
3/24/2020,1456.028687,1525.87722,1387.660244,1486.298035,3910566
3/25/2020,1521.246094,1532.895422,1380.737418,1381.262642,2196415
3/26/2020,1543.972168,1575.530569,1502.960676,1532.561554,2622118
3/27/2020,1531.749634,1590.091973,1480.234499,1589.66233,2102479
3/30/2020,1522.964966,1546.406996,1488.685336,1519.336541,1844011
3/31/2020,1591.285522,1613.724892,1529.505687,1551.65855,2789174
4/1/2020,1530.842285,1580.304428,1512.747607,1575.577884,1559455
4/3/2020,1452.256958,1543.064769,1448.771671,1542.205365,2925847
4/7/2020,1550.512573,1561.207034,1468.584965,1470.494698,2733586
4/8/2020,1536.333252,1611.62461,1527.787239,1550.513121,2382213
4/9/2020,1576.819458,1603.126088,1545.881747,1565.981742,1489539
4/13/2020,1604.987915,1626.758926,1530.508301,1571.710829,2586159
4/15/2020,1640.651978,1658.364802,1607.804655,1626.758736,2508270
4/16/2020,1664.428223,1673.213067,1608.711771,1614.679688,1821296
4/17/2020,1676.984863,1703.195911,1649.150472,1683.430214,1398686
4/20/2020,1652.349365,1679.276682,1628.668736,1678.894711,1431055
4/21/2020,1648.10022,1674.788702,1623.273681,1632.82235,1594930
4/22/2020,1731.173462,1739.767263,1634.970634,1639.601715,3727805
4/23/2020,1739.433228,1762.111315,1719.762994,1725.444405,2573552
4/24/2020,1745.066772,1759.62849,1732.128281,1733.130938,2744768
4/27/2020,1767.792725,1775.861419,1736.043402,1756.955009,1770889
4/28/2020,1742.059082,1779.871785,1724.776016,1763.829976,1934910
4/29/2020,1687.727173,1763.639088,1676.650741,1763.543625,2931120
4/30/2020,1679.324097,1715.89554,1662.423002,1713.985806,2926333
5/4/2020,1601.120605,1671.971671,1596.059765,1640.461069,2942397
5/5/2020,1546.072754,1616.494187,1507.018675,1605.131248,5867890
5/6/2020,1537.956299,1564.740244,1505.825006,1542.109946,3937921
5/7/2020,1522.344238,1555.191564,1475.460184,1537.287811,5256213
5/8/2020,1507.161865,1564.071906,1499.14096,1539.054441,5644426
5/11/2020,1498.758911,1526.832018,1484.817879,1511.55415,3767646
5/12/2020,1454.596313,1474.075619,1443.758599,1469.540002,4504073
5/13/2020,1492.74353,1508.498835,1464.145196,1508.498835,2940514
5/14/2020,1453.689453,1487.300723,1448.533148,1483.194865,2592264
5/15/2020,1482.860474,1489.592332,1441.848988,1459.991458,2860493
5/18/2020,1433.350586,1488.207756,1430.485985,1487.682532,2871905
5/19/2020,1436.072144,1448.485414,1416.019937,1441.849135,3164137
5/20/2020,1432.348145,1445.668491,1425.282106,1436.072032,2057402
5/21/2020,1503.246826,1512.031554,1433.255044,1435.164778,3845743
5/22/2020,1544.879272,1551.658805,1485.200088,1497.995328,5203736
5/26/2020,1556.289795,1582.166665,1546.884379,1551.658714,3552636
5/27/2020,1546.359131,1562.973838,1523.919759,1557.38789,2260057
5/28/2020,1569.419189,1582.166639,1542.348737,1548.794088,3138915
5/29/2020,1607.136353,1622.318759,1559.393011,1565.026748,3532977
6/1/2020,1616.828247,1634.636537,1605.608562,1629.480232,2529255
6/2/2020,1632.153931,1654.784228,1604.176286,1616.828271,2440552
6/3/2020,1639.077026,1665.288079,1628.859879,1646.190739,3088817
6/4/2020,1560.013672,1641.988965,1553.568321,1638.981112,4388930
6/5/2020,1564.596924,1584.458082,1547.838966,1575.530101,2884206
6/8/2020,1560.490967,1590.807986,1555.477916,1582.214185,2046505
6/9/2020,1567.938965,1618.499112,1562.878125,1565.981441,3671930
6/10/2020,1562.114502,1599.497565,1554.427893,1573.620695,2069280
6/11/2020,1537.908447,1571.710755,1534.47095,1562.114297,1888420
6/12/2020,1563.451172,1568.798403,1506.302416,1508.689583,2391556
6/15/2020,1545.165405,1576.150903,1529.792073,1555.478013,1681166
6/16/2020,1548.50769,1566.220519,1535.09188,1565.026935,1497691
6/17/2020,1523.394531,1549.414652,1518.620197,1534.996186,1812788
6/18/2020,1525.686279,1539.436269,1515.660178,1523.394576,1417273
6/19/2020,1549.271484,1556.432986,1519.240968,1525.686319,2714342
6/22/2020,1577.58313,1597.969512,1550.703607,1559.297408,2034739
6/23/2020,1607.900391,1612.770188,1566.936577,1584.935795,2334863
6/24/2020,1668.390991,1731.889632,1607.995667,1607.995667,11545923
6/25/2020,1612.77002,1668.152294,1607.184072,1661.468226,4054785
6/26/2020,1610.621582,1633.156415,1595.295923,1632.822235,2129986
6/29/2020,1615.586792,1631.342094,1598.49477,1610.860248,2753482
6/30/2020,1611.289795,1640.46102,1605.751638,1631.771756,1960731
7/1/2020,1611.815063,1621.363731,1604.223919,1621.363731,1661296
7/2/2020,1610.334961,1627.092919,1585.174246,1623.273452,2038399
7/3/2020,1619.119995,1642.37098,1613.724974,1618.881278,1988941
7/6/2020,1631.724243,1634.732097,1615.778013,1631.819707,1236670
7/7/2020,1666.95874,1670.921461,1628.859531,1631.819595,2983260
7/8/2020,1610.144165,1682.284399,1604.224037,1671.016924,2725937
7/9/2020,1639.745117,1644.280735,1615.730192,1617.544463,1904661
7/10/2020,1626.615723,1633.777224,1618.690281,1630.864834,1156043
7/13/2020,1628.668701,1654.688823,1623.27368,1630.912615,1289791
7/14/2020,1612.197144,1640.461178,1606.181436,1628.668596,1347120
7/15/2020,1596.203369,1636.259991,1588.230253,1623.273824,1611341
7/16/2020,1616.78064,1620.504644,1570.851564,1603.985516,1442725
7/17/2020,1640.365601,1663.855299,1613.486078,1618.499129,2308792
7/20/2020,1672.544556,1678.035039,1642.609507,1649.054857,1848600
7/21/2020,1646.429199,1691.785376,1641.416148,1681.520557,2088461
7/22/2020,1619.215698,1658.031065,1614.68008,1646.429407,1300409
7/23/2020,1651.279785,1662.939429,1612.286676,1615.153813,2375218
7/24/2020,1636.227417,1650.51527,1607.508213,1647.648133,3971563
7/27/2020,1699.39978,1708.813523,1641.149048,1641.149048,6470525
7/28/2020,1681.719116,1713.257621,1673.500014,1700.212125,2534092
7/29/2020,1663.082764,1701.072327,1653.382261,1691.610752,1530981
7/30/2020,1666.140991,1699.256445,1651.566379,1674.407926,2113975
7/31/2020,1639.524414,1692.470898,1634.650305,1676.319337,1678643
8/3/2020,1629.967285,1658.160797,1622.321587,1652.426524,1437425
8/4/2020,1638.042969,1658.160758,1632.882216,1642.869362,1815396
8/5/2020,1640.288818,1664.802742,1636.657066,1641.913482,1416803
8/6/2020,1651.040649,1674.503314,1643.920524,1655.341354,1914507
8/7/2020,1726.255127,1736.433485,1649.272464,1651.040625,5166075
8/10/2020,1703.413574,1743.50577,1698.300537,1729.839039,1892614
8/11/2020,1710.2948,1756.407913,1701.167702,1720.281946,3039662
8/12/2020,1717.653931,1726.016413,1693.522195,1710.677184,1679096
8/13/2020,1722.719116,1734.617687,1708.813457,1726.398585,1192375
8/14/2020,1722.719116,1748.95337,1715.981298,1738.153775,1868376
8/17/2020,1755.356689,1760.899867,1722.05014,1739.396341,1634180
8/18/2020,1791.100464,1800.562039,1749.909286,1749.909286,2586298
8/19/2020,1802.186523,1818.146988,1789.619001,1806.296133,1947114
8/20/2020,1791.864868,1796.738977,1774.805428,1785.222598,1538879
8/21/2020,1871.284424,1885.859034,1797.455659,1804.289024,5688228
8/24/2020,1875.250732,1907.601567,1854.081684,1871.284503,3996329
8/25/2020,1911.998047,1927.528372,1877.018999,1877.257927,3544399
8/26/2020,1884.091064,1920.02582,1868.895217,1912.33229,2245810
8/27/2020,1894.699463,1920.025837,1882.800893,1893.170347,3116305
8/28/2020,1871.380249,1908.557481,1866.7929,1905.690344,1842536
8/31/2020,1814.993164,1896.037612,1797.933723,1889.443174,2738522
9/1/2020,1891.641357,1899.956008,1823.260097,1839.746134,3068285
9/2/2020,1857.856812,1908.557394,1839.746111,1890.351029,2569603
9/3/2020,1890.398926,1899.812669,1858.86042,1863.830077,1931667
9/4/2020,1869.707764,1905.403595,1864.594726,1871.284712,1930422
9/7/2020,1894.317261,1914.912907,1861.823044,1877.974604,2855392
9/8/2020,1873.530518,1913.288125,1865.550343,1899.478129,2401034
9/9/2020,1891.402222,1905.594524,1871.284434,1873.530334,2776804
9/10/2020,1965.470093,1978.037616,1893.265985,1897.136666,5081252
9/11/2020,1945.782593,1978.276814,1932.450452,1971.63466,2599475
9/14/2020,1941.24292,1963.033209,1916.203302,1959.210359,2142458
9/15/2020,1928.197388,1958.780181,1920.073833,1954.431644,1997383
9/16/2020,1922.988892,1937.22903,1905.833901,1937.22903,1717740
9/17/2020,1919.022339,1954.431524,1911.424473,1911.424473,2416918
9/18/2020,1938.566895,1953.810459,1925.760326,1936.559922,3021436
9/21/2020,1885.190186,1965.900036,1875.394135,1946.212387,2518361
9/22/2020,1851.692383,1907.314786,1841.036168,1902.058369,1974860
9/23/2020,1860.341797,1901.867449,1842.900048,1854.081835,2732912
9/24/2020,1833.390747,1858.860504,1823.26022,1855.563343,1906183
9/25/2020,1840.319336,1868.417297,1823.498825,1839.98486,1939316
9/28/2020,1859.433594,1871.284448,1844.524507,1852.170205,1137313
9/29/2020,1873.147949,1901.819313,1867.461509,1873.195781,1965383
9/30/2020,1898.426758,1915.247269,1871.427888,1879.025753,2518982
10/1/2020,1950.082764,1958.588742,1903.82639,1918.11424,2014003
10/5/2020,1938.184326,1952.233249,1921.937219,1950.082896,1554873
10/6/2020,1997.438843,2004.988877,1954.527334,1959.210348,3152378
10/7/2020,2011.774292,2024.963168,1982.09938,1987.881486,2429595
10/8/2020,1996.148315,2014.593609,1980.283632,2011.296448,1427493
10/9/2020,1959.783447,2015.501279,1954.574746,2001.261262,1636939
10/12/2020,1985.826782,1994.045768,1950.847621,1976.317259,2182836
10/13/2020,1973.211426,2020.375924,1963.081015,1985.014567,2619233
10/14/2020,1979.614502,1993.137736,1963.988515,1978.324197,1530471
10/15/2020,1997.86853,2029.932721,1974.549246,1978.324262,4001883
10/16/2020,1969.914185,1997.438746,1964.514503,1997.390914,2017706
10/19/2020,1978.420166,1987.833792,1965.422385,1987.833792,1338404
10/20/2020,2024.676636,2037.387657,1975.792042,1985.874621,2377713
10/21/2020,2020.662598,2048.903943,1989.076259,2035.667234,2895432
10/22/2020,2006.900024,2023.099533,1984.823212,2020.566756,2755686
10/23/2020,2026.348877,2035.093551,2003.172855,2019.897819,3070714
10/26/2020,1988.311523,2022.621734,1978.372209,2022.621734,1278139
10/27/2020,2100.464355,2109.591454,1992.659971,1992.659971,4964874
10/28/2020,2067.05957,2123.532684,2058.062019,2105.58572,3166047
10/29/2020,2130.136719,2137.602701,2068.542889,2069.404249,4795796
10/30/2020,2116.78418,2146.791591,2101.46944,2115.444233,3006197
11/2/2020,2079.789307,2130.567046,2073.328402,2103.862066,1772571
11/3/2020,2062.368896,2099.937867,2054.807337,2099.937867,1781465
11/4/2020,2076.535156,2119.033701,2063.661249,2067.489935,2189957
11/5/2020,2142.436035,2149.519008,2090.126496,2096.204626,2671841
11/6/2020,2114.438965,2151.720734,2108.169447,2138.272433,2395965
11/9/2020,2129.897461,2152.678184,2119.320672,2152.678184,1691773
11/10/2020,2105.537598,2142.675891,2095.248006,2129.897561,1879561
11/11/2020,2088.260742,2127.791967,2064.905854,2110.562882,2387398
11/12/2020,2078.784424,2107.451654,2069.404099,2078.975811,1626054
11/13/2020,2086.585693,2112.046545,2078.976228,2087.112184,1560060
11/14/2020,2091.036377,2099.459297,2086.968399,2098.119351,146991
11/17/2020,2093.955811,2126.738929,2088.547886,2111.902773,1699293
11/18/2020,2101.708496,2115.348185,2073.328466,2091.418907,1817170
11/19/2020,2069.116943,2100.990791,2064.331087,2081.847367,2669522
11/20/2020,2073.759277,2096.2528,2068.01625,2070.696376,2196113
11/23/2020,2092.615723,2102.857409,2047.197992,2068.016467,4002609
11/24/2020,2113.338379,2135.449129,2097.162278,2098.98081,2954306
11/25/2020,2062.033936,2114.103955,2057.918053,2103.144391,1682365
11/26/2020,2062.991211,2084.19246,2026.474988,2067.489869,2247478
11/27/2020,2120.421631,2148.466797,2072.275868,2077.061724,10036402
12/1/2020,2134.539551,2177.564347,2111.710926,2177.564347,2235498
12/2/2020,2216.665283,2226.332573,2140.23506,2145.020917,3305952
12/3/2020,2308.123047,2318.125675,2217.048281,2239.781102,4334658
12/4/2020,2334.301514,2340.283834,2273.281843,2297.211126,2789953
12/7/2020,2366.653809,2372.636129,2332.626324,2335.497838,1762501
12/8/2020,2334.44458,2377.804479,2323.963603,2364.739187,2090950
12/9/2020,2414.273193,2423.653519,2342.198148,2345.069662,2022370
12/10/2020,2417.862305,2442.70085,2393.88512,2408.194782,2372909
12/11/2020,2412.981201,2428.248038,2388.14265,2408.243249,2171653
12/14/2020,2439.016113,2444.519849,2413.029004,2421.643547,1280339
12/15/2020,2419.202148,2429.874747,2395.320775,2426.428837,1283286
12/16/2020,2471.846924,2477.063461,2428.917932,2431.21505,1920875
12/17/2020,2464.763916,2491.85191,2447.486928,2458.972983,1750663
12/18/2020,2490.080811,2523.103216,2465.242265,2466.630117,4402604
12/21/2020,2445.237549,2490.846901,2430.353722,2484.290184,1383048
12/22/2020,2489.410889,2501.662727,2389.290688,2432.172005,1993090
12/23/2020,2529.373047,2536.503926,2492.474047,2492.474047,1339307
12/24/2020,2534.828857,2544.161277,2501.08857,2544.161277,1143202
12/28/2020,2568.95166,2574.311912,2516.929546,2540.571628,1226254
12/29/2020,2581.299561,2596.279198,2558.518837,2570.004893,1562853
12/30/2020,2617.289063,2625.377347,2565.554142,2578.619436,1614643
12/31/2020,2646.099609,2653.278393,2608.339255,2617.288665,1526325
1/1/2021,2656.676758,2672.422178,2632.220985,2640.835527,1246698
1/4/2021,2635.762695,2671.561044,2627.435351,2661.98933,1360486
1/5/2021,2674.192383,2684.481971,2614.991261,2635.761826,1299589
1/6/2021,2685.200195,2701.567682,2660.935813,2681.323605,1697884
1/7/2021,2672.661621,2710.565699,2662.372029,2681.03687,1142806
1/8/2021,2722.86499,2727.746657,2669.598504,2697.308565,1660967
1/11/2021,2727.268066,2750.383658,2703.625983,2723.152183,1517995
1/12/2021,2604.031738,2727.937484,2595.991361,2727.554709,6674890
1/13/2021,2587.903809,2644.664109,2563.304555,2641.792596,2862676
1/14/2021,2549.80835,2619.442557,2534.589421,2596.805551,2124950
1/15/2021,2479.934326,2547.845798,2470.027746,2546.936298,2570436
1/18/2021,2477.350586,2507.645196,2445.955322,2480.987883,2395168
1/19/2021,2531.765137,2561.963928,2479.072828,2503.002102,2558693
1/20/2021,2581.72998,2591.205882,2531.765691,2540.332327,2065439
1/21/2021,2600.012451,2696.303747,2579.57675,2610.158327,5015712
1/22/2021,2485.438721,2650.263803,2479.073625,2632.221031,4945564
1/25/2021,2406.280518,2518.79604,2393.885197,2500.94489,3520087
1/27/2021,2332.243652,2416.857501,2326.452719,2416.857501,2700415
1/28/2021,2337.125,2348.850348,2298.216082,2316.354431,3035457
1/29/2021,2304.246094,2377.61317,2297.210792,2350.812377,2768673
2/1/2021,2342.963867,2362.059387,2275.100284,2322.671883,1797359
2/2/2021,2358.134766,2412.071457,2321.236002,2354.641184,2679428
2/3/2021,2348.563232,2396.613418,2333.918699,2396.613418,2409356
2/4/2021,2298.934082,2350.81272,2295.296784,2350.81272,3478562
2/5/2021,2274.956787,2320.087318,2269.261665,2316.354444,3303319
2/8/2021,2313.3396,2330.616355,2271.750319,2291.468141,3666313
2/9/2021,2399.484619,2423.988061,2319.847792,2328.31885,7178572
2/10/2021,2403.074463,2445.572777,2368.99907,2420.686322,4473123
2/11/2021,2398.192383,2431.214788,2388.237896,2416.809315,1446286
2/12/2021,2379.623779,2414.943309,2358.661587,2410.157452,1376085
2/15/2021,2351.530762,2409.678922,2343.682003,2388.142567,1634576
2/16/2021,2345.309082,2369.094883,2318.268992,2366.127559,1615849
2/17/2021,2285.868652,2349.903555,2279.982142,2331.669395,3178784
2/18/2021,2364.930664,2373.401722,2292.664241,2320.182912,4253843
2/19/2021,2312.956299,2365.074224,2297.210879,2365.074224,2244567
2/22/2021,2284.81543,2343.154964,2278.067326,2324.72942,2002642
2/23/2021,2270.601807,2297.211217,2215.851653,2273.281933,3267268
2/24/2021,2260.216064,2306.160277,2246.671953,2271.367014,1708526
2/25/2021,2272.084961,2284.0496,2236.143138,2273.281425,2839515
2/26/2021,2179.670166,2258.923987,2163.206868,2237.914126,3933813
3/1/2021,2261.125732,2268.400094,2201.493916,2201.493916,2545806
3/2/2021,2288.021729,2299.651498,2257.966649,2283.810269,2033586
3/3/2021,2299.221191,2314.152923,2274.04754,2302.954066,1591567
3/4/2021,2313.578857,2330.71213,2249.352569,2278.067708,2149984
3/5/2021,2284.863525,2320.08724,2275.291813,2296.253769,1953642
3/8/2021,2280.651855,2310.132776,2258.97202,2280.939054,1593838
3/9/2021,2318.938721,2339.326515,2293.525777,2297.21098,1800442
3/10/2021,2327.792725,2341.241028,2312.095209,2341.241028,1056102
3/12/2021,2298.503174,2359.091924,2294.339386,2338.177874,1279203
3/15/2021,2254.138428,2323.581253,2242.700277,2299.65197,1524449
3/16/2021,2362.873047,2373.784706,2273.616828,2277.301797,4230564
3/17/2021,2319.177979,2354.641219,2307.83564,2354.641219,1623187
3/18/2021,2301.566162,2363.11232,2287.639274,2363.11232,1851739
3/19/2021,2307.979248,2329.754895,2254.473467,2290.510872,3738079
3/22/2021,2321.810303,2333.679367,2287.639335,2287.639335,1489853
3/23/2021,2307.070313,2329.707323,2295.488445,2325.926543,1745466
3/24/2021,2338.895752,2364.212884,2306.782611,2307.069809,4132092
3/25/2021,2299.316895,2363.255985,2289.553794,2345.978996,2272545
3/26/2021,2397.857422,2406.280575,2305.921312,2321.140241,3084607
3/30/2021,2467.635254,2472.803885,2413.507176,2430.353482,2332884
3/31/2021,2428.726074,2472.325268,2422.600272,2467.635223,1616044
4/1/2021,2442.461914,2454.713754,2423.557781,2423.557781,1219588
4/5/2021,2403.12207,2448.444226,2378.092134,2448.444226,1268939
4/6/2021,2499.748291,2507.788435,2397.235166,2417.814346,3372846
4/7/2021,2516.020264,2553.78062,2488.740885,2493.43093,1937977
4/8/2021,2537.126221,2544.544299,2515.446382,2517.360725,897483
4/9/2021,2518.125977,2541.289472,2498.360252,2522.146049,1185017
4/12/2021,2490.750977,2498.216959,2445.57254,2467.778867,1427691
4/13/2021,2460.599609,2513.531216,2454.473808,2488.644768,1200230
4/15/2021,2476.871826,2482.471371,2428.343294,2479.073367,1209829
4/16/2021,2549.616943,2578.140693,2471.128903,2476.776353,2760777
4/19/2021,2461.748779,2536.503951,2456.915251,2536.503951,1552036
4/20/2021,2444.280273,2493.143913,2420.494708,2488.645254,1489287
4/22/2021,2403.696289,2447.486874,2381.442058,2446.194599,1690758
4/23/2021,2410.109131,2455.144082,2389.290658,2418.867387,1614593
4/26/2021,2448.348145,2464.715866,2421.643161,2421.643161,1103980
4/27/2021,2464.09375,2469.405863,2425.471799,2436.000682,866331
4/28/2021,2502.571777,2508.027606,2464.715613,2477.158838,1065561
4/29/2021,2501.519287,2528.846574,2459.930241,2517.360519,1295346
4/30/2021,2427.768799,2494.196617,2415.947875,2483.859121,1384907
5/3/2021,2471.560059,2483.955615,2398.288774,2402.500235,1034774
5/4/2021,2476.345459,2505.82638,2461.413728,2493.431059,1058140
5/5/2021,2457.680664,2504.917159,2437.053811,2504.917159,1220186
5/6/2021,2439.877197,2471.272458,2419.728698,2469.358116,1518119
5/7/2021,2442.366211,2479.073826,2432.651015,2445.572828,1416102
5/10/2021,2447.438721,2478.116103,2433.272541,2478.116103,1526814
5/11/2021,2446.769287,2452.273022,2413.316195,2424.515053,1168363
5/12/2021,2446.721191,2478.068551,2421.64335,2466.630401,2085630
5/14/2021,2655.671387,2713.819535,2490.128681,2507.788442,10543708
5/17/2021,2663.568359,2703.243062,2629.875977,2662.850481,2134352
5/18/2021,2700.945801,2723.152126,2669.550538,2677.207908,1328605
5/19/2021,2695.251221,2726.98136,2678.787685,2685.0093,1219067
5/20/2021,2674.432373,2723.152298,2659.500408,2693.479988,1211975
5/21/2021,2711.1875,2731.766681,2675.293579,2686.779634,1328308
5/24/2021,2698.457275,2726.981027,2687.928391,2724.109513,813091
5/25/2021,2789.579834,2797.476497,2701.855181,2715.399061,2730112
5/26/2021,2815.615479,2821.645471,2785.751544,2813.940429,1250531
5/27/2021,2823.033203,2838.01284,2777.950342,2823.655271,2415085
5/28/2021,2814.753418,2836.864167,2805.612386,2831.456009,711383
5/31/2021,2849.977051,2861.893785,2810.350259,2812.168791,2093635
6/1/2021,2805.46875,2854.858877,2790.249822,2838.01257,1194073
6/2/2021,2779.338379,2808.101424,2753.925433,2793.839665,2067842
6/3/2021,2809.632568,2815.997663,2779.673063,2794.557122,1404434
6/4/2021,2799.630127,2861.942069,2783.454026,2826.526733,1509084
6/7/2021,2807.479004,2815.040563,2779.577323,2804.51168,802415
6/8/2021,2800.922119,2818.1512,2782.97516,2802.597169,762931
6/9/2021,2817.481445,2838.012722,2794.557241,2805.277512,1340352
6/10/2021,2838.210693,2846.57926,2809.401312,2832.823905,1344559
6/11/2021,2843.645508,2858.410915,2826.667896,2847.252669,878445
6/14/2021,2837.536865,2856.871341,2805.40918,2842.538983,746823
6/15/2021,2926.321777,2933.82472,2848.166611,2856.871941,2262031
6/16/2021,2903.716553,2926.321429,2891.019393,2913.624269,859505
6/17/2021,2943.732178,2956.862151,2886.209933,2902.99521,1533864
6/18/2021,2931.130859,2960.565387,2901.16747,2944.934356,2293860
6/21/2021,2951.66748,2961.86358,2905.976779,2909.0067,720491
6/22/2021,2896.117676,2975.042411,2889.768978,2967.491326,1199238
6/23/2021,2873.561035,2914.58639,2869.857589,2914.58639,1009007
6/24/2021,2927.331543,2933.535813,2862.114022,2873.560887,985596
6/25/2021,2889.480225,2937.191036,2871.300227,2914.778495,786964
6/28/2021,2869.327881,2923.098763,2862.883134,2908.814313,891695
6/29/2021,2887.171875,2908.67065,2859.805592,2875.148004,1242734
6/30/2021,2878.706787,2914.586062,2871.925278,2884.766865,924522
7/1/2021,2906.506104,2911.604036,2882.843034,2893.424039,848235
7/2/2021,2890.53833,2923.050921,2885.488305,2917.423656,805542
7/5/2021,2899.965576,2933.824753,2892.558918,2904.96746,863343
7/6/2021,2888.133301,2914.104858,2881.880889,2888.614256,762630
7/7/2021,2924.302002,2952.101101,2896.550811,2948.253461,1234865
7/8/2021,2912.950928,2942.481506,2903.812786,2933.824319,907391
7/9/2021,2895.924805,2923.387133,2892.461837,2906.890479,547082
7/12/2021,2885.151855,2926.94702,2877.12005,2919.29965,765566
7/13/2021,2879.813232,2906.02527,2871.637001,2904.967075,703484
7/14/2021,2887.604492,2893.183615,2870.530597,2888.614544,470744
7/15/2021,2869.953369,2896.309596,2857.9295,2895.347687,635535
7/16/2021,2875.436523,2891.500367,2852.062072,2879.957452,1062548
7/19/2021,2868.366455,2885.440351,2852.062133,2875.436585,837836
7/20/2021,3038.720459,3058.391463,2866.057692,2881.881057,6755922
7/22/2021,2988.412598,3044.443831,2972.300612,3010.776995,1982572
7/23/2021,2966.288818,3010.392469,2960.80598,2987.691308,815329
7/26/2021,2944.597656,3000.196079,2934.97856,2962.633461,1136884
7/27/2021,2913.287354,2964.124369,2906.217459,2962.104265,904289
7/28/2021,2889.672607,2917.4717,2870.338131,2914.922733,996594
7/29/2021,2883.275635,2924.156789,2876.398076,2889.672474,762683
7/30/2021,2845.761475,2894.049291,2839.46092,2893.424143,1067423
8/2/2021,2860.767334,2873.031682,2847.877604,2871.877437,832285
8/3/2021,2911.700684,2948.253252,2880.149998,2904.967316,2433031
8/4/2021,2903.620361,2936.998577,2897.271664,2924.782372,659295
8/5/2021,2874.570557,2924.205186,2866.538752,2918.433728,693694
8/6/2021,2853.456787,2886.690812,2848.647239,2880.919354,744159
8/9/2021,2878.562744,2900.157569,2859.805506,2880.582613,825462
8/10/2021,2863.749512,2893.713141,2847.781951,2883.805424,724335
8/11/2021,2859.372314,2887.123263,2840.085982,2873.608387,987941
8/12/2021,2862.162109,2871.540728,2845.328691,2860.719245,438552
8/13/2021,2874.859131,2887.652575,2859.853482,2867.356189,572250
8/16/2021,2858.218018,2870.482365,2847.252342,2866.490534,461742
8/17/2021,2900.446289,2928.05305,2859.853748,2860.719373,2036757
8/18/2021,2887.220215,2931.900875,2878.563027,2931.900875,1375320
8/20/2021,2994.376465,3005.053755,2887.171686,2887.171686,3931334
8/23/2021,2960.228516,3043.337642,2934.786055,3038.720429,1578949
8/24/2021,2929.928711,2974.994273,2918.963035,2974.994273,763704
8/25/2021,2922.329346,2953.062309,2897.848795,2910.738289,797870
8/26/2021,2923.868164,2967.0099,2910.930528,2947.290755,1319516
8/27/2021,2921.126709,2941.471,2905.447538,2924.637585,634375
8/30/2021,2990.33667,2995.627173,2931.9488,2940.269225,1051747
8/31/2021,3079.409668,3087.730093,2984.853899,2990.336737,2283290
9/1/2021,3176.946777,3206.044541,3092.539214,3107.016,2423168
9/2/2021,3175.84082,3192.577953,3142.221892,3186.758353,847517
9/3/2021,3211.623779,3217.539429,3161.315861,3175.84079,832039
9/6/2021,3189.259521,3220.184822,3179.976953,3214.701984,664394
9/7/2021,3209.170898,3265.298417,3197.243313,3206.525647,1285818
9/8/2021,3209.507568,3233.507165,3171.415855,3217.587515,702598
9/9/2021,3218.88623,3231.054293,3179.111175,3179.111175,591745
9/13/2021,3238.798096,3245.483321,3203.496057,3219.127089,610920
9/14/2021,3234.421143,3259.527078,3228.986447,3255.967824,569412
9/15/2021,3224.609619,3255.053964,3219.463309,3233.795903,587855
9/16/2021,3214.798096,3242.597189,3207.968444,3222.397087,516746
9/17/2021,3177.235352,3253.178063,3159.92098,3224.320777,1545695
9/20/2021,3146.935547,3188.730474,3140.634992,3174.253687,689288
9/21/2021,3183.151123,3207.968437,3146.406224,3146.935321,922057
9/22/2021,3191.135254,3203.110982,3162.999397,3201.71626,825945
9/23/2021,3194.165039,3212.778084,3188.730344,3212.778084,694716
9/24/2021,3317.241699,3371.493309,3194.357742,3203.159121,2775975
9/27/2021,3299.974854,3337.826088,3287.47003,3329.746142,902449
9/28/2021,3250.96582,3299.0613,3222.397152,3294.444087,961271
9/29/2021,3196.473877,3252.889783,3183.920909,3236.825939,973387
9/30/2021,3121.059814,3220.184643,3097.348837,3203.062606,2077896
10/1/2021,3056.804443,3129.043712,3049.253359,3124.282306,1512332
10/4/2021,3079.649902,3107.448996,3056.948742,3080.804147,921241
10/5/2021,3130.775146,3135.825172,3070.078559,3086.334972,909337
10/6/2021,3089.894531,3155.063915,3078.736284,3137.74954,786378
10/7/2021,3165.500244,3191.615995,3097.348856,3097.348856,1177283
10/8/2021,3180.938721,3202.197017,3139.769178,3181.035006,882436
10/11/2021,3180.121582,3216.96277,3172.137685,3199.696303,460197
10/12/2021,3196.666016,3207.968453,3155.063426,3155.063426,564524
10/13/2021,3196.906982,3230.958493,3166.029586,3215.664222,770144
10/14/2021,3172.185791,3225.235016,3164.682849,3214.702152,648597
10/18/2021,3118.030029,3158.863046,3108.891888,3128.611035,1576121
10/19/2021,3062.479736,3144.578816,3055.121222,3136.690969,1042069
10/20/2021,3048.868652,3097.300658,3017.173544,3068.491514,1205540
10/21/2021,2887.653076,3073.734471,2809.209289,3072.339749,5103543
10/22/2021,2868.799561,2888.566853,2801.2254,2861.681522,2855592
10/25/2021,2806.900391,2837.633356,2748.416239,2837.633356,2161537
10/26/2021,2856.679199,2908.814653,2787.614042,2806.900377,1988263
10/27/2021,2976.773926,3025.206176,2913.816979,2913.816979,4609951
10/28/2021,3001.138672,3031.282042,2948.845255,2988.33012,1791065
10/29/2021,2985.537598,3028.489288,2969.358385,3009.517338,1118903
11/1/2021,3006.435547,3026.129781,2977.399583,3012.406382,750393
11/2/2021,2988.667236,3023.770196,2966.180031,3004.701849,881916
11/3/2021,3053.47998,3065.277287,2980.625686,2987.463403,879227
11/4/2021,3042.501709,3072.11536,3028.77831,3061.521859,263595
11/8/2021,3022.036865,3063.447823,2980.77027,3048.039094,787824
11/9/2021,3028.922363,3038.408455,3004.701864,3023.962773,668840
11/10/2021,2993.434082,3020.736278,2966.661373,3016.258211,872975
11/11/2021,2950.290039,2991.84536,2939.215015,2975.810746,958143
11/12/2021,3007.494629,3012.406255,2962.135328,2974.847481,682344
11/15/2021,3051.602295,3062.484756,3010.480298,3010.480298,696377
11/16/2021,3035.230713,3090.413272,3004.798614,3048.039266,1400107
11/17/2021,3110.877686,3120.17098,3048.087167,3052.854195,1616452
11/18/2021,3107.603516,3139.52838,3095.228287,3129.753562,1609821
11/22/2021,3140.732178,3186.091715,3096.239522,3121.230506,2146970
11/23/2021,3067.829834,3166.782765,3054.347196,3140.732336,1482618
11/24/2021,3040.334473,3090.316437,3033.593155,3068.31099,1056213
11/25/2021,3028.055908,3056.080627,2997.960735,3039.853216,728825
11/26/2021,3026.948486,3050.30234,2976.77372,2986.404176,1029110
11/29/2021,3028.104248,3061.425484,2958.379607,3015.295695,876651
11/30/2021,3027.478027,3071.152237,3000.994275,3000.994275,2340489
12/1/2021,3022.181396,3081.505098,3008.650794,3039.275456,1741820
12/2/2021,3063.062744,3075.96746,3035.760309,3043.223912,939320
12/3/2021,2995.504883,3069.659388,2991.219377,3067.299973,1216263
12/6/2021,2926.020996,2999.886534,2916.342342,2999.886534,1107363
12/7/2021,2918.364746,2955.586357,2904.978274,2927.65804,2056459
12/8/2021,2993.626953,3007.591113,2918.990926,2919.857573,1171484
12/9/2021,3061.23291,3065.422252,2996.034772,3035.904765,1287243
12/10/2021,3161.822998,3170.346045,3061.232934,3066.337123,2554394
12/13/2021,3158.644531,3217.534663,3150.073286,3163.70052,1265832
12/14/2021,3175.642578,3182.865419,3128.934871,3153.011009,863179
12/15/2021,3179.927979,3191.484524,3145.788063,3157.007449,811946
12/16/2021,3176.70166,3202.125965,3149.736389,3202.125965,502930
12/17/2021,3123.830566,3171.597716,3108.421839,3153.973937,1019403
12/20/2021,3119.737549,3153.973862,3063.447589,3107.74768,948872
12/21/2021,3150.458984,3174.197962,3120.267414,3127.008732,712026
12/22/2021,3158.885742,3164.230457,3121.230568,3154.648201,619865
12/23/2021,3147.13623,3185.65805,3129.89781,3168.41963,1051596
12/24/2021,3163.411621,3178.049864,3140.491093,3158.788956,651404
12/27/2021,3151.469971,3163.363677,3106.977316,3158.885609,640701
12/28/2021,3243.72998,3250.278737,3152.048091,3154.889028,1211648
12/29/2021,3243.007568,3260.87211,3222.542851,3247.582035,598421
12/30/2021,3241.322021,3264.724073,3226.491216,3238.962607,691223
12/31/2021,3257.934814,3279.170015,3237.181136,3264.724332,570671
1/3/2022,3295.927246,3313.74359,3257.983343,3257.983343,696276
1/4/2022,3331.463379,3344.127333,3288.848615,3307.09828,790886
1/5/2022,3396.469238,3409.181393,3324.48158,3341.768202,1024506
1/6/2022,3384.767822,3406.821706,3324.577478,3362.136253,1312743
1/7/2022,3444.139648,3449.628961,3367.33677,3384.767753,964364
1/10/2022,3422.182373,3457.333536,3396.661666,3447.70308,657511
1/11/2022,3407.977051,3432.293948,3365.892012,3419.389233,734344
1/12/2022,3412.841064,3450.062683,3403.40317,3425.456821,594543
1/13/2022,3328.526123,3428.442097,3322.507088,3428.442097,1153984
1/14/2022,3240.070313,3334.063651,3222.350369,3334.063651,1558978
1/17/2022,3253.793213,3273.391281,3198.27374,3240.069816,1103159
1/18/2022,3249.026367,3270.935651,3227.165283,3254.178754,558543
1/19/2022,3159.174316,3245.463286,3146.991885,3245.463286,1495218
1/20/2022,3184.213135,3240.551289,3102.932199,3160.714922,3075678
1/21/2022,3153.82959,3202.078027,3121.95269,3178.098289,1441694
1/24/2022,3038.552979,3149.158851,3019.147705,3147.232759,1575665
1/25/2022,3030.800537,3040.286394,2899.489191,2985.441001,2699779
1/27/2022,3001.764404,3026.851785,2957.753275,3024.059047,1834684
1/28/2022,2995.890381,3052.854432,2988.330379,3014.332609,892060
1/31/2022,3035.760254,3075.437682,3020.495888,3023.962946,944530
2/1/2022,3078.134277,3093.639404,3025.503933,3075.967425,1008915
2/2/2022,3079.530518,3124.263934,3074.185568,3086.368235,667265
2/3/2022,3084.634277,3121.807922,3072.30725,3094.120368,899753
2/4/2022,3117.041016,3128.742159,3058.680601,3070.188948,705765
2/7/2022,3057.380371,3131.053349,3026.948276,3114.489014,860393
2/8/2022,3097.490967,3104.376647,3049.194102,3061.521129,799206
2/9/2022,3109.048096,3138.565347,3103.654947,3110.637027,472725
2/10/2022,3119.063477,3127.971647,3058.632374,3101.006374,728666
2/11/2022,3097.443604,3110.589082,3064.892615,3110.589082,587840
2/14/2022,3027.284912,3065.084443,3004.701545,3023.962453,681236
2/15/2022,3143.958496,3149.158848,3017.077249,3023.96293,676844
2/16/2022,3132.643066,3163.701288,3103.89606,3158.789661,624320
2/17/2022,3145.162354,3173.186838,3116.800474,3152.048035,636735
2/18/2022,3138.0354,3151.084713,3110.685004,3116.55944,423801
2/21/2022,3131.486816,3157.296483,3085.742155,3115.452203,547472
2/22/2022,3107.892334,3117.185865,3004.702098,3004.702098,1147209
2/23/2022,3117.571045,3175.064818,3110.637164,3117.282084,935896
2/24/2022,2955.634766,3079.626871,2938.73327,3014.33234,1823450
2/25/2022,3003.931396,3025.359158,2969.117397,2990.256198,1239456
2/28/2022,3057.332031,3072.596395,2903.581925,2975.810331,1678348
3/2/2022,2917.016846,2996.227344,2880.565712,2992.1826,3014206
3/3/2022,2765.769775,2938.251287,2756.235721,2917.06429,4406840
3/4/2022,2636.962891,2757.969696,2563.675271,2757.969696,6979253
3/7/2022,2608.360352,2627.139737,2503.292236,2551.973995,3233760
3/8/2022,2622.758301,2635.807616,2540.5143,2590.592672,2611102
3/9/2022,2768.707275,2783.201155,2566.564144,2648.374802,4076068
3/10/2022,2805.15918,2927.658529,2784.357301,2889.136706,3971987
3/11/2022,2823.64917,2831.305334,2775.834059,2809.203489,1265493
3/14/2022,2853.311279,2862.508411,2809.492709,2840.98425,1214217
3/15/2022,2876.761475,2919.954162,2856.393155,2887.210613,1857685
3/16/2022,2929.584229,2937.288592,2899.489059,2930.547274,1287234
3/17/2022,3020.688477,3046.401743,2962.809351,2998.442032,2867519
3/21/2022,2933.196045,3002.102002,2918.124476,3002.102002,1259015
3/22/2022,2938.39624,2949.519463,2865.060418,2912.249648,1515772
3/23/2022,2905.315674,2966.083703,2893.95169,2946.919192,948403
3/24/2022,2913.550049,2926.647328,2841.514192,2859.763859,1243917
3/25/2022,2934.351318,2951.301013,2880.468972,2913.549677,1083275
3/28/2022,2915.571777,2945.570783,2884.946886,2934.351163,680332
3/29/2022,2930.162109,2973.595317,2901.36691,2955.586415,1120936
3/30/2022,2967.673096,2980.000126,2942.970836,2964.254237,849545
3/31/2022,2966.131836,3013.610024,2952.793797,2999.886627,1464862
4/1/2022,2999.068115,3005.665071,2973.547409,2995.07157,637392
4/4/2022,3002.776123,3026.852263,2979.181506,3009.469243,873264
4/5/2022,3024.733643,3040.334934,2966.180424,2995.071791,805874
4/6/2022,3037.445557,3048.039057,2997.96069,3021.073783,736379
4/7/2022,3038.408447,3090.364703,3029.259515,3037.445402,1025244
4/8/2022,3087.764893,3101.006769,3034.749186,3050.928399,678898
4/11/2022,3040.767822,3102.932453,3033.593181,3066.336726,672652
4/12/2022,3013.032227,3045.246287,2999.068067,3038.119609,794265
4/13/2022,2966.805908,3006.531534,2952.793785,3002.005267,1121350
4/18/2022,2909.889893,2944.992851,2901.655807,2943.06676,1032504
4/19/2022,2880.661865,2946.148964,2860.245346,2918.02808,749782
4/20/2022,2969.069092,2975.328887,2869.875411,2880.757872,838182
4/21/2022,3041.538574,3057.091666,2972.006733,2975.618154,1069035
4/22/2022,3047.461426,3056.032673,2998.201737,3006.146863,681191
4/25/2022,3014.910645,3038.505262,2980.722526,3018.184906,1096774
4/26/2022,3010.143066,3032.341312,2991.026754,3014.332408,1703441
4/27/2022,3032.004395,3047.075963,2971.910214,2981.588869,963536
4/28/2022,3127.683105,3147.232978,3052.85451,3072.115422,2001838
4/29/2022,3117.571045,3156.863351,3102.258715,3128.93503,1088970
5/2/2022,3081.745605,3092.820629,3037.493712,3076.930378,595522
5/4/2022,2986.259766,3076.641446,2967.576542,3060.558633,1120002
5/5/2022,2962.857666,3011.395065,2956.549671,2990.015502,724601
5/6/2022,2904.785889,2939.599888,2892.892183,2908.397309,923941
5/9/2022,2894.192627,2926.502852,2865.060499,2889.955321,998324
5/10/2022,2972.29541,3022.758898,2923.805978,2938.25166,2460016
5/11/2022,2940.803955,2994.638342,2868.912699,2976.195879,1883969
5/12/2022,2927.609863,2964.253788,2877.579701,2929.584153,1254245
5/13/2022,2950.771484,3001.090613,2923.132125,2960.787064,1121729
5/16/2022,2889.040039,2975.714132,2874.883318,2975.714132,733044
5/17/2022,2937.288818,2943.645013,2841.947312,2888.077099,1179081
5/18/2022,2985.537598,3013.176958,2914.175828,2918.028011,1379763
5/19/2022,2934.303223,2958.186798,2889.569806,2889.618006,772390
5/20/2022,2995.023193,3009.517075,2956.549574,2966.180029,778957
5/23/2022,3056.89917,3070.189246,3014.380802,3027.767042,813294
5/24/2022,2972.7771,3065.999716,2956.549689,3057.428705,691307
5/25/2022,2733.171631,2926.695598,2721.855845,2926.695598,3381427
5/26/2022,2735.193604,2754.310151,2618.087411,2744.679696,3212196
5/27/2022,2730.089844,2762.977756,2678.229745,2762.014711,1879534
5/30/2022,2738.901123,2777.422939,2712.898897,2773.570758,2525482
5/31/2022,2753.973145,2771.645125,2707.121072,2738.901576,2408221
6/1/2022,2747.087402,2831.257488,2727.393168,2753.973084,1770795
6/2/2022,2801.065918,2811.129696,2742.753468,2764.133031,1164197
6/3/2022,2780.21582,2811.562997,2750.45781,2797.647037,1228489
6/6/2022,2713.33252,2765.866699,2703.942826,2765.000052,1193698
6/7/2022,2643.27124,2700.379892,2630.077562,2696.52771,1403598
6/8/2022,2605.230469,2672.451087,2600.22268,2669.465552,1743575
6/9/2022,2602.422119,2612.882997,2551.038087,2595.835623,1857501
6/10/2022,2623.682373,2650.076594,2568.714593,2581.306331,1592920
6/13/2022,2577.189941,2598.741187,2559.513077,2586.100971,1674206
6/14/2022,2552.635742,2582.613953,2503.818638,2534.813685,2296040
6/15/2022,2577.577393,2599.322547,2544.59691,2566.777649,928842
6/16/2022,2573.993652,2639.858136,2557.091711,2610.315978,1280628
6/17/2022,2499.169678,2573.557848,2479.604099,2566.874635,2043251
6/20/2022,2577.141357,2589.394229,2507.063632,2518.347673,1595360
6/21/2022,2594.237305,2624.893251,2557.091581,2590.943939,1042074
6/22/2022,2582.614258,2622.907682,2543.870445,2603.584252,1871760
6/23/2022,2671.57959,2681.023394,2590.944029,2590.944029,1612872
6/24/2022,2674.19458,2697.344149,2640.3907,2687.851868,2215583
6/27/2022,2732.359131,2738.848673,2678.166266,2692.598243,1295734
6/28/2022,2640.875,2697.344151,2619.372232,2692.694847,1838358
6/29/2022,2613.076416,2633.610589,2593.898182,2621.503148,1066354
6/30/2022,2610.557861,2641.31076,2595.835261,2629.5909,1291447
7/1/2022,2686.059814,2692.694786,2600.678238,2619.953189,1477191
7/4/2022,2702.671387,2710.129523,2658.600303,2687.997027,653147
7/5/2022,2679.716064,2723.980826,2673.32324,2697.538125,1073043
7/6/2022,2771.53833,2778.899749,2717.054848,2741.657309,2085735
7/7/2022,2800.596191,2839.921253,2786.454843,2810.282144,1469087
7/8/2022,2789.360596,2797.303029,2751.294756,2789.554267,1274148
7/11/2022,2840.938232,2848.202697,2761.804051,2783.742638,1081885
7/12/2022,2802.339844,2831.446179,2794.784753,2828.298245,1115524
7/13/2022,2848.83252,2875.71104,2834.158395,2856.38761,2153712
7/14/2022,2846.846924,2862.05406,2820.936998,2859.390423,882479
7/15/2022,2884.62207,2891.257043,2848.106074,2857.307729,1668006
7/18/2022,2923.075439,2930.000801,2894.550119,2900.700793,823390
7/19/2022,2924.285889,2928.063315,2884.621726,2889.755328,638171
7/20/2022,2912.033203,2949.081972,2905.785811,2937.749455,867436
7/21/2022,2969.809814,2988.067692,2887.382269,2887.382269,1184060
7/22/2022,2971.068848,2995.622831,2952.278195,2969.809863,1268141
7/25/2022,3007.439697,3019.304989,2955.813524,2973.103044,985844
7/26/2022,3010.878662,3050.881698,2957.12162,2998.77122,2876310
7/27/2022,3085.993408,3092.725099,2998.771346,3021.000563,1976407
7/28/2022,3169.631104,3176.992522,3082.070185,3097.567709,1332572
7/29/2022,3229.054443,3249.0076,3172.149472,3182.222768,1836550
8/1/2022,3220.143311,3249.636988,3210.408881,3235.156537,1076122
8/2/2022,3289.494873,3297.824887,3221.160663,3226.390983,1650536
8/3/2022,3331.628662,3339.716527,3265.37684,3297.098335,1169005
8/4/2022,3351.823975,3367.75732,3303.781554,3346.496701,981434
8/5/2022,3364.803223,3382.286416,3343.155259,3365.868772,792478
8/8/2022,3349.838623,3367.757637,3328.626479,3356.18297,724644
8/10/2022,3304.507813,3341.508339,3289.349392,3332.936177,1089295
8/11/2022,3298.260742,3368.726052,3283.538141,3341.65386,1410533
8/12/2022,3320.199463,3326.931153,3276.757869,3292.255394,548472
8/16/2022,3391.05249,3399.237074,3346.787728,3361.026033,911189
8/17/2022,3413.039307,3434.299927,3394.539278,3407.469884,817912
8/18/2022,3424.323486,3431.44252,3405.145252,3414.29843,599877
8/19/2022,3373.181885,3427.374749,3355.214393,3409.455734,581829
8/22/2022,3244.552002,3376.087287,3228.521703,3353.373775,2336567
8/23/2022,3251.187012,3277.677951,3212.685349,3228.328069,831446
8/24/2022,3272.738525,3278.695292,3198.301877,3234.721158,1182154
8/25/2022,3256.901611,3298.212105,3245.956437,3269.009052,615392
8/26/2022,3219.174561,3278.21039,3201.836565,3273.222219,1384783
8/29/2022,3238.256348,3243.196278,3135.052468,3145.029047,1031166
8/30/2022,3285.087646,3302.667555,3226.390681,3226.390681,1426459
9/1/2022,3338.312256,3365.287494,3210.893494,3210.893494,1417762
9/2/2022,3323.299072,3379.429125,3317.439023,3379.429125,740821
9/5/2022,3317.245361,3341.653917,3298.599901,3317.48751,518438
9/6/2022,3288.623047,3326.688888,3277.72635,3312.595779,540937
9/7/2022,3293.563232,3327.124966,3279.615318,3285.475367,682921
9/8/2022,3341.798828,3375.215364,3319.763286,3341.653633,1143090
9/9/2022,3333.759766,3374.295336,3325.623423,3374.295336,702805
9/12/2022,3324.412598,3345.188919,3315.501569,3333.759684,641280
9/13/2022,3314.726563,3350.370914,3307.413621,3324.218843,776044
9/14/2022,3330.950928,3340.201061,3273.852279,3273.852279,816678
9/15/2022,3288.768066,3350.128667,3282.666106,3331.967507,590182
9/16/2022,3218.206299,3312.595862,3205.61456,3305.234443,1598265
9/19/2022,3212.104004,3237.142286,3129.821885,3216.365728,1013563
9/20/2022,3286.637207,3302.909654,3229.296418,3230.846265,708184
9/21/2022,3250.654053,3317.341692,3242.856814,3298.066742,605378
9/22/2022,3328.093262,3331.967643,3211.522729,3250.654119,829396
9/23/2022,3288.623047,3329.982017,3276.467129,3327.124708,513370
9/26/2022,3330.078857,3359.088237,3248.668382,3264.165905,1429914
9/27/2022,3361.655518,3390.083887,3323.299282,3346.351899,1455383
9/28/2022,3458.514648,3470.379941,3312.595864,3342.622318,1843428
9/29/2022,3278.501465,3451.540923,3266.490741,3451.540923,2624894
9/30/2022,3237.481201,3304.750095,3182.077599,3295.161097,2159720
10/3/2022,3199.173096,3247.215514,3182.561782,3242.856835,934543
10/4/2022,3232.928955,3262.568066,3208.036103,3225.422342,994382
10/6/2022,3224.405273,3261.018223,3207.697005,3232.928959,922770
10/7/2022,3238.69165,3254.092456,3184.0145,3213.798802,774544
10/10/2022,3175.006836,3195.395814,3157.81427,3176.992504,734377
10/11/2022,3195.105225,3254.480163,3171.180968,3187.162791,1411316
10/12/2022,3146.191162,3234.623959,3105.316488,3230.26528,1812549
10/13/2022,3108.222168,3155.877007,3093.596285,3128.659622,779890
10/14/2022,3085.460205,3144.060218,3080.132931,3133.405671,845765
10/17/2022,3097.18042,3116.939669,3070.544049,3085.460322,1067773
10/18/2022,3124.543213,3147.934695,3111.128074,3116.939645,1015424
10/19/2022,3111.854736,3143.769906,3095.969867,3140.186151,943543
10/20/2022,3042.260742,3140.040622,3004.38881,3097.567626,2284352
10/21/2022,2995.28418,3065.362148,2976.154421,3041.389413,1738731
10/24/2022,3023.615479,3059.792608,3018.14301,3051.07525,178709
10/25/2022,2988.019531,3036.54625,2983.176555,3035.577655,1016316
10/27/2022,2947.871338,3024.923142,2937.749564,3024.923142,2005709
10/28/2022,2957.508545,2975.137167,2944.529464,2962.642147,715736
10/31/2022,3014.44751,3019.588521,2969.197426,2989.518734,814364
11/1/2022,3064.595947,3069.445913,3017.163382,3017.163382,939335
11/2/2022,3037.921143,3065.129495,3028.4154,3063.238056,787012
11/3/2022,3047.039307,3054.265708,3011.828511,3011.828511,563798
11/4/2022,3085.887451,3089.427831,3032.101148,3053.538089,609757
11/7/2022,3010.422119,3102.03792,3004.505067,3090.398003,1669943
11/9/2022,2993.883545,3051.598131,2987.57859,3051.598131,1391333
11/10/2022,2953.77417,2993.39848,2942.473846,2993.39848,1375007
11/11/2022,2963.716553,3005.03835,2956.538699,2997.957353,810288
11/14/2022,2961.582764,2985.590092,2949.797443,2964.298792,811702
11/15/2022,2986.899658,3002.128502,2950.71887,2976.423686,873840
11/16/2022,2990.536865,3000.188248,2959.448543,2986.899392,770953
11/17/2022,2979.431152,3003.632435,2968.179137,2999.218919,706271
11/18/2022,3002.61377,3021.383232,2964.056542,3002.128773,1258576
11/21/2022,3002.419189,3017.017631,2974.1923,3011.828074,612194
11/22/2022,3010.713135,3025.893432,2980.109806,3010.858539,764079
11/23/2022,3007.754395,3021.334297,2997.278423,3017.648276,488341
11/24/2022,3021.819336,3026.620754,2999.218451,3024.389723,571872
11/25/2022,3014.883789,3026.18435,2982.971113,3021.819381,898769
11/28/2022,3056.64209,3064.208083,3003.777468,3014.883841,914689
11/29/2022,3040.977051,3073.908271,3033.313963,3062.268353,877720
11/30/2022,3079.873047,3103.92892,3039.278984,3045.680795,2547283
12/1/2022,3083.947266,3101.067547,3066.390298,3095.247589,761717
12/2/2022,3049.124512,3079.048891,3039.958125,3077.933257,932259
12/5/2022,3062.170898,3073.616864,3019.103303,3036.078181,926122
12/6/2022,3066.826904,3073.907901,3031.228208,3031.228208,958365
12/7/2022,3129.682373,3137.636268,3081.08563,3084.577699,1832282
12/8/2022,3124.78418,3143.650498,3106.548262,3133.077668,851312
12/9/2022,3130.119141,3145.057176,3109.797833,3137.927632,847879
12/12/2022,3071.337646,3133.077611,3047.621127,3130.167631,1323816
12/13/2022,3083.122803,3089.427757,3048.348458,3089.427757,886601
12/14/2022,3051.549561,3099.127767,3031.228254,3083.607878,1103870
12/15/2022,3036.660156,3066.3418,3023.177112,3047.717982,799124
12/16/2022,2964.201904,3023.468579,2958.770085,3021.528593,1192821
12/19/2022,2988.500244,2995.338743,2949.749067,2970.118922,655594
12/20/2022,2989.663818,2995.968773,2927.438862,2982.77701,739257
12/21/2022,2977.539063,3019.054812,2958.527341,2992.42855,616324
12/22/2022,2995.87207,3000.673489,2946.887421,2981.758624,663202
12/23/2022,2966.141846,2994.223336,2944.899091,2986.560248,1230858
12/26/2022,2964.347412,2979.72166,2937.915101,2966.141757,536884
12/27/2022,3019.200195,3035.107985,2964.589544,2968.178471,729041
12/28/2022,3029.967285,3049.46424,3011.828462,3016.629881,972274
12/29/2022,3021.673828,3031.228355,2999.752127,3007.948521,596265
12/30/2022,2995.241211,3036.805505,2979.13947,3036.805505,836220
1/2/2023,2955.811279,2995.241401,2930.348962,2995.241401,1015990
1/3/2023,2937.381348,2968.130079,2934.22887,2955.568717,860367
1/4/2023,2926.323486,2958.47866,2911.482546,2943.928765,836382
1/5/2023,2914.19873,2955.180937,2905.517103,2948.342439,1113920
1/6/2023,2889.027344,2932.774127,2863.419621,2919.67922,1045526
1/9/2023,2894.604736,2927.099504,2862.449561,2903.480315,808263
1/10/2023,2871.518799,2895.429031,2863.613214,2894.604442,864325
1/11/2023,2852.167725,2885.632488,2846.929856,2885.632488,890426
1/12/2023,2828.451172,2851.634148,2809.099858,2850.809559,1558620
1/13/2023,2821.855225,2837.229709,2785.577579,2837.229709,1507864
1/16/2023,2828.548096,2841.691548,2809.099689,2837.229486,644073
1/17/2023,2852.652344,2856.484006,2823.795052,2837.22955,716489
1/18/2023,2856.87207,2871.179468,2841.449275,2859.491004,893808
1/19/2023,2780.145752,2884.371705,2758.272596,2866.232643,2379947
1/20/2023,2704.146973,2762.540513,2697.550972,2762.540513,3171005
1/23/2023,2700.897217,2715.980657,2684.795474,2715.980657,1402260
1/24/2023,2726.262695,2742.267581,2700.897234,2711.130708,1061471
1/25/2023,2691.730713,2726.650463,2684.067863,2726.553369,857953
1/27/2023,2640.95166,2689.645504,2605.256103,2683.583047,1801498
1/30/2023,2683.194824,2692.700804,2615.343855,2642.261163,1171912
1/31/2023,2644.055908,2696.532395,2636.489914,2677.181079,1961805
2/1/2023,2661.418213,2694.640472,2623.637034,2667.286718,1176872
2/2/2023,2624.46167,2658.75102,2613.161345,2658.75102,1308570
2/3/2023,2677.568848,2680.963823,2618.981359,2624.461726,1278409
2/6/2023,2671.554932,2682.030904,2636.441229,2677.568841,1120284
2/7/2023,2675.289307,2691.245645,2665.686234,2679.120732,732250
2/8/2023,2682.613037,2700.460816,2661.952137,2684.940926,811956
2/9/2023,2730.142334,2735.719794,2683.145985,2698.471921,946372
2/10/2023,2720.442627,2746.001802,2709.190613,2745.080356,700072
2/13/2023,2707.007813,2744.110043,2696.580388,2730.045145,467228
2/14/2023,2693.670898,2720.588208,2682.030981,2720.588208,524746
2/15/2023,2702.545654,2714.33121,2671.360477,2693.670314,817717
2/16/2023,2721.751953,2749.299898,2706.377705,2713.070563,788964
2/17/2023,2748.572266,2760.45468,2701.915507,2718.841838,840526
2/20/2023,2740.763672,2766.419938,2727.717314,2759.629988,646218
2/21/2023,2732.567627,2753.519336,2720.830616,2751.870395,631934
2/22/2023,2712.051758,2729.511631,2696.580418,2725.631659,580270
2/23/2023,2624.75293,2721.364343,2619.078612,2720.830799,1790570
2/24/2023,2656.326172,2679.12101,2628.681368,2630.718448,1429040
2/27/2023,2667.384033,2675.871473,2643.279846,2658.169098,561317
2/28/2023,2743.916504,2753.810386,2645.607609,2667.481001,1815923
3/1/2023,2755.653076,2767.681132,2731.548892,2743.140261,816598
3/2/2023,2748.863037,2763.510026,2726.650292,2746.050152,604523
3/3/2023,2743.964844,2766.420087,2726.310781,2751.918739,679295
3/6/2023,2778.59375,2797.460068,2745.32294,2757.690352,1050267
3/8/2023,2773.743652,2783.880032,2742.170331,2783.880032,580250
3/9/2023,2767.923828,2786.256603,2751.724991,2776.120222,774224
3/10/2023,2745.274414,2758.660366,2722.770622,2758.660366,489978
3/13/2023,2700.654785,2763.946836,2689.014868,2738.775562,813217
3/14/2023,2663.213379,2703.322455,2657.829869,2699.442482,1060450
3/15/2023,2742.55835,2780.33977,2682.224827,2689.014779,2170346
3/16/2023,2806.432373,2812.979826,2743.819275,2764.480174,1755487
3/17/2023,2776.750732,2836.211359,2769.378927,2836.211359,1848073
3/20/2023,2769.475586,2827.529765,2746.098895,2827.529765,1074367
3/21/2023,2753.907227,2800.369797,2749.930161,2772.385404,691891
3/22/2023,2754.63501,2767.535729,2730.385182,2740.230517,731807
3/23/2023,2713.84668,2738.290458,2684.69834,2732.567593,1016581
3/24/2023,2714.525635,2731.160921,2689.645407,2713.846687,784111
3/27/2023,2719.61792,2735.380306,2702.88554,2714.525457,791560
3/28/2023,2700.897217,2726.262678,2682.030899,2707.250719,558581
3/29/2023,2687.365723,2709.918061,2672.330831,2700.897078,1087648
3/31/2023,2678.78125,2691.730752,2665.055943,2673.349431,1967803
4/3/2023,2693.670898,2698.181272,2627.371774,2664.522558,1035295
4/5/2023,2724.225586,2727.184112,2669.663475,2677.180921,668643
4/6/2023,2725.534912,2740.230211,2703.176526,2723.206787,627554
4/10/2023,2693.040283,2725.680454,2672.427931,2725.680454,1215461
4/11/2023,2671.166992,2706.280694,2667.529518,2706.280694,1246379
4/12/2023,2703.12793,2721.994246,2668.450681,2672.864196,2235399
4/13/2023,2725.438232,2728.881755,2698.520923,2703.079843,602597
4/17/2023,2757.786865,2760.211847,2721.800034,2740.229899,754555
4/18/2023,2768.942383,2772.676714,2745.177552,2762.540334,717724
4/19/2023,2725.389404,2767.099105,2716.61092,2751.239861,799624
4/20/2023,2758.514648,2765.450004,2728.735674,2735.380221,761101
4/21/2023,2795.617188,2800.370059,2761.667429,2761.667429,894930
4/24/2023,2804.346924,2811.039781,2766.420102,2795.616987,782967
4/25/2023,2811.039795,2814.677269,2778.205436,2804.298391,636120
4/26/2023,2822.679688,2828.936095,2801.388388,2810.021231,569221
4/27/2023,2812.931152,2832.379559,2807.014337,2828.014591,599461
4/28/2023,2815.259277,2832.331012,2761.182168,2832.331012,1080665
5/2/2023,2812.543457,2845.668626,2806.189955,2823.601283,663800
5/3/2023,2841.788574,2873.507299,2810.069849,2830.439703,1237193
5/4/2023,2893.343994,2896.544782,2834.465224,2859.53964,1008540
5/5/2023,2922.540527,2934.228991,2862.498052,2881.849366,1326561
5/8/2023,2928.845215,2944.607601,2903.188948,2924.528794,941879
5/9/2023,2943.734863,2982.534584,2920.406484,2925.547494,1025850
5/10/2023,2950.136719,2965.268705,2928.311875,2951.640255,751851
5/11/2023,3045.535889,3061.443681,2940.534134,2960.46754,3229605
5/12/2023,3037.145264,3084.33533,2993.398483,3044.808114,1998170
5/15/2023,3038.018066,3072.937814,3027.39669,3040.152004,810281
5/16/2023,3043.935303,3070.706969,3028.657912,3038.01825,822404
5/17/2023,2999.655029,3053.489645,2983.262241,3041.898275,835371
5/18/2023,3015.756836,3031.228177,3000.430899,3012.458718,498067
5/19/2023,2991.89502,3034.089717,2975.987228,3030.258292,633262
5/22/2023,2992.331543,3012.410589,2954.598907,2977.878741,659425
5/23/2023,3026.960205,3034.089511,2992.42836,2994.368346,581204
5/24/2023,3008.43335,3039.133534,3005.038374,3021.528255,439465
5/25/2023,3029.821777,3035.108192,2993.398492,3008.433384,500313
5/26/2023,3034.526367,3042.819856,3018.376077,3029.288499,568249
5/29/2023,3043.256104,3060.328076,3022.546894,3052.762083,535712
5/30/2023,3050.046143,3060.328164,3033.701901,3052.471125,506026
5/31/2023,3097.139404,3122.747364,3042.334794,3057.369687,2349066
6/1/2023,3143.456299,3152.380187,3110.767582,3138.266978,1104861
6/2/2023,3140.110107,3152.428972,3122.407734,3142.195498,781973
6/5/2023,3103.735352,3142.729026,3099.127884,3142.729026,492565
6/6/2023,3116.345215,3141.710439,3099.127838,3111.49525,577698
6/7/2023,3128.033691,3132.350113,3110.040273,3120.467698,470038
6/8/2023,3115.860352,3149.567612,3097.187984,3123.377798,561161
6/9/2023,3105.65625,3162.632114,3093.938819,3134.217487,1239045
6/12/2023,3119.521484,3126.942618,3076.948062,3110.196316,1029156
6/13/2023,3186.018066,3194.952511,3129.676568,3134.412458,1598821
6/14/2023,3193.195068,3212.431136,3176.400132,3188.117563,741615
6/15/2023,3216.776611,3226.199283,3196.271107,3198.858611,806994
6/16/2023,3238.746338,3243.774973,3209.159782,3214.237287,984671
6/19/2023,3231.764893,3266.184844,3225.466821,3240.699576,516915
6/20/2023,3240.553223,3248.511454,3199.932937,3236.940396,866290
6/21/2023,3238.014404,3254.516357,3222.293423,3240.553038,742456
6/22/2023,3171.566895,3248.511407,3166.098665,3246.704874,871640
6/23/2023,3220.047363,3226.345434,3176.448854,3188.117414,1260659
6/26/2023,3230.251221,3237.281869,3194.366592,3217.410966,592801
6/27/2023,3247.681396,3265.74577,3196.271262,3197.882313,914141
6/28/2023,3269.407227,3276.242394,3245.240026,3252.56342,713110
6/30/2023,3282.882568,3368.371043,3265.013438,3274.045624,1436363
7/3/2023,3279.611084,3300.3607,3258.617354,3285.762783,474224
7/4/2023,3268.870117,3307.24475,3252.563407,3279.611095,473663
7/5/2023,3294.941406,3319.938687,3262.083873,3272.434366,632406
7/6/2023,3319.352539,3329.703031,3288.496783,3329.703031,693995
7/7/2023,3264.964355,3333.609018,3258.568544,3305.291894,620761
7/10/2023,3264.42749,3292.647114,3216.386069,3266.234023,548838
7/11/2023,3312.664307,3319.889961,3266.233938,3271.067331,772158
7/12/2023,3326.529785,3333.999552,3283.077646,3327.750351,1025127
7/13/2023,3318.522949,3344.350072,3304.65737,3344.350072,750126
7/14/2023,3348.988281,3358.020468,3307.244933,3318.523008,832843
7/17/2023,3378.91626,3391.219657,3344.349935,3348.988085,817694
7/18/2023,3430.717285,3440.042455,3374.229646,3378.525942,962485
7/19/2023,3431.888916,3446.877558,3400.496061,3437.113033,620289
7/20/2023,3442.97168,3451.759753,3412.65278,3427.397309,589848
7/21/2023,3434.866943,3454.640107,3422.466044,3452.687202,857975
7/24/2023,3460.254883,3483.982728,3416.119275,3423.442669,680246
7/25/2023,3320.329102,3464.35585,3271.115989,3464.35585,2555630
7/26/2023,3293.574463,3332.632565,3285.762842,3319.792309,959076
7/27/2023,3290.059326,3333.609208,3272.092694,3310.174345,874078
7/28/2023,3310.857666,3318.96227,3285.274656,3295.527408,553750
7/31/2023,3297.822021,3308.221145,3244.898104,3244.946974,933890
8/1/2023,3264.231934,3305.29181,3259.398541,3292.597927,698667
8/2/2023,3283.712402,3292.549346,3252.221806,3262.523428,857218
8/3/2023,3257.787354,3300.360539,3239.820485,3290.644884,711067
8/4/2023,3261.009521,3293.867291,3244.751683,3259.544843,519248
8/7/2023,3264.280762,3271.115929,3237.916544,3237.965414,360358
8/8/2023,3269.212158,3280.831849,3254.174645,3264.281025,500258
8/9/2023,3252.563477,3277.902373,3225.222805,3254.077026,643222
8/10/2023,3161.656006,3241.822865,3153.942125,3232.058339,1253219
8/11/2023,3110.343506,3172.445751,3105.119389,3161.655901,919023
8/14/2023,3127.187012,3134.314925,3078.022531,3110.343205,815534
8/16/2023,3118.838623,3133.29017,3102.092317,3119.668465,597686
8/17/2023,3108.29248,3148.082921,3087.542864,3147.98518,873392
8/18/2023,3089.056641,3110.489727,3080.707923,3100.139234,592652
8/21/2023,3107.365234,3112.44274,3077.925045,3085.492553,353330
8/22/2023,3104.826172,3123.281268,3096.331082,3123.281268,377068
8/23/2023,3094.182861,3120.742323,3090.716407,3110.977797,370811
8/24/2023,3149.645752,3156.773666,3096.233601,3110.001679,1167742
8/25/2023,3182.551758,3188.11749,3140.466559,3148.961648,1363431
8/28/2023,3182.942139,3194.952552,3154.96687,3188.068514,707315
8/29/2023,3208.330322,3211.552664,3178.402145,3184.21199,533163
8/30/2023,3217.118164,3225.076395,3199.249035,3223.562846,599080
8/31/2023,3179.427246,3224.246323,3144.177214,3222.342288,1601967
9/1/2023,3182.795898,3187.336307,3141.345536,3164.780397,650131
9/4/2023,3159.361328,3189.338376,3140.369372,3182.796191,696213
9/5/2023,3147.399658,3172.348069,3144.177317,3168.588632,597022
9/6/2023,3149.352295,3153.941574,3119.765737,3133.436071,754106
9/7/2023,3169.906738,3177.132392,3125.868634,3149.352365,923108
9/8/2023,3161.80249,3186.213806,3155.894904,3174.008148,395918
9/11/2023,3182.649414,3188.117644,3165.659235,3165.659235,359345
9/12/2023,3180.159424,3202.568961,3166.635461,3183.235154,554905
9/13/2023,3200.567139,3207.304565,3149.352253,3168.58832,880907
9/14/2023,3163.950439,3216.630008,3147.350746,3204.717334,1102554
9/15/2023,3121.376953,3163.706267,3110.001376,3158.824004,1568607
9/18/2023,3130.799805,3153.843941,3114.883581,3124.648106,673602
9/20/2023,3138.6604,3151.988883,3119.765948,3130.79991,901084
9/21/2023,3167.807373,3184.407067,3105.656262,3134.412743,845739
9/22/2023,3197.73584,3206.2798,3145.300145,3158.775239,896521
9/25/2023,3244.996094,3256.274169,3194.122818,3195.245882,1422084
9/26/2023,3215.262695,3246.606676,3183.576861,3244.751512,834560
9/27/2023,3224.05127,3231.081681,3194.659951,3210.576176,516326
9/28/2023,3095.696289,3211.552283,3080.707648,3204.521873,2104381
9/29/2023,3086.615234,3119.765749,3060.202146,3119.765749,1550585
10/3/2023,3092.278809,3151.793543,3087.542918,3091.546469,1219145
10/4/2023,3095.256836,3113.907175,3077.143832,3090.423444,892584
10/5/2023,3130.751465,3155.992862,3099.553849,3134.413162,1002610
10/6/2023,3120.498291,3141.247908,3114.883689,3139.05089,814257
10/9/2023,3078.559814,3088.519583,3058.933022,3066.110044,700012
10/10/2023,3077.290283,3090.374652,3066.109949,3075.825604,847367
10/11/2023,3089.398193,3110.001438,3077.827373,3094.378197,1025317
10/12/2023,3084.711182,3113.41879,3075.874239,3110.977658,992531
10/13/2023,3074.653809,3097.30746,3054.587661,3075.825504,854688
10/16/2023,3038.769043,3054.343413,3023.194673,3050.437603,853011
10/17/2023,3040.233887,3063.131651,3018.996044,3063.131651,792640
10/18/2023,3023.536377,3041.844862,3017.238306,3036.767356,481985
10/19/2023,3028.760742,3037.646318,3003.665958,3014.992665,568124
10/20/2023,3032.715576,3041.747763,2992.388034,3019.679838,711434
10/23/2023,2999.662354,3035.693359,2991.850733,3023.146086,374476
10/25/2023,2988.726074,3034.814588,2980.133244,3020.558285,669290
10/26/2023,2890.592529,2983.062538,2870.770495,2979.254468,1834111
10/27/2023,2885.563721,2904.604546,2861.982486,2863.740149,1708185
10/30/2023,2897.232422,2921.497124,2869.891751,2903.969849,878885
10/31/2023,2925.15918,2941.807745,2896.158583,2899.087941,1152306
11/1/2023,2865.448975,2938.048081,2861.006068,2927.355973,1029990
11/2/2023,2885.807861,2892.252544,2864.911871,2891.324961,900125
11/3/2023,2912.80542,2917.744923,2877.73839,2892.410747,715997
11/6/2023,2963.131348,2967.777594,2918.674155,2932.514983,620959
11/7/2023,2967.092773,2972.57031,2936.623038,2963.13119,757998
11/8/2023,3027.640625,3031.259758,2979.661974,2991.204275,783400
11/9/2023,3012.919434,3043.437887,3006.903863,3032.286992,849702
11/10/2023,3009.251221,3017.614511,2973.695355,3002.942155,364232
11/13/2023,3018.201416,3030.330468,2998.051286,3030.330468,405941
11/15/2023,3048.133057,3050.725316,3011.452166,3018.299266,700017
11/16/2023,3061.925293,3072.293615,3029.939603,3050.87207,675454
11/17/2023,3099.681885,3157.735603,3076.939733,3081.194811,1430175
11/20/2023,3071.755615,3102.616279,3063.587908,3099.681808,406431
11/21/2023,3064.810547,3087.943865,3058.697065,3087.943865,409069
11/22/2023,3064.566162,3088.041932,3053.023861,3071.413262,489889
11/23/2023,3054.73584,3102.127506,3047.106166,3079.238724,792460
11/24/2023,3067.647217,3071.217633,3043.046662,3049.893761,756329
11/28/2023,3079.581055,3090.97649,3067.647347,3072.538132,647883
11/29/2023,3079.581055,3100.758061,3073.369661,3079.581055,620725
11/30/2023,3051.752197,3085.058494,3040.454674,3079.580957,1793116
12/1/2023,3104.08374,3120.908234,3071.657927,3078.211532,960196
12/4/2023,3124.771973,3134.455633,3097.334617,3120.32131,1018189
12/5/2023,3155.779297,3176.711763,3110.539532,3127.168202,1005550
12/6/2023,3181.504883,3217.158661,3162.332908,3193.682891,1229158
12/7/2023,3180.77124,3227.869408,3175.92941,3212.26785,1071725
12/8/2023,3161.403809,3198.378195,3157.295596,3183.901422,895852
12/11/2023,3162.38208,3174.119966,3115.919615,3159.447609,910426
12/12/2023,3154.312012,3185.906533,3139.884195,3157.491022,1019030
12/13/2023,3172.799316,3183.85254,3120.614776,3169.229138,1052079
12/14/2023,3170.549561,3187.42277,3147.709497,3183.901309,923107
12/15/2023,3241.514893,3253.69314,3171.185489,3179.010746,1631687
12/18/2023,3259.268311,3262.9364,3224.0057,3240.634371,911936
12/19/2023,3263.180908,3280.640868,3228.064926,3263.082997,780448
12/20/2023,3225.130615,3286.558929,3210.947337,3263.18107,979762
12/21/2023,3230.803955,3247.481581,3200.383412,3208.355297,1585879
12/22/2023,3268.316406,3277.608899,3215.202427,3237.60213,930563
12/26/2023,3309.447998,3317.81105,3272.131161,3276.777407,600190
12/27/2023,3330.08667,3335.466534,3280.738695,3307.197891,837182
12/28/2023,3323.044189,3345.248308,3299.372836,3330.624907,779250
12/29/2023,3328.081543,3348.182719,3309.985637,3335.515632,615676
1/1/2024,3321.919434,3337.276452,3315.121051,3328.668622,283951
1/2/2024,3317.273193,3324.658088,3271.935516,3321.821528,552394
1/3/2024,3299.910645,3324.755738,3291.498399,3317.272932,379131
1/4/2024,3306.12207,3326.956864,3290.324929,3298.345769,777127
1/5/2024,3282.255127,3306.562188,3274.869993,3306.122065,416956
1/8/2024,3226.353271,3302.747436,3222.881005,3281.717059,545884
1/9/2024,3196.128174,3242.590634,3190.992849,3237.699849,670704
1/10/2024,3215.055908,3221.071479,3187.031563,3220.093322,691087
1/11/2024,3216.375977,3236.917275,3199.258228,3215.055608,537469
1/12/2024,3206.203613,3222.978913,3173.141853,3222.978913,673004
1/15/2024,3202.388672,3215.39821,3187.423058,3210.507424,728116
1/16/2024,3224.885986,3247.48151,3202.388373,3203.415486,748215
1/17/2024,3171.47876,3232.173455,3123.304523,3222.147344,2239241
1/18/2024,3094.742188,3186.78662,2982.009591,3186.78662,1979174
1/19/2024,3096.698975,3131.619138,3079.825763,3108.387905,936201
1/23/2024,2987.976563,3041.090543,2955.550749,3020.10912,2365225
1/24/2024,2933.933105,2988.269777,2911.093282,2988.269777,2665932
1/25/2024,2884.781006,2950.121951,2878.031817,2944.301964,2001961
1/29/2024,2911.044434,2923.173486,2875.830779,2875.830779,1862723
1/30/2024,2889.574219,2939.362324,2886.590792,2924.689966,1273188
1/31/2024,2893.242188,2906.985104,2883.6562,2901.214073,1771244
2/1/2024,2865.364502,2907.914334,2856.169682,2896.323078,3006472
2/2/2024,2872.162598,2897.643637,2860.180174,2885.563301,1881911
2/5/2024,2853.626953,2900.236047,2848.393717,2885.56369,923435
2/6/2024,2866.929443,2882.628912,2839.24755,2866.978399,1471312
2/7/2024,2916.033203,2937.357078,2871.918457,2892.410803,1134012
2/8/2024,2865.609131,2934.226756,2856.023144,2934.226756,1633654
2/9/2024,2887.177246,2894.366796,2846.975133,2866.000241,1144765
2/12/2024,2889.280518,2900.186874,2856.267715,2887.177337,614469
2/13/2024,2906.69165,2916.130771,2881.357239,2900.186763,717118
2/14/2024,2911.386963,2915.690998,2871.918464,2905.028941,750339
2/15/2024,2950.659668,2958.435969,2902.632062,2914.90798,1068730
2/16/2024,2942.19873,2968.706884,2934.471385,2968.706884,1179473
2/19/2024,2932.613037,2952.762931,2922.244476,2942.198786,560700
2/20/2024,2945.866699,2951.197846,2907.180777,2932.612862,729371
2/21/2024,2936.231689,2960.636659,2918.331369,2946.257799,927130
2/22/2024,2951.490967,2961.076954,2868.054362,2917.84246,2615821
2/23/2024,2920.728271,2939.362213,2901.409668,2933.49327,1650523
2/26/2024,2805.794678,2866.000295,2785.595829,2856.218724,3524491
2/27/2024,2797.089355,2807.31105,2787.845818,2792.638693,1296180
2/28/2024,2733.313232,2796.942157,2724.656447,2787.894204,2472196
2/29/2024,2760.261475,2776.0099,2716.097776,2724.167572,2284424
3/1/2024,2769.89624,2783.786023,2753.561065,2771.021025,978174
3/4/2024,2769.89624,2798.458378,2766.228151,2797.529177,971299
3/5/2024,2758.794189,2772.928751,2743.730666,2772.097222,736381
3/6/2024,2765.543701,2776.988092,2717.075968,2766.179408,1723066
3/7/2024,2807.848877,2830.786613,2763.293774,2763.293774,1564364
3/11/2024,2814.01123,2833.280877,2790.78,2832.30272,866546
3/12/2024,2813.326416,2836.557647,2802.860183,2817.092416,663186
3/13/2024,2797.675781,2824.183933,2773.075227,2815.72297,955841
3/14/2024,2829.074951,2834.74831,2778.944398,2797.529384,1381741
3/15/2024,2804.914307,2833.672028,2787.747603,2831.76467,1356226
3/18/2024,2784.324219,2803.398282,2755.713123,2803.398282,940424
3/19/2024,2753.610107,2777.966123,2739.817997,2777.966123,1199135
3/20/2024,2763.195801,2775.080552,2736.443348,2753.610053,818910
3/21/2024,2759.527832,2783.248142,2744.708847,2782.856975,1167680
3/22/2024,2779.43335,2792.785098,2746.665087,2759.527757,1652689
3/26/2024,2753.169678,2782.025311,2748.621343,2758.402914,1372390
3/27/2024,2768.673828,2780.754165,2756.153369,2756.397908,1156231
3/28/2024,2784.568604,2805.354441,2757.424745,2773.124214,1864623
4/1/2024,2808.289063,2823.401542,2790.046528,2798.458536,558086
4/2/2024,2811.418945,2829.221356,2793.616535,2811.272317,562473
4/3/2024,2806.675293,2821.543234,2782.857071,2782.857071,816676
4/4/2024,2854.555908,2878.96088,2788.970427,2807.310873,1831347
4/5/2024,2820.467041,2863.799448,2817.092447,2860.131359,1155672
4/8/2024,2828.830566,2845.410283,2811.028153,2844.481081,570695
4/9/2024,2794.741699,2852.746468,2782.857185,2829.80873,1017670
4/10/2024,2833.476563,2835.775327,2795.572975,2820.320397,740495
4/12/2024,2792.14917,2829.808215,2782.856678,2826.873744,1766311
4/15/2024,2782.269775,2791.1711,2750.920033,2768.379993,884519
4/16/2024,2768.184326,2779.384176,2758.402756,2765.885562,911249
4/18/2024,2746.371582,2796.746672,2738.937732,2792.63846,1732434
4/19/2024,2747.203369,2760.457447,2705.729362,2729.058506,1337807
4/22/2024,2779.775879,2784.422125,2752.583063,2784.422125,676040
4/23/2024,2812.104004,2815.087431,2781.879042,2789.7043,929062
4/24/2024,2805.110107,2820.124915,2797.52939,2819.978048,718441
4/25/2024,2798.947754,2807.213134,2767.255557,2802.42026,1594152
4/26/2024,2782.025635,2815.331934,2775.080862,2807.311093,625507
4/29/2024,2805.550049,2811.174452,2776.98791,2782.025324,566219
4/30/2024,2813.082031,2848.3936,2792.638642,2792.638642,1290649
5/2/2024,2910.408691,2922.733567,2812.29972,2812.29972,2493406
5/3/2024,2865.755615,2931.536677,2845.703396,2917.891434,1594445
5/6/2024,2868.103027,2894.366639,2847.610685,2885.563226,768806
5/7/2024,2849.371826,2903.121515,2840.568412,2882.62917,629534
5/8/2024,2781.194092,2841.546336,2759.381141,2836.655551,1652877
5/9/2024,2650.903564,2791.611315,2644.741127,2766.228187,3547959
5/10/2024,2710.717773,2731.601522,2611.777282,2640.045925,2478584
5/13/2024,2816.358643,2831.764616,2693.942385,2710.717683,2748823
5/14/2024,2803.544922,2824.91775,2779.922523,2816.114336,999330
5/15/2024,2752.240723,2811.468186,2744.855588,2803.545017,1230520
5/16/2024,2752.583008,2775.618655,2725.683688,2759.430107,1534319
5/17/2024,2748.523438,2776.20533,2725.24349,2753.120967,1325150
5/21/2024,2789.508301,2804.327284,2739.817875,2753.512074,921822
5/22/2024,2822.716797,2831.76475,2774.640472,2789.508412,933846
5/23/2024,2840.323486,2857.441234,2814.451281,2821.983042,1181894
5/24/2024,2811.957275,2846.632899,2804.376557,2846.632899,755822
5/27/2024,2809.560791,2834.992877,2793.176659,2824.819899,817091
5/28/2024,2847.61084,2857.196827,2801.441873,2813.03313,1084544
5/29/2024,2836.802246,2857.88158,2818.168544,2832.74299,1758297
5/30/2024,2820.71167,2847.268779,2812.201751,2812.44629,1344426
5/31/2024,2818.266113,2842.524456,2793.225435,2820.711506,2520363
6/3/2024,2803.838379,2885.563453,2797.578269,2885.563453,952701
6/4/2024,2795.230469,2833.721045,2715.1195,2817.092375,2683847
6/5/2024,2897.056641,2961.174883,2801.930868,2801.930868,2410576
6/6/2024,2841.35083,2897.05683,2819.293339,2895.345055,1689408
6/7/2024,2863.750488,2878.814251,2825.749228,2841.350786,1600180
6/10/2024,2873.385498,2887.421909,2851.328007,2864.04405,876867
6/11/2024,2866.521484,2884.200051,2859.163754,2878.91618,855430
6/12/2024,2869.830078,2881.87901,2830.176937,2872.990418,1701770
6/13/2024,2873.978027,2892.742832,2869.039921,2892.742832,726380
6/14/2024,2885.434326,2895.063633,2869.138576,2873.977823,982815
6/18/2024,2882.372803,2891.755205,2869.039915,2885.434525,741098
6/19/2024,2855.904541,2883.854273,2846.96652,2881.87903,1018294
6/20/2024,2879.409912,2888.298504,2836.843337,2849.287462,1129752
6/21/2024,2855.065186,2891.755221,2844.448256,2888.792357,1722379
6/24/2024,2860.200684,2864.05231,2835.855674,2847.312178,892125
6/25/2024,2823.065918,2859.114094,2820.646294,2840.398719,1217792
6/26/2024,2827.905762,2838.275786,2808.844621,2824.79461,960622
6/27/2024,2845.188721,2867.064435,2809.782403,2825.337438,1628022
6/28/2024,2880.940918,2895.705809,2826.76979,2829.535178,1206712
7/1/2024,2891.557617,2902.618927,2852.250242,2853.534198,1104110
7/2/2024,2889.385254,2899.65642,2875.953506,2891.557973,1064295
7/3/2024,2889.335693,2912.445937,2879.903861,2893.434226,925189
7/4/2024,2898.56958,2931.704322,2886.816983,2903.606545,968666
7/5/2024,2899.557129,2910.420963,2877.039557,2900.791655,817429
7/8/2024,2862.274658,2899.557363,2854.916928,2899.557363,828260
7/9/2024,2869.040039,2877.138486,2854.225719,2872.941095,685431
7/10/2024,2959.35791,2977.184524,2858.521916,2864.15131,2299950
7/11/2024,2984.641113,2992.492655,2936.198238,2961.876393,1968980
7/12/2024,2962.024414,3014.220298,2934.124112,2987.554522,1879930
7/15/2024,2919.902344,2961.876249,2896.248862,2961.876249,2425341
7/16/2024,2937.630127,2978.616411,2905.088053,2922.371426,2085611
7/18/2024,2895.26123,2921.284907,2806.819696,2839.411198,5384611
7/19/2024,2909.581787,2943.111482,2881.138245,2888.79231,2164746
7/22/2024,2897.977295,2936.543956,2881.039445,2900.643824,1616347
7/23/2024,2861.237549,2910.816086,2850.274857,2897.97701,1906312
7/24/2024,2876.743164,2890.767337,2850.472343,2865.089185,1476148
7/25/2024,2865.484375,2872.694059,2849.534387,2856.25026,1239922
7/26/2024,2913.630859,2927.753892,2864.793035,2866.274467,1359780
7/29/2024,2918.124512,2928.395918,2899.656042,2916.495033,854408
7/30/2024,2967.851563,2995.258055,2933.235386,2936.692061,2144591
7/31/2024,3046.268555,3059.650872,2967.851518,2967.851518,3549501
8/1/2024,3060.984375,3090.217823,3024.886766,3049.774776,1675122
8/2/2024,3068.24292,3090.316352,3022.121055,3031.997268,1348780
8/5/2024,3055.107422,3106.068774,3017.479198,3031.947752,2019141
8/6/2024,3063.354248,3096.192655,3047.848642,3063.304819,885743
8/7/2024,3063.057861,3079.896852,3022.170438,3063.354196,1907105
8/8/2024,2968.197021,3051.453547,2953.382702,3041.873668,1280109
8/9/2024,3002.961426,3014.960928,2929.28478,3001.381135,1665414
8/12/2024,3015.405273,3045.824057,2966.51802,2982.616295,1736881
8/13/2024,2986.122314,3021.923585,2975.702862,3017.084096,502260
8/14/2024,2988.394043,2997.233205,2956.987637,2997.233205,454671
8/16/2024,3010.417725,3016.195406,2965.82672,3016.195406,514229
8/19/2024,3038.219482,3049.626557,3000.739302,3016.14605,542858
8/20/2024,3064.786133,3067.897284,3039.898126,3057.675308,668282
8/21/2024,3112.537842,3131.352075,3045.873406,3062.613539,1186536
8/22/2024,3147.154297,3159.054941,3116.982416,3127.796822,1540888
8/23/2024,3115.599365,3159.005513,3109.772496,3150.511874,779284
8/26/2024,3132.093018,3138.117363,3102.612424,3115.945312,472874
8/27/2024,3127.006592,3163.992962,3111.007175,3114.95766,1003501
8/28/2024,3086.810059,3126.314907,3080.193045,3113.920212,538366
8/29/2024,3077.279785,3105.031798,3054.416208,3086.810234,849866
8/30/2024,3088.094238,3127.54966,3072.193439,3091.304007,1567031
9/2/2024,3111.945313,3144.586245,3100.735955,3109.031878,702358
9/3/2024,3115.796875,3135.252965,3108.537763,3125.771705,577471
9/4/2024,3191.64624,3211.74443,3116.438976,3116.438976,2379110
9/5/2024,3198.164795,3216.682695,3177.177842,3199.893132,1482119
9/6/2024,3233.175781,3245.224713,3185.424436,3197.917749,2131256
9/9/2024,3240.138428,3272.976834,3217.670044,3233.17565,1272289
9/10/2024,3254.261719,3269.026609,3230.410519,3249.274183,928920
9/11/2024,3325.765381,3341.073511,3273.964691,3273.964691,2561892
9/12/2024,3341.369629,3350.998936,3298.951344,3328.283647,1643536
9/13/2024,3316.481689,3327.987381,3279.791414,3314.012636,1029400
9/16/2024,3294.507324,3352.875601,3289.371741,3318.407712,1019280
9/17/2024,3271.791992,3308.432599,3260.928158,3294.507283,586834
9/18/2024,3234.114014,3283.692796,3211.300106,3271.791911,410510
9/19/2024,3253.07666,3278.902862,3234.459901,3253.224707,963456
9/20/2024,3266.01416,3283.643297,3225.620546,3263.100726,1504277
9/23/2024,3236.879395,3283.741977,3232.682004,3275.890436,522775
9/24/2024,3208.188965,3256.928173,3200.979522,3236.879412,1057933
9/25/2024,3204.584229,3211.744483,3167.054619,3211.744483,740636
9/26/2024,3236.484619,3245.175735,3187.152981,3209.769413,951080
9/27/2024,3269.767334,3296.630586,3236.484543,3250.212383,1315996
9/30/2024,3287.890137,3316.432296,3264.236414,3269.76719,1088162
10/1/2024,3236.780762,3287.741876,3203.892924,3275.93985,968660
10/3/2024,3110.315674,3185.967317,3087.797861,3152.783388,1741363
10/4/2024,3034.466309,3117.673399,3016.738555,3096.192637,1551818
10/7/2024,3024.343506,3060.194209,3000.393688,3036.935678,909812
10/8/2024,3049.823975,3060.63838,3007.948687,3020.145907,817718
10/9/2024,3040.737793,3107.74775,3033.725586,3057.23102,1225598
10/10/2024,3021.232422,3056.68793,3005.331622,3051.799253,1161933
10/11/2024,2999.603516,3026.071816,2988.542205,3021.331185,976017
10/14/2024,3001.529297,3017.183192,2979.851057,2999.406007,716011
10/15/2024,3029.133301,3058.465604,3009.923874,3036.935412,1242322
10/16/2024,3043.947754,3065.132183,3028.145813,3049.774623,764001
10/17/2024,3018.022461,3046.811524,2999.405704,3044.737423,674481
10/18/2024,2955.11084,3031.00963,2943.704007,3019.158175,899318
10/21/2024,3011.45459,3019.158084,2963.406914,2969.826452,806970
10/22/2024,2969.62915,3020.096453,2958.172647,3016.195397,541838
10/23/2024,2952.691162,2989.035672,2935.259744,2962.81428,624689
10/24/2024,2935.210449,2965.135422,2914.470402,2952.691298,571259
10/25/2024,2921.383789,2978.221443,2915.458061,2938.667162,1047769
10/28/2024,2964.691162,2984.295301,2926.371407,2950.913652,504961
10/29/2024,2955.802734,2990.517529,2904.693328,2982.616558,613459
10/30/2024,2959.555176,2968.789531,2926.865056,2968.789531,812725
10/31/2024,2899.310303,2959.407154,2882.866505,2957.135577,1031171
11/1/2024,2903.45874,2929.038037,2893.730573,2921.383971,112249
11/4/2024,2879.212402,2925.482315,2849.78124,2925.482315,1146008
11/5/2024,2851.559082,2882.669154,2837.139714,2859.163718,935417
11/6/2024,2861.435059,2871.854511,2824.596738,2854.719186,1817087
11/7/2024,2807.65918,2868.990315,2790.030044,2864.101638,1112489
11/8/2024,2735.167725,2811.757804,2728.204946,2807.659272,2060410
11/11/2024,2511.619629,2566.580654,2474.978785,2533.297867,8854840
11/12/2024,2444.2146,2503.619923,2439.42454,2503.619923,3445898
11/13/2024,2439.918457,2467.078043,2420.7587,2439.424646,1803766
11/14/2024,2452.411621,2470.781473,2435.671489,2452.066098,1206967
11/18/2024,2452.954834,2488.805533,2440.214616,2488.805533,945471
11/19/2024,2457.159668,2476.451295,2445.931097,2461.413767,941508
11/21/2024,2402.203125,2439.599249,2399.086882,2428.469465,1377572
11/22/2024,2445.782227,2467.299808,2397.058508,2404.033221,3805843
11/25/2024,2433.415771,2481.150175,2423.868987,2478.231747,1857124
11/26/2024,2478.231934,2491.093017,2431.33854,2433.613769,1152258
11/27/2024,2465.271973,2490.746813,2453.49923,2490.598513,864653
11/28/2024,2431.783691,2479.221257,2427.084449,2473.285372,1506133
11/29/2024,2453.103271,2464.876012,2428.815563,2431.783505,1030854
12/2/2024,2452.559326,2459.435011,2435.048514,2453.103497,914624
12/3/2024,2443.012207,2467.349431,2437.17535,2467.349431,1341985
12/4/2024,2433.168701,2452.60887,2426.985488,2452.410814,1005012
12/5/2024,2425.996094,2440.538963,2397.998455,2438.659363,3190834
12/6/2024,2403.736572,2441.627353,2401.065472,2441.627353,1735948
12/9/2024,2366.291016,2412.937079,2361.492746,2412.096065,2301281
12/10/2024,2363.372314,2378.954011,2359.5636,2374.254769,1657888
12/11/2024,2391.468994,2402.054607,2367.082257,2374.106484,1337700
12/12/2024,2364.015625,2389.193621,2355.260098,2387.214993,1089028
12/13/2024,2381.921875,2386.225488,2328.845273,2364.015436,1150861
12/16/2024,2376.580078,2394.090891,2360.652023,2394.090891,987775
12/17/2024,2330.823975,2374.254766,2325.382747,2362.482025,1258218
12/18/2024,2320.386719,2347.345528,2315.984319,2331.61553,855682
12/19/2024,2267.359863,2300.155533,2241.143037,2300.155533,2784409
12/20/2024,2257.961182,2293.230133,2251.67894,2272.454537,1719502
12/23/2024,2254.844727,2277.945308,2241.835342,2275.422509,855647
12/24/2024,2259.593262,2270.475716,2252.816364,2257.713662,601558
12/26/2024,2238.224121,2263.006488,2232.387265,2259.593402,1267334
12/27/2024,2247.12793,2266.320768,2235.89936,2245.990315,821790
12/30/2024,2263.798096,2274.235408,2232.684214,2255.883583,1076940
12/31/2024,2256.971924,2273.097551,2248.711054,2255.636253,685486
1/1/2025,2280.022705,2298.37453,2255.636208,2255.636208,1067328
1/2/2025,2318.210449,2322.860178,2269.486726,2289.273009,1342922
1/3/2025,2310.988281,2323.849365,2297.335698,2318.952308,1355319
1/6/2025,2242.92334,2314.994968,2232.585056,2310.988197,1190987
1/7/2025,2268.101563,2291.251415,2247.721596,2247.721596,740798
1/8/2025,2309.405518,2313.016418,2248.414157,2262.610911,1439632
1/9/2025,2325.086182,2336.166452,2296.495098,2316.874825,1362304
1/10/2025,2295.950684,2323.799779,2291.251442,2310.642095,1214334
1/13/2025,2228.578369,2277.30209,2222.395156,2267.260648,1181928
1/14/2025,2216.01416,2261.918481,2213.095732,2244.753784,1316807
1/15/2025,2205.873779,2229.666834,2196.27748,2224.967591,1308999
1/16/2025,2191.924561,2215.915429,2184.207862,2215.074415,1936087
1/17/2025,2236.839355,2244.803383,2188.857618,2201.867003,878848
1/20/2025,2256.18042,2262.46242,2226.946139,2247.969064,555716
1/21/2025,2236.196289,2290.26221,2230.903362,2256.180386,1410294
1/22/2025,2237.927734,2245.74322,2220.911337,2245.74322,835523
1/23/2025,2252.025391,2277.203388,2222.197424,2237.927664,1142465
1/24/2025,2238.224121,2272.009342,2230.952807,2258.604088,543202
1/27/2025,2227.440674,2253.410169,2222.197261,2231.200116,1097939
1/28/2025,2217.844482,2242.824664,2210.226812,2235.849951,897501
1/29/2025,2199.393555,2222.790978,2188.412313,2217.844408,1281088
1/30/2025,2225.80835,2235.107805,2191.330658,2199.393471,1155718
1/31/2025,2276.213867,2280.368938,2210.968652,2230.903234,1292909
2/1/2025,2326.025879,2363.471516,2260.879687,2287.294326,1318619
2/3/2025,2267.755371,2339.183805,2253.360802,2326.025878,1070382
2/4/2025,2329.191895,2392.755329,2239.559935,2280.022787,5373733
2/5/2025,2250.887451,2271.02009,2213.343028,2244.753752,3474642
2/6/2025,2239.213623,2274.334277,2236.09738,2262.759349,1285954
2/7/2025,2246.732422,2251.975835,2219.22944,2241.785851,1336756
2/10/2025,2245.891357,2253.65757,2229.914031,2246.781885,1181565
2/11/2025,2216.904541,2258.505005,2202.21313,2254.646776,1607942
2/12/2025,2204.439209,2223.928649,2162.343844,2217.893978,1181706
2/13/2025,2212.502197,2225.907453,2196.277541,2204.439383,921923
2/14/2025,2207.456787,2226.501085,2179.459147,2212.502145,1380052
2/17/2025,2226.797852,2235.849979,2202.262812,2207.456712,923900
2/18/2025,2213.689453,2227.885966,2195.040785,2223.978224,735853
2/19/2025,2215.17334,2225.758953,2202.312256,2213.689369,645234
2/20/2025,2225.01709,2232.981117,2207.209435,2215.173462,637442
2/21/2025,2233.475586,2241.587913,2213.095619,2225.016902,755585
2/24/2025,2222.19751,2234.86078,2217.053124,2221.900667,765042
2/25/2025,2200.976563,2232.980971,2194.00185,2222.197302,947702
2/27/2025,2189.995117,2204.587501,2174.512448,2190.341474,1027196
2/28/2025,2156.45752,2187.719943,2152.549777,2186.384273,1701193
3/3/2025,2143.25,2169.912209,2106.249749,2156.45744,959068
3/4/2025,2109.31665,2136.770116,2102.045095,2131.032046,2180989
3/5/2025,2141.023926,2159.474778,2102.045048,2109.217575,1535212
3/6/2025,2243.467773,2250.689815,2159.771937,2166.449808,1985096
3/7/2025,2245.743164,2253.608163,2223.978252,2243.467693,921429
3/10/2025,2254.251465,2268.497493,2237.680452,2245.743266,1072395
3/11/2025,2262.957031,2266.419631,2233.772265,2249.700319,601228
3/12/2025,2227.24292,2271.415699,2222.988821,2262.957015,749216
3/13/2025,2207.456787,2233.079928,2198.750774,2231.150814,747470
3/17/2025,2195.832275,2215.321716,2172.583393,2181.437706,838015
3/18/2025,2195.832275,2195.832275,2195.832275,2195.832275,0
3/19/2025,2256.328613,2263.50114,2243.616072,2249.700257,663292
3/20/2025,2262.759277,2282.347746,2244.50648,2265.529405,1166849
3/21/2025,2275.818115,2289.767541,2253.509275,2267.161617,1624115
3/24/2025,2297.682129,2305.349314,2277.500217,2277.796818,1100353
3/25/2025,2305.843994,2319.447064,2283.337097,2300.155438,1828005
3/26/2025,2298.324951,2315.93479,2279.379683,2314.99499,1934287
3/27/2025,2313.115479,2324.987248,2266.024029,2290.262225,1497861
3/28/2025,2315.637939,2338.73852,2300.15527,2318.902724,1281871
4/1/2025,2291.251465,2336.463071,2281.110995,2316.973632,970583
4/2/2025,2282.001221,2303.518802,2267.656167,2303.123173,792693
4/3/2025,2324.294678,2329.735906,2265.331697,2270.476082,608846
4/4/2025,2330.873779,2338.689265,2278.192798,2324.294695,1163188
4/7/2025,2316.330811,2328.845538,2166.598015,2166.598015,1745817
4/8/2025,2368.615967,2394.140321,2330.824213,2330.824213,1876867
4/9/2025,2385.384521,2403.489017,2365.350912,2374.353766,1186937
4/11/2025,2368.022217,2421.840805,2354.814778,2413.431635,968152
4/15/2025,2389.88623,2399.086901,2359.514333,2389.094731,1141122
4/16/2025,2433.61377,2442.121968,2378.014363,2379.399548,1166695
4/17/2025,2441.528076,2449.937246,2405.022484,2433.613564,885840
4/21/2025,2418.873047,2444.496186,2414.91579,2439.549616,541913
4/22/2025,2406.011963,2423.819617,2387.709651,2418.873047,543647
4/23/2025,2426.886475,2430.349074,2399.680337,2410.958421,744684
4/24/2025,2438.065674,2464.381527,2409.870221,2423.819647,1203452
4/25/2025,2405.616455,2442.319866,2387.907586,2437.96698,702217
4/28/2025,2425.996094,2433.514978,2379.300514,2394.041199,554920
4/29/2025,2424.907959,2445.584528,2415.509475,2433.712758,1235066
4/30/2025,2399.779053,2435.889016,2375.837701,2423.819433,1479669
5/2/2025,2384.24707,2418.774037,2372.375301,2399.086782,744673
5/5/2025,2410.859619,2448.552586,2397.207277,2397.207277,1229588
5/6/2025,2392.161621,2423.720646,2365.549167,2415.905161,702802
5/7/2025,2309.158203,2379.99295,2293.724806,2362.482138,1711738
5/8/2025,2277.994873,2323.997981,2268.992018,2297.187471,2292261
5/9/2025,2275.026855,2306.882722,2221.010208,2222.593207,1503010
5/12/2025,2331.219727,2353.083666,2296.198103,2305.10193,940135
5/13/2025,2299.759766,2332.802762,2290.361281,2328.845505,1220489
5/14/2025,2257.911621,2294.2194,2252.767236,2294.2194,1549845
5/15/2025,2305.00293,2310.543186,2243.764481,2260.582821,1675015
5/16/2025,2328.449707,2329.83465,2290.262087,2308.960026,785113
5/19/2025,2306.487061,2353.479486,2301.738546,2328.450029,552961
5/20/2025,2271.06958,2322.612701,2266.914268,2322.414886,1095824
5/21/2025,2287.689941,2291.449383,2265.529401,2271.465286,469330
5/22/2025,2274.630859,2285.3155,2258.703048,2284.524,916504
5/23/2025,2290.756836,2304.112577,2270.475897,2277.203281,458035
5/26/2025,2302.331787,2313.016428,2278.192619,2291.251517,1258062
5/27/2025,2302.727783,2326.471324,2276.510957,2288.382728,2485428
5/28/2025,2278.588379,2308.06999,2275.719464,2302.72779,774808
5/29/2025,2269.783447,2284.326317,2262.066749,2278.588246,1414643
5/30/2025,2234.959717,2279.379826,2230.903432,2271.95997,3610431
6/2/2025,2242.478271,2248.018527,2233.772259,2234.959629,702789
6/3/2025,2231.595703,2262.858124,2222.691876,2248.315256,792587
6/4/2025,2224.967529,2236.839299,2216.953988,2225.462186,768079
6/5/2025,2219.526367,2236.839365,2209.138568,2227.045252,996614
6/6/2025,2221.208008,2228.529077,2215.074309,2225.066478,822087
6/9/2025,2223.87915,2231.694877,2212.106409,2216.063665,1041851
6/10/2025,2215.442383,2236.509602,2211.748197,2236.509602,1809051
6/11/2025,2205.358154,2222.431362,2203.76055,2205.557794,1430888
6/12/2025,2215.94165,2259.473811,2204.659453,2220.53458,3417373
6/13/2025,2210.749756,2213.645383,2171.411247,2171.610887,1786807
6/16/2025,2241.302002,2246.49385,2205.857321,2210.749588,1301826
6/17/2025,2261.270996,2277.445704,2223.529848,2227.523615,1540986
6/18/2025,2277.844971,2280.441017,2251.486205,2253.483089,1131156
6/19/2025,2264.46582,2281.43933,2260.472053,2266.462704,524926
6/20/2025,2282.138184,2286.33159,2259.473605,2263.467372,1945026
6/23/2025,2260.572021,2269.258416,2250.387721,2257.676394,596186
6/24/2025,2271.754639,2306.100939,2265.364465,2301.408311,1044179
6/25/2025,2276.347168,2290.724875,2271.85418,2272.553284,807368
6/26/2025,2286.231934,2289.027619,2276.646795,2283.436248,921519
6/27/2025,2355.024414,2360.815425,2273.551717,2279.442425,1555059
6/30/2025,2337.452148,2366.207077,2322.475522,2358.319484,785414
7/1/2025,2365.807861,2396.260336,2346.537886,2376.790721,1232160
7/2/2025,2415.629883,2426.213463,2323.373962,2336.353705,1936030
7/3/2025,2427.112061,2460.559861,2421.221351,2425.115177,1547480
7/4/2025,2420.422363,2439.193116,2408.241423,2427.111874,602309
7/7/2025,2438.993652,2461.258953,2417.227573,2419.524037,869054
7/8/2025,2480.728516,2484.12312,2433.502171,2436.697136,1136367
7/9/2025,2495.006104,2531.04995,2489.015453,2516.572544,2328636
7/10/2025,2447.380371,2508.085678,2441.290023,2503.393051,932859
7/11/2025,2435.39917,2480.928213,2431.704984,2443.686286,1050411
7/14/2025,2397.85791,2444.784674,2387.27433,2427.311943,891618
7/15/2025,2389.770264,2411.236761,2382.581532,2406.14461,610228
7/16/2025,2406.743896,2418.625256,2367.305446,2377.289864,1200909
7/17/2025,2395.161865,2410.238433,2390.269598,2400.353957,526163
7/18/2025,2378.6875,2401.252381,2368.603385,2396.859335,599552
7/21/2025,2371.698486,2404.247786,2357.121383,2378.687579,390931
7/22/2025,2361.514404,2377.090193,2357.620579,2371.698462,411317
7/23/2025,2371.698486,2380.984044,2348.934209,2359.317906,368999
7/24/2025,2348.435059,2376.291487,2337.352257,2371.698558,506960
7/25/2025,2332.55957,2346.837336,2322.175874,2336.353698,383636
7/28/2025,2355.92334,2362.712549,2316.384948,2332.559656,650364
7/29/2025,2397.757813,2414.531682,2321.37702,2355.324039,1742815
7/30/2025,2412.035645,2439.992014,2362.812417,2405.246192,1685818
7/31/2025,2392.366455,2413.43343,2369.801573,2397.658002,1274735
8/1/2025,2427.211914,2468.148026,2374.294501,2374.294501,2225293
8/4/2025,2445.982666,2463.155815,2435.798609,2439.392853,1165898
8/5/2025,2433.00293,2459.860916,2405.346142,2458.063672,659094
8/6/2025,2487.318115,2501.695823,2436.197945,2436.197945,2019109
8/7/2025,2502.594238,2506.088784,2463.055848,2480.229241,1502806
8/8/2025,2471.742432,2507.786032,2464.653398,2502.594183,1178226
8/11/2025,2485.221436,2500.29776,2448.179149,2460.060509,721135
8/12/2025,2474.438232,2498.900055,2470.144884,2485.221452,608984
8/13/2025,2496.303955,2500.497362,2457.364728,2475.935841,350844
8/14/2025,2524.759521,2530.949811,2493.807828,2501.096502,1088550
8/18/2025,2583.368164,2590.956419,2532.647517,2546.026539,1755615
8/19/2025,2575.380615,2590.956404,2557.209024,2583.368149,698587
8/20/2025,2566.095215,2575.28083,2559.40546,2573.982807,308028
8/21/2025,2562.600586,2571.98584,2555.311913,2570.887457,781082
8/22/2025,2500.597412,2565.296488,2497.202808,2558.806616,523774
8/25/2025,2489.015381,2518.569355,2472.141813,2512.079483,766497
8/26/2025,2477.533203,2519.368058,2464.154181,2477.233866,7106393
8/28/2025,2485.121582,2524.060811,2461.158979,2461.158979,1485769
8/29/2025,2514.675537,2527.65528,2486.120005,2487.118447,1798653
9/1/2025,2566.195068,2573.783324,2511.181071,2514.076455,1314833
9/2/2025,2536.041992,2567.892186,2527.056017,2564.996802,1024054
9/3/2025,2549.92041,2561.103153,2523.362005,2526.057749,925847
9/4/2025,2564.597656,2578.97512,2549.021867,2549.920367,933071
9/5/2025,2575.879883,2597.945544,2561.003198,2561.003198,1153436
9/8/2025,2526.856445,2585.564869,2522.463155,2575.879789,742880
9/9/2025,2533.346436,2547.624202,2520.865913,2536.04218,702450
9/10/2025,2539.336914,2551.018634,2521.165323,2533.346264,520584
9/11/2025,2551.917236,2555.511724,2531.748761,2537.040551,423961
9/12/2025,2542.332275,2564.297994,2533.246358,2556.010879,547539
9/15/2025,2498.700439,2539.53661,2494.10751,2531.149797,583051
9/16/2025,2477.033936,2505.988745,2470.644006,2491.112061,760790
9/17/2025,2489.714355,2493.009018,2476.934253,2478.132334,359627
9/18/2025,2474.837646,2502.294796,2465.452391,2494.00768,400796
9/19/2025,2477.832764,2505.589492,2464.653382,2471.143253,3731525
9/22/2025,2478.831299,2499.099715,2470.244846,2490.213681,872806
9/23/2025,2443.086914,2479.929559,2424.216463,2468.24784,1332111
9/24/2025,2453.371094,2471.143406,2439.392909,2442.188595,637749
9/25/2025,2400.253906,2458.862387,2384.278839,2454.66898,1518215
9/26/2025,2339.149414,2396.260234,2335.355287,2393.76413,1089446
9/29/2025,2338.949707,2360.016681,2325.570442,2339.249045,950369
9/30/2025,2346.338135,2385.077724,2336.353717,2348.335018,778874
10/1/2025,2332.1604,2353.327318,2317.583053,2349.73283,648279
10/3/2025,2354.125977,2359.018244,2332.45984,2338.550188,659872
10/6/2025,2351.130615,2355.523661,2330.46292,2351.330255,362107
10/7/2025,2349.133789,2367.704659,2342.344336,2351.330312,498524
10/8/2025,2324.871582,2365.707752,2316.384827,2356.322497,701799
10/9/2025,2332.759277,2337.352207,2320.179057,2324.871685,587567
10/10/2025,2336.553467,2354.12614,2332.959223,2335.255444,1117236
10/13/2025,2338.849854,2362.912398,2333.358424,2336.553389,667732
10/14/2025,2314.488037,2351.330442,2304.403677,2338.749978,353345
10/15/2025,2371.39917,2380.285204,2321.377139,2326.369348,753640
10/16/2025,2405.945068,2417.027869,2363.211712,2373.296071,715890
10/17/2025,2503.892334,2540.035878,2417.227539,2417.227539,3719960
10/20/2025,2512.079346,2533.146563,2496.803139,2503.892172,714986
10/21/2025,2500.697266,2515.274369,2480.129268,2509.084079,107942
10/23/2025,2498.500488,2542.032645,2492.909361,2514.974777,811738
10/24/2025,2497.701904,2502.793811,2482.425697,2491.112091,327596
10/27/2025,2514.875244,2526.057744,2495.70521,2497.702094,550089
10/28/2025,2505.389893,2524.659867,2488.116802,2511.080962,1103957
10/29/2025,2534.744141,2546.825384,2508.585014,2516.073328,615292
10/30/2025,2519.567871,2534.744138,2509.383814,2531.549173,736486
10/31/2025,2506.887695,2526.057729,2501.396265,2519.467916,609128
11/3/2025,2508.2854,2511.380667,2491.11225,2492.310332,425210
11/4/2025,2482.824951,2517.071551,2475.835859,2506.088692,527087
11/6/2025,2598.843994,2626.900305,2556.110881,2556.110881,4448622
11/7/2025,2609.727051,2614.818957,2580.97188,2598.84389,791663
11/10/2025,2646.27002,2662.644611,2607.031452,2609.727196,1706880
11/11/2025,2653.059326,2660.747279,2629.296364,2646.269874,776404
11/12/2025,2765.484131,2834.276673,2637.983162,2655.855173,2859196
11/13/2025,2874.913086,2892.5857,2835.574578,2854.44503,5933630
11/14/2025,2901.871094,2905.36564,2857.540376,2860.635643,2494076
11/17/2025,2883.399902,2922.339132,2875.51231,2901.871075,1230683
11/18/2025,2906,2916,2862.100098,2886,1819066
11/19/2025,2893.699951,2916,2887.199951,2914,1387906
11/20/2025,2859.800049,2906.100098,2852.5,2897.399902,1062883
11/21/2025,2876.600098,2895.600098,2854.100098,2869,857340
11/24/2025,2879.199951,2896.5,2864.5,2876,5404326
11/25/2025,2875.800049,2908.5,2869,2899.899902,972417
11/26/2025,2874,2896.199951,2857.600098,2880,570376
11/27/2025,2879.100098,2914.5,2871.399902,2880,1158685
11/28/2025,2874.399902,2889.899902,2855.800049,2880,748446
12/1/2025,2867.600098,2887.5,2848,2877.699951,499153
12/2/2025,2954.399902,2962,2861.199951,2867,2102147
12/3/2025,2953.5,2969.199951,2932.600098,2969,1252456
12/4/2025,2957.199951,2985.699951,2934,2950,1466098
12/5/2025,2968.5,2973.5,2941,2955,944978
12/8/2025,2928.300049,2974.5,2914.800049,2970,983544
12/9/2025,2796,2913.5,2788.5,2910,1839391
12/10/2025,2804.5,2824,2796.699951,2810,845073
12/11/2025,2779.399902,2811.600098,2763.199951,2800,777422
12/12/2025,2764.800049,2797,2746,2795,977696
12/15/2025,2780.199951,2802,2758.699951,2773.100098,1029674
12/16/2025,2790.899902,2808,2776.100098,2793,916244
12/17/2025,2785.699951,2806.5,2772,2800,636499
12/18/2025,2759.699951,2793.800049,2755.300049,2780,417994
12/19/2025,2799.899902,2812.399902,2759.699951,2766.399902,3895542
12/22/2025,2807.600098,2823.100098,2780.300049,2785.800049,463953
12/23/2025,2807.800049,2819,2783.100098,2798,431068
12/24/2025,2785.5,2824.699951,2782,2807.800049,512144
12/26/2025,2746.5,2794.399902,2743,2785,532078
12/29/2025,2775.399902,2793.800049,2735,2746.5,815529
12/30/2025,2758.300049,2792.399902,2741,2770.300049,4833527
12/31/2025,2769.5,2796.800049,2754.899902,2755,1274705
1/1/2026,2752,2782.699951,2746.100098,2775.899902,327945
1/2/2026,2772.600098,2799,2755.800049,2755.800049,508884
1/5/2026,2815.600098,2828,2769,2770,866733
1/6/2026,2845.800049,2848.399902,2811.600098,2820,875891
1/7/2026,2809.399902,2854.699951,2801.100098,2845.800049,636748
1/8/2026,2786.5,2804.699951,2770.100098,2795,620031
1/9/2026,2825.5,2856.699951,2786.199951,2789.899902,1657381
1/12/2026,2896.399902,2900,2808,2826,1743901
1/13/2026,2886.300049,2914.5,2870.800049,2900,1051986
1/14/2026,2813.899902,2884,2807.300049,2884,958254
1/15/2026,2813.899902,2813.899902,2813.899902,2813.899902,0
1/16/2026,2756.899902,2826.5,2750.5,2787.899902,1143463
1/19/2026,2754,2786.300049,2724.699951,2756.899902,1342048
1/20/2026,2675.600098,2740.100098,2669.300049,2740,911151
1/21/2026,2661.100098,2688,2648,2670,914318
1/22/2026,2703.800049,2729.899902,2665.300049,2665.300049,1290346
1/23/2026,2703.699951,2782.899902,2690.800049,2703.800049,1786635
1/27/2026,2622.800049,2734.699951,2546,2719.899902,3818761
1/28/2026,2511.800049,2548.5,2451,2535,3430002
1/29/2026,2416,2514.899902,2410,2511.800049,3488159
1/30/2026,2428.300049,2445,2400.5,2417,2048843
2/2/2026,2402,2429.5,2372,2374.899902,1183482
2/3/2026,2426,2525,2391,2525,2233860
2/4/2026,2452.699951,2463.800049,2417.100098,2430,970973
2/5/2026,2432.100098,2455.800049,2402.600098,2445,1047405
2/6/2026,2401.100098,2444,2386.100098,2432,1043982
2/9/2026,2417.399902,2426.199951,2396.800049,2404,669839
2/10/2026,2393.600098,2420,2386.899902,2419,1513620
2/11/2026,2392.5,2405.699951,2376.300049,2399,3177710
2/12/2026,2410.5,2413.899902,2377,2398,607767
2/13/2026,2366.399902,2411.800049,2360.100098,2408.899902,675635
2/16/2026,2397.199951,2405.100098,2356.800049,2360,683108
2/17/2026,2437.399902,2452.399902,2399.5,2399.5,1004356
2/18/2026,2432.100098,2448.199951,2416.5,2440,551809
2/19/2026,2400.800049,2428,2391.100098,2420,971600
2/20/2026,2428.100098,2435.699951,2376.100098,2378.199951,790329
2/23/2026,2429.699951,2446.600098,2411.5,2424.699951,634365
2/24/2026,2413.100098,2441.5,2403.699951,2413,499660
2/25/2026,2416.399902,2427.899902,2400,2416,526764
2/26/2026,2394.899902,2422.199951,2382,2416.100098,588742
2/27/2026,2376.199951,2397.600098,2359,2385,2531619
3/2/2026,2307.100098,2337.899902,2283.5,2300,2527815
