Date,Close,High,Low,Open,Volume
3/2/2016,170.9601593,172.6518458,168.2733613,169.0744188,551440
3/3/2016,166.7010803,172.7413991,164.7556355,171.4975098,475900
3/4/2016,166.2333679,169.6664993,165.412404,169.034609,255700
3/8/2016,166.1587219,167.9747971,165.2879995,167.9747971,1716350
3/9/2016,166.9996185,167.8753063,166.1786394,167.0792141,168760
3/10/2016,167.9598846,174.1444985,166.6811628,167.33794,257950
3/11/2016,163.7953491,167.8653513,162.302682,167.6762777,488430
3/14/2016,163.6908875,165.198481,162.2629047,164.6909795,256510
3/15/2016,165.3427429,166.681169,162.9097033,164.6909461,850720
3/16/2016,163.8634644,165.3626912,161.0343714,165.3626912,501450
3/17/2016,164.5408325,166.5580517,162.4837584,163.8684211,757530
3/18/2016,164.3067322,166.2392862,162.4837565,164.5856559,498310
3/21/2016,164.3216705,165.5668713,162.8722551,164.6703176,2294360
3/22/2016,165.8159332,166.8569193,163.9730298,165.3427508,1929890
3/23/2016,171.8177795,173.1327189,164.6653536,165.1933175,949700
3/28/2016,167.8381042,173.8300091,164.6503937,172.1863503,477760
3/29/2016,166.0500183,169.053442,164.6155446,166.856906,229120
3/30/2016,169.0036316,172.236168,166.6377501,169.4469304,239980
3/31/2016,170.4530487,171.8576389,167.912836,170.3484561,971740
4/1/2016,174.0043488,175.8173531,170.5426847,170.5426847,1405480
4/4/2016,174.4576111,175.7177536,174.0790652,175.523495,363600
4/5/2016,174.2085876,174.8262024,173.0331101,174.4625983,273710
4/6/2016,175.8671417,177.6154081,173.4514496,173.4514496,245660
4/7/2016,175.7077942,176.9978204,174.6468958,176.8135331,113080
4/8/2016,174.3181458,176.4200452,173.336927,175.6231137,1271430
4/11/2016,177.1173553,179.9414621,174.8660227,175.3242633,1187080
4/12/2016,177.1721191,178.1134981,175.8223259,177.5157957,977830
4/13/2016,181.4207611,183.8912503,176.0215726,177.3165844,1099220
4/18/2016,186.4414368,192.3586336,180.5043124,180.5043124,1175370
4/20/2016,187.4525452,191.362479,186.7900898,187.7713087,1794190
4/21/2016,183.9310913,189.2705127,181.7943226,187.4525227,717430
4/22/2016,184.0406799,185.5697902,181.6000894,184.2947058,592940
4/25/2016,183.4081116,185.2858688,182.7008309,185.2759127,339650
4/26/2016,186.1824036,187.0789572,183.3931661,183.7916243,679730
4/27/2016,187.2383728,189.6640217,184.1901083,186.1824297,465030
4/28/2016,183.5326385,189.8682207,181.7993136,187.2184298,1238450
4/29/2016,186.8149872,187.6617146,183.4927848,183.4927848,249650
5/2/2016,193.3448334,194.7494237,182.9250006,187.2782181,718070
5/3/2016,194.0321808,198.2359802,192.3586381,194.8440542,708150
5/4/2016,188.6180267,193.7432772,188.5732013,191.4720323,450690
5/5/2016,188.0801086,192.4582391,187.2732209,188.8023312,382100
5/6/2016,186.5958099,189.1708764,185.7640092,189.1708764,355100
5/9/2016,187.2931366,190.2716623,186.2820342,186.8797366,491620
5/10/2016,185.1663361,188.8620834,184.2897099,188.2743522,312930
5/11/2016,186.5908508,187.2483205,183.2935615,183.2935615,328390
5/12/2016,188.5782013,192.956332,187.5770701,187.5770701,1033500
5/13/2016,186.0081024,190.3912032,185.4950803,188.5781835,560170
5/16/2016,185.0766602,188.17472,184.1601943,188.17472,427820
5/17/2016,184.9920197,185.6843434,183.0943348,185.0866561,538750
5/18/2016,185.1912384,186.6605814,183.7966196,185.9831843,448040
5/19/2016,184.6333923,187.1785754,183.5027555,185.2858763,322400
5/20/2016,179.7870789,186.381673,178.3127653,184.6881877,484720
5/23/2016,179.9215698,184.8824458,178.711223,181.6000982,389960
5/24/2016,175.5483856,182.6958249,171.8924633,181.4655661,957030
5/25/2016,178.2480011,180.8031556,175.6231233,177.809688,1022650
5/26/2016,178.5269165,181.3012274,177.8146653,179.1096771,619450
5/27/2016,182.8652191,184.6782236,178.3177433,179.2989621,2068410
5/30/2016,183.2088623,185.7690022,182.1230509,183.0943136,517680
5/31/2016,181.3659973,184.7878068,179.1794173,184.7878068,425220
6/1/2016,179.1644745,183.1939426,176.7238839,182.8901209,1716460
6/2/2016,184.429184,186.072843,178.4472343,179.797043,1857070
6/3/2016,184.8674927,191.3574786,183.7916374,186.282039,1699900
6/6/2016,185.8835907,188.4735994,184.7828222,184.7878079,480810
6/7/2016,186.9544525,187.6766599,185.0866513,187.5770529,626870
6/8/2016,185.3058167,189.5594119,184.34451,186.9793593,574780
6/9/2016,183.3284149,186.9793367,182.4468031,185.5149795,500870
6/10/2016,180.5192413,184.2897129,179.3238516,184.2897129,789840
6/13/2016,176.5047302,180.3050857,175.9219847,180.3050857,798660
6/14/2016,186.6705322,188.9716608,175.5334641,176.8185046,2500860
6/15/2016,193.9425049,194.4505413,187.2732025,188.070134,3065700
6/16/2016,203.61026,214.1346997,190.0774109,194.1467338,6193990
6/17/2016,204.8255768,209.1837796,201.4236797,205.7071735,1832920
6/20/2016,200.0141144,205.2041027,198.6344222,202.9826688,1266670
6/21/2016,200.5321198,202.5593104,199.8646939,200.4275271,411640
6/22/2016,201.7823029,204.2129373,199.7302143,201.0252262,575400
6/23/2016,199.5210114,201.7175474,197.4589667,201.7175474,514630
6/24/2016,206.9673004,209.0940978,191.1632075,197.040564,1704710
6/27/2016,217.3522949,223.5384441,208.1975761,208.2971983,5237010
6/28/2016,218.7668457,223.8323294,218.1641728,219.1553478,2202390
6/29/2016,228.9276886,238.0824079,217.2128442,219.6932746,3250930
6/30/2016,231.2686768,235.0640467,227.0798191,231.1092874,2998350
7/1/2016,234.5759277,238.0824178,230.7357323,231.2089148,2038290
7/4/2016,234.2720795,239.0486679,231.9858926,236.0900696,1653710
7/5/2016,230.5763245,237.9827766,229.7146552,237.9827766,816040
7/7/2016,231.487793,233.0916121,229.116926,231.7069495,709600
7/8/2016,229.7196045,231.4280314,228.3249858,230.4966085,412340
7/11/2016,235.0092316,238.9789323,231.1092693,231.6073497,2822870
7/12/2016,241.9774017,248.0788861,235.5969936,236.5881686,2797700
7/13/2016,235.2782135,243.8601434,234.0977655,243.8601434,1101000
7/14/2016,238.8095856,242.5651154,236.8820172,236.8870028,933110
7/15/2016,242.0869598,243.4616512,238.0823899,240.9712496,744560
7/18/2016,245.1102905,247.0478302,240.5180047,242.5651075,1363000
7/19/2016,248.8757782,250.1359207,246.1612346,247.0478169,1124050
7/20/2016,254.4393311,256.1128887,244.7666204,249.0401426,2789000
7/21/2016,259.8684082,271.951841,254.9274602,254.9274602,2734000
7/22/2016,258.9867859,263.7833014,256.6209046,261.9902245,2104030
7/25/2016,258.9967957,266.7668673,258.503701,260.675324,1846360
7/26/2016,270.462616,276.4345945,256.1228632,260.7948593,7122620
7/27/2016,260.4113464,270.4576181,259.1013927,270.4576181,2122380
7/28/2016,265.481781,271.9518391,260.9442768,262.4684013,3378160
7/29/2016,271.3441772,277.4207321,264.2465336,264.9687256,3522140
8/1/2016,281.7889099,286.2965302,272.8184795,272.9280729,3404200
8/2/2016,271.563324,293.8673742,266.5476822,285.629137,4341300
8/3/2016,263.5342712,273.8395537,259.1013749,273.7449173,2475730
8/4/2016,265.8354187,272.4499401,261.1036556,266.5725983,2057380
8/5/2016,265.9449463,269.8249801,262.3886463,266.8713682,1464360
8/8/2016,263.1906128,268.7641329,261.4523173,267.9672165,908970
8/9/2016,259.4749451,265.1779707,256.6259099,264.3511404,1362620
8/10/2016,268.5151367,273.8446032,260.3964321,260.3964321,2727470
8/11/2016,274.9950867,276.7333819,266.9710209,268.963342,1978250
8/12/2016,276.0211487,276.9326441,266.3683501,269.95952,1748930
8/16/2016,273.9640503,279.168995,272.9529632,277.012299,1002410
8/17/2016,270.6369019,276.9276584,268.9633594,275.6326618,917410
8/18/2016,270.1289368,273.8396114,264.679936,272.7438589,781290
8/19/2016,268.8537903,274.6414808,267.8675706,272.0514572,715420
8/22/2016,270.7564697,273.844574,269.5112688,270.2135792,736750
8/23/2016,267.210144,272.4499592,264.5404406,271.7476793,890900
8/24/2016,270.098999,271.6530071,268.2361532,268.2361532,585180
8/25/2016,267.7929077,271.667957,266.5227785,271.1200807,616380
8/26/2016,279.7218628,281.31074,268.1066578,269.8449531,2274830
8/29/2016,280.5088501,283.407681,279.1242027,281.5847205,1220560
8/30/2016,283.3579407,284.8023555,280.3196321,281.415415,983840
8/31/2016,295.5907593,298.5493576,283.5073258,283.905784,3560750
9/1/2016,301.8914795,306.5186655,291.8750908,295.0628172,2972970
9/2/2016,304.0780029,310.104762,301.8366417,301.8366417,1574500
9/6/2016,306.1699829,307.6143976,304.3270796,306.7875977,1064280
9/7/2016,304.5611267,308.7101439,302.8328028,305.074164,1071090
9/8/2016,311.7385254,314.2886943,303.8290072,306.4887696,3508550
9/9/2016,302.2749634,315.1851958,300.5416537,315.1851958,1281660
9/12/2016,293.1600952,298.5443417,287.3873315,295.8596818,1580320
9/14/2016,289.2253113,298.6390426,286.8942988,295.8597456,1379150
9/15/2016,295.4761658,297.5083419,289.8927051,291.5762189,1097800
9/16/2016,288.3934631,300.8354986,285.1111008,298.300287,1825230
9/19/2016,295.2619629,296.7313057,289.9574265,289.9823245,1012840
9/20/2016,308.4312744,309.7860688,296.3528258,296.8558918,2736230
9/21/2016,316.276001,318.671766,309.8009572,310.3040231,2287650
9/22/2016,324.1706238,328.7330263,313.4120701,318.6717973,2824250
9/23/2016,328.2000427,341.1650873,324.74835,326.641049,3278490
9/26/2016,327.4379883,334.2317802,323.2541018,331.024142,1741300
9/27/2016,326.0085144,330.5061637,324.578996,328.8326212,1359710
9/28/2016,322.223114,325.2464654,319.0702569,324.9476293,2008710
9/29/2016,309.377594,329.6992634,296.3477968,325.2464245,3013950
9/30/2016,305.7764893,318.5721745,302.8378335,309.108648,2693680
10/3/2016,318.2384644,318.9606869,309.0090516,309.7063458,1674800
10/4/2016,318.7564392,322.8058345,316.2013152,322.4472313,1825880
10/5/2016,314.2537842,321.5606133,309.8457859,321.5606133,1166510
10/6/2016,314.7319946,317.5760139,313.9898598,317.566073,1592320
10/7/2016,313.7756348,315.5836687,309.9055715,315.5836687,906120
10/10/2016,310.7921753,315.4691572,309.8059859,314.1044219,1076710
10/13/2016,310.5629883,311.7982175,307.7139536,310.2940055,1473430
10/14/2016,316.276001,323.7422197,309.9653322,312.7944246,2332470
10/17/2016,318.4726257,320.290601,312.3163288,316.7791402,1494860
10/18/2016,331.322998,334.7099378,319.2544926,319.2694496,3627530
10/19/2016,334.8295288,343.1773603,329.9284352,336.7023158,3081740
10/20/2016,332.4487,342.6792587,329.7291705,336.2042146,1922970
10/21/2016,326.2824707,333.2157404,324.9476191,333.2157404,1690330
10/24/2016,320.8583374,329.7241603,318.2732995,327.836447,1286980
10/25/2016,323.6127319,326.1429885,317.4066706,322.1583459,1244340
10/26/2016,331.5172729,334.9091985,319.7775169,323.0100531,2273920
10/27/2016,325.5502319,334.675066,317.2771261,331.2731693,2435730
10/28/2016,337.0210876,339.690791,328.2847391,328.7330235,3612970
11/1/2016,344.5619812,346.6638653,339.6907416,342.6792232,1923550
11/2/2016,335.960144,343.4761587,334.4210626,343.4761587,1331160
11/3/2016,333.4896851,338.4953864,331.029167,335.9053929,853410
11/4/2016,318.442627,334.7099139,316.8786477,333.4945969,2333350
11/7/2016,312.9388733,327.4380145,310.3140107,323.5529637,3383490
11/8/2016,306.0255127,317.5759964,300.84051,314.7867588,3408930
11/9/2016,302.080719,317.3717904,247.047831,293.8673796,2220340
11/10/2016,307.7587891,312.7943727,304.2871542,307.5844427,2405410
11/11/2016,301.0248413,310.5481359,288.3885443,303.8240507,3546800
11/15/2016,281.6993103,302.6336118,277.4257723,301.8416811,5291000
11/16/2016,291.3222351,302.5340291,284.9667247,287.3923737,4135410
11/17/2016,290.6946411,308.6504319,287.2578745,294.1612913,2933950
11/18/2016,293.190033,300.4470675,289.8877577,291.8452099,3706610
11/21/2016,283.4774475,299.3462796,277.2315007,298.7186935,2640020
11/22/2016,289.0409241,291.745496,286.4957415,286.4957415,3233450
11/23/2016,291.989624,294.7639351,286.4758711,292.6719916,2289990
11/24/2016,293.8125916,296.4075704,287.2030563,292.3731322,3690760
11/25/2016,295.8746948,301.7171678,292.8712556,296.7562764,5163720
11/28/2016,293.0604858,298.5891649,291.376972,297.3539355,3687870
11/29/2016,292.6819458,296.8060653,291.7704503,293.9670015,2775110
11/30/2016,297.8519897,299.3462305,289.7532,294.3604423,40606220
12/1/2016,292.8015137,300.7409158,291.8999894,299.7447551,1663560
12/2/2016,296.6217957,298.748578,291.1827365,292.3731558,1596900
12/5/2016,302.0010376,308.3117065,296.8558596,297.8520202,1474770
12/6/2016,298.7485962,303.2313195,297.8520576,301.7370784,2130310
12/7/2016,294.5846558,300.840544,293.4789015,300.840544,715780
12/8/2016,298.3899536,298.8730769,294.9730997,295.8696685,930490
12/9/2016,298.5643005,299.839385,297.1547246,299.8343993,753280
12/12/2016,296.3827209,303.6297843,294.8635819,297.5482424,1054990
12/13/2016,286.3762817,298.8482024,282.5111735,297.8370848,2131870
12/14/2016,276.5093079,288.1295001,274.9403427,287.8904313,1475170
12/15/2016,270.0343323,279.2787044,268.9634471,274.9404126,1979860
12/16/2016,281.8935852,284.0104268,270.8561069,272.0515119,1857870
12/19/2016,272.2307739,282.8897048,271.4537699,282.3916244,1310810
12/20/2016,268.4304504,276.3299978,266.5227941,273.6403821,1285870
12/21/2016,264.9687805,270.7415453,263.9825911,269.9495841,1001910
12/22/2016,254.0309143,264.1818087,253.2389684,264.1818087,1524380
12/23/2016,261.0339661,262.9864326,253.154331,254.5190664,2205350
12/26/2016,260.7799683,262.7822613,254.5190938,261.9903,744030
12/27/2016,273.3016357,276.4345497,259.5994427,261.4921416,1013620
12/28/2016,278.9996948,280.9172918,271.8024283,274.3426257,1059110
12/29/2016,286.1172485,288.0896575,280.1203727,281.4153693,1389910
12/30/2016,288.3735352,293.0704591,286.6103418,286.8942513,756730
1/2/2017,293.8325195,296.7562486,284.7824086,288.6873413,779620
1/3/2017,300.5068054,303.3309123,292.881197,293.8673863,893630
1/4/2017,294.9482422,302.5340268,293.6283475,300.8455271,855920
1/5/2017,300.6860657,301.2389275,295.8596669,297.2642568,769120
1/6/2017,296.7114258,300.9401227,295.6604532,300.6412562,571250
1/9/2017,298.1160583,301.3336381,295.8597397,296.9555226,772390
1/10/2017,299.8593445,300.8405482,297.852066,298.4497685,349700
1/11/2017,300.6910706,301.5527397,292.119098,300.3424083,901490
1/12/2017,300.7009888,300.8603781,297.8619557,300.7408437,524130
1/13/2017,300.8006287,301.0147995,298.5493265,301.0147995,400330
1/16/2017,300.103363,301.6573712,298.2006926,300.6412679,220130
1/17/2017,300.8106079,301.8266807,299.6450867,301.7370299,537170
1/18/2017,303.4953308,304.8202113,299.9440152,299.9440152,905970
1/19/2017,314.2637939,316.2810132,300.0037515,302.1355195,2799570
1/20/2017,305.2236023,315.5787112,301.5975935,312.7944289,919010
1/23/2017,305.1688538,307.0216981,301.2788474,304.4914718,645690
1/24/2017,311.6787415,314.5875135,306.8174727,307.803662,639220
1/25/2017,315.7530518,316.2810157,312.0722308,314.2687821,1248180
1/27/2017,315.723114,318.2732825,314.7867207,314.7867207,747410
1/30/2017,319.3143005,323.4085059,312.2415545,315.7231308,1759710
1/31/2017,323.3388672,332.5184859,320.0216649,324.9476877,1846060
2/1/2017,331.5621033,333.4149779,315.3844642,325.7445288,1248820
2/2/2017,344.8807678,349.6523858,326.740691,332.2195746,1705940
2/3/2017,340.6819153,348.6561852,338.6945799,347.6600247,688140
2/6/2017,370.7660217,373.3610008,341.5934533,343.8746698,3866130
2/7/2017,367.7077942,376.3295633,364.0967119,372.364833,1547120
2/8/2017,364.8935852,372.8628693,359.1158664,368.5793913,1169340
2/9/2017,356.3266907,369.0526374,353.7366668,365.0928926,1233120
2/10/2017,361.7009583,364.6944259,355.1312774,357.6216791,1704820
2/13/2017,362.3285217,367.0851825,357.8856539,364.116613,1054820
2/14/2017,357.910553,364.0668182,355.8883482,362.5924896,716440
2/15/2017,361.4418945,367.5832327,358.1197077,358.5181658,1307070
2/16/2017,365.7105103,366.4875144,361.441958,361.441958,507840
2/17/2017,367.1349182,368.4747552,363.7629358,366.0889619,451220
2/20/2017,362.7767944,370.1085527,360.8940666,365.5909604,426170
2/21/2017,361.0185547,363.573709,356.7400317,363.573709,605730
2/22/2017,373.5801392,376.0506284,361.6461546,362.403216,1195050
2/23/2017,383.2428894,389.2945769,372.8031159,376.4490671,2003360
2/27/2017,382.1869812,386.1118564,373.759471,383.242909,1074820
2/28/2017,389.9122314,396.4719408,378.0479544,383.5168667,1667410
3/1/2017,390.878479,400.4565533,388.0991825,395.3761282,1211130
3/2/2017,386.0620422,394.4746261,383.1980804,392.4872905,884980
3/3/2017,374.7307129,385.2701094,372.5640757,383.193123,1003410
3/6/2017,380.3042297,383.4222173,376.0506348,376.9471733,817520
3/7/2017,379.0491028,384.3187708,376.6483519,382.4260716,724610
3/8/2017,381.7337036,384.7172301,374.7605795,379.0490739,722920
3/9/2017,379.0241699,383.2230138,376.1502671,379.6368294,836780
3/10/2017,381.1360474,382.9241387,377.7789605,378.7900781,600870
3/14/2017,391.6156006,393.4834015,382.5953745,388.502599,1443650
3/15/2017,392.3527832,396.2726727,389.5037785,392.4872746,936410
3/16/2017,402.4538879,406.5630506,393.4834564,393.4934278,1105990
3/17/2017,395.3861084,404.4412046,393.483438,403.445044,1143950
3/20/2017,395.057373,398.2650115,392.7263608,395.4757739,464360
3/21/2017,404.1871643,407.3300497,394.4795844,397.4680661,1096270
3/22/2017,409.2078552,420.0809572,395.0773189,400.9546606,1409960
3/23/2017,413.2572632,418.3974559,409.516675,418.3874846,795100
3/24/2017,411.3495789,417.88439,409.0733482,410.4181711,518850
3/27/2017,402.927063,417.3913044,399.460413,412.9085816,658880
3/28/2017,407.504425,410.8664672,404.5109575,404.9392992,743780
3/29/2017,404.7052002,410.4181666,401.4527212,409.3223839,1079920
3/30/2017,404.5010376,409.6561574,402.4489489,406.2343476,797770
3/31/2017,408.266449,410.4181595,403.4450354,403.4450354,656650
4/3/2017,408.2515259,411.8077961,404.9392798,408.2664525,455440
4/5/2017,411.2947388,415.1448892,407.0311732,407.5292534,925210
4/6/2017,416.2307739,417.9043469,409.0484642,411.2948113,552020
4/7/2017,420.9974365,427.3579324,412.4553766,413.9047771,1470250
4/10/2017,435.6210022,437.3144873,421.7096236,422.471701,1617290
4/11/2017,435.8053284,443.7895706,432.9812214,436.816446,785050
4/12/2017,448.5661316,451.0614883,436.3183242,437.2846011,1454180
4/13/2017,459.4193726,464.1810197,445.3834714,448.2773172,1332430
4/17/2017,447.6198425,468.095919,445.4830887,463.0055522,1370180
4/18/2017,435.2623901,454.7472879,433.3398076,450.7626458,1293930
4/19/2017,432.3387146,440.8010946,430.8394879,435.7505527,861160
4/20/2017,433.8677979,443.2964543,432.3436733,443.2914687,1042090
4/21/2017,428.7524719,438.1113892,427.0839152,437.712931,731370
4/24/2017,435.496521,437.1152821,425.3605985,429.3452411,873760
4/25/2017,450.697876,454.2442049,435.8301926,437.314462,1529420
4/26/2017,451.6791687,455.7434907,441.2991615,453.7511694,908970
4/27/2017,450.737793,453.9304745,446.279968,451.6592294,724450
4/28/2017,455.8082581,473.1763169,451.2607822,452.7550232,2109480
5/2/2017,454.8618774,465.3813313,450.2646059,456.3162939,1215570
5/3/2017,454.538147,463.2146976,453.2530912,457.1381117,854700
5/4/2017,455.2055359,460.2062815,454.2492302,458.1342505,792200
5/5/2017,441.1397705,457.1381078,433.8877223,454.6477062,1201400
5/8/2017,440.397644,446.0757719,437.473915,443.1619838,533860
5/9/2017,436.1639709,443.7895797,435.322214,440.4026395,494350
5/10/2017,437.4589539,441.4784657,433.9275814,438.3106821,1043460
5/11/2017,447.8539124,451.1561875,436.442905,438.3107063,1353840
5/12/2017,437.8673706,450.762677,434.8241072,449.2684361,874150
5/15/2017,453.3477478,457.2327684,436.4379141,441.0003471,1881130
5/16/2017,454.9963684,459.7231457,450.7626857,456.6400274,1050340
5/17/2017,446.9523621,459.2300541,438.9482381,455.7434919,1702950
5/18/2017,430.2417908,440.8011,428.3540772,438.8087787,1637650
5/19/2017,415.3890076,436.8513015,406.9316136,435.2225692,2533640
5/22/2017,394.8980408,423.1641008,393.4834792,418.4372927,1926740
5/23/2017,396.7757568,400.954658,378.6406657,395.3362974,3926270
5/24/2017,393.8768616,401.5522951,391.6006312,400.1477052,2266040
5/25/2017,398.1753235,399.9584594,393.0102335,395.9439336,1085310
5/26/2017,399.1963806,406.4335016,394.9776553,400.5561604,1615140
5/29/2017,398.2699585,405.0388828,393.0451013,400.5113197,786510
5/30/2017,413.8549194,415.7725164,392.6865074,398.4642265,1812700
5/31/2017,417.5905151,420.3797525,409.9848196,416.195866,2835160
6/1/2017,418.9453125,422.3770932,412.5101233,412.5101233,945180
6/2/2017,428.9268494,430.5256982,418.8955345,420.3798042,1279320
6/5/2017,428.8222961,432.6774333,428.1498694,432.2341345,574130
6/6/2017,422.7805176,432.3386796,415.9966664,432.3336939,921330
6/7/2017,423.7816772,426.3567439,416.5146722,425.853678,942670
6/8/2017,426.3567505,429.3452324,421.9736498,426.2172734,586810
6/9/2017,422.5912476,428.2494324,417.4809389,428.2494324,1043040
6/12/2017,413.6706238,421.8739913,412.4104661,421.8739913,635750
6/13/2017,416.0813599,421.3659848,413.6706681,415.7974504,613270
6/14/2017,411.2549744,417.8794369,408.7247177,416.8932475,846520
6/15/2017,408.266449,413.4016556,405.4373566,411.4143201,1480210
6/16/2017,418.3575745,423.8663414,408.6250962,408.6250962,2550110
6/19/2017,422.6161499,427.1536542,414.6668078,421.3958471,1320570
6/20/2017,424.8027649,427.1487342,420.2602746,421.575214,1053080
6/21/2017,425.2012024,431.2379334,423.1789975,424.8625114,2037090
6/22/2017,420.3797913,429.8433174,418.1932114,425.5598388,743430
6/23/2017,408.5553589,421.9736436,407.3848519,420.648733,930200
6/27/2017,402.0554199,410.1641516,396.6910852,409.0235586,1226180
6/28/2017,409.2377625,413.9047729,393.4834785,400.9546838,1116920
6/29/2017,408.3013306,415.2694692,405.9354491,413.4066537,1429180
6/30/2017,410.2886353,412.5897637,403.6691594,408.4258199,867100
7/3/2017,411.4840393,415.2594658,407.7235394,410.9162205,1080620
7/4/2017,411.6832886,417.2916777,408.9637895,413.3070352,879380
7/5/2017,413.3319702,415.7974741,410.2588229,411.9274104,1794310
7/6/2017,413.7305908,418.4593627,410.6112875,414.7770191,983930
7/7/2017,410.1827698,413.909973,406.6050476,412.6343505,936210
7/10/2017,408.8971863,413.112735,407.6714111,408.7227968,174300
7/11/2017,410.9103088,412.8038068,407.7162495,409.1064996,1033300
7/12/2017,421.4839783,423.447244,407.9005749,407.9005749,2130390
7/13/2017,434.9627075,435.8596547,422.5602812,425.8689067,4095450
7/14/2017,438.4856567,440.8874206,431.3352004,438.4956323,2299050
7/17/2017,443.1098022,446.8021214,438.4956275,440.3791801,1694230
7/18/2017,440.4438477,445.4516904,437.897591,443.4934128,1034250
7/19/2017,454.8894043,458.0236406,441.365793,441.4853778,3556760
7/20/2017,466.3301086,473.076981,451.221938,457.9289387,3474840
7/21/2017,489.361084,495.798988,466.2902427,466.6788934,5162030
7/24/2017,493.3025818,502.7451924,488.8229553,493.3075696,3210070
7/25/2017,494.1546631,498.3901321,490.3178204,493.207899,1476440
7/26/2017,493.850708,497.9665617,490.8161057,493.2078938,1229250
7/27/2017,491.7579041,508.0569664,487.3380699,493.3075802,3214780
7/28/2017,490.9456787,499.6856827,487.328085,488.0207161,1660770
7/31/2017,497.478241,499.2621293,491.0154283,492.3109714,1474390
8/1/2017,504.9924927,506.7016254,497.2938987,500.781932,1464870
8/2/2017,498.5246582,508.2562858,496.7358124,505.2665429,1423690
8/3/2017,509.756134,515.9997282,499.2870465,501.0509838,3115780
8/4/2017,529.0001221,532.3536073,510.109913,510.3490827,2681860
8/7/2017,541.4473877,547.6212138,529.2642103,529.2642103,2430570
8/8/2017,531.7855835,546.1164234,528.412147,546.0267652,2571080
8/9/2017,510.4388123,531.7755842,505.8645092,531.7755842,2250190
8/10/2017,500.7570496,515.7256854,494.6480031,508.1467063,2379010
8/11/2017,497.4932556,515.1725931,489.6202413,497.2939272,2887370
8/14/2017,520.4196777,522.7068144,503.2186773,503.273482,1956240
8/16/2017,533.8483887,540.4955655,515.207328,525.098441,2243580
8/17/2017,528.6314087,543.7844396,526.2943946,536.5592275,1822990
8/18/2017,529.1346436,534.6656554,518.326692,527.8839297,1513270
8/21/2017,519.9013672,534.1674269,516.3335901,529.6828123,1645390
8/22/2017,521.6702881,527.206288,515.8352652,523.2050009,1307270
8/23/2017,533.300415,535.6623072,520.2601303,523.190081,1946470
8/24/2017,548.7424316,550.2123643,528.5915923,538.1338071,1856890
8/28/2017,555.8928833,561.0751168,551.1142943,553.8000875,2147500
8/29/2017,542.43396,556.4508721,540.6949312,555.5938272,1507160
8/30/2017,547.0880737,556.7847867,543.1366036,548.0198745,1395150
8/31/2017,548.4035645,552.1058897,543.6897557,547.1229846,1433420
9/1/2017,547.651123,555.3945152,546.1363006,551.1092295,912000
9/4/2017,535.8864746,547.6212398,532.6775131,547.6212398,1218800
9/5/2017,537.7451782,542.5785718,535.5825536,538.2533834,1057810
9/6/2017,543.7495117,550.1126909,533.4000087,537.1471628,2588950
9/7/2017,560.4570923,563.068129,544.1330946,548.1194176,3566240
9/8/2017,557.5620728,566.0579492,553.1023976,564.5630779,1788180
9/11/2017,571.369812,577.0204094,560.078532,562.9686413,2038300
9/12/2017,565.9483643,576.6217072,564.0648117,576.6217072,1485370
9/13/2017,570.3781738,576.8509622,565.9483643,569.1473501,1612750
9/14/2017,566.1177979,575.5255249,564.074819,575.5255249,1411180
9/15/2017,565.5148315,570.0442747,560.1083923,565.5496851,1839790
9/18/2017,560.7212524,570.5425373,558.8127612,567.0545043,1399010
9/19/2017,563.1928101,565.440105,558.0853327,562.0716565,1041300
9/20/2017,558.3743286,565.5596993,556.8844449,565.0614088,1267780
9/21/2017,546.7542114,560.0784939,542.3692309,558.6832562,2441830
9/22/2017,521.3762817,544.0335972,518.2221247,542.1500445,2489320
9/25/2017,509.3126526,521.6901708,498.4648593,521.2118314,2613730
9/26/2017,515.2821655,523.7082745,498.7887631,508.256282,2347720
9/27/2017,505.4010925,522.0190678,502.775092,520.2152587,1866290
9/28/2017,502.6505432,511.3855903,500.4979246,505.2665683,2766350
9/29/2017,513.6826782,522.8063452,504.5290846,508.1566234,2368210
10/3/2017,530.7241821,532.6575516,512.3422393,519.2186722,2977400
10/4/2017,525.6466675,532.9715136,523.2050318,532.9715136,1164120
10/5/2017,524.0719604,530.77893,519.1488487,528.0882104,1288490
10/6/2017,527.9835205,533.5693974,522.7614467,526.6929654,2575320
10/9/2017,528.7658691,534.9297191,527.1912544,530.0663998,1312150
10/10/2017,531.5413818,534.1673823,528.8655645,533.6690919,943630
10/11/2017,528.3074951,543.0170399,523.2099932,534.6656865,3241560
10/12/2017,537.3713989,538.4526503,527.1912982,529.1794723,1443020
10/13/2017,535.6871948,542.9372847,534.1673846,539.6485797,1317880
10/16/2017,533.5992432,541.8010836,529.7026391,541.0437333,1364980
10/17/2017,533.8434448,539.613687,528.9602351,536.1605075,1386370
10/18/2017,529.6876831,536.1405195,481.0595096,536.1405195,1011220
10/19/2017,528.7958374,532.4732238,523.2050325,532.4732238,211220
10/23/2017,526.9221802,530.8786378,521.7100817,525.6964052,887070
10/24/2017,523.4840698,531.675936,522.5123669,531.2772793,830740
10/25/2017,497.9915161,535.7618979,488.942544,525.9954167,2423900
10/26/2017,496.4966431,504.9675812,486.8497163,497.2938957,2331690
10/27/2017,501.6738281,507.1849193,497.1742812,497.1742812,1588400
10/30/2017,497.7772522,505.7648636,495.4951036,504.6686184,1106100
10/31/2017,499.3219299,514.1111873,486.431158,499.7853364,3186070
11/1/2017,500.5427551,508.1566177,498.2904725,503.2733772,996290
11/2/2017,496.5115967,505.067236,495.3007544,505.067236,795400
11/3/2017,501.5393066,506.4823393,494.8024101,497.1941982,1237010
11/6/2017,499.2471619,503.2733572,497.4932002,501.2801954,794960
11/7/2017,496.3969421,502.0774349,493.8058258,502.0774349,1014530
11/8/2017,500.5527039,502.7202857,493.3075713,498.7887665,1409280
11/9/2017,498.9631653,507.6583403,497.4334403,498.7987513,1395970
11/10/2017,501.026062,505.7897175,497.2938714,500.3832783,849730
11/13/2017,498.1260376,503.2733868,494.5632789,501.0808965,849850
11/14/2017,499.7255554,504.170298,494.7526262,496.1328701,658220
11/15/2017,488.5888367,503.1737801,483.3418227,500.7670282,1162970
11/16/2017,496.7706909,499.2222715,488.8279396,493.2079019,843340
11/17/2017,511.2210693,517.7885643,499.7903155,501.2801991,2272230
11/20/2017,515.5860596,519.7169066,512.6511217,513.9167988,859750
11/21/2017,518.8399048,522.6070095,509.7510925,518.2220295,1054690
11/22/2017,515.8652344,520.3149346,513.2392336,518.8200631,1042440
11/23/2017,511.6047668,517.1258641,508.3559337,517.0261695,819410
11/24/2017,514.2955322,517.3251162,510.6131585,512.3521873,673520
11/27/2017,513.423584,514.2308122,510.3491097,514.1361662,953400
11/28/2017,522.2283936,525.6765249,510.5135791,512.7459108,1536010
11/29/2017,528.7460938,533.0712827,520.6986888,524.2016861,1618510
11/30/2017,519.6271973,527.1912727,513.3387745,523.3544608,2822180
12/1/2017,508.1416626,526.4189223,504.2699361,519.5923674,988230
12/4/2017,503.9510498,511.9436485,498.7887678,508.2562868,1317940
12/5/2017,498.6542358,506.6916639,496.576373,503.3780504,1548860
12/6/2017,494.7675476,501.5742124,488.822946,495.3057098,2087150
12/7/2017,505.2864685,507.5586719,492.3109953,492.3109953,1206190
12/8/2017,510.7576294,513.0099117,505.2863802,507.2596211,1410240
12/11/2017,508.8841553,514.1361565,504.2350964,514.1361565,815430
12/12/2017,509.2229919,511.1464164,505.6153736,510.2494692,1182850
12/13/2017,503.8862915,510.7477614,498.405096,509.7362171,1170020
12/14/2017,509.8757324,511.4453596,498.2904788,498.2904788,1615850
12/15/2017,515.2672119,516.976375,509.4023536,514.2357774,1457000
12/18/2017,519.2784424,521.5905174,498.6940651,503.2733555,998800
12/19/2017,526.1448975,526.9919669,518.341652,523.7032621,917370
12/20/2017,529.4534302,532.1740759,525.297645,526.9918443,1007080
12/21/2017,533.5046997,535.1639851,529.6927653,532.1742422,877110
12/22/2017,540.9590454,542.6283062,529.7823642,529.7823642,1164520
12/26/2017,538.5075073,541.641774,533.669126,541.3328364,597370
12/27/2017,530.8088989,540.0272724,526.2744679,539.2499101,789240
12/28/2017,528.7608643,533.8683408,524.8343335,527.2908711,1372760
12/29/2017,521.2516479,531.1776155,516.7521314,526.1996988,788920
1/1/2018,515.416748,529.0599445,513.3986472,519.0193787,448990
1/2/2018,508.3659363,521.1122466,503.049185,518.2121618,791230
1/3/2018,508.2014771,516.2089782,507.1401159,512.1778253,1194130
1/4/2018,504.5241089,511.7443332,503.3730591,510.2494618,792050
1/5/2018,510.96698,512.7359356,505.8744657,508.136724,1518180
1/8/2018,520.3397827,523.5039148,512.8554507,515.2323058,1810680
1/9/2018,513.8769531,522.4475239,508.7545131,521.2117734,2335100
1/10/2018,518.1773071,525.4573243,511.246069,514.2358121,2600210
1/11/2018,512.8804321,518.022763,511.7443153,518.022763,711600
1/12/2018,504.000885,515.2323411,501.4795365,512.8804248,2247580
1/15/2018,499.3219299,508.7744855,498.4000743,503.472698,1731850
1/16/2018,493.9852295,504.269952,491.8126904,502.177126,1241860
1/17/2018,494.79245,499.486368,487.3679404,493.3075541,1406370
1/18/2018,490.5769653,502.7751069,486.7799942,498.9881113,2110860
1/19/2018,495.6046753,500.3832943,482.5793552,490.3178207,1104060
1/22/2018,503.4178467,504.763237,493.4072086,498.2904489,1048910
1/23/2018,499.7454529,507.1600173,497.0547027,502.4761052,1783010
1/24/2018,499.7305298,505.545571,493.2078942,499.7853344,880030
1/25/2018,491.6183472,505.2665303,488.3246545,500.7819161,1490770
1/29/2018,489.5604248,499.2870648,488.22501,493.2577621,1004040
1/30/2018,485.8979797,492.2113114,484.3383282,490.8161042,1043320
1/31/2018,479.5895996,484.6821439,472.0255542,484.4379864,2201610
2/1/2018,502.1173706,506.2631512,475.36914,479.460116,3508580
2/2/2018,491.8873901,513.0497692,487.4226971,498.3900739,3751600
2/5/2018,490.1184692,497.7821787,474.6764532,479.3554078,2959400
2/6/2018,488.7830811,493.2079029,448.4614246,448.4614246,2630800
2/7/2018,499.491333,503.8713257,491.0702424,499.1873831,2014350
2/8/2018,503.9959106,515.6310116,495.7990262,498.2904786,1545860
2/9/2018,504.2051697,507.0603643,494.4237254,497.2839078,1446000
2/12/2018,521.7550049,522.607123,502.5558869,507.8876016,1411760
2/14/2018,517.1258545,533.1707827,513.4683588,524.2015546,1545470
2/15/2018,511.2808533,527.2909278,509.4571236,518.222066,1041970
2/16/2018,504.09552,518.2020903,501.280167,515.1177018,884680
2/19/2018,498.3652039,510.2344556,495.3007054,507.7579666,1469280
2/20/2018,499.7156067,503.173744,495.9186355,501.2802462,1078990
2/21/2018,495.6445618,503.2982963,493.8158442,502.2768069,1008450
2/22/2018,493.4919434,501.280226,490.8310892,497.194238,1234530
2/23/2018,500.2488098,503.9710559,492.3110453,492.6249708,1363960
2/26/2018,517.5195313,524.2016241,501.2852481,503.3730866,1692300
2/27/2018,510.3840027,520.9626999,508.3659019,519.0193549,829610
2/28/2018,503.4427795,511.4253718,501.3001063,507.259671,1304850
3/1/2018,498.2306519,507.0503988,496.8952371,503.4726771,849160
3/5/2018,502.0227051,505.0274115,493.5268579,498.2307216,1141330
3/6/2018,496.3620911,508.0519965,493.8058585,505.8146467,868420
3/7/2018,481.9614868,496.2973135,478.9568111,496.2973135,1237700
3/8/2018,484.7967529,487.2284128,478.3588486,484.7319727,1023510
3/9/2018,494.927002,497.2938817,482.8434582,487.6669063,1400740
3/12/2018,502.2818298,506.0489049,495.0217333,498.5396632,1077040
3/13/2018,508.0968323,510.244463,499.9448073,502.1771389,925700
3/14/2018,509.412262,511.684465,503.617142,507.2596437,789750
3/15/2018,501.7286682,512.2475724,500.2886015,509.4023229,822930
3/16/2018,499.4215698,506.7613783,495.4601547,495.4601547,1782450
3/19/2018,494.6479797,503.268399,491.538652,500.2836439,842920
3/20/2018,506.3477783,507.2596583,492.5650784,492.8092358,1077770
3/21/2018,511.3955688,513.2242561,507.2597333,507.2597333,999530
3/22/2018,510.2344666,511.7891304,507.2596871,508.256268,739660
3/23/2018,510.9171448,513.4085972,502.2768049,504.1603575,1737720
3/26/2018,513.343811,517.0112216,504.5838864,511.0466992,1264820
3/27/2018,524.0969849,526.0402692,509.3525556,516.2289584,1297190
3/28/2018,515.3868408,528.0882599,500.4380964,521.2118272,12294620
4/2/2018,524.9390259,527.689599,505.3811253,505.7648186,2394740
4/3/2018,536.3199463,539.9923444,521.4709275,525.0984965,1897500
4/4/2018,521.0672607,542.6980651,518.5011137,540.1468206,1887800
4/5/2018,542.5236816,548.1194734,529.6827275,531.4765609,2053870
4/6/2018,546.5499268,549.509804,539.6536032,544.4621187,1216930
4/9/2018,554.2285156,555.9924832,543.5900272,546.9235609,1376360
4/10/2018,539.439209,556.6850327,537.6503634,556.1967179,1579070
4/11/2018,540.1668701,545.5185054,532.1742708,542.0454351,1462510
4/12/2018,540.2216187,543.5352624,534.6906067,540.6451534,796540
4/13/2018,529.8621216,542.3393338,527.5450588,541.9406771,1798690
4/16/2018,536.7734375,537.8547497,529.1794955,530.1810643,801130
4/17/2018,540.7547607,543.1166527,537.1571182,539.1502801,1297340
4/18/2018,535.3482666,543.8241914,533.6490793,541.6416769,833550
4/19/2018,536.678833,539.3496629,534.1724171,535.6722764,652880
4/20/2018,526.8275146,537.1470896,524.6998049,535.1639035,1573930
4/23/2018,527.5899658,533.0561976,523.8676898,528.073293,878050
4/24/2018,540.9093018,543.5353024,528.1879307,528.1879307,1420750
4/25/2018,541.5720215,547.8754087,536.2851664,542.4390421,1392980
4/26/2018,532.0994873,546.0765599,529.7027417,541.6517379,1617000
4/27/2018,541.666687,544.9304531,533.9680627,533.9680627,871730
4/30/2018,546.385437,551.5975355,538.2632786,544.0335208,931480
5/2/2018,541.8309937,551.2087918,537.5556841,546.1262543,1043240
5/3/2018,538.3579712,545.129721,535.1639126,544.1331401,910650
5/4/2018,532.9765015,540.4558468,530.0017217,538.3530755,566890
5/7/2018,538.2832642,541.1284833,530.1960196,538.1537038,579780
5/8/2018,532.2439575,542.0403646,530.1810278,539.1502557,744720
5/9/2018,533.1210327,537.5558305,529.3938294,532.2739023,450010
5/10/2018,522.0040894,536.3598668,520.7135341,533.6690861,871630
5/11/2018,532.7173462,534.6407401,523.2149736,525.6964504,629420
5/14/2018,536.8033447,538.6519829,530.2358498,532.542937,708700
5/15/2018,537.9046021,542.0703034,530.0963679,530.1810992,1296930
5/16/2018,530.1013794,535.1540527,528.2875946,533.1708661,824530
5/17/2018,555.020813,558.9772708,526.3940506,535.1639505,3930300
5/18/2018,571.020874,580.4087094,544.6314327,555.9874909,5890240
5/21/2018,570.2486572,575.5255367,560.1582744,571.5392126,1630750
5/22/2018,595.1382446,599.9417724,566.2723095,569.5460514,4291380
5/23/2018,577.0253906,593.96228,575.0272408,592.8660652,1623480
5/24/2018,580.6479492,585.4913181,568.4198813,580.0101228,1544930
5/25/2018,605.0940552,607.6453,582.9998719,584.3951096,3166080
5/28/2018,598.8803711,610.0071755,595.9703717,605.9212179,1513430
5/29/2018,586.7719116,603.4297896,584.5047264,598.880395,1176730
5/30/2018,593.8475952,597.4801519,579.5117698,582.8652547,1979760
5/31/2018,602.1590576,613.5848842,591.0522051,597.4502373,2647680
6/1/2018,586.2088013,604.8249864,582.9998399,604.8249864,1538040
6/4/2018,572.8895264,589.4178434,571.0408882,578.2411612,1031830
6/5/2018,575.1219482,579.8108794,566.317193,576.0188956,1376320
6/6/2018,589.4526978,590.9625325,575.7596851,578.7145744,1231560
6/7/2018,599.3686523,601.9348603,588.6853344,591.8694176,1471870
6/8/2018,600.4898682,602.672383,590.5738751,597.7293802,1836740
6/11/2018,604.8200684,612.6980098,597.2609793,599.4434942,1481930
6/12/2018,605.7767334,609.9075812,602.4631502,609.9075812,1069110
6/13/2018,605.4029541,608.71161,599.4533952,605.7218673,937900
6/14/2018,600.7390747,604.9247275,597.0816391,604.9247275,659100
6/15/2018,595.8657227,601.2622477,591.0073903,600.4400562,2511270
6/18/2018,597.5250244,605.2485266,594.2213562,594.5502449,976770
6/19/2018,589.2981567,597.1262793,588.0822966,595.4570187,1246850
6/20/2018,592.7215576,594.9489016,588.8348673,591.6651842,1493340
6/21/2018,597.1065063,601.3369877,593.0254756,593.8626304,2296230
6/22/2018,615.538147,616.8835067,597.0515247,597.9036427,2425970
6/25/2018,614.4569092,627.2081448,612.4986009,617.8801622,2624200
6/26/2018,606.3547974,618.6276956,604.0277587,615.3788316,1649960
6/27/2018,595.4671631,609.8079792,591.9691538,606.818236,1204210
6/28/2018,582.8005371,595.955418,574.0356245,595.955418,2121760
6/29/2018,580.1196899,591.2415668,578.8141714,584.9929851,1535690
7/2/2018,575.8543701,585.989581,573.0788582,583.9964192,1136580
7/3/2018,586.5078735,587.8831602,574.0107088,575.8046033,1622730
7/4/2018,601.22229,602.8318193,585.7802736,587.6837772,1922020
7/5/2018,605.0005493,611.4253242,602.6080365,602.6080365,1991870
7/6/2018,603.9587402,614.0570396,598.122085,606.0970462,1680490
7/9/2018,610.5530396,614.5704555,603.3706338,607.0939293,1003370
7/10/2018,618.0396118,619.5548741,610.7076504,614.0720876,1299720
7/11/2018,609.5112915,617.8600786,608.2652039,617.8600786,1012770
7/12/2018,624.1702881,627.0313004,610.0894978,610.5829436,2243230
7/13/2018,630.4654541,632.8130635,622.8443635,627.818735,1826840
7/16/2018,622.8294678,633.0723325,619.6544389,631.0187825,1314750
7/17/2018,632.6188354,634.7073103,619.3006633,620.5517404,1054540
7/18/2018,634.5776367,640.9875045,632.5141082,637.0000239,1680660
7/19/2018,627.7191162,635.7040552,610.1293244,635.7040552,2940300
7/20/2018,664.3093262,676.0773714,618.0595145,629.922294,9689730
7/23/2018,690.1431885,696.8122524,661.0245888,661.0245888,6016000
7/24/2018,680.6329956,692.6253109,674.9906769,692.6253109,2792820
7/25/2018,692.7749023,705.7840452,681.4005802,682.8560325,4316270
7/26/2018,701.328064,706.5815281,692.9643091,693.7219401,2626790
7/27/2018,690.5518799,707.7778257,687.1974215,707.6432385,1958000
7/30/2018,687.4266968,695.6807497,683.9575474,694.220369,1219520
7/31/2018,695.5461426,699.3043623,683.354441,690.0334827,1318140
8/1/2018,696.8272095,715.0749104,691.9275537,701.7666573,3037200
8/2/2018,688.1743164,701.6968612,686.843473,701.5921485,1236080
8/3/2018,692.1418457,696.2090926,685.7618529,693.8215693,1414300
8/6/2018,689.7394409,697.3106402,688.6378581,696.3137701,984370
8/7/2018,697.230835,699.8027767,688.3985809,691.1299951,1399860
8/8/2018,702.9528198,707.7677189,695.8202466,701.5970912,1987510
8/9/2018,705.2955933,709.7715304,697.8090889,702.952912,1109270
8/10/2018,706.1679688,711.2320868,697.4453537,705.0564681,1390360
8/13/2018,692.3711548,705.4202117,690.7113879,700.7249314,918320
8/14/2018,709.0438843,710.8132924,693.3232218,693.3232218,2462530
8/16/2018,705.3852539,717.7464674,702.4046221,706.7808964,2075670
8/17/2018,707.5136719,714.656286,705.2856815,710.2700326,1209810
8/20/2018,704.149231,713.749096,702.7935021,710.6688011,918980
8/21/2018,709.4325562,710.7683889,699.0252298,708.1765509,1446110
8/23/2018,706.9902954,716.2511971,705.295604,714.7558919,1374090
8/24/2018,702.8582764,710.6687761,700.326248,706.9803443,1281110
8/27/2018,700.8146362,709.0188575,699.20969,706.7011224,1367240
8/28/2018,694.9630127,705.1859203,691.4240752,705.1859203,1453210
8/29/2018,694.6738892,701.9959316,687.8901955,695.3168898,1774320
8/30/2018,690.8209839,697.1810198,687.8403521,694.71878,1675020
8/31/2018,672.6680298,694.6589816,670.3951368,691.8278437,2238870
9/3/2018,663.2077026,681.8591646,660.4264569,674.8810737,1962210
9/4/2018,648.78302,665.2911868,645.9768282,663.9155012,3914490
9/5/2018,648.2695923,653.8620189,638.096516,647.9655542,1829310
9/6/2018,652.6807251,655.4320962,643.8684277,649.9592893,1556790
9/7/2018,657.9442749,661.8519888,648.4640301,657.9342965,1155760
9/10/2018,632.7583008,656.0401823,629.5234622,655.9405196,2387990
9/11/2018,634.2237549,645.8920759,623.2432158,633.122172,3581400
9/12/2018,639.2878418,645.3737756,630.0219506,633.1122238,1937420
9/14/2018,668.8650513,677.7720842,638.1963245,645.8722373,2650420
9/17/2018,652.9449463,667.8979982,650.9561952,667.0257369,1650640
9/18/2018,650.7169189,661.4831036,647.4671128,654.9436383,2224700
9/19/2018,629.2294922,655.940613,626.139158,653.4484375,2077890
9/21/2018,624.0108032,642.482837,534.9205193,634.2088266,6819760
9/24/2018,604.8658447,628.7259259,598.9045207,628.5863495,5103260
9/25/2018,616.6290283,623.0438857,591.3484142,604.1033516,3454210
9/26/2018,619.3106079,626.9317001,616.8632745,618.7573522,1645880
9/27/2018,596.1083374,622.0469158,593.6460976,619.953513,2767350
9/28/2018,598.7401733,604.0535085,586.6581114,596.8261996,2547700
10/1/2018,586.3441162,602.1096214,575.2937878,598.1221405,2762520
10/3/2018,573.4495239,593.0380457,568.3156186,588.9508418,3129200
10/4/2018,561.4472656,571.2066026,550.7458182,564.2285115,2098250
10/5/2018,535.8825073,570.3093914,520.6552914,559.6429294,2528810
10/8/2018,537.8662109,548.2785259,521.4028875,533.3254752,2713150
10/9/2018,541.2107544,556.253552,525.8789472,539.5061454,2161600
10/10/2018,594.2841797,599.5177481,541.3005055,543.7926809,5146980
10/11/2018,557.449707,575.6924156,553.3625036,566.7205857,3194630
10/12/2018,579.5354004,589.1701889,566.232198,568.066405,2972240
10/15/2018,561.661499,579.6799375,559.343764,579.6799375,1749470
10/16/2018,563.9394531,573.195366,554.8130774,563.9294747,2195860
10/17/2018,536.3410645,572.2034423,533.325508,568.2159618,3018250
10/19/2018,540.223877,549.679237,522.3649694,535.3192926,2966400
10/22/2018,523.37677,549.3750989,519.0204525,545.2879558,2112100
10/23/2018,515.1576538,526.8459333,503.9179173,523.3568874,4562510
10/24/2018,537.4575806,543.144681,493.9491631,518.3724819,11055500
10/25/2018,535.0849609,544.4954165,524.0794768,528.2414579,3454210
10/26/2018,538.2301636,541.6993134,524.1543606,536.3161897,2905360
10/29/2018,539.291748,547.3863283,533.6445009,539.8051507,2917080
10/30/2018,537.4276733,543.7926994,530.5891583,540.3036536,2910370
10/31/2018,538.7734375,541.8985742,522.4596068,539.6057851,3551310
11/1/2018,536.9641724,544.9889655,535.3841111,540.3036633,1936180
11/2/2018,550.8007202,560.6198673,537.8114723,537.8114723,4141850
11/5/2018,555.2167969,563.5605948,548.4430207,554.2597797,2031870
11/6/2018,557.3500366,567.1991179,554.7532095,558.1276245,2083500
11/7/2018,561.0584717,562.7332062,558.2472905,562.7332062,176240
11/9/2018,568.3555908,570.7081899,557.8136763,566.222274,2360680
11/12/2018,553.1730957,576.4898992,549.9233507,568.7143255,1656170
11/13/2018,555.4261475,559.1793783,551.8723028,552.3657487,1485880
11/14/2018,556.0193481,563.0323036,554.2598576,558.8454364,1375230
11/15/2018,557.9581909,566.7206573,556.14388,556.14388,1944500
11/16/2018,567.7823486,571.2065952,559.5133278,562.2347638,1411400
11/19/2018,570.8028564,574.6956637,563.2316566,570.2097479,983620
11/20/2018,567.0744629,574.6656182,563.0321624,569.7112035,1222960
11/21/2018,583.3634033,585.4219425,567.2190848,567.2190848,2140250
11/22/2018,570.5137939,590.7702038,568.2160154,585.1628089,1986440
11/26/2018,571.9940796,580.6568833,566.6708273,571.226531,2036760
11/27/2018,586.1945801,589.1503272,571.2066624,572.2035327,1825400
11/28/2018,580.0238647,589.8580396,577.4420052,589.1502399,1289490
11/29/2018,599.1936646,603.1063672,582.4711455,583.1689667,2639560
11/30/2018,597.5588989,608.0908353,594.1346521,600.0859382,3583070
12/3/2018,598.0523071,606.9294651,595.6349092,604.1033163,1597690
12/4/2018,605.1201172,607.0939005,598.5557056,600.1158097,1662850
12/5/2018,588.40271,605.1002879,582.0476616,605.1002879,1595610
12/6/2018,564.9761353,589.1502354,561.3924164,588.3527515,1928950
12/7/2018,583.1590576,585.716032,565.0758185,569.0533815,2200390
12/10/2018,567.612915,576.9884474,559.4435566,559.4435566,2458450
12/11/2018,580.8912354,585.1627973,560.5500701,562.533832,2315800
12/12/2018,597.0255737,600.4747056,583.2687166,583.2687166,1567020
12/13/2018,614.012207,620.8507217,600.125813,603.1064451,2725480
12/14/2018,615.8314819,618.8769128,608.2203689,616.0557534,1687090
12/17/2018,606.8746948,617.959887,603.1064961,615.5723633,1539500
12/18/2018,613.3392334,614.5703532,605.7679741,607.0938283,1514110
12/19/2018,638.5401611,640.4890593,616.8732034,617.0626112,3555770
12/20/2018,638.4902954,640.0902524,628.2425027,631.0237483,1876010
12/21/2018,634.0193481,647.9655508,627.6393553,642.6821516,3098510
12/24/2018,625.4811401,637.3937495,624.0406556,634.0841336,1322470
12/26/2018,641.8897095,644.4765583,613.0751483,625.2369764,2726100
12/27/2018,638.5003052,652.9499328,633.0125303,647.9655822,2977170
12/28/2018,648.2546387,650.9561786,639.2529333,640.3893798,1998070
12/31/2018,645.6679077,657.0571386,641.6056491,652.7506516,2048880
1/1/2019,650.1537476,650.9562207,639.7912627,649.4609155,1418210
1/2/2019,636.4019165,650.5574237,634.0094038,645.4734104,2212740
1/3/2019,636.3320923,645.9618304,631.1832194,641.8846659,2158450
1/4/2019,639.0386353,643.9781441,633.7103933,639.9856741,1563230
1/7/2019,638.7096558,647.9655679,636.5015617,643.0310487,1032170
1/8/2019,642.2885132,643.9782156,633.5110775,640.9876047,1112490
1/9/2019,637.9071655,645.5730996,634.507865,643.9781317,1597690
1/10/2019,635.2006226,640.9874459,631.7863548,640.4890109,1647150
1/11/2019,635.1707153,636.9900154,627.1309555,633.5109485,1224320
1/14/2019,634.8867188,636.8904377,624.5392009,636.8904377,1524090
1/15/2019,648.9324951,650.3580729,636.0031192,636.5015543,1333360
1/16/2019,644.4614868,651.4545445,642.0241324,647.9654995,1196800
1/17/2019,633.909729,646.4702681,631.6218683,644.5761905,1390430
1/18/2019,623.0338745,635.9981759,621.0501126,634.617501,1916260
1/21/2019,636.456665,637.9968122,619.1659229,623.4275666,1771760
1/22/2019,641.5407104,642.6871354,633.0124943,635.7040557,1737750
1/23/2019,647.2827759,650.7568539,638.4953626,640.9725705,1874450
1/24/2019,638.7245483,649.7100761,636.2074879,649.4608586,1089930
1/25/2019,630.1765137,645.9619144,626.7273209,645.9619144,925250
1/28/2019,603.196167,633.2916783,593.0181012,631.5172203,2992860
1/29/2019,621.3540649,627.5296821,593.2373288,599.6173213,5789580
1/30/2019,622.7647095,634.8866849,618.0943751,627.5297781,3387880
1/31/2019,607.2833252,624.9279389,603.1064369,622.465638,3776320
2/1/2019,607.7866821,623.0437707,603.604805,610.4732542,3119840
2/4/2019,599.0392456,610.2839711,597.6885059,609.1724705,1281080
2/5/2019,599.8267822,604.5021058,595.0318391,600.1108635,1753040
2/6/2019,618.9217529,621.149743,602.9867988,604.0036258,2289700
2/7/2019,623.3528442,626.9266455,618.0594664,620.0482174,1348790
2/8/2019,616.3348999,627.4749112,613.1697886,623.5023984,1384560
2/11/2019,607.71698,620.4021286,605.8079955,616.4645401,1135180
2/12/2019,607.7319336,615.4676557,604.6117252,609.5860975,1488690
2/14/2019,601.6710205,612.1231907,600.6143405,609.9849454,1983370
2/15/2019,600.6591187,606.0970625,583.6674837,603.106452,2778710
2/18/2019,586.6731567,606.4011987,584.2008769,605.0006275,2452220
2/19/2019,595.1065063,601.1126731,584.4001312,586.8076114,2130670
2/20/2019,597.9675293,602.6079889,591.3632647,598.8198946,1617130
2/21/2019,614.979126,620.0532217,596.3277248,602.1095594,2301210
2/22/2019,617.6258545,625.306756,612.7711017,615.0688801,2110120
2/25/2019,631.3726807,637.1296302,616.0657588,620.0532395,2321700
2/26/2019,643.2454834,647.7912092,622.1616537,624.5391989,5645230
2/27/2019,639.9755859,648.9324485,636.0080627,645.4733387,2985390
2/28/2019,644.2223511,645.9718631,639.3027993,645.7724769,1589310
3/1/2019,642.0441895,651.9530812,640.7931125,645.9718603,2220760
3/5/2019,652.3268433,662.9185876,636.6011938,641.9843164,2297930
3/6/2019,658.8463745,660.4264355,649.7948379,658.9311304,2369210
3/7/2019,657.784729,664.7727983,654.4452384,655.950522,1990320
3/8/2019,659.6239624,661.9217407,652.9499098,654.94365,1448670
3/11/2019,676.2367554,679.0778715,659.1553773,659.5790957,2684600
3/12/2019,683.942688,686.9432161,677.054281,683.6535567,2623730
3/13/2019,687.6610107,690.9307134,677.1390531,682.8560891,2212330
3/14/2019,691.0403442,693.3231549,683.618639,687.8403693,1812360
3/15/2019,690.6265869,698.2078252,687.8403521,689.8340922,2194560
3/18/2019,694.2203979,696.812236,685.8516536,694.8184957,1360100
3/19/2019,695.3817139,701.3977983,692.8247396,697.8090902,1608370
3/20/2019,693.173584,697.6794562,688.5580707,696.8121841,1195250
3/22/2019,693.8265991,705.7840515,691.7182285,694.81848,1556240
3/25/2019,689.5599976,694.7387454,685.9463432,692.097076,1382800
3/26/2019,696.5978394,703.7902838,689.8341026,694.5194042,2215970
3/27/2019,695.8502197,705.6843947,692.9593328,697.8090963,4448930
3/28/2019,693.0789795,700.0720384,683.6037236,697.2110258,3282400
4/1/2019,713.6394043,715.7527641,701.7965821,706.7809328,3114820
4/2/2019,725.6815186,728.8116442,713.7489528,717.4872154,2646660
4/3/2019,737.8384399,742.6682465,726.234857,727.6155319,4267380
4/4/2019,729.5643311,739.8769836,725.9208026,738.8352715,2021730
4/5/2019,737.4645996,739.7224642,729.7487738,732.6995313,1701430
4/8/2019,732.425354,741.6713484,728.7120372,741.5517289,1659750
4/9/2019,735.6104126,737.6839196,724.9239937,731.7026986,1598660
4/10/2019,740.0066528,742.1698441,732.2011423,735.0821117,1654870
4/11/2019,753.907959,756.6244057,737.3050583,739.6277826,2766070
4/12/2019,751.3260498,757.1178627,748.2506836,754.8300629,1807070
4/15/2019,748.5647583,755.6276055,745.6888389,755.6276055,1012400
4/16/2019,755.5229492,759.6150819,747.2538672,752.4376044,1281210
4/18/2019,754.7454224,757.1229677,744.1636542,756.9235815,1626900
4/22/2019,744.9360962,755.6275032,743.2014912,755.6275032,1270230
4/23/2019,747.1591187,750.9422236,746.1572593,746.4563082,1100140
4/24/2019,761.4044189,764.8486223,745.2152574,746.6557421,1338870
4/25/2019,764.5494995,771.1736596,760.1134156,763.951341,2885100
4/26/2019,769.708374,772.2952229,760.1134987,766.1046981,1093060
4/30/2019,749.6911621,770.5805922,742.5834734,769.7083309,2533990
5/2/2019,755.5130005,760.1135468,747.7374249,749.8457957,1035510
5/3/2019,760.0337524,764.5894565,756.6244734,757.1229085,804220
5/6/2019,764.3950806,767.5651206,753.3946445,755.627624,1188240
5/7/2019,753.8282471,767.4654237,750.1448045,765.9950646,1035530
5/8/2019,732.2759399,752.7366643,728.9413775,752.6370016,2303830
5/9/2019,744.3928223,747.0744054,725.5220778,728.2136393,2381930
5/10/2019,736.05896,750.5385223,732.7991753,747.1541289,1819240
5/13/2019,732.4353638,739.2988244,728.0391932,739.2988244,1118690
5/14/2019,734.2647095,739.4783213,720.34339,729.7239729,2696370
5/15/2019,743.1367798,751.1416765,731.2192407,737.5842665,2440310
5/16/2019,759.3609009,763.9166051,739.8770895,746.0327509,3557880
5/17/2019,796.7932739,800.4617486,756.4599484,765.097806,10124150
5/20/2019,820.9224243,826.8039815,803.0784274,803.0784274,3430890
5/21/2019,815.9780884,830.8912881,807.4698282,821.3213587,3791150
5/22/2019,819.5817871,824.7106425,807.6641877,816.835405,2152330
5/23/2019,798.8220215,827.7013222,795.5024267,824.9100978,3114710
5/24/2019,812.6185303,815.9381245,797.326578,798.7919477,2245940
5/27/2019,818.734375,822.4178173,808.6610223,812.4491164,1698590
5/28/2019,810.3108521,821.6702067,804.4243656,817.4335086,2634090
5/29/2019,810.6298828,813.4460532,802.9938841,810.2959702,1060400
5/30/2019,820.1151123,823.4147501,809.4585679,812.4491784,2114110
5/31/2019,816.2322998,825.3088441,812.7133797,819.3276231,2521990
6/3/2019,832.1971436,833.8818565,816.8354018,816.8354018,1709660
6/4/2019,828.6831055,836.1745986,826.639534,831.8830803,1323330
6/6/2019,809.9769897,833.6626353,807.674222,830.2932092,1766360
6/7/2019,817.6677856,821.9194515,807.8037967,813.4460551,1590280
6/10/2019,827.8458252,833.3834315,820.0951356,823.4147302,1863620
6/11/2019,824.4763794,831.2999261,821.5804425,828.3990608,1655780
6/12/2019,821.979187,826.2657162,816.0279019,824.9099875,1253710
6/13/2019,826.6396484,829.3960092,818.7294858,821.1668408,1151530
6/14/2019,820.937439,828.8974316,817.4334262,826.1062076,1013310
6/17/2019,809.5880737,821.8196886,806.931437,821.8196886,1040580
6/18/2019,822.0440674,824.9100691,810.4554516,811.8510942,1347110
6/19/2019,823.1157227,828.3991225,816.5662782,825.906947,1303340
6/20/2019,839.1503296,844.7478067,815.1407505,815.1407505,1435960
6/21/2019,836.6182861,843.2524862,833.7323276,835.5765739,2309150
6/24/2019,832.8501587,840.5609348,831.1903309,836.6182963,1079270
6/25/2019,832.0028076,837.3360997,830.0938231,832.3866124,1088730
6/26/2019,838.4176025,841.1540062,827.8108899,831.3597451,1178840
6/27/2019,841.7471313,845.246155,837.390814,837.8892491,1570720
6/28/2019,849.796936,853.1064914,839.7434787,841.7471974,2242780
7/1/2019,849.4380493,854.8161834,847.6436952,852.1246218,1027350
7/2/2019,844.8324585,852.2242894,839.5640267,852.2242894,1523060
7/3/2019,840.4063721,848.3364911,837.9291644,848.2368284,1616610
7/4/2019,851.0828857,852.9320604,839.3646722,839.3646722,1449460
7/5/2019,840.8947754,855.3145279,838.5073129,851.8254826,1594490
7/8/2019,756.9284058,847.3295638,743.9690951,847.3295638,8262060
7/9/2019,783.0814209,790.9517309,739.573061,756.6245068,12678160
7/10/2019,763.4230957,788.2451256,757.8854894,779.5424688,5062770
7/11/2019,762.4258423,777.7128678,757.9683463,767.142558,3731190
7/12/2019,770.4035034,775.8082872,761.3589309,766.8435074,3505710
7/15/2019,769.2816162,775.8182265,765.0485255,772.8964505,1786630
7/16/2019,785.9597168,787.784602,768.0451302,768.9375789,1911880
7/17/2019,783.2523193,788.6820569,779.856839,785.9896165,1682840
7/18/2019,782.56427,788.5723374,778.8098137,783.6661518,1344660
7/19/2019,754.5131836,787.7846086,748.4950734,787.7846086,4068510
7/22/2019,714.2364502,752.2844825,706.094369,751.985275,6934770
7/23/2019,715.0241699,723.4604672,709.5047187,714.4707336,3249220
7/24/2019,704.5487061,720.2744408,694.6514901,718.4795007,4417630
7/25/2019,676.328064,714.9893632,674.1043369,705.0074239,10957450
7/26/2019,721.2716064,727.7533782,661.3102267,675.6000575,12828980
7/29/2019,710.0880737,726.3273778,707.0117033,721.47104,4190890
7/30/2019,705.8201294,723.7397686,703.6212957,712.9949601,3425040
7/31/2019,707.7944946,710.3224197,687.5664074,706.8122715,3561180
8/1/2019,706.2139893,715.9665313,695.100224,705.5159401,3657970
8/2/2019,704.3891602,710.501975,688.2645218,693.5496472,4698110
8/5/2019,696.7356567,701.5271748,692.2532669,695.5440006,2960690
8/6/2019,707.6450806,710.8011835,693.0511097,693.0511097,3499450
8/7/2019,713.2391968,716.9836713,705.6605342,709.5047039,3958530
8/8/2019,727.0005493,735.5614966,710.8011094,717.9859218,2437180
8/9/2019,748.2955933,756.871451,730.4457679,733.4373547,4164120
8/13/2019,706.9268799,752.3840621,704.6233605,748.8938776,4065280
8/14/2019,739.4405518,742.9007915,711.0055027,717.7814302,5465780
8/16/2019,741.8537598,755.3757308,726.2925406,737.0273059,4591640
8/19/2019,735.5963135,750.9731144,731.9964518,744.4365041,3001280
8/20/2019,721.5857544,742.9107941,718.6789508,739.919207,4278810
8/21/2019,712.5811157,731.3433554,709.7390714,722.0693866,3692630
8/22/2019,674.8371582,716.609697,672.1098428,714.3909611,7101960
8/23/2019,686.5292969,694.3472762,656.2543925,675.40056,6139540
8/26/2019,717.0634155,720.3391762,689.0172898,712.8951453,5470430
8/27/2019,710.6515503,722.1691486,707.5103594,720.0550986,6833270
8/28/2019,701.6218872,711.9977378,696.371698,708.7070041,3926260
8/29/2019,696.0275879,703.5215278,691.1762408,700.5299408,3127640
8/30/2019,709.9584351,712.6508754,694.5467595,697.7377977,4724090
9/3/2019,700.6595459,707.4055887,698.0369166,703.0228946,2374460
9/4/2019,700.3405151,705.7154146,693.0510169,701.0285826,3033580
9/5/2019,698.1416626,707.5053446,693.409974,703.0229549,2810480
9/6/2019,715.5776978,716.7792748,700.380384,700.380384,3021260
9/9/2019,730.3411865,733.676777,711.7085867,713.992143,3978400
9/11/2019,733.357666,739.8195357,727.4542843,732.93387,3480660
9/12/2019,727.1501465,733.7266231,710.6664719,733.4374582,2508030
9/13/2019,736.8029175,737.8998083,723.5651212,728.3467181,2137560
9/16/2019,725.9834595,736.4290606,723.2560828,729.4337178,2519900
9/17/2019,713.0447388,730.4458151,708.8366023,727.0553255,2501050
9/18/2019,723.470459,732.7393758,717.5819893,720.0749785,3073940
9/19/2019,716.8490601,722.86717,711.5539535,722.5679627,2223700
9/20/2019,767.2073975,777.8125826,708.2083406,720.9724323,9650270
9/23/2019,827.447998,836.9362679,780.903845,782.9979923,8063210
9/24/2019,821.7590942,835.1264714,813.4175617,827.4730063,3767340
9/25/2019,823.244873,835.1464012,813.7914774,819.794554,4748530
9/26/2019,844.0863037,847.496696,827.1738425,827.6724404,5815770
9/27/2019,852.637146,855.2947113,838.043239,845.6219015,3842780
9/30/2019,848.9127197,864.4490464,838.6764909,853.5995519,4627170
10/1/2019,843.4630127,858.9793747,826.2663784,854.6963755,3528090
10/3/2019,842.2763672,846.1205371,829.7116651,840.9351073,2077590
10/4/2019,827.7472534,851.7397801,822.7562839,849.0124644,2714160
10/7/2019,819.6948242,833.1569655,816.7032373,827.1737916,2769900
10/9/2019,829.4923706,832.6484733,815.3072245,825.5783894,3298370
10/10/2019,817.8848877,832.1597454,815.2074199,825.6779739,2000050
10/11/2019,814.6539917,830.5492925,808.2270586,820.0937109,2702600
10/14/2019,805.9584351,823.09524,802.9419547,817.2018404,1903720
10/15/2019,801.3314819,810.720057,799.0528558,810.720057,2171140
10/16/2019,811.1488037,823.6835596,804.2432364,806.2874752,4531540
10/17/2019,829.3327026,833.3962871,807.927932,813.1133616,6224660
10/18/2019,824.2769775,841.3938812,820.6920881,829.2679471,3529090
10/22/2019,798.6390991,836.9463506,795.2885361,827.6724426,5033680
10/23/2019,804.831604,825.3389352,799.8506165,815.0080028,5709890
10/24/2019,806.8309937,817.7004508,801.2467222,810.7150903,3365150
10/25/2019,794.9793701,813.7116639,782.9980496,811.8169678,3548440
10/27/2019,797.9061279,806.2775441,793.2043236,795.7621329,417550
10/29/2019,812.8041992,815.1425937,799.0528328,809.0247889,3899230
10/30/2019,805.9734497,817.6057766,803.8643905,817.3863619,2264060
10/31/2019,811.1538086,821.8836431,807.7284441,809.7228353,4232870
11/1/2019,836.1235962,840.5362356,808.7755177,814.5093927,6564390
11/4/2019,868.2183228,872.5461786,842.6552638,845.6218965,5528120
11/5/2019,882.0943604,886.2825943,863.1127069,877.532178,5984200
11/6/2019,874.8247681,885.0111485,869.6593018,877.5321811,3203030
11/7/2019,880.8129272,883.4854043,873.747835,877.3327242,2133830
11/8/2019,879.4119263,892.4901379,872.5462242,877.0336048,2949040
11/11/2019,887.8331909,889.9970884,875.0391541,877.4324479,1749780
11/13/2019,895.3171387,900.1684856,883.0715474,886.3074423,3606730
11/14/2019,903.6437988,906.5506024,887.5041886,895.4767635,3486340
11/15/2019,903.244812,911.4368008,900.8266248,904.4763949,2959190
11/18/2019,907.8718262,910.0407145,899.016724,904.0076931,2117600
11/19/2019,912.7132568,916.3231002,904.0874902,904.4564477,2376530
11/20/2019,905.3789063,915.9242631,903.4593167,910.9382845,2439930
11/21/2019,902.9707031,909.143347,900.6671835,905.9523086,1733280
11/22/2019,901.3950195,905.453613,895.5813521,903.4392584,1557720
11/25/2019,914.927002,919.4143823,898.9918351,902.5617516,1484370
11/26/2019,909.5720825,918.915801,906.4109893,914.4284205,2950940
11/27/2019,920.257019,923.4331457,909.5721014,911.5365477,1473510
11/28/2019,921.4187622,925.8712067,916.4277931,922.8547264,1646350
11/29/2019,908.4702148,920.9899992,906.9794122,920.4116087,1488770
12/2/2019,892.3206177,908.4452546,887.5041456,908.4452546,3207500
12/3/2019,906.4259033,910.1703779,890.1467328,894.9831074,1808800
12/4/2019,900.4926758,906.2514445,892.9937446,904.3468274,2164590
12/5/2019,894.0357666,900.4926451,890.9993228,898.9718973,1192460
12/6/2019,882.8272705,901.0161093,879.9503513,898.6727239,1670270
12/9/2019,890.3960571,896.9525701,879.6312858,887.1750737,1498330
12/10/2019,890.2164307,896.7779948,885.4100014,888.5012834,1439350
12/11/2019,905.3638916,907.4480573,890.9993197,892.4901223,2258810
12/12/2019,914.3535767,915.8244767,905.5732766,907.4480092,1919850
12/13/2019,918.4471436,924.8889885,911.6512527,917.4200028,2153570
12/16/2019,926.2053223,927.3919876,912.4340523,922.4060091,1970750
12/17/2019,933.5496826,936.3468093,923.5428504,925.5771078,2209980
12/18/2019,933.6344604,939.4580493,930.0495102,933.8737777,2284240
12/19/2019,924.4752197,933.2555206,923.0641489,932.3779835,1358430
12/20/2019,925.4025879,930.682722,923.4032057,926.3947927,1676700
12/23/2019,927.7958984,934.3723749,923.478024,925.5721106,1697040
12/24/2019,926.878418,930.1741424,922.6353455,926.3997835,1001600
12/26/2019,932.3878784,936.5661305,926.3947231,929.8849077,1650070
12/27/2019,941.6668701,943.8457403,932.1835292,933.3751853,1334070
12/30/2019,941.2729492,945.540976,937.6182489,941.7516445,1249650
12/31/2019,936.7007446,941.8462471,935.2697714,939.5975662,1167320
1/1/2020,935.2149658,940.5998469,932.5724338,939.3583431,636680
1/2/2020,947.8942871,950.4221513,935.2149177,935.2199086,1578910
1/3/2020,931.9641113,947.7945922,929.7852413,943.8456755,1824790
1/6/2020,901.7341309,931.2810429,899.6699286,931.2810429,2442890
1/7/2020,907.0142822,923.9017885,903.9628659,909.9410491,2426760
1/8/2020,911.9853516,914.1143742,893.6469073,894.5842737,2697180
1/9/2020,936.8903198,947.3259388,918.3175498,947.3259388,2141970
1/10/2020,934.5966797,940.8391343,931.2112418,934.8859054,1393930
1/13/2020,942.8734741,944.1448621,933.8737587,937.3439802,1507130
1/14/2020,952.805481,955.2934793,937.8924637,941.9509965,1628990
1/15/2020,956.2258301,959.2025053,947.4953774,951.3096629,1372300
1/16/2020,959.5166016,961.2965689,953.8225927,956.3105909,1357820
1/17/2020,968.7756958,971.2986303,957.4076396,958.7040428,2841290
1/20/2020,954.5904541,973.6966953,952.3218097,969.772733,1841980
1/21/2020,950.7562866,959.8008589,948.1536205,955.70739,1745070
1/22/2020,952.0725098,957.3077867,946.8372328,956.3105911,1395250
1/23/2020,950.7462769,956.9089388,945.7553077,952.0725641,1812800
1/24/2020,960.6734619,962.293905,945.3515589,949.2505675,1239780
1/27/2020,953.0797119,962.184113,950.82604,956.310616,1131280
1/28/2020,960.4291382,968.2770638,950.3275405,953.0798104,1904690
1/29/2020,986.6502686,990.1155599,962.1940824,962.1940824,5019130
1/30/2020,961.2617188,992.2096586,957.6418937,989.6169742,4128250
1/31/2020,941.4923706,968.0775814,938.3611615,968.0775814,3295410
2/3/2020,906.0668945,920.9101612,886.0083142,892.9886836,5025510
2/4/2020,950.81604,959.7908006,913.5608264,915.4255773,4636970
2/5/2020,956.4501953,965.6842362,943.1176951,951.3245954,3245400
2/6/2020,959.2722778,968.1772886,953.319049,957.3078316,2713430
2/7/2020,959.6313477,964.6522012,953.423768,958.3050603,1426260
2/10/2020,960.0003052,963.0865966,950.42719,957.8064625,1435280
2/11/2020,970.4309692,978.2490105,961.6456773,961.6456773,1955790
2/12/2020,974.4446411,981.3352364,965.8089535,971.0691241,1885280
2/13/2020,968.9949341,976.7531455,966.1828959,973.0635094,1366300
2/14/2020,966.3323975,976.7531038,962.5979048,970.7699301,1392370
2/17/2020,950.2127075,975.7808165,948.7867252,967.2597365,1754010
2/18/2020,950.2776489,953.8126906,938.9594413,950.02835,2663840
2/19/2020,973.1283569,975.2573795,955.3134658,955.3134658,2211320
2/20/2020,968.2470703,979.9990556,966.6565724,973.0635425,1670200
2/24/2020,944.0352173,965.2854556,942.1804479,965.2854556,1993290
2/25/2020,949.8288574,952.3218465,932.4876104,947.3358683,2220180
2/26/2020,936.067627,946.8273468,933.3751864,942.8485456,1755170
2/27/2020,938.1616211,946.80729,924.0812239,935.8680834,2075830
2/28/2020,902.5368652,926.0507557,880.0301521,924.4502153,5378520
3/2/2020,888.9500732,927.3919533,878.3299152,927.3919533,3090310
3/3/2020,894.3529053,909.6185489,866.0515864,897.9797555,5507290
3/4/2020,877.9946899,904.624781,857.3960735,897.9797576,4402510
3/5/2020,885.9967041,894.9864889,874.1383728,885.0089361,3198530
3/6/2020,858.388855,860.5639542,838.1144598,855.0763,4086990
3/9/2020,818.8677979,843.1032529,814.1683483,842.0057464,3705070
3/11/2020,823.5472412,837.825117,810.9804817,816.1638277,3723450
3/12/2020,742.135376,796.4033015,738.3389244,788.2266895,6191940
3/13/2020,772.4621582,786.6203082,650.9604833,678.4735976,5956730
3/16/2020,747.8774414,754.9515531,718.3837979,743.3276798,5622460
3/17/2020,700.1747437,750.5065143,694.118362,748.4161854,4476050
3/18/2020,629.6035767,718.3838249,624.3353994,713.3950483,6444600
3/19/2020,577.2512817,619.1919573,543.0432701,585.1834481,8166380
3/20/2020,621.9058228,637.7601681,568.720487,571.2348497,6574680
3/23/2020,461.0677185,587.7177532,443.9013217,562.7339827,6879880
3/24/2020,448.7653809,506.8596889,415.0911397,488.9000936,15587800
3/25/2020,481.9457397,490.895606,439.0173242,444.001107,7972700
3/26/2020,513.5695801,554.2331028,481.4368836,496.3832691,10191230
3/27/2020,487.9622192,564.7295168,466.4506168,546.4706064,12917940
3/30/2020,465.0686951,476.8871076,454.4775325,468.9449841,7509110
3/31/2020,458.089386,486.8596501,442.0055762,479.9202758,11561100
4/1/2020,449.1794434,465.7222122,444.9988464,454.976399,7577660
4/3/2020,450.0624695,463.5571034,442.0055835,454.976402,7223110
4/7/2020,471.4294128,480.7983501,431.9332761,460.962969,11307140
4/8/2020,459.8155518,493.8888903,452.7614142,456.4730653,11130550
4/9/2020,480.9429626,483.7117273,465.1535043,469.4438396,8642210
4/13/2020,448.1318359,483.3126676,445.9317684,483.3126676,8916950
4/15/2020,458.877655,465.3780151,446.9943855,454.0784544,9830710
4/16/2020,468.9050903,474.9315411,449.8679319,455.9741897,7473540
4/17/2020,498.8477478,512.4471278,484.4152202,486.5055189,13522230
4/20/2020,487.1290588,507.8574179,470.9853863,507.4383473,9031520
4/21/2020,458.4735413,473.8339727,456.4730371,473.8339727,6709420
4/22/2020,476.5029907,480.4840246,447.4932437,457.4707965,7921490
4/23/2020,471.8983459,484.7095206,469.44887,478.9225519,6918170
4/24/2020,437.9946289,466.4505989,435.5201848,466.4505989,10218670
4/27/2020,460.713501,465.9517162,427.8374523,442.0255336,11338730
4/28/2020,485.0886536,489.8978413,457.0866493,468.0470068,15204120
4/29/2020,498.7429504,505.8619444,481.157513,485.4179477,15234930
4/30/2020,509.2892151,516.3383586,503.9512182,509.653386,10643520
5/4/2020,475.1659851,492.8811355,470.940506,491.0951754,8107070
5/5/2020,461.8808899,490.8956002,459.9651863,487.9023343,8158860
5/6/2020,468.2365723,477.9048231,453.1804491,463.6568793,12628290
5/7/2020,466.2909546,478.5234442,462.9584556,466.7499135,6454310
5/8/2020,459.0672302,476.7673999,456.7075182,475.7297259,4885760
5/11/2020,454.7768555,470.7110089,452.9908954,467.6778547,5852300
5/12/2020,465.7721558,470.5214505,444.5498802,451.7836064,10188930
5/13/2020,480.5588684,503.8664172,476.7374486,493.6893011,6987500
5/14/2020,477.9497375,492.6766159,470.9405125,475.9292891,7928120
5/15/2020,471.264801,482.279998,469.0447893,478.124369,3951110
5/18/2020,445.5426331,472.8412022,444.1008694,471.3994385,6469410
5/19/2020,452.526947,458.4685665,442.3298865,450.9854017,5741510
5/20/2020,469.1495361,472.9210501,451.1300771,453.7791163,5828770
5/21/2020,452.9010925,473.2053882,450.4865113,471.4393723,10925960
5/22/2020,430.5862732,456.8172681,407.7825957,449.8978376,27250160
5/26/2020,408.8052979,439.0123336,404.2704866,435.0213124,15756010
5/27/2020,424.8491821,426.7349542,397.6354128,409.0796671,24986770
5/28/2020,427.6329651,431.5291986,420.2395941,424.0460333,12472560
5/29/2020,439.5012512,441.9008517,419.2069107,423.048275,13944250
6/1/2020,475.250824,483.4473803,446.6701032,448.9898965,21106170
6/2/2020,517.3061523,522.6242051,473.2004239,478.3188829,26933530
6/3/2020,527.418457,551.7387441,520.5389752,533.2004932,24123590
6/4/2020,512.5269165,532.3971907,505.6623554,527.7127833,19944190
6/5/2020,522.4645996,527.3136757,508.4810445,515.0412977,15138920
6/8/2020,542.8736572,548.266554,534.7968571,534.7968571,13966100
6/9/2020,529.8879395,551.1550976,523.8265634,548.765454,11634230
6/10/2020,521.1276245,533.2005012,514.8417778,529.887946,11622530
6/11/2020,514.6421509,527.3136549,511.8484483,518.8327352,10573320
6/12/2020,527.4084473,532.7015929,488.9001097,488.9001097,16552510
6/15/2020,509.214386,526.9145555,506.5204649,526.9145555,10234910
6/16/2020,511.6788635,525.817039,496.9519857,523.8215284,11691030
6/17/2020,502.5643616,511.8484673,499.6658837,502.4695736,10498590
6/18/2020,541.5366821,548.6656632,501.0278109,502.5643626,18061720
6/19/2020,588.6556396,595.6898631,543.1580233,543.7766267,35955630
6/22/2020,616.96698,633.574637,594.662179,595.5601831,25140100
6/23/2020,630.5464478,636.7674374,607.7128082,626.0914436,19812860
6/24/2020,603.2478027,644.0510238,596.697537,644.0510238,18864900
6/25/2020,600.7634888,611.1251884,590.6961708,595.2608531,19002920
6/26/2020,593.2952271,611.9781703,585.6823494,607.5332144,10672470
6/29/2020,587.697937,592.3973262,573.8390991,581.890993,10102710
6/30/2020,583.2028809,603.0082967,580.2744719,597.65535,9766720
7/1/2020,615.5501709,618.0894411,578.9625007,580.4940283,17242340
7/2/2020,617.4907837,625.2932372,609.8928871,618.6032711,15292260
7/3/2020,613.5596924,622.4297523,611.4244813,620.6038429,8330750
7/6/2020,627.0892334,630.6811283,614.7170428,620.3045092,12201780
7/7/2020,657.480835,661.4817824,626.0964259,630.8806453,20073540
7/8/2020,639.1021118,666.5004923,635.5600929,658.5184505,14003560
7/9/2020,655.4453735,662.3099347,636.0689833,641.6065128,13227850
7/10/2020,646.9246216,663.008433,642.6541994,650.0376134,12206400
7/13/2020,644.6946411,657.760218,638.5634151,655.9243823,8107250
7/14/2020,622.9435425,644.5499641,619.7058312,644.5499641,11287050
7/15/2020,615.4603882,642.5394838,608.9300963,630.5814002,9813900
7/16/2020,625.0836792,626.5902994,605.1385614,618.6082573,8304120
7/17/2020,634.7319946,636.8522247,626.5903381,628.580855,5700380
7/20/2020,660.5289917,662.0106437,636.5678835,638.5633941,12218330
7/21/2020,637.0018311,669.4937312,632.4221079,667.3784951,18624970
7/22/2020,633.3151245,658.4186794,625.6922602,658.4186794,21580510
7/23/2020,636.7025757,644.0460399,629.8978774,635.56512,9248500
7/24/2020,625.6225586,634.0735171,621.1026977,629.3790612,8746470
7/27/2020,615.9342651,630.0874206,612.2026703,626.4905325,6562030
7/28/2020,632.8562622,637.3012182,616.0141478,616.113899,8378220
7/29/2020,631.4393921,641.0577676,627.8425038,630.99039,7645410
7/30/2020,616.373291,640.6586196,614.617232,636.2934404,6100800
7/31/2020,619.1969604,629.0846882,610.626216,620.6037686,7497100
8/3/2020,608.9450073,620.9030896,604.6396909,620.9030896,5095980
8/4/2020,614.8168945,621.4020559,605.8271086,614.6273186,6165030
8/5/2020,622.803833,633.0757063,617.4508858,621.1026433,6954490
8/6/2020,628.1568604,635.5701755,622.7989188,626.5853835,6261130
8/7/2020,645.2633057,648.5409048,623.5970239,627.0891672,8257710
8/10/2020,638.8427734,655.5252123,635.2707925,649.5336871,6052400
8/11/2020,642.5892944,648.141805,637.6653746,643.5521551,4306670
8/12/2020,634.2929688,638.5633907,630.0924579,638.5633907,3854220
8/13/2020,633.574646,641.756252,630.9904328,638.5634227,3905850
8/14/2020,623.2677612,638.5633664,617.610506,637.5656112,4217200
8/17/2020,625.5027466,630.4915231,618.7080354,628.5858372,4359390
8/18/2020,632.8811646,636.069,622.7988668,627.58808,4571440
8/19/2020,628.4910889,641.0577878,626.8896502,636.0690112,4928450
8/20/2020,627.5332031,629.9827094,621.7062855,624.0959289,3149380
8/21/2020,626.8297729,635.1709925,624.5998045,633.1854693,3032040
8/24/2020,638.6083374,644.0361292,628.0071863,629.9678024,5861090
8/25/2020,648.800293,650.7359405,638.6630662,642.5493422,7483450
8/26/2020,654.9664917,668.4960511,650.6112996,652.0330887,10013470
8/27/2020,651.6090698,659.0123973,647.2937659,659.0123973,4618820
8/28/2020,653.0856934,663.5072545,650.0375583,656.5229676,4901660
8/31/2020,617.6453857,665.5027424,612.1228373,658.9674578,11799190
9/1/2020,634.5324707,638.2390975,613.2753017,623.5970509,8073470
9/2/2020,635.0762329,640.0600157,624.0959311,635.2708025,4439950
9/3/2020,634.1283569,644.0510406,628.5858336,637.5656312,3942650
9/4/2020,626.3109741,640.8532709,618.708083,623.5971087,5443800
9/7/2020,624.9589844,633.4997672,619.8056002,630.9804717,4985730
9/8/2020,622.0255737,631.5790927,619.8105862,628.4860757,3917540
9/9/2020,601.3271484,620.6037879,596.8172751,619.4863068,9297500
9/10/2020,611.5491333,617.8100719,602.9285132,606.5354496,5316080
9/11/2020,611.4643555,616.0739799,606.6351933,611.4792755,4654850
9/14/2020,609.8430176,618.0096421,607.732714,614.4176865,4161420
9/15/2020,610.182251,614.5175295,601.392029,611.6240147,4929870
9/16/2020,613.2153931,622.5943173,608.7454688,612.7813719,4032700
9/17/2020,599.3516235,610.9904172,597.6654146,610.5165078,5192360
9/18/2020,587.5231934,604.6397148,584.9290539,602.6491979,8563830
9/21/2020,569.942749,589.6633972,561.8359872,588.2765027,4921220
9/22/2020,566.9544678,574.3079194,553.2553072,569.94274,6452290
9/23/2020,563.3974609,574.4077245,554.2530558,570.2171402,4600880
9/24/2020,541.3520508,558.7429168,538.7878126,556.7474063,4987220
9/25/2020,579.0273438,589.2892301,541.7961027,548.7654088,9783460
9/28/2020,597.2512817,602.6441782,580.6935624,584.8491911,6722010
9/29/2020,586.3508301,603.5920706,581.9457624,601.8210306,6344350
9/30/2020,583.9213257,591.5691593,580.6936018,587.1790115,3755980
10/1/2020,604.0010986,609.1096006,588.1817088,589.3740336,6807520
10/5/2020,586.7947998,615.5650934,584.4650803,607.6329273,7379100
10/6/2020,598.1942139,600.4491507,587.6778945,594.3628675,6060920
10/7/2020,589.1995239,592.4671363,580.6936349,590.6711888,5812230
10/8/2020,585.8768921,601.9656952,583.9112826,593.6643644,5889720
10/9/2020,590.1922607,600.0500884,585.6823871,587.1790201,6593340
10/12/2020,589.9478149,598.653206,587.7776484,595.4105011,4014350
10/13/2020,585.447937,590.1224184,581.1924958,588.675661,3656370
10/14/2020,608.6357422,613.1206475,584.1907367,585.6823761,10295350
10/15/2020,588.5808716,615.4154591,586.6901058,611.1251234,7819790
10/16/2020,593.8938599,596.6576615,585.2832269,592.6366785,4762450
10/19/2020,596.767334,602.4395697,591.1799294,598.6531059,3796850
10/20/2020,593.848877,601.1474581,589.7979936,595.8593681,3111220
10/21/2020,589.0897217,599.6509843,572.2226986,595.4105239,6055610
10/22/2020,586.0216064,606.6352035,583.2827122,583.4872691,12299030
10/23/2020,581.8460083,594.8617088,581.0777172,592.1527765,6468960
10/26/2020,568.8153076,585.9468108,563.2328957,585.9468108,7831170
10/27/2020,565.4528198,579.3466104,561.9357691,568.7204926,15507570
10/28/2020,562.9684448,573.0108543,559.2418434,566.5254449,6587900
10/29/2020,561.1325684,567.5231589,559.4612796,562.733946,9808110
10/30/2020,556.098877,566.724995,549.8679001,563.7317291,5263380
11/2/2020,568.8652344,571.2149287,554.7519657,558.8826874,4913990
11/3/2020,573.0707397,579.6958498,568.3912648,573.908881,5755360
11/4/2020,579.8804321,582.5893647,570.3119317,573.0707398,5909610
11/5/2020,604.1558228,606.695093,583.2129485,584.1857356,8486730
11/6/2020,627.2338867,633.574602,601.1475555,601.1475555,15593390
11/9/2020,626.9244995,642.4545607,624.3452805,633.5745156,9681560
11/10/2020,667.263855,671.8634924,629.6883553,643.5521851,21704380
11/11/2020,692.9210815,696.2087291,657.1365974,667.498296,25424690
11/12/2020,701.0427856,704.4152032,683.5271996,692.8362731,12809160
11/13/2020,724.4800415,728.361324,692.0330826,692.4421354,16545740
11/14/2020,731.9084473,742.7291361,723.3726572,733.3502111,3164850
11/17/2020,734.8816528,739.0972054,723.4723237,734.4476317,11725440
11/18/2020,777.2463379,782.7389854,730.3967236,735.5451747,14756370
11/19/2020,780.5839233,818.1493746,773.2603725,777.2464001,33870400
11/20/2020,852.3424683,856.937112,782.5394842,782.5394842,41104120
11/23/2020,875.465332,896.2485899,860.1647341,869.0447798,36075870
11/24/2020,883.9812012,888.8003761,867.5581885,880.0101547,17898620
11/25/2020,869.8181763,898.8778002,862.3350113,891.9932641,19861530
11/26/2020,878.6930542,882.2151593,865.1535088,872.0380441,12622340
11/27/2020,873.9138794,891.4394529,866.0515631,882.5095312,14193500
12/1/2020,872.6916504,880.9031566,869.3092455,878.024623,6942830
12/2/2020,878.2441406,885.9568305,864.2206972,873.0358872,8849690
12/3/2020,909.3591309,917.0567783,879.1320924,881.1176156,14370480
12/4/2020,903.2130127,921.3771654,894.9865249,913.8441249,10624430
12/7/2020,903.163147,910.8508689,893.5497646,904.3654592,7074050
12/8/2020,894.9266357,905.9618069,888.1019627,903.5671698,5831470
12/9/2020,899.0424194,905.4629726,893.090782,899.3567148,4518180
12/10/2020,900.8583374,905.3632174,891.8935203,899.0424154,4667260
12/11/2020,897.4858398,911.8485461,893.0906987,904.6646962,5514560
12/14/2020,891.3446655,904.6447606,887.518313,904.6447606,4448840
12/15/2020,927.6081543,931.7937452,885.0089829,890.4966373,11245270
12/16/2020,923.6920166,942.8788331,919.1322672,934.8569017,7611700
12/17/2020,927.3236694,937.8799369,918.7330114,923.6918866,5507380
12/18/2020,919.491394,929.4090844,910.4517332,922.9136875,4803330
12/21/2020,882.6891479,922.4247645,855.0413879,916.8373592,7132850
12/22/2020,891.8786011,894.3679959,860.184886,883.0135345,7832960
12/23/2020,899.3018188,911.9483552,886.0067171,888.0022278,5754540
12/24/2020,897.2363892,910.3469076,894.3977438,906.3209311,4983970
12/28/2020,897.4858398,909.4539092,894.4875804,904.4302383,3449940
12/29/2020,895.5900879,903.5771236,887.7477462,901.9807395,4066010
12/30/2020,894.1583862,900.0700744,890.0975147,897.9798062,4910740
12/31/2020,888.6358643,900.9730997,882.0157476,892.8913055,4760500
1/1/2021,885.053772,893.8589741,882.0156243,890.9954214,2881010
1/4/2021,887.8775024,904.4651844,882.190285,891.9932431,6133060
1/5/2021,880.1049805,889.9977021,871.7337991,888.0071852,4862140
1/6/2021,876.6626587,888.0021369,861.661375,888.0021369,5991930
1/7/2021,896.7824707,904.8643253,879.2220014,880.0201935,6016480
1/8/2021,915.1011963,924.4202573,892.7914031,901.5716373,8242610
1/11/2021,896.5928955,924.1209916,893.4898911,918.0346476,5424440
1/12/2021,893.8890381,904.9541108,890.2472067,898.3789371,5770450
1/13/2021,877.3910522,900.9730078,869.0598201,898.458645,5140780
1/14/2021,872.7714844,890.9905062,865.5527393,879.4215626,5684370
1/15/2021,861.6714478,880.6387859,859.067321,873.5147984,5196510
1/18/2021,833.5846558,861.6714306,825.5127887,861.6714306,6344360
1/19/2021,890.4118042,895.7847264,838.1144803,838.1144803,13797180
1/20/2021,891.8186035,900.4741182,881.8160827,891.7936353,7864960
1/21/2021,903.2479248,936.7774713,893.0408469,897.4808701,16453770
1/22/2021,905.0637817,919.2817943,894.5075748,904.9640306,8398220
1/25/2021,917.8250122,932.3922132,905.9616887,912.3473461,7811220
1/27/2021,910.5614014,926.4107532,902.1753002,914.4426839,6166310
1/28/2021,893.5198364,919.4564807,879.7807264,899.975284,8447360
1/29/2021,870.3170776,908.8902729,865.6076407,902.1654116,7273520
2/1/2021,969.9977417,981.6814782,861.8610173,873.0358888,15653650
2/2/2021,945.5028076,996.7574897,929.4090106,980.5639415,13943900
2/3/2021,951.4644775,961.7663138,941.4170738,954.0137352,6235450
2/4/2021,967.8775024,973.809165,944.9241371,948.8652827,6047270
2/5/2021,970.0376587,991.768799,953.45497,975.8047137,9225610
2/8/2021,999.8555298,1008.730582,971.6190677,972.8113926,9858550
2/9/2021,991.9333496,1004.539997,985.9817735,1004.440246,5126070
2/10/2021,1020.499146,1033.135695,987.8775277,987.8775277,14306670
2/11/2021,1019.371643,1039.451529,1008.231727,1008.231727,7155380
2/12/2021,1025.572876,1030.796111,1014.517729,1022.699335,3802850
2/15/2021,1051.404541,1055.525275,1025.692369,1030.70112,5364060
2/16/2021,1043.712036,1050.835902,1033.77431,1047.643134,3586040
2/17/2021,1016.278564,1047.523272,1008.950021,1039.660956,5822590
2/18/2021,1017.605713,1028.685767,1011.225048,1028.685767,4347410
2/19/2021,1022.74408,1040.424273,1011.723829,1012.721584,6233430
2/22/2021,997.8151245,1022.619367,993.7792215,1020.703633,4269080
2/23/2021,998.6184082,1017.211589,990.6862409,1002.843888,3426100
2/24/2021,1017.670471,1022.699136,999.2568809,1000.74852,2699760
2/25/2021,1024.140869,1035.465489,1010.885717,1031.678964,3548020
2/26/2021,962.6941528,1009.199512,957.8450767,992.7665118,8465050
3/1/2021,975.2110596,982.6492816,959.212019,977.7004542,3224370
3/2/2021,985.4829102,994.2631445,975.7148469,982.7889587,2970010
3/3/2021,1037.226563,1042.150422,986.8198841,990.4118398,5041220
3/4/2021,1010.72113,1025.692454,1005.512877,1012.721635,4121170
3/5/2021,993.574707,1013.81914,987.7827448,1005.737347,3551260
3/8/2021,981.701355,1002.310019,978.3289982,994.7619982,2640070
3/9/2021,994.6772461,1009.723414,983.806743,997.7553433,3062110
3/10/2021,996.9022827,1007.204058,990.8309195,1000.249732,2446320
3/12/2021,991.1800537,1019.316765,981.7912032,1005.887018,4543480
3/15/2021,966.7301636,994.6623193,952.2577175,994.6623193,5459130
3/16/2021,959.1721191,976.3684171,956.3484546,970.3170288,3705870
3/17/2021,950.3718872,964.0161784,945.8769948,960.8383303,2934490
3/18/2021,940.8982544,971.3148109,935.0963047,957.845114,4011350
3/19/2021,941.9458618,946.8548009,919.0922474,932.9012076,4881260
3/22/2021,938.4736938,947.3636668,929.1147442,942.8787616,2930290
3/23/2021,938.4088745,948.5260674,936.1239758,940.2846594,2964830
3/24/2021,918.1394653,935.7597978,915.8645539,934.8967491,3354390
3/25/2021,903.7218628,922.9236588,893.9937486,920.4292705,3820080
3/26/2021,944.619812,948.5659512,911.9483204,911.9483204,6786360
3/30/2021,948.1019897,962.3349837,941.8859937,952.5569939,3565110
3/31/2021,964.6896973,969.3791595,942.8787805,949.0997703,4241400
4/1/2021,976.7525635,980.3943338,964.5799366,970.8159073,3100650
4/5/2021,946.0366211,974.1983006,912.9460889,973.8091615,6121660
4/6/2021,949.8132324,960.3395393,945.3782025,952.9561253,3441250
4/7/2021,951.8186646,963.6720023,944.5100948,949.8131667,3000030
4/8/2021,963.3127441,971.3297419,955.3556702,956.8473094,3536340
4/9/2021,960.7435913,969.3192688,953.9538129,958.9425894,3286990
4/12/2021,914.2581177,943.8565057,901.5567126,939.8804656,5668360
4/13/2021,978.468689,982.5395477,916.9421293,917.934891,8309150
4/15/2021,971.7836914,981.1925774,957.5457648,972.9810099,5875040
4/16/2021,980.2696533,985.7822759,974.3080895,974.3080895,4001320
4/19/2021,944.8643188,963.2330287,937.1516896,948.4163254,6974350
4/20/2021,979.7357788,992.3174577,957.8450265,957.8450265,7987320
4/22/2021,983.1730957,988.9650578,958.8428235,967.822621,5822100
4/23/2021,989.4389648,1011.963302,971.8136398,971.8136398,6280250
4/26/2021,997.9299316,1010.227278,987.9972602,996.9571445,4195960
4/27/2021,1006.869873,1011.025502,994.2332623,997.755368,3428470
4/28/2021,1046.575562,1059.21205,1012.836401,1017.710446,11138810
4/29/2021,1115.14624,1127.4635,1049.638586,1051.634097,16964980
4/30/2021,1101.686401,1119.980204,1084.430181,1097.530712,8353550
5/3/2021,1101.691406,1108.590801,1078.987482,1087.652922,3969310
5/4/2021,1096.178833,1119.366655,1084.759456,1117.485877,5221010
5/5/2021,1108.950195,1116.952213,1089.069992,1108.605999,3077500
5/6/2021,1100.31958,1116.897274,1096.533055,1107.508363,2288400
5/7/2021,1129.304321,1136.732678,1098.518601,1102.519609,3434430
5/10/2021,1130.65625,1152.307613,1125.467971,1136.443279,4320370
5/11/2021,1116.792603,1128.526093,1111.414687,1116.88736,1986640
5/12/2021,1106.306152,1129.957898,1102.759079,1116.488202,2269530
5/14/2021,1094.687134,1113.868953,1084.360392,1108.60577,3136030
5/17/2021,1122.409912,1134.946649,1091.808713,1094.537559,3180210
5/18/2021,1137.121948,1156.298778,1126.475854,1132.018317,4039590
5/19/2021,1118.997559,1140.833443,1114.497672,1136.443296,2275670
5/20/2021,1120.269653,1127.458436,1110.57138,1123.472409,1778970
5/21/2021,1123.986328,1138.937677,1118.783068,1127.134275,2775210
5/24/2021,1114.17334,1133.948794,1107.009404,1124.016185,2142290
5/25/2021,1135.031494,1137.93999,1117.615718,1121.975904,3941510
5/26/2021,1187.967407,1195.310872,1135.959411,1137.441063,10152650
5/27/2021,1186.211304,1194.128429,1170.571441,1188.32654,4079730
5/28/2021,1168.690674,1199.795744,1165.37818,1189.823184,2633150
5/31/2021,1177.979736,1182.843793,1159.19205,1168.690577,2411520
6/1/2021,1180.334473,1192.078071,1160.094973,1180.34446,3024210
6/2/2021,1179.705933,1183.337776,1167.528373,1168.271696,1834210
6/3/2021,1179.331909,1189.713583,1175.410799,1187.229182,1838160
6/4/2021,1212.836304,1216.263651,1175.854564,1182.838851,4107690
6/7/2021,1180.199829,1198.184393,1165.842116,1185.3333,5147270
6/8/2021,1170.67627,1187.328746,1164.380375,1187.328746,2896090
6/9/2021,1153.290405,1181.142784,1140.484255,1171.364733,3082860
6/10/2021,1196.61792,1218.059671,1147.453505,1152.507077,6299980
6/11/2021,1188.077026,1205.288304,1182.629322,1197.306262,3529940
6/14/2021,1189.93811,1198.803177,1164.545283,1182.439964,2887850
6/15/2021,1177.221558,1205.77731,1173.859127,1192.217849,3148410
6/16/2021,1182.953613,1195.8097,1174.856839,1178.348982,2475390
6/17/2021,1179.201904,1191.04026,1171.359563,1172.362312,2201700
6/18/2021,1197.241455,1207.283803,1169.453875,1183.337678,4895670
6/21/2021,1212.911255,1217.236485,1175.041497,1177.351242,2948530
6/22/2021,1210.441895,1223.846674,1205.3882,1217.161762,2749230
6/23/2021,1225.467896,1237.216488,1205.28832,1219.755771,3785550
6/24/2021,1230.556519,1236.817457,1213.769334,1225.467991,2785730
6/25/2021,1245.857178,1249.189646,1229.284477,1232.726684,2187170
6/28/2021,1235.011597,1249.149712,1229.234554,1247.19415,1655170
6/29/2021,1227.229004,1246.196341,1224.35047,1236.119038,1571780
6/30/2021,1208.18689,1234.178342,1203.791748,1231.828647,2315460
7/1/2021,1178.992432,1217.06181,1177.450856,1217.06181,3215210
7/2/2021,1172.407349,1194.21327,1162.484605,1194.21327,3554370
7/5/2021,1189.633667,1191.519317,1177.25149,1177.25149,1558690
7/6/2021,1206.365967,1225.477999,1184.465286,1186.331084,3205220
7/7/2021,1234.637573,1237.116981,1197.306515,1197.306515,4048000
7/8/2021,1230.919922,1242.506656,1221.548712,1229.532691,2066300
7/9/2021,1282.900391,1288.6139,1232.027509,1232.626283,7919220
7/12/2021,1288.304688,1291.947402,1271.343729,1286.313688,4091580
7/13/2021,1288.35437,1297.276528,1277.935338,1287.655821,2741810
7/14/2021,1296.518066,1300.689748,1282.576075,1283.673848,2401510
7/15/2021,1293.299561,1308.374288,1289.611893,1295.001102,1779910
7/16/2021,1272.017212,1299.891327,1270.026212,1293.299575,2527820
7/19/2021,1269.562256,1279.432463,1261.787818,1265.460502,1881970
7/20/2021,1257.192017,1274.542208,1251.144217,1269.951445,1451370
7/22/2021,1303.843384,1307.376333,1227.541552,1228.544544,5248770
7/23/2021,1317.476074,1321.742537,1291.912385,1301.787587,2898700
7/26/2021,1349.796265,1354.82621,1312.855382,1317.256584,4211700
7/27/2021,1378.019653,1381.722184,1347.610585,1350.405026,4134150
7/28/2021,1394.25708,1397.295904,1372.745196,1382.011635,3194930
7/29/2021,1456.981201,1489.510892,1391.218153,1393.204158,7105140
7/30/2021,1419.371582,1458.458182,1413.263844,1457.574945,3545430
8/2/2021,1409.686035,1437.110979,1405.434557,1434.620981,2647090
8/3/2021,1426.636963,1428.967247,1413.164001,1422.145976,2024300
8/4/2021,1415.87854,1445.598926,1412.774783,1426.132986,2831940
8/5/2021,1396.687134,1422.036288,1393.363847,1417.934534,2915270
8/6/2021,1397.76001,1408.044425,1394.701207,1404.182181,1374730
8/9/2021,1421.4375,1443.103981,1397.954596,1397.954596,3188650
8/10/2021,1400.838623,1430.504062,1397.595133,1424.14183,2063630
8/11/2021,1417.77478,1420.494298,1382.500598,1407.07628,2118500
8/12/2021,1431.197754,1435.119936,1410.170007,1418.153984,1609340
8/13/2021,1428.882446,1440.1997,1423.642961,1431.12794,1538430
8/16/2021,1452.016113,1457.774455,1428.034211,1428.77272,2432620
8/17/2021,1470.773438,1477.035894,1433.129011,1449.590971,2420690
8/18/2021,1497.629639,1520.748284,1470.718676,1470.773498,3917340
8/20/2021,1494.855103,1511.866009,1477.040877,1482.659606,2750520
8/23/2021,1524.131348,1538.911745,1503.482843,1511.766269,3266880
8/24/2021,1642.873047,1655.158329,1522.943683,1533.677147,12743930
8/25/2021,1587.254639,1676.535553,1581.825592,1651.186399,9745980
8/26/2021,1592.683838,1609.190751,1564.689967,1596.84553,6068820
8/27/2021,1616.316406,1621.940008,1574.844579,1604.7795,4414750
8/30/2021,1652.723389,1656.17642,1622.743513,1644.200453,3360380
8/31/2021,1711.440552,1716.555288,1639.5348,1646.695479,6521270
9/1/2021,1675.268188,1722.89259,1670.662441,1713.20707,4618430
9/2/2021,1666.979614,1686.615258,1657.673339,1683.122268,2768790
9/3/2021,1670.083496,1682.608288,1652.683357,1674.319989,2485550
9/6/2021,1671.345825,1693.496441,1664.160294,1680.128249,1769580
9/7/2021,1674.759155,1691.076386,1659.764222,1671.545633,1881930
9/8/2021,1652.758179,1685.512515,1649.589611,1672.643322,1909320
9/9/2021,1671.695313,1679.324899,1645.103657,1656.076631,1808160
9/13/2021,1690.427612,1695.996515,1654.679405,1670.647361,2166140
9/14/2021,1679.754028,1700.58722,1676.216084,1696.595231,1592270
9/15/2021,1679.519653,1694.798928,1676.834977,1681.750163,1231990
9/16/2021,1669.94873,1691.645179,1659.170312,1685.617237,1542090
9/17/2021,1680.647339,1746.395402,1671.650379,1680.627359,6549510
9/20/2021,1698.486572,1729.928481,1666.66542,1674.145404,3252040
9/21/2021,1755.202637,1761.964092,1678.037545,1706.575247,3846940
9/22/2021,1757.947144,1774.439072,1746.994148,1755.382344,2569820
9/23/2021,1846.679077,1871.244769,1764.663613,1775.187537,7125510
9/24/2021,1848.889648,1877.532242,1828.071441,1856.269857,3731750
9/27/2021,1799.498657,1871.005179,1789.413915,1853.280739,4071680
9/28/2021,1751.520142,1814.957778,1739.5192,1814.858003,3220580
9/29/2021,1739.883423,1761.255573,1727.313677,1746.3754,3097120
9/30/2021,1775.112671,1782.417957,1737.732609,1746.495053,3430000
10/1/2021,1714.3396,1770.052743,1701.585167,1770.052743,4326770
10/4/2021,1777.053711,1790.007695,1726.634875,1732.518087,4013250
10/5/2021,1781.175537,1791.405009,1748.990127,1771.844287,2681630
10/6/2021,1758.131714,1810.920793,1752.27847,1793.800123,3004210
10/7/2021,1743.526123,1784.419035,1739.010161,1776.435057,2241000
10/8/2021,1751.430176,1770.497015,1742.503144,1758.4711,1522380
10/11/2021,1767.847168,1800.885844,1757.17352,1763.026764,2340900
10/12/2021,1818.615479,1843.799925,1759.568932,1767.847363,4545920
10/13/2021,1815.182251,1853.769853,1811.225226,1831.823903,3183880
10/14/2021,1845.187012,1850.286763,1817.861844,1831.324816,1968050
10/18/2021,1864.054321,1906.174751,1851.564371,1881.22482,2939480
10/19/2021,1903.834473,1928.629685,1856.324833,1896.194774,3878460
10/20/2021,1856.594238,1902.482255,1836.739185,1902.482255,2247980
10/21/2021,1854.238892,1875.166986,1830.995619,1875.037242,1925330
10/22/2021,1862.078125,1921.199592,1851.284844,1856.27483,5053300
10/25/2021,1805.092529,1890.905307,1796.395018,1866.254824,3018040
10/26/2021,1831.659058,1841.304739,1793.904869,1816.35481,2967490
10/27/2021,1797.592651,1856.175165,1773.441166,1856.175165,3253010
10/28/2021,1795.16748,1833.52544,1776.634604,1797.592545,3425500
10/29/2021,1778.545898,1813.760266,1710.52237,1795.167572,3205360
11/1/2021,1753.05188,1794.398957,1713.66096,1786.41498,3849290
11/2/2021,1750.746582,1785.906004,1735.771629,1761.465062,2719290
11/3/2021,1747.43811,1771.91901,1741.415285,1754.449065,1838020
11/4/2021,1755.876343,1771.445075,1746.495144,1761.465103,315060
11/8/2021,1828.305908,1835.611316,1747.992107,1761.554855,3161990
11/9/2021,1813.610352,1843.799766,1804.378878,1828.33081,1980870
11/10/2021,1828.94458,1833.819806,1796.644411,1810.616372,1784330
11/11/2021,1783.555786,1831.324914,1777.433063,1821.344941,2155580
11/12/2021,1823.720215,1831.225174,1788.915061,1809.868008,2078020
11/15/2021,1809.418945,1830.825937,1796.395033,1823.839957,1704610
11/16/2021,1817.327881,1847.392546,1808.246131,1819.34885,2189550
11/17/2021,1821.883911,1838.310907,1807.562553,1814.857972,1461000
11/18/2021,1788.535767,1843.500415,1777.552802,1821.943699,2745560
11/22/2021,1703.955444,1810.366894,1679.634258,1810.366894,3707000
11/23/2021,1733.331421,1740.292426,1672.368685,1684.619123,2513150
11/24/2021,1737.383301,1761.165529,1710.607081,1739.70859,2740240
11/25/2021,1733.406372,1748.690641,1719.075147,1731.425362,1616200
11/26/2021,1664.913818,1720.267699,1657.673344,1716.555178,3424860
11/29/2021,1685.657227,1706.375658,1624.105701,1663.661329,3042180
11/30/2021,1720.282837,1746.49525,1684.619419,1684.619419,4586420
12/1/2021,1734.813599,1751.155803,1716.654971,1740.906352,2383490
12/2/2021,1772.258301,1785.416952,1723.885407,1736.51509,2138810
12/3/2021,1745.36731,1785.391967,1741.505065,1771.444981,2034590
12/6/2021,1685.961548,1756.370299,1681.725055,1745.197652,2036900
12/7/2021,1707.473511,1721.545248,1689.779039,1710.567278,2300780
12/8/2021,1758.635864,1763.88534,1713.162056,1713.162056,2842990
12/9/2021,1756.135742,1773.63054,1745.19761,1759.004984,2103820
12/10/2021,1767.562744,1772.797234,1726.599907,1754.479016,2333140
12/13/2021,1728.930298,1780.022709,1721.545095,1771.444952,2199130
12/14/2021,1708.920532,1722.543219,1683.122328,1716.555235,2420260
12/15/2021,1662.733276,1718.047324,1658.671481,1713.461556,2532210
12/16/2021,1666.989624,1691.605264,1654.180369,1683.621286,3253500
12/17/2021,1617.174683,1681.625299,1610.068947,1661.665354,3054350
12/20/2021,1579.450317,1590.80753,1541.905668,1590.80753,3371600
12/21/2021,1580.02417,1611.765525,1564.560208,1611.765525,3368050
12/22/2021,1591.396362,1615.253515,1579.829609,1589.909356,2612920
12/23/2021,1613.751465,1618.706487,1599.440219,1606.775474,1811180
12/24/2021,1588.866577,1621.745543,1576.835667,1621.745543,2087360
12/27/2021,1598.103027,1610.762559,1552.988484,1557.908664,2351140
12/28/2021,1606.860352,1621.645744,1598.956291,1613.996056,1457220
12/29/2021,1621.650757,1629.729515,1593.402391,1606.805548,1724280
12/30/2021,1613.516968,1624.919135,1594.250578,1616.755464,2831460
12/31/2021,1637.334229,1646.695448,1613.761539,1616.511026,2300860
1/3/2022,1694.729004,1700.587243,1637.364144,1637.364144,2710610
1/4/2022,1710.113159,1715.55719,1681.834826,1706.47544,2300430
1/5/2022,1795.237305,1801.385002,1706.575265,1706.575265,6082100
1/6/2022,1795.047729,1804.378979,1766.55486,1766.55486,3511360
1/7/2022,1772.133667,1810.661453,1754.479154,1803.880018,3229140
1/10/2022,1776.31543,1796.39513,1769.514015,1776.435184,1697970
1/11/2022,1776.38501,1789.912915,1758.580774,1766.454987,1648180
1/12/2022,1789.937988,1815.356948,1771.445071,1786.415029,2233940
1/13/2022,1818.849976,1823.829972,1786.415065,1796.165518,2480130
1/14/2022,1817.322876,1829.673091,1796.394905,1800.786116,1553280
1/17/2022,1833.380737,1839.807781,1818.450617,1825.336822,1352730
1/18/2022,1811.719238,1852.158105,1806.379977,1834.004594,2056670
1/19/2022,1804.109375,1858.370475,1783.954876,1820.346808,3481740
1/20/2022,1722.438354,1822.542393,1704.579176,1803.879894,5444730
1/21/2022,1630.248413,1706.076221,1618.751466,1696.595248,5582910
1/24/2022,1567.569092,1640.10358,1541.306855,1635.567639,4736430
1/25/2022,1549.784912,1565.104145,1521.975729,1551.935625,4090640
1/27/2022,1532.908936,1553.921823,1498.193564,1535.518689,3497270
1/28/2022,1516.831055,1575.603127,1511.965818,1556.975469,3509310
1/31/2022,1565.812622,1570.947337,1529.899708,1555.877604,3129920
2/1/2022,1587.199951,1598.287687,1546.89582,1579.724961,3571870
2/2/2022,1667.25415,1671.645363,1589.310591,1599.799552,5257450
2/3/2022,1631.535889,1668.351899,1623.112729,1667.254126,2891370
2/4/2022,1617.329346,1643.63666,1611.266561,1631.525954,2945050
2/7/2022,1567.988281,1633.127576,1561.865559,1612.763414,3566640
2/8/2022,1595.712769,1608.751544,1568.851634,1577.833609,4103730
2/9/2022,1622.523804,1638.2023,1608.771374,1614.759357,2510230
2/10/2022,1636.07666,1651.685351,1600.088945,1631.216419,2997700
2/11/2022,1608.083008,1616.755545,1587.813625,1596.7956,2446960
2/14/2022,1564.275757,1585.612941,1542.005387,1577.334511,2961150
2/15/2022,1634.245483,1639.459995,1561.765933,1585.817642,3592130
2/16/2022,1623.986084,1655.667503,1615.767591,1639.509985,2738740
2/17/2022,1614.879272,1638.541748,1604.879321,1633.322242,2144330
2/18/2022,1606.431274,1625.637726,1599.375366,1602.883341,1743270
2/21/2022,1598.018066,1620.562789,1574.839605,1600.587982,2275920
2/22/2022,1615.702637,1623.741558,1524.44083,1526.935823,3223740
2/23/2022,1610.128784,1635.717448,1600.293541,1635.717448,2418300
2/24/2022,1521.466797,1586.406425,1516.95583,1556.87572,3615630
2/25/2022,1574.056152,1603.282535,1553.881673,1575.638061,3203370
2/28/2022,1598.048096,1605.263596,1533.422779,1566.855687,3732570
3/2/2022,1602.085083,1612.479142,1560.0693,1567.354729,2817150
3/3/2022,1567.264771,1631.520828,1561.546266,1626.735388,3400140
3/4/2022,1530.249023,1564.091143,1518.153302,1555.877645,3380590
3/7/2022,1434.441284,1496.397028,1377.226148,1496.397028,3715210
3/8/2022,1442.175781,1449.590954,1392.310885,1437.115989,4625690
3/9/2022,1498.512695,1516.910709,1437.115891,1447.205628,3913410
3/10/2022,1543.647217,1581.825606,1527.439752,1561.765886,4764050
3/11/2022,1553.78186,1571.845585,1524.939717,1536.915683,3296320
3/14/2022,1564.709839,1570.348547,1538.063363,1544.460559,2852010
3/15/2022,1567.743896,1591.805595,1550.293929,1571.745875,2965110
3/16/2022,1609.255493,1620.747445,1581.930325,1586.875479,2983170
3/17/2022,1633.80127,1655.577637,1622.244505,1636.61569,4020680
3/21/2022,1614.839233,1641.101593,1611.765446,1636.710381,2016350
3/22/2022,1646.156494,1655.677427,1591.905379,1621.745521,2652790
3/23/2022,1637.448975,1669.52462,1631.146681,1656.675406,2290790
3/24/2022,1634.589722,1647.892981,1623.741497,1631.725474,1839240
3/25/2022,1630.058716,1646.695373,1620.76243,1646.695373,1477480
3/28/2022,1648.58667,1652.683429,1606.880326,1636.715473,1751870
3/29/2022,1646.86499,1658.671253,1639.02562,1650.288052,1981380
3/30/2022,1709.459595,1721.530343,1649.789298,1656.675503,4547640
3/31/2022,1702.628174,1726.535153,1694.798793,1706.575209,2986920
4/1/2022,1710.487549,1716.555328,1697.713135,1699.589375,2101410
4/4/2022,1716.190918,1744.499099,1692.12922,1716.455402,3243940
4/5/2022,1678.516602,1726.535229,1672.498649,1718.551251,3855370
4/6/2022,1668.651367,1686.525532,1661.765162,1678.51658,2465520
4/7/2022,1652.074707,1666.655432,1644.699493,1661.665446,2167900
4/8/2022,1671.545532,1680.627282,1648.421893,1666.655322,2133830
4/11/2022,1654.464844,1681.171259,1651.690382,1664.160353,1696860
4/12/2022,1628.536865,1646.894921,1618.96099,1646.894921,2476470
4/13/2022,1605.782593,1646.695486,1601.785609,1637.114736,2483900
4/18/2022,1579.555054,1600.787468,1562.299765,1600.787468,2818890
4/19/2022,1568.906738,1604.779699,1556.027554,1596.695945,2596960
4/20/2022,1547.823975,1576.830707,1529.261128,1568.951499,2517070
4/21/2022,1580.403442,1598.891366,1556.142193,1556.975481,2364890
4/22/2022,1542.324951,1571.695942,1539.909754,1566.860675,2148760
4/25/2022,1523.457642,1536.915619,1516.955676,1531.925633,1642190
4/26/2022,1540.343872,1560.193929,1526.940716,1551.885651,2206380
4/27/2022,1479.670654,1531.037543,1472.18068,1531.037543,3411920
4/28/2022,1498.178467,1521.945711,1463.128689,1496.995782,3475000
4/29/2022,1488.128662,1524.9398,1482.025919,1524.9398,2211070
5/2/2022,1492.749268,1499.266218,1457.080859,1458.358324,1907980
5/4/2022,1429.376465,1502.859002,1424.141975,1492.739296,3164040
5/5/2022,1411.09314,1468.153552,1402.185967,1446.996062,2969280
5/6/2022,1361.318115,1386.747064,1348.294203,1377.236122,3516160
5/9/2022,1375.62439,1398.358795,1333.608732,1351.288218,4034090
5/10/2022,1360.280273,1395.120392,1353.483854,1379.232232,2563120
5/11/2022,1330.310303,1380.294954,1312.570878,1369.751172,2918480
5/12/2022,1282.496338,1324.242643,1272.446559,1324.242643,3256960
5/13/2022,1258.304688,1320.824238,1254.981401,1310.270467,3487640
5/16/2022,1262.990356,1275.310602,1242.506441,1267.456369,4340040
5/17/2022,1294.611938,1299.46219,1260.470492,1267.935492,4286060
5/18/2022,1273.659058,1312.331452,1258.479558,1305.380435,3740540
5/19/2022,1238.898804,1252.681082,1214.941875,1245.690107,2864010
5/20/2022,1253.654175,1267.356657,1240.675216,1261.368674,3233300
5/23/2022,1254.771973,1276.837677,1247.496534,1262.466492,2788860
5/24/2022,1233.255005,1259.652103,1226.313979,1256.478418,2554750
5/25/2022,1238.120361,1256.288979,1230.83006,1242.00758,2175990
5/26/2022,1245.276001,1255.979497,1203.809168,1242.506534,3792040
5/27/2022,1273.28479,1286.418468,1257.930592,1262.466534,3295340
5/30/2022,1289.816528,1296.39829,1281.128885,1289.811533,2803920
5/31/2022,1290.80957,1308.568852,1274.801657,1289.816568,4199190
6/1/2022,1257.137085,1299.886253,1250.689941,1293.304491,2812330
6/2/2022,1291.009155,1300.390353,1242.511511,1251.887714,3661460
6/3/2022,1266.618164,1319.352302,1262.671007,1307.376336,3171800
6/6/2022,1249.133301,1266.358743,1225.745177,1266.358743,3097470
6/7/2022,1231.398804,1242.501523,1220.785094,1241.50852,1765480
6/8/2022,1244.003418,1261.967366,1222.54648,1238.614209,2368430
6/9/2022,1244.602173,1249.287838,1223.04546,1230.081388,1742390
6/10/2022,1222.895874,1235.615344,1215.126432,1227.536585,2906700
6/13/2022,1136.324585,1197.596643,1132.726825,1197.596643,4877320
6/14/2022,1131.379761,1155.446458,1124.24905,1136.220024,3669480
6/15/2022,1178.604736,1184.622689,1137.71682,1137.71682,4962890
6/16/2022,1144.892456,1204.562753,1138.819682,1200.091745,3940410
6/17/2022,1173.130737,1184.063753,1132.726835,1133.729827,4193620
6/20/2022,1168.619873,1182.626799,1150.895431,1182.626799,2428580
6/21/2022,1172.636719,1190.351169,1165.650738,1182.007927,3079180
6/22/2022,1141.264648,1167.656629,1132.726729,1167.656629,2848330
6/23/2022,1152.971191,1156.578941,1129.21881,1151.439232,2535530
6/24/2022,1155.975098,1166.254395,1140.710688,1163.664621,3662910
6/27/2022,1157.192627,1175.640589,1152.686655,1175.640589,2463700
6/28/2022,1134.168823,1152.686714,1126.738788,1152.44221,3490570
6/29/2022,1108.75,1122.642166,1101.838942,1117.75695,3902730
6/30/2022,1091.37854,1117.76004,1089.107254,1113.067813,3481840
7/1/2022,1130.394409,1132.436093,1070.957207,1090.205554,4089830
7/4/2022,1136.958496,1142.4196,1119.677005,1129.141407,3004250
7/5/2022,1150.576172,1172.869556,1139.100066,1146.088563,4223480
7/6/2022,1200.873413,1205.016618,1151.105353,1151.604531,4782940
7/7/2022,1194.768433,1217.995217,1183.052731,1214.800524,2729250
7/8/2022,1198.337646,1210.737159,1186.047816,1203.019881,1690110
7/11/2022,1191.853149,1202.675424,1182.009367,1187.545299,1613680
7/12/2022,1184.525269,1197.029711,1172.170604,1186.047787,2272440
7/13/2022,1175.085938,1210.008439,1170.074167,1187.146044,2672490
7/14/2022,1170.697998,1193.715165,1161.358391,1184.365442,2405440
7/15/2022,1182.079346,1185.129257,1166.080655,1177.76138,1711040
7/18/2022,1222.986938,1226.640958,1190.046165,1192.037881,2834830
7/19/2022,1242.434937,1244.950815,1207.317812,1217.995184,4230630
7/20/2022,1240.033813,1261.72321,1235.166825,1261.72321,2721470
7/21/2022,1269.55542,1273.638665,1236.070495,1237.9624,2713300
7/22/2022,1273.329102,1284.385853,1263.689939,1280.457261,3024220
7/25/2022,1259.881226,1277.392442,1254.934412,1267.913049,1747020
7/26/2022,1329.112305,1352.658508,1276.898201,1297.863692,13270240
7/27/2022,1328.518188,1336.694793,1298.817077,1332.801178,5339660
7/28/2022,1461.798828,1519.823315,1348.480346,1348.480346,16276260
7/29/2022,1502.287231,1517.601989,1478.780879,1497.535044,10442350
8/1/2022,1504.83313,1522.494002,1490.646398,1517.497222,4320160
8/2/2022,1519.91333,1526.48747,1483.692918,1497.535125,4248930
8/3/2022,1521.88501,1531.279581,1509.051154,1518.500566,3096500
8/4/2022,1516.034668,1538.163162,1503.026051,1532.377763,3113610
8/5/2022,1506.105957,1522.593833,1499.871224,1515.106158,2078470
8/8/2022,1550.512695,1556.338189,1501.603213,1504.024277,4870730
8/10/2022,1561.749268,1564.824284,1540.06499,1550.447924,4425480
8/11/2022,1571.108887,1590.382216,1567.53981,1590.382216,2536510
8/12/2022,1573.954346,1586.229064,1565.423344,1574.408554,2052510
8/16/2022,1588.959595,1594.375729,1578.402021,1578.901199,1522190
8/17/2022,1681.262695,1711.333195,1590.382254,1595.074482,9435810
8/18/2022,1677.828247,1696.108217,1659.333665,1685.226104,3616590
8/19/2022,1626.083374,1691.914953,1609.850085,1685.226012,5126830
8/22/2022,1584.56189,1627.19667,1578.985984,1626.123485,3722010
8/23/2022,1627.710815,1649.335256,1564.594733,1577.393613,7064070
8/24/2022,1630.700806,1639.940601,1615.366062,1626.82218,2649190
8/25/2022,1621.960205,1656.772897,1617.337809,1638.857441,3693150
8/26/2022,1625.923706,1647.942517,1622.963613,1639.601266,2071780
8/29/2022,1605.996582,1616.339543,1568.518231,1570.015767,3079400
8/30/2022,1693.42749,1697.206304,1634.309835,1636.306549,7661440
9/1/2022,1737.779663,1765.788493,1677.688508,1678.237653,10171920
9/2/2022,1730.077271,1781.567467,1722.165245,1766.592117,6944080
9/5/2022,1734.754517,1750.009436,1717.677645,1739.137317,3700530
9/6/2022,1694.106567,1745.726558,1690.34774,1739.636607,5077980
9/7/2022,1702.757324,1711.582763,1678.267605,1692.214619,3207730
9/8/2022,1735.428589,1746.125947,1701.399516,1725.160456,4301170
9/9/2022,1717.737427,1755.610144,1712.585994,1752.115896,3957300
9/12/2022,1710.98877,1739.137383,1702.417794,1735.143956,4250820
9/13/2022,1781.817139,1840.969774,1747.124243,1752.116027,10413183
9/14/2022,1802.383301,1810.469966,1749.120994,1766.093058,3784309
9/15/2022,1769.28772,1820.95268,1767.091384,1812.017436,3051984
9/16/2022,1732.049072,1782.565897,1709.186679,1769.287704,3277213
9/19/2022,1763.047974,1776.376133,1734.145596,1735.693097,2309647
9/20/2022,1796.6427,1809.970738,1777.074933,1782.066717,2832208
9/21/2022,1799.038696,1817.009116,1775.128103,1797.041983,2080898
9/22/2022,1769.4375,1785.061807,1730.152188,1783.863828,4480817
9/23/2022,1719.070435,1775.277844,1711.582759,1769.088081,2759913
9/26/2022,1674.044556,1742.232245,1658.769649,1697.206382,4915173
9/27/2022,1676.790039,1712.930503,1662.2639,1685.725283,2624336
9/28/2022,1649.484863,1676.14106,1642.546333,1667.255661,2114266
9/29/2022,1633.211792,1682.231083,1625.324749,1669.202479,2418856
9/30/2022,1675.592041,1696.208132,1618.336305,1623.0785,2788387
10/3/2022,1643.894043,1683.22932,1635.3082,1683.22932,1464138
10/4/2022,1698.354492,1702.198141,1667.305624,1679.235937,1806381
10/6/2022,1707.739136,1721.316763,1692.114829,1715.176845,1661891
10/7/2022,1696.207886,1707.040031,1681.731715,1705.193095,1150275
10/10/2022,1681.631958,1691.166191,1654.276962,1672.546937,1229639
10/11/2022,1669.901245,1704.244738,1662.263793,1681.631936,1402150
10/12/2022,1691.865234,1698.803765,1664.660014,1678.287607,1538819
10/13/2022,1678.986328,1691.765342,1663.711422,1690.167874,1065166
10/14/2022,1685.525757,1706.191693,1682.330942,1706.191693,1239168
10/17/2022,1716.424683,1722.165233,1671.249044,1681.23261,1551410
10/18/2022,1723.41333,1733.396898,1709.186746,1727.157168,1661431
10/19/2022,1696.008423,1728.15546,1689.618916,1722.16532,1804532
10/20/2022,1722.864136,1727.157118,1673.745034,1684.22778,1438398
10/21/2022,1681.681885,1737.540015,1672.347274,1728.654616,2734130
10/24/2022,1699.003418,1721.36651,1690.217831,1710.035186,499690
10/25/2022,1655.824585,1698.104968,1652.28037,1697.206422,1870289
10/27/2022,1628.269897,1673.795063,1618.336297,1668.90309,2177395
10/28/2022,1650.682983,1657.771292,1632.313196,1636.4564,2115388
10/31/2022,1684.726929,1687.073043,1659.418611,1662.263903,2217631
11/1/2022,1706.241577,1711.882195,1688.22119,1689.219547,2002317
11/2/2022,1707.589355,1719.669447,1696.457654,1702.198205,2036615
11/3/2022,1720.667847,1729.653057,1691.216323,1695.109938,2205874
11/4/2022,1797.740967,1802.03395,1718.221948,1720.068884,6981242
11/7/2022,1775.128296,1814.912789,1762.648836,1810.220439,2464569
11/9/2022,1749.819702,1795.045308,1742.681549,1794.745753,1762741
11/10/2022,1697.555908,1754.013032,1691.216367,1742.132562,2030748
11/11/2022,1716.424683,1745.127437,1704.544214,1737.140583,1671510
11/14/2022,1715.526245,1732.148909,1705.343055,1721.166985,1459293
11/15/2022,1705.692383,1726.957429,1693.51248,1720.567922,1401141
11/16/2022,1682.880005,1711.682571,1672.247482,1710.883837,2040699
11/17/2022,1661.864502,1697.156386,1657.471708,1682.829992,1875515
11/18/2022,1651.681396,1671.89812,1638.503015,1665.259024,1581747
11/21/2022,1633.161743,1654.975812,1622.329598,1651.681308,1943750
11/22/2022,1640.649414,1657.172266,1629.31809,1632.363127,1508906
11/23/2022,1633.51123,1653.278742,1627.371434,1648.885948,1837952
11/24/2022,1631.314941,1644.742791,1617.337947,1636.306725,1660403
11/25/2022,1631.015259,1644.243485,1621.830426,1631.314815,1140578
11/28/2022,1650.133911,1659.169088,1626.173349,1627.321484,2005182
11/29/2022,1629.318115,1650.133828,1627.371368,1646.290179,1346735
11/30/2022,1623.827148,1641.947347,1620.632456,1631.514446,2900845
12/1/2022,1636.106934,1639.800804,1621.530829,1632.113507,2111362
12/2/2022,1639.950684,1650.283651,1622.579252,1629.517783,1682841
12/5/2022,1631.514526,1652.280395,1628.719201,1647.288612,1383542
12/6/2022,1632.562744,1644.193624,1625.324658,1627.321372,1177485
12/7/2022,1604.059692,1639.301733,1590.382254,1632.712603,2376490
12/8/2022,1615.940063,1619.134878,1597.570277,1607.354221,1161239
12/9/2022,1595.973022,1624.276411,1579.400325,1619.334594,1766412
12/12/2022,1589.483765,1601.314268,1567.519916,1583.543591,1365732
12/13/2022,1608.80188,1614.242997,1588.635123,1597.470556,1279634
12/14/2022,1620.382813,1625.224818,1610.648835,1617.088187,1137059
12/15/2022,1602.262695,1629.018582,1597.370723,1617.337857,1041690
12/16/2022,1584.491943,1607.354337,1578.55177,1596.372413,1533418
12/19/2022,1616.389404,1624.326291,1587.536872,1592.428844,1508476
12/20/2022,1612.995117,1615.84041,1590.432279,1612.296194,866377
12/21/2022,1579.200684,1626.57266,1572.910988,1615.840326,1397725
12/22/2022,1541.762329,1591.580232,1527.485779,1583.493567,2100618
12/23/2022,1494.589966,1540.763964,1489.548216,1521.795186,1673592
12/26/2022,1532.477539,1542.41114,1480.712768,1494.440173,1329547
12/27/2022,1535.173096,1548.850656,1515.505517,1542.461149,1102198
12/28/2022,1520.197754,1532.178035,1510.513742,1532.178035,1411078
12/29/2022,1509.215698,1519.49882,1500.580011,1512.510324,3417120
12/30/2022,1545.306274,1570.414968,1523.342429,1525.48892,2638505
1/2/2023,1549.94873,1557.436405,1526.038137,1547.452839,1061404
1/3/2023,1560.431519,1567.420015,1541.512708,1546.454525,1306648
1/4/2023,1545.306274,1564.774229,1537.868566,1559.433045,1036103
1/5/2023,1466.436157,1545.456111,1452.309386,1545.456111,5979381
1/6/2023,1427.999512,1471.128595,1420.661614,1471.128595,5207616
1/9/2023,1411.676392,1448.515779,1406.335208,1444.622163,4513767
1/10/2023,1410.977661,1426.651814,1388.714257,1426.651814,2903001
1/11/2023,1397.39978,1420.511762,1394.754233,1415.669756,2327598
1/12/2023,1385.519531,1412.624819,1376.733943,1402.691218,3168742
1/13/2023,1388.863892,1397.549546,1372.091451,1392.457951,3754686
1/16/2023,1381.625732,1416.11888,1376.933383,1395.852314,3480545
1/17/2023,1370.643921,1389.313142,1351.724989,1386.717439,3681802
1/18/2023,1365.053101,1377.732181,1362.756832,1377.532559,2589016
1/19/2023,1352.923096,1363.705275,1345.884632,1362.756885,1910318
1/20/2023,1331.009155,1359.412478,1324.37018,1357.765165,2091612
1/23/2023,1330.559814,1342.789683,1317.381556,1327.814334,1832743
1/24/2023,1330.51001,1346.783274,1327.365283,1334.054225,1311451
1/25/2023,1312.190063,1332.706342,1307.847236,1332.706342,1549899
1/27/2023,1312.040283,1333.954285,1299.910347,1312.938829,1829556
1/30/2023,1341.641602,1357.765086,1315.684328,1318.629553,4411750
1/31/2023,1340.243896,1354.919813,1321.624642,1352.174332,2213909
2/1/2023,1266.21582,1357.765079,1244.800997,1345.784799,4761664
2/2/2023,1269.809814,1286.532288,1250.042305,1266.914556,2419664
2/3/2023,1335.252197,1338.59679,1279.194563,1302.855569,3271913
2/6/2023,1340.843018,1346.783191,1319.927372,1335.252123,1546926
2/7/2023,1348.180908,1360.111222,1334.902715,1342.939536,1604424
2/8/2023,1366.650513,1374.737178,1342.989386,1354.720077,1516979
2/9/2023,1397.948975,1407.583141,1354.420647,1367.748684,2593600
2/10/2023,1399.446411,1416.318663,1391.709147,1403.689427,2069492
2/13/2023,1386.268188,1412.674673,1379.479314,1401.69275,1467695
2/14/2023,1396.301636,1402.691143,1371.392685,1387.715793,1390992
2/15/2023,1418.46521,1421.609936,1385.769029,1395.702629,1518171
2/16/2023,1425.853027,1432.641902,1410.72802,1426.651761,2153424
2/17/2023,1411.726318,1424.854611,1407.682925,1417.716458,994199
2/20/2023,1402.29187,1423.457106,1398.498188,1415.669875,993735
2/21/2023,1392.008911,1407.084074,1387.715928,1407.084074,1117177
2/22/2023,1358.713501,1389.712525,1353.771684,1387.616001,1402505
2/23/2023,1344.736572,1363.70535,1338.796398,1359.76189,1095460
2/24/2023,1356.766846,1383.722478,1348.131035,1351.475506,1342454
2/27/2023,1355.169434,1365.003223,1342.789786,1355.718457,972575
2/28/2023,1332.706421,1369.64562,1327.814449,1361.9582,1597380
3/1/2023,1341.69165,1357.76517,1332.70644,1333.505052,1134472
3/2/2023,1341.342163,1383.672389,1335.002501,1372.740432,3267851
3/3/2023,1353.122803,1362.207825,1343.888003,1354.770116,1199487
3/6/2023,1378.531006,1397.150261,1355.019656,1355.019656,2466703
3/8/2023,1378.531006,1381.526076,1355.668613,1372.740488,1557533
3/9/2023,1350.327393,1376.683912,1347.781534,1375.735522,1545024
3/10/2023,1326.66626,1339.794675,1318.879151,1337.797961,1389890
3/13/2023,1293.570679,1338.995907,1289.776997,1323.820934,1668502
3/14/2023,1278.445801,1300.16006,1266.914731,1297.863791,2060607
3/15/2023,1280.492188,1307.547628,1275.899771,1287.880051,1376141
3/16/2023,1291.474121,1301.857054,1268.462074,1283.387457,1539281
3/17/2023,1299.61084,1314.136979,1290.875219,1302.805533,1332869
3/20/2023,1243.353516,1305.800657,1228.977154,1302.855553,3970911
3/21/2023,1266.016113,1269.41055,1246.548158,1256.931092,2333183
3/22/2023,1292.422729,1312.789109,1268.462168,1268.91138,2884348
3/23/2023,1287.880127,1308.346439,1276.199402,1289.826874,1947186
3/24/2023,1238.611206,1287.880083,1234.168446,1279.194428,2676573
3/27/2023,1237.063721,1249.543179,1224.634229,1242.954049,1553877
3/28/2023,1221.140137,1245.799501,1213.003504,1243.253764,1510246
3/29/2023,1244.002441,1249.942615,1223.436195,1227.279966,1657420
3/31/2023,1264.418823,1267.913072,1247.945937,1250.242206,1830686
4/3/2023,1280.841675,1284.435856,1263.420399,1270.908074,1381342
4/5/2023,1277.197876,1321.824375,1273.404071,1293.870385,3366621
4/6/2023,1301.807129,1309.294804,1269.260726,1277.197735,1819711
4/10/2023,1302.905518,1315.085421,1293.52094,1308.845691,1297282
4/11/2023,1321.025513,1322.822603,1305.051806,1310.792357,1281834
4/12/2023,1319.378296,1326.816004,1313.388156,1318.829151,1105734
4/13/2023,1339.095825,1343.788053,1315.834066,1318.729325,1330391
4/17/2023,1338.946167,1350.726703,1328.36361,1342.789816,1073923
4/18/2023,1333.005859,1346.483675,1326.816096,1337.79802,1236391
4/19/2023,1329.162109,1336.749596,1319.877466,1332.806136,590360
4/20/2023,1329.911011,1339.145811,1322.872669,1331.757946,467602
4/21/2023,1315.734375,1335.801321,1304.40305,1334.303786,825513
4/24/2023,1317.581177,1320.726025,1305.700708,1312.938794,1051329
4/25/2023,1343.588501,1349.778264,1319.927374,1322.822633,2725305
4/26/2023,1332.506714,1347.282443,1326.466729,1343.588571,889092
4/27/2023,1357.765259,1371.742254,1337.947901,1350.277583,3982526
4/28/2023,1352.42395,1366.700378,1316.632886,1366.700378,3376186
5/2/2023,1346.83313,1368.647199,1343.688282,1357.765087,1387425
5/3/2023,1344.786499,1348.729959,1327.814435,1342.789786,903123
5/4/2023,1372.191284,1376.035055,1337.797945,1340.094215,2213569
5/5/2023,1357.016479,1391.709378,1353.17283,1369.24635,2572062
5/8/2023,1402.491577,1408.481718,1360.860029,1365.552378,2912772
5/9/2023,1406.38501,1444.322564,1400.195247,1408.631312,3772745
5/10/2023,1412.12561,1418.515118,1392.707621,1416.668182,1297980
5/11/2023,1418.065918,1425.403816,1410.72802,1418.664908,915163
5/12/2023,1421.110718,1425.653289,1404.6878,1417.666436,1300969
5/15/2023,1419.014282,1427.650092,1413.673098,1421.659952,1003664
5/16/2023,1426.002808,1435.636974,1418.66491,1427.550309,1678746
5/17/2023,1413.074219,1428.049571,1402.691284,1428.049571,804968
5/18/2023,1413.123901,1427.65004,1409.729586,1420.012587,739262
5/19/2023,1412.774536,1420.362023,1394.754271,1419.763033,754504
5/22/2023,1410.677979,1416.368563,1402.691125,1408.681265,591903
5/23/2023,1434.888062,1445.420773,1413.173805,1413.273616,1991556
5/24/2023,1424.105957,1444.622237,1418.814739,1434.888259,1047736
5/25/2023,1425.004395,1427.300664,1413.67307,1418.764665,688673
5/26/2023,1436.785034,1443.923309,1428.648403,1428.648403,1023550
5/29/2023,1447.167969,1466.086779,1442.126219,1446.568857,1659680
5/30/2023,1463.441162,1464.788919,1437.134487,1451.061515,1506999
5/31/2023,1448.665527,1462.592554,1444.871723,1462.592554,1704213
6/1/2023,1447.76709,1456.602523,1441.627171,1453.108274,939379
6/2/2023,1454.855347,1464.489514,1446.019914,1457.600828,1129346
6/5/2023,1456.502563,1467.08512,1453.806927,1466.585941,829929
6/6/2023,1472.675903,1476.469707,1460.695623,1464.09006,1472972
6/7/2023,1478.466431,1480.762578,1469.581032,1480.562955,837622
6/8/2023,1464.988647,1482.559701,1460.595854,1480.562988,722068
6/9/2023,1464.090088,1473.574476,1459.148271,1468.582693,499104
6/12/2023,1463.590942,1470.579439,1459.547549,1470.579439,465964
6/13/2023,1483.757568,1489.548086,1467.58424,1467.58424,1205104
6/14/2023,1477.967163,1489.448264,1466.585873,1487.551362,763762
6/15/2023,1472.276611,1479.564664,1467.185016,1477.517984,853566
6/16/2023,1506.120972,1512.510479,1472.276653,1476.569636,2090874
6/19/2023,1539.416138,1550.747584,1514.157785,1520.447359,3446484
6/20/2023,1518.550537,1540.664041,1499.681571,1540.664041,1943763
6/21/2023,1516.753418,1532.477536,1510.763278,1523.392514,799052
6/22/2023,1505.172607,1524.690409,1502.37716,1520.497359,966522
6/23/2023,1499.481689,1517.20252,1481.51127,1505.022617,1237464
6/26/2023,1505.072632,1508.367136,1484.755976,1501.977629,647496
6/27/2023,1520.447388,1524.840182,1500.530219,1509.51543,763062
6/28/2023,1516.354004,1532.477489,1513.309089,1527.485705,1158136
6/30/2023,1526.292969,1534.883337,1517.303023,1519.300789,934639
7/3/2023,1538.379395,1542.774503,1524.894477,1526.292937,1068533
7/4/2023,1627.679688,1633.123551,1563.351604,1563.351604,7337423
7/5/2023,1611.897217,1640.16565,1605.754185,1629.177939,2006206
7/6/2023,1618.090332,1622.185727,1605.204719,1613.245775,937466
7/7/2023,1613.095947,1624.832821,1603.60656,1610.049306,1456642
7/10/2023,1596.015015,1620.18793,1577.985131,1610.149109,1731894
7/11/2023,1590.621094,1630.176831,1586.126121,1596.214813,1500679
7/12/2023,1591.420044,1603.306774,1579.483443,1593.86738,1281286
7/13/2023,1613.295654,1623.184619,1593.218134,1593.218134,1136620
7/14/2023,1612.396729,1633.173542,1602.457892,1621.336804,1088010
7/17/2023,1608.45105,1620.13793,1601.209149,1618.190157,823296
7/18/2023,1616.492065,1623.184531,1600.210227,1616.541936,2077115
7/19/2023,1642.263184,1647.956889,1612.196836,1616.492081,1920501
7/20/2023,1633.972534,1656.397404,1623.184551,1649.05564,1159938
7/21/2023,1631.025757,1643.162207,1618.489851,1631.175614,1149031
7/24/2023,1655.648315,1658.145523,1620.187974,1628.179037,1455663
7/25/2023,1647.007935,1663.040053,1633.223425,1663.040053,1378736
7/26/2023,1624.632935,1663.040053,1616.242416,1647.557369,2225230
7/27/2023,1612.746338,1660.842449,1600.210309,1639.666182,3402069
7/28/2023,1583.079468,1628.179053,1566.647894,1623.184639,3285744
7/31/2023,1596.514526,1601.009499,1564.050833,1564.050833,1323373
8/1/2023,1570.593384,1598.162525,1567.896449,1596.514466,1641917
8/2/2023,1525.294067,1570.593379,1522.297419,1570.243794,2170178
8/3/2023,1491.981323,1521.198645,1476.149055,1521.198645,2785017
8/4/2023,1484.639648,1505.66606,1469.106971,1500.272068,2703607
8/7/2023,1506.714966,1510.560641,1483.341082,1496.326559,1228780
8/8/2023,1514.056641,1518.601606,1491.232192,1507.813623,1409271
8/9/2023,1514.905762,1528.041096,1503.318745,1523.296402,1065831
8/10/2023,1517.702637,1528.04105,1503.418563,1510.860314,900666
8/11/2023,1502.319824,1520.099988,1495.976942,1517.253074,792201
8/14/2023,1480.394409,1496.276549,1465.411166,1494.328776,1549409
8/16/2023,1468.207886,1480.344336,1461.365563,1480.344336,834135
8/17/2023,1475.200073,1478.346579,1463.762914,1471.354399,1048714
8/18/2023,1458.518799,1476.648547,1454.373411,1468.35777,1053734
8/21/2023,1476.64856,1482.841584,1449.379009,1453.37454,1498685
8/22/2023,1466.160278,1492.33096,1462.714059,1483.341014,1557523
8/23/2023,1468.457642,1472.353309,1456.421177,1472.353309,961649
8/24/2023,1466.959229,1490.33311,1463.363275,1478.346517,847606
8/25/2023,1502.219971,1507.81369,1464.012701,1466.959357,3624097
8/28/2023,1498.224487,1512.308712,1485.338873,1511.80927,1066459
8/29/2023,1501.770264,1512.308526,1495.577239,1508.163138,1377001
8/30/2023,1499.82251,1517.153102,1497.325303,1508.313013,700372
8/31/2023,1487.236694,1506.115605,1478.54634,1499.373145,1542837
9/1/2023,1512.807983,1517.003242,1485.688291,1492.330886,904596
9/4/2023,1508.412964,1524.245233,1504.367561,1519.300811,685689
9/5/2023,1508.762451,1518.102103,1504.317472,1510.310768,1298151
9/6/2023,1516.503906,1520.749158,1502.519546,1509.262006,712220
9/7/2023,1517.852417,1523.096552,1508.412901,1523.096552,647590
9/8/2023,1539.278564,1557.058729,1523.346431,1528.290852,2168354
9/11/2023,1547.96875,1550.266229,1538.279635,1547.769022,841557
9/12/2023,1540.726807,1557.158503,1525.943414,1557.158503,1444688
9/13/2023,1551.065308,1563.301622,1519.300785,1540.277324,1193072
9/14/2023,1549.167358,1561.853121,1539.478122,1555.210526,920905
9/15/2023,1536.381714,1565.848758,1529.589384,1546.320672,3116428
9/18/2023,1558.207275,1563.601267,1531.187567,1536.381709,1403635
9/20/2023,1551.614624,1566.44801,1543.373841,1553.162941,1076887
9/21/2023,1524.494995,1550.515943,1512.308673,1528.79024,1772341
9/22/2023,1541.975464,1549.267358,1523.196539,1526.293051,1321743
9/25/2023,1575.637817,1589.2226,1544.972041,1547.96869,2962182
9/26/2023,1565.948608,1581.231565,1549.267313,1581.231565,2472382
9/27/2023,1564.000854,1568.246107,1552.463709,1565.948627,964400
9/28/2023,1537.979858,1573.190478,1533.335151,1563.251643,831496
9/29/2023,1538.529297,1551.21506,1530.338506,1546.270639,1109857
10/3/2023,1559.306152,1562.452536,1525.294142,1528.540511,1083086
10/4/2023,1530.837891,1554.111787,1519.450602,1553.262761,1614123
10/5/2023,1540.826782,1554.261708,1530.588233,1538.279582,1153064
10/6/2023,1632.823853,1638.867021,1549.317272,1557.607926,7384628
10/9/2023,1619.738525,1626.181271,1604.805154,1615.343416,1712235
10/10/2023,1631.275513,1642.113367,1615.193524,1628.179,1453653
10/11/2023,1634.72168,1649.105494,1631.675038,1639.566237,952433
10/12/2023,1632.973633,1641.11443,1621.03691,1635.171126,1052767
10/13/2023,1644.710571,1647.157785,1618.190183,1629.177895,1212989
10/16/2023,1640.515137,1647.557309,1628.578536,1642.163318,859548
10/17/2023,1655.798096,1674.876733,1643.711638,1648.056754,1689224
10/18/2023,1626.380981,1663.139919,1620.23795,1663.139919,1230439
10/19/2023,1632.923828,1641.114619,1595.615576,1623.18472,1429935
10/20/2023,1633.223389,1637.918089,1613.19574,1625.981488,1191783
10/23/2023,1611.3479,1649.854761,1603.706422,1625.182404,1093182
10/25/2023,1609.64978,1628.179107,1597.06388,1611.098234,1490405
10/26/2023,1558.257202,1606.603155,1550.26614,1588.223687,1780025
10/27/2023,1564.650024,1591.470003,1549.61679,1573.839697,2003579
10/30/2023,1559.355957,1569.344785,1526.29296,1567.147292,850025
10/31/2023,1567.796631,1579.683239,1550.665766,1550.665766,1592788
11/1/2023,1571.092773,1578.23481,1563.251568,1573.140532,770557
11/2/2023,1573.839844,1590.820853,1564.350456,1585.926302,1020303
11/3/2023,1534.43396,1591.869726,1526.193176,1582.480202,2519096
11/6/2023,1562.652344,1564.250532,1538.279578,1545.271758,917415
11/7/2023,1568.046387,1606.003936,1548.268457,1600.210367,2532282
11/8/2023,1573.739868,1578.184848,1557.45803,1574.23931,831310
11/9/2023,1580.482422,1587.224881,1567.247224,1573.240521,1108425
11/10/2023,1594.217041,1597.013962,1570.893151,1579.233798,672720
11/13/2023,1583.428955,1596.164711,1566.947389,1592.818478,853825
11/15/2023,1585.2771,1613.195827,1578.184934,1598.212584,1684967
11/16/2023,1618.839478,1626.181242,1537.330663,1559.306085,3213352
11/17/2023,1614.094849,1618.839542,1579.833118,1591.2704,1783393
11/20/2023,1592.019531,1614.744116,1584.378053,1610.099286,1256179
11/21/2023,1608.600952,1614.64412,1591.819672,1592.019521,1714833
11/22/2023,1622.085938,1624.183567,1600.709819,1608.201441,807316
11/23/2023,1622.135742,1635.021355,1618.389932,1622.085871,695592
11/24/2023,1615.443237,1627.130118,1610.199103,1622.635145,625345
11/28/2023,1652.551758,1655.148829,1615.692957,1615.692957,1564478
11/29/2023,1651.652832,1663.139985,1647.157859,1658.145571,746796
11/30/2023,1671.630493,1678.023368,1642.712883,1651.153394,1577522
12/1/2023,1684.066406,1686.813334,1668.084281,1678.123102,1101136
12/4/2023,1694.35498,1712.78432,1684.016568,1698.100791,1419178
12/5/2023,1690.808838,1711.485785,1671.380617,1694.404913,1778602
12/6/2023,1698.450439,1708.089683,1691.008811,1699.099738,737176
12/7/2023,1702.146362,1722.074026,1688.11201,1698.450423,941890
12/8/2023,1708.239502,1712.634611,1690.609196,1703.095231,1376050
12/11/2023,1700.897705,1715.081792,1696.352739,1698.250641,1003371
12/12/2023,1704.843262,1717.828738,1698.600244,1702.895489,1390539
12/13/2023,1682.668091,1707.590168,1666.336259,1706.091844,1168629
12/14/2023,1729.016235,1731.963013,1696.103094,1698.10086,2130836
12/15/2023,1731.213867,1739.055073,1716.82993,1737.007315,1486079
12/18/2023,1722.67334,1736.607829,1716.630172,1730.714396,696124
12/19/2023,1707.839844,1724.621123,1694.90436,1723.072806,1214352
12/20/2023,1679.022095,1739.054926,1670.132014,1713.783142,1540009
12/21/2023,1664.987915,1679.921287,1658.395312,1661.14224,988034
12/22/2023,1670.182129,1688.112027,1661.741496,1667.135487,1279614
12/26/2023,1643.461914,1682.11863,1635.221131,1673.128684,1296291
12/27/2023,1667.584839,1672.179797,1651.952421,1655.148797,1181177
12/28/2023,1679.321777,1696.902213,1665.337418,1672.179863,1360425
12/29/2023,1683.916748,1690.808942,1672.729187,1680.570393,738203
1/1/2024,1674.527222,1689.810056,1669.13323,1683.916745,692280
1/2/2024,1684.316162,1687.962109,1661.591578,1674.027742,1099965
1/3/2024,1675.775757,1706.091825,1674.127576,1678.123107,804258
1/4/2024,1700.048584,1722.024006,1688.111983,1692.457099,2268009
1/5/2024,1707.59021,1715.181695,1695.753473,1701.047479,835592
1/8/2024,1694.454956,1721.724508,1688.311802,1714.033036,684254
1/9/2024,1680.570313,1713.083996,1672.429515,1708.539031,1235008
1/10/2024,1669.9823,1683.117634,1656.797095,1683.117634,607010
1/11/2024,1667.385132,1700.747842,1658.295323,1677.124239,861924
1/12/2024,1650.054565,1673.078741,1640.165601,1668.384041,1314964
1/15/2024,1630.576416,1662.290947,1628.229066,1653.151144,1089891
1/16/2024,1621.686279,1644.460857,1618.190189,1632.174549,1063676
1/17/2024,1584.37793,1620.187853,1576.287004,1613.14568,1488186
1/18/2024,1579.383545,1603.55646,1557.258267,1584.228102,1133236
1/19/2024,1598.711914,1604.555354,1579.2337,1589.172535,1139473
1/23/2024,1580.732056,1613.445468,1573.240435,1595.665305,3028946
1/24/2024,1619.039185,1621.03695,1576.586665,1592.918375,1393463
1/25/2024,1628.328857,1633.173415,1611.897162,1619.938217,1744604
1/29/2024,1635.121216,1639.766045,1616.691876,1628.179029,940220
1/30/2024,1588.773193,1627.180191,1583.229345,1627.180191,4851835
1/31/2024,1625.482056,1630.176756,1583.229264,1592.219209,1486444
2/1/2024,1620.437622,1630.176729,1611.197956,1630.176729,1352416
2/2/2024,1649.655029,1662.141065,1624.882686,1633.173462,1514648
2/5/2024,1613.095947,1658.045676,1606.753066,1648.156711,2578535
2/6/2024,1595.265869,1624.982633,1576.836408,1624.982633,2376798
2/7/2024,1594.416748,1621.936019,1587.624418,1607.202497,1477982
2/8/2024,1568.795532,1606.153654,1563.251684,1606.153654,1486674
2/9/2024,1569.194946,1585.526778,1560.954163,1584.477902,1049368
2/12/2024,1555.510376,1577.535792,1549.766799,1576.986358,803753
2/13/2024,1566.248291,1584.677631,1550.465893,1558.257228,1833289
2/14/2024,1577.935181,1581.231543,1553.262823,1558.257237,763689
2/15/2024,1567.646729,1588.22369,1562.802171,1588.173697,803588
2/16/2024,1574.139404,1583.229213,1565.299316,1581.331312,850341
2/19/2024,1618.340088,1623.184645,1570.243854,1574.239385,1162373
2/20/2024,1601.059326,1617.191308,1595.715327,1616.142433,1232581
2/21/2024,1585.177002,1616.791667,1578.834121,1602.208002,674394
2/22/2024,1590.770874,1597.213619,1564.10063,1597.213619,1149519
2/23/2024,1614.744141,1619.089257,1594.217049,1594.217049,1199419
2/26/2024,1612.496582,1627.579688,1608.201337,1614.194634,742382
2/27/2024,1598.81189,1621.636339,1593.21817,1612.496658,931236
2/28/2024,1582.729858,1607.901657,1578.234886,1601.209191,790763
2/29/2024,1592.019531,1601.80851,1566.59789,1583.179321,1352363
3/1/2024,1611.597656,1618.489972,1593.417915,1596.164843,740120
3/4/2024,1617.490967,1623.18455,1601.508842,1614.194605,589948
3/5/2024,1548.767944,1634.771738,1539.428414,1628.179135,2343463
3/6/2024,1552.863159,1556.259385,1529.089822,1556.259385,1239370
3/7/2024,1581.03186,1587.874184,1555.41049,1555.41049,1380840
3/11/2024,1597.013916,1614.344509,1581.231519,1595.71532,1285565
3/12/2024,1591.769775,1610.199115,1563.401479,1588.323556,1587096
3/13/2024,1571.392578,1597.163682,1560.25501,1590.521209,1279653
3/14/2024,1561.953003,1578.234842,1548.368221,1563.850905,1289823
3/15/2024,1569.694336,1587.824083,1545.771142,1545.771142,1929597
3/18/2024,1575.288208,1577.385838,1559.25609,1569.194925,645594
3/19/2024,1579.733154,1588.223658,1549.367093,1572.291526,1385006
3/20/2024,1582.929565,1591.719783,1564.350369,1580.732072,723724
3/21/2024,1600.809692,1607.652016,1590.221558,1594.21709,1166497
3/22/2024,1585.776489,1608.20136,1581.631101,1591.220352,1570412
3/26/2024,1592.119385,1617.19132,1587.224834,1587.224834,1616192
3/27/2024,1580.881958,1608.101516,1576.436856,1588.223723,1205575
3/28/2024,1642.01355,1667.135478,1586.225967,1586.225967,5210310
4/1/2024,1644.161133,1672.129852,1638.51742,1657.196602,767676
4/2/2024,1654.699463,1661.042345,1623.883829,1649.05575,1605925
4/3/2024,1638.517456,1653.001257,1633.173457,1652.152231,1055536
4/4/2024,1653.950317,1660.642784,1628.17909,1648.156748,1328509
4/5/2024,1676.075439,1679.621522,1650.104485,1656.647217,2364243
4/8/2024,1687.263062,1700.098682,1682.967816,1688.112088,1345380
4/9/2024,1708.489258,1713.084095,1685.365095,1693.056445,1284145
4/10/2024,1702.196289,1720.076317,1694.105362,1715.081903,1031729
4/12/2024,1696.752441,1704.293934,1687.662632,1698.100909,1312132
4/15/2024,1654.998901,1690.109655,1652.351838,1670.132,828843
4/16/2024,1616.691772,1646.857984,1609.549736,1638.167752,1528544
4/18/2024,1592.119385,1628.278895,1587.524548,1623.184617,1325537
4/19/2024,1617.191284,1626.930392,1566.94743,1585.227034,1242066
4/22/2024,1627.629639,1646.158965,1615.693037,1625.182424,703167
4/23/2024,1619.28894,1650.154444,1614.194662,1626.780562,1297705
4/24/2024,1628.528564,1647.007896,1616.242379,1623.184566,578310
4/25/2024,1653.700562,1670.132136,1613.845111,1628.179056,1569437
4/26/2024,1595.565552,1647.20787,1576.686641,1647.20787,5325417
4/29/2024,1593.867432,1601.209196,1585.576655,1601.209196,1132800
4/30/2024,1613.195801,1632.124582,1589.522326,1594.217027,1748360
5/2/2024,1613.645264,1633.173472,1609.200284,1613.195815,1304846
5/3/2024,1625.482056,1723.072858,1616.192397,1648.356375,5227529
5/6/2024,1609.549805,1636.070192,1605.254682,1636.070192,725360
5/7/2024,1613.345703,1623.184675,1591.220423,1619.189144,1348125
5/8/2024,1601.259155,1618.19017,1596.96391,1599.211397,802342
5/9/2024,1562.852051,1611.297868,1557.857637,1604.904994,1364729
5/10/2024,1570.942993,1582.380275,1554.261699,1558.25723,768117
5/13/2024,1578.784302,1585.227047,1554.561393,1572.24157,466042
5/14/2024,1574.688843,1588.12389,1567.297207,1573.590096,652248
5/15/2024,1567.297241,1587.874204,1564.849905,1578.23496,581805
5/16/2024,1594.217041,1599.211455,1558.706707,1573.290494,1212568
5/17/2024,1582.979614,1596.214812,1578.284914,1593.218164,699522
5/21/2024,1580.782104,1593.517861,1570.243842,1585.726526,903561
5/22/2024,1582.18042,1588.22371,1573.240467,1580.782081,578669
5/23/2024,1606.652954,1611.44764,1579.483391,1585.326831,1547483
5/24/2024,1599.910522,1618.190126,1595.265815,1607.202416,566278
5/27/2024,1594.017334,1611.048214,1588.523478,1603.207008,1365230
5/28/2024,1597.863037,1603.207036,1587.674358,1601.159277,1306333
5/29/2024,1568.146118,1600.559816,1563.351432,1592.369026,1665575
5/30/2024,1522.397339,1573.440229,1515.305295,1564.999717,2285079
5/31/2024,1526.892334,1550.31621,1517.203219,1528.290794,2794001
6/3/2024,1574.039673,1581.231581,1554.711192,1578.234932,1826290
6/4/2024,1475.649658,1567.446893,1417.464733,1554.261688,4388491
6/5/2024,1516.004517,1526.293059,1471.254636,1488.335509,1456768
6/6/2024,1524.744751,1539.777987,1509.112331,1519.800329,2891789
6/7/2024,1565.948608,1578.234916,1528.840208,1537.230726,2787254
6/10/2024,1564.050903,1587.224938,1557.608035,1584.278282,1154334
6/11/2024,1566.498047,1575.637849,1556.259498,1571.24274,1184425
6/12/2024,1577.335938,1591.969596,1560.255065,1566.248362,1799090
6/13/2024,1588.323608,1593.767593,1579.233799,1585.177103,1095701
6/14/2024,1589.971802,1594.217054,1573.590098,1588.323621,681385
6/18/2024,1596.164795,1603.107104,1583.229311,1597.213671,1282756
6/19/2024,1593.118286,1598.212564,1580.732114,1598.212564,1269273
6/20/2024,1584.228149,1593.218095,1571.342537,1590.720888,1649421
6/21/2024,1578.131104,1610.065495,1569.73517,1585.227621,3345305
6/24/2024,1586.876831,1589.075711,1560.239785,1569.285427,822750
6/25/2024,1602.569214,1609.965635,1570.234991,1586.876908,3093861
6/26/2024,1599.470703,1615.71279,1592.973869,1606.217416,1310438
6/27/2024,1602.319336,1613.913663,1594.273329,1599.470748,2620064
6/28/2024,1587.376587,1621.210077,1582.328997,1602.319257,2058302
7/1/2024,1579.43042,1590.175185,1577.23154,1587.426524,2444681
7/2/2024,1578.980713,1584.228156,1560.33977,1579.430445,2572175
7/3/2024,1593.373779,1596.722124,1572.833737,1582.229184,892102
7/4/2024,1584.927734,1609.215949,1580.030218,1609.215949,1450706
7/5/2024,1578.830811,1589.925381,1569.335436,1586.227232,1070592
7/8/2024,1569.335327,1578.830701,1561.239296,1578.830701,1000005
7/9/2024,1580.829834,1583.128763,1566.236968,1576.931709,1233946
7/10/2024,1581.779419,1588.226229,1569.985116,1583.128737,1355610
7/11/2024,1587.076782,1595.222838,1575.232577,1583.228681,1848978
7/12/2024,1596.472168,1604.068443,1584.378085,1604.068443,1003699
7/15/2024,1601.419678,1604.218363,1587.226642,1596.222259,1753186
7/16/2024,1608.766235,1614.213533,1597.621641,1604.218402,980434
7/18/2024,1650.445923,1653.194584,1592.274312,1605.217957,2999670
7/19/2024,1639.451294,1659.191677,1634.20385,1651.195572,1865129
7/22/2024,1630.355713,1650.995681,1622.259682,1624.208683,784867
7/23/2024,1618.061646,1647.14745,1598.671068,1634.203805,2718846
7/24/2024,1578.480957,1611.115082,1561.239357,1599.820536,3675430
7/25/2024,1571.184448,1581.879311,1557.24129,1564.837565,1694503
7/26/2024,1585.677368,1591.974349,1568.285939,1577.231532,2768936
7/29/2024,1616.362549,1624.208702,1581.729397,1587.37667,2217892
7/30/2024,1641.850098,1669.086828,1594.423131,1613.214025,3703774
7/31/2024,1650.845703,1655.443439,1636.852521,1650.096068,1324150
8/1/2024,1634.003906,1658.192072,1629.206195,1654.19402,747329
8/2/2024,1622.659424,1628.20677,1602.219431,1619.211153,1105569
8/5/2024,1566.936523,1604.218408,1561.239348,1589.225713,2058076
8/6/2024,1563.338257,1597.221772,1556.341666,1574.382924,1897942
8/7/2024,1570.634766,1584.028264,1562.88854,1583.328532,1443063
8/8/2024,1539.300049,1575.682225,1531.803701,1561.689042,1683534
8/9/2024,1559.440186,1561.789139,1544.747393,1559.140405,1014828
8/12/2024,1558.240845,1570.08505,1547.346128,1556.241819,1125254
8/13/2024,1542.598389,1568.235922,1536.30153,1553.243227,1817066
8/14/2024,1528.405396,1545.696898,1526.056564,1544.247653,1173504
8/16/2024,1549.145264,1551.693949,1522.508217,1538.250547,1841887
8/19/2024,1550.344604,1563.13842,1544.297624,1563.13842,940893
8/20/2024,1601.319824,1624.10877,1550.744489,1554.19276,3149863
8/21/2024,1620.160645,1628.00692,1599.17087,1599.220895,1966030
8/22/2024,1624.908325,1629.20628,1613.264096,1624.008861,1325535
8/23/2024,1639.10144,1644.148908,1622.4095,1627.107284,1114056
8/26/2024,1685.378784,1687.177956,1637.951941,1648.196949,2446507
8/27/2024,1718.162842,1728.157972,1651.195471,1685.378767,4205533
8/28/2024,1712.665527,1734.155057,1699.222126,1727.158466,1444329
8/29/2024,1754.795044,1771.137057,1710.716545,1715.164329,5508206
8/30/2024,1782.181763,1792.626625,1749.197833,1769.088044,3865499
9/2/2024,1839.653809,1861.093315,1786.929495,1795.525283,5442576
9/3/2024,1864.691528,1870.038899,1811.067629,1849.099149,4429269
9/4/2024,1870.988525,1878.784654,1832.157467,1839.303888,2634954
9/5/2024,1864.041748,1873.787,1849.099077,1867.090312,1441842
9/6/2024,1856.245605,1897.075687,1835.105881,1863.092245,2970645
9/9/2024,1859.543945,1872.837517,1838.154464,1859.094213,1576721
9/10/2024,1823.611572,1873.887128,1814.366076,1873.887128,2155688
9/11/2024,1832.257324,1852.897293,1813.366504,1828.109321,1492450
9/12/2024,1853.946777,1859.094294,1815.915379,1849.798774,2040386
9/13/2024,1893.527466,1905.971477,1845.600863,1873.887132,3078216
9/16/2024,1856.695435,1920.064587,1837.155027,1901.073839,3180768
9/17/2024,1847.799683,1875.935999,1837.654723,1858.094716,1920113
9/18/2024,1887.280396,1896.076159,1842.302311,1847.799632,2960854
9/19/2024,1889.479492,1901.073819,1875.08648,1889.079663,1821882
9/20/2024,1915.866577,1923.562778,1883.432307,1891.178533,4225587
9/23/2024,1919.015015,1933.058222,1913.667644,1928.910218,1118846
9/24/2024,1903.722534,1922.663257,1897.425553,1919.065035,1461016
9/25/2024,1927.560913,1937.855946,1895.126763,1904.072356,901659
9/26/2024,1981.834473,1987.28177,1929.210088,1939.055266,2541200
9/27/2024,2009.720825,2028.911549,1965.342544,1975.887333,3718693
9/30/2024,1972.439087,2017.966833,1967.341595,2009.720851,1859917
10/1/2024,1974.288086,2006.122551,1968.091154,1972.039182,1326900
10/3/2024,1912.468262,1969.090699,1895.576467,1960.045058,1702709
10/4/2024,1883.632324,1934.057708,1864.341674,1912.368324,2423416
10/7/2024,1878.384888,1900.673955,1867.890001,1883.632331,1423722
10/8/2024,1837.254883,1893.027636,1832.207293,1872.287741,1423384
10/9/2024,1866.040771,1880.283832,1834.65616,1848.099562,1411255
10/10/2024,1874.786499,1886.930606,1859.094194,1873.887035,1209065
10/11/2024,1875.486328,1882.882749,1854.196651,1875.036474,516757
10/14/2024,1866.290649,1884.181957,1861.643012,1884.181957,809881
10/15/2024,1853.047119,1894.826812,1841.102987,1872.687574,2072690
10/16/2024,1861.143311,1870.088903,1846.350469,1854.096695,850008
10/17/2024,1814.915771,1868.539547,1808.218961,1867.090302,1115879
10/18/2024,1819.013794,1832.407293,1792.126869,1814.116156,990257
10/21/2024,1757.543701,1823.011803,1753.095795,1821.112704,1663903
10/22/2024,1721.761108,1770.087539,1715.314298,1757.693675,3142294
10/23/2024,1738.852783,1778.633451,1726.708797,1726.708797,2585058
10/24/2024,1741.251587,1763.140946,1717.813056,1739.202658,1502718
10/25/2024,1706.568604,1751.046934,1697.273083,1741.251657,875973
10/28/2024,1729.6073,1737.003721,1701.121178,1709.916942,653158
10/29/2024,1765.8396,1774.635363,1702.170669,1724.309907,1561586
10/30/2024,1751.596558,1776.584383,1739.352523,1765.839618,826677
10/31/2024,1749.897461,1754.145391,1724.210025,1744.350115,869480
11/1/2024,1753.845459,1771.287035,1745.449647,1761.141953,134827
11/4/2024,1711.666016,1757.143857,1693.22505,1753.845415,1294236
11/5/2024,1734.80481,1743.450622,1685.178963,1713.265255,1646381
11/6/2024,1747.848389,1758.843032,1731.256497,1731.256497,926170
11/7/2024,1728.857666,1756.144421,1704.219767,1744.150264,855044
11/8/2024,1738.902832,1742.651006,1716.16391,1738.153197,869560
11/11/2024,1716.613647,1751.096848,1712.215888,1726.708827,696798
11/12/2024,1690.926147,1732.106035,1687.927608,1724.159955,903492
11/13/2024,1663.639404,1695.124065,1656.642813,1689.177011,668302
11/14/2024,1639.001465,1672.735029,1632.754509,1664.189144,744472
11/18/2024,1615.213013,1641.150326,1609.215935,1633.204247,1618700
11/19/2024,1595.572632,1625.158194,1579.780399,1622.159655,2569730
11/21/2024,1568.48584,1595.222814,1564.487788,1595.222814,984265
11/22/2024,1600.070435,1605.217951,1561.289402,1569.185457,2082813
11/25/2024,1604.11853,1638.002047,1599.220892,1617.212127,2191916
11/26/2024,1593.623657,1614.113675,1581.229671,1614.113675,2483861
11/27/2024,1599.270874,1607.816637,1588.226206,1595.172773,1335825
11/28/2024,1574.283081,1609.266038,1566.88666,1604.218448,3458405
11/29/2024,1579.180542,1587.176646,1574.182977,1581.129666,1998058
12/2/2024,1595.872559,1603.019101,1566.236972,1587.226746,1423549
12/3/2024,1606.317383,1609.116068,1594.273324,1596.322252,1045367
12/4/2024,1627.307129,1631.455132,1605.317842,1618.211585,2271608
12/5/2024,1643.299316,1653.294447,1604.668114,1635.95292,1706032
12/6/2024,1634.403687,1649.146504,1624.258727,1639.201398,1049225
12/9/2024,1636.252808,1646.747694,1618.411403,1641.200348,859106
12/10/2024,1662.589966,1672.185266,1636.302725,1643.949024,1673974
12/11/2024,1685.678711,1689.526812,1648.196973,1666.288134,2131913
12/12/2024,1678.4823,1689.676797,1673.784515,1684.179475,1137744
12/13/2024,1678.881958,1682.780083,1634.203775,1666.288118,1389802
12/16/2024,1672.834961,1683.129872,1659.591414,1674.184279,797240
12/17/2024,1642.349854,1672.835001,1632.254796,1672.185293,1045630
12/18/2024,1629.955933,1646.59785,1621.809877,1641.200455,952592
12/19/2024,1588.776001,1623.359128,1582.279166,1616.012731,1681562
12/20/2024,1568.88562,1602.819038,1564.23786,1588.775953,1806341
12/23/2024,1562.638672,1593.97338,1559.790084,1582.229103,1017438
12/24/2024,1563.788208,1572.084093,1550.894465,1562.338841,810638
12/26/2024,1558.540771,1574.133151,1553.693036,1553.693036,760870
12/27/2024,1578.531006,1585.227694,1560.339795,1567.186435,1174865
12/30/2024,1575.932129,1587.076723,1559.690042,1579.230571,1307371
12/31/2024,1567.336304,1575.182456,1559.240273,1569.185378,1041557
1/1/2025,1575.632324,1583.278623,1564.237852,1564.237852,464064
1/2/2025,1699.821899,1717.0635,1575.632402,1580.530041,8022190
1/3/2025,1700.271606,1719.162427,1691.176062,1699.172167,1563600
1/6/2025,1683.779663,1732.106095,1674.184362,1714.164884,1837772
1/7/2025,1681.930542,1702.820389,1673.384657,1691.176037,1242573
1/8/2025,1696.173584,1708.16774,1667.737488,1680.181376,1437122
1/9/2025,1689.476929,1699.671913,1674.18433,1696.173617,1036731
1/10/2025,1700.421509,1717.363206,1679.181857,1681.180883,1467079
1/13/2025,1673.334717,1699.172103,1665.788345,1688.777144,1177882
1/14/2025,1712.665527,1729.157492,1683.179894,1688.177459,2084348
1/15/2025,1670.835938,1729.607229,1649.196457,1720.261807,2098490
1/16/2025,1696.523438,1705.119225,1678.382251,1679.181911,1105433
1/17/2025,1679.831543,1697.572899,1670.136194,1685.27884,905680
1/20/2025,1734.35498,1737.153666,1673.584661,1685.47889,1674215
1/21/2025,1716.163818,1750.14726,1710.16674,1744.150182,2008953
1/22/2025,1742.451172,1745.99937,1709.667095,1719.162469,1369310
1/23/2025,1745.299683,1765.139992,1729.607255,1741.70146,1888122
1/24/2025,1727.858154,1754.045469,1724.160005,1750.147344,747930
1/27/2025,1710.766479,1731.806278,1701.171179,1714.014897,1017680
1/28/2025,1768.088501,1787.179297,1714.164823,1732.106032,2439528
1/29/2025,1789.528198,1804.07104,1766.389447,1776.084674,1880079
1/30/2025,1744.350098,1855.096191,1740.152192,1824.111287,5190089
1/31/2025,1735.254517,1752.845921,1697.372949,1712.765474,1917476
2/1/2025,1753.145874,1779.133213,1616.212587,1746.149283,2887325
2/3/2025,1793.975952,1804.121034,1732.5059,1734.155121,2918355
2/4/2025,1812.366943,1818.014216,1771.936691,1799.123396,2285643
2/5/2025,1795.875,1825.660536,1779.133157,1810.11806,1286850
2/6/2025,1787.129272,1812.067073,1778.583387,1807.119533,1119866
2/7/2025,1797.474243,1821.112751,1783.481061,1800.122977,1748940
2/10/2025,1791.527222,1806.070063,1773.935816,1804.021135,908769
2/11/2025,1744.000244,1794.425749,1741.151656,1791.527136,1944713
2/12/2025,1787.828857,1799.972965,1726.408832,1748.14824,1888823
2/13/2025,1848.349487,1852.597418,1795.775126,1803.071498,4070038
2/14/2025,1840.403442,1866.690563,1824.111331,1852.597453,1823774
2/17/2025,1893.927246,1897.825371,1829.558582,1840.403396,3022597
2/18/2025,1892.777832,1912.868142,1879.884211,1891.078709,2116513
2/19/2025,1874.436768,1898.275129,1867.140396,1890.129196,768994
2/20/2025,1880.333862,1886.580819,1860.143748,1866.940363,1012144
2/21/2025,1878.434814,1892.378095,1865.491169,1871.288272,852037
2/24/2025,1856.895386,1888.97973,1852.097674,1867.09037,1076484
2/25/2025,1874.18689,1895.076737,1856.895387,1856.895387,1761019
2/27/2025,1924.612305,1937.855852,1880.083952,1881.233416,2878330
2/28/2025,1871.388306,1919.065029,1861.643054,1910.119436,1797567
3/3/2025,1837.654785,1883.782215,1817.814353,1883.782215,1046987
3/4/2025,1789.428223,1832.607137,1784.380633,1828.858963,1443339
3/5/2025,1800.922607,1807.919199,1732.156063,1786.129766,2143253
3/6/2025,1844.55127,1852.097642,1783.23117,1817.914345,2176883
3/7/2025,1844.401489,1864.641629,1835.605726,1844.251538,1332323
3/10/2025,1839.453735,1887.830189,1834.106365,1843.851617,1703046
3/11/2025,1804.520874,1835.95551,1787.379201,1829.108871,2298735
3/12/2025,1818.563965,1823.461603,1799.123485,1813.116668,1196955
3/13/2025,1806.569824,1839.104023,1802.271991,1827.109866,1333932
3/17/2025,1870.688599,1879.984119,1796.274901,1819.11375,6994837
3/18/2025,1870.688599,1870.688599,1870.688599,1870.688599,0
3/19/2025,1841.352905,1863.492144,1839.104001,1854.096697,2411880
3/20/2025,1850.94812,1854.09661,1813.216504,1841.35282,2306910
3/21/2025,1846.350464,1879.084516,1824.111299,1877.08549,3537391
3/24/2025,1893.227661,1897.775372,1844.601327,1854.446506,1864839
3/25/2025,1944.102905,1953.448328,1893.977301,1904.072359,3512725
3/26/2025,1942.453613,1977.036739,1934.05768,1950.049888,2779682
3/27/2025,2004.773315,2010.520516,1931.658911,1939.055332,4506778
3/28/2025,2006.372437,2021.015327,1993.228816,1994.77811,1907116
4/1/2025,1936.156616,2001.025035,1931.558881,1997.026983,2125921
4/2/2025,1930.009644,1962.543842,1920.014513,1945.352266,1057344
4/3/2025,1919.514771,1949.05043,1904.022318,1914.067473,1598430
4/4/2025,1911.368774,1929.010081,1896.076177,1911.068872,2120708
4/7/2025,1851.747803,1893.077641,1822.611974,1834.106374,2594074
4/8/2025,1902.273193,1933.058244,1872.787558,1889.07967,3182018
4/9/2025,1894.776855,1917.365948,1877.085523,1898.075297,1394829
4/11/2025,1945.352295,1965.042653,1905.621651,1908.520141,1880510
4/15/2025,1967.041626,1983.033834,1959.845181,1983.033834,1250872
4/16/2025,1968.240967,1974.737801,1948.650536,1960.045009,1033717
4/17/2025,2034.30896,2038.70672,1954.048013,1960.544848,2104540
4/21/2025,2102.475586,2117.668135,2034.708556,2036.107899,2642028
4/22/2025,2075.988525,2108.972455,2068.991934,2102.975377,1447675
4/23/2025,2099.7771,2116.768822,2056.398086,2092.980362,1483177
4/24/2025,2103.974854,2133.960243,2084.384301,2120.766721,1465968
4/25/2025,2044.503906,2123.965192,2022.11479,2103.974932,1960343
4/28/2025,2048.701904,2093.780042,2039.006676,2039.006676,6311008
4/29/2025,2065.893311,2080.986054,2027.812012,2059.996281,2119823
4/30/2025,1950.649658,2019.016376,1925.561905,2017.217203,4684518
5/2/2025,1965.742188,1985.632521,1916.266294,1954.047934,1949238
5/5/2025,2025.213257,2035.608217,1958.145957,1963.943181,2072898
5/6/2025,2034.808716,2044.004187,2007.122131,2027.912051,1698230
5/7/2025,2029.311401,2044.503951,2008.721335,2010.320653,1078158
5/8/2025,2005.023193,2049.001768,1991.929597,2031.010533,1697652
5/9/2025,1969.040649,1998.026527,1962.044058,1969.040649,1207361
5/12/2025,2049.401367,2056.598056,2010.820312,2023.913908,1057561
5/13/2025,2017.217163,2060.396077,2009.620888,2045.90326,2217985
5/14/2025,2019.416138,2041.005595,2009.021178,2027.911998,1670853
5/15/2025,2040.90564,2049.401378,1995.727578,2014.118642,2640223
5/16/2025,2032.609619,2069.99143,2021.015293,2052.999709,1568556
5/19/2025,2037.307495,2052.000288,2034.009053,2037.907179,1379603
5/20/2025,2004.123535,2046.003155,1994.028478,2046.003155,2170575
5/21/2025,2036.307983,2046.003211,1997.226926,2010.520498,1291354
5/22/2025,2000.025513,2040.805692,1991.029896,2036.307883,1178160
5/23/2025,2035.508301,2047.702311,2002.224468,2004.923226,1085026
5/26/2025,2051.600586,2068.992015,2039.206478,2043.004676,714431
5/27/2025,2028.911499,2056.99779,2013.518974,2049.001686,1175928
5/28/2025,2021.415161,2043.904204,2017.017279,2043.904204,415312
5/29/2025,2009.920776,2031.910063,1999.125987,2030.410793,874950
5/30/2025,2016.417603,2030.710566,2009.920768,2009.920768,2144136
6/2/2025,2028.011963,2034.708651,1994.128446,2016.417636,1339043
6/3/2025,1990.930054,2043.804318,1979.035824,2038.107021,1522876
6/4/2025,1955.147461,2006.822359,1943.153304,1999.026108,1169875
6/5/2025,1943.053345,1964.942705,1928.160576,1960.045066,1808602
6/6/2025,1989.030884,2017.716858,1920.064486,1967.041598,6970191
6/9/2025,2016.417603,2056.697904,1990.030434,2000.025565,4221378
6/10/2025,1997.126953,2027.31232,1987.131823,2021.115266,3306765
6/11/2025,2011.9198,2028.011935,1981.934409,2003.024109,2245988
6/12/2025,2027.812134,2058.69699,2011.220119,2015.018318,3783347
6/13/2025,2010.020752,2015.917903,1979.035847,1999.026108,1418715
6/16/2025,2027.21228,2039.006583,1997.027036,2004.023627,1645983
6/17/2025,2002.324463,2032.909537,1995.227823,2029.011411,1220096
6/18/2025,1980.435181,2017.017334,1974.837932,2001.025125,1401356
6/19/2025,1966.641846,1995.227894,1956.446861,1981.034858,745887
6/20/2025,1985.232788,1997.926677,1964.04316,1973.838437,1931248
6/23/2025,1996.627197,2007.421987,1949.750012,1975.337643,1125629
6/24/2025,2008.221558,2031.410333,1998.226427,2018.016834,1717823
6/25/2025,2010.820313,2027.012374,2003.024062,2027.012374,998245
6/26/2025,2052.600098,2056.997857,2010.820403,2017.017335,1828277
6/27/2025,2044,2065,2005,2060,6315182
6/30/2025,2056,2064,2028,2040,1363779
7/1/2025,2053.800049,2068.5,2042.599976,2055.100098,1002015
7/2/2025,2007.900024,2057.5,1996.599976,2054,1204931
7/3/2025,1980.699951,2014.400024,1977.599976,2008,1133593
7/4/2025,1994.400024,2032.900024,1985,1993,1509178
7/7/2025,2006.400024,2016.900024,1993,1996.800049,861699
7/8/2025,2018.300049,2020.599976,1998.699951,2000,986803
7/9/2025,2026.400024,2037.599976,2012,2013,1161769
7/10/2025,2039.400024,2049,2021.800049,2034,1230564
7/11/2025,2017.199951,2040.699951,2000.199951,2037,1145529
7/14/2025,2003.599976,2015,1989,2010,605261
7/15/2025,2036.5,2046,2004.099976,2010,888117
7/16/2025,2036,2043.699951,2018.099976,2040.099976,633132
7/17/2025,2026.5,2047.5,2020.300049,2037.599976,458912
7/18/2025,2029.599976,2038.900024,2007.300049,2029.900024,995783
7/21/2025,2053.899902,2056,2017.599976,2026.900024,999643
7/22/2025,2039.599976,2049,2015.199951,2047.900024,1214275
7/23/2025,2060.5,2063.199951,2033.699951,2047.699951,878101
7/24/2025,2032.300049,2060.600098,2025,2060.5,658995
7/25/2025,1985.800049,2000,1932.900024,1999,4102292
7/28/2025,1977.800049,2023,1971.099976,1990,1469727
7/29/2025,1972.599976,1984.5,1943.800049,1977.800049,847965
7/30/2025,1959.800049,1989.099976,1945.099976,1972.699951,932988
7/31/2025,1948,1968.300049,1941.099976,1953.099976,985553
8/1/2025,1916.300049,1977.900024,1911.199951,1945,836974
8/4/2025,1933.599976,1944.400024,1923,1923,982532
8/5/2025,1939.400024,1942.699951,1916,1930.099976,1101680
8/6/2025,1924,1946.699951,1912.199951,1939.400024,875588
8/7/2025,1914,1932.900024,1890.599976,1919.699951,905353
8/8/2025,1919.199951,1929.699951,1906.400024,1915,507893
8/11/2025,1922.800049,1939.800049,1903.099976,1918,1489228
8/12/2025,1908,1934.300049,1904,1925,899579
8/13/2025,1914.400024,1920,1892.900024,1914,710014
8/14/2025,1925.099976,1939.099976,1912.5,1914.400024,765742
8/18/2025,1993.5,2017,1950,1950,1473915
8/19/2025,1972.199951,1997.599976,1964.800049,1994,1389770
8/20/2025,1958.5,1976.5,1949.199951,1972.800049,1461680
8/21/2025,1980,1998,1974.5,1984,2346236
8/22/2025,1965.900024,1977.300049,1963.5,1975,709444
8/25/2025,1963.800049,1967.800049,1953,1959.099976,869509
8/26/2025,1924.199951,1963.400024,1917.599976,1960,1179819
8/28/2025,1917.599976,1939.699951,1910.599976,1920,985012
8/29/2025,1913.5,1931.099976,1910,1923.099976,735268
9/1/2025,1943.5,1946,1913,1918.900024,590079
9/2/2025,1955.900024,1958.699951,1938.599976,1945,907972
9/3/2025,1966.099976,1972,1950,1950,934230
9/4/2025,2002.199951,2033.800049,1971,1985,2459026
9/5/2025,2014.400024,2023.800049,2002.099976,2013.900024,1077230
9/8/2025,2008.400024,2026.400024,2006.099976,2014.400024,338055
9/9/2025,2025.300049,2039,2012,2012,1240640
9/10/2025,2038.199951,2047,2026.599976,2035.099976,927634
9/11/2025,2037.800049,2048.800049,2028.400024,2038,720797
9/12/2025,2081.5,2089,2034.300049,2036.099976,1546838
9/15/2025,2080,2097,2068,2078,1014957
9/16/2025,2080.300049,2104.899902,2077.600098,2085,928203
9/17/2025,2057,2090,2054.899902,2088,1199866
9/18/2025,2069.199951,2075,2045,2066,904666
9/19/2025,2067.300049,2077.199951,2053.699951,2069,1973991
9/22/2025,2069.5,2082,2062.300049,2067.300049,633360
9/23/2025,2084.399902,2092,2068,2068,1177350
9/24/2025,2069.199951,2088.800049,2062.899902,2084.100098,602541
9/25/2025,2035.599976,2074,2032.400024,2069.199951,952122
9/26/2025,2003.199951,2047.5,1996.099976,2040,754739
9/29/2025,2024.699951,2031,1994.900024,2007.900024,2005041
9/30/2025,2006.400024,2036.400024,2001,2025,924425
10/1/2025,2007,2014,1979.5,2008.900024,683568
10/3/2025,2000.900024,2017,1968,2016.5,789048
10/6/2025,2033.199951,2042.199951,1995.099976,1996.099976,821515
10/7/2025,2032.599976,2056.399902,2029,2038.699951,641471
10/8/2025,2013.599976,2038.199951,2005,2031.5,369526
10/9/2025,2014.599976,2025.900024,2005,2013.599976,437357
10/10/2025,2004.300049,2026,2001.199951,2014.599976,772401
10/13/2025,2020.400024,2025,1996.599976,2004.099976,1013809
10/14/2025,2019.400024,2036.800049,2006.599976,2024.900024,668246
10/15/2025,2084.100098,2088.800049,2020.099976,2024.5,1497249
10/16/2025,2090.199951,2100,2078,2078.5,1424932
10/17/2025,2083.699951,2104,2077,2090,609393
10/20/2025,2139.800049,2149.5,2088,2088,1844869
10/21/2025,2169.100098,2184,2134,2150,367784
10/23/2025,2176.600098,2195,2159.100098,2170,1291839
10/24/2025,2159.5,2184,2144.600098,2176.600098,517200
10/27/2025,2170.199951,2178.5,2149.899902,2159.5,433573
10/28/2025,2140.199951,2188.699951,2123.100098,2172,1200996
10/29/2025,2137,2150,2124.199951,2150,343434
10/30/2025,2114.600098,2146,2101.300049,2140,488305
10/31/2025,2088.300049,2128.899902,2085.399902,2115,586237
11/3/2025,2081.600098,2100,2070,2086,546962
11/4/2025,2073.199951,2098.800049,2061.5,2087,610128
11/6/2025,2063.199951,2080.399902,2057.199951,2079,1175380
11/7/2025,2102.100098,2112,2042.800049,2060,839091
11/10/2025,2118.300049,2126.800049,2096.300049,2114.699951,985115
11/11/2025,1989.400024,2099,1952.400024,2085,4943745
11/12/2025,2035.5,2039,1995,2009.5,2396251
11/13/2025,2056.199951,2072.399902,2032.300049,2045,1839900
11/14/2025,2065.800049,2072,2044.199951,2050,1433249
11/17/2025,2079.600098,2081.100098,2055,2065.800049,817576
11/18/2025,2050.199951,2075.5,2047,2073,734236
11/19/2025,2050.199951,2059.399902,2035,2059.399902,704802
11/20/2025,2095.600098,2105,2042.900024,2064.699951,1576354
11/21/2025,2052.399902,2100,2045.099976,2100,1019782
11/24/2025,2030.800049,2064,2025.800049,2064,1422874
11/25/2025,2030.199951,2051.5,2026.400024,2039,688300
11/26/2025,2085.100098,2088.5,2030.900024,2035,928388
11/27/2025,2103.199951,2118,2075.600098,2085.100098,1125896
11/28/2025,2094,2113,2086.5,2110,590610
12/1/2025,2081.800049,2105.899902,2075,2102.5,533604
12/2/2025,2065.899902,2081.5,2059.5,2070.100098,682583
12/3/2025,2046,2072.399902,2035,2065.899902,785536
12/4/2025,2049.199951,2061.899902,2034,2046,758590
12/5/2025,2096.5,2110,2045.800049,2050,1742156
12/8/2025,2059.199951,2104.899902,2038.5,2100,904146
12/9/2025,2069.5,2081.800049,2039,2050,1176704
12/10/2025,2065.800049,2098.199951,2060,2070,937777
12/11/2025,2065.800049,2082.699951,2050,2080,624077
12/12/2025,2083.100098,2093,2069.199951,2075.800049,554885
12/15/2025,2070.5,2080.800049,2061,2079.899902,483403
12/16/2025,2035.199951,2067.800049,2029,2066.100098,506106
12/17/2025,2021.199951,2044,2011.599976,2035.199951,398342
12/18/2025,2026.300049,2038,2012.599976,2020,438810
12/19/2025,2043.800049,2055,2017.900024,2019,1104767
12/22/2025,2049.800049,2053.899902,2037.199951,2044.099976,1038998
12/23/2025,2047.599976,2057.5,2042,2049,677615
12/24/2025,2035.699951,2064.5,2024.300049,2048.5,1344198
12/26/2025,2017.599976,2035.699951,2005.400024,2035.699951,1755050
12/29/2025,2012.099976,2026.400024,1997.199951,2020,1415166
12/30/2025,2026.400024,2047.800049,1980.400024,2012,5450560
12/31/2025,2039.900024,2046.300049,2010.400024,2030.199951,1377422
1/1/2026,2037,2048.800049,2027.800049,2045,270917
1/2/2026,2038.400024,2050,2026.599976,2030.099976,893818
1/5/2026,2039.199951,2045.900024,2030,2040,656058
1/6/2026,2044.599976,2082,2040.800049,2044.900024,1236924
1/7/2026,2031.900024,2042,2021,2040,653557
1/8/2026,2008.900024,2029.099976,1989.199951,2021,756940
1/9/2026,1992.400024,2014.199951,1981.199951,2008.900024,1143760
1/12/2026,1998.900024,2006.400024,1972.599976,1992,996702
1/13/2026,2011.199951,2016,1991,1998.900024,1216677
1/14/2026,2000.900024,2015.800049,1993.599976,2003.5,1062849
1/15/2026,2000.900024,2000.900024,2000.900024,2000.900024,0
1/16/2026,2002.5,2033,2000.599976,2012.800049,1177279
1/19/2026,2017.800049,2025.900024,1992,1995,587791
1/20/2026,1958.699951,2018.300049,1950.199951,2017,1572563
1/21/2026,1959.900024,1973.599976,1936.599976,1964.900024,894555
1/22/2026,1993.099976,1996.900024,1965,1969.800049,1067186
1/23/2026,1949,1994.900024,1943.099976,1993.099976,1046873
1/27/2026,1917.699951,1971.5,1903.400024,1950.199951,4700126
1/28/2026,1940.300049,1944.099976,1920.099976,1924,1605973
1/29/2026,1948.099976,1956.800049,1921.099976,1927,884350
1/30/2026,1952.599976,1956.599976,1927,1928.5,1342205
2/2/2026,1930.099976,1937.099976,1876.599976,1908,1183196
2/3/2026,2012.699951,2045.5,1986.300049,2019.699951,1358926
2/4/2026,2019.599976,2032.699951,1985.099976,1993,1078917
2/5/2026,2000.099976,2021.800049,1992.400024,2008.099976,857399
2/6/2026,2024.199951,2027.400024,1983,2000.099976,1257237
2/9/2026,2024.599976,2032,2018.800049,2026.900024,431032
2/10/2026,2027.900024,2033.900024,2019.900024,2027,717899
2/11/2026,2027,2050,2022,2032,538669
2/12/2026,2037.099976,2041.900024,2012.099976,2025,637754
2/13/2026,2023.199951,2035,2012.699951,2035,756233
2/16/2026,2050.899902,2055,2022.199951,2023.199951,812257
2/17/2026,2044.400024,2052.600098,2035,2045,252282
2/18/2026,2060.600098,2065.899902,2040,2040,611189
2/19/2026,2033.199951,2068,2025,2068,659450
2/20/2026,2058.5,2063.899902,2021.099976,2033.199951,459679
2/23/2026,2051.600098,2069,2039.800049,2050,1070139
2/24/2026,2043.300049,2050,2032.099976,2040,1054129
2/25/2026,2049.300049,2074.899902,2043,2050,508162
2/26/2026,2041.300049,2063.800049,2028,2057,493126
2/27/2026,1993.400024,2039.599976,1986.599976,2022.699951,1323479
3/2/2026,1941.900024,1990,1927,1950,1595148
