Date,Close,High,Low,Open,Volume
3/2/2016,278.5967102,279.7918443,274.0295605,274.8832236,3289694
3/3/2016,284.6151733,285.9383629,276.5906175,280.3467993,3265002
3/4/2016,281.0723572,287.3895565,279.2369469,283.4199596,2167900
3/8/2016,282.9931946,285.1273817,278.9382362,281.2858391,2393678
3/9/2016,285.6395264,286.7066342,280.2613792,280.9016555,3430173
3/10/2016,287.0907288,289.1395547,282.5662743,283.462632,1837525
3/11/2016,287.9017639,289.2249533,285.1273298,285.980993,3018179
3/14/2016,290.8897095,291.9567886,283.2493186,286.1091139,2633043
3/15/2016,292.7250366,294.0909208,286.8346972,290.2493788,2309456
3/16/2016,288.9689026,294.3470503,286.3224946,291.3165054,4361912
3/17/2016,290.8897095,300.237427,288.5847722,291.359207,7155690
3/18/2016,293.9202271,297.2922431,290.2921004,295.2007219,3951904
3/21/2016,301.9020996,303.0545393,292.9811854,294.5177909,2813415
3/22/2016,299.5544434,304.5057593,294.2189905,302.969154,4425316
3/23/2016,305.7862854,308.5180539,300.4934983,300.4934983,5116641
3/28/2016,298.6154175,308.1765783,296.0970648,306.3838625,4630593
3/29/2016,302.6276245,305.4020583,295.4140677,296.225065,4073263
3/30/2016,302.0300598,306.6825988,299.7251521,303.0544729,4229163
3/31/2016,299.4690552,304.4630654,295.840958,301.7739919,7926944
4/1/2016,286.3651733,298.9568786,283.5907391,298.9568786,4517171
4/4/2016,297.5056152,299.5544125,286.450516,286.450516,3434762
4/5/2016,282.1395264,295.7983121,280.9016973,295.7983121,5289842
4/6/2016,285.5541077,289.865175,283.0357846,284.65775,3037097
4/7/2016,282.7797546,287.0907943,281.0723993,286.9200732,2415746
4/8/2016,285.6395264,288.0298236,277.9564714,283.3773133,2319546
4/11/2016,297.2922058,298.7861163,291.1030613,291.4871982,4524262
4/12/2016,298.871521,300.9203184,293.7921499,297.2495263,3089585
4/13/2016,299.8532715,311.1644544,298.4446924,299.6825215,6614377
4/18/2016,306.8106384,309.8838485,300.6641893,303.0971521,2828391
4/20/2016,304.4630737,311.0363552,302.2861922,310.7375788,3250868
4/21/2016,304.9752808,306.4692203,299.639828,305.4875018,2218219
4/22/2016,301.4325256,305.5728439,298.5727021,299.6398099,1460160
4/25/2016,306.4265137,310.737582,302.4569453,302.4569453,3431082
4/26/2016,307.6643066,310.5667957,303.3959335,305.1459833,2605766
4/27/2016,318.4633484,325.591546,309.158298,311.5912613,8618572
4/28/2016,318.1645813,328.6647662,316.2864759,327.3415766,10016684
4/29/2016,310.3961792,318.079265,307.7497708,317.4389885,5411248
5/2/2016,305.4448242,311.1644431,304.2496899,309.8839193,1745061
5/3/2016,314.4510803,316.286462,305.6155564,305.6155564,4349238
5/4/2016,308.56073,315.2194016,306.7253482,312.4022724,1883272
5/5/2016,302.5423279,312.44496,300.1947251,309.4570809,2375047
5/6/2016,306.5545654,311.1217153,302.5423024,304.7618497,3196077
5/9/2016,313.1278992,314.0669229,305.7862857,307.5363068,2070741
5/10/2016,314.8778992,315.2620649,307.6216756,313.7254308,2932396
5/11/2016,306.3838196,322.2194837,304.761825,311.1643849,5316307
5/12/2016,309.1156006,310.3534296,303.6520925,309.8839032,3224321
5/13/2016,302.9692078,309.0302986,301.3472127,309.0302986,4006032
5/16/2016,301.7312927,304.0362294,292.6823538,303.0544821,2996171
5/17/2016,299.8105774,306.4692492,297.5910298,303.9082305,2749594
5/18/2016,299.8532715,301.00574,296.4385606,298.7861635,2421651
5/19/2016,294.3470154,301.1764071,293.1518812,299.8532177,2741126
5/20/2016,291.914032,295.7982687,289.6518189,295.2860477,4199413
5/23/2016,295.2433777,297.7190355,291.529891,295.9689856,1842701
5/24/2016,294.6458435,296.1824779,291.7860484,295.286091,2293594
5/25/2016,300.1946716,300.9202795,296.2250748,296.3104353,2157455
5/26/2016,301.2190857,303.9081591,296.8653231,300.493449,5273432
5/27/2016,299.8532715,305.2741142,298.4020266,301.3045164,3075870
5/30/2016,303.8228149,304.9326176,300.7069096,301.4325464,2845695
5/31/2016,299.9812927,304.7618585,296.3531664,304.676498,24281872
6/1/2016,310.0973511,311.0363748,300.749606,301.816685,3081625
6/2/2016,312.6156311,314.1522362,307.1521238,308.4753131,2604662
6/3/2016,305.7435913,312.1888469,303.3533227,311.5912653,3677399
6/6/2016,297.7190247,306.5118818,296.3958353,304.761832,5264582
6/7/2016,298.0605469,300.5788708,296.4812467,297.7190758,4463323
6/8/2016,301.0484009,305.8289961,300.1520429,303.5667537,2654000
6/9/2016,299.8532715,304.2497009,298.6154424,303.4813693,1549979
6/10/2016,299.7251892,301.8166814,296.7373391,298.530055,2180603
6/13/2016,292.2982483,299.2130308,291.5726403,297.3349253,2180335
6/14/2016,292.5116577,294.0909579,287.987173,292.9811841,3358585
6/15/2016,300.4081726,301.2191701,296.2251588,297.078851,3259569
6/16/2016,295.7982483,300.4507584,291.3164593,300.1093162,2614007
6/17/2016,304.7618408,306.3838354,294.0482414,297.078786,5592177
6/20/2016,311.1643982,312.4449218,302.0300699,303.908175,3205939
6/21/2016,309.2009888,311.3351757,307.4509388,309.2436546,1615514
6/22/2016,309.9266052,313.2986212,308.0485288,310.6949079,2399688
6/23/2016,311.4205627,312.2315602,309.0302651,311.3352022,1405739
6/24/2016,303.7801514,307.3228884,297.6763669,304.7618698,2445195
6/27/2016,299.7678833,305.5728624,298.5727201,302.2008465,2697253
6/28/2016,304.8471985,306.0423615,300.3227435,300.7922409,3541398
6/29/2016,304.0788879,307.5789587,302.4142276,306.0423535,2469054
6/30/2016,313.1278992,315.8596388,303.4386829,305.6155646,4076692
7/1/2016,314.4510803,318.2926225,309.585125,312.2741987,2907785
7/4/2016,318.7194519,320.8963046,314.9206045,316.3291545,1855655
7/5/2016,312.3594971,319.2742774,310.3960606,319.2742774,1559936
7/7/2016,310.1827393,316.9694375,309.5851576,311.5912895,2606039
7/8/2016,303.0971985,309.2436485,301.3471485,307.9631538,1746867
7/11/2016,307.1948242,312.3595559,305.6582189,312.3595559,2437511
7/12/2016,310.1399841,311.1643972,307.3228554,309.3716815,1333227
7/13/2016,310.4814758,312.4022469,306.5545732,312.3595522,1609500
7/14/2016,313.2559204,313.8961967,308.9021861,310.3961256,1097465
7/15/2016,323.457428,324.3537861,311.9327988,311.9327988,2814751
7/18/2016,309.5851135,324.3963659,308.2192293,324.1402843,3592796
7/19/2016,310.9937134,314.3230346,305.2740947,306.5119237,3552577
7/20/2016,310.2253723,313.2559171,308.4753512,310.9083144,2845114
7/21/2016,314.024231,315.6035309,309.4570522,312.3595416,2198453
7/22/2016,313.5973511,315.6888719,310.8229171,314.1522379,2559958
7/25/2016,317.5243225,318.2499594,309.9693216,310.7376243,1850765
7/26/2016,315.7315674,318.3779752,313.170549,315.8596226,1862583
7/27/2016,318.0364685,322.0487312,314.4937031,316.4571687,2593217
7/28/2016,317.4815674,325.9329529,310.3960659,325.9329529,8216550
7/29/2016,309.0729675,317.4816608,307.7070831,317.4816608,4178023
8/1/2016,310.7375793,313.2985977,309.1155847,310.268053,1775282
8/2/2016,305.4448242,311.4205536,303.6094136,308.9448955,3557285
8/3/2016,306.341156,307.6643455,301.5605902,306.5972665,2491473
8/4/2016,312.6584167,314.792604,301.3898989,307.1522131,3301158
8/5/2016,310.7375793,317.1401397,306.9387321,313.4693477,4259304
8/8/2016,300.109375,311.5059182,298.1886038,309.8839233,5372323
8/9/2016,298.3166199,303.0972149,294.3043565,301.2618042,5734542
8/10/2016,295.7555542,301.6885878,294.5177254,299.6397906,1704178
8/11/2016,296.8354797,297.1782965,293.1073578,296.7497828,2758046
8/12/2016,298.078186,299.1066365,294.9071378,295.0356977,2615030
8/16/2016,293.4930115,301.1206486,291.136157,298.6780971,4152972
8/17/2016,296.2355042,299.5351119,294.3928894,294.3928894,3575486
8/18/2016,302.6633606,303.3061603,297.2640172,298.5924215,2093475
8/19/2016,301.1635132,304.2488352,297.6496484,303.3918078,1895295
8/22/2016,300.1350403,302.5347286,296.6211758,300.8206738,983587
8/23/2016,303.1775208,304.5916217,295.4213245,298.2495554,2546554
8/24/2016,302.1920166,307.1199833,299.9636926,303.391861,1809971
8/25/2016,296.5354919,303.3917984,294.907105,301.0349439,3583163
8/26/2016,294.7785645,298.3352923,292.7216927,297.8210526,1250748
8/29/2016,293.6215515,298.0352774,287.32229,294.392882,2828305
8/30/2016,284.4083862,294.9071177,281.7515779,293.7501074,4487274
8/31/2016,284.2369995,288.7364518,281.8372819,284.7512102,7103241
9/1/2016,266.4105835,284.8369064,258.3972663,282.8228686,39290697
9/2/2016,273.3097534,275.0666714,262.6824618,264.096563,17010250
9/6/2016,275.5380554,276.6522028,267.9532518,273.3097607,7841855
9/7/2016,274.381012,276.3093526,270.9100104,272.966911,3788590
9/8/2016,278.023468,280.4231856,273.3954557,274.3810431,3819474
9/9/2016,276.0522461,280.0374875,272.8383642,277.2521193,3280689
9/12/2016,272.5812378,275.9237086,269.1959331,272.4526779,3494956
9/14/2016,274.1239624,277.0378908,271.7670787,271.7670787,2224288
9/15/2016,276.5664978,278.5376726,271.5956688,273.4383127,2301243
9/16/2016,277.3377991,279.8232133,275.1952016,276.052229,3584872
9/19/2016,277.8092041,278.5376716,275.1523667,276.8236167,1697274
9/20/2016,273.566864,277.6806658,272.2813227,277.6806658,3040194
9/21/2016,275.8379822,276.8235985,273.2240079,274.595275,1845538
9/22/2016,280.2517395,281.065933,276.523618,277.3378114,1642721
9/23/2016,280.2088928,282.8228379,277.6806156,279.3946994,2369838
9/26/2016,274.5524597,281.7087204,273.4811464,279.3947288,2391218
9/27/2016,269.7958679,275.8808438,269.1530974,275.8808438,2490305
9/28/2016,275.7523193,277.2092835,266.6248544,268.7245892,3263576
9/29/2016,270.5671997,277.4235061,269.1959326,276.3950558,6941546
9/30/2016,269.1102905,271.2528885,264.0537639,270.6101178,6355157
10/3/2016,273.1383362,274.2524835,269.1102605,269.1102605,1672721
10/4/2016,277.680603,278.4090705,270.9099941,272.1098382,2908344
10/5/2016,275.7094727,279.5233208,274.7667481,275.9665925,1439691
10/6/2016,276.2236938,278.7519424,273.4811594,278.4948516,1741337
10/7/2016,273.7810974,278.0662923,271.8527568,276.4807685,1477152
10/10/2016,270.7386169,274.1667556,269.9672575,272.6240946,2687189
10/13/2016,262.8967285,269.0245681,261.8254441,268.2103745,3440146
10/14/2016,261.7396851,263.8822826,259.1685738,263.8822826,5431236
10/17/2016,258.2258606,262.1253761,253.8978024,261.7396963,3779712
10/18/2016,262.8110046,263.9680149,254.5834311,258.8257633,5102965
10/19/2016,263.0681763,265.2107743,260.5398985,262.8110564,5073975
10/20/2016,264.9107666,266.1106399,261.3969016,263.1966826,5290430
10/21/2016,265.467804,266.881934,261.9111055,266.881934,2362713
10/24/2016,262.8110046,263.9680149,260.2398934,262.5538848,2185144
10/25/2016,267.224762,267.7389726,258.5686456,260.1113356,4024793
10/26/2016,272.281311,276.7379005,269.7958965,269.9672903,6538988
10/27/2016,276.9093018,279.0947333,268.7674251,269.5816185,5615716
10/28/2016,273.2668762,276.7807409,272.7526656,276.7807409,1566275
11/1/2016,272.0670471,274.8524154,271.0385967,272.5384238,2398681
11/2/2016,265.3392334,270.4814846,264.525069,270.3957877,2221637
11/3/2016,264.7821655,270.2672336,261.6539808,264.8250285,2989059
11/4/2016,262.8538818,266.1534902,260.582753,265.4678565,2376146
11/7/2016,261.9111023,267.3104444,260.2827154,267.3104444,1847168
11/8/2016,261.3111572,262.896681,257.9687157,262.7681211,1527704
11/9/2016,257.968689,261.396827,242.5848435,246.8271894,5669889
11/10/2016,264.5250854,269.1959313,259.8970736,261.3968716,3190980
11/11/2016,258.311554,263.9251532,255.6975797,260.5398485,1886129
11/15/2016,259.382843,261.3111838,251.9694628,259.6828258,3114405
11/16/2016,265.3821411,266.8391053,259.9399352,261.4397624,2746958
11/17/2016,254.6691895,270.4815697,252.9551052,266.8820073,4236589
11/18/2016,260.325531,260.9254675,253.0407125,255.7403831,3641254
11/21/2016,256.6831665,261.8682521,254.9262487,260.8826647,1826207
11/22/2016,260.4970093,261.7825796,252.8265087,257.9687607,3327374
11/23/2016,257.5830994,264.1823161,256.383255,261.7825983,1970256
11/24/2016,259.1686096,261.1398135,255.7404705,257.9687653,4795418
11/25/2016,257.968689,262.2538833,255.9546517,259.5970466,2099139
11/28/2016,273.223999,275.2808996,257.9687258,257.9687258,4886483
11/29/2016,278.4091187,279.3947351,271.5099777,274.9381167,4516337
11/30/2016,278.1948242,280.0803309,277.5091907,278.537641,4993485
12/1/2016,272.7098083,278.3662708,268.7245669,277.6806372,7124295
12/2/2016,273.0526123,275.3666037,269.3673538,269.9672614,1836012
12/5/2016,280.0374756,281.6658625,272.1098561,272.1098561,2481220
12/6/2016,281.8373108,284.4941485,278.3234455,280.1660896,3142493
12/7/2016,281.2373352,287.0652205,278.6233899,282.5657684,2899591
12/8/2016,284.9226379,286.2510422,281.451636,283.5085078,2061325
12/9/2016,284.5369263,289.207801,282.051512,286.37957,2646396
12/12/2016,282.0943604,282.8228278,279.866066,282.3943141,775144
12/13/2016,282.822876,283.6370695,279.394737,279.394737,1063869
12/14/2016,276.4808044,282.6086148,275.538051,281.1945137,1481398
12/15/2016,272.9240723,276.2665432,272.1098788,274.93811,3073256
12/16/2016,265.8963013,273.9096172,264.3536405,273.3954066,4401700
12/19/2016,261.8254395,266.9676624,260.6255661,266.024909,4126010
12/20/2016,259.2971802,262.8967423,256.3403887,262.2539717,3596096
12/21/2016,258.5686646,262.5539062,257.1117004,260.6255654,2651665
12/22/2016,250.4696198,257.9258625,248.755565,256.6831554,3156188
12/23/2016,253.2978973,254.6691646,249.5269413,253.1693374,2047449
12/26/2016,253.7692261,254.5405565,247.4271306,252.397959,2719536
12/27/2016,256.7688904,257.7973408,249.5269324,253.6835681,2548216
12/28/2016,256.6831665,259.7685175,254.3691751,256.2546528,2899350
12/29/2016,259.6828308,260.925538,254.9690927,258.3115637,3551526
12/30/2016,261.953949,263.1966561,257.1974062,258.2258565,1955045
1/2/2017,266.539093,267.3961203,259.7684844,259.7684844,1643255
1/3/2017,260.9254761,269.067322,257.1116293,267.3532675,3286354
1/4/2017,269.0245361,270.1386834,256.3832078,259.1685759,5776206
1/5/2017,275.1952515,276.8236386,265.7249695,268.3817781,4268281
1/6/2017,274.0381775,282.8228238,272.7954704,273.5239669,2656936
1/9/2017,272.495575,275.4523663,270.9957478,274.7667327,2635116
1/10/2017,274.3381653,275.1094957,271.7241912,273.395412,1058176
1/11/2017,276.6092834,278.2376702,273.2239791,275.1951826,2609766
1/12/2017,275.795166,278.8376542,274.2524759,277.2092671,1680284
1/13/2017,274.4239197,278.5376925,270.8243576,276.3093977,2614161
1/16/2017,273.0526123,277.1664135,271.9384651,274.2524565,1871694
1/17/2017,272.9669189,274.0810662,271.7670457,273.3097357,2050997
1/18/2017,269.0245361,273.2240052,266.7533787,272.5384007,3670155
1/19/2017,271.7670898,276.4808285,266.5391695,269.1102812,2526854
1/20/2017,274.7238464,280.6802627,269.15311,269.15311,3784887
1/23/2017,273.9525146,275.9665524,270.31009,275.1095249,1985278
1/24/2017,271.2528687,273.3954665,269.6673445,272.538439,2393587
1/25/2017,266.8391113,269.7102058,261.3969053,261.3969053,14931206
1/27/2017,277.4663696,281.1087942,265.9391884,265.9391884,3540993
1/30/2017,296.2355042,317.0615719,276.052236,276.9092924,23241046
1/31/2017,298.420929,302.5347006,294.0071745,299.1494254,11732135
2/1/2017,295.7641907,299.8779633,291.5218291,296.5355212,4103983
2/2/2017,302.7919006,308.3626666,295.0357028,295.6784735,6964972
2/3/2017,303.2204285,310.248159,301.8491902,302.7919147,2662623
2/6/2017,304.4631042,305.9200684,302.2348096,303.3918199,1504449
2/7/2017,302.6633606,307.5056303,300.6493226,303.5632512,4062008
2/8/2017,301.8491211,304.9773058,297.3068064,304.2488093,4888372
2/9/2017,304.4631042,305.9629314,300.6492855,301.7205989,2043938
2/10/2017,306.4342957,308.8768471,304.291698,305.962919,2203893
2/13/2017,306.8628235,308.5340445,302.8347479,302.9204448,3669035
2/14/2017,316.2045288,317.0187223,304.2488335,306.3914311,4739203
2/15/2017,313.0763245,319.2469971,308.6197356,317.0187027,3974478
2/16/2017,313.4191589,316.1616932,308.7911469,309.6481744,4049974
2/17/2017,316.6759338,318.9899546,310.5052603,314.533336,2551827
2/20/2017,321.6896057,324.8177908,317.2329874,317.2329874,3876138
2/21/2017,310.9766235,323.8750438,308.1055292,318.9042148,7028108
2/22/2017,309.3910522,319.2469829,307.7626655,311.01941,7531248
2/23/2017,313.8905334,343.6726429,311.7050729,317.9614718,39500561
2/27/2017,304.8487854,314.9190034,302.149114,314.5333237,10077345
2/28/2017,312.9477844,319.7612571,305.4487072,305.9629179,13488220
3/1/2017,310.8908691,316.1188176,309.7767219,315.8616977,3826413
3/2/2017,305.8343506,313.6762734,301.8491382,311.9621895,4657721
3/3/2017,305.2344055,309.8195539,302.7918254,305.834313,4021692
3/6/2017,309.8195801,311.9621776,306.1343217,308.53401,3302817
3/7/2017,309.4768372,310.6338476,305.405898,309.3911402,3171320
3/8/2017,309.1339417,312.0478696,307.248464,308.705428,3024515
3/9/2017,308.7054749,310.162439,305.6629866,308.405492,1304223
3/10/2017,312.7335205,314.1047876,308.4911883,309.2625188,2319807
3/14/2017,309.4768372,316.9330817,307.3342392,313.6763362,5921380
3/15/2017,311.2765808,313.8048583,305.2773013,308.5340464,7389777
3/16/2017,309.0910645,313.3334252,307.7626605,311.9621583,2670827
3/17/2017,297.2639771,311.1051506,294.8214255,309.5196556,6378625
3/20/2017,299.4494019,301.934816,290.7504522,296.535474,4737850
3/21/2017,299.8779602,301.5063473,295.7213246,299.1066297,2511084
3/22/2017,289.8505859,298.6780962,279.2232948,297.3925261,8955493
3/23/2017,290.1077271,292.8502325,287.5794495,290.3648179,4762081
3/24/2017,291.8217773,297.9924501,289.8505737,292.5931078,5308761
3/27/2017,290.2790527,292.9787236,287.2365652,291.3931998,3212610
3/28/2017,292.0360718,294.3929265,290.1934278,292.1646027,2316105
3/29/2017,295.5498352,296.8782682,292.4216507,293.5357978,9825597
3/30/2017,300.9920959,302.0205463,293.2787617,295.5498903,4345156
3/31/2017,300.0064697,301.9348103,295.678412,299.9636068,5787371
4/3/2017,292.9359131,296.5354745,288.1793415,296.5354745,7333921
4/5/2017,295.249939,297.6067935,290.6219268,293.9215348,4693744
4/6/2017,292.9359131,293.9643633,289.3363517,293.9643633,2412374
4/7/2017,295.4213257,300.3492911,292.8930485,294.8642521,6347228
4/10/2017,296.2784119,298.5924036,293.1502265,298.5067067,1532435
4/11/2017,300.1350403,304.8916119,293.8358078,293.9643677,2327556
4/12/2017,300.649292,303.3061295,295.9784457,297.3925469,2529238
4/13/2017,291.6074829,302.9632698,290.7504555,299.9636159,6554985
4/17/2017,292.5074158,294.2214998,290.0220012,293.792986,2089233
4/18/2017,290.3648376,294.2643827,288.2222397,291.3932881,6170878
4/19/2017,291.3503723,292.8930331,285.1796711,290.8789957,2779410
4/20/2017,293.7501526,294.6500432,289.7220765,293.1073819,2097176
4/21/2017,293.7930298,296.5355646,291.6504317,293.1073961,1500170
4/24/2017,295.378479,296.92114,290.2362565,294.8214054,1487606
4/25/2017,303.3489685,308.3626607,292.5931455,293.9644128,4747068
4/26/2017,306.4342957,308.5340303,301.6777237,303.3489446,3272330
4/27/2017,306.7341919,310.205193,303.1774938,303.6060075,4978376
4/28/2017,304.6773682,306.734269,300.3922016,304.5059743,2985691
5/2/2017,297.9067078,305.0629667,297.1353484,304.6772871,2436068
5/3/2017,296.8354797,299.963665,294.6928819,298.3353069,2616848
5/4/2017,296.5354919,301.1635039,294.5642883,297.1353995,1345900
5/5/2017,295.4642029,299.1066278,294.0929357,296.921167,1708526
5/8/2017,301.0777893,304.4630942,295.0785391,295.4641898,2955948
5/9/2017,295.8927002,300.820695,294.4785991,299.9636386,3126657
5/10/2017,319.4613037,326.0176571,288.3936498,288.3936498,27085852
5/11/2017,313.6762695,317.8329047,310.6337816,317.1044082,8059693
5/12/2017,312.9049377,317.3615267,309.8195868,310.4623574,4070508
5/15/2017,312.0907593,317.0615881,309.7339048,313.6762833,4132180
5/16/2017,320.83255,323.6607813,313.2049127,313.5905635,6500818
5/17/2017,322.2038574,326.4461903,318.1329184,318.1329184,5842838
5/18/2017,317.7471924,327.0460496,315.9045487,320.2754405,3683713
5/19/2017,319.4613037,325.2463265,315.5189249,319.6755606,6026064
5/22/2017,319.2898865,324.4749723,318.3042991,320.5325937,3037325
5/23/2017,318.7327881,322.4609095,317.9614576,318.861348,6451328
5/24/2017,315.6903381,319.6755508,313.3763175,315.3903553,7704006
5/25/2017,317.7043457,322.5466144,309.1768185,314.5332978,15733429
5/26/2017,320.1897888,326.0605084,315.8188964,316.2474101,3171630
5/29/2017,319.761261,324.7320899,315.3046428,321.1325281,2214859
5/30/2017,317.7043457,322.9322942,316.5473355,321.2182103,2172819
5/31/2017,318.4328613,323.0180105,315.4332072,320.532596,17087943
6/1/2017,314.4476013,320.0183376,313.5477109,317.1044095,2467620
6/2/2017,319.8898315,326.8318354,316.9330403,317.7900678,5747881
6/5/2017,319.1613159,323.7893279,318.2614255,319.8469495,2588187
6/6/2017,316.247406,319.2470312,314.533322,317.1044335,3666864
6/7/2017,319.5041199,321.6038544,317.961459,320.0611935,4307736
6/8/2017,315.1333008,320.7897642,314.2762442,319.6327537,3858535
6/9/2017,315.2189026,318.0471334,313.8904986,315.1760396,3205017
6/12/2017,312.9906616,318.6471243,311.5765315,314.4476258,2462371
6/13/2017,311.2765808,315.8188962,310.3338274,311.9622144,1257634
6/14/2017,313.2477417,315.8617161,309.8624659,311.5336868,2338631
6/15/2017,313.0763245,317.5329133,312.347828,313.2477183,2823152
6/16/2017,312.6907043,314.9618622,309.0483082,313.6763209,4962261
6/19/2017,314.961792,316.0331052,311.3193967,311.9621672,1888109
6/20/2017,314.1904602,317.8328845,313.4619928,316.0331038,2553936
6/21/2017,314.7904053,315.5617357,312.390688,314.0190748,2945763
6/22/2017,313.8476563,316.2045106,310.6766085,315.1760603,7013343
6/23/2017,313.8476563,315.8616938,311.319408,313.5905364,5681037
6/27/2017,318.3471375,322.1609561,312.8192348,312.8192348,4226917
6/28/2017,323.275116,327.0889344,314.9618164,321.3039123,4209925
6/29/2017,327.7745667,331.1170084,323.7036283,323.7464623,4698010
6/30/2017,325.4176941,329.0172555,319.3327185,327.7745484,3628132
7/3/2017,327.4317627,329.2315436,322.9323105,326.917523,1687712
7/4/2017,325.0748596,329.0172376,324.0464094,329.0172376,1836644
7/5/2017,322.5037842,324.3892911,319.9755356,323.1037208,2338530
7/6/2017,326.7889404,328.1173735,320.4897078,322.7180022,2399488
7/7/2017,330.7313232,332.1454533,328.2459089,329.1029654,4849963
7/10/2017,347.7006531,351.5144709,334.3736933,336.0020799,2101702
7/11/2017,338.9161072,350.4432899,337.2020231,346.3723511,6175288
7/12/2017,340.3301392,344.7867568,338.0589819,340.9300757,2894251
7/13/2017,346.3875732,347.8911868,342.5641261,345.6142954,2879273
7/14/2017,349.6954651,351.070194,345.5713074,348.0200251,2424013
7/17/2017,350.9413147,352.2730725,348.793308,351.8434769,2517635
7/18/2017,350.8125,369.4571997,349.0081752,349.0081752,4039652
7/19/2017,361.9391174,363.2708752,349.9102682,352.2730727,5104135
7/20/2017,360.6932983,364.7315431,357.5142447,362.5835362,3406260
7/21/2017,353.3900757,358.2875409,345.9150079,358.2875409,12143745
7/24/2017,360.9080505,363.0130859,348.879202,349.6954509,5425590
7/25/2017,367.5668945,370.8318613,359.7051741,363.1419965,7134553
7/26/2017,366.2351685,369.5001355,362.3687501,369.4571643,5764897
7/27/2017,357.4712524,366.6647306,353.5189212,366.0203373,15443045
7/28/2017,355.10849,356.998728,350.7265627,354.8936922,1940125
7/31/2017,359.9629822,362.1109892,352.2731166,356.5691306,2953735
8/1/2017,358.3305054,363.4427392,355.4951339,360.9940212,2448373
8/2/2017,357.2994385,363.1420077,354.6358937,361.5954521,2195053
8/3/2017,364.4737854,365.2470632,355.0655377,357.3853712,2812811
8/4/2017,361.6383667,363.7434313,353.6477913,363.7434313,3004061
8/7/2017,358.6741943,363.0990637,357.8149741,361.5954792,1299253
8/8/2017,358.974884,365.1611356,355.7958304,358.7171151,1994391
8/9/2017,357.4712524,359.9629414,353.9914879,359.9629414,1360936
8/10/2017,357.6431274,361.2947187,354.249276,356.6550228,1661135
8/11/2017,356.1824646,359.1466912,352.2730755,353.9914867,2538665
8/14/2017,351.0272217,356.0965128,348.1059373,354.8506683,2234285
8/16/2017,350.3398743,353.2182167,346.9030809,349.695481,4181433
8/17/2017,357.7290344,360.8651168,348.7933249,353.1323097,3282886
8/18/2017,361.7243652,362.9272387,354.6359218,355.6669687,3062360
8/21/2017,360.1347961,365.8484807,358.717096,363.8293584,2075746
8/22/2017,362.6694336,365.1611226,357.9008533,363.1849715,3456653
8/23/2017,371.0896301,372.8939546,364.4737542,364.5167254,4754764
8/24/2017,371.9917908,373.1946641,367.7387194,372.0347329,2773039
8/28/2017,373.2376404,376.459636,369.6289913,372.8939581,2806489
8/29/2017,367.8246765,374.1827546,367.1802541,374.1827546,2102533
8/30/2017,368.5979309,370.9177642,367.3091153,370.7459376,2389197
8/31/2017,367.480957,371.0036634,364.4307882,371.0036634,7912495
9/1/2017,363.0560608,369.8437629,361.8961297,369.4571095,1996184
9/4/2017,357.7719421,365.1181236,355.4520801,363.4426547,1409182
9/5/2017,349.2658691,356.4831669,341.8767157,355.7958025,7204076
9/6/2017,345.829071,348.4496446,345.012822,345.012822,2064288
9/7/2017,341.3612061,350.0821172,339.4279971,345.9149593,2642421
9/8/2017,346.6882629,347.848165,340.7597518,341.8767117,2013742
9/11/2017,346.2156982,350.0391449,342.3922516,349.6954626,1612161
9/12/2017,348.1489258,349.6954814,341.9626453,349.6954814,2583110
9/13/2017,345.0987854,350.2969617,343.5092585,350.0391927,1877714
9/14/2017,342.7360229,349.2659579,341.1035247,349.2659579,1667328
9/15/2017,340.2442932,346.2157474,337.9674017,343.6810869,5339372
9/18/2017,340.8027344,344.7550656,339.5568899,342.8218566,1309340
9/19/2017,339.2131958,342.8218447,335.6045469,342.8218447,1103781
9/20/2017,340.9746094,342.735992,318.7642323,318.7642323,11779464
9/21/2017,343.7669983,345.7431787,334.8742594,336.8074685,6557075
9/22/2017,339.6857605,344.4972826,336.1630249,341.9626225,5273742
9/25/2017,334.8742371,341.0175465,332.8551147,341.0175465,3002284
9/26/2017,332.8121338,337.1511185,329.1175715,332.7262205,4203146
9/27/2017,331.6092529,335.0890174,330.1915819,333.3276641,2714173
9/28/2017,328.2583923,334.1439328,324.349003,332.9410304,16167139
9/29/2017,334.6164856,336.6785792,325.766718,328.1724648,5337179
10/3/2017,330.4923096,337.5807233,329.0746094,336.8074455,1842563
10/4/2017,324.0482788,332.1247679,323.1461166,331.6522303,3138906
10/5/2017,324.520813,327.0554438,320.6114242,323.7045641,3371352
10/6/2017,328.4732056,329.5471945,324.9504695,324.9504695,1065853
10/9/2017,325.5948181,327.8717092,324.3919449,326.8406625,1192143
10/10/2017,330.4493408,332.9840011,322.2009957,326.0244427,1502210
10/11/2017,346.7312622,349.1800094,331.652271,331.8240976,7774168
10/12/2017,343.895813,347.8052017,339.9864533,346.4304729,4023386
10/13/2017,370.2304382,375.4715856,361.5524973,369.4571604,45960026
10/16/2017,389.4765625,393.3429805,371.3473748,371.3473748,21145098
10/17/2017,400.3454285,403.2667126,391.0230669,391.7963737,18843801
10/18/2017,396.9087219,402.9661189,393.0852745,402.1068986,9015866
10/19/2017,407.0472717,410.5270363,398.2404177,399.5292334,2646228
10/23/2017,427.3244019,430.8041662,408.1212268,408.1212268,29564820
10/24/2017,431.3626709,433.6395621,424.1453729,424.1453729,17646810
10/25/2017,443.133728,445.0669369,424.3601484,432.0929839,10080877
10/26/2017,439.3103027,446.2268896,431.7063514,439.5680717,11031934
10/27/2017,416.9710388,439.6539791,414.9948587,439.5680658,8904315
10/30/2017,423.5010071,427.6251942,417.6154665,421.4389135,7211306
10/31/2017,427.1955872,432.5226479,418.1739637,421.0093353,12690735
11/1/2017,463.196167,468.0076895,438.1933629,445.4965745,35708310
11/2/2017,466.7189026,471.3156273,455.8929261,468.222487,10951971
11/3/2017,465.0434265,485.2776499,461.6495752,466.7188957,18131291
11/6/2017,457.5683594,467.9217392,452.9286638,463.8834949,8295950
11/7/2017,441.9309082,461.0481723,439.9976991,460.4467211,7054590
11/8/2017,425.5631104,437.3341918,415.0808447,426.1645325,50336608
11/9/2017,433.2529907,436.4749867,425.5631251,431.5345793,10980638
11/10/2017,432.5655518,439.6969361,426.6800119,435.6157206,10487687
11/13/2017,427.8829346,435.4009732,426.7230033,432.1789483,7079805
11/14/2017,428.0117798,433.8114065,425.1334665,429.3865087,6449030
11/15/2017,418.2169495,428.7421868,415.42452,427.8829666,9690914
11/16/2017,420.9233398,425.2193529,413.4053024,420.1500621,10682218
11/17/2017,424.0164795,434.7135708,421.911444,425.3052951,11712737
11/20/2017,423.2861633,426.7659277,420.1500812,424.5749499,5804375
11/21/2017,432.3937683,437.5490025,424.8757584,425.563123,10087242
11/22/2017,428.8280945,436.0453934,425.6920118,433.4677908,3621523
11/23/2017,426.4652405,435.6157475,424.0164936,432.1789251,5918577
11/24/2017,426.8518677,430.6753436,425.3053121,427.0237233,3900017
11/27/2017,427.8829346,429.4295193,421.8685095,426.07861,3499938
11/28/2017,422.7277527,427.8400157,421.181197,427.8400157,3346897
11/29/2017,425.949707,427.2385227,421.0093002,422.7277114,5898170
11/30/2017,426.551178,429.0858383,421.6966842,423.028442,14879534
12/1/2017,415.9829712,428.6561848,414.006791,428.6561848,6127500
12/4/2017,416.1118469,422.7277231,414.5652913,416.7132981,3040197
12/5/2017,421.5678101,422.6847702,409.7108153,417.2717962,4264268
12/6/2017,415.3815308,423.5869045,411.5580839,418.0021043,8331495
12/7/2017,442.2316284,445.4965955,416.0259498,416.7133143,6949368
12/8/2017,451.2102966,456.1077616,442.575298,442.6182692,14197096
12/11/2017,457.6972656,462.2510484,450.5229383,456.0647967,12378453
12/12/2017,450.0933533,458.7283231,447.2579818,458.0409586,3625294
12/13/2017,444.5085144,457.9550358,441.8020275,453.659022,7920791
12/14/2017,447.0432129,451.0814581,439.0526068,444.9811191,3350247
12/15/2017,445.0240173,455.2485131,442.2745594,453.4871598,6986672
12/18/2017,452.1553955,456.9239759,425.3912379,433.9832652,10462828
12/19/2017,461.0481567,464.1412679,446.9572135,452.585014,6870721
12/20/2017,454.432251,464.6997176,452.3272155,463.9694111,7494558
12/21/2017,450.308136,456.8810411,448.5038114,454.0886118,5651594
12/22/2017,454.1315918,463.0673017,449.7496647,452.7139206,9484716
12/26/2017,466.5040894,469.468316,451.2961864,456.2365932,6436620
12/27/2017,459.3727112,470.4134561,455.8929175,467.8358538,6700159
12/28/2017,456.537323,461.8643831,455.4633051,459.2438097,8699172
12/29/2017,455.0766907,462.6376709,448.5037859,456.9239573,7502053
1/1/2018,453.5730896,462.3369434,451.4250828,456.2366052,4807939
1/2/2018,443.8211365,457.8691087,439.7828918,457.8691087,5242199
1/3/2018,445.2388306,451.5109953,442.2745748,446.0550505,6333269
1/4/2018,449.3630066,452.9716558,442.0597948,445.926213,5953924
1/5/2018,463.9694519,466.1174588,445.5395525,451.0814108,8008838
1/8/2018,443.6493225,458.9431107,441.8020267,458.9431107,12287843
1/9/2018,438.0215454,447.6875618,433.6395893,445.0669882,7541257
1/10/2018,435.1002197,444.6373804,433.2958952,442.4893736,6667296
1/11/2018,442.2745361,443.9499761,432.350752,436.4749095,5905519
1/12/2018,437.8067322,444.508522,433.4677762,443.3485907,4847824
1/15/2018,433.4677429,439.868792,431.7063605,438.0215254,2834570
1/16/2018,427.2384949,441.329408,422.2121459,436.4749147,6420450
1/17/2018,429.5154419,432.3508134,422.2551721,425.3053413,6824337
1/18/2018,425.3053284,437.1623227,423.5869171,430.4605332,7912892
1/19/2018,427.7970276,429.81615,415.424495,415.8541197,9966300
1/22/2018,421.6107483,428.3125085,419.2908859,425.8208194,4532165
1/23/2018,422.8136292,428.5702851,419.9782578,424.4461271,6150836
1/24/2018,394.8036194,418.4316938,391.0660859,418.3457805,29348889
1/25/2018,388.9610291,398.240391,381.8725868,398.240391,20580178
1/29/2018,378.5646667,383.5480152,373.7960869,381.485951,27139736
1/30/2018,381.0206299,390.1007801,378.1236142,381.0206299,10679523
1/31/2018,380.3720703,385.6904697,377.3885837,382.6637331,7069368
2/1/2018,379.118103,386.5551938,371.9404535,380.5450005,8096718
2/2/2018,365.2385254,380.9342259,359.5742426,378.5993421,6668088
2/5/2018,380.6747437,386.3390254,355.5962041,361.2604858,15080352
2/6/2018,379.7667847,387.2038477,361.9523631,363.2062902,9331070
2/7/2018,372.0702209,388.630714,369.3461755,384.7824622,10982569
2/8/2018,371.6810608,377.0426806,367.530118,375.3131211,6173490
2/9/2018,365.3681641,375.2698589,362.9467809,366.665341,5393964
2/12/2018,367.011261,372.7187926,364.3736865,371.6810569,3987231
2/14/2018,376.0049744,379.2046524,368.6543533,368.6543533,10468199
2/15/2018,370.9460144,379.8964452,369.0002635,379.8964452,4583095
2/16/2018,362.9467773,376.1346496,361.822571,376.1346496,4403814
2/19/2018,358.320282,363.2062697,348.6780271,363.0765491,6457099
2/20/2018,361.5632019,365.1087625,358.9688478,358.9688478,8022411
2/21/2018,362.903595,365.3681991,360.9145941,363.2062569,4731875
2/22/2018,359.8336487,362.5576942,357.4555151,362.1685323,10769504
2/23/2018,368.0057678,370.2974306,360.6983969,362.3414858,7504250
2/26/2018,365.9303284,371.8540521,363.9413566,371.8540521,4071745
2/27/2018,372.2864075,374.1456877,366.9247874,368.2219644,5188255
2/28/2018,370.6000977,374.8807613,368.3084349,371.8540247,25920217
3/1/2018,369.9082642,377.5615469,368.1787046,371.0324705,5837005
3/5/2018,364.4601746,369.346162,361.1307761,369.2164414,3863655
3/6/2018,357.9311218,369.8217887,355.0773559,366.4059196,4204736
3/7/2018,348.6779785,360.0065415,338.3439012,355.1205544,12064643
3/8/2018,347.0349426,358.1040953,341.5868516,355.8556824,8664079
3/9/2018,347.7700195,353.2613606,343.7920469,350.1481531,5093353
3/12/2018,364.5466309,367.0977348,349.3698159,350.234581,8387164
3/13/2018,368.6543274,371.6810638,363.3359575,365.8005615,5712773
3/14/2018,365.4546509,368.3084168,361.9523112,368.3084168,4194515
3/15/2018,363.5954285,366.9247978,360.828133,365.4546795,3636202
3/16/2018,360.3957214,369.0434897,357.7148969,359.0985445,8030364
3/19/2018,345.6080627,364.5899101,343.0569586,361.4767028,6000592
3/20/2018,346.2566223,348.9374469,339.5978546,345.0459453,8280683
3/21/2018,361.6496277,363.3359371,347.813211,348.5050055,9266412
3/22/2018,359.4012451,363.4224381,356.3745086,358.0175975,5382163
3/23/2018,356.8934021,362.2982429,350.4075755,356.8501521,5696201
3/26/2018,364.5034485,365.8005963,351.6182656,356.288062,4884776
3/27/2018,357.3257751,365.2817198,353.0018909,364.9358079,6746611
3/28/2018,344.786499,357.1960484,341.9327331,355.4232682,11413279
4/2/2018,341.6732788,347.4240604,337.6953067,345.4783096,5533293
4/3/2018,347.8132629,349.369852,338.3439494,338.3439494,5059176
4/4/2018,341.6300964,350.0616741,339.8140661,349.3698503,4025117
4/5/2018,340.6355896,346.6890041,338.2574269,344.26765,9747139
4/6/2018,332.8958435,342.8840099,331.2960045,340.895009,9425575
4/9/2018,328.8746033,334.4091644,325.7181755,331.123016,13296149
4/10/2018,333.4147034,334.4091892,323.8589194,329.5232015,13281396
4/11/2018,333.1985168,337.9547839,331.5122072,335.5334004,7693575
4/12/2018,328.7881165,333.3714123,327.9233221,332.0742647,4967973
4/13/2018,326.7991943,333.9768456,324.9831638,331.1663292,7738347
4/16/2018,325.7182007,328.8746287,323.8589204,326.0208626,4140008
4/17/2018,330.38797,331.598647,323.556232,326.0208359,6356203
4/18/2018,332.2904968,338.8627941,330.6474079,331.8148643,6360948
4/19/2018,341.8895264,343.575836,333.3282283,336.1819943,3848720
4/20/2018,347.6402893,349.1104077,338.5168878,340.3329181,7492919
4/23/2018,348.3753662,351.5317943,343.1866872,347.2079098,4195101
4/24/2018,351.3155823,353.3478038,342.9704757,347.5538012,6982218
4/25/2018,363.0765381,369.6056146,356.2880496,358.4067418,22192116
4/26/2018,353.8666992,363.2062927,350.6238003,363.2062927,13874130
4/27/2018,353.4775085,356.0718331,346.7754912,351.3155665,5013031
4/30/2018,354.169342,357.3690199,349.5427666,351.96415,3633132
5/2/2018,353.2180481,357.0662994,351.0993561,357.0662994,6754394
5/3/2018,349.7157898,352.8289681,345.045993,351.3588496,4124205
5/4/2018,343.1002197,361.7794057,340.7220861,355.2935789,15994662
5/7/2018,344.3973999,349.845491,342.019237,347.2079161,6553080
5/8/2018,346.9052429,348.4618614,343.1434906,347.1646842,3955811
5/9/2018,348.0293884,354.1260522,343.4892842,348.6779622,9019801
5/10/2018,356.3745117,357.7581594,349.2833614,350.1048766,9023511
5/11/2018,334.3227234,348.245642,329.9123682,346.0404497,25555353
5/14/2018,331.3392334,340.7220761,327.1450696,333.8038669,9823967
5/15/2018,330.3015137,335.6631341,327.1883355,331.2095289,7078344
5/16/2018,324.5940247,331.1663226,323.4265681,331.1663226,6766242
5/17/2018,317.8919983,327.707195,316.0327179,326.2370765,9999816
5/18/2018,312.4871216,318.2811247,307.0390304,318.2811247,12433574
5/21/2018,311.3196411,319.3188359,307.1687274,312.4870975,5482372
5/22/2018,312.9194946,320.9186898,304.0555343,308.6820808,7236788
5/23/2018,308.5523987,316.3353735,306.3472064,312.8762833,6604278
5/24/2018,321.6105042,323.3400638,308.638851,310.4548813,4997302
5/25/2018,325.9776001,328.6151748,317.3730815,321.9564071,4145304
5/28/2018,324.421051,329.3070391,320.6592695,326.5397434,6609989
5/29/2018,327.880127,330.0852898,321.0483887,325.1128317,3858054
5/30/2018,324.9831238,327.6639485,322.5617403,327.6639485,3737750
5/31/2018,323.0806274,331.3824844,321.0484058,325.2425697,11979616
6/1/2018,331.8148193,333.71732,322.172566,323.9021254,4548210
6/4/2018,321.9563904,334.45241,320.0538896,332.0742767,3958335
6/5/2018,315.038208,321.9131672,309.2009553,321.1781227,5535807
6/6/2018,328.3990173,330.2582977,313.1357002,313.1357002,5566018
6/7/2018,328.5719604,334.0200512,324.2912968,328.3557692,4036551
6/8/2018,326.4964905,331.5986693,321.9131648,328.1828001,4298662
6/11/2018,336.2252197,338.8195738,326.6694357,326.6694357,6040503
6/12/2018,329.1773071,340.2032101,328.2260712,337.2197525,6132581
6/13/2018,324.8534241,331.1230598,322.8212024,323.4265556,7432828
6/14/2018,325.5884705,332.0742969,322.9941457,322.9941457,5218952
6/15/2018,327.1018372,328.8313674,320.1403782,327.4909698,6339567
6/18/2018,320.745697,329.3934654,318.281093,326.8423907,3120256
6/19/2018,321.0051575,325.0696007,319.2755978,320.8322161,3962117
6/20/2018,321.6105042,325.5884766,320.3565771,322.1293574,2785850
6/21/2018,318.8432007,324.2912914,314.6057871,324.2480707,4261882
6/22/2018,323.9021606,325.5884703,316.7677311,320.7889534,3404583
6/25/2018,323.5562744,326.8424232,321.5240527,321.6969941,3337617
6/26/2018,328.7881165,330.9932791,322.7346732,323.4264969,4792013
6/27/2018,324.8534241,329.9556033,322.648261,329.6961913,3786049
6/28/2018,326.8423462,329.8258323,318.7134321,323.1670363,6498784
6/29/2018,330.3015137,331.4689701,324.5507606,324.5507606,3820380
7/2/2018,318.2810974,329.8258819,316.1191553,329.5664406,4872211
7/3/2018,320.6160278,323.9453972,316.5948053,323.9453972,3092637
7/4/2018,317.7189941,321.6104958,313.6545511,320.7024807,4355428
7/5/2018,314.2598572,317.1568729,311.0169588,315.6435048,7104382
7/6/2018,313.2653809,315.9894261,311.2331594,313.0491896,8008826
7/9/2018,313.1356812,316.8542417,312.7032986,316.5083298,5248262
7/10/2018,318.0648804,319.7944398,313.4815552,313.4815552,1879352
7/11/2018,313.0491638,319.0161363,312.0978988,319.0161363,2085140
7/12/2018,313.1789246,315.6435287,311.6223356,315.6435287,2299214
7/13/2018,310.4116211,315.5137998,309.0279735,314.7787553,5311215
7/16/2018,300.4234924,311.1034837,298.1750794,307.8605848,3618410
7/17/2018,296.2293091,303.2772391,294.0241169,300.077561,5420158
7/18/2018,291.2568359,298.4344862,286.2411278,297.5696918,5322210
7/19/2018,298.3480225,300.5099649,291.9486952,293.1593724,5027938
7/20/2018,298.6939392,300.6829403,294.3268336,296.6184967,4212334
7/23/2018,310.4116211,311.3196362,298.3479835,298.7803953,4145242
7/24/2018,308.5523987,316.8974767,307.2119716,312.5303714,4350541
7/25/2018,304.6608887,307.6875961,297.0508554,307.0822722,5175174
7/26/2018,309.2874146,311.319636,304.7040891,305.3094422,3816677
7/27/2018,315.3841553,323.3401011,304.0988105,311.2332117,9016962
7/30/2018,331.4257202,336.3117077,307.2551949,310.4548727,7476176
7/31/2018,337.7817993,339.4681088,327.4909427,330.3447084,8096298
8/1/2018,332.5066833,345.0459538,330.9068444,337.2629503,9444961
8/2/2018,324.67276,334.9003971,321.365105,333.7253003,6186750
8/3/2018,325.9783936,328.0674479,322.4095998,326.2395327,3647704
8/6/2018,335.770813,337.4681586,326.1524919,326.283032,4039536
8/7/2018,332.4196472,336.6847927,330.1129866,335.770835,2430919
8/8/2018,335.3791504,337.6422781,325.0209434,330.8528654,3321970
8/9/2018,319.4936829,336.2495637,317.2740587,336.2495637,12249927
8/10/2018,321.8873596,326.2395415,317.7963169,320.4946567,4489796
8/13/2018,322.1920471,327.0665081,315.9684161,321.1040162,4235777
8/14/2018,319.4501343,324.4116312,316.838831,322.1920072,3215464
8/16/2018,323.8023682,325.5432471,317.8834091,319.0584767,3012465
8/17/2018,323.2800903,326.4136427,318.7103019,323.8458723,3362891
8/20/2018,322.5401917,325.4126342,319.7112821,324.1505008,2837782
8/21/2018,320.5382385,322.4096576,316.0554863,316.8388745,3451323
8/23/2018,321.9743652,327.9368557,320.4075893,324.0634194,4746745
8/24/2018,321.1474915,322.7578006,317.709267,322.0614491,2318341
8/27/2018,330.0259399,334.0734497,319.7983036,322.0614311,6589318
8/28/2018,327.9804688,335.7273431,326.7618388,332.8113672,4072000
8/29/2018,326.3265991,332.8984054,324.4551508,329.0249391,4481303
8/30/2018,333.4641724,335.117985,326.9794029,328.4156389,7796683
8/31/2018,334.1170349,335.9884834,327.2841183,330.6352771,8709625
9/3/2018,334.0734558,337.0764679,331.1575098,336.8588617,4176986
9/4/2018,329.3295898,333.7688083,327.0229293,332.7678141,3202349
9/5/2018,323.8458252,328.8943583,318.7972921,326.4135953,6639329
9/6/2018,324.063446,326.1525004,320.4076156,325.4996525,2611929
9/7/2018,339.1220093,340.6017489,321.0169288,325.4561771,5463110
9/10/2018,338.0774841,345.9984606,332.6808041,338.8609017,5613805
9/11/2018,329.6342773,341.559261,328.5462465,338.1645692,5815679
9/12/2018,327.8933411,332.6372315,323.6282254,331.5491714,4065958
9/14/2018,333.8993835,337.9033898,324.6727412,329.0249232,3596796
9/17/2018,332.5502014,340.3406075,328.2415231,330.8963594,3424364
9/18/2018,325.2820435,334.9438977,324.2810493,330.9398916,2955053
9/19/2018,322.1049805,331.1139874,313.6182224,325.9784173,2182182
9/21/2018,322.4966431,330.635225,310.9633699,317.6222123,6106651
9/24/2018,310.049408,324.5856929,305.0879407,322.409602,7884016
9/25/2018,313.7922668,316.534169,299.4300848,312.6607031,6854558
9/26/2018,314.4886475,317.7092658,310.8763499,315.968387,4398347
9/27/2018,310.5716858,316.3600741,308.7002376,314.6627285,4483893
9/28/2018,294.6862183,312.4866553,291.7267392,310.5717035,12408231
10/1/2018,284.4150696,295.9483429,280.0193546,295.0779183,10867591
10/3/2018,277.1904602,284.8938303,275.3625449,283.7622665,7389608
10/4/2018,269.9658508,276.3200513,263.0023648,274.4921359,8969681
10/5/2018,259.9122925,274.9708565,254.0803709,268.52962,7954131
10/8/2018,256.9528198,260.0864016,253.2969892,260.0864016,10015308
10/9/2018,251.5561371,258.4325868,249.8152581,257.8668048,9499251
10/10/2018,256.8658142,264.4386156,247.3780607,251.5561407,11334821
10/11/2018,248.3790131,256.6046316,245.6806585,251.5125652,5194191
10/12/2018,252.4700623,254.6896863,247.7697045,250.68568,9995231
10/15/2018,253.3840332,255.0378754,247.2474686,252.4700755,2892892
10/16/2018,255.9082794,257.5621215,251.7302001,254.5155765,3341220
10/17/2018,251.1208801,259.6946742,247.7696925,258.0843652,4302545
10/19/2018,250.076355,255.2119249,247.7261614,249.8152158,4139025
10/22/2018,248.7272186,252.4265531,240.9803297,251.9478372,7247010
10/23/2018,248.8577576,252.9488003,246.3334761,246.3770092,7364748
10/24/2018,274.9273682,286.1560008,249.5106233,252.4265698,13531404
10/25/2018,257.2574768,270.1834544,254.2979975,267.2239751,16981629
10/26/2018,259.3465271,266.3535459,249.8152413,258.6066425,8719999
10/29/2018,255.9953308,264.2209498,252.4265367,260.347513,6271130
10/30/2018,254.6896973,258.6937037,251.8607582,256.3000065,5334354
10/31/2018,254.4720612,256.7786921,242.7646858,254.950777,8163543
11/1/2018,255.4730835,259.3900534,250.1199071,255.0378712,5268238
11/2/2018,262.9153442,267.9203455,255.4731124,255.8212882,4910534
11/5/2018,266.118927,268.0498609,261.554896,264.0124374,4841471
11/6/2018,267.7426758,270.2880099,265.8556085,266.8210903,2943744
11/7/2018,268.7958679,271.2095423,266.7771417,271.2095423,307017
11/9/2018,263.0907898,266.2944197,253.3921965,254.3576781,9425801
11/12/2018,259.9750366,267.6988026,258.0441025,264.1880161,6792319
11/13/2018,261.1599121,266.8210841,254.7965769,259.7994821,4317488
11/14/2018,264.4513245,273.6671796,261.5549086,263.3102869,5418605
11/15/2018,267.1721191,269.1908156,261.5548445,264.4512596,4493893
11/16/2018,292.0549622,295.6096742,265.0656665,265.8555926,25046229
11/19/2018,295.6535034,297.4528074,279.9865533,289.1146434,13062401
11/20/2018,291.3528137,297.9355706,288.1491834,292.362162,11910774
11/21/2018,292.0111084,297.9355991,289.7729596,290.5190191,9406787
11/22/2018,287.7542419,298.2427628,282.0930703,291.3089242,9903933
11/26/2018,293.6348267,297.4528274,287.9297589,287.9297589,6623860
11/27/2018,288.0175171,294.8196961,284.462835,293.064318,7734474
11/28/2018,275.6858521,292.0988639,272.9649921,291.3967007,10180878
11/29/2018,278.4067383,282.6196875,273.8426778,281.7419984,9217365
11/30/2018,275.1592102,284.638382,272.7016395,279.986559,6595578
12/3/2018,280.6448364,281.7419774,276.0369097,277.7923174,3368628
12/4/2018,279.5916138,283.936252,272.3066933,281.7419996,7156660
12/5/2018,274.5448303,281.6103282,272.262815,280.6009798,5027352
12/6/2018,266.8210754,272.9649881,265.0656676,272.9649881,6566491
12/7/2018,266.7771606,270.1563169,262.3886561,267.698746,5298884
12/10/2018,258.8778381,264.7584311,255.2792601,261.949779,5748768
12/11/2018,254.7526703,258.3951152,247.5116174,252.7778404,9994368
12/12/2018,268.181488,272.9649705,255.8497968,258.0440491,10299827
12/13/2018,266.0311584,274.5887461,264.6707284,270.770745,7666679
12/14/2018,280.2060242,292.6255094,267.8743316,267.8743316,22730782
12/17/2018,276.6513367,283.6729386,274.5448472,280.2060191,6809035
12/18/2018,278.9333496,281.4786836,273.4916,275.7736154,6272518
12/19/2018,283.2340698,284.3750774,279.1527505,280.4254174,5789644
12/20/2018,277.8362427,282.2247476,275.5980939,278.2311909,5987582
12/21/2018,270.2441101,285.0333738,268.2254133,280.864291,12363968
12/24/2018,271.2973328,274.1059853,267.0404874,271.9117329,5225655
12/26/2018,281.2592163,283.4973647,265.5922665,270.5073781,8367166
12/27/2018,277.967804,284.1117153,275.5980261,283.6728709,8764732
12/28/2018,277.8362427,281.7420067,276.0369384,278.1434279,5184819
12/31/2018,274.2814941,281.6542065,273.0527236,279.9865617,4210832
1/1/2019,280.425415,282.6196673,274.9836659,277.3095774,6117146
1/2/2019,274.4131775,281.7419941,271.2973397,278.1434155,6218991
1/3/2019,275.1592102,276.9146179,270.287965,274.2814915,6230813
1/4/2019,283.0146484,284.9894785,274.2376393,274.2376393,11361086
1/7/2019,285.2089233,287.798124,282.7074559,284.7261824,5511088
1/8/2019,288.9830322,291.1772847,283.7168381,284.1556827,7194973
1/9/2019,293.5909119,296.57509,287.271474,292.4499043,8018192
1/10/2019,296.0485229,297.233427,291.747781,295.3902561,5748158
1/11/2019,294.1175842,296.048518,288.7635977,295.9168587,5922578
1/14/2019,291.0455933,293.8542457,288.0175186,293.2398455,3674704
1/15/2019,296.4434509,297.8477771,286.5693305,289.6412718,5706902
1/16/2019,293.1082153,303.0262329,290.8700962,295.5657864,7705383
1/17/2019,291.4405518,295.5657374,289.8168034,292.2743741,4569576
1/18/2019,273.0966492,291.7916763,267.0843957,290.0801647,16359865
1/21/2019,273.2721558,276.9146306,268.576466,272.701652,8621248
1/22/2019,267.5671387,273.930444,264.6707231,273.842681,8770625
1/23/2019,266.5577393,269.8052362,265.3289687,269.2786287,5617992
1/24/2019,264.7584839,270.1563371,258.4829118,269.1908554,10389592
1/25/2019,269.8930359,273.8426965,265.0656862,266.8210942,6040052
1/28/2019,267.8304138,271.5167554,258.6584563,270.3318811,4546062
1/29/2019,270.2002258,271.780078,264.802343,267.6987585,3210022
1/30/2019,266.5577393,274.6325852,263.398035,271.2095624,6553462
1/31/2019,268.9275513,272.4822335,266.0750025,267.2599064,9493241
2/1/2019,273.7109985,281.6542149,267.6987456,267.7865382,9243929
2/4/2019,269.0592041,272.7455455,265.2412034,272.087249,3895812
2/5/2019,270.5074158,273.5354906,257.0347161,259.2728352,14678663
2/6/2019,270.9901733,272.526159,264.1879935,269.4541876,5202682
2/7/2019,273.0966492,275.9491684,267.8743219,270.8585004,3852519
2/8/2019,274.9397888,275.7735815,268.6642175,271.2095512,3413931
2/11/2019,274.0182495,276.8707689,272.9650047,276.475791,3303611
2/12/2019,273.1844177,277.0024188,271.7800914,273.5793659,2226134
2/14/2019,264.0124207,271.9995041,260.238316,271.209578,8573394
2/15/2019,267.3476868,268.6203538,260.9843814,264.1879823,6727458
2/18/2019,265.5483704,269.585793,263.3541183,269.3663708,4440252
2/19/2019,266.5577393,275.1592224,264.6707019,266.7332949,7593977
2/20/2019,271.2095947,272.8333434,267.6549122,268.1815197,6216966
2/21/2019,271.9995117,272.9649935,265.9433916,268.4887256,5805770
2/22/2019,275.4664307,277.7923424,270.3757626,271.385111,6199607
2/25/2019,278.450592,280.8642666,273.4915836,275.5980729,4154758
2/26/2019,276.8707581,281.3031593,275.0714835,277.0901803,5562215
2/27/2019,280.9959106,285.472178,275.9052432,279.942666,4527145
2/28/2019,279.1527405,286.9642973,277.3095698,285.1649933,7687680
3/1/2019,270.0246582,278.9333266,265.1534128,278.9333266,29577827
3/5/2019,270.2002258,271.3851001,266.4699879,270.3318851,11396759
3/6/2019,271.5606689,274.9398255,270.5951872,272.9210989,7093395
3/7/2019,270.0246582,274.0182146,269.4541544,272.0872512,6466583
3/8/2019,270.9462891,273.8427049,270.0247036,271.8678746,4441514
3/11/2019,292.9765625,295.8729782,270.9462744,271.2534894,17059011
3/12/2019,308.7752075,310.7061414,289.0708013,292.0988763,30070085
3/13/2019,296.4434509,312.9442543,295.3463396,305.8787566,13993813
3/14/2019,300.5247803,303.640618,293.634838,295.785194,6931287
3/15/2019,296.3996277,302.6751705,290.694559,301.9291407,11536718
3/18/2019,290.2118225,301.62196,289.0269481,296.6629508,5844953
3/19/2019,295.5657959,297.9356041,291.3967131,291.3967131,5639437
3/20/2019,293.1520996,298.3305305,291.703877,295.9168558,3309504
3/22/2019,291.001709,304.9132513,289.0268791,294.9074724,9113700
3/25/2019,287.0081787,293.9420172,283.6729188,292.1866094,5253505
3/26/2019,287.7102966,290.8700302,286.3498669,288.3685633,4247229
3/27/2019,283.0585327,292.2744167,281.2153619,290.5190088,5951916
3/28/2019,289.5974121,292.2744053,278.8894393,283.1463144,13616927
4/1/2019,299.1204529,302.7629278,292.4499329,293.064333,7080411
4/2/2019,312.8564758,315.0946246,301.0514212,301.0514212,22251488
4/3/2019,307.1953125,318.6054193,305.0010601,312.4615362,12250809
4/4/2019,313.1636658,315.5334439,308.9506873,308.9506873,12168154
4/5/2019,313.0320435,315.7529034,310.3111538,314.743555,3728070
4/8/2019,311.539917,319.3075478,309.4334277,314.5679619,5656181
4/9/2019,308.5996704,316.8500735,299.7348968,314.6996875,10073980
4/10/2019,298.4183044,311.0572117,296.6629263,307.8974774,4759411
4/11/2019,303.9916687,308.29241,295.9168232,299.9103496,18189273
4/12/2019,300.1297913,307.5025039,297.5405908,304.5621922,8349759
4/15/2019,305.1766052,306.3176129,293.8542618,302.7190342,10210051
4/16/2019,306.098175,308.160768,299.0765738,305.4399083,9519380
4/18/2019,304.5183411,307.5902825,291.9671972,306.7564601,16138821
4/22/2019,306.6687012,314.6996513,295.4341205,301.9291148,15339393
4/23/2019,302.5472412,311.0548689,300.3486201,310.672522,11627154
4/24/2019,310.194519,311.9151841,301.6868918,302.5472244,7161510
4/25/2019,314.018219,318.2242433,306.84885,308.5695152,11517967
4/26/2019,311.1026306,320.900786,308.0914966,315.4520531,5000316
4/30/2019,306.179718,312.3931754,300.2052387,309.7165981,6139942
5/2/2019,309.9077454,314.8785225,307.4223865,308.6650659,7925814
5/3/2019,316.8381653,319.1323657,310.1467522,310.1467522,9901409
5/6/2019,318.7499695,321.5699154,312.1063762,316.8381458,14870120
5/7/2019,310.6246948,325.8237648,307.2790033,325.0112218,17735230
5/8/2019,310.194519,313.0144946,305.9884951,310.529106,4864438
5/9/2019,301.5435181,311.8196008,298.8191513,307.0878309,7998137
5/10/2019,309.8121948,313.9226398,301.3045373,304.8414173,7855974
5/13/2019,304.6024475,312.918917,300.7787998,307.3268143,6620278
5/14/2019,321.7611084,324.724453,301.3045233,302.0692468,10954653
5/15/2019,316.6469421,323.0993765,314.209373,321.1875529,7782551
5/16/2019,310.863678,318.6066117,306.8966318,317.3639025,4591691
5/17/2019,313.9703979,316.1211995,307.9481298,309.4297871,4117918
5/20/2019,325.106842,326.8752672,316.4079962,317.4117275,7858379
5/21/2019,316.0734253,325.106828,314.0659926,325.011219,4316609
5/22/2019,320.3750305,323.0516075,314.1616034,316.4079844,6791987
5/23/2019,323.8641357,333.6144728,319.4669232,322.6692459,5449864
5/24/2019,337.6293335,340.3058808,325.0112312,325.0590505,9756740
5/27/2019,334.0924072,336.3866075,331.081273,334.2835955,4004333
5/28/2019,330.3643494,336.1954593,326.6362812,333.3754836,8643505
5/29/2019,323.8641357,329.9342239,322.9560135,328.643725,4581547
5/30/2019,331.415863,334.1402296,324.5810517,325.011218,14152211
5/31/2019,333.4232788,336.8645494,329.2650446,333.6144374,11028688
6/3/2019,337.1991577,340.0668933,333.4710896,336.0042679,5214139
6/4/2019,336.864563,340.2580738,334.3313847,335.5263042,6749428
6/6/2019,338.2028503,340.2580727,333.1364938,337.2469385,10510811
6/7/2019,341.3573914,345.9935817,336.2910347,338.2028584,5879853
6/10/2019,347.4274597,348.5745599,338.0594994,339.1587803,5992522
6/11/2019,347.2362671,350.773147,342.4567077,346.9972891,5668149
6/12/2019,344.0339355,346.4237449,341.3573883,346.4237449,2868026
6/13/2019,347.7142334,348.8613336,341.3096177,341.3096177,3839377
6/14/2019,337.7249146,346.9495059,336.147648,346.5671293,5170880
6/17/2019,328.8349304,339.9235566,327.0186858,339.9235566,7087101
6/18/2019,329.9342041,332.0372161,326.1583166,330.1731821,4977568
6/19/2019,326.0627441,332.6585479,319.5625197,331.2246801,4008250
6/20/2019,333.1843262,334.5704043,324.2465026,324.2942922,3563847
6/21/2019,328.6437073,334.4747874,327.5921864,332.1805871,9764198
6/24/2019,329.8864441,333.1843762,328.3569968,329.9342635,3310679
6/25/2019,333.2321472,336.4822598,329.36068,330.2210126,2848907
6/26/2019,330.3165588,336.4822261,327.4488232,334.5704023,4732848
6/27/2019,333.2798767,335.3828886,325.8715306,331.9415883,13137225
6/28/2019,331.368103,334.5704258,327.4010566,333.0409489,8737050
7/1/2019,333.1365051,334.427004,329.9342123,331.7026373,3469130
7/2/2019,338.0116577,338.8719902,332.0372088,333.6144455,3816212
7/3/2019,337.6293335,340.7838368,334.3314018,337.3425362,8473243
7/4/2019,346.7583618,348.9091639,337.4381899,337.7727473,8565250
7/5/2019,348.717926,354.788014,344.6075109,346.7583126,6878479
7/8/2019,340.6882629,348.3355879,338.8242288,346.0413874,3543845
7/9/2019,346.3281555,347.2362778,338.4896422,340.3058867,3931858
7/10/2019,342.7434692,348.8135274,338.0594892,346.9017037,5299464
7/11/2019,344.8464966,346.4237631,340.592653,342.4567168,3513505
7/12/2019,340.4014893,344.8942811,338.5374551,344.8942811,4750306
7/15/2019,335.1439514,343.556,333.7578732,341.8353645,3524295
7/16/2019,335.2873535,339.3021895,334.2358326,335.5263315,3651688
7/17/2019,330.9856873,337.8204984,329.5996092,335.0961319,4765414
7/18/2019,327.4010315,335.7174706,323.6729633,332.6585467,3711155
7/19/2019,324.9634705,330.7467617,321.2831915,328.3569817,2517348
7/22/2019,327.448822,328.3569442,320.8051989,324.0553111,3120156
7/23/2019,328.4525146,333.1364945,322.5258553,327.8311601,3682410
7/24/2019,323.9597168,329.5518188,320.9485827,328.8348849,4840787
7/25/2019,324.0553284,328.3091721,319.8015144,320.2316807,7600173
7/26/2019,320.1360779,323.9597553,313.731462,323.0994227,5089100
7/29/2019,319.8014832,321.6177275,313.6358162,319.9448818,5072884
7/30/2019,330.5077515,332.9453505,320.375038,322.1434928,12960949
7/31/2019,322.717041,338.1550898,318.0330607,328.0701953,11065547
8/1/2019,309.6209717,323.8163094,306.9922142,320.2316402,9957404
8/2/2019,328.4047241,339.3021607,312.775518,317.3638889,28586783
8/5/2019,341.9309082,345.7067658,324.1030816,325.1068128,15513355
8/6/2019,352.2070618,358.8506556,338.4896484,338.4896484,17339262
8/7/2019,349.9606323,356.5086465,346.5193318,351.7768768,12759435
8/8/2019,355.743927,362.0529633,349.2914921,349.8650273,16351434
8/9/2019,354.7879944,357.2733532,348.0965819,355.6005076,7844936
8/13/2019,336.147644,348.9091152,330.8901287,345.276656,14292351
8/14/2019,345.2766724,347.8098509,331.9894252,339.3499827,7813907
8/16/2019,345.6112061,348.9091079,339.3499596,344.1295486,5827109
8/19/2019,345.0854492,350.1039863,343.9383491,347.4274392,4606667
8/20/2019,342.2655029,346.3759179,341.6441484,344.6074929,5364922
8/21/2019,339.254364,344.3207204,337.5815183,342.2176788,4122882
8/22/2019,337.1991577,341.4529714,335.526312,339.3499594,3171984
8/23/2019,340.6882629,343.1258324,335.0483708,338.3940625,4676421
8/26/2019,344.750885,346.6627385,331.6070667,342.1699169,5024254
8/27/2019,332.945343,351.9680306,329.5518321,346.5193271,32805677
8/28/2019,330.555542,334.0924219,325.4891852,334.0924219,5628194
8/29/2019,328.3569641,334.3314136,326.1105533,327.2576535,6040518
8/30/2019,331.5114746,334.1880518,323.8163597,329.7908391,4855098
9/3/2019,322.0000916,330.6989372,320.7096224,330.2687709,4305439
9/4/2019,330.4599609,332.0372274,320.3272475,321.18758,5241168
9/5/2019,332.3717651,333.9490315,325.9193306,329.7907973,3325608
9/6/2019,333.8534241,338.394035,329.8863781,334.7615463,6392799
9/9/2019,340.7360229,341.6441451,334.1402195,335.4784782,3782198
9/11/2019,339.4455872,345.9936016,335.7174891,345.8024133,4900745
9/12/2019,332.228363,342.6000538,331.4636395,342.6000538,5639186
9/13/2019,327.9267883,334.2836143,325.8715659,332.2762112,5012583
9/16/2019,328.8349304,330.173219,323.4818057,327.8790185,5104088
9/17/2019,324.8678589,333.4233059,317.8896784,333.4233059,8486044
9/18/2019,320.8052063,328.9782767,319.8492944,326.5407073,7631530
9/19/2019,322.717041,327.4488407,319.9449143,323.4817943,11891538
9/20/2019,340.6882629,349.0047322,320.2794665,324.7244687,15819981
9/23/2019,332.6585388,346.280342,329.7908033,340.3058633,5854791
9/24/2019,333.2798767,336.482199,330.1731634,332.6585222,4811334
9/25/2019,326.588501,335.4785054,323.0994107,333.6622906,4697149
9/26/2019,328.8826904,331.750426,325.4413899,326.0149548,4958745
9/27/2019,333.7100525,339.2543648,324.2942735,328.8348844,3416220
9/30/2019,350.8687439,358.3726697,329.0738706,337.438129,19984719
10/1/2019,335.4784851,354.3100435,331.5592584,353.6886889,7344343
10/3/2019,329.6952209,339.9235132,326.2539205,335.4784816,5037665
10/4/2019,324.5332642,333.3276889,319.5147269,332.945342,4794009
10/7/2019,326.4929199,331.4636677,322.2390763,323.0994089,3566103
10/9/2019,343.5559692,344.9420473,324.0552967,327.974553,8848384
10/10/2019,360.6190796,368.0274261,346.0413646,346.9016971,48555442
10/11/2019,366.019989,368.3619789,356.1740734,358.4204543,11113337
10/14/2019,376.2005005,379.4984023,363.4868194,367.5016551,10930620
10/15/2019,366.7369385,374.6710308,364.7295057,372.8069967,8746356
10/16/2019,368.2664185,369.7480759,360.714673,364.2993723,9079900
10/17/2019,368.8399353,370.4172017,362.3397111,368.0274221,4877679
10/18/2019,366.5935669,369.3656935,363.7258016,367.9796153,4053714
10/22/2019,357.6079712,379.0204693,351.0121374,364.9684988,11570680
10/23/2019,344.4641418,361.3360593,339.349995,357.0344258,13588127
10/24/2019,355.9351196,359.7587672,311.1504809,338.3462694,74062675
10/25/2019,358.6116638,361.7184072,346.6149161,353.5930967,28275934
10/27/2019,356.6520691,358.9462696,349.4826998,355.6005481,2033141
10/29/2019,344.0339355,349.5304584,337.5337112,346.9972801,36912144
10/30/2019,351.7290649,354.9791773,344.7508843,348.2399746,17185921
10/31/2019,357.7513123,360.1889112,347.7142083,350.5341541,13034332
11/1/2019,356.604248,359.8065709,347.3318964,347.3318964,13938891
11/4/2019,361.3360596,364.8729398,357.512382,361.5750376,7763797
11/5/2019,367.0237122,368.5053994,358.0381285,360.3801186,6766429
11/6/2019,355.0747681,368.409774,353.9276679,368.027427,8335534
11/7/2019,355.3615723,358.9462718,352.7806041,358.2771275,4906572
11/8/2019,352.8761597,359.2808049,350.4385903,353.6887026,6094415
11/11/2019,355.1225586,357.4645486,352.0158451,354.8835806,2826663
11/13/2019,352.3504028,356.9388035,350.0084129,355.696124,6544841
11/14/2019,346.5193481,350.9165608,334.8571871,342.1221355,21487581
11/15/2019,375.7225647,380.9322905,341.5007759,342.0743409,56210391
11/18/2019,391.160553,402.0101998,374.8144131,378.5424812,43462375
11/19/2019,419.9814453,426.0036842,402.8705514,408.0802771,63965674
11/20/2019,418.0218201,432.9819129,414.0069841,428.5368809,56689066
11/21/2019,407.5067749,422.9925842,403.5875181,422.9925842,22595291
11/22/2019,402.1058044,410.9958385,398.6167142,404.3522152,17090583
11/25/2019,431.5002136,435.5628689,402.7749484,402.7749484,34112216
11/26/2019,413.2900391,427.2941899,410.948049,425.3823661,23906748
11/27/2019,414.2459717,417.7350621,407.602348,414.3893406,13586924
11/28/2019,417.4004822,424.3308736,409.6097879,414.2459787,22352772
11/29/2019,422.9447632,429.8273644,415.9665827,420.2204262,20386454
12/2/2019,438.3828125,464.1925225,434.9893015,450.3795304,56782244
12/3/2019,438.8607788,444.5484606,425.6213514,442.3976588,24319749
12/4/2019,441.0593567,444.309469,434.6547412,440.5336111,16851755
12/5/2019,427.6287537,443.1623815,425.7169299,442.8756139,17642464
12/6/2019,425.2389526,432.4561109,423.3271289,431.978155,11629491
12/9/2019,426.1948547,431.6913775,422.2278087,427.8677004,8012971
12/10/2019,427.2941895,431.117837,423.7095199,425.812532,7274085
12/11/2019,423.2315674,429.2538064,421.1763449,424.9044132,6931352
12/12/2019,419.3123169,424.2830648,417.2570944,423.3749425,7527779
12/13/2019,408.9406128,421.2719177,407.2199773,420.6027734,13320154
12/16/2019,403.2528992,412.0473241,401.9146404,411.4259992,7093336
12/17/2019,420.5550232,422.0366808,399.1903134,406.0250958,23423482
12/18/2019,418.9777527,427.3898017,415.0107062,427.2942224,17986000
12/19/2019,429.6361694,436.6621395,411.2825962,416.7791192,14236801
12/20/2019,433.7944031,440.1034392,426.0514991,430.0663349,21689127
12/23/2019,434.7503357,438.9085703,426.7684534,429.2538125,10630886
12/24/2019,436.9967346,439.7211013,432.4561234,434.4635562,6974012
12/26/2019,427.8199158,436.3753625,426.3382584,435.2282623,5997570
12/27/2019,435.0371094,436.9011436,429.2060288,429.2060288,5997611
12/30/2019,440.1990662,444.2139021,435.0371003,439.7211102,12141748
12/31/2019,435.7062378,442.1108831,434.4635583,439.7211034,5212590
1/1/2020,433.3164673,440.1990687,429.9229562,435.945225,5154996
1/2/2020,435.1327209,439.147557,433.5076647,434.0812,4933053
1/3/2020,435.0371094,438.9563661,431.5958383,435.6106744,5154587
1/6/2020,429.8273621,437.2834985,425.047773,433.8899875,7538915
1/7/2020,425.4779968,435.2283349,423.5661728,432.0738313,4353883
1/8/2020,438.6217651,440.4380095,420.9373369,423.0881385,14118818
1/9/2020,439.8166809,454.0120199,435.2282801,447.7507733,18180867
1/10/2020,436.853363,445.4088106,434.1768155,444.3095,37724966
1/13/2020,448.2287292,449.5670178,434.2245785,438.76516,15206224
1/14/2020,448.6589355,451.8134688,446.0301776,448.2287692,8238486
1/15/2020,447.2250366,451.1920829,444.5006699,448.8023032,10875259
1/16/2020,453.0083313,455.9238567,447.3684391,448.5155096,16290593
1/17/2020,478.0055542,481.5902241,454.1554556,454.1554556,61915666
1/20/2020,486.2742004,490.097878,472.461237,477.0018188,45298836
1/21/2020,489.1897278,492.2964415,482.1637278,487.516882,65202963
1/22/2020,491.8184814,500.6607259,484.3623449,492.0574594,20285793
1/23/2020,500.5650635,502.8114741,489.7632358,492.2964141,15772863
1/24/2020,501.1387024,504.1020175,491.4839443,497.5540029,23824625
1/27/2020,491.7229309,500.9952827,489.3331213,498.1753366,11856786
1/28/2020,469.5934448,491.7229064,464.6704866,491.675087,31674769
1/29/2020,468.6375122,479.295971,466.7256885,471.3618788,20037283
1/30/2020,468.2073669,471.1707117,458.9349858,470.3103791,15337903
1/31/2020,474.5642395,477.3841857,465.5308361,471.457496,18356252
2/3/2020,487.5646973,490.7192008,474.1818705,474.1818705,15212799
2/4/2020,496.0245056,499.5613856,481.2556312,491.3405255,14646591
2/5/2020,509.8374939,513.8045701,493.0611858,495.1641981,30647706
2/6/2020,522.6945801,528.4300518,510.5544626,511.4625849,17180298
2/7/2020,515.6685791,524.7975912,514.5214492,524.7019524,8967847
2/10/2020,514.9516602,519.6834898,512.4663009,516.3855281,8570467
2/11/2020,510.745697,520.6394644,509.2640392,515.7164756,6622800
2/12/2020,515.8120117,518.4407995,511.4148284,512.3707404,5160923
2/13/2020,516.1465454,518.8231225,508.3080321,515.9075377,5729055
2/14/2020,540.0922852,542.5298547,510.6978434,520.8783475,37517890
2/17/2020,539.9487915,543.62907,531.9669097,540.0443708,23354434
2/18/2020,524.0806274,543.77246,513.6133268,538.5149446,21865560
2/19/2020,519.444458,529.1947954,514.9994259,524.8931917,22088140
2/20/2020,521.5475464,527.6653952,514.8561028,519.7313017,16010058
2/24/2020,506.5395813,518.1539527,503.8630041,518.1061631,9834434
2/25/2020,511.6537781,514.2347762,507.5433326,509.5030058,9804202
2/26/2020,512.322876,515.6207779,497.3627838,509.2161327,18965240
2/27/2020,508.2124023,512.2272082,503.7673708,511.1279274,11381143
2/28/2020,500.4217224,505.1057026,490.8625737,501.760011,16934165
3/2/2020,495.4987793,512.3706962,489.285322,510.4588723,10096159
3/3/2020,497.8407593,509.8374775,491.4839332,500.8996833,10563605
3/4/2020,493.9692688,509.3117077,485.031475,501.8555714,18066379
3/5/2020,503.671875,507.3043643,493.8737475,499.7526478,14344961
3/6/2020,496.2634888,500.5650923,488.9029315,494.9252002,9503868
3/9/2020,474.3730164,489.4286877,469.402239,487.5168639,15664232
3/11/2020,472.0310669,486.0830082,465.5308419,465.5308419,21401999
3/12/2020,444.4528809,460.2732764,438.9563577,457.4055407,14471096
3/13/2020,470.1669922,486.6087416,401.4844691,433.7944031,24254296
3/16/2020,444.3094482,471.2184674,436.040799,451.4310271,14936276
3/17/2020,434.6547546,459.795321,424.7610189,444.5006711,12629709
3/18/2020,406.7898254,457.6923133,389.4877425,439.7211158,29342689
3/19/2020,425.1433716,431.7391753,345.8023906,398.0909532,24017236
3/20/2020,442.2542725,451.1920966,417.400473,425.3823852,19758966
3/23/2020,389.3921204,426.051475,381.8881651,398.043146,14907385
3/24/2020,386.2376099,418.5475439,382.5095417,392.785624,12947855
3/25/2020,410.1833191,418.929955,387.719329,388.6274215,14093189
3/26/2020,449.9494019,471.696457,401.7234622,407.6979413,22302573
3/27/2020,429.1582336,453.8686635,418.2130066,449.9494069,16378409
3/30/2020,412.0473328,429.492814,409.1318074,424.2830585,10210726
3/31/2020,421.4631042,427.2941845,405.3081222,421.5586835,17059457
4/1/2020,402.7749634,420.6027921,394.2195457,420.6027921,9646905
4/3/2020,405.260376,412.9554912,397.2784931,412.9554912,14419445
4/7/2020,449.4714355,464.3359188,414.0547578,414.0547578,15553539
4/8/2020,441.2983704,469.4501022,433.0297201,453.4385176,13639333
4/9/2020,467.1558533,470.5971538,450.2361481,450.2361481,11962829
4/13/2020,489.6199036,497.9363432,469.3544758,469.3544758,24416550
4/15/2020,487.994812,512.3228637,482.7850568,510.41104,26277115
4/16/2020,478.3878479,490.3845952,475.4245033,477.9576816,17401120
4/17/2020,480.2997131,489.9066816,476.2370874,488.4728137,16430317
4/20/2020,468.6853333,485.318272,465.4352208,485.318272,11688508
4/21/2020,478.4356689,481.5902021,458.0268722,462.6630628,15781695
4/22/2020,479.29599,494.2560825,470.3581959,493.2523512,18447565
4/23/2020,474.1340942,484.9359234,469.4022943,479.7261971,12767355
4/24/2020,472.4612122,477.0017937,463.093222,473.0825371,12161869
4/27/2020,472.2700195,480.8732563,469.4500735,476.0936671,10074370
4/28/2020,464.2403259,475.52014,462.7586684,475.52014,11729091
4/29/2020,474.1340942,476.4282949,465.5786464,469.306715,8371711
4/30/2020,491.6272888,493.2045553,473.3693243,480.9210401,20170888
5/4/2020,509.0250244,516.1943642,477.8621576,480.2997272,34658164
5/5/2020,504.7711182,529.2903596,502.8592944,514.282507,30498970
5/6/2020,521.9298096,527.1395949,506.6830085,508.308035,26074684
5/7/2020,504.7711182,521.3084773,501.3298472,521.3084773,15823732
5/8/2020,506.6830139,521.7386565,505.0101383,516.1943436,13847608
5/11/2020,512.5618896,524.3196904,508.6426624,509.5507847,14490804
5/12/2020,535.1692505,539.136267,507.1130998,509.502939,23041211
5/13/2020,531.4412231,544.632832,525.084367,543.3423925,21509772
5/14/2020,516.0509033,537.7023471,511.5102926,526.8049408,13428330
5/15/2020,529.6727905,532.3493679,515.6208484,519.5400757,14758117
5/18/2020,514.3303223,534.3567431,511.6059554,532.3493398,21991328
5/19/2020,572.4022217,576.8950438,532.4449566,533.8788246,73259076
5/20/2020,567.8615723,585.0202573,562.6518462,578.3288736,36412918
5/21/2020,568.3394775,577.850866,559.5929017,564.4680404,20673544
5/22/2020,567.0490723,571.0638786,561.1223826,570.6815019,11630640
5/26/2020,534.5957031,551.0374229,532.9706173,546.7836092,77933211
5/27/2020,538.276062,540.6180524,529.4338462,536.2685992,22948762
5/28/2020,537.9414063,542.9599734,531.4889713,539.7576507,16574283
5/29/2020,528.2388916,539.1362997,519.8268427,533.400828,55206200
6/1/2020,534.404541,536.8899597,525.8969126,534.3567514,40024637
6/2/2020,533.4963989,547.0704435,531.5845751,538.1803793,32573015
6/3/2020,527.3307495,543.2467244,525.036549,542.9599865,29783799
6/4/2020,547.2138062,559.5929309,525.3233518,527.9520799,30007267
6/5/2020,558.5891724,563.9901163,542.4342489,558.2546448,48771843
6/8/2020,559.3538818,567.5269817,553.6662004,562.0782484,20813563
6/9/2020,542.7688599,565.5674401,540.7614564,554.4310228,15219451
6/10/2020,542.0997314,550.6073606,538.2282936,545.8278003,19489440
6/11/2020,527.5219116,548.504303,522.5989831,544.871814,27803048
6/12/2020,535.4082031,537.2244476,516.1943264,516.1943264,19224358
6/15/2020,526.4226685,538.8973734,524.7976419,531.4890258,13838935
6/16/2020,520.8783569,534.6435609,513.3266403,533.4008515,19430678
6/17/2020,538.6105347,540.5702076,517.1502468,522.7423494,20916747
6/18/2020,536.1730347,547.6440385,533.5920959,539.3753578,19692591
6/19/2020,547.2616577,552.7103919,536.2686099,537.1289427,41924711
6/22/2020,555.4346924,562.0782861,545.2541889,550.4161251,12954502
6/23/2020,553.2839355,558.8282492,549.030121,555.4347674,9944839
6/24/2020,532.77948,556.3428095,530.5330692,555.3868382,12619809
6/25/2020,534.3567505,538.8495724,525.7535428,529.4816113,15881470
6/26/2020,535.6950073,541.4304788,532.5882639,535.3126307,11317405
6/29/2020,542.0997314,543.8681866,526.9006586,534.261217,13162970
6/30/2020,535.1692505,551.563181,532.8272604,546.7836215,13182057
7/1/2020,535.4560547,549.6513643,533.6875998,549.6513643,13894655
7/2/2020,533.8309937,542.0040943,533.0184507,539.9010523,13795692
7/3/2020,555.8169556,557.7288386,535.8861168,537.0332467,21005887
7/6/2020,551.1809082,563.3210866,549.6992504,561.6960004,16114629
7/7/2020,542.1474609,556.9163658,541.0959697,553.4750353,12759442
7/8/2020,536.5553589,548.6954762,534.3567376,546.7836523,9581306
7/9/2020,543.5812988,545.110746,535.5994167,539.1362669,8611659
7/10/2020,549.364624,553.4750694,540.7136264,544.0115287,13532330
7/13/2020,560.9311523,563.0341942,544.8718085,549.1734121,16660491
7/14/2020,563.3687744,570.490324,553.0448427,558.7325839,32935464
7/15/2020,538.7539673,562.9864117,534.9780498,562.9864117,20062926
7/16/2020,537.9414063,541.2393082,528.9079735,540.9525109,11528871
7/17/2020,541.7650146,548.5998258,536.9854556,538.2759543,12189475
7/20/2020,550.3683472,556.8207824,542.5776233,545.8277358,9789671
7/21/2020,542.7210083,558.0634488,541.3827197,554.4309596,12005925
7/22/2020,544.0592651,550.1293236,537.9892067,542.9599843,11034525
7/23/2020,542.1952515,550.3683521,539.1362976,544.8718287,9718786
7/24/2020,534.7868652,542.3863706,530.9154281,540.0922296,9960443
7/27/2020,534.8346558,538.897311,520.1613906,533.592006,10895560
7/28/2020,539.7098999,548.9344919,530.8198949,533.8787894,14210206
7/29/2020,541.2393799,544.0593263,535.5516975,540.3312575,9979767
7/30/2020,528.3345947,554.8612466,519.1100007,550.6074315,45326361
7/31/2020,530.3896484,534.6434619,522.2165489,526.6137314,13917435
8/3/2020,523.2202759,531.966911,522.3121537,530.0550873,9392745
8/4/2020,524.7976685,528.9559036,521.7865039,523.8417564,12035116
8/5/2020,534.3088989,535.7905564,522.45558,527.6653056,12920232
8/6/2020,532.7260742,538.8658919,530.1837692,538.8658919,10620956
8/7/2020,538.0025024,540.4967867,529.6082065,533.397624,7346008
8/10/2020,536.1317139,542.0317249,532.2463742,541.3601479,9594610
8/11/2020,528.6967163,537.7145666,527.8332943,535.3162054,8290695
8/12/2020,525.4349365,538.4341084,523.180459,527.6414528,12613101
8/13/2020,513.5869751,526.0105527,502.9382625,512.2919017,37464752
8/14/2020,507.1114502,520.7821405,503.6577619,520.7821405,18550546
8/17/2020,500.204071,510.8528729,497.0382401,508.9821451,19369462
8/18/2020,504.9049377,507.5911265,499.0049267,500.8276934,13771669
8/19/2020,514.0666504,517.9520496,505.6723557,507.4951222,17395288
8/20/2020,504.1853943,511.908172,501.4512443,509.4138879,13690809
8/21/2020,499.1008606,508.2626251,495.0236164,508.2626251,22244899
8/24/2020,505.4805298,510.7569251,487.5407202,496.8463986,29714401
8/25/2020,507.1594238,513.8748362,504.6171188,512.7716077,19881871
8/26/2020,493.5846252,506.9195572,491.1862637,506.9195572,26386996
8/27/2020,490.3707886,497.422019,487.3488412,493.4886883,22268191
8/28/2020,502.1707764,508.022826,491.2821676,491.2821676,22217757
8/31/2020,492.2415161,501.067552,487.8765042,497.4220187,190329697
9/1/2020,524.0439453,532.8699517,493.2968364,496.4626678,75732733
9/2/2020,528.1691895,536.2756582,522.9407549,527.6415558,35680638
9/3/2020,516.1292725,530.4235777,513.8747949,528.1691002,25084656
9/4/2020,501.8829346,516.1292787,498.3813448,509.8935391,28610361
9/7/2020,494.4959717,506.5357696,489.5553353,503.657736,16450037
9/8/2020,477.8513184,495.8390891,473.9179876,495.0236283,33745174
9/9/2020,483.7513123,486.0537513,471.1358888,473.1984917,32068518
9/10/2020,477.1317444,487.3488053,471.2317637,487.3488053,21400064
9/11/2020,471.6635132,482.0244587,468.689527,479.0025113,15888599
9/14/2020,454.8269653,477.0358645,449.2627428,475.8366838,53032505
9/15/2020,465.8114929,467.8261046,450.941592,455.8342674,31436333
9/16/2020,462.1659546,470.7521244,461.0147351,467.2025435,13379581
9/17/2020,459.5277405,462.7415626,454.7309879,460.487085,13750507
9/18/2020,474.4456482,477.4196345,455.9782041,463.3651639,55830089
9/21/2020,448.7350769,475.8366811,442.499337,475.8366811,23162880
9/22/2020,451.8049927,459.0480679,442.2594786,449.4545926,18950065
9/23/2020,416.1652222,448.0155575,406.6676691,448.0155575,86810146
9/24/2020,402.2546692,415.8773981,399.2327218,407.9627754,36458719
9/25/2020,421.7773743,426.861924,404.9887858,407.7229057,34232784
9/28/2020,425.6147766,429.4521847,416.4050509,427.8692542,21445626
9/29/2020,417.8920288,426.4781984,412.0400091,425.9505649,18187111
9/30/2020,403.8375854,422.4969026,401.1513968,420.1944637,27686374
10/1/2020,414.7741699,416.9326952,406.4278362,408.6823139,13593932
10/5/2020,407.1953125,419.7148132,405.8042569,414.7741766,15282146
10/6/2020,409.4017944,412.5196641,405.900175,409.6416306,11078299
10/7/2020,405.2766418,414.1985709,403.9815087,410.4091536,10393534
10/8/2020,407.1953125,417.796124,402.062801,408.6823205,17018635
10/9/2020,407.9148254,417.3164563,406.0920587,410.6010142,20948615
10/12/2020,398.1774292,413.0952913,395.1075205,410.6010073,14326607
10/13/2020,398.4172668,410.1213366,396.3067028,404.0294805,28303313
10/14/2020,396.4506226,402.4465562,394.5798946,399.47257,14374547
10/15/2020,382.9717712,398.6091419,378.942518,396.5945301,28378188
10/16/2020,385.3221436,390.7424819,382.1563126,388.0083321,23786283
10/19/2020,381.5327148,388.2001949,377.9831342,387.1448981,17237471
10/20/2020,388.5360107,396.4026726,380.8132625,381.532771,26395238
10/21/2020,401.9668884,403.1181079,387.1449484,389.2075513,23929199
10/22/2020,413.14328,414.7741718,401.0075292,401.9668738,27014551
10/23/2020,416.7408142,419.8107228,409.9294499,417.2204865,18512271
10/26/2020,416.4050598,421.5855325,410.6010012,416.6928572,11956996
10/27/2020,415.73349,421.057876,410.1213066,416.4050371,13021129
10/28/2020,433.4814453,468.161883,424.0318535,427.8692616,125905730
10/29/2020,432.4741516,438.5180465,426.9099291,429.5001654,25537340
10/30/2020,416.117218,436.4074566,412.9993482,436.4074566,23483928
11/2/2020,438.8058472,441.300161,417.3164563,417.3164563,28703578
11/3/2020,436.1196289,441.9716485,429.2603035,439.3814123,16337850
11/4/2020,434.6326599,437.0310213,428.972515,434.5846986,10191499
11/5/2020,438.7098389,443.1228414,434.2009138,438.4220415,9407770
11/6/2020,431.6107178,441.6359044,430.5074596,438.4220822,12195207
11/9/2020,452.6204224,455.4504947,434.1529801,437.7505222,24953555
11/10/2020,447.4399719,454.8749224,446.0968776,454.7310087,9800899
11/11/2020,459.1440125,461.7822101,445.1854949,448.9269507,16032885
11/12/2020,460.3432007,463.557023,455.7383525,457.4651668,14785276
11/13/2020,456.4098511,458.5684062,450.8936198,457.6090616,8428163
11/14/2020,461.9261169,467.202542,459.5277555,467.202542,4014491
11/17/2020,464.8521729,474.8293989,461.6863117,470.9440293,19050384
11/18/2020,458.9521179,465.2838397,451.9488788,464.2765041,10504589
11/19/2020,449.5025635,461.8781502,448.0155555,456.6496865,11541941
11/20/2020,464.0366821,466.1952074,446.4326613,451.3732978,12090462
11/23/2020,457.848877,466.9626798,455.7862743,466.9626798,10193531
11/24/2020,454.9708557,461.6862979,452.0448606,458.9521478,9346208
11/25/2020,445.233429,458.4724373,440.0049953,457.1293728,14497115
11/26/2020,449.3586731,450.5578539,441.3960889,449.6464705,11535113
11/27/2020,444.4179993,453.4358797,443.2188186,449.2627131,18491882
12/1/2020,459.9594727,462.8854677,441.7798269,448.7350753,18534936
12/2/2020,465.1878662,468.0658997,454.7789305,461.4464107,20948620
12/3/2020,460.3911743,469.2651415,454.7309996,467.2984612,20094168
12/4/2020,473.6781616,477.5635013,463.7488972,467.058642,31622330
12/7/2020,488.2601929,489.7472008,474.4935512,477.7553345,22541162
12/8/2020,483.1276855,495.2634357,479.3382687,493.1049105,19661141
12/9/2020,482.6000671,486.2935616,478.8106501,484.3748725,11826802
12/10/2020,484.6147156,488.0683441,474.0139043,481.1130661,13441906
12/11/2020,483.8951721,487.8285027,477.0838078,487.8285027,14019094
12/14/2020,482.6000671,491.1862368,480.7773005,486.3894841,14147649
12/15/2020,483.7033386,486.1976226,477.8513187,485.2862393,13320211
12/16/2020,495.2155151,497.709829,481.6887084,483.7033499,17707777
12/17/2020,494.1602478,501.2594099,491.1862616,495.9829847,20023766
12/18/2020,489.8910828,493.9683268,484.5187355,493.0089823,11000487
12/21/2020,470.9439697,490.4187173,460.6309862,486.8691366,15539470
12/22/2020,479.961853,484.4707783,465.8114615,473.9179586,21632475
12/23/2020,486.5813904,488.7878771,478.1391338,479.9619005,13326963
12/24/2020,496.2707825,501.7390524,489.6992245,498.8610187,21241048
12/28/2020,500.3959656,505.5764382,495.5992427,498.9569487,13124256
12/29/2020,499.1008606,503.609786,494.1602241,501.7390582,11457626
12/30/2020,495.1675415,502.1228196,492.4333915,502.1228196,10691466
12/31/2020,488.9797363,497.3740314,485.7179528,496.0789281,15816475
1/1/2021,494.2081604,495.407341,487.5406802,491.4260494,10377082
1/4/2021,496.0789185,499.340702,490.8024935,495.9829661,13489114
1/5/2021,493.10495,495.8870613,490.3228386,493.10495,10689423
1/6/2021,503.9455566,510.1333348,492.2414877,494.0642543,30837593
1/7/2021,523.0845337,531.910539,505.6723294,510.3731891,39444841
1/8/2021,518.2878418,527.4016152,515.4577097,526.9699042,14538362
1/11/2021,524.9073486,531.8146655,519.4870099,519.4870099,19892197
1/12/2021,542.7512207,545.8691206,522.8447302,526.6821684,25857074
1/13/2021,554.743103,577.2398007,543.9504459,564.0967432,85239439
1/14/2021,556.949585,561.0267697,546.8764071,559.0121579,16974338
1/15/2021,578.151123,585.8259391,569.6609059,584.7706124,57451072
1/18/2021,563.0893555,578.4868886,560.2592832,578.1511001,21359539
1/19/2021,568.2219849,573.1625922,562.6577617,567.0707354,11034273
1/20/2021,571.9153442,578.0071996,565.0559894,568.2218501,13333007
1/21/2021,557.717041,579.4942593,551.0495899,575.8487259,17380638
1/22/2021,553.3999634,561.746297,549.4666029,560.1633367,12662954
1/25/2021,557.1414185,563.9528126,546.3967235,555.4625356,12503932
1/27/2021,547.5958862,558.1007751,539.4894185,556.4218923,15567653
1/28/2021,547.6918335,552.4405949,539.8731338,543.4707056,15201598
1/29/2021,531.0950317,554.9827796,528.2169985,554.9827796,25521965
2/1/2021,555.6064453,557.4771731,526.8739518,536.2755519,14212955
2/2/2021,574.9852295,581.0291237,555.7023574,561.1226359,21711996
2/3/2021,584.0991211,597.1942166,575.0812103,584.6267547,30641248
2/4/2021,576.1845093,597.6739002,571.4357475,589.9031611,51976676
2/5/2021,557.4771729,581.2690003,552.8243341,579.2543291,35465208
2/8/2021,573.0186157,579.1104716,560.9308266,565.056032,21646080
2/9/2021,574.6015015,583.0438169,570.8120846,574.5535402,20927436
2/10/2021,566.2072754,583.0438873,556.6617902,580.3576984,31642664
2/11/2021,573.7861328,579.0145668,565.0560494,567.9340831,19253595
2/12/2021,562.4178467,573.5462921,560.8349459,573.5462921,15905053
2/15/2021,569.5650024,578.4869309,566.0153917,568.0300034,17972742
2/16/2021,569.8048096,577.1438374,568.8934263,570.8121154,15064854
2/17/2021,569.7089233,574.4576853,566.0633898,572.6828798,16436661
2/18/2021,565.1040039,573.6901438,561.4105094,572.7307992,22193564
2/19/2021,557.717041,571.7714815,552.1048571,566.0154137,19465126
2/22/2021,547.1162109,561.1226896,544.9097542,558.3406381,20227667
2/23/2021,542.5593872,553.5438894,541.0723493,551.6252001,23764401
2/24/2021,549.6585083,550.7617367,542.223558,545.0056692,8888950
2/25/2021,555.6064453,560.6909951,553.5917741,556.3259239,16230241
2/26/2021,533.6854248,562.1300953,529.3203529,551.1455333,198547005
3/1/2021,510.5650635,536.3715039,499.8203685,535.3162368,55091122
3/2/2021,519.1992798,521.8854091,507.3512956,518.5277027,30622757
3/3/2021,524.0918579,528.3609471,518.0479634,526.442258,24669015
3/4/2021,517.6642456,523.804063,516.1293062,518.0479954,17678275
3/5/2021,511.1407166,516.609017,503.0822093,513.2513106,16658703
3/8/2021,504.3293457,513.6829855,503.4179624,509.413896,15293359
3/9/2021,500.5398865,510.3732585,493.3927629,508.5504918,20181762
3/10/2021,504.4732056,508.9341399,495.3594024,499.0528969,19013738
3/12/2021,502.8902283,511.0926777,500.3479832,508.9821436,11624491
3/15/2021,501.5951843,506.343946,495.4073759,506.343946,10875944
3/16/2021,507.7829285,512.0520176,502.6983786,502.6983786,13252045
3/17/2021,501.6431274,509.413866,497.9016718,507.3032722,8482758
3/18/2021,505.7683716,510.5650947,494.40009,508.3106169,12465338
3/19/2021,508.4064941,513.0113718,504.137405,506.5357663,49597558
3/22/2021,506.5358276,512.2919552,501.7391044,511.3805718,13581706
3/23/2021,507.7350159,510.8048948,500.9236214,508.1667269,15239339
3/24/2021,502.3626099,511.7642701,500.300037,506.5357766,10801499
3/25/2021,487.1090088,502.3626296,479.2423473,502.1228233,17572322
3/26/2021,501.2593689,503.5618077,489.8431272,491.282144,11148490
3/30/2021,500.3000488,506.4398661,495.2634599,506.3439436,10691124
3/31/2021,496.2707825,504.5211636,495.2634468,501.1154963,7712521
4/1/2021,499.6285095,502.6024957,493.632576,498.8130487,7111516
4/5/2021,506.7756348,507.4951133,493.6805101,499.6284821,9376649
4/6/2021,510.5650635,515.985402,503.2260358,507.0154528,13115141
4/7/2021,519.5829468,524.6674972,513.4910905,515.1699734,21391503
4/8/2021,520.9260254,526.2504416,518.5276639,524.5715587,11367448
4/9/2021,523.0845337,527.401584,514.6902394,517.5682729,11641539
4/12/2021,501.2114563,516.9447798,497.4220391,515.6976079,9869735
4/13/2021,514.3544922,518.0479867,501.8349916,505.0008526,6657701
4/15/2021,517.4244385,523.9480056,508.6943549,518.0479946,9989813
4/16/2021,518.7675171,522.0293006,516.1292897,518.0959401,6273393
4/19/2021,505.0488281,513.2512783,501.9789492,510.6130508,7368743
4/20/2021,508.6463928,515.16996,504.5211872,507.4951435,7369109
4/22/2021,509.2699585,511.7162813,504.6650805,508.4544977,6675147
4/23/2021,501.3553162,510.8048782,497.9976101,507.4951334,7123670
4/26/2021,506.1040955,507.0154788,501.4992771,501.4992771,5929161
4/27/2021,512.5797119,516.6569564,504.8569936,506.0081833,9875033
4/28/2021,522.1731567,525.7227673,513.8268236,514.1626121,12195400
4/29/2021,518.8634033,527.6414473,517.1845206,527.3536201,8846896
4/30/2021,514.9299927,524.7633027,511.8121532,511.8121532,8331737
5/3/2021,536.1317139,539.6333037,507.5431017,508.4544851,14556346
5/4/2021,529.9918823,542.943034,524.4756212,542.943034,14196229
5/5/2021,537.1868896,541.9836118,531.4787843,534.2608951,12095639
5/6/2021,536.0358276,541.4561071,530.1358162,537.1870174,9169742
5/7/2021,545.3894653,549.6105938,534.2610196,538.3862255,12894499
5/10/2021,549.2747803,553.5438698,545.9650354,548.7471467,8365615
5/11/2021,545.2935181,551.4812968,541.1203511,542.5114068,8033470
5/12/2021,538.9138184,546.0129802,535.5081511,544.9097518,6815070
5/14/2021,537.6187134,546.2048538,533.5414689,541.0723421,7697716
5/17/2021,527.3056641,541.0243145,523.6121698,541.0243145,13677009
5/18/2021,514.5463867,530.423593,512.8195426,525.2430608,34968901
5/19/2021,506.7276917,518.5756151,504.8090025,516.0333699,19583966
5/20/2021,499.4845886,509.4138826,498.8610325,509.4138826,14036583
5/21/2021,509.3658752,511.620353,500.779735,501.9789456,10492773
5/24/2021,505.3845825,511.3325545,504.617083,509.4138654,6386039
5/25/2021,504.7130737,509.2220295,503.1781342,508.3586074,9412913
5/26/2021,504.3772888,509.221973,503.6577506,507.4951289,6908901
5/27/2021,498.6691589,505.5764459,497.613862,504.7130239,22783169
5/28/2021,502.3146667,507.0154672,499.2447581,501.0195337,10248988
5/31/2021,513.1552734,514.2105404,503.7536142,504.1373639,12803471
6/1/2021,511.2366028,516.5130578,508.7423187,515.6016744,8435896
6/2/2021,507.9748535,512.8675591,506.5358365,508.3586033,10567595
6/3/2021,510.4211426,511.7162159,507.0154159,508.4544327,6290021
6/4/2021,511.0447388,514.018695,509.6057219,512.2439493,4878809
6/7/2021,514.6422729,519.0072845,511.3325285,512.291873,9674473
6/8/2021,524.5715332,525.7227825,512.2918991,516.2251998,12822963
6/9/2021,518.0479736,529.0804958,513.5869797,527.5454968,12674395
6/10/2021,522.9887085,525.5789153,518.3838301,521.7894978,7018193
6/11/2021,518.8634033,527.4015814,518.0959039,523.3243374,7777365
6/14/2021,517.4244385,518.8634554,507.7829715,518.8634554,5714387
6/15/2021,520.4463501,521.5496381,516.5130492,519.0073332,7264778
6/16/2021,514.9299927,521.6934245,513.1552473,521.6934245,10045600
6/17/2021,507.1594238,519.2472137,505.6244247,517.5683308,10214732
6/18/2021,516.8487549,519.870732,497.9016702,509.7975546,15000348
6/21/2021,517.6642456,519.8707621,511.3325831,513.2512724,5742834
6/22/2021,514.5943604,526.6821499,513.7309383,525.7707666,9114558
6/23/2021,512.3399048,517.2805118,511.0447716,516.1293221,4767421
6/24/2021,507.2553101,513.6829543,505.960177,513.2512433,6419922
6/25/2021,513.347168,514.1146675,507.830907,509.7016348,5504204
6/28/2021,509.6057434,515.169966,508.8862051,515.169966,5265796
6/29/2021,503.6097717,510.6130107,502.6983884,509.6536662,8713975
6/30/2021,504.281311,508.8382276,503.0341989,505.5764441,5760552
7/1/2021,501.4032593,509.4138638,500.7797032,507.4951151,6575188
7/2/2021,503.6577148,511.3325305,498.8609923,504.2333096,13309063
7/5/2021,502.6504517,507.0154636,502.0268956,506.5357913,6373586
7/6/2021,504.7130737,506.2480729,499.9163503,502.2187895,10494366
7/7/2021,508.0707397,509.0300842,501.9308634,501.9308634,6669192
7/8/2021,503.9455566,511.1406406,502.2666739,508.4544521,5400962
7/9/2021,514.4503784,515.6495889,501.7390337,504.137395,7303645
7/12/2021,508.1187439,517.0406723,507.1593993,517.0406723,8932790
7/13/2021,508.502533,513.7309672,506.7277275,511.8602392,8138019
7/14/2021,508.502533,509.7976065,505.2407492,507.4951674,6666859
7/15/2021,504.0894165,510.8528488,503.6577055,510.8528488,6886797
7/16/2021,519.1512451,521.3098004,504.5691707,505.5764766,11251138
7/19/2021,516.5609741,522.5569072,507.78293,517.0886076,9130551
7/20/2021,504.3772888,514.9780404,501.7390614,514.6423116,7646460
7/22/2021,524.475647,525.7228188,502.3626402,509.5098232,20220601
7/23/2021,526.0106201,537.8586044,511.0927567,525.4350252,33200836
7/26/2021,521.9333496,531.3350105,520.0626216,522.844733,5214592
7/27/2021,518.5756226,523.6122115,514.3544944,523.6122115,5835018
7/28/2021,544.8137817,547.4999705,515.9854227,517.5683234,32532037
7/29/2021,544.0942993,553.2560939,542.0317263,550.7617502,15844335
7/30/2021,538.8178711,545.3893991,535.1243767,542.8950556,10125413
8/2/2021,542.1755981,546.780476,537.2349318,542.9910589,6372299
8/3/2021,556.6137695,558.3406136,539.2495855,544.9097303,21680353
8/4/2021,551.0496216,563.0414897,547.1162607,551.6252165,21816567
8/5/2021,574.3616943,593.8364718,554.0234948,554.0234948,72423461
8/6/2021,583.1876831,591.8698045,564.5763282,570.3323952,29055626
8/9/2021,574.8892822,587.7925308,573.2584205,585.2022649,10078649
8/10/2021,596.9064331,602.470656,574.0739466,577.7194802,34514358
8/11/2021,595.6113281,603.6698348,588.7519724,596.9064016,18731287
8/12/2021,597.817688,603.3819097,591.9177375,597.6738042,8430316
8/13/2021,611.152771,612.8315943,592.9731242,597.8178088,21079044
8/16/2021,608.2747192,617.8202042,606.3080091,612.7836151,10506327
8/17/2021,600.8877563,612.0641635,597.6739338,608.2747461,11311229
8/18/2021,597.6259155,608.2267268,595.6113039,600.455988,7136872
8/20/2021,588.7519531,607.2673871,582.3243086,594.3161756,12770173
8/23/2021,597.3380737,604.8689463,582.8998846,593.2608296,12790616
8/24/2021,594.8917847,602.4226577,591.9657896,602.4226577,5885050
8/25/2021,587.5527954,597.0503792,586.1617397,597.0503792,8127668
8/26/2021,563.0415039,586.6414312,560.54716,585.2024142,26316897
8/27/2021,570.9560547,580.7893664,561.2666267,564.8641987,16444274
8/30/2021,595.2276001,599.5926123,566.1113528,571.7714982,40506274
8/31/2021,637.0550537,640.9404527,599.5925366,600.5998424,60781970
9/1/2021,639.3095703,645.9291195,627.4136855,640.8445694,30796359
9/2/2021,639.4055176,646.3607356,637.0550579,642.7152622,18951106
9/3/2021,631.6826782,642.3794105,627.4135895,640.8444713,7920313
9/6/2021,627.9892578,638.6859913,626.8380682,637.3908583,10223448
9/7/2021,643.2908325,652.8363162,621.6575008,631.2030441,28185127
9/8/2021,640.7006226,656.0022342,637.9664726,650.4380118,20876941
9/9/2021,658.2566528,660.2233031,639.9331253,640.7005651,19784500
9/13/2021,665.1160889,668.6656401,657.9689059,663.868917,19704664
9/14/2021,665.9794922,671.2558874,661.0867871,666.7469321,11694600
9/15/2021,696.0070801,705.0728926,667.8502382,668.6656394,56796797
9/16/2021,689.3875732,707.0395852,686.3176348,705.120896,45001991
9/17/2021,698.5493164,704.8810385,691.6900204,691.6900204,26649321
9/20/2021,695.4794312,703.8737261,691.0184371,695.5273924,14330899
9/21/2021,697.1102295,710.6370347,692.6492955,693.5127174,14216876
9/22/2021,697.2062988,702.2908492,694.6639938,697.4461052,16348622
9/23/2021,697.2542114,710.0135179,693.8005233,703.5858736,26497345
9/24/2021,709.3421021,722.3892376,698.405501,699.4128069,72175065
9/27/2021,706.1913452,715.3296956,701.8909977,714.4500478,11282248
9/28/2021,680.3890991,710.3451434,670.4688726,707.9995155,21944239
9/29/2021,678.385376,686.1065418,673.547493,681.2197431,16729859
9/30/2021,672.7168579,693.7300973,671.2508179,680.0470577,13911568
10/1/2021,660.5975342,671.7882565,652.5343156,671.7882565,14952128
10/4/2021,665.9730225,670.6643378,654.5379003,659.7178956,8917898
10/5/2021,683.4189453,687.523869,664.9957341,668.9051739,25598885
10/6/2021,675.7466431,691.9219371,672.6190795,689.7717334,10406502
10/7/2021,676.8217163,686.3021191,675.6488725,679.9981359,8121590
10/8/2021,679.7537842,683.7120797,673.303233,679.4117321,6297352
10/11/2021,675.2090454,680.2913287,669.491514,677.4081051,8792050
10/12/2021,670.8109131,682.5881471,668.7096252,675.3556603,8579567
10/13/2021,674.2805786,681.0243257,667.634484,673.4009309,7062149
10/14/2021,670.2734375,678.287801,666.4128538,677.310441,9820591
10/18/2021,665.1911621,686.057833,664.2627179,684.1519691,8574445
10/19/2021,665.6797485,683.1745131,660.1577014,683.1745131,7328862
10/20/2021,692.4105835,697.7372065,665.973012,667.9277317,21217306
10/21/2021,680.2913208,696.2222746,673.5964296,694.8540066,8908979
10/22/2021,678.7764282,689.3319029,668.7584896,682.6858677,6587256
10/25/2021,675.4533691,688.0613351,659.7178994,677.3103767,9540441
10/26/2021,680.4379272,693.7788532,673.4009245,679.2650835,10953878
10/27/2021,686.4486694,698.4702434,678.2877385,683.5655056,11878571
10/28/2021,674.1339722,690.0649262,668.9051207,686.8396505,8884507
10/29/2021,669.8336182,685.1293252,661.7215425,676.5285696,8602343
11/1/2021,696.3689575,706.435753,673.987391,674.3295028,17121001
11/2/2021,697.7860718,706.7288785,693.4856646,696.3688881,7725455
11/3/2021,683.2722778,715.9161221,680.242486,709.3189429,23261507
11/4/2021,685.2269287,688.8431719,683.3699809,688.061296,1064714
11/8/2021,692.9481201,698.714567,688.061321,691.4332243,7565546
11/9/2021,697.0531006,700.2295203,689.1853652,695.5870607,5278131
11/10/2021,718.7993164,721.2915721,691.3354687,701.2556951,15180490
11/11/2021,712.1043701,721.8779687,707.8528786,718.3594971,7421118
11/12/2021,726.6671143,728.1331542,708.8302954,716.4048349,9207508
11/15/2021,720.8517456,729.1104483,719.5323337,723.2462892,5454742
11/16/2021,713.7659912,725.2499711,710.5895712,724.5658072,4639931
11/17/2021,703.7479248,715.7694386,700.0339694,708.146044,8002927
11/18/2021,698.1769409,707.0709508,691.9707301,704.2854396,4469597
11/22/2021,725.2987671,738.8352377,716.5025279,723.2463351,36884348
11/23/2021,741.7185059,743.7709379,719.0437426,728.1331784,18240414
11/24/2021,741.7185059,764.1000134,739.1284781,746.7030179,21653712
11/25/2021,747.8269653,751.1010972,735.7565345,741.865034,8483653
11/26/2021,722.0246582,745.7256368,716.5025507,745.7256368,11142921
11/29/2021,722.6110229,737.9067293,710.6383641,734.9746496,15885643
11/30/2021,711.7623291,733.2153903,706.2891377,723.2463076,14272616
12/1/2021,705.8981934,720.7052198,701.9887537,716.4048124,10488561
12/2/2021,715.9650269,719.0437346,697.9816394,707.510899,11507427
12/3/2021,702.0864868,718.0175015,700.0829109,713.4727539,11024093
12/6/2021,681.8062134,705.5561057,678.1411139,701.7443784,8804487
12/7/2021,683.0279541,689.7229053,678.3854945,686.4487138,10238693
12/8/2021,698.9589844,702.7217963,686.3998734,689.0387571,8296393
12/9/2021,697.7860718,707.5596702,694.9028483,700.5715235,9069515
12/10/2021,694.6096802,702.6240431,690.9934367,694.9028762,4251339
12/13/2021,687.1817017,702.1353554,682.5392423,698.812308,9896899
12/14/2021,675.9420166,690.3092177,672.814513,685.1292226,9275631
12/15/2021,669.9313354,679.1673982,668.6118638,676.0886907,7674319
12/16/2021,665.9730225,674.2805811,662.2590073,674.2805811,9633006
12/17/2021,650.97052,670.175665,646.1325768,665.5820618,13850460
12/20/2021,643.3471069,646.1814743,630.4948013,644.2267546,11812939
12/21/2021,651.8990479,655.7107753,644.2756526,648.9181121,8084499
12/22/2021,669.2471924,670.4688923,651.8990541,651.8990541,8522226
12/23/2021,663.3829956,673.400934,660.2065761,673.400934,5602466
12/24/2021,661.7215576,667.3902335,657.4212095,666.6572135,3756020
12/27/2021,660.4509888,662.9921008,653.511757,659.6691127,3658572
12/28/2021,664.6535645,668.0254679,659.7667651,664.4580805,3892590
12/29/2021,661.526001,668.0254679,659.7179091,664.5558524,3847574
12/30/2021,663.9693604,670.273343,658.9359931,662.1612686,5701612
12/31/2021,668.3186646,678.3854592,664.604709,665.0933889,4598628
1/3/2022,675.6488647,676.9194206,667.6345019,672.2281052,2939833
1/4/2022,681.659668,687.3283434,674.7692927,676.5773846,6473875
1/5/2022,684.1519165,686.8396562,676.0886975,685.0315643,4586105
1/6/2022,694.3164673,704.187778,684.1519009,686.1066206,21642414
1/7/2022,688.7454834,698.9589055,685.569064,697.7372058,4315015
1/10/2022,688.9898682,695.2449357,687.7193122,689.429692,3565324
1/11/2022,687.5238037,693.485675,678.8741332,687.0839798,10642484
1/12/2022,713.6682129,716.1116126,688.2568554,691.9219551,12366953
1/13/2022,715.2319336,718.9948048,709.7098862,712.4953379,5829874
1/14/2022,704.2854614,714.3523153,702.1841736,713.4238115,5344096
1/17/2022,712.1043701,718.1151571,703.2592753,703.6990992,4340924
1/18/2022,698.1769409,714.1568092,696.4177052,710.5405661,4312058
1/19/2022,687.7680664,698.8122196,685.8133469,697.8348599,5879490
1/20/2022,699.2032471,703.3570264,689.2830209,690.0160408,4812496
1/21/2022,679.5094604,697.8349583,673.7430133,693.5345509,6704622
1/24/2022,674.2805786,690.993408,662.0146649,674.6714868,11091633
1/25/2022,695.7335815,704.138912,666.7060419,668.5141337,14128764
1/27/2022,691.2377319,699.7896303,685.617913,690.5047121,8937312
1/28/2022,699.5941772,736.9293359,685.764571,698.7145892,21450677
1/31/2022,712.7885132,718.3594762,703.2592548,711.5179573,10745370
2/1/2022,706.6800537,718.3595163,702.0375943,716.4047965,4814511
2/2/2022,708.6347656,715.1830887,704.1877901,709.6609816,3286577
2/3/2022,705.3118286,712.4954004,702.2331209,709.5633205,3651578
2/4/2022,703.8945313,706.8754667,700.2782881,704.7741193,3284198
2/7/2022,690.5048218,703.7968936,683.663302,701.7444615,6833983
2/8/2022,692.8504028,698.5190779,685.1292364,695.0983185,7167684
2/9/2022,703.0637817,709.6609607,686.2532401,691.0911236,10185173
2/10/2022,707.6574097,710.4917772,692.5571876,706.5823377,6074014
2/11/2022,698.9589844,708.9769238,694.8052046,705.36068,5646980
2/14/2022,674.085083,688.0613166,669.4914799,688.0613166,7441445
2/15/2022,695.4404297,696.9553256,671.0552881,680.2424951,4650249
2/16/2022,705.458313,711.7134398,691.9707593,701.1579655,5433910
2/17/2022,700.7670288,711.0293075,698.8123091,708.0483718,5107708
2/18/2022,696.4177856,703.259305,695.2449418,695.9291057,4099366
2/21/2022,693.8766479,700.3271992,687.083985,692.0196403,4307430
2/22/2022,683.4189453,686.5953652,671.9349659,678.4832895,9148804
2/23/2022,688.4523315,692.8993071,683.6632442,684.2496363,4124469
2/24/2022,655.7106934,672.9610575,630.8368753,666.5593629,14139461
2/25/2022,673.0588989,679.4117381,662.1613125,662.1613125,6452099
2/28/2022,670.9575195,674.3782789,651.361467,665.5820405,8301523
3/2/2022,658.9848633,668.5141216,650.9216447,668.5141216,10220908
3/3/2022,656.8347168,664.4092561,653.4628132,659.7179405,6517030
3/4/2022,638.9001465,652.8275244,635.2839031,649.9443009,7094874
3/7/2022,660.1088867,663.9694105,624.5329632,625.5103231,12615451
3/8/2022,667.5368042,671.2996159,652.485438,659.7179251,8462985
3/9/2022,675.8443604,682.1971996,659.0337584,666.5594414,9896395
3/10/2022,681.9528198,691.4820781,674.9646732,684.1030234,5989327
3/11/2022,679.1184692,686.4975838,675.8443376,680.9266208,3353880
3/14/2022,684.5429688,688.892173,672.5703087,672.5703087,4016137
3/15/2022,687.1817017,693.4368287,679.7537905,683.17455,6006439
3/16/2022,695.880188,699.3009473,689.0386693,693.9254684,3843706
3/17/2022,706.5334473,711.4691025,698.8122807,703.6990799,8168953
3/21/2022,692.1662598,707.9505856,690.7979321,705.6538138,6317305
3/22/2022,702.9660645,704.6764442,689.8694187,692.4594462,3000133
3/23/2022,688.9898682,703.5524948,687.0840044,702.9661027,7974713
3/24/2022,690.3581543,692.8015541,682.050595,682.1972228,3597143
3/25/2022,693.2901611,698.274732,689.8694018,696.1733845,2930336
3/28/2022,716.4536743,720.3142579,694.0232523,699.0566797,7960258
3/29/2022,737.8578491,745.7255842,720.3142274,723.6372749,15833573
3/30/2022,732.531189,752.4693533,727.742102,745.4812066,9938988
3/31/2022,737.8578491,741.8161447,722.953111,735.9519854,7371181
4/1/2022,741.3274536,749.2929603,732.2868749,742.5980095,5920139
4/4/2022,750.4168701,757.4538729,739.0795199,740.6921278,5783224
4/5/2022,749.2440796,756.2810828,743.770888,750.4169234,3990794
4/6/2022,758.0892334,763.024889,745.7256068,746.7029667,7490027
4/7/2022,745.1391602,760.2393218,742.3536488,757.4538702,5818505
4/8/2022,744.8459473,750.9544466,740.4478278,750.9544466,5583587
4/11/2022,740.8876343,747.8757812,738.8840585,739.8614183,4927865
4/12/2022,724.8589478,742.7446209,723.3439923,742.7446209,3904026
4/13/2022,723.8815918,739.3727215,721.2427083,725.2010037,6343030
4/18/2022,712.9840088,723.392915,707.0221376,719.9721556,8950327
4/19/2022,707.119873,722.2689512,700.620406,722.2689512,9957060
4/20/2022,722.6110229,727.6444503,707.5597162,713.5215878,6632292
4/21/2022,719.0925293,727.0580362,713.47271,727.0580362,6111830
4/22/2022,722.0246582,724.1260059,712.4953988,714.4501186,5182247
4/25/2022,722.6110229,726.1784105,712.6419996,713.4238756,3571031
4/26/2022,739.1773071,741.7184788,722.3667043,728.1331518,4987848
4/27/2022,735.4633179,744.308413,729.5014464,733.0199181,4571399
4/28/2022,730.4298096,737.222472,727.7420702,733.9971966,6101866
4/29/2022,722.2689209,743.7708374,718.8970175,734.9745988,7219115
5/2/2022,724.5657959,726.1296077,713.8148361,717.3822239,3938533
5/4/2022,706.0447998,722.611002,700.7670326,720.3142302,6785271
5/5/2022,702.6729126,716.5025194,698.0793091,709.563288,4836692
5/6/2022,694.1699219,707.5109094,691.7265219,695.1472818,5912312
5/9/2022,695.3915405,704.1877793,688.5011654,690.1137734,4819274
5/10/2022,703.3570557,712.0066667,694.0721369,694.9028689,6746893
5/11/2022,706.4846191,718.3595664,700.6693751,703.357115,6919703
5/12/2022,689.4297485,706.4357763,685.3736808,699.0567204,6754953
5/13/2022,674.2805786,696.8575671,669.2471516,696.8575671,11938252
5/16/2022,677.5058594,682.1971747,664.2626453,670.3222287,5412233
5/17/2022,691.0422974,693.925521,675.2090552,679.2651226,4847812
5/18/2022,680.3890991,710.6872552,673.5964361,704.6764681,18992703
5/19/2022,658.9848633,677.31036,652.7297365,669.4914814,7322668
5/20/2022,672.3258667,675.8443383,667.5367796,672.9122587,5577407
5/23/2022,670.3222656,678.1900606,664.2137662,666.3639699,3788601
5/24/2022,662.845459,673.6452733,660.5486276,673.6452733,4053608
5/25/2022,672.6190796,674.2806033,664.1648928,665.8264165,4188088
5/26/2022,677.9456787,679.7537706,660.5975415,674.3782914,5780597
5/27/2022,668.9051514,684.1519422,660.6953042,681.2687185,7131633
5/30/2022,683.2233887,687.8169919,667.5367751,671.8860383,4675033
5/31/2022,684.3474121,690.6024797,676.9194411,681.7085285,44593174
6/1/2022,678.9230347,690.2115289,675.5999874,685.6667818,3749781
6/2/2022,680.1936035,681.1709634,667.5856375,673.3032285,3466993
6/3/2022,670.9575195,684.9337531,669.7358198,681.2686537,6673615
6/6/2022,667.487915,674.1828061,661.1839321,666.7548952,6407024
6/7/2022,669.784668,671.6905315,658.0563502,662.7965811,8349903
6/8/2022,648.2828369,672.2281555,645.4973849,667.0481597,13904149
6/9/2022,661.0372925,664.0182877,640.2683962,645.0574832,6774925
6/10/2022,658.1052856,661.1351372,652.8764339,652.8764339,3221484
6/13/2022,656.1016846,658.1052604,643.1028099,645.1552418,5982102
6/14/2022,666.6082764,673.7919071,653.9514543,653.9514543,8878530
6/15/2022,666.6571045,669.4914718,658.251834,666.5105363,6005970
6/16/2022,639.388855,668.4164558,635.2839315,667.6345201,9525587
6/17/2022,629.0776978,646.7678874,623.5555907,641.1480682,11085830
6/20/2022,626.3900146,632.7917104,619.8416911,630.3483105,3883001
6/21/2022,639.4865723,643.2494437,625.9990175,627.5627695,3515991
6/22/2022,628.2957764,635.6259755,626.9275083,633.9155957,4348884
6/23/2022,645.2529907,649.5533383,633.0848485,633.4758164,4336533
6/24/2022,656.0039673,660.4020868,647.1099565,647.1099565,5621332
6/27/2022,668.465332,671.4462679,656.003993,659.7179488,5284297
6/28/2022,665.7286987,669.3937982,660.9884676,667.5367906,3216376
6/29/2022,672.2280273,673.4985831,659.7178344,661.6725539,5011798
6/30/2022,669.442688,675.9420957,663.6273845,674.1828597,6505666
7/1/2022,658.2030029,670.2733732,650.9216601,669.3448694,4488771
7/4/2022,666.461731,669.9802027,650.970541,655.3198044,4229588
7/5/2022,668.9539185,673.6940896,664.6535115,667.8299308,3494504
7/6/2022,678.2389526,679.2163126,668.7096931,669.0028891,4697006
7/7/2022,671.2507324,680.7311349,669.9313205,676.3330156,3485283
7/8/2022,679.4116821,680.8288061,671.1041239,672.4235358,2732170
7/11/2022,645.5950928,665.5821154,644.0313407,659.7179558,18687521
7/12/2022,647.989563,651.8012902,645.0574835,648.2339029,7416645
7/13/2022,628.9310913,654.8311285,626.4876916,654.8311285,12030163
7/14/2022,627.1229858,637.4341206,614.5150196,635.2839169,11379990
7/15/2022,637.0431519,642.614115,628.6867369,634.2577001,5567877
7/18/2022,648.0385132,654.8311769,634.4532455,642.1254973,8982417
7/19/2022,657.6655273,661.6726792,648.0873522,659.7179594,7836419
7/20/2022,655.4664307,664.6047217,653.071887,664.6047217,4458819
7/21/2022,662.9920654,664.5558771,656.0039779,656.297174,3550107
7/22/2022,663.4807129,666.4617082,659.9133852,664.3115046,2415220
7/25/2022,663.0409546,671.0064017,661.2328031,664.6047065,2913348
7/26/2022,668.6119385,669.8336385,655.0755266,667.1458985,5016687
7/27/2022,659.6201782,668.4652728,654.5378951,668.4652728,6237523
7/28/2022,651.7524414,664.0183562,649.1624734,663.4319044,7374170
7/29/2022,662.6010742,665.2399576,655.8084118,657.5676475,7669970
8/1/2022,681.7443237,685.033008,664.6626509,665.5462085,8812526
8/2/2022,674.2342529,687.4872561,668.6876616,687.1927569,6236599
8/3/2022,680.4682007,684.1004578,674.4306967,675.4124008,5237250
8/4/2022,681.5970459,685.7202145,668.245896,685.4257153,6352142
8/5/2022,690.776062,697.0098586,683.6095747,685.2294103,5811092
8/8/2022,691.4631958,696.8625679,686.2111033,694.9973662,5918607
8/10/2022,702.1638184,704.8635045,693.0830559,700.8385419,12201239
8/11/2022,696.8135376,706.2379326,692.7885749,705.6488742,7142902
8/12/2022,696.7153931,699.4641525,693.7212076,696.8626127,4540159
8/16/2022,691.2177124,702.9000131,687.6836022,701.9183092,6679663
8/17/2022,709.7229614,711.3918703,689.4507486,694.0647697,8812954
8/18/2022,719.7854004,722.5341597,707.7104529,711.7354154,10354897
8/19/2022,718.9018555,724.1048749,712.717132,716.840301,13743828
8/22/2022,714.2878418,720.9634773,711.1464368,718.460084,8118490
8/23/2022,724.1049194,729.0134399,709.3302847,711.7354718,8229797
8/24/2022,725.2338867,740.4012267,704.8635271,709.6247679,14922081
8/25/2022,727.442688,740.2539136,721.7978898,731.1731513,9849958
8/26/2022,717.4783325,727.9335039,714.6805001,727.9335039,5928897
8/29/2022,707.4158936,711.6372688,702.0165214,704.5689878,5878942
8/30/2022,713.3061523,716.7421166,698.7769441,708.7903376,8894800
9/1/2022,721.6015015,732.3511721,713.2079444,713.2079444,11869518
9/2/2022,721.5524292,727.3445067,706.483297,711.7353893,5693707
9/5/2022,726.8536987,728.375328,719.8344908,721.5524729,3660135
9/6/2022,747.3222046,751.0035948,726.8536992,726.8536992,10166270
9/7/2022,739.321228,747.9602708,673.6452691,741.6773415,126794211
9/8/2022,755.7157593,761.8023363,743.1990327,745.1133676,10648073
9/9/2022,751.7398682,760.6242777,748.9420356,758.8572224,4627905
9/12/2022,755.0776978,757.2865319,750.5127499,752.9670101,2654087
9/13/2022,769.9013672,774.4663148,755.9120851,759.8389011,8335652
9/14/2022,769.0178223,773.9754755,761.5568957,761.8023217,6645392
9/15/2022,770.7357788,776.1842839,767.6925204,773.5827443,5485310
9/16/2022,765.3855591,773.5827636,762.2440943,773.5827636,20211162
9/19/2022,768.428833,771.6193711,758.0718674,759.3480707,5760313
9/20/2022,777.6568604,782.3690276,770.6376527,772.3065615,7936714
9/21/2022,765.9254761,782.4180914,764.7474193,777.6568509,9966193
9/22/2022,769.7540894,780.2583342,762.1458833,776.7242238,7721133
9/23/2022,757.2373657,773.5827615,754.635886,773.5827615,9271829
9/26/2022,741.2355957,757.0410661,739.4194673,755.8630093,13144297
9/27/2022,746.684082,751.0036039,743.3463242,744.9660999,5965026
9/28/2022,747.5185547,756.8938163,741.1865516,741.6774037,5546932
9/29/2022,750.6599731,754.9303615,745.4078209,749.9727684,5413233
9/30/2022,785.2650757,794.1985584,747.5185438,751.936212,7469164
10/3/2022,788.6519165,800.6287178,783.4488971,788.7010496,12619046
10/4/2022,793.9040527,801.8067581,792.7259959,798.125368,5772140
10/6/2022,774.1717529,800.923187,772.2574781,795.7201678,6503205
10/7/2022,778.5894165,782.2217333,770.3431389,777.5095661,6025982
10/10/2022,777.8531494,780.2583362,765.4346296,770.5885757,3519416
10/11/2022,766.0236206,782.9089414,761.8023054,782.9089414,3699862
10/12/2022,761.3605347,767.054406,755.1267382,766.0236287,5984299
10/13/2022,754.8322754,764.7474624,753.6051453,760.8206462,2842056
10/14/2022,751.9362183,765.6800748,749.0892526,765.6800748,3608210
10/17/2022,751.9852905,756.8938107,745.9477867,747.0767704,4566333
10/18/2022,768.8215332,771.2266601,754.5868248,755.7648217,4391263
10/19/2022,769.0669556,774.2209017,765.2382859,773.5336969,5219180
10/20/2022,778.3931274,779.4729779,764.0602131,767.6925298,4756732
10/21/2022,782.8598633,788.1610289,775.3007305,775.5461565,4807736
10/24/2022,787.4248047,792.7260306,785.3632501,785.3632501,522406
10/25/2022,787.6210938,791.5969829,784.0869834,791.40069,3184277
10/27/2022,802.1503296,807.157056,789.4863837,791.744291,8159181
10/28/2022,801.9049072,809.3168205,796.4564619,804.0155948,3905093
10/31/2022,816.777771,818.5448263,804.9973224,807.9424345,5487233
11/1/2022,820.2628174,826.0548953,806.0281085,812.8509637,10488759
11/2/2022,795.03302,814.8143811,792.4806134,814.8143811,11729925
11/3/2022,803.6720581,809.3168565,789.4864224,794.9348679,5897840
11/4/2022,801.4631958,806.7643616,794.3949148,800.775991,3768226
11/7/2022,807.6478882,808.9731646,794.1985315,802.0521634,7171570
11/9/2022,804.0646973,810.3967004,799.5488826,809.1204971,3969171
11/10/2022,810.6420898,815.5015367,802.5921049,804.800939,4425290
11/11/2022,811.7710571,821.5880971,808.7277388,815.5505935,4325441
11/14/2022,806.8625488,815.5996786,802.0521752,803.0338792,10406576
11/15/2022,819.9682617,823.4042257,807.5988154,807.5988154,6229710
11/16/2022,825.8094482,828.6072808,812.9000162,822.1771313,3445345
11/17/2022,830.6688843,833.8594224,823.0606781,826.3984358,4545534
11/18/2022,821.9807739,836.2645556,815.8941969,834.3993539,7405949
11/21/2022,835.6264648,837.1971673,819.7228479,821.6862559,5527122
11/22/2022,832.0922852,844.8053639,829.6380252,837.7862163,7601660
11/23/2022,827.8219604,836.2645915,826.2021248,836.2645915,4596816
11/24/2022,832.8286133,835.430153,822.4225742,830.5216327,3455310
11/25/2022,831.3560181,844.2654498,826.202072,836.4118177,2991065
11/28/2022,822.0789795,836.9517596,820.7536431,824.876812,3668846
11/29/2022,820.557251,829.3435136,819.7228266,823.6496425,2680296
11/30/2022,833.2213135,836.4118516,817.3667691,819.52653,6874390
12/1/2022,833.0739746,837.5898489,826.2020467,837.3934961,4506664
12/2/2022,833.1231079,836.3627191,823.747787,835.8227939,3505272
12/5/2022,828.6563721,836.0191525,825.4658339,835.430154,3311316
12/6/2022,818.1030273,829.5399032,814.5198436,829.4417568,5567349
12/7/2022,818.7411499,826.2020765,816.7777419,822.2261872,3771882
12/8/2022,817.3667603,824.8277469,811.1820368,817.7594658,4822179
12/9/2022,819.6246948,821.2935437,808.875024,815.1088205,4615843
12/12/2022,813.2435913,821.6371483,810.2984794,817.3667,3149823
12/13/2022,822.717041,824.6313758,806.9607035,806.9607035,3832999
12/14/2022,814.0289307,826.5947293,812.9981535,825.2694529,7491333
12/15/2022,811.2311401,815.7960881,809.267732,813.8326799,2996482
12/16/2022,807.6969604,817.4649272,804.899128,809.9057944,4309644
12/19/2022,825.0240479,829.5889354,806.9606707,807.6478754,6397169
12/20/2022,813.7835693,824.3859609,806.9607143,824.3859609,2828863
12/21/2022,799.1071167,817.8085673,797.487281,817.7594941,5079337
12/22/2022,801.6594849,809.6113234,794.6894102,804.0155985,3626834
12/23/2022,793.8549805,802.9848159,790.2717368,799.107073,2804496
12/26/2022,796.1619873,800.2851563,786.4922263,790.3208362,6023206
12/27/2022,799.892395,804.4573425,790.2717079,800.0887478,1782053
12/28/2022,789.093689,799.0089356,786.7867085,798.125378,2907741
12/29/2022,805.7335815,809.6603977,746.1932082,792.2842244,6110313
12/30/2022,791.3516235,809.7095016,790.2226998,809.6113551,3113243
1/2/2023,798.6162109,801.2668237,790.8607253,791.4988569,1626846
1/3/2023,802.6411743,803.8192311,793.7076918,795.5238202,1717603
1/4/2023,796.9473267,805.4390906,791.449808,803.9665345,2970216
1/5/2023,792.333252,809.905777,789.0445676,809.905777,5297349
1/6/2023,781.4364014,797.3890917,777.5095853,792.7750708,3199618
1/9/2023,804.4083252,806.4698797,786.3940199,788.0138555,4340729
1/10/2023,778.3439941,810.9856522,775.8406609,810.9856522,8392344
1/11/2023,751.5435181,765.385581,737.8978678,760.8206333,28389020
1/12/2023,743.0518188,755.2249131,739.7630743,751.0035977,12732671
1/13/2023,750.3163452,751.9361808,738.2413982,743.1499181,12279288
1/16/2023,745.2606201,754.046823,740.8429521,752.3779742,5779293
1/17/2023,751.6907959,754.8322608,744.8679408,745.2606464,6594428
1/18/2023,762.3422241,765.7291149,751.985259,754.1450197,5800899
1/19/2023,757.8754883,762.2931563,751.6416918,761.8023043,4169463
1/20/2023,750.463623,761.6550125,744.4261196,761.6550125,6289718
1/23/2023,758.5627441,761.8023556,749.8746272,753.8505766,2685320
1/24/2023,761.4587402,763.3239419,747.0767525,758.8572006,5012125
1/25/2023,762.2931519,766.2199678,753.9486679,760.7715226,6560514
1/27/2023,760.3297119,764.6492333,751.7888755,760.7714907,6745926
1/30/2023,756.1084595,760.7715536,749.0401784,757.4828092,5420851
1/31/2023,756.206604,764.7474411,754.3414023,760.8206249,8537557
2/1/2023,755.0285645,770.2941104,742.7572638,761.7532732,4472974
2/2/2023,763.5203247,766.7108629,751.0526713,751.1017445,2841909
2/3/2023,778.3931274,780.4056087,764.1584194,765.6309754,5493687
2/6/2023,774.8098755,780.111101,764.5510568,775.2516543,2407975
2/7/2023,771.5211792,781.2890858,768.6742137,779.374811,4126502
2/8/2023,760.9187012,766.7107784,751.0035153,763.7656666,9951783
2/9/2023,752.6234131,760.9187641,747.3712606,755.9120976,5913945
2/10/2023,757.826416,759.053546,747.0767452,754.881304,2954992
2/13/2023,754.5376587,765.3364025,752.6724571,756.8937722,3705892
2/14/2023,761.0169678,763.3730215,752.1816316,754.9303909,3502010
2/15/2023,771.0303955,772.7483776,758.0718899,760.8206493,3602838
2/16/2023,770.0977173,776.0370145,766.3181209,775.2025901,3399428
2/17/2023,762.5876465,773.0428179,756.2065706,771.5702619,3093216
2/20/2023,764.8947144,779.2766424,762.8821732,766.9562688,3381774
2/21/2023,764.7964478,773.5827101,763.9129502,768.7232635,2769616
2/22/2023,758.0227661,767.3489541,752.4761146,762.7840065,3261898
2/23/2023,748.9910889,763.2748703,747.9111785,759.8389062,4062194
2/24/2023,743.2481079,761.6059855,741.1865534,761.5078391,4357223
2/27/2023,739.124939,740.5974949,724.9393047,739.2230854,6719439
2/28/2023,728.6697998,743.2480804,726.1173934,741.1865259,10562614
3/1/2023,736.4743652,739.6649033,727.4426763,728.8170859,3744982
3/2/2023,726.5591431,738.0450924,722.3378276,737.2597412,4910541
3/3/2023,750.4146118,751.8871679,729.9460461,731.369529,5759333
3/6/2023,752.5742798,761.7041751,751.1017238,752.6724861,4597345
3/8/2023,752.5252075,755.813952,746.7822629,750.0218742,3546995
3/9/2023,759.249939,780.4547226,756.108474,780.4547226,5240056
3/10/2023,759.5934448,764.6983174,754.1449998,758.8571668,4113931
3/13/2023,751.2980957,763.5693963,749.187468,763.2258238,3447889
3/14/2023,757.6791382,762.538585,750.0218589,750.0218589,3753502
3/15/2023,742.8063965,751.5435266,738.7323007,744.131673,8101060
3/16/2023,732.302124,745.1133495,729.8969372,736.2780133,7465693
3/17/2023,743.3953857,745.5551466,725.6265666,736.2780314,9306857
3/20/2023,740.9901733,745.8986934,735.0999493,741.1374529,3566109
3/21/2023,743.1008301,751.985239,741.3337749,746.0950152,5332221
3/22/2023,742.8554688,749.2365451,739.3704313,747.0767842,2680654
3/23/2023,749.5801392,751.7889733,743.0027098,744.1316935,2454948
3/24/2023,748.5002441,752.9669855,744.9660737,749.5800946,2336818
3/27/2023,747.8129883,755.6175467,745.4568748,749.0401182,2258853
3/28/2023,734.7564087,751.5925972,729.2097568,751.5925972,4166723
3/29/2023,729.9950562,741.0883591,725.3319622,737.2596896,4891868
3/31/2023,735.2963257,739.2231418,728.4734706,738.3887174,5796532
4/3/2023,746.6350098,747.9603462,738.2905253,741.1865642,2120667
4/5/2023,749.4819336,753.9486748,742.1682268,753.9486748,3197932
4/6/2023,751.9362183,754.6359044,745.2115097,748.6474738,1777379
4/10/2023,755.666687,762.0968365,752.4270757,754.8813358,1701065
4/11/2023,759.9862671,761.8023957,754.0960424,761.8023957,3485481
4/12/2023,756.9919434,760.3788342,751.1017193,759.838909,3794841
4/13/2023,753.0160522,757.0410747,751.4453498,755.9120911,4292170
4/17/2023,745.7514648,774.5644532,740.5483857,774.5644532,9083437
4/18/2023,745.8496094,751.0035553,738.7813286,751.0035553,4051481
4/19/2023,750.6599731,752.819674,742.1682097,747.4203021,3429794
4/20/2023,758.1699829,759.5934657,748.6474422,750.0218517,2355441
4/21/2023,751.1999512,761.0660649,750.4636731,755.519413,4524208
4/24/2023,746.3405151,753.3597232,741.8247004,751.1999622,5271105
4/25/2023,758.4645386,762.7840604,747.8130734,750.9545384,5773233
4/26/2023,759.2989502,765.6309528,753.065094,765.6309528,5057352
4/27/2023,772.1102295,774.7608424,757.2373893,757.8755209,4129769
4/28/2023,784.6759644,787.3756502,772.7973704,775.3988499,6572656
5/2/2023,775.7425537,792.038817,774.1227181,785.6086674,6301210
5/3/2023,765.0419312,779.9638442,762.9803767,779.9638442,3908267
5/4/2023,774.6626587,778.1968293,759.4953787,765.0419708,2457671
5/5/2023,772.8955688,776.4788125,765.9745674,774.6626241,1438467
5/8/2023,779.2276001,780.7492294,770.8340423,775.4480634,2489174
5/9/2023,779.0802612,783.7433552,776.0370028,782.3199323,2486331
5/10/2023,781.4855347,782.9580908,773.6319019,782.4181655,2737334
5/11/2023,774.1717529,780.0129037,769.3614393,780.0129037,4808171
5/12/2023,777.4605103,779.1784923,770.1468033,773.0919154,2576010
5/15/2023,782.4671631,787.8174619,775.1043831,778.4912739,7569060
5/16/2023,772.9446411,786.590351,769.6559566,786.1976455,4846217
5/17/2023,777.7550049,783.0562305,769.5578003,773.5827628,6529233
5/18/2023,784.7250977,788.3083414,780.1111366,783.350748,11383252
5/19/2023,791.0079956,793.560402,778.7366956,784.7250661,3432240
5/22/2023,787.1793213,789.2900088,784.8723409,786.3448969,9996762
5/23/2023,785.3141479,794.1494842,783.3507399,794.1494842,6516636
5/24/2023,786.7376099,788.2101659,780.4546803,788.2101659,9104329
5/25/2023,807.6478882,810.3966474,783.252508,784.97049,9570396
5/26/2023,802.9848022,814.1761919,798.518061,812.7527691,6150206
5/29/2023,806.2244263,814.225338,803.0338882,814.225338,3684829
5/30/2023,803.475708,811.2311342,797.929056,806.2244674,5148256
5/31/2023,834.3502808,872.4894584,803.0338982,804.0156022,47342125
6/1/2023,812.8018188,822.6188586,807.9423722,822.6188586,9713155
6/2/2023,821.1954346,823.9441939,811.8201729,817.5631176,6834131
6/5/2023,819.2319946,825.9566431,816.9250142,823.1588107,5298053
6/6/2023,814.2744141,822.9133975,811.0348028,819.2320074,2722174
6/7/2023,828.8035889,831.9941268,812.1146211,813.7344567,4110739
6/8/2023,820.7045898,833.8594481,819.281107,832.1905393,4050621
6/9/2023,818.2503052,824.4350286,813.7835638,823.2078985,3332436
6/12/2023,821.0481567,827.6746591,816.5323421,819.5756007,1569715
6/13/2023,819.0847778,828.5582462,817.5140753,822.7661681,3224345
6/14/2023,812.8018188,818.6920427,804.0155563,816.777708,5108720
6/15/2023,814.5198364,818.5447989,809.1204643,811.8692236,3865201
6/16/2023,822.4715576,824.6313183,805.7825905,807.4514992,4907797
6/19/2023,812.9981689,824.6313371,812.3600374,824.6313371,3017364
6/20/2023,815.9924316,818.4466918,811.721983,812.9491131,2691557
6/21/2023,823.6496582,825.3676402,815.2070277,816.7777302,3022724
6/22/2023,827.380127,828.0673317,819.4283484,821.3917565,4380046
6/23/2023,839.1606445,846.965204,825.9567125,828.5582523,7667340
6/26/2023,836.3627319,841.6638976,830.8651536,841.6638976,4431992
6/27/2023,849.0758057,855.4077485,837.9825026,840.8294682,5533649
6/28/2023,856.2422485,857.6165982,847.7995581,853.5916357,6272649
6/30/2023,862.6724243,866.8446665,851.1864751,863.8995544,5217511
7/3/2023,863.0650635,867.9735833,858.5982625,863.8994879,3333167
7/4/2023,849.321228,857.8129316,837.6879998,857.8129316,7397493
7/5/2023,850.7938232,855.0642118,847.2596528,852.1190997,4284477
7/6/2023,853.7389526,861.8380111,847.6523755,848.5358732,6365222
7/7/2023,854.524292,867.4336641,846.7197329,849.173993,18763997
7/10/2023,869.2007446,873.3238535,849.1739591,851.1373671,4310681
7/11/2023,875.5817871,876.8089171,870.084209,873.7165256,3353977
7/12/2023,873.6674805,879.3122784,866.9427722,873.6674805,3033186
7/13/2023,868.8571167,876.9561747,867.0900615,875.0418399,4228714
7/14/2023,870.2806396,873.9620298,863.5559909,868.8080836,3860080
7/17/2023,862.0342407,880.2448975,859.9726863,869.7897261,5614592
7/18/2023,859.4328613,864.0959558,847.357913,861.0035639,4731911
7/19/2023,854.8187866,860.9544368,851.3337493,859.4328076,6641825
7/20/2023,868.6607666,870.476955,852.1190781,855.0641901,3779959
7/21/2023,869.7897339,875.5818114,858.7946372,862.0342484,7001587
7/24/2023,871.9004517,876.2689866,864.6848911,868.80806,4125577
7/25/2023,867.4827881,878.3306056,863.0159868,871.7531766,3652262
7/26/2023,873.1276245,880.0976994,867.1391937,870.2806587,2845581
7/27/2023,878.7723999,884.9080502,871.9004716,873.0784685,3445446
7/28/2023,878.7232666,883.435494,874.2565252,883.435494,2314339
7/31/2023,873.6184082,881.3738338,869.0534607,877.6433706,4424817
8/1/2023,875.3364258,880.981224,871.9004617,878.1342583,2087412
8/2/2023,862.0342407,874.3546736,856.6348688,867.040967,3328903
8/3/2023,855.7514648,865.9120782,849.2721819,858.9910763,4642067
8/4/2023,873.3730469,876.6126583,850.3520745,853.1008339,7066276
8/7/2023,875.0910034,884.0735594,867.924516,868.9553532,4086452
8/8/2023,869.2007446,877.9378743,864.3412979,875.6799671,3282856
8/9/2023,867.5318604,881.0302907,862.7214867,868.8080636,3185159
8/10/2023,858.7946777,867.7282204,852.3154551,865.8629588,3439922
8/11/2023,858.5480957,861.6546921,853.0746232,859.9781172,2812690
8/14/2023,855.0963745,858.5974203,845.7766452,858.498823,2665905
8/16/2023,845.1356201,861.9505472,841.4373197,858.0056935,3962408
8/17/2023,844.8890991,847.9956355,838.2814568,845.3822059,3013019
8/18/2023,844.4452515,850.1159787,840.5003977,844.8890595,4929835
8/21/2023,859.928772,861.9504974,842.324827,843.8535059,3220142
8/22/2023,865.5502319,867.8185108,854.2580762,858.9918886,3333869
8/23/2023,856.1812744,864.9092398,854.8498501,864.9092398,1860153
8/24/2023,857.4632568,862.6408772,852.2856365,860.9643024,2842728
8/25/2023,861.4574585,863.8736935,849.2283875,857.463306,3124339
8/28/2023,858.3508301,863.6764066,853.9128697,861.9998318,3094455
8/29/2023,843.40979,858.0057377,836.8021476,858.0057377,14064286
8/30/2023,845.9245605,850.7076716,844.6424951,847.9955847,3261665
8/31/2023,844.5932617,847.6504995,835.3721294,843.7056455,12528190
9/1/2023,854.0115356,855.5894531,840.9935063,841.3880157,4427899
9/4/2023,853.3704834,857.4632933,847.8477122,853.8142915,3102649
9/5/2023,853.9622192,855.8359886,846.5656186,851.2007735,2216754
9/6/2023,868.1636353,870.2347195,853.8635411,855.1949653,4235096
9/7/2023,863.232605,871.5168219,861.1122822,868.1636721,4532834
9/8/2023,873.637146,878.3710186,866.0433507,869.6429936,3741470
9/11/2023,878.5189209,879.9982411,871.4181721,875.7575353,2733894
9/12/2023,878.1244507,884.1403285,872.7988742,882.5624111,4106031
9/13/2023,902.5332031,905.3438872,873.3412508,875.8067843,5222561
9/14/2023,902.3359985,907.9080684,897.5528272,907.6122164,5513106
9/15/2023,923.2437134,935.6206797,897.4542085,900.0183393,14003428
9/18/2023,907.5136108,922.8985163,905.3439293,916.5867864,2977375
9/20/2023,898.1445923,906.6260038,892.3259089,898.4404443,5241903
9/21/2023,905.2946167,907.4642983,890.8958647,897.6514627,4896202
9/22/2023,898.8349609,909.63395,891.3397026,905.294647,6112928
9/25/2023,897.8487549,900.7580364,889.6138364,899.4266723,5278045
9/26/2023,900.1170044,908.2532651,895.4817893,897.4542161,5355047
9/27/2023,907.5629272,908.351886,894.9394071,902.336008,4713145
9/28/2023,912.8884888,919.15092,905.9356359,913.2336394,7386917
9/29/2023,913.6281128,923.4902467,909.0914951,919.1508837,5608557
10/3/2023,912.5432739,915.4526156,903.4207997,905.5904813,4338272
10/4/2023,911.5077515,913.1843263,905.6397696,905.6397696,5603669
10/5/2023,916.0443726,916.7840327,906.7247033,912.2967733,7063132
10/6/2023,913.282959,916.3895554,911.5570854,916.3895554,2420855
10/9/2023,911.8036499,915.255397,903.9139422,905.3439637,2248103
10/10/2023,935.2755127,940.8969415,908.3518972,911.8036443,7897875
10/11/2023,942.4255371,943.6090053,934.9303391,935.4234458,5645289
10/12/2023,937.2479248,943.6090136,933.9441338,942.4255454,5544735
10/13/2023,941.0448608,942.7707343,933.2537507,933.2537507,4421671
10/16/2023,933.5003052,945.532121,930.8375169,944.7431623,1881721
10/17/2023,940.5025024,947.0114873,932.9579453,933.5003507,3863410
10/18/2023,939.713501,945.6801408,937.5438795,939.8614571,2334392
10/19/2023,929.9499512,938.1848091,928.3719736,932.7606353,4306963
10/20/2023,932.1689453,934.4372242,924.0819832,924.8709419,3125104
10/23/2023,926.3502808,936.0151605,924.0820019,928.6185597,2180066
10/25/2023,909.8804932,926.6954804,906.3301489,911.85292,6365249
10/26/2023,893.0162354,911.8528872,887.6413603,908.9436059,6595332
10/27/2023,901.9907837,905.7384429,893.9531803,898.193886,3508393
10/30/2023,913.4802246,919.1016534,897.7994064,902.1880684,3686768
10/31/2023,901.7935791,910.8173958,899.8211523,907.6122022,5697563
11/1/2023,900.8566284,901.9414391,883.1047875,890.5506865,4821458
11/2/2023,911.1132813,913.1843656,903.7660391,907.3163835,6611573
11/3/2023,917.9181519,920.8274935,909.4860391,912.2474246,3895154
11/6/2023,926.251709,927.7310292,917.178533,921.3206416,2760800
11/7/2023,924.2299194,926.0050915,919.5947044,923.1450486,3616946
11/8/2023,923.8353882,928.8157537,921.5178108,928.8157537,1808553
11/9/2023,919.4960938,924.3778624,917.7209216,923.835457,3914416
11/10/2023,922.6026611,924.0819813,916.1922739,916.1922739,1345614
11/13/2023,922.1095581,927.3364773,920.9260899,925.0681984,1656368
11/15/2023,936.902771,939.5655593,923.2930375,934.9303441,4816316
11/16/2023,936.4589844,940.7490491,930.2458516,935.916579,5310736
11/17/2023,934.2399292,940.8475709,932.9578638,935.7192493,3249469
11/20/2023,948.1456299,951.0056128,928.9637663,935.9165591,4646962
11/21/2023,957.465332,962.8895062,947.7511533,953.6684342,5704644
11/22/2023,956.3804932,962.8401792,952.6328941,960.8677523,3309732
11/23/2023,963.1854248,967.4754294,950.4139481,956.627081,2749555
11/24/2023,959.7336426,963.6784964,957.6132596,961.5581134,2322104
11/28/2023,971.3216553,974.3788929,957.8105189,960.6212032,5096984
11/29/2023,981.6768799,993.2155289,977.288218,982.1699866,5647918
11/30/2023,1000.710754,1004.162501,979.0140595,981.2823383,9934052
12/1/2023,1000.710754,1008.452506,994.3003673,1001.006606,5544950
12/4/2023,1018.659851,1029.606796,1011.065936,1021.717089,5164902
12/5/2023,1016.884705,1031.529951,1008.008783,1024.478621,4266159
12/6/2023,1010.326294,1020.730894,999.4780065,1014.91221,4121251
12/7/2023,986.2134399,1005.641857,984.2410131,1001.006642,13805235
12/8/2023,986.4599609,990.1582612,977.6333389,984.9313422,6630766
12/11/2023,987.0516968,990.7499972,978.3730305,982.3671829,6195119
12/12/2023,981.5289307,987.0517019,973.3926697,985.4737844,7119331
12/13/2023,986.1148682,988.1858924,977.830651,979.5072259,4153219
12/14/2023,991.3417969,997.2590777,985.3752174,992.1307556,6541673
12/15/2023,978.8661499,996.913844,974.6254441,985.8683015,10119597
12/18/2023,976.5978394,985.0299521,968.6095347,981.2823531,5750263
12/19/2023,974.8226929,984.1917206,972.3078606,981.726187,3912964
12/20/2023,958.1556396,979.9509924,955.6408075,979.2113324,3990591
12/21/2023,964.4181519,968.0177948,946.7649071,954.6546147,4294277
12/22/2023,975.9074707,985.1779009,962.1004829,968.3629742,4605120
12/26/2023,986.0654297,988.6789192,976.0061013,981.2823188,2460643
12/27/2023,1007.121155,1009.931899,984.2409914,986.2134183,4791379
12/28/2023,1022.40741,1027.58503,1008.107375,1009.78395,5288328
12/29/2023,1017.969421,1028.867128,1010.277029,1018.906396,4631749
1/1/2024,999.0834961,1017.722894,993.1169169,1017.722894,3804406
1/2/2024,1007.614258,1011.312498,1001.992829,1003.373552,6865791
1/3/2024,1020.928101,1022.703333,1007.269069,1017.722907,3604276
1/4/2024,1033.453003,1044.202753,1013.383585,1020.97738,4664043
1/5/2024,1032.171021,1048.986009,1024.626463,1039.27183,4008221
1/8/2024,1034.58728,1044.400056,1030.839621,1035.524135,4489695
1/9/2024,1049.824219,1053.177369,1033.601056,1042.427618,3371125
1/10/2024,1048.04895,1058.502909,1040.751067,1052.240357,3111573
1/11/2024,1048.196899,1059.094606,1042.772726,1051.056942,2604325
1/12/2024,1061.510742,1063.680484,1037.101961,1043.512348,3394013
1/15/2024,1087.201782,1089.470001,1059.73576,1063.187508,3312897
1/16/2024,1080.79126,1101.600338,1077.931217,1091.738204,5025540
1/17/2024,1070.288208,1093.66142,1063.927179,1076.945149,4568700
1/18/2024,1072.063354,1080.889917,1060.376629,1060.376629,4407330
1/19/2024,1109.490112,1120.683611,1074.775448,1075.958856,11753391
1/23/2024,1142.035156,1156.38461,1119.352247,1129.214382,18194595
1/24/2024,1173.544678,1177.53889,1124.38196,1124.38196,9546592
1/25/2024,1144.550049,1184.097183,1141.098302,1169.649133,11424697
1/29/2024,1146.12793,1153.623127,1142.03512,1142.03512,4015858
1/30/2024,1142.67627,1164.570161,1138.632818,1146.128017,3902023
1/31/2024,1154.560059,1158.850183,1130.397829,1143.021409,5981966
2/1/2024,1135.328857,1154.066913,1133.109877,1148.98801,3606209
2/2/2024,1134.934448,1158.997959,1129.510274,1139.076496,4969983
2/5/2024,1098.19812,1143.66254,1094.697014,1138.43556,7809331
2/6/2024,1118.415405,1140.161339,1107.517699,1109.490125,9863065
2/7/2024,1118.661865,1132.419493,1116.196332,1123.099825,2770694
2/8/2024,1126.403687,1130.693691,1100.811376,1128.622667,6519392
2/9/2024,1104.805664,1130.151303,1100.86081,1130.151303,4203171
2/12/2024,1103.276978,1113.435025,1095.979094,1107.419146,3887976
2/13/2024,1102.438721,1109.490171,1088.582493,1095.683182,3211554
2/14/2024,1100.466187,1105.693166,1089.469883,1094.696862,4653070
2/15/2024,1105.24939,1115.851184,1094.10525,1106.827428,5056712
2/16/2024,1104.559082,1111.511935,1101.452486,1108.503936,3091952
2/19/2024,1126.453003,1129.214449,1102.931835,1105.594684,4711035
2/20/2024,1128.178833,1135.72339,1119.352271,1129.214405,5397418
2/21/2024,1124.184692,1143.169301,1116.985286,1139.076491,4570259
2/22/2024,1119.894653,1123.050488,1082.517142,1121.916319,8642368
2/23/2024,1110.229736,1116.245614,1099.923854,1111.462503,6709844
2/26/2024,1094.746216,1110.377674,1089.124727,1102.685161,3186134
2/27/2024,1111.955688,1115.407436,1086.116944,1097.655593,7149094
2/28/2024,1113.188354,1136.758878,1108.010734,1117.774271,5302711
2/29/2024,1107.862793,1122.261484,1083.848521,1103.424833,13818650
3/1/2024,1113.13916,1125.023081,1101.99502,1112.448859,5927490
3/4/2024,1117.872925,1133.405786,1116.393605,1116.393605,5855090
3/5/2024,1152.784912,1163.485304,1117.429184,1117.429184,5375008
3/6/2024,1177.24292,1180.102963,1141.394086,1157.765205,5464839
3/7/2024,1183.160278,1196.86867,1173.05159,1193.170369,8903981
3/11/2024,1180.102905,1201.503808,1169.649068,1169.649068,6679208
3/12/2024,1187.647583,1191.345884,1181.286554,1183.456176,4249548
3/13/2024,1152.636963,1195.290694,1135.821976,1195.290694,7528096
3/14/2024,1178.130493,1183.160157,1147.50864,1157.765163,8569080
3/15/2024,1203.18042,1205.941866,1171.473633,1173.594016,10115416
3/18/2024,1208.407349,1213.584969,1198.446497,1208.111436,4141080
3/19/2024,1211.415283,1223.299204,1197.854848,1199.432766,7703719
3/20/2024,1214.817749,1221.918438,1206.780086,1211.316643,6596032
3/21/2024,1203.969482,1225.764777,1197.36178,1220.932306,9952250
3/22/2024,1219.05835,1227.835673,1205.152765,1210.034473,7840007
3/26/2024,1196.375488,1216.987373,1193.318251,1208.111452,10898138
3/27/2024,1207.914307,1211.316695,1193.860765,1193.860765,5779169
3/28/2024,1211.661865,1221.425403,1203.476366,1210.034589,10518377
4/1/2024,1200.566895,1214.916348,1191.345823,1211.070092,5461473
4/2/2024,1191.592407,1210.82357,1186.611981,1208.111483,3625577
4/3/2024,1208.801758,1223.496362,1173.051521,1178.525054,9532291
4/4/2024,1190.21167,1216.001176,1184.738258,1214.965603,7327626
4/5/2024,1174.5802,1194.64962,1172.558415,1189.274804,4227519
4/8/2024,1188.091309,1193.860754,1166.789122,1171.621592,4827733
4/9/2024,1187.844727,1198.199968,1181.77961,1198.199968,3372798
4/10/2024,1212.450806,1213.732811,1192.085474,1196.523435,6442196
4/12/2024,1208.653931,1214.867003,1202.73665,1209.196276,7877073
4/15/2024,1207.667725,1217.973607,1193.663421,1193.909975,4281602
4/16/2024,1199.679321,1216.938057,1195.340078,1207.026684,5235632
4/18/2024,1248.299683,1264.177695,1199.038369,1203.180417,19939924
4/19/2024,1271.229126,1278.625727,1236.070593,1262.353205,13103862
4/22/2024,1279.661255,1287.403006,1270.489422,1286.022283,7894656
4/23/2024,1323.843506,1332.374276,1284.148417,1291.939527,12074766
4/24/2024,1317.975586,1335.332917,1315.164902,1333.360491,6277492
4/25/2024,1320.243896,1325.273681,1306.091758,1312.650101,8512627
4/26/2024,1307.718994,1327.14735,1303.77414,1319.553555,5289771
4/29/2024,1314.080078,1327.443319,1301.801769,1306.239729,3195888
4/30/2024,1304.070068,1316.397736,1301.75237,1304.908326,5272565
5/2/2024,1286.071655,1301.703114,1275.765653,1297.117197,7995432
5/3/2024,1259.789063,1292.432703,1240.804454,1287.994743,11290875
5/6/2024,1265.706299,1280.548738,1255.64685,1257.422082,5555467
5/7/2024,1268.418457,1276.603956,1253.477299,1268.615652,5767030
5/8/2024,1270.834595,1281.485748,1257.126204,1258.556286,2682816
5/9/2024,1257.865845,1277.442277,1252.540389,1265.311804,4809145
5/10/2024,1283.211548,1290.460192,1254.216851,1257.471403,5532513
5/13/2024,1268.221191,1284.937582,1263.733992,1283.211709,3703942
5/14/2024,1266.593994,1281.9789,1263.043529,1272.757828,3262908
5/15/2024,1291.840942,1300.0758,1262.846245,1263.881817,6891004
5/16/2024,1326.555786,1338.143795,1303.083977,1309.691559,11932181
5/17/2024,1325.914673,1341.250341,1320.786411,1334.93855,6614017
5/21/2024,1325.766846,1343.962436,1317.334672,1337.305495,5422220
5/22/2024,1329.317017,1332.374254,1311.220025,1323.64629,3026723
5/23/2024,1355.106567,1358.311761,1325.766719,1332.127747,7147341
5/24/2024,1369.357422,1378.479897,1355.106685,1356.536647,5622368
5/27/2024,1365.264526,1387.602284,1359.002095,1376.753937,6553974
5/28/2024,1352.147949,1367.828646,1348.055139,1365.708384,2068963
5/29/2024,1358.114502,1371.083233,1336.812316,1336.812316,4445083
5/30/2024,1358.16394,1367.335654,1344.702102,1359.791217,7100303
5/31/2024,1353.824585,1368.864341,1319.553666,1360.974633,24825643
6/3/2024,1371.921387,1400.866725,1365.905509,1395.787822,6017122
6/4/2024,1281.781616,1377.740236,1202.243595,1371.921553,19924421
6/5/2024,1325.815918,1330.155281,1262.205156,1307.373776,12175520
6/6/2024,1351.704102,1357.276232,1310.677647,1340.26405,10279789
6/7/2024,1405.600708,1410.926285,1344.356877,1351.704119,12280748
6/10/2024,1406.389771,1416.843609,1401.458703,1401.458703,5318477
6/11/2024,1407.57312,1414.821765,1393.519579,1406.340353,4416792
6/12/2024,1418.569458,1427.889127,1402.494131,1405.354174,4876138
6/13/2024,1406.09375,1435.877346,1400.866771,1429.023211,7990376
6/14/2024,1407.721069,1414.230054,1401.359921,1414.230054,3978442
6/18/2024,1408.657837,1424.0921,1398.450553,1424.0921,8671131
6/19/2024,1373.154175,1415.019005,1369.160083,1414.180627,8640918
6/20/2024,1362.108643,1387.552876,1357.276173,1386.566662,8742855
6/21/2024,1396.527588,1404.318578,1353.923095,1365.856254,43929578
6/24/2024,1400.22583,1404.170684,1370.19556,1382.671183,6195831
6/25/2024,1395.442749,1414.230164,1390.413084,1414.230164,6353748
6/26/2024,1439.37854,1459.546557,1389.525402,1395.442682,9579826
6/27/2024,1455.453857,1468.471827,1420.196727,1443.816491,19675528
6/28/2024,1424.141479,1515.070305,1416.843476,1515.070305,29145832
7/1/2024,1433.954346,1446.577926,1429.269832,1430.009492,6011806
7/2/2024,1399.387573,1453.08697,1397.464505,1441.844112,7792632
7/3/2024,1400.275146,1412.652173,1389.032289,1408.263451,8261388
7/4/2024,1403.43103,1421.23211,1392.040217,1398.450604,9570938
7/5/2024,1409.98938,1413.835637,1397.316561,1402.888691,4881198
7/8/2024,1415.364258,1419.013199,1403.529696,1411.271448,3261797
7/9/2024,1415.758667,1421.774545,1408.460664,1416.202415,2897480
7/10/2024,1425.127686,1428.776627,1406.488229,1421.133473,3416762
7/11/2024,1418.125488,1430.847665,1408.312713,1430.009408,4178558
7/12/2024,1413.490479,1427.642618,1401.853111,1422.119847,6342135
7/15/2024,1417.780396,1420.147332,1406.389703,1413.490391,3324806
7/16/2024,1446.281982,1452.988282,1425.078394,1431.981888,6967651
7/18/2024,1463.195679,1465.463898,1438.934851,1445.788986,6470342
7/19/2024,1441.597534,1459.59593,1431.932594,1459.59593,3858596
7/22/2024,1445.197144,1451.706128,1429.072579,1430.009433,3560584
7/23/2024,1445.493042,1449.733808,1408.75659,1449.733808,2936143
7/24/2024,1435.137695,1455.256473,1416.744912,1445.788848,4529339
7/25/2024,1429.171265,1433.954376,1420.245985,1425.078455,4277756
7/26/2024,1493.521606,1499.044377,1429.171182,1430.255992,9564987
7/29/2024,1460.927246,1503.975487,1456.686601,1503.975487,4589313
7/30/2024,1450.078857,1464.428311,1443.865785,1463.935204,4263689
7/31/2024,1470.986694,1483.41296,1452.840343,1457.475498,5634305
8/1/2024,1484.744385,1490.168559,1464.527009,1464.527009,4531379
8/2/2024,1473.205688,1484.399187,1463.146239,1473.50148,3335905
8/5/2024,1445.493042,1467.485651,1431.488859,1461.56837,5111901
8/6/2024,1423.648438,1472.318046,1411.370008,1462.653106,8249573
8/7/2024,1429.796997,1442.838,1410.805738,1439.962018,5700734
8/8/2024,1439.763794,1454.341874,1418.14448,1423.103027,5986360
8/9/2024,1451.96167,1469.713292,1445.218119,1452.854233,3615910
8/12/2024,1446.507324,1465.250656,1433.0201,1453.845998,4028226
8/13/2024,1447.598145,1466.143183,1438.325686,1455.829381,4495208
8/14/2024,1459.498657,1467.82904,1441.052887,1441.052887,5891784
8/16/2024,1471.250488,1478.638675,1455.928506,1467.729872,7176426
8/19/2024,1457.46582,1476.754521,1452.160199,1474.671955,4404075
8/20/2024,1437.135742,1472.440574,1434.507688,1467.729954,10046892
8/21/2024,1451.317139,1454.441048,1435.697715,1440.953823,6175510
8/22/2024,1474.027222,1487.464932,1452.854251,1461.482074,6781325
8/23/2024,1494.258179,1497.481234,1467.085316,1480.622174,6238112
8/26/2024,1501.001831,1508.092457,1492.522667,1496.489505,4307432
8/27/2024,1510.125488,1513.695618,1489.547518,1505.414869,3965066
8/28/2024,1543.446899,1551.529355,1509.034632,1515.282328,6225319
8/29/2024,1552.917847,1558.669689,1533.133171,1552.025284,8036748
8/30/2024,1575.875854,1595.065407,1548.653359,1562.933999,37820442
9/2/2024,1558.32251,1591.693555,1552.521034,1591.693555,4890314
9/3/2024,1547.661743,1565.909221,1545.678324,1565.909221,4546295
9/4/2024,1548.950928,1553.016912,1529.215887,1545.083237,5213811
9/5/2024,1534.372803,1550.04186,1528.720107,1546.075023,5652812
9/6/2024,1526.48877,1542.703195,1517.513751,1539.926481,5497805
9/9/2024,1529.860596,1533.92658,1510.621408,1510.621408,3912508
9/10/2024,1564.768677,1572.851133,1532.339827,1532.339827,6163457
9/11/2024,1564.719116,1585.64416,1561.396793,1565.36363,5994914
9/12/2024,1633.097412,1639.097302,1576.917052,1582.916942,12204496
9/13/2024,1620.899414,1641.179944,1617.527699,1637.312253,5609618
9/16/2024,1621.891113,1639.246028,1616.585492,1620.899404,3762063
9/17/2024,1647.973145,1652.237544,1624.9159,1636.320559,4223072
9/18/2024,1641.179932,1657.096795,1634.188332,1641.477372,3171195
9/19/2024,1651.047363,1697.508924,1634.039523,1634.039523,8498240
9/20/2024,1697.558594,1709.112033,1652.187888,1657.146435,21646275
9/23/2024,1735.937744,1739.706288,1704.748531,1704.748531,5001827
9/24/2024,1742.086304,1752.89596,1731.623721,1737.474831,7579205
9/25/2024,1745.805298,1752.251409,1730.532948,1740.995531,4017103
9/26/2024,1756.416504,1764.251032,1731.673403,1755.325648,7417423
9/27/2024,1720.219116,1748.829908,1708.219457,1740.648306,7116861
9/30/2024,1695.376831,1718.632368,1690.071089,1699.789889,6907288
10/1/2024,1684.616699,1708.566505,1681.939132,1690.864517,3649090
10/3/2024,1659.57605,1680.947436,1651.196154,1651.196154,7200276
10/4/2024,1627.296021,1672.71624,1616.635144,1656.204374,8576527
10/7/2024,1648.27063,1656.154671,1628.833029,1637.312193,5387707
10/8/2024,1643.70874,1665.575982,1638.303972,1648.816068,5224335
10/9/2024,1664.1875,1690.467799,1647.278928,1652.931623,3414614
10/10/2024,1664.1875,1684.864617,1651.196131,1672.61703,5047657
10/11/2024,1673.410522,1676.23687,1644.898876,1664.187576,2367678
10/14/2024,1681.54248,1695.872754,1665.427202,1672.022094,2069815
10/15/2024,1703.012939,1718.384435,1685.856319,1693.839628,5891334
10/16/2024,1719.574463,1727.805699,1702.864184,1705.740165,3299887
10/17/2024,1687.046509,1723.541343,1680.35247,1722.35134,4373392
10/18/2024,1693.690918,1701.872521,1671.228675,1695.823117,4154915
10/21/2024,1678.517822,1694.78176,1648.221051,1691.410045,3836168
10/22/2024,1678.220215,1698.699038,1673.360815,1677.972287,3070057
10/23/2024,1671.82373,1687.244739,1666.170914,1675.988861,2764757
10/24/2024,1664.534668,1678.964089,1643.659257,1673.013832,3669575
10/25/2024,1652.187866,1670.782418,1642.121992,1667.162654,3434386
10/28/2024,1649.559814,1663.939601,1632.006606,1644.402974,2811651
10/29/2024,1623.527466,1654.121677,1596.652165,1636.816396,6990747
10/30/2024,1619.808594,1637.31229,1604.387585,1614.304679,4622628
10/31/2024,1599.230591,1625.21345,1588.867276,1620.453197,4921681
11/1/2024,1603.048584,1612.866531,1592.040634,1606.569201,279441
11/4/2024,1578.057617,1610.38732,1560.008554,1605.726334,6094029
11/5/2024,1565.314209,1580.685705,1553.016988,1570.123976,6473278
11/6/2024,1585.545044,1597.395923,1553.512782,1569.875987,6631728
11/7/2024,1562.735718,1595.214201,1556.636681,1582.718565,5160994
11/8/2024,1556.884644,1566.40503,1545.926206,1557.9755,3096384
11/11/2024,1547.612183,1568.487593,1538.934725,1548.058403,3664301
11/12/2024,1542.752808,1581.77655,1537.248772,1555.793811,4479934
11/13/2024,1537.595825,1559.463066,1533.529841,1546.967552,5816699
11/14/2024,1537.645386,1555.0003,1523.811088,1537.149531,5139154
11/18/2024,1524.257324,1555.942391,1516.76987,1555.942391,4816078
11/19/2024,1512.852661,1545.083216,1506.704111,1524.257319,6238241
11/21/2024,1512.505615,1529.265528,1498.472903,1525.249057,7356679
11/22/2024,1556.289673,1561.942368,1507.596642,1520.290572,7640321
11/25/2024,1565.661255,1595.908392,1549.595611,1568.834677,12155641
11/26/2024,1564.173706,1591.544862,1553.016975,1576.818001,4030593
11/27/2024,1564.570435,1570.619838,1541.265263,1556.140904,4982785
11/28/2024,1547.463379,1575.330389,1544.041909,1557.975474,6714728
11/29/2024,1613.660034,1635.229714,1538.290117,1538.290117,10775801
12/2/2024,1629.973511,1632.551931,1603.792359,1613.65994,3790108
12/3/2024,1607.114746,1639.196522,1599.776072,1639.196522,9131055
12/4/2024,1570.966797,1616.982136,1569.280939,1616.238354,8772014
12/5/2024,1601.957764,1608.602289,1572.206482,1586.735049,10324005
12/6/2024,1584.602905,1611.180767,1581.578264,1604.585875,4296866
12/9/2024,1589.263916,1592.586118,1575.875839,1582.669024,4264409
12/10/2024,1565.562134,1598.486839,1557.033457,1597.197689,14645786
12/11/2024,1572.851074,1574.834493,1558.173727,1574.834493,3853182
12/12/2024,1597.197632,1604.486672,1565.413297,1565.413297,13120939
12/13/2024,1667.807251,1671.030306,1593.478681,1604.585778,12900707
12/16/2024,1648.766479,1673.013725,1646.386353,1667.807251,4375126
12/17/2024,1601.908203,1644.89878,1595.164531,1636.816325,6182486
12/18/2024,1588.619385,1609.54443,1582.867422,1607.957719,3905144
12/19/2024,1587.032593,1596.404198,1572.305611,1573.247808,5865855
12/20/2024,1565.016602,1608.85023,1560.355616,1596.652156,9738879
12/23/2024,1573.743652,1594.123208,1565.264489,1572.85109,4363599
12/24/2024,1570.768555,1585.545049,1561.942317,1576.817958,3610076
12/26/2024,1586.239258,1593.528298,1567.99178,1570.768615,3400479
12/27/2024,1586.586304,1614.949169,1583.065808,1586.23923,2559578
12/30/2024,1573.743652,1599.676877,1567.991689,1591.693568,4438130
12/31/2024,1574.58667,1583.958276,1550.388935,1569.87605,2249626
1/1/2025,1582.470703,1593.230847,1570.917385,1579.793136,1405565
1/2/2025,1596.354614,1606.172562,1575.231276,1586.635935,3728040
1/3/2025,1585.594604,1603.594155,1580.09069,1601.610736,3669685
1/6/2025,1575.280762,1596.503367,1554.10779,1582.916997,4584188
1/7/2025,1577.660889,1589.710182,1570.917337,1580.784798,2830856
1/8/2025,1585.94165,1600.07351,1564.768679,1585.49543,3674564
1/9/2025,1593.726685,1606.767567,1579.198117,1586.735085,4684859
1/10/2025,1602.503296,1611.527828,1578.603123,1594.668767,4145892
1/13/2025,1583.958252,1601.313167,1565.016626,1566.900898,3705039
1/14/2025,1586.834229,1619.858201,1565.413329,1591.396068,7284572
1/15/2025,1594.123291,1600.470256,1579.793138,1594.718414,2960985
1/16/2025,1616.684692,1621.444946,1587.280604,1605.627229,5299325
1/17/2025,1614.00708,1625.411738,1609.544388,1616.5855,2678801
1/20/2025,1627.543945,1631.362002,1604.684995,1624.420036,3933044
1/21/2025,1612.668335,1642.964986,1606.866859,1640.287419,7958844
1/22/2025,1618.221802,1627.395114,1609.098124,1614.007037,3262136
1/23/2025,1622.436646,1631.758738,1603.79246,1611.031987,2457080
1/24/2025,1631.163696,1648.121903,1620.50282,1620.50282,3620058
1/27/2025,1589.313477,1633.543692,1580.487239,1625.362089,6622807
1/28/2025,1604.932861,1616.783861,1583.75989,1594.321619,5216471
1/29/2025,1587.181274,1613.412061,1579.941868,1606.569242,5009227
1/30/2025,1627.147217,1631.312348,1581.974805,1593.379463,4283637
1/31/2025,1612.817017,1625.510824,1561.198495,1625.510824,8340866
2/1/2025,1609.792358,1630.370329,1595.858792,1613.511269,2741589
2/3/2025,1638.651001,1647.229311,1594.76786,1606.470079,4146970
2/4/2025,1647.675537,1654.468843,1615.544249,1648.369806,6385876
2/5/2025,1646.683838,1661.311552,1635.42796,1656.154711,3920893
2/6/2025,1606.321289,1653.477119,1599.875178,1652.088702,5229162
2/7/2025,1662.848755,1693.393453,1621.444887,1621.494521,14873255
2/10/2025,1679.013672,1685.906004,1664.138031,1684.765514,6782878
2/11/2025,1682.682983,1692.500931,1672.2204,1691.856296,8965266
2/12/2025,1697.360352,1699.49243,1670.534563,1689.872897,7148192
2/13/2025,1700.384888,1714.070526,1689.773646,1695.823049,5356002
2/14/2025,1702.814697,1709.806176,1691.112478,1699.789935,5125863
2/17/2025,1661.658691,1702.66585,1652.435746,1697.558522,4906462
2/18/2025,1655.063843,1681.889509,1642.072474,1677.972306,7529598
2/19/2025,1631.560303,1659.576094,1624.866264,1656.154745,7776555
2/20/2025,1629.87439,1636.122207,1613.759112,1626.254626,5524503
2/21/2025,1625.659668,1644.948368,1615.69294,1629.874433,5447583
2/24/2025,1588.024292,1623.973757,1584.751603,1613.511175,4673190
2/25/2025,1627.79187,1635.477618,1583.759948,1583.759948,6286808
2/27/2025,1636.717285,1642.270834,1625.064699,1629.775319,7568745
2/28/2025,1557.182129,1634.783393,1546.570886,1628.337282,13640211
3/3/2025,1582.569946,1589.462278,1559.710996,1565.90918,6993525
3/4/2025,1562.289429,1577.313851,1555.000389,1575.826287,5219668
3/5/2025,1604.83374,1612.618635,1564.024874,1564.917437,6295425
3/6/2025,1613.412109,1618.221876,1577.264228,1604.585871,5174009
3/7/2025,1617.180542,1628.783615,1602.205754,1615.494684,3035558
3/10/2025,1617.428467,1641.179981,1613.114555,1626.403486,3778450
3/11/2025,1649.163086,1662.50165,1610.585687,1616.48631,6078564
3/12/2025,1629.229736,1702.417937,1620.453132,1675.988858,9907628
3/13/2025,1618.965576,1643.163309,1616.089595,1637.113906,8317331
3/17/2025,1625.560547,1634.733859,1598.833905,1598.833905,6405522
3/18/2025,1625.560547,1625.560547,1625.560547,1625.560547,0
3/19/2025,1623.577026,1628.436427,1614.007007,1621.444827,6283464
3/20/2025,1691.112427,1695.475972,1632.452792,1646.237577,12074465
3/21/2025,1711.492188,1717.045736,1677.97236,1695.476056,14715349
3/24/2025,1704.550171,1725.574362,1700.632846,1725.574362,4120999
3/25/2025,1716.153076,1726.07017,1691.955343,1710.698675,4857399
3/26/2025,1724.136475,1750.367141,1711.839253,1724.731476,7142394
3/27/2025,1710.401123,1731.921289,1699.046099,1725.524691,6222339
3/28/2025,1719.029175,1731.276762,1646.237677,1718.930028,4133264
4/1/2025,1709.855835,1750.367141,1694.285924,1700.781669,6773056
4/2/2025,1740.053345,1745.805308,1702.71546,1705.740223,6431226
4/3/2025,1731.524658,1740.400409,1721.062075,1733.508077,2341989
4/4/2025,1728.995728,1756.119077,1725.574378,1739.954165,7817334
4/7/2025,1672.666748,1760.036325,1655.55976,1715.657328,14870388
4/8/2025,1706.136841,1727.8553,1692.649617,1706.434281,7206935
4/9/2025,1701.327148,1712.533392,1697.409824,1705.393133,5600666
4/11/2025,1742.036743,1752.350545,1717.98779,1745.408579,8340002
4/15/2025,1783.886963,1804.911154,1766.333633,1793.208935,10313411
4/16/2025,1807.489502,1811.357193,1779.225784,1787.457021,6180958
4/17/2025,1873.438232,1881.966909,1810.563831,1818.795068,10894325
4/21/2025,1867.785522,1888.512273,1853.108175,1882.661164,3501123
4/22/2025,1836.844116,1872.347361,1821.571888,1872.347361,6155127
4/23/2025,1866.000366,1870.264765,1820.877589,1851.521433,6855027
4/24/2025,1830.298828,1862.231943,1824.249425,1858.959254,5180688
4/25/2025,1802.134277,1846.265346,1791.02718,1831.389705,4570083
4/28/2025,1806.696289,1823.654496,1798.365906,1820.778515,3301891
4/29/2025,1808.679688,1832.480714,1802.531016,1808.58042,4684155
4/30/2025,1849.042236,1861.339457,1811.853133,1821.770227,9139821
5/2/2025,1832.877319,1867.983857,1816.910822,1836.645864,3866806
5/5/2025,1850.529785,1857.967606,1833.869018,1852.513204,3548839
5/6/2025,1885.239624,1896.148428,1866.992146,1872.644963,8597920
5/7/2025,1881.074463,1901.106945,1869.868098,1885.239594,5554616
5/8/2025,1859.355957,1889.999801,1846.95959,1881.27271,5500724
5/9/2025,1833.075684,1855.587439,1821.274317,1839.620941,3686209
5/12/2025,1855.290039,1867.785554,1838.629272,1853.405767,3936019
5/13/2025,1805.506104,1868.082942,1801.539266,1854.496572,8817763
5/14/2025,1818.993408,1855.190803,1805.109476,1814.828277,7401614
5/15/2025,1851.719727,1854.397415,1809.869639,1834.563227,8788351
5/16/2025,1798.960815,1818.795003,1795.093125,1818.795003,100662047
5/19/2025,1803.22522,1813.5389,1794.002274,1806.894496,5799804
5/20/2025,1793.903198,1809.770549,1784.581105,1794.795761,12512596
5/21/2025,1807.390381,1811.357218,1790.333028,1797.969142,6849562
5/22/2025,1816.216675,1821.472662,1801.241887,1804.812016,6496923
5/23/2025,1816.514038,1826.5304,1806.398651,1809.869634,3460945
5/26/2025,1832.083984,1834.662405,1815.720779,1818.795054,3254715
5/27/2025,1828.513916,1842.199434,1818.497554,1828.712209,5847725
5/28/2025,1840.711792,1851.521449,1829.802989,1832.67897,3713699
5/29/2025,1848.149658,1851.521494,1835.158289,1842.59611,5786774
5/30/2025,1840.810913,1851.521423,1827.720398,1838.629201,16712960
6/2/2025,1838.728394,1843.587794,1816.315785,1828.712153,3199499
6/3/2025,1826.034546,1854.000702,1816.8116,1851.521429,5596977
6/4/2025,1859.851807,1868.975485,1834.662364,1839.620911,5892170
6/5/2025,1863.223633,1873.33902,1853.108124,1868.380473,8999675
6/6/2025,1854.694946,1866.298019,1851.819086,1856.579218,4644174
6/9/2025,1849.637207,1859.455154,1833.373148,1858.463445,3649505
6/10/2025,1841.703491,1860.050115,1834.95994,1851.12473,7925901
6/11/2025,1844.777832,1851.02565,1832.480732,1842.496973,8907265
6/12/2025,1828.9104,1867.388773,1816.414886,1856.380823,7346031
6/13/2025,1825.141968,1829.307099,1799.952525,1799.952525,4613000
6/16/2025,1845.868774,1854.496598,1823.555313,1826.827881,5722187
6/17/2025,1839.422607,1863.421926,1832.282227,1863.421926,6561555
6/18/2025,1850.430664,1855.488358,1827.81964,1832.282333,5069427
6/19/2025,1861.438599,1863.422017,1848.645523,1856.480051,4712312
6/20/2025,1920.643555,1932.841629,1858.463423,1864.41368,16228526
6/23/2025,1920.246948,1932.841609,1911.123149,1913.999131,2946463
6/24/2025,1917.569336,1946.725617,1913.106643,1934.725958,6837210
6/25/2025,1949.303955,1953.667501,1921.9328,1925.899638,4152765
6/26/2025,1997.600342,2001.666326,1949.998289,1953.667566,9413241
6/27/2025,2010.294067,2022.095433,1991.947444,1993.335861,6405854
6/30/2025,1992.939209,2007.120702,1983.617116,2001.269592,5597484
7/1/2025,2002.657959,2013.96347,1990.261592,1992.344157,3769165
7/2/2025,2016.442749,2028.839116,2001.567108,2020.112025,6513288
7/3/2025,2002.558838,2027.946574,1996.211874,2024.872299,5558647
7/4/2025,2000.476196,2019.616237,1988.476537,2010.194997,2178315
7/7/2025,2017.037842,2019.120407,1993.930964,2001.269638,4165432
7/8/2025,2013.170044,2018.128591,1998.09611,2009.203206,3624619
7/9/2025,2002.955444,2023.781342,1981.931253,2018.128647,2937734
7/10/2025,1948.213135,2011.781684,1946.031422,2011.781684,5695845
7/11/2025,1905.966309,1942.85785,1898.330074,1925.899643,13103980
7/14/2025,1904.974609,1911.519867,1884.446152,1899.1235,5269381
7/15/2025,1918.164307,1926.891398,1907.255503,1908.842335,4163140
7/16/2025,1920.544434,1927.883107,1912.809173,1927.883107,4211258
7/17/2025,1913.900024,1928.775666,1911.619044,1927.585542,6256455
7/18/2025,1901,1916,1891.800049,1915.099976,4643961
7/21/2025,1909.199951,1919.900024,1892.599976,1894.800049,5109654
7/22/2025,1906.800049,1911.300049,1883,1909.199951,4513541
7/23/2025,1943.800049,1949,1907.300049,1920,5194282
7/24/2025,1936.099976,1970.400024,1933.699951,1943.800049,4150685
7/25/2025,1937.900024,1952.699951,1925,1936.099976,3896884
7/28/2025,1890.300049,1930,1885,1930,3575044
7/29/2025,1918.300049,1923.599976,1880,1880,3748040
7/30/2025,1932.599976,1939.199951,1922.099976,1934,5044683
7/31/2025,1914.300049,1926.5,1895.599976,1913,4674966
8/1/2025,1884.400024,1919.699951,1878,1914,5192594
8/4/2025,1914.599976,1919.900024,1878.5,1892,3074380
8/5/2025,1931.800049,1937.599976,1912.099976,1920,5167672
8/6/2025,1929.699951,1964.800049,1921.599976,1930,5461349
8/7/2025,1922.599976,1933.300049,1909.099976,1928.099976,4268534
8/8/2025,1858.599976,1893.800049,1856,1886.300049,93801105
8/11/2025,1857.400024,1866,1845.699951,1863,5266532
8/12/2025,1850.300049,1865,1847.099976,1857.400024,4645011
8/13/2025,1867.400024,1872.5,1851.800049,1853,6697206
8/14/2025,1873.800049,1883,1866.800049,1873,3958631
8/18/2025,1892.300049,1912.599976,1870.300049,1892.5,7146376
8/19/2025,1909.699951,1931.800049,1900,1901.099976,5706265
8/20/2025,1928.400024,1952,1926,1937,6962619
8/21/2025,1929.900024,1940.900024,1927.699951,1930,3376913
8/22/2025,1933.300049,1947.699951,1917.400024,1934,3271920
8/25/2025,1930.699951,1940.099976,1913.199951,1940,2451388
8/26/2025,1904.699951,1925.800049,1896.199951,1922.099976,5984656
8/28/2025,1881.099976,1899.800049,1878.199951,1893,5494113
8/29/2025,1888.800049,1900.099976,1872.5,1872.5,4339042
9/1/2025,1900.599976,1904.800049,1884.199951,1889,3421488
9/2/2025,1887.199951,1917.5,1878,1904.5,4423049
9/3/2025,1883.900024,1892.099976,1870,1891,3803044
9/4/2025,1880.400024,1903.5,1876.599976,1899,5205333
9/5/2025,1895.300049,1910.699951,1875.699951,1887,2620140
9/8/2025,1887.699951,1899,1884.099976,1898,2547552
9/9/2025,1893.699951,1904,1883,1892,4517793
9/10/2025,1891.400024,1905,1883,1904,3566139
9/11/2025,1913,1916,1882.099976,1884,4718266
9/12/2025,1902.599976,1925,1901.599976,1925,3192824
9/15/2025,1904.5,1913,1898.400024,1904,3553258
9/16/2025,1939.5,1942,1902.5,1903.300049,5427586
9/17/2025,1941.300049,1950.099976,1932.599976,1938.099976,4234637
9/18/2025,1941.099976,1949.800049,1920.5,1944.5,5080814
9/19/2025,1962.400024,1976.800049,1927.800049,1930.199951,11287603
9/22/2025,1956.199951,1966,1944,1954,4469137
9/23/2025,1938.699951,1955,1930.099976,1950,4348633
9/24/2025,1931.099976,1937.300049,1918.800049,1926,5237977
9/25/2025,1935.599976,1950,1928.800049,1930,7133365
9/26/2025,1916.599976,1944.699951,1911.900024,1931.099976,3239306
9/29/2025,1902.199951,1928,1897.5,1928,5072608
9/30/2025,1878.400024,1907.599976,1875.199951,1896,5945625
10/1/2025,1867.599976,1877,1855.900024,1868,5675393
10/3/2025,1896.699951,1900.300049,1848.099976,1851.199951,5828332
10/6/2025,1903.099976,1907,1887.5,1892.599976,2809218
10/7/2025,1929,1946,1900,1900,5713060
10/8/2025,1943.5,1962.599976,1927.599976,1929,4957406
10/9/2025,1942,1948.800049,1931.300049,1945,3945737
10/10/2025,1939.900024,1947.599976,1935.400024,1937,2512581
10/13/2025,1954.900024,1965.900024,1936,1937.900024,3672419
10/14/2025,1946.599976,1964,1939.199951,1964,4454239
10/15/2025,1968.5,1976,1951.599976,1957.199951,3447352
10/16/2025,1967.400024,1986.900024,1962,1962.300049,3700674
10/17/2025,2012,2034.300049,1970.300049,1973.599976,6743801
10/20/2025,2051.5,2057,2019.699951,2026,7387180
10/21/2025,2043.5,2058.5,2038.5,2051.800049,240850
10/23/2025,2007.900024,2067,2003.599976,2063.899902,8790128
10/24/2025,2029.300049,2033,2006.900024,2008,3236799
10/27/2025,2080.100098,2094,2030,2030,5796831
10/28/2025,2090.199951,2102.600098,2071.699951,2092,9891522
10/29/2025,2100.600098,2110.399902,2081.600098,2083,2742750
10/30/2025,2066.300049,2088,2058.600098,2070,4222189
10/31/2025,2054.5,2073.800049,2051.699951,2056,4659723
11/3/2025,2074,2081,2047.199951,2055,2979629
11/4/2025,2113.300049,2135.600098,2103.5,2107,12263078
11/6/2025,2094.899902,2123.300049,2080.5,2115,9546299
11/7/2025,2001.199951,2048,1995.599976,2048,70392750
11/10/2025,2019.800049,2028.800049,1992.199951,1995,7457061
11/11/2025,2042.300049,2056.899902,2017.400024,2020.099976,14825625
11/12/2025,2073.800049,2079.800049,2054.899902,2060,8210277
11/13/2025,2091.800049,2107,2079,2099.899902,5958875
11/14/2025,2100.699951,2107.899902,2081.899902,2090,6312655
11/17/2025,2112.199951,2122,2100.899902,2112,5998770
11/18/2025,2149.199951,2159,2110.300049,2122,10972556
11/19/2025,2159.800049,2166.199951,2146.699951,2155,7419461
11/20/2025,2158.300049,2169.300049,2149.899902,2153.100098,7452899
11/21/2025,2162.699951,2174.5,2148.600098,2150.100098,6720938
11/24/2025,2152.100098,2165.800049,2140.399902,2162.100098,9686848
11/25/2025,2161.600098,2170.699951,2138.699951,2159,7102592
11/26/2025,2126.800049,2134.899902,2097.5,2104,43174047
11/27/2025,2115.600098,2136.899902,2103.800049,2132,4444877
11/28/2025,2101.600098,2129.5,2096.399902,2118,6263457
12/1/2025,2089.699951,2119,2083.100098,2114.699951,5058900
12/2/2025,2104,2114.800049,2087.100098,2089.800049,6591396
12/3/2025,2086,2109.899902,2081.600098,2100.100098,4357641
12/4/2025,2103.800049,2108.5,2074.100098,2094.800049,4611819
12/5/2025,2108.800049,2111.899902,2090,2092.600098,2938290
12/8/2025,2086.199951,2114.399902,2078.899902,2114.399902,4327091
12/9/2025,2089.699951,2100.399902,2080.399902,2086.800049,5139229
12/10/2025,2067,2096.899902,2062.199951,2072,3987451
12/11/2025,2053.199951,2069.199951,2038,2066,3254850
12/12/2025,2083.399902,2087.100098,2050.600098,2053.100098,2706420
12/15/2025,2069.699951,2078.899902,2061.5,2070.100098,3233614
12/16/2025,2102,2106.600098,2070.100098,2070.100098,5756692
12/17/2025,2108,2128,2096.399902,2117.600098,6412516
12/18/2025,2092,2116.600098,2088.100098,2099,3760341
12/19/2025,2097.699951,2115,2082,2113.899902,10127415
12/22/2025,2147.600098,2151.699951,2101.699951,2118,7670853
12/23/2025,2122.899902,2164,2119.199951,2157,4110853
12/24/2025,2123.699951,2137.199951,2111,2111,3145464
12/26/2025,2105.399902,2123,2101.800049,2123,1297870
12/29/2025,2081.600098,2112.699951,2079.399902,2105.399902,2371034
12/30/2025,2099.800049,2102.800049,2071.600098,2077,6983390
12/31/2025,2105.600098,2121,2090.100098,2096,2991434
1/1/2026,2110.399902,2123.899902,2107,2114.800049,2097756
1/2/2026,2106.300049,2125,2098,2108,2927138
1/5/2026,2105,2112.100098,2096.5,2102.100098,2642580
1/6/2026,2105.300049,2121.800049,2087.5,2106.800049,9119265
1/7/2026,2084.199951,2103.800049,2077,2095.600098,4171371
1/8/2026,2066.300049,2092,2055,2088,5534929
1/9/2026,2027.099976,2084,2023.199951,2070.199951,4165409
1/12/2026,2044,2048.800049,2001.300049,2023.5,4689135
1/13/2026,2026.900024,2049.899902,2014.900024,2047,7388496
1/14/2026,2022.5,2034,2008.699951,2015.099976,4842964
1/15/2026,2022.5,2022.5,2022.5,2022.5,0
1/16/2026,2016.400024,2029.699951,1988.699951,2020,7310676
1/19/2026,2010,2023,1996.300049,2023,4272071
1/20/2026,1996,2018,1977.099976,2018,6076838
1/21/2026,1996.099976,2007.099976,1967,1977,7952295
1/22/2026,2002.199951,2018.900024,1990,2008.800049,6722567
1/23/2026,1984.699951,2011.699951,1980.099976,2009,4340925
1/27/2026,1973.400024,2003.800049,1962.699951,1972.099976,10510891
1/28/2026,1957.699951,1995,1939,1995,9426909
1/29/2026,1967.900024,1970.5,1939,1964,6065044
1/30/2026,1968.699951,1974,1925.599976,1925.599976,7683747
2/2/2026,1965.400024,1969.800049,1926.5,1936.099976,5326225
2/3/2026,1997.300049,2050,1980.099976,2050,6915795
2/4/2026,2025.800049,2034.599976,1998.400024,2008,7464725
2/5/2026,1992.400024,2022.900024,1985,2012,7708690
2/6/2026,2038.400024,2049.699951,1988.5,1994,13870403
2/9/2026,2038.199951,2055.199951,2028.699951,2051.199951,7570161
2/10/2026,2011.300049,2057,2008.400024,2052,9077763
2/11/2026,2012.099976,2021,1996.699951,2012.900024,7423601
2/12/2026,2014.5,2027,2009.099976,2019.199951,7437690
2/13/2026,2004.699951,2024.199951,1992,2013.900024,4808543
2/16/2026,2029.400024,2032.199951,1995,2010,3455964
2/17/2026,2020.300049,2038.5,2014.199951,2028,4471158
2/18/2026,2021.800049,2028.599976,2015,2020.099976,2182669
2/19/2026,1988.599976,2032,1974.800049,2032,4712417
2/20/2026,1977.400024,1993.699951,1971,1981.099976,5180301
2/23/2026,1997.300049,2000.5,1983.900024,1994,3728878
2/24/2026,1941,1997.300049,1921.800049,1997.300049,10006761
2/25/2026,1913.400024,1961.800049,1904,1955,8285195
2/26/2026,1929.599976,1935,1904.5,1914,10795028
2/27/2026,1879.300049,1915,1870.099976,1910,13754648
3/2/2026,1873.199951,1895.900024,1847.900024,1850.099976,11785007
