Date,Close,High,Low,Open,Volume
3/2/2016,563.8756104,575.0306258,562.1458099,570.3554278,1842655
3/3/2016,596.2094116,598.6124707,572.6183765,572.6183765,4450185
3/4/2016,608.2901001,613.9470792,598.4254421,601.0341825,2963165
3/8/2016,602.0813599,611.5159351,596.1812619,609.6458558,1503355
3/9/2016,602.156189,603.3062695,593.6379913,602.3525678,1751980
3/10/2016,595.4800415,605.0641989,590.9451215,605.0641989,1273630
3/11/2016,600.4544678,602.5770263,594.3112497,594.6852884,1540835
3/14/2016,604.7181396,607.2147365,595.0966028,600.2954206,1689115
3/15/2016,585.9613647,604.5967008,581.4077256,604.5967008,1074240
3/16/2016,589.8791504,591.6370296,573.4131144,581.7817314,1458955
3/17/2016,584.4933472,591.8989034,580.7251665,591.7679841,1481985
3/18/2016,593.0583496,594.311271,577.1813922,581.2207138,1904355
3/21/2016,595.1060181,598.2383782,584.6896623,590.3840791,1624205
3/22/2016,571.8609619,598.4066959,569.439184,594.6852561,5177515
3/23/2016,569.9814453,575.7506236,566.821007,572.2442251,2024905
3/28/2016,567.6906738,574.9652532,563.6606549,568.1301151,1902365
3/29/2016,550.0463867,566.6339796,539.9198922,566.6339796,2533990
3/30/2016,563.9504395,565.9420784,547.0823456,555.6192046,1805565
3/31/2016,567.6064453,572.8052635,561.6783259,565.137984,3311230
4/1/2016,557.274292,565.9140495,554.5066111,564.80135,1585615
4/4/2016,563.2211914,569.3083095,560.4628697,562.5199116,1532140
4/5/2016,561.0050049,568.5040403,559.5463455,561.9587635,1418750
4/6/2016,561.2949219,568.504098,555.4322622,562.7068409,1148040
4/7/2016,567.7094116,575.0494509,561.9588943,561.9588943,1792820
4/8/2016,568.3451538,577.7516502,566.6901154,570.3741738,1104765
4/11/2016,566.4937744,567.5690929,560.0887754,566.4751124,1142755
4/12/2016,576.4987183,579.3505779,570.3742196,570.3742196,1435325
4/13/2016,579.6311035,583.9696441,576.9288252,579.7245847,1819860
4/18/2016,578.0508423,581.4076024,565.1192288,580.4725629,2260020
4/20/2016,581.3609009,585.3348194,579.6030218,582.7167198,1775285
4/21/2016,585.5593262,587.1862863,581.3610065,583.2778267,1538560
4/22/2016,587.5696411,590.9451209,583.0721022,583.0721022,1214865
4/25/2016,582.744751,592.6094651,579.2664308,590.6552071,902240
4/26/2016,583.5114746,586.2417744,579.8180566,582.9037331,886920
4/27/2016,585.4751587,586.2699196,577.1065416,579.6872604,966445
4/28/2016,576.6109619,587.9529989,574.4136413,585.3161799,1641560
4/29/2016,577.6114502,581.22069,573.5534096,579.7246492,1937975
5/2/2016,563.2304688,576.1620831,561.9588285,576.1620831,1065565
5/3/2016,553.4219971,566.2600752,551.9539777,562.7069354,1743355
5/4/2016,548.5504761,553.3565948,546.0632951,551.486515,1170210
5/5/2016,547.8490601,552.0474361,544.3800995,549.6162987,1009435
5/6/2016,536.020874,546.0538319,534.8333553,546.0538319,1220560
5/9/2016,531.1118774,536.6846772,527.736398,533.1596165,1968910
5/10/2016,546.8953857,553.917543,533.0193714,535.5907306,2237095
5/11/2016,536.4697266,544.8663657,533.9170862,544.8663657,1815880
5/12/2016,555.6846924,558.7796713,531.8599004,536.8997778,8655965
5/13/2016,545.5395508,550.4952496,539.4617929,542.304293,3378110
5/16/2016,561.4726563,566.2600553,547.3348597,547.3348597,3630650
5/17/2016,564.3430786,567.9430149,562.7254785,563.4454772,1535665
5/18/2016,565.755188,569.4392471,561.0238888,563.9224894,1257295
5/19/2016,565.8111572,570.2806739,563.8288778,570.2806739,1812590
5/20/2016,567.3447876,569.4392677,565.1381073,568.5042279,1137700
5/23/2016,566.5966187,569.8692573,564.5862607,564.7639205,1195245
5/24/2016,565.7271118,568.5041524,563.8476728,565.6990332,884955
5/25/2016,570.6640625,575.0494009,564.7639644,564.7639644,1047270
5/26/2016,577.9854736,581.5947133,572.2536755,572.6931168,1407535
5/27/2016,582.7260742,586.8308549,575.0774568,576.7324382,908980
5/30/2016,592.8619385,594.0027166,581.9687597,581.9687597,1377375
5/31/2016,595.2650146,598.1823342,590.9451355,593.4791138,2781820
6/1/2016,595.274353,602.1468723,593.2078947,596.5553529,971200
6/2/2016,594.133606,598.1917037,592.1981238,593.1892637,1192120
6/3/2016,590.9638062,597.8550441,587.6350671,595.9943243,1693175
6/6/2016,589.2994385,592.6281777,584.6429588,590.2719163,1994080
6/7/2016,590.1876831,595.2462225,585.7088637,587.2329829,2996330
6/8/2016,586.8216553,592.0297768,586.2699567,588.8880567,1182665
6/9/2016,574.2919312,579.5374892,572.6649715,579.4813891,2852425
6/10/2016,573.3289185,578.4248962,570.3742181,571.3559984,1481405
6/13/2016,577.5272217,580.1453211,573.7402657,573.927285,1983470
6/14/2016,579.2197876,581.4451869,575.9845293,577.4805702,1349660
6/15/2016,577.2467041,578.7895423,575.4981845,578.7895423,1088955
6/16/2016,570.0469971,577.6675367,567.0081179,577.2467574,5407740
6/17/2016,561.5755005,578.7708366,560.9864209,576.171456,5331775
6/20/2016,571.6739502,572.9923311,562.1458931,562.1458931,712150
6/21/2016,570.1965332,578.6025306,568.130075,575.7974116,662355
6/22/2016,580.6782837,586.0827827,573.1511696,573.9272684,1533625
6/23/2016,593.1050415,594.488882,581.2861258,581.2861258,1082000
6/24/2016,589.6828613,592.2448612,576.9195455,581.5947444,1491785
6/27/2016,607.1400146,611.1419551,585.7089197,585.7089197,2081950
6/28/2016,612.0862427,614.321001,604.9986838,605.9056448,2009200
6/29/2016,612.3948975,621.231034,609.5149592,616.9391767,2120195
6/30/2016,632.4047852,634.536646,620.1183496,622.3998488,3062975
7/1/2016,651.5543823,655.6031203,641.4372457,641.4372457,2745410
7/4/2016,642.3722534,665.4583852,639.2491958,664.9254057,1702580
7/5/2016,645.2802124,650.7969693,641.4372131,643.3072924,1583845
7/7/2016,659.1657104,663.1302703,648.5436144,648.8989341,3010480
7/8/2016,665.9819946,667.9923527,653.5927192,661.4563776,1073090
7/11/2016,678.1749878,680.5219468,668.2916104,669.8625274,1339315
7/12/2016,672.5460205,679.1941391,666.8796822,678.2778184,1405505
7/13/2016,676.145874,678.2216917,664.8131979,674.1635945,931630
7/14/2016,670.0869141,673.6306942,665.7483158,672.0504748,1085130
7/15/2016,670.9844971,675.8093341,666.4495771,669.6754757,1368450
7/18/2016,670.937439,678.8828242,666.4711046,674.4164898,1135725
7/19/2016,674.350708,677.5664529,670.053617,670.7964757,914720
7/20/2016,691.4168091,693.8991072,675.1217241,675.8739374,1512415
7/21/2016,680.1991577,689.0377629,676.1371377,689.0377629,1209170
7/22/2016,676.9740601,684.8442645,673.0625165,679.5974807,1585395
7/25/2016,654.8774414,673.0813241,651.6146941,671.3605939,2805770
7/26/2016,624.2807007,661.5722739,618.7236657,655.939943,7676225
7/27/2016,560.4450073,577.2196438,556.3172178,567.9484879,23594215
7/28/2016,556.5993652,567.7040819,555.3111848,562.0999863,5719065
7/29/2016,552.0106812,559.8432366,550.0831169,557.7746073,3448735
8/1/2016,560.5014648,564.7233746,554.4084625,555.3299195,3112110
8/2/2016,559.9090576,563.9804901,557.5865913,562.0999283,2047300
8/3/2016,552.7253418,559.8432752,551.0046117,559.3731347,1737965
8/4/2016,557.1070557,560.7459384,551.2114757,556.383021,1502550
8/5/2016,565.8046875,566.9894508,558.6679868,560.8682122,1488330
8/8/2016,570.9762573,572.5841586,565.8611261,569.7727274,2015970
8/9/2016,571.3710938,575.1322175,568.1271704,571.6908145,1210050
8/10/2016,564.1027222,570.1863695,561.9118516,570.1863695,1249310
8/11/2016,566.2089233,568.6160401,559.1474047,563.218837,1139890
8/12/2016,566.2653198,568.3057706,561.1596017,565.6165237,1209155
8/16/2016,565.4567261,567.5441795,560.7835575,565.86104,1523125
8/17/2016,565.0429688,567.9108139,560.8022929,560.8022929,1763255
8/18/2016,569.2835693,572.2548312,567.1115231,569.8101243,1323700
8/19/2016,566.0772705,570.9102701,564.7326185,569.8101577,869430
8/22/2016,566.6132813,568.8229759,560.9715955,567.5535622,866895
8/23/2016,565.8986816,568.6536978,563.2282586,568.4938087,1088960
8/24/2016,571.6532593,572.4430632,565.5226088,568.8700068,1269565
8/25/2016,573.6277466,578.836882,571.8788379,573.7593997,2323985
8/26/2016,571.7661133,577.5300407,568.8700316,575.4519989,1172565
8/29/2016,573.975647,575.2638272,567.4595074,574.511614,729315
8/30/2016,581.2346191,582.9741157,571.8788134,576.2040823,1078005
8/31/2016,581.0653687,588.6440879,579.1754522,582.504026,2390975
9/1/2016,582.5322876,584.6479197,576.6367076,577.3419184,1361525
9/2/2016,587.3088989,590.3083976,579.6079953,582.4288383,981150
9/6/2016,589.1893311,591.4366159,585.8889363,588.8038412,662725
9/7/2016,590.2802124,593.8156781,585.9172949,589.7442454,762925
9/8/2016,599.6077271,601.4036383,590.8725382,592.9693462,1002560
9/9/2016,600.5197144,606.4811199,596.2508602,596.6081715,997660
9/12/2016,590.045105,598.9589498,588.9919949,592.9411289,837335
9/14/2016,593.843811,596.1380988,589.5561324,592.3675631,702670
9/15/2016,590.3930054,597.9810793,589.0013506,594.9909929,559065
9/16/2016,592.4052124,597.6707626,589.5561337,590.6844823,1041815
9/19/2016,593.7592163,597.0596118,590.6845365,595.5740091,664425
9/20/2016,593.843811,601.7797842,592.4428017,596.1380988,1405770
9/21/2016,592.94104,597.8305116,589.5560522,594.6335914,1250240
9/22/2016,592.2453003,597.1723629,590.9007055,592.7530887,1438040
9/23/2016,598.432373,599.3256514,592.4522003,595.9500177,775585
9/26/2016,601.7140503,605.5410011,594.4551081,598.770966,1160760
9/27/2016,600.0308838,605.5409162,598.0186688,600.8395116,873535
9/28/2016,601.8457031,606.989013,599.4574099,601.6294568,1185835
9/29/2016,589.6313477,603.6227317,585.070951,601.7797605,2161055
9/30/2016,584.3657837,588.4278043,575.1322179,588.2397366,1185890
10/3/2016,594.3609009,598.9588879,585.7197178,585.7197178,1080630
10/4/2016,592.0666504,597.8305768,590.9477138,597.8305768,792700
10/5/2016,587.3276367,592.3581164,583.9144126,592.000805,904875
10/6/2016,578.677124,586.707103,575.4519671,585.795058,802650
10/7/2016,574.3799438,579.5891365,572.6310352,577.3324395,902585
10/10/2016,578.9592285,582.7485887,571.5028067,574.3236499,1585075
10/13/2016,573.5995483,580.1062757,569.3588726,577.4828554,1939985
10/14/2016,570.0453491,576.0067558,568.2306137,576.0067558,2060800
10/17/2016,569.6126709,574.6713861,566.4251627,569.8101505,1004740
10/18/2016,572.6968384,574.3235058,568.1176754,570.7504502,776260
10/19/2016,576.4863281,578.0848175,572.8192662,572.8192662,1071645
10/20/2016,578.9874878,581.0937082,574.6245698,578.291689,504830
10/21/2016,585.5316772,591.0605334,580.8302729,582.7860732,1568765
10/24/2016,580.9525757,589.0390265,577.7274188,586.7353266,1368975
10/25/2016,601.8926392,603.4723043,577.0504324,584.6479186,5564420
10/26/2016,609.7345581,612.1040269,592.969334,602.9081098,2462735
10/27/2016,625.2492065,626.781869,609.7157477,613.0631454,3454425
10/28/2016,632.5174561,639.372082,623.7258541,624.3464141,2748385
11/1/2016,625.5877075,632.1978525,621.1401971,625.8509563,1557965
11/2/2016,613.213501,628.1075741,611.1825197,622.6539569,2000180
11/3/2016,613.5050049,618.7047854,612.1322316,614.9436621,804100
11/4/2016,579.1566162,595.7619515,576.7306754,595.7619515,3160050
11/7/2016,584.2247314,593.3078194,579.410498,587.4874785,1145850
11/8/2016,586.5472412,591.8128489,582.7861174,585.0428147,1515015
11/9/2016,617.303894,628.2957813,556.655769,564.3566728,3319875
11/10/2016,616.4951172,626.8569724,614.0127622,622.4658772,1567985
11/11/2016,612.3580322,620.7453231,607.0454214,607.0454214,1673675
11/15/2016,622.5975952,626.2270656,612.4049252,612.4049252,1595030
11/16/2016,603.8390503,630.9191313,600.8395516,627.1674193,1684820
11/17/2016,603.1243286,606.4811381,593.5240406,598.488751,1160635
11/18/2016,604.5725098,612.6871402,590.8914313,610.0543646,1093480
11/21/2016,589.4432983,600.7830838,585.0522026,600.6702546,1215280
11/22/2016,587.0455322,592.8940513,578.3385228,589.5560659,1066840
11/23/2016,588.3525391,591.6247556,582.0432909,582.9741598,1548100
11/24/2016,585.1744995,592.1043659,580.1533737,589.5561837,1484920
11/25/2016,595.8466187,602.4661757,578.4608336,587.4875075,1520805
11/28/2016,596.6834106,599.9931601,594.4455377,596.2320368,1021955
11/29/2016,599.5701294,602.3063215,594.2575194,596.8621159,1211525
11/30/2016,601.1968384,605.1554418,597.7177874,602.7200889,3023250
12/1/2016,609.0669556,610.6654446,600.9805627,602.7200595,1061115
12/2/2016,598.1126709,602.8704901,592.7154676,598.770879,1705250
12/5/2016,595.7902832,601.3097283,586.4627113,601.3097283,2031470
12/6/2016,601.008728,604.0270503,597.9904057,598.2067094,575135
12/7/2016,598.7332153,603.4722099,596.2414482,598.9588735,767295
12/8/2016,603.9801025,609.5935524,591.0605938,594.2575721,1314555
12/9/2016,599.222168,604.9766818,595.2165626,604.9766818,582285
12/12/2016,591.9821777,599.7112607,590.2426233,599.7112607,556605
12/13/2016,595.5457153,598.0186587,591.3238632,594.0694674,398070
12/14/2016,591.944458,595.6209887,590.487034,595.0097831,448350
12/15/2016,584.3845825,594.2199414,583.2938819,592.7531055,612955
12/16/2016,584.44104,589.1800355,583.2468648,586.1711823,800170
12/19/2016,577.116272,585.795047,574.5304993,584.854766,1089050
12/20/2016,572.913208,580.7175289,570.9762314,578.3292358,1250775
12/21/2016,571.0984497,576.7683715,567.967298,573.9475286,1171200
12/22/2016,566.4909058,571.6906858,564.3565075,568.5595349,1264925
12/23/2016,563.8959351,571.8224969,560.4262959,564.3754302,716295
12/26/2016,561.5357666,569.4340918,560.2381744,562.2879798,533075
12/27/2016,570.7410889,571.6907817,560.9715566,561.9118375,677985
12/28/2016,577.2478638,585.1838374,571.2676906,571.3523411,736635
12/29/2016,576.6273193,579.5798154,571.9917409,577.2478795,953795
12/30/2016,575.5271606,578.2727649,573.0259813,578.2727649,885245
1/2/2017,579.852356,586.1710728,576.5801971,576.5801971,477630
1/3/2017,577.7838745,585.7856753,576.5333421,582.0339632,554600
1/4/2017,581.3381958,585.4753982,578.2822823,582.2690649,1179225
1/5/2017,589.7911987,591.4366903,578.4608253,580.8397061,1218265
1/6/2017,594.0977173,602.5038311,591.5683593,592.1513289,1770195
1/9/2017,575.4894409,593.1291179,573.919188,593.1291179,1401490
1/10/2017,572.0387573,578.0847574,570.7788129,577.4923757,1230110
1/11/2017,572.1515503,575.4519456,568.2964213,574.5210767,1385185
1/12/2017,565.7670898,567.760481,553.4493743,559.843331,2171950
1/13/2017,560.3605347,564.9208751,559.4672561,562.6642348,987580
1/16/2017,561.4040527,565.4848967,557.6523415,563.9804129,1008200
1/17/2017,559.7585449,564.168464,558.6678445,561.9211792,588425
1/18/2017,554.3990479,560.8211829,553.2613446,559.7680728,2155100
1/19/2017,552.9321289,559.4200896,551.6533608,556.2701144,1407100
1/20/2017,554.2767334,556.5898449,549.1240127,552.8851361,1204385
1/23/2017,549.8104858,556.636935,546.1151884,552.6971554,1196865
1/24/2017,559.1568604,560.3698595,551.3337159,552.932205,996480
1/25/2017,563.4727173,565.86101,555.8282293,559.4671116,1638155
1/27/2017,563.1436157,566.3405938,556.6462999,558.5268617,960555
1/30/2017,567.374939,572.4243008,561.1691073,562.288044,963170
1/31/2017,567.7041016,572.0670195,566.4629237,568.6819732,723155
2/1/2017,564.3942261,570.3650445,553.6562337,568.1365259,1332865
2/2/2017,582.4193115,590.4023438,560.7928529,564.7514558,2519370
2/3/2017,591.3521118,594.0695377,579.7679001,584.8547952,1382600
2/6/2017,582.3723145,597.4544555,572.8002626,596.1380394,2484805
2/7/2017,576.4110718,584.8547767,573.0072592,582.0339337,966585
2/8/2017,567.0740356,576.9469851,564.3566101,576.9469851,1913425
2/9/2017,568.5126953,569.6974586,564.7327473,568.305861,943990
2/10/2017,559.6645508,570.6281996,558.5267904,568.8510551,1575005
2/13/2017,557.9533691,561.9589755,555.7907343,560.5861445,752775
2/14/2017,553.1577148,558.8652256,551.9447734,558.8652256,1403590
2/15/2017,547.4974976,553.6280913,546.5289805,552.8852899,955495
2/16/2017,549.725769,553.3552391,526.3597572,548.0144511,6839345
2/17/2017,547.7512817,555.4710095,545.3629886,550.2524614,4487480
2/20/2017,545.1278076,550.0736939,543.4823162,549.5753175,2801810
2/21/2017,544.2440186,551.9637459,542.5609363,544.9868199,7622450
2/22/2017,545.9647827,550.4405295,544.281643,545.7391245,4282200
2/23/2017,542.9933472,549.8762096,540.6614691,549.8762096,3736795
2/27/2017,537.2765503,542.8899999,535.3395739,542.485686,3574905
2/28/2017,535.9507446,540.2854262,535.0198756,539.7682831,2713290
3/1/2017,549.7446289,554.5400961,535.9789596,536.9004165,4490315
3/2/2017,539.8153076,547.2247266,538.292057,547.2247266,2129260
3/3/2017,539.9280396,544.1969513,538.5176183,541.8932518,1456010
3/6/2017,537.6244507,542.354034,536.1482027,542.354034,1060050
3/7/2017,536.3927002,542.2036297,535.9601503,539.5332065,1049300
3/8/2017,535.3583984,540.2384593,530.8826515,535.7721244,1830855
3/9/2017,508.6637878,523.3603845,507.7517428,520.9156769,10976435
3/10/2017,510.7322998,513.9386894,507.9396934,509.4253531,2744225
3/14/2017,515.4619751,518.066514,510.8922239,516.533909,2489210
3/15/2017,515.1987915,518.282941,512.2651191,512.2651191,1389340
3/16/2017,517.4742432,519.9753652,516.2236534,517.1545224,1559495
3/17/2017,514.5687866,517.7187051,512.2650867,517.7187051,1816910
3/20/2017,514.2114868,516.4023577,513.3934469,515.6501444,2005400
3/21/2017,493.3184204,513.3933956,488.9460911,513.3933956,7268165
3/22/2017,494.5219421,500.2106303,480.521174,483.4360506,4430915
3/23/2017,494.8134155,497.916331,492.7071955,493.6474764,1580595
3/24/2017,494.2774658,497.4086174,492.020826,494.7381943,1725910
3/27/2017,494.9544983,497.9351728,491.7669321,492.1430675,1781095
3/28/2017,496.045166,498.17021,493.8825315,496.4683039,757685
3/29/2017,495.2741089,497.088844,493.6474414,496.4400479,1638910
3/30/2017,491.4378357,497.6060761,490.0931835,494.6065777,3599995
3/31/2017,495.0296631,497.4086013,491.5788482,491.5788482,1475205
4/3/2017,516.1108398,517.9067513,494.0424154,497.3710468,3442145
4/5/2017,515.5278931,520.9156849,502.6742102,516.2142798,5168335
4/6/2017,511.1555481,516.816058,509.2279835,515.4244031,1452065
4/7/2017,500.4833069,510.1963668,499.1010642,510.1963668,1614060
4/10/2017,495.6878967,502.2510968,495.0485126,499.2891889,952460
4/11/2017,494.2304382,498.9130187,493.449989,498.5369408,701145
4/12/2017,497.3803711,498.7061993,491.8233361,495.1519099,1226155
4/13/2017,496.6469727,501.3577892,495.913526,499.2891597,797180
4/17/2017,500.4645081,512.1710167,498.6403608,511.5128086,2340540
4/18/2017,494.2962341,504.5546728,493.4593704,503.0314224,1064085
4/19/2017,490.3377075,495.7161446,489.4162505,494.5877959,1012230
4/20/2017,491.2967529,494.587736,489.9897488,492.3310389,739165
4/21/2017,490.7608643,495.5280959,490.2625452,494.5878149,550770
4/24/2017,491.3532104,493.9765736,487.0749436,492.6413908,694280
4/25/2017,497.5872803,498.6498023,492.1712528,494.2116464,1375775
4/26/2017,490.9488831,498.4147159,490.0931953,496.6563951,1617520
4/27/2017,488.2972717,493.6474723,486.548363,491.0899358,2010110
4/28/2017,488.7862549,491.3626155,485.852583,490.873651,681870
5/2/2017,485.6833496,492.0960152,482.552198,484.8088378,1116720
5/3/2017,488.1186523,489.8487946,483.6805537,488.5699688,641200
5/4/2017,490.0744019,492.6883528,486.8115974,488.3819078,606545
5/5/2017,489.5101929,493.6474516,487.8176988,489.6982605,684185
5/8/2017,489.0401306,491.0053432,486.8022572,487.3476363,551390
5/9/2017,485.4012451,489.6983362,484.0566502,489.5102685,511765
5/10/2017,489.4821167,493.2526529,485.0157817,487.4417229,1834655
5/11/2017,487.817749,492.6789855,484.2446929,492.6789855,1070850
5/12/2017,485.3353882,491.7669351,474.2683205,489.5102379,6152355
5/15/2017,503.2007141,507.5636314,487.441654,488.9460806,4733780
5/16/2017,512.2838745,514.1456124,506.0215712,506.0215712,2202310
5/17/2017,514.690918,519.0350108,505.2222833,511.5127642,2049090
5/18/2017,503.7931213,511.4846128,502.523765,506.8114439,1412055
5/19/2017,499.5618896,506.8020651,495.90424,506.8020651,1303385
5/22/2017,490.5821533,504.3572916,489.3409756,503.9905683,772310
5/23/2017,485.0815735,492.4815803,478.1892978,492.4815803,1422140
5/24/2017,473.2998047,483.8685534,472.0210364,483.8685534,1831575
5/25/2017,456.5439758,471.7107107,450.9587052,471.532055,4041550
5/26/2017,454.0428467,472.0116009,452.0494558,470.1404511,3605155
5/29/2017,456.196106,463.5584929,447.6395439,456.9953218,2717540
5/30/2017,466.6331482,470.140406,454.3719071,455.086501,2189925
5/31/2017,474.6255798,478.4149107,463.3704163,468.2598885,3930430
6/1/2017,474.4281616,482.8812783,472.7544627,477.6627304,1622510
6/2/2017,480.3894958,484.2070626,474.8700517,476.7600254,1466455
6/5/2017,476.8822632,482.9282336,473.9203555,478.2550652,1123385
6/6/2017,479.4115906,482.4580914,473.1493452,476.7129891,860555
6/7/2017,477.7849121,482.2700701,473.1587177,477.2865644,1235945
6/8/2017,495.763031,501.4047156,478.6969409,478.6969409,4227380
6/9/2017,494.3621826,498.3489652,489.3222899,498.3489652,1031055
6/12/2017,494.6347351,499.6558602,492.1523799,493.8919339,692145
6/13/2017,493.9671631,497.5025708,491.2120897,495.1895167,679580
6/14/2017,501.9783325,507.5636032,497.4838198,501.7338503,3744195
6/15/2017,507.8457031,511.6914773,499.2891697,500.7371816,3473260
6/16/2017,504.4795532,511.164937,494.7758469,510.4221357,1852690
6/19/2017,499.7499084,502.4861581,496.5717543,502.4861581,2209015
6/20/2017,503.2477722,506.8114162,499.0258627,500.2952764,982635
6/21/2017,505.3163452,506.8114171,499.4302348,503.0502934,896080
6/22/2017,495.6408691,507.7328679,492.4345365,505.889954,858935
6/23/2017,497.1641541,500.1166501,491.7293599,495.7349086,1164040
6/27/2017,498.9318848,502.110039,494.6347938,494.6347938,1329355
6/28/2017,498.678009,501.1133621,493.6757646,494.7758773,959840
6/29/2017,498.631012,501.5365056,496.4777891,498.5745974,907940
6/30/2017,505.8899536,509.8203209,497.4086014,498.3488823,1638215
7/3/2017,504.4700928,508.8987789,501.1696978,507.7516638,723230
7/4/2017,493.4030151,503.2571411,490.8830691,501.7527145,1321265
7/5/2017,501.1602783,501.9219035,492.9892355,492.9892355,906630
7/6/2017,501.7151184,503.8025145,496.8632366,501.1603274,624680
7/7/2017,508.7671814,513.299342,501.5928339,502.0723863,1424960
7/10/2017,512.678894,516.3083656,509.82046,509.82046,200975
7/11/2017,506.1062317,513.8447257,504.5547451,513.3934092,804630
7/12/2017,505.8899536,511.7854759,501.8561118,506.5951643,1065875
7/13/2017,506.623291,511.4657602,504.5546617,506.4822833,685915
7/14/2017,508.3158569,512.4531161,505.1941747,507.5918796,976430
7/17/2017,511.015625,512.2376083,508.183237,511.0440136,1009480
7/18/2017,515.1268311,519.7401289,509.1778797,509.6420425,1505540
7/19/2017,525.5565186,527.6026975,515.3921146,515.8941483,1823010
7/20/2017,521.0285034,526.3901398,519.5507332,525.7365073,939445
7/21/2017,523.3873291,526.6933627,516.6521095,518.7361017,1412580
7/24/2017,510.8640442,528.0195114,509.4336847,527.6405722,2589475
7/25/2017,510.049469,514.0659703,507.7475607,510.8641247,1874800
7/26/2017,512.9291382,514.6721774,507.9179944,513.0522905,873325
7/27/2017,496.4463501,515.8941866,490.1279411,513.4312554,9113325
7/28/2017,467.0045166,474.8859768,464.3805335,473.5502944,7744985
7/31/2017,451.5163879,463.8121955,449.9628182,461.8986798,7625340
8/1/2017,460.6766663,465.6878392,448.9776272,450.7206376,5170390
8/2/2017,450.6353455,462.258613,449.4701972,461.3491937,2852295
8/3/2017,440.2910156,454.1309114,438.4722057,452.4258006,3887925
8/4/2017,424.3007202,438.6048068,422.510328,438.5953246,6133195
8/7/2017,418.1243896,427.6067439,416.8076425,424.3859633,3680390
8/8/2017,397.0377197,418.1244074,394.9915696,417.9065203,6804955
8/9/2017,388.076355,398.8091393,385.0734326,396.1377742,5624935
8/10/2017,368.3916321,397.6723413,366.4307348,386.8732408,7700035
8/11/2017,381.0285339,384.5903253,360.1881503,364.7161961,9289565
8/14/2017,379.3044434,386.4754366,373.2512456,378.9160509,4216350
8/16/2017,379.910675,382.2883824,373.2417737,377.9687419,3310680
8/17/2017,381.0474854,384.9597985,377.4856649,380.8106628,2700655
8/18/2017,375.5057983,380.3464659,373.4786125,378.5371383,1746485
8/21/2017,365.8623962,379.1055227,363.967816,377.0214728,2091475
8/22/2017,375.9131165,381.5684395,366.6012675,368.4958477,3860820
8/23/2017,384.7797546,389.0425599,377.2109163,377.2109163,4049980
8/24/2017,395.6167603,397.8618331,380.9147997,384.2208618,5624835
8/28/2017,388.275238,395.9198754,384.0503326,394.8304688,4220880
8/29/2017,386.8827515,391.7044546,384.9786891,388.1994697,3036830
8/30/2017,386.2859802,393.0117461,384.865045,387.8205857,2007245
8/31/2017,382.8757324,388.7110433,380.0528262,387.2522084,4189045
9/1/2017,420.1326599,423.059783,400.7037299,400.7037299,18067945
9/4/2017,415.879303,423.7039287,411.7396497,423.249219,4736175
9/5/2017,418.5411682,420.2842074,413.3784546,416.4855649,2567635
9/6/2017,416.2203369,418.3233221,412.2132893,414.0320991,2636260
9/7/2017,421.5345764,423.4386386,416.997078,417.5654289,2456970
9/8/2017,409.7029724,422.3019193,391.4487024,422.3019193,8597120
9/11/2017,409.1346436,416.4287899,408.0926185,410.9344892,2226885
9/12/2017,410.3187256,416.3150885,404.5686674,410.1766378,2589985
9/13/2017,420.0947571,422.1124897,410.9628663,414.344699,3776210
9/14/2017,426.9152222,429.1129131,422.4913649,423.2491854,3066270
9/15/2017,418.9295959,425.3332868,417.0160802,421.5820258,3364005
9/18/2017,424.7743225,427.900368,412.18483,417.5654304,3654810
9/19/2017,424.6795959,429.1223886,416.807618,422.8702685,2833950
9/20/2017,438.5384521,441.2476878,424.3859367,426.2805168,6665490
9/21/2017,471.0968628,473.6450756,444.5159035,444.5159035,20286820
9/22/2017,465.6404419,478.7130628,463.5185213,472.5082952,9956755
9/25/2017,457.9674377,468.9086275,455.6465653,466.8245776,4555245
9/26/2017,449.1575928,457.5411159,440.0446667,457.3516463,7122180
9/27/2017,436.6439209,451.6679287,432.1727103,447.1209476,4677680
9/28/2017,450.0385742,457.5411246,430.4865213,435.753452,14078165
9/29/2017,441.2004395,452.9373797,439.5616169,450.0386449,5667975
10/3/2017,442.488678,457.541132,439.6278722,457.541132,4894300
10/4/2017,452.3499756,454.3961257,439.4573707,443.7106942,5939900
10/5/2017,452.6436462,460.0798798,450.1522974,453.1836086,3797520
10/6/2017,450.1238708,456.5749144,448.6366184,453.7519794,2668810
10/9/2017,456.3948669,460.9513296,450.7679619,450.9100496,3165240
10/10/2017,456.8496094,460.6198346,455.0024109,458.4315966,1581675
10/11/2017,449.4228516,458.4979072,445.4916033,456.5749094,2251475
10/12/2017,450.8816528,454.1308508,446.8367347,454.1308508,2080470
10/13/2017,446.069458,450.8343261,445.2263559,449.5838963,1708945
10/16/2017,455.3623657,456.7833009,446.3631097,446.3631097,1933290
10/17/2017,451.1658325,454.1308551,450.0575193,454.1308551,1535550
10/18/2017,451.933136,455.4570562,450.1522549,452.1794407,1665570
10/19/2017,449.5933533,452.2363008,447.5093323,451.8573906,236515
10/23/2017,448.2955627,457.5411235,445.6052623,452.8236083,1819780
10/24/2017,447.8124695,451.3458431,446.3631168,449.5838974,973365
10/25/2017,445.0084839,453.7709178,443.3696904,448.2577111,1478480
10/26/2017,444.1559143,446.7325446,438.5953259,445.1126866,2246210
10/27/2017,453.7425232,456.5938759,443.2939135,446.1168487,2174680
10/30/2017,461.9934082,467.0140343,448.4566241,453.9414421,4161095
10/31/2017,460.0325317,474.4029075,452.8047031,458.4884441,9786665
11/1/2017,446.0220947,458.2326787,444.8474642,456.9727666,5880460
11/2/2017,456.8591003,462.2776013,446.0220985,446.0220985,6199435
11/3/2017,458.3179321,464.1342787,453.3635942,461.2734728,2883230
11/6/2017,453.230957,458.3179002,451.0332371,457.3516458,1418335
11/7/2017,450.5312195,457.5411611,442.8581632,455.1161005,2591750
11/8/2017,444.5822144,458.4884266,443.3317844,450.9480052,2161975
11/9/2017,449.0344543,451.686884,443.3696779,448.7502789,1729270
11/10/2017,444.8190308,450.8911639,443.3317783,448.9776194,1048780
11/13/2017,444.1085815,449.9628278,441.4466985,446.1168321,1495910
11/14/2017,439.5994873,445.2169112,437.657554,444.9800887,1396310
11/15/2017,437.6764221,442.7633651,434.4272242,440.3762046,1122475
11/16/2017,442.1097717,443.7296587,438.5953334,439.9404981,1414750
11/17/2017,440.0352173,446.543125,436.321856,442.1097851,1373285
11/20/2017,430.9128113,442.7633909,428.2035465,442.7633909,1367925
11/21/2017,453.5908813,472.5082648,431.0548719,431.0548719,11964410
11/22/2017,447.2441101,451.8479264,442.5834298,448.0682479,2684365
11/23/2017,436.937561,448.44713,435.7534484,447.3198525,3433715
11/24/2017,434.8156128,440.0919964,433.2620432,437.6480008,1730500
11/27/2017,434.7682495,436.8522993,432.068467,434.9956188,1231110
11/28/2017,434.0293579,436.5112533,429.6907821,433.8588526,1535515
11/29/2017,431.3580017,439.5236666,430.0697011,434.6166819,2875165
11/30/2017,432.7316284,438.0553946,428.3646345,428.3646345,7260235
12/1/2017,423.2302551,433.1010303,421.0704349,431.9642707,2646440
12/4/2017,424.8406677,431.0169887,422.3113905,431.0169887,1477975
12/5/2017,418.579071,425.7121643,417.2055177,425.7121643,1428905
12/6/2017,416.8455811,421.3073097,415.746721,418.3233514,1303650
12/7/2017,416.1160889,419.6494912,414.5341307,418.3232909,1172195
12/8/2017,414.0510559,418.3233438,412.8953607,417.9633689,1919085
12/11/2017,415.4624634,419.4410932,411.3133572,416.5613233,1888965
12/12/2017,427.4836121,440.7551562,423.2113532,440.3951813,7411070
12/13/2017,428.3077698,433.3568134,426.8583881,428.1751353,2007880
12/14/2017,437.7711792,439.485772,431.0169962,433.4988916,4181020
12/15/2017,449.2996826,450.9100873,438.8700383,440.4898963,3718400
12/18/2017,453.7519531,460.0040735,441.9960796,448.0682126,2641755
12/19/2017,454.6044922,458.791527,453.0319872,455.5517822,2244795
12/20/2017,446.3630981,453.7519492,445.302109,453.7519492,1459875
12/21/2017,445.5579224,449.9059806,443.5212543,448.0682354,1249705
12/22/2017,441.9487305,447.6893062,441.4371857,447.1209263,1248010
12/26/2017,447.1777649,448.4471302,441.2477196,442.3749971,2054680
12/27/2017,454.7560425,459.2556701,447.4997975,447.6892671,3467600
12/28/2017,460.3829956,463.8690163,454.9360774,456.5748998,3823400
12/29/2017,457.3895264,463.404824,455.2960234,460.3734843,1659835
1/1/2018,455.4854736,461.5197357,453.5719581,456.5938157,1210405
1/2/2018,456.4422607,462.0881017,453.8656305,459.8146112,1257685
1/3/2018,443.1422729,452.1415284,434.2567166,452.1415284,4430010
1/4/2018,456.7453918,458.4884021,443.9001406,443.9001406,2793085
1/5/2018,468.6054688,469.6664291,453.7330312,460.1935279,3199500
1/8/2018,469.2117615,475.918563,467.9613315,467.9613315,2929355
1/9/2018,465.6499023,469.0506702,464.1721322,468.8138477,1219120
1/10/2018,459.5872803,468.3402318,458.4884203,466.0572591,1721640
1/11/2018,459.5020447,464.3616478,458.109527,459.8146377,925725
1/12/2018,463.7269592,464.9015898,457.2853976,460.9514059,1778900
1/15/2018,460.7145996,466.3036061,459.4452342,463.6038232,784105
1/16/2018,467.7150269,470.6137324,460.7145677,461.5197701,1860665
1/17/2018,472.1009827,474.78183,466.6067114,467.3929495,1908940
1/18/2018,466.3508911,480.0865972,464.2005531,473.6450362,2920990
1/19/2018,471.8168335,474.5923868,464.551105,467.3929756,1204480
1/22/2018,472.9913635,477.2446863,462.277516,462.277516,3462075
1/23/2018,477.5100098,483.1084981,473.8345482,475.539659,3650455
1/24/2018,484.8988342,495.4326949,478.0025638,478.0025638,5631385
1/25/2018,475.1132813,492.0413487,464.7783729,483.8757136,13260150
1/29/2018,446.5715332,464.5510817,443.7106985,463.9732486,5772835
1/30/2018,436.9186401,446.363124,432.9494922,446.363124,4290010
1/31/2018,421.6104126,436.9186241,417.4802127,434.4272465,5719535
2/1/2018,408.8409119,421.544075,407.9220394,421.544075,4841605
2/2/2018,402.3236084,418.9011867,399.7659422,407.3347816,4798230
2/5/2018,400.9878845,405.2506899,395.7115007,399.7943187,3018190
2/6/2018,397.0471802,402.4088166,379.9675122,388.3889349,3816170
2/7/2018,400.0216675,406.7663685,397.1513796,402.6267153,1990805
2/8/2018,413.1037292,416.0498164,402.5982857,402.5982857,4448115
2/9/2018,415.6330261,418.3233266,404.2276449,407.3347553,2395615
2/12/2018,417.6128845,422.4440703,412.8290517,415.8035568,2413130
2/14/2018,413.6437378,421.7336041,412.1849028,418.7022639,1549165
2/15/2018,416.0119629,420.4073743,412.5069776,417.5655038,1725925
2/16/2018,419.3747864,424.385959,418.1338387,418.1338387,2294485
2/19/2018,407.7136536,423.2397522,398.8186146,421.1651846,2811550
2/20/2018,409.9208374,416.1445111,406.2358652,408.2820152,3345125
2/21/2018,410.3471069,417.1865424,405.582239,413.0563716,2490025
2/22/2018,402.304657,411.6165065,395.313651,410.5555461,8326545
2/23/2018,410.5650024,413.9657704,404.5023516,405.8948692,3717530
2/26/2018,415.6330261,418.1717567,395.9672738,401.6510146,5923745
2/27/2018,423.6281128,424.6795908,416.4855379,416.8455127,3380760
2/28/2018,423.8649597,429.4918651,420.2557868,421.1746304,4963885
3/1/2018,422.7755737,424.3386256,415.5856451,416.8171396,2153885
3/5/2018,413.1700439,424.3670196,412.2227539,422.4534751,2991720
3/6/2018,412.3459167,421.3167552,410.527107,417.0823673,2075000
3/7/2018,407.2589722,417.6222993,406.0085423,412.3553686,2462470
3/8/2018,406.0843506,413.397432,403.1856449,411.6733569,2383815
3/9/2018,403.5266113,413.548927,396.9145166,409.9871073,2354070
3/12/2018,407.0315857,409.930291,402.0298953,409.2293056,2652140
3/13/2018,413.3026428,415.6992855,405.6769694,405.8190571,2596345
3/14/2018,413.2931519,416.0497692,410.5175703,413.9657196,1333845
3/15/2018,413.5394592,420.2936419,412.4500815,413.4826241,1678835
3/16/2018,405.8475342,418.5127996,401.3289703,413.0185279,2971805
3/19/2018,401.6225891,411.1239078,400.1637542,408.2820374,1460745
3/20/2018,408.6893616,409.7787394,398.2312997,400.6942308,1936860
3/21/2018,405.7622681,412.9900967,403.621383,410.8965935,1845300
3/22/2018,399.4343567,407.4768406,397.3124361,405.250703,2052010
3/23/2018,392.6138611,398.2218314,390.3214351,396.1567458,2371980
3/26/2018,398.6196899,399.7090968,388.4458028,392.5570387,2501400
3/27/2018,398.3259888,401.4615166,395.9672458,397.1040054,1622835
3/28/2018,394.1768799,400.4384826,392.4812514,398.4302322,3328235
4/2/2018,403.9434204,405.0612157,394.0726457,394.0726457,1229875
4/3/2018,402.5793762,407.3063448,399.9459108,399.9459108,1395115
4/4/2018,396.2325134,402.6456572,394.0632109,402.4088347,1768595
4/5/2018,399.9648132,404.6065288,397.2934483,400.7036983,1875550
4/6/2018,402.5604248,404.2276648,398.818646,400.1353643,1324225
4/9/2018,401.8878174,404.5686356,399.5669451,401.6509949,1116435
4/10/2018,400.1543274,404.4929037,394.5937098,402.219413,2579905
4/11/2018,397.9945068,404.1234465,395.967292,403.5456134,1530100
4/12/2018,390.3782654,393.6937808,389.203606,393.6937808,3396280
4/13/2018,395.9578247,397.1040667,391.761336,392.6138914,2206760
4/16/2018,398.3259888,399.756406,393.1253756,394.300006,1447925
4/17/2018,398.9133606,401.1110808,395.5883917,398.8091726,1468190
4/18/2018,398.1744385,401.1300079,396.1661881,400.6468807,1139040
4/19/2018,404.7391663,405.4401517,399.1880314,399.9458808,1612750
4/20/2018,402.0109558,406.5674186,399.0080336,403.5455611,1336685
4/23/2018,404.5970459,405.8190582,396.9145373,402.295138,2725725
4/24/2018,407.3632202,413.0185441,402.9867439,403.9056166,4431075
4/25/2018,401.2720947,408.4620232,400.3248046,407.6094678,1444495
4/26/2018,393.4758606,406.8042384,391.0602825,403.1666481,6777745
4/27/2018,397.4355164,400.1731984,394.4515586,397.4828982,1596720
4/30/2018,399.7279968,402.9582595,397.4923772,399.9079843,1113320
5/2/2018,401.3099976,403.1287784,398.2502401,400.9689581,991145
5/3/2018,401.8594055,402.8066956,395.5220325,402.0678105,900380
5/4/2018,399.1123047,406.3874863,397.4640001,403.5456158,1822665
5/7/2018,392.083374,399.8985175,389.3362385,399.7564298,1720485
5/8/2018,393.1159058,396.7345608,391.2308077,395.9672582,1252220
5/9/2018,391.1076965,395.0200096,389.9993832,393.2864813,1271755
5/10/2018,376.9457397,390.0941038,375.5058401,389.3362832,3301590
5/11/2018,377.1162415,382.3073733,371.3377653,379.5792018,3022440
5/14/2018,382.2789612,387.0627942,381.1895832,381.1895832,2908575
5/15/2018,380.5264282,384.5997639,374.7858528,382.2788917,2023605
5/16/2018,377.7698975,380.5265156,376.0742398,380.0528705,1372185
5/17/2018,374.5869446,378.1203473,369.4621013,378.1203473,2330875
5/18/2018,375.5057983,377.4003786,372.7302452,375.6573682,2536480
5/21/2018,358.6534729,377.2109105,357.50726,377.2109105,2528680
5/22/2018,380.7348633,385.736554,358.0756706,360.4438959,10095680
5/23/2018,370.2672729,377.760341,366.5633652,374.7479655,3670390
5/24/2018,373.7911987,376.112071,368.1074581,371.8492656,2292270
5/25/2018,372.8250122,378.120361,372.2850499,374.1796303,2176245
5/28/2018,377.8835144,381.1990299,371.337736,372.6165835,2541820
5/29/2018,375.259491,381.6726341,373.7248568,378.9160167,2453350
5/30/2018,371.6787415,374.1796013,369.8220609,374.1796013,1679240
5/31/2018,366.9043884,373.5732896,364.886656,373.5732896,9300890
6/1/2018,367.8137817,371.9913344,366.099189,367.5485417,2209305
6/4/2018,378.1582031,384.2018894,372.2849932,374.7479531,7002105
6/5/2018,371.981842,376.5572691,370.2009322,375.1268519,1826720
6/6/2018,371.4229736,374.7290068,369.0642305,371.9061008,2078025
6/7/2018,372.2755432,374.5490627,371.5650756,372.2850254,763500
6/8/2018,390.8329773,392.6707226,373.800718,373.800718,5567795
6/11/2018,394.6790161,402.5983486,388.7015882,390.671968,8061475
6/12/2018,415.0362549,415.8603927,397.2934992,397.2934992,10485570
6/13/2018,427.4741516,436.5112786,413.9657852,414.9130753,12901270
6/14/2018,429.9560242,435.6871176,425.6269016,428.1845964,7944815
6/15/2018,445.197937,452.0089553,435.0429858,436.3218332,22284555
6/18/2018,452.0184326,456.7833007,434.3135782,443.1423,11550755
6/19/2018,453.3730469,460.3072173,450.2564544,455.3055268,10532330
6/20/2018,448.5892029,456.5748802,445.7852324,453.3730351,5748405
6/21/2018,438.8605957,452.6152388,436.9849507,452.6152388,5575655
6/22/2018,442.6213074,444.7527101,430.837016,440.4899046,8336385
6/25/2018,433.8873291,440.8309535,432.1538008,436.7007822,5713835
6/26/2018,429.5297546,432.9115873,427.6825562,432.7221177,3140740
6/27/2018,434.5788574,437.0417888,425.5038012,427.7772919,7760350
6/28/2018,434.9482422,440.6698825,430.4865139,433.6693948,6142315
6/29/2018,423.4481812,432.7221309,421.1652084,431.9548282,4492115
7/2/2018,424.452301,428.2793324,417.2339548,422.4914035,3871625
7/3/2018,430.7802124,432.7221457,423.4766132,427.7962541,3782865
7/4/2018,439.0216675,442.9529161,430.7897131,430.7897131,5327675
7/5/2018,435.4977112,444.9800659,433.4325967,441.4277279,4154695
7/6/2018,429.889679,439.5236311,427.3888484,435.7534065,2781090
7/9/2018,441.4466858,442.3844938,432.3337593,432.3432125,3649485
7/10/2018,439.8930664,444.392694,436.3217934,444.392694,3329700
7/11/2018,436.0092163,442.005579,431.0170077,435.942928,4100335
7/12/2018,446.5999451,452.3594564,440.8025052,440.8119873,6561835
7/13/2018,439.5142517,448.3335215,435.9429779,443.3318302,2334635
7/16/2018,400.1655579,424.8468319,395.5790062,424.8468319,18607580
7/17/2018,394.6903687,404.9527294,393.1137534,393.6775114,7110920
7/18/2018,394.7572632,400.6624189,389.9509588,397.4996237,6097745
7/19/2018,387.7915039,397.0792378,386.9888638,397.0792378,3813605
7/20/2018,392.1296082,396.1619377,386.0333345,387.1799798,3778915
7/23/2018,390.1802979,396.1619124,388.4221298,396.1619124,2935145
7/24/2018,397.0409851,399.4107051,390.4287477,390.4287477,6446885
7/25/2018,399.0667114,400.8439794,393.9737311,398.8373649,2693070
7/26/2018,407.5804443,418.7123685,396.5250079,396.6778958,9565245
7/27/2018,398.1112061,408.0104623,395.091734,408.0104623,4481590
7/30/2018,395.0534668,399.9553297,393.3526283,397.5091806,4039975
7/31/2018,406.6344604,408.010423,395.7032187,396.5440879,7321900
8/1/2018,415.7884827,416.9924282,407.0549424,407.0549424,4564515
8/2/2018,425.7546082,427.6847642,414.6991425,415.6546704,5198205
8/3/2018,435.9213867,437.6317899,426.1654548,427.3120999,5065535
8/6/2018,427.0063171,444.3204782,425.8214719,436.6762549,4178875
8/7/2018,431.669342,435.9978827,429.04164,429.9685034,2499550
8/8/2018,429.1276245,435.7207618,427.5032153,432.4719725,1726995
8/9/2018,427.6370239,432.6439815,421.397427,432.6439815,1953505
8/10/2018,423.1651001,431.306217,421.4833907,427.3885465,1619440
8/13/2018,428.3823242,429.796487,423.3275729,424.2544362,1336615
8/14/2018,435.42453,437.8229145,427.8949652,430.7519844,2410190
8/16/2018,449.7574768,451.2863274,433.9721647,434.8321341,4479940
8/17/2018,451.8023071,460.8129586,449.2701637,453.6655985,4445110
8/20/2018,454.9746399,458.0705704,451.9647326,451.9647326,1806590
8/21/2018,460.7460327,463.9852574,449.8816844,456.3601628,3194790
8/23/2018,470.8077698,481.5861247,463.4310923,464.3866203,8122840
8/24/2018,467.7213745,473.4450069,463.545722,472.9863429,2883520
8/27/2018,466.8900452,470.6834922,463.7176855,468.7820009,2285610
8/28/2018,461.424469,473.9418917,460.0007416,468.2087237,3752040
8/29/2018,455.5670776,464.291053,454.3535676,462.4755556,3190665
8/30/2018,454.8599854,462.0837746,453.8853573,455.7868487,5392990
8/31/2018,476.2351685,477.5729019,457.6979303,458.0801357,9906600
9/3/2018,495.6132202,502.9899262,476.8084375,479.6750213,15199620
9/4/2018,486.0006104,499.7411066,484.8444297,495.9189949,5182295
9/5/2018,490.7018127,494.9634885,481.2994502,487.1854768,5635765
9/6/2018,490.5585022,500.6966396,488.2938765,493.8168268,5422470
9/7/2018,503.0855408,505.3405731,486.4784579,492.0969677,6533160
9/10/2018,489.9756165,508.3026343,488.2747488,501.4228218,6619365
9/11/2018,482.4365234,494.2850351,479.1208403,492.7562137,5684655
9/12/2018,483.3347168,491.9918273,475.3942814,482.7327586,6244125
9/14/2018,493.4060059,495.9190493,487.3288616,488.446813,3386665
9/17/2018,490.8547363,499.7411349,486.9179365,493.2435563,3458865
9/18/2018,493.8455505,503.9454885,491.14139,493.0333167,5557290
9/19/2018,498.2313843,503.754364,491.3325002,497.5243029,4349735
9/21/2018,488.5136719,510.4047919,466.507864,505.2736114,7055035
9/24/2018,488.0741577,497.0561151,483.3633825,492.6320158,3443295
9/25/2018,499.1105042,500.5533024,487.3670281,491.2560339,3796255
9/26/2018,497.0369568,509.1435379,495.1545947,500.2570813,6031190
9/27/2018,485.5993652,500.7635907,483.3060746,498.7665114,5251760
9/28/2018,483.6214294,492.4791934,474.8114594,489.0392573,5348515
10/1/2018,479.4075317,485.5420346,466.3645798,483.6883079,3811780
10/3/2018,475.7669678,487.128181,474.3241111,481.0128074,3529440
10/4/2018,453.3884888,476.6078376,451.056998,471.8397328,4021070
10/5/2018,457.611908,464.2146098,449.1554795,450.2447954,3684765
10/8/2018,447.2062073,460.1345,445.6582566,457.6979153,3018945
10/9/2018,469.00177,473.3685397,447.5597497,450.5600923,5638370
10/10/2018,474.8209534,480.4489977,469.3553324,471.075271,4467855
10/11/2018,469.9286804,480.8217235,460.1823119,460.9562872,2740135
10/12/2018,468.3042603,476.034478,464.8547891,470.1197576,4626930
10/15/2018,490.5393677,493.0428462,466.9473808,470.3299578,5616380
10/16/2018,491.8293152,494.9634748,484.9304314,490.5489404,3000015
10/17/2018,490.1858826,496.6834616,487.7015038,493.0524667,2460045
10/19/2018,487.7683716,493.6066627,483.592719,487.3192723,2184920
10/22/2018,481.4714355,493.5588876,477.0473364,489.7080819,2781960
10/23/2018,472.7474976,486.6026541,463.4501992,482.5320954,4117545
10/24/2018,465.2083435,477.1906727,456.0830629,475.470734,3628220
10/25/2018,456.8379517,467.2436366,454.831337,460.8702811,6696500
10/26/2018,459.5229797,468.2087259,452.5476078,457.0099364,5628260
10/29/2018,484.0609436,489.0392365,466.2785809,466.2976809,5153915
10/30/2018,495.7852173,498.785589,480.6783228,483.6309298,4855195
10/31/2018,485.8764343,488.1601603,463.0584205,466.0970218,11364110
11/1/2018,470.4255676,491.9918423,467.5398543,489.2303523,6852830
11/2/2018,463.0966187,473.1583269,459.3318362,471.1708416,4403540
11/5/2018,462.6475525,468.590938,456.9335136,466.2976765,2647945
11/6/2018,468.3711548,470.1197581,460.9466838,462.2270878,1894150
11/7/2018,468.7724915,472.0117455,466.6798827,470.1197895,389780
11/9/2018,458.6533813,471.0752438,456.5512084,471.0752438,5014635
11/12/2018,461.6251221,465.886798,457.697916,461.3098107,2439440
11/13/2018,465.9249878,468.3998309,461.6251119,461.711135,2348490
11/14/2018,468.0653687,472.0308038,459.9529166,468.189592,2151265
11/15/2018,470.4637146,477.372192,468.1991181,469.5081867,2493625
11/16/2018,473.3781128,477.1524308,466.689417,470.6930815,2129050
11/19/2018,483.2296143,486.4784036,475.852937,486.4593035,4735110
11/20/2018,466.8996277,481.6051877,465.829441,481.6051877,2705585
11/21/2018,497.2185364,507.3853683,492.5077903,498.4033818,22429120
11/22/2018,498.5372009,500.6393743,492.2116098,493.0524792,5046020
11/26/2018,488.9627991,504.1174886,481.7867743,498.2123325,5648170
11/27/2018,494.7246094,497.4096407,485.790417,492.0969074,5237990
11/28/2018,491.5809326,495.9859025,486.8892577,495.9190085,3221465
11/29/2018,507.442688,509.6213198,492.1160401,493.8168496,5241465
11/30/2018,520.2276001,522.587726,507.7770439,508.5319482,7459140
12/3/2018,509.8506775,524.126269,506.8980701,523.3617999,4919170
12/4/2018,516.7590942,519.5874781,512.506983,513.6918284,4577265
12/5/2018,510.5672913,518.6510208,505.7800867,515.2207079,2238155
12/6/2018,504.7481079,512.3541319,500.9164312,510.4430759,2575765
12/7/2018,514.5613403,518.7178634,505.0920262,508.5319616,5898375
12/10/2018,514.1600342,517.3228292,501.289043,501.289043,5025935
12/11/2018,519.0713501,525.5307274,509.5065075,509.9652005,4203895
12/12/2018,494.2660217,518.1924235,484.2807418,510.2519876,17065640
12/13/2018,496.2725525,501.6521796,490.6062787,501.6521796,5189005
12/14/2018,495.2883606,498.7091085,490.7591093,495.9189834,2931800
12/17/2018,499.3875732,503.5632257,496.9127302,497.7727287,2962015
12/18/2018,504.3849487,505.4742645,493.4632717,497.2184894,3696265
12/19/2018,499.5021973,506.6208916,493.941018,505.4742465,4206195
12/20/2018,502.3114929,503.3625503,495.3457151,498.3460286,2465430
12/21/2018,498.4129028,499.9895472,492.6892999,498.670914,3739795
12/24/2018,496.8363953,501.2891304,492.708507,498.7856515,2523195
12/26/2018,501.1362,502.2254575,492.1350848,496.4922899,3768120
12/27/2018,494.4761658,505.4743022,493.3104496,504.7098914,2937890
12/28/2018,501.0597534,503.1809975,497.0847245,497.8300643,2988500
12/31/2018,500.027832,509.0671487,498.7856572,503.5059682,5132645
1/1/2019,498.2218933,503.3722039,496.8746243,500.3336315,1693785
1/2/2019,497.0752563,500.314452,492.1064989,498.0212198,2087755
1/3/2019,492.5459595,499.7029127,489.9947162,497.830057,2709455
1/4/2019,496.8746033,498.0212486,489.6126132,493.0524909,2036985
1/7/2019,488.9723511,499.5213883,484.8922279,499.5213883,2712075
1/8/2019,491.2368774,494.3614724,487.5103536,489.4214094,3447490
1/9/2019,497.4669495,498.9575707,493.2244031,493.2244031,2321680
1/10/2019,496.9509583,498.7855555,493.6543754,496.5113944,1952070
1/11/2019,494.6099243,498.9384355,493.0524091,498.9384355,1583935
1/14/2019,492.8231201,497.8300774,488.2747976,494.0748594,1972390
1/15/2019,495.8807983,497.6389371,493.3104259,494.0079426,1787885
1/16/2019,500.1138306,502.1681808,492.1542657,493.0524644,4730740
1/17/2019,500.5342407,502.3784027,496.8745522,500.6966642,3249010
1/18/2019,496.26297,502.4834661,495.8234644,497.8300498,2681365
1/21/2019,496.8363953,504.9010545,493.3964592,497.8301235,2975320
1/22/2019,504.5761108,505.4743095,494.9539369,496.7025695,3880330
1/23/2019,505.8087463,508.340919,502.6077507,504.490113,3772630
1/24/2019,509.955719,511.1501289,504.9105034,504.9105034,3057825
1/25/2019,510.7105713,514.2651657,505.5698261,510.347466,3046410
1/28/2019,501.6044312,510.6150531,496.3107688,510.6150531,3424970
1/29/2019,509.5735168,512.9274295,497.4478639,499.9322718,4338480
1/30/2019,509.3728638,512.1629891,504.0314368,507.3949139,3285070
1/31/2019,519.960083,521.441198,506.6209497,509.2964163,6157590
2/1/2019,533.4235229,538.7266919,518.8804143,519.3676846,7254975
2/4/2019,522.7119751,550.0018503,518.899428,536.6053885,10747910
2/5/2019,539.1948853,546.5333334,529.9358164,530.3562511,8266655
2/6/2019,533.1272583,538.1533446,527.6425373,538.1533446,4408975
2/7/2019,539.2617798,541.7843878,533.3757528,533.3757528,2809020
2/8/2019,529.3051758,538.5355505,525.8557337,538.5355505,3570965
2/11/2019,499.8081055,517.5045051,489.1061788,508.3600939,9477310
2/12/2019,506.9075928,511.4845508,493.8168478,500.5055437,6546620
2/14/2019,509.7264404,511.1979326,499.9322781,506.1814104,2987045
2/15/2019,489.8705444,508.3409178,357.9312454,508.3409178,33781355
2/18/2019,490.2909851,514.0071984,486.3733434,506.4298679,13437905
2/19/2019,484.8158264,498.7856418,478.7386529,493.8073197,11348990
2/20/2019,482.5703125,493.8168667,479.3979525,492.0777988,7798610
2/21/2019,494.2564697,498.0212527,481.5574932,487.3193265,6551985
2/22/2019,504.4231873,506.4297725,488.4085308,493.9601454,6890795
2/25/2019,509.6596069,515.0201058,501.2318417,504.5666256,6377575
2/26/2019,506.0093994,508.3217608,502.4070402,507.1751739,5065570
2/27/2019,505.8373718,512.7362554,502.6172474,509.2008487,3965490
2/28/2019,502.9230652,510.0608313,499.7889054,510.0608313,3348795
3/1/2019,505.6654663,507.7867106,493.0620487,504.1365864,4428975
3/5/2019,507.2133484,510.0226029,497.7535984,503.5632247,3233555
3/6/2019,514.7716064,517.6095551,507.7007339,508.45558,4261975
3/7/2019,512.3063965,520.9347846,510.0417996,514.0741001,4583795
3/8/2019,499.7506409,513.3000191,498.1166672,509.8696484,3424030
3/11/2019,501.8719177,507.5764498,498.986263,502.2254584,5568560
3/12/2019,509.6499939,511.3986266,504.1365784,505.8565755,2724340
3/13/2019,507.5477905,517.8961751,505.3978525,508.9141886,3520390
3/14/2019,506.0285034,510.4239086,499.9322305,507.5477602,2418560
3/15/2019,508.1307373,514.7907399,504.7003659,507.4809269,7180270
3/18/2019,510.1468506,511.0736847,505.120764,508.0351127,2272815
3/19/2019,517.6477661,519.2817401,510.1468941,510.2519882,4590280
3/20/2019,525.8557739,527.4514895,517.7050916,517.7050916,5759745
3/22/2019,525.7888794,531.0824838,523.3427299,531.0824838,3427005
3/25/2019,531.4550781,534.7134027,521.0971298,524.5657008,5049315
3/26/2019,531.7226563,533.9394883,527.929238,533.3757594,2420510
3/27/2019,528.4165039,537.7711012,524.4128396,531.4742049,3295160
3/28/2019,519.2720947,530.2606658,517.5138977,530.2606658,3317795
4/1/2019,534.1018677,539.4432357,531.6557187,534.8949138,3959055
4/2/2019,534.8567505,538.9177441,531.2735208,535.8600431,2941955
4/3/2019,528.4451904,536.777425,527.1552509,536.6245079,1842580
4/4/2019,529.6204834,533.6719125,526.2092417,529.8880009,2192480
4/5/2019,526.3717041,530.8913329,524.1071074,530.4708982,2225465
4/8/2019,528.1585083,531.2735387,524.6803726,527.451427,1535035
4/9/2019,526.1710205,528.5885343,523.036919,528.2158644,2065405
4/10/2019,528.4070435,541.956425,524.7951192,525.9513292,5386055
4/11/2019,537.3411255,537.962242,527.0405644,529.8689482,3186725
4/12/2019,536.4429321,539.1088925,532.4297613,535.0956634,3031110
4/15/2019,533.7197876,540.7907191,531.4647552,539.2236389,2782595
4/16/2019,539.892395,542.7398495,536.4333887,541.0199109,3857435
4/18/2019,534.923645,540.4370598,533.4425884,540.4370598,2168040
4/22/2019,534.2739258,538.9082131,530.318026,537.0067218,1736150
4/23/2019,539.3287354,541.3353794,535.1912822,535.1912822,2379440
4/24/2019,546.4473267,549.4285692,537.5991285,541.7843456,3740925
4/25/2019,558.9647827,561.8504961,542.6348409,544.9663317,5438620
4/26/2019,552.7251587,564.4303762,549.5336697,560.7037938,4628615
4/30/2019,560.6560059,563.7614716,553.3079938,554.9610385,3006375
5/2/2019,558.0092163,566.4369802,555.1617616,558.9838735,2940460
5/3/2019,555.6299438,560.464913,552.4289485,556.1364017,1822665
5/6/2019,558.1430054,559.929838,551.9129442,553.6233766,2055080
5/7/2019,562.3186646,564.1437557,559.0316459,561.0860544,2290700
5/8/2019,554.3018188,563.3411355,550.8810703,562.4238076,2251990
5/9/2019,554.3208618,555.9834711,542.4722921,550.8140906,3655600
5/10/2019,549.696167,557.4932497,547.7755464,555.7350525,1695460
5/13/2019,535.6211548,546.5523963,530.8244444,544.6604698,3296000
5/14/2019,536.5480957,540.255549,527.4610152,532.3819493,2424750
5/15/2019,537.6851807,545.386734,533.5668573,537.1978521,2394025
5/16/2019,535.2868042,540.1313382,527.489663,537.6087303,1926500
5/17/2019,524.5848389,537.0067021,509.7645912,533.3757076,5803605
5/20/2019,494.8488464,531.0824519,485.8955537,530.8913347,13296325
5/21/2019,509.6786804,515.9755776,495.727936,495.727936,10041680
5/22/2019,507.9109497,512.1439322,501.050265,509.2773479,3825980
5/23/2019,504.0028381,515.9660095,501.919794,512.1630266,2733160
5/24/2019,509.0862122,511.0067744,501.881494,506.4298164,2355750
5/27/2019,507.9587097,510.0608832,503.0759752,509.1053551,1703280
5/28/2019,506.8025513,512.9274606,501.9198168,509.2964656,6261485
5/29/2019,498.9289551,506.4298263,495.43169,506.4298263,3872490
5/30/2019,506.8884583,508.3217502,495.6036753,499.3588932,3638095
5/31/2019,511.8476563,513.6918183,501.9197649,508.2453554,4697455
6/3/2019,520.5907593,523.438214,506.8884624,512.1247954,2794240
6/4/2019,509.3632507,534.7993981,458.6533795,525.5403306,12191965
6/6/2019,507.8249817,517.8770976,505.2832443,516.281382,3042480
6/7/2019,493.1863098,507.6051968,488.3226459,506.4299159,3912170
6/10/2019,502.464386,504.0983599,491.0745083,498.4225211,3114925
6/11/2019,497.9925232,503.7448206,495.632397,503.7448206,2605765
6/12/2019,494.9061584,502.3783942,491.6191399,499.1678342,2644365
6/13/2019,494.6291199,497.3714807,488.733499,495.1546486,1843465
6/14/2019,490.2145691,493.4346939,483.3060618,493.4346939,3446035
6/17/2019,488.1123962,493.1385124,485.1407179,490.5681396,2634620
6/18/2019,495.2023621,496.874536,485.7999705,488.2747844,3325285
6/19/2019,487.48172,495.1259146,484.9304474,493.816846,4227975
6/20/2019,490.1476746,492.52693,481.2039171,487.3192906,2840740
6/21/2019,487.6154785,492.0969071,482.264516,489.2303231,2895690
6/24/2019,480.3247986,483.8793638,478.6526246,482.3505132,2261305
6/25/2019,484.6533203,487.7874508,475.4802462,478.1653066,2186090
6/26/2019,492.8517456,494.4761548,480.1910293,484.4431112,2506335
6/27/2019,490.3005676,492.842305,486.1535792,492.842305,2329305
6/28/2019,487.405304,499.7411747,484.7967019,494.9635344,4298885
7/1/2019,507.3566589,511.2074647,490.5871547,490.5871547,5592610
7/2/2019,502.1586609,508.713569,499.8558057,507.7676056,3333410
7/3/2019,496.243927,503.9359156,493.0524379,503.9359156,3132990
7/4/2019,497.3332214,500.6966988,495.5463886,497.0847748,1840500
7/5/2019,497.0561523,500.6011825,495.6419895,498.7856558,2458575
7/8/2019,496.0528259,500.6966781,489.0392247,494.0271112,2352875
7/9/2019,496.6548767,501.6522702,491.3899074,495.3458078,2041480
7/10/2019,493.9410706,497.428771,491.6000153,495.7279032,1555795
7/11/2019,507.0127258,508.7231584,494.0366969,494.1991203,3900525
7/12/2019,502.3401489,508.3886575,494.0366666,506.0476022,3309185
7/15/2019,505.999054,514.2892128,503.0334472,506.470843,2497770
7/16/2019,515.4157715,516.8600526,501.3003567,505.0458731,2961595
7/17/2019,513.4515381,517.6110745,508.8587057,513.3167244,2367680
7/18/2019,511.3813171,516.060773,506.4611478,513.249256,2172275
7/19/2019,503.2163391,516.0896911,501.463938,512.2286375,2341240
7/22/2019,506.9426575,508.7721037,500.7225991,504.3429398,1745260
7/23/2019,500.5589294,509.2823848,496.9193717,508.3869376,2400580
7/24/2019,500.5011292,502.8023643,492.0183879,499.7212198,2268320
7/25/2019,511.1021423,513.3937394,502.0802055,504.4969783,2581940
7/26/2019,520.8943481,522.6371114,504.8628652,508.3965227,2688095
7/29/2019,511.0732117,525.1020004,504.7858061,521.8475494,4598165
7/30/2019,492.9812317,518.6894444,490.8822171,509.927438,10986210
7/31/2019,495.7927551,498.7583618,487.7818323,488.1669681,4173450
8/1/2019,487.926239,495.484619,481.4366128,495.484619,4881245
8/2/2019,487.0500183,491.0554941,480.7048146,487.9358568,2969945
8/5/2019,484.2577515,488.7350163,481.5617723,485.8560925,1687875
8/6/2019,492.2494507,497.776223,481.6195641,483.323805,3016085
8/7/2019,492.3649902,498.5369171,489.3127596,491.0555229,1581395
8/8/2019,495.2824707,498.3636152,491.0651656,494.9069435,1276305
8/9/2019,495.5713196,498.700595,493.0005159,496.2067774,1869625
8/13/2019,492.2783203,500.5877838,489.3223811,496.4474649,1874220
8/14/2019,483.7281799,488.7061181,452.7724039,486.2508524,8047285
8/16/2019,479.9923401,487.0115243,474.6870053,487.0115243,3989225
8/19/2019,483.1793823,494.704716,480.4641271,489.1298128,3556515
8/20/2019,491.9413757,493.8381993,484.4118504,486.1931362,3047550
8/21/2019,482.0046997,486.6071405,479.6938561,481.4269815,4254970
8/22/2019,490.1696777,492.9812242,482.004695,482.004695,2648925
8/23/2019,489.3705139,493.1063919,486.0486561,490.1119009,2863550
8/26/2019,494.3677673,497.7955253,489.5246128,492.9716173,2175030
8/27/2019,489.2645874,497.6028762,487.7432618,495.869751,2915520
8/28/2019,483.7570801,494.714333,482.0913322,492.4997808,2116140
8/29/2019,486.7804565,488.1669686,480.2619457,484.3155527,2524850
8/30/2019,492.4998169,494.5217868,483.9304222,487.2426423,2876385
9/3/2019,487.7433167,494.3292638,485.8176087,492.6635158,1927265
9/4/2019,501.203949,502.9082192,487.7625167,489.1105357,4096285
9/5/2019,516.5614624,518.939742,507.7609639,507.7609639,4488550
9/6/2019,527.6343384,528.9823574,515.1365126,516.879276,3959170
9/9/2019,529.4156494,532.3908353,525.5449577,525.5449577,3199675
9/11/2019,531.6879883,535.0387014,527.8365723,529.9548628,3171745
9/12/2019,532.8530273,536.8873881,529.0112491,532.6508656,2347310
9/13/2019,526.0167236,538.2257043,518.5449678,535.6645387,5949000
9/16/2019,524.8131104,531.9960211,520.538037,525.9107778,4092125
9/17/2019,527.2684326,531.9575266,525.8337896,526.6811058,2342715
9/18/2019,528.3468018,531.8708799,522.8585815,527.6054442,1821510
9/19/2019,526.2093506,529.2230883,521.6068802,527.6632695,2319595
9/20/2019,546.477417,551.1376562,522.0690915,527.2588299,3830525
9/23/2019,532.8915405,546.901054,520.1337254,546.901054,4645190
9/24/2019,536.3577271,547.8638423,522.8296422,532.7855769,3398250
9/25/2019,534.0662231,536.1171069,529.5986252,529.5986252,2457150
9/26/2019,534.3549805,538.4086164,528.2120269,537.2724559,2524060
9/27/2019,525.8723145,536.5022602,523.8888376,535.7319888,2344830
9/30/2019,520.3744507,528.1350515,518.0924914,526.48855,2749030
10/1/2019,517.8902588,523.7925583,509.3304729,518.0154345,4860100
10/3/2019,515.5408325,516.9466203,507.6165641,516.0511733,1485000
10/4/2019,504.0925598,519.7485752,502.8697752,517.4377609,2221020
10/7/2019,503.8518372,509.3497545,496.1105123,506.4611926,2596265
10/9/2019,512.8930664,515.3194773,500.7418535,505.4502237,2332220
10/10/2019,507.1352844,513.567143,503.0046026,505.7198583,1440705
10/11/2019,510.5821838,512.0456818,502.0320367,509.3497027,2734535
10/14/2019,510.6784668,516.590404,504.7280366,510.6977427,1507185
10/15/2019,516.9852295,519.3442337,511.1888292,512.6235311,1710795
10/16/2019,520.2203979,525.4101954,517.4377944,522.0594821,1639185
10/17/2019,525.2175293,526.4885035,519.7485262,522.059399,1525070
10/18/2019,524.7265015,528.5971932,521.8764913,523.7925613,1446395
10/22/2019,541.2683716,543.1844415,522.0305097,524.2258449,3496720
10/23/2019,544.3399048,547.2765977,530.5421905,540.5077059,4897960
10/24/2019,544.0702515,548.8171144,533.4210891,546.8529135,3013160
10/25/2019,538.225708,543.819887,535.3371462,543.819887,2503975
10/27/2019,536.4251709,537.8501759,534.3839253,535.1541967,113015
10/29/2019,539.6796265,543.0496152,530.2340318,534.3839299,2668840
10/30/2019,531.4761963,544.7828472,527.9425381,544.7828472,2965735
10/31/2019,535.9630737,542.0675353,533.4404009,535.3275572,3601190
11/1/2019,530.8406372,544.8116572,526.8447699,536.117058,15004275
11/4/2019,538.7745361,541.123902,529.2904485,532.5063477,4044245
11/5/2019,542.2215576,548.7304594,537.6576395,538.0042528,4218310
11/6/2019,551.2723999,554.6038958,543.0689239,543.0689239,4502345
11/7/2019,552.8804932,555.2202217,544.782857,551.1377295,2205775
11/8/2019,543.4539795,550.7524285,541.5668235,550.7524285,1594930
11/11/2019,542.2312012,544.4649705,538.235334,541.5764088,1533320
11/13/2019,532.1019897,543.7910509,530.5325331,543.0496346,2283415
11/14/2019,526.4980469,534.8363343,524.745646,534.3838213,3242840
11/15/2019,525.8723145,529.1845346,522.3098017,529.1845346,1894225
11/18/2019,527.0663452,531.3028679,526.1034911,526.2960149,2113865
11/19/2019,528.2216797,531.5820895,524.6591669,527.8365733,2384625
11/20/2019,546.6410522,551.5130909,528.6068166,528.866806,4989880
11/21/2019,554.4594727,556.5296323,541.1624608,544.5902188,4794695
11/22/2019,552.9189453,559.3700793,547.4787964,549.7896696,2747755
11/25/2019,562.4318848,565.3878535,548.8363916,550.7524616,2343975
11/26/2019,571.1361694,572.898209,559.8322713,562.3549444,5280840
11/27/2019,572.3203735,576.1621511,566.6010191,570.0095007,2792575
11/28/2019,573.2350464,574.3616278,566.7454205,571.5693279,1282180
11/29/2019,561.1224365,572.8403531,557.5502271,572.8403531,2802065
12/2/2019,553.0054932,561.9214702,549.2118467,561.9214702,2990275
12/3/2019,550.4346924,556.0192335,549.144501,554.4112838,1906680
12/4/2019,554.1898193,555.74,550.4058106,550.7524239,2380810
12/5/2019,552.9863281,554.6039158,548.653485,554.5654228,2168805
12/6/2019,556.6835938,567.8912274,552.9959056,556.086629,4942595
12/9/2019,560.1403198,566.5433225,556.8955065,558.2627428,2646785
12/10/2019,557.973877,560.1402984,554.1224611,560.1402984,1742585
12/11/2019,556.105957,561.497916,553.6410531,558.4553232,2032640
12/12/2019,559.543335,562.0756456,556.5295973,558.4553053,2019050
12/13/2019,543.338501,551.8405183,533.9988054,551.7346184,6842090
12/16/2019,542.3468018,548.8171526,538.5050236,545.9382284,2301945
12/17/2019,544.378418,547.8639449,541.3165492,544.5902176,1835550
12/18/2019,553.3425293,553.8817251,544.3976374,546.9010341,2656160
12/19/2019,552.5914307,556.9820419,547.1032107,553.4483847,1991375
12/20/2019,551.397522,554.8445554,549.934024,551.7730491,1756605
12/23/2019,560.072876,561.9215391,552.2160136,552.2160136,1961175
12/24/2019,557.675354,562.0948793,555.7689221,562.0948793,1089215
12/26/2019,551.8308105,561.2956806,550.7524189,557.7908784,1284800
12/27/2019,557.9931641,559.4181692,551.0606036,553.6410452,1868265
12/30/2019,556.3081055,563.847209,553.6409814,555.0467692,1899395
12/31/2019,553.5543213,561.3149215,551.5323516,556.5295658,1516190
1/1/2020,554.4884033,556.2408048,550.7910179,554.6039411,773895
1/2/2020,551.6960449,556.9917417,550.7909598,555.3356611,1494155
1/3/2020,555.3548584,557.8775307,549.2214255,551.6959668,1723390
1/6/2020,554.3825073,558.0317031,549.6356438,552.8708194,1788685
1/7/2020,555.4127197,560.3810204,552.880409,556.5296045,1788175
1/8/2020,557.9257813,559.4181932,551.9079435,553.641069,1395115
1/9/2020,562.4030151,565.5034357,558.6479197,560.6891655,1877480
1/10/2020,564.8101196,579.2529293,563.2984906,564.2324307,5635735
1/13/2020,568.9888916,571.2612127,561.4786429,564.7908627,2209320
1/14/2020,567.6602173,571.7042159,564.6176244,569.0082364,1785850
1/15/2020,562.046814,567.4099184,558.4553869,567.3425116,1924335
1/16/2020,565.6669922,568.3726091,562.6243999,563.8471843,1917310
1/17/2020,584.3272095,587.1483647,566.158159,567.0054752,5585585
1/20/2020,589.1895752,593.1180358,583.8842405,585.992893,4373565
1/21/2020,589.3532715,593.0795114,584.615988,588.4096347,2853930
1/22/2020,589.661377,597.9419564,586.8402219,589.3725325,2798990
1/23/2020,585.059021,592.8677534,582.3341275,588.3616034,2130840
1/24/2020,583.7589722,586.7726502,582.5649842,586.1853235,1363645
1/27/2020,614.0601196,617.9596665,577.2309553,583.2969235,20699040
1/28/2020,614.137207,625.8454863,608.0904555,614.3008758,11511345
1/29/2020,606.2609253,616.5826899,596.8153318,614.1370624,6946015
1/30/2020,607.5319824,610.4494584,600.5417115,607.0409762,3366300
1/31/2020,599.7617798,614.6571029,597.3738619,607.6090046,3341175
2/3/2020,605.4714355,611.0270626,600.272001,601.5911061,2576210
2/4/2020,624.2856445,631.1700742,606.9927655,607.3682927,5149785
2/5/2020,603.3917236,625.8551248,601.148316,622.9665627,4781145
2/6/2020,608.3215332,611.7589292,604.0176038,609.9873107,2462660
2/7/2020,609.8139648,613.3379845,604.0946099,608.4948008,2676165
2/10/2020,606.4246216,611.0752222,599.4727862,609.7656962,1477975
2/11/2020,614.5319214,617.3723524,603.7094519,608.504446,3060520
2/12/2020,615.3984375,618.845412,609.303556,610.8633746,2843165
2/13/2020,640.2208862,642.5895283,615.6681084,620.6075543,8584320
2/14/2020,636.3116455,641.8384178,631.0545006,636.4849522,3533430
2/17/2020,634.6266479,643.5811779,633.0186983,640.4519025,3203305
2/18/2020,626.1150513,633.1727283,622.6295247,633.1727283,3486830
2/19/2020,631.2759399,635.2525315,627.3956103,627.3956103,1509105
2/20/2020,626.8756714,647.9910508,623.9389787,633.4230663,4622330
2/24/2020,611.6626587,627.2031368,609.7465886,627.2031368,3143085
2/25/2020,594.4467773,612.8180472,588.5637538,612.7602783,5005135
2/26/2020,592.2225342,599.9542202,589.3243346,596.3917079,3810845
2/27/2020,590.6242065,595.8140034,583.3161781,595.8140034,4677080
2/28/2020,563.6738892,594.7548399,559.4662225,583.489438,8299780
3/2/2020,559.5240479,577.1828152,553.8336068,570.2021241,4444330
3/3/2020,586.1277466,592.7329111,564.4731691,566.1581636,5280400
3/4/2020,610.7094116,613.6749596,584.6449474,590.2294887,9163610
3/5/2020,613.2320557,622.379168,609.7176153,610.6419762,5228710
3/6/2020,610.6323853,617.4686252,594.1194155,594.1194155,5629460
3/9/2020,589.5073242,614.1082306,582.7288536,608.282976,4992640
3/11/2020,577.8279419,593.8691226,574.438677,591.1923602,5845705
3/12/2020,548.9038086,574.3423941,539.8818716,567.6986782,3889695
3/13/2020,555.5859985,603.7864644,502.609756,525.7086126,4930170
3/16/2020,544.3880005,574.0438899,531.4953722,537.2724958,4715400
3/17/2020,535.5778809,559.2255719,531.0620934,544.975345,4684015
3/18/2020,513.8654785,539.5447745,504.7376427,539.5447745,4366425
3/19/2020,505.2961426,516.0704815,480.4737964,502.2246359,4838010
3/20/2020,557.9257813,567.891297,508.5795121,508.5795121,7772855
3/23/2020,533.1129761,586.7632295,516.137856,516.137856,4816170
3/24/2020,550.3577271,570.0095507,539.4100233,548.8267634,5340585
3/25/2020,562.6918335,567.8719921,538.370135,544.4457406,4097050
3/26/2020,567.8046265,590.5279563,554.459426,572.9365957,3194975
3/27/2020,561.6327515,586.7536393,548.0757501,568.6230812,4007940
3/30/2020,576.6050415,587.3408861,541.3164809,554.5268084,5752295
3/31/2020,600.965332,606.9831694,583.8842531,587.3409248,5013780
4/1/2020,596.0065918,605.4425487,590.4220507,600.8112236,3555215
4/3/2020,605.9818115,619.8565713,582.5459768,594.0809496,5868365
4/7/2020,690.0197754,696.2590511,618.1523314,625.8551641,11837790
4/8/2020,709.2382202,725.029049,668.4132466,678.8120579,12611475
4/9/2020,697.4047241,733.6946909,691.9453588,720.214736,9804680
4/13/2020,721.4857178,742.5529666,694.6413454,711.3564756,11611945
4/15/2020,733.232605,749.7936469,727.1473606,736.5833181,8625555
4/16/2020,743.4484863,749.1004348,727.9176461,733.0015436,7329295
4/17/2020,756.7164917,769.878747,736.313615,764.5060057,9074610
4/20/2020,740.3865356,755.8306914,733.752458,755.5611229,7493955
4/21/2020,773.4414063,779.4880989,736.0152164,738.5090342,14239375
4/22/2020,781.2211304,788.4425347,762.8210063,768.3477784,8917130
4/23/2020,775.5018311,786.8442791,772.0644353,776.2528854,5128285
4/24/2020,770.8223267,779.8346252,764.5252832,772.2088386,6330770
4/27/2020,766.489502,782.8195259,761.6271013,770.8223447,5624485
4/28/2020,760.6065063,777.2542304,749.4951339,776.0603008,4305840
4/29/2020,747.3095093,764.5060674,745.7400526,760.6065205,5198230
4/30/2020,758.0164185,788.3366803,750.0728733,757.4001778,10890150
5/4/2020,758.5363159,771.4385821,741.0509144,741.3975277,7077435
5/5/2020,738.2971802,767.6545877,732.9244387,766.4317444,3978630
5/6/2020,741.8789673,747.174664,732.7414927,741.5901229,4779515
5/7/2020,739.0193481,758.0645694,735.3412389,752.7400174,4581335
5/8/2020,767.2020264,795.7410319,751.0453674,751.0453674,10017290
5/11/2020,743.708374,766.0080444,741.021974,766.0080444,5974940
5/12/2020,726.6466064,752.8747384,723.9024962,743.9394844,5392485
5/13/2020,727.8405151,741.2049322,719.2711506,741.2049322,4392175
5/14/2020,718.6741943,735.610762,716.0936941,729.8432764,4485705
5/15/2020,719.2712402,727.705851,715.7952925,721.370255,4496935
5/18/2020,708.4968872,724.5572851,695.9220161,724.095134,4954380
5/19/2020,712.4349365,716.7485625,704.828425,712.5408951,4677020
5/20/2020,752.9902344,756.8031569,711.1927729,716.5366002,21083545
5/21/2020,740.9161377,761.4538295,736.6795567,760.6546443,8672120
5/22/2020,749.649231,752.9518131,733.887316,739.5873951,5052550
5/26/2020,744.1513672,758.536409,742.0619904,750.8335766,4136880
5/27/2020,747.7523804,751.0261074,734.4650071,744.2379986,4308340
5/28/2020,748.6671143,753.1058571,739.9532973,750.0632643,3962810
5/29/2020,784.0039063,787.7494226,745.1142173,747.174739,9631120
6/1/2020,761.3382568,788.0670327,758.931122,785.2266606,6848855
6/2/2020,750.1209717,771.688923,748.3300775,767.3945733,7451040
6/3/2020,763.0424805,768.3574531,753.1925034,756.5721301,3694130
6/4/2020,770.0714111,781.2597701,761.935283,762.5611028,5997250
6/5/2020,775.078186,779.9117319,768.800418,774.0287081,3855025
6/8/2020,764.0438232,777.0037987,759.1140161,777.0037987,3559990
6/9/2020,794.1235352,797.6283381,756.8033019,756.8033019,11375810
6/10/2020,791.9473267,806.871562,787.1715502,798.205877,7769840
6/11/2020,781.3752441,794.9226061,777.4082906,792.0436234,4137580
6/12/2020,771.8140869,777.331221,766.6242903,768.7425806,3911520
6/15/2020,772.6517334,794.7203275,762.6957986,779.5264653,6959575
6/16/2020,771.3326416,785.6887671,761.1841241,782.8002055,3900130
6/17/2020,767.4331055,778.515564,764.8912157,771.3327111,3186815
6/18/2020,771.6311646,780.3834739,768.7426028,772.2088534,3614150
6/19/2020,771.3616333,778.929652,768.7426985,774.1827886,3654715
6/22/2020,776.6091919,782.3189093,772.3822485,776.4455232,2655980
6/23/2020,791.2445068,795.3173602,778.0052651,779.5073149,4799415
6/24/2020,778.4963379,796.6076185,775.732893,791.9377415,2677740
6/25/2020,771.5541382,778.1785781,765.7673765,776.0602876,3769375
6/26/2020,770.0135498,782.8002788,763.5431993,773.171739,3719560
6/29/2020,765.2474365,778.7562466,762.3395988,769.8979787,2692435
6/30/2020,759.6821899,772.3822369,755.9366737,770.2832222,3404710
7/1/2020,753.230957,763.735726,748.3011498,763.5816365,3117825
7/2/2020,754.9833374,766.2391015,751.2186046,759.8842895,3711465
7/3/2020,755.1567383,764.1113274,752.9518238,758.7289478,2280380
7/6/2020,749.4854736,758.7288472,746.596912,755.8402856,2848085
7/7/2020,736.2943726,754.6848581,734.4649267,750.0438954,5179985
7/8/2020,748.4649048,759.6339869,737.7386978,737.7386978,6811290
7/9/2020,750.3713379,754.2997984,742.1774415,751.9889255,2455715
7/10/2020,752.0755615,762.0025827,747.79085,750.9682561,4152955
7/13/2020,755.7774658,761.4755276,750.8255971,758.83002,2678440
7/14/2020,771.9800415,774.4802256,750.8255063,756.6398495,6044725
7/15/2020,782.3101807,784.5099595,767.6871404,773.1138371,5296965
7/16/2020,804.7341919,806.8273886,777.397066,781.273295,7809325
7/17/2020,798.2608643,805.8679396,794.6268998,802.5731806,3712880
7/20/2020,793.0957642,805.0926968,789.2776765,802.2533664,3144360
7/21/2020,781.7481689,800.5769436,776.4183543,794.6753591,3316480
7/22/2020,787.1845093,800.441204,780.1007039,785.6243415,4093845
7/23/2020,800.4412231,802.3793375,787.2620693,792.863189,3559780
7/24/2020,788.0275879,810.1123791,785.2560986,800.4412076,5479715
7/27/2020,778.2886353,791.8457364,768.0650933,791.7197542,2909240
7/28/2020,785.197937,793.0763762,776.670187,778.9281066,2592970
7/29/2020,833.8154907,840.3663262,789.859075,791.2254195,24766165
7/30/2020,875.3687134,883.7801224,841.1416077,851.5880722,31472050
7/31/2020,876.2312622,882.0068055,863.507536,868.0814578,7910670
8/3/2020,877.4715576,905.0993867,872.1514433,876.2311952,12183250
8/4/2020,898.2868652,902.0662117,870.2424085,878.1014477,8332715
8/5/2020,891.7166748,904.2659764,887.9858285,902.20188,5060070
8/6/2020,888.2474976,902.7736554,885.2434439,893.48043,4587005
8/7/2020,886.3966675,912.2705076,883.8867832,889.5945445,8326715
8/10/2020,909.1500244,922.2710369,892.5016298,892.5016298,8697180
8/11/2020,890.7379761,918.3852059,884.7492098,913.8306254,6457605
8/12/2020,875.6690674,887.6368988,869.0600909,886.6872418,5353620
8/13/2020,872.5875244,889.6817068,870.5524689,881.8711085,4550210
8/14/2020,875.911377,888.8192252,866.3370876,877.2195804,5753920
8/17/2020,875.8629761,885.7182711,872.1902115,875.9211171,3388330
8/18/2020,876.1052246,883.7219998,870.6687689,879.5162656,3252160
8/19/2020,870.0679321,883.5765911,867.5193071,879.9038858,4036070
8/20/2020,867.499939,877.3067922,864.6121085,869.2442299,4033835
8/21/2020,870.164917,876.0277012,867.034822,876.0277012,2438510
8/24/2020,866.8314209,873.5275806,857.6156769,870.1649802,3676190
8/25/2020,858.1387939,870.6783951,856.6464673,870.2132666,3010780
8/26/2020,859.505249,863.0229312,852.77029,858.7784562,3460010
8/27/2020,859.9413452,866.0075933,856.0651166,860.9878844,4518315
8/28/2020,847.7894287,865.5619651,845.1729623,864.3990845,5814245
8/31/2020,826.5476074,857.6155773,817.2349824,847.9250058,5944120
9/1/2020,843.4576416,848.0994039,820.2099707,827.7879454,4063205
9/2/2020,843.6127319,852.2664056,836.6258674,843.3220266,3018485
9/3/2020,859.1951904,865.5619033,841.1707502,847.8378093,4691970
9/4/2020,837.75,868.9439555,831.8290743,852.7703875,6774000
9/7/2020,856.6174316,859.7475265,832.4685437,841.9459512,6153985
9/8/2020,842.847229,868.5659867,838.9710001,865.3681097,7357755
9/9/2020,858.4780273,861.2979575,840.2888063,843.0602954,6175435
9/10/2020,848.9231567,864.7866174,841.2481816,864.3989709,4355845
9/11/2020,853.0804443,861.8795003,847.9250529,852.7703389,4434725
9/14/2020,845.812439,857.3538832,840.3663427,857.3538832,2924530
9/15/2020,860.9782104,881.6482168,847.45021,847.9153385,12522330
9/16/2020,896.9399414,901.3781806,854.9022371,863.4299283,14898945
9/17/2020,935.5762329,939.122956,902.1825024,911.6889506,42149590
9/18/2020,1033.664307,1065.37183,959.4150881,969.0572192,109935390
9/21/2020,996.5784302,1068.414644,990.6187048,1033.664267,63716980
9/22/2020,1001.607788,1019.448164,979.7168193,1010.532885,38516740
9/23/2020,989.9403076,1023.324338,980.5695417,1018.672816,25066590
9/24/2020,974.3676147,1008.381499,969.5417288,980.6858866,25989895
9/25/2020,990.8027954,998.7102757,977.5848417,992.3145222,17571115
9/28/2020,994.2235718,1007.819472,986.6552375,1007.809772,12487900
9/29/2020,985.3760986,999.0882218,981.9262575,994.2526361,7146485
9/30/2020,1005.454956,1030.689123,985.531085,988.4382564,26977680
10/1/2020,990.7736816,1018.672815,986.1900603,1012.664708,11385685
10/5/2020,999.9701538,1005.881379,989.0197601,1002.00515,9188390
10/6/2020,995.5125122,1013.003924,990.8028492,999.9701517,8450035
10/7/2020,989.3977051,1006.850435,987.1204443,997.1598627,7912070
10/8/2020,1006.734192,1010.687903,979.9106945,996.9661375,11102775
10/9/2020,998.7103271,1019.060528,995.415509,998.3226806,11669875
10/12/2020,1011.792542,1015.184242,990.5702255,999.6987273,9678985
10/13/2020,1001.762878,1031.619587,999.6502817,1013.633829,16819870
10/14/2020,992.8959961,1011.647229,986.6649653,1002.974215,9322630
10/15/2020,979.9590454,1001.036038,972.9527811,997.8672027,8842090
10/16/2020,984.6687012,993.2836339,972.9334326,976.0344275,10115525
10/19/2020,980.3272705,1010.726588,977.2068758,1009.951295,10753270
10/20/2020,982.8468018,990.3763946,975.0556037,980.0947126,6901450
10/21/2020,978.1177979,987.7696282,950.945457,987.7696282,8006955
10/22/2020,973.3210449,977.7205432,936.3030492,976.1700754,24590740
10/23/2020,972.5942993,986.69407,968.2819829,978.9416123,9087405
10/26/2020,964.8127441,981.0735527,959.6089116,970.6076874,7040385
10/27/2020,988.3220825,993.6712973,961.4016446,967.1191058,9217170
10/28/2020,959.5603638,998.128825,953.5521978,990.3763681,18141410
10/29/2020,957.8063965,976.8095927,948.6972358,953.5522215,11551185
10/30/2020,947.4763184,964.8030666,943.8908539,964.0181326,6316955
11/2/2020,941.6619263,953.5522769,934.3261562,948.9008143,5854965
11/3/2020,945.2861328,953.5522185,936.3223543,940.1792419,7304100
11/4/2020,956.5757446,962.2350647,945.2959046,950.0152084,7607400
11/5/2020,961.0140381,968.9215188,953.9592733,963.7758275,5170230
11/6/2020,950.2478027,961.8667888,947.9026418,961.8667888,5452210
11/9/2020,945.7319946,960.1418706,943.8617213,954.5213506,6028255
11/10/2020,910.526123,943.4740679,906.9212586,934.9463764,9830150
11/11/2020,946.2164917,953.5328616,909.1887957,916.7280889,13535220
11/12/2020,935.4986572,954.521253,931.2638824,944.8306819,6582350
11/13/2020,941.3227539,946.7397503,936.1189217,939.9854503,5459350
11/14/2020,944.2590332,949.2884426,936.1092879,946.0324245,676080
11/17/2020,927.2230225,945.7707324,924.480574,944.8307753,6416065
11/18/2020,911.6502686,929.3258626,906.0684896,927.3877482,6500295
11/19/2020,912.4061279,932.5819067,902.5799325,906.0685149,8836445
11/20/2020,905.2834473,921.0500251,902.4441171,916.7280092,4774680
11/23/2020,935.8669434,943.8616649,905.312543,908.0065503,10763015
11/24/2020,952.6800537,957.4284574,927.5427091,939.9854288,9611490
11/25/2020,931.5159302,972.3520146,926.6125031,968.66955,13295580
11/26/2020,949.9376831,955.3546795,925.2170254,932.2329898,8336175
11/27/2020,935.9057007,956.5660066,932.0779722,949.8698476,10018690
12/1/2020,936.1867676,943.8616838,931.4577639,943.8616838,5585950
12/2/2020,940.0339355,947.5441289,932.4268601,940.392482,6117260
12/3/2020,954.1434326,957.2347276,938.5513348,943.8617495,5174465
12/4/2020,951.3331299,961.4112889,942.330551,957.4284782,6998410
12/7/2020,974.6971436,983.3992585,950.6645362,955.4904223,12029520
12/8/2020,972.0030518,984.5620536,960.5100483,978.7477107,6638505
12/9/2020,980.085083,988.4383514,973.9024933,973.9024933,6767490
12/10/2020,979.3485718,985.8025258,971.9643607,980.2982289,4741470
12/11/2020,972.3423462,985.3470776,966.1113153,979.7362576,3839815
12/14/2020,973.4760742,979.5229815,959.7542506,959.7542506,5918125
12/15/2020,975.1332397,983.7869137,971.0340874,978.1566936,5025520
12/16/2020,976.6060791,979.086863,970.2200256,978.7477167,4162280
12/17/2020,983.1763306,995.1248219,974.8715036,978.7477322,6803005
12/18/2020,1013.391541,1020.000458,984.2035432,984.5620896,18525665
12/21/2020,982.3430176,1022.200287,961.7020514,1016.153379,9061285
12/22/2020,1000.415833,1002.974158,956.7210784,989.930627,7764120
12/23/2020,1012.490234,1015.319924,994.4948952,1000.348038,4062350
12/24/2020,1008.168335,1016.92865,1001.036088,1016.92865,3378180
12/28/2020,1008.168335,1014.602889,1005.299964,1013.275285,2055865
12/29/2020,1001.152405,1021.19256,997.2761758,1012.664809,4412165
12/30/2020,1002.189148,1006.162377,996.6752696,1006.162377,2376345
12/31/2020,1008.807861,1018.236768,1000.260711,1005.88129,6036190
1/1/2021,1015.833496,1018.449903,1007.819375,1011.162575,2915215
1/4/2021,1021.822205,1028.818887,1015.833498,1019.448062,3923440
1/5/2021,1024.661621,1034.371592,1013.042636,1015.571861,4770920
1/6/2021,1024.933105,1030.107838,1012.858572,1024.661741,2713390
1/7/2021,1021.560608,1032.045753,1018.091308,1027.394232,3266465
1/8/2021,1034.613892,1038.829267,1023.130588,1027.181181,4045915
1/11/2021,1049.837769,1051.814683,1032.239657,1035.728358,4599235
1/12/2021,1037.637451,1055.012581,1032.908447,1054.518353,3741860
1/13/2021,1025.262451,1041.736423,1015.184233,1039.798308,3296060
1/14/2021,1028.925537,1032.627283,1020.417187,1028.150244,2674860
1/15/2021,1010.300293,1030.107765,1006.966675,1030.107765,2577605
1/18/2021,979.1547241,1015.174562,975.8405652,1013.827559,4412055
1/19/2021,986.2870483,989.397684,976.1409889,986.112566,3990495
1/20/2021,984.6881104,1000.018543,981.6646566,988.8841446,3398145
1/21/2021,979.1742554,995.8032525,975.6275317,990.3765553,2906620
1/22/2021,976.2088013,989.4751961,966.1499833,978.505462,3815610
1/25/2021,985.0272217,993.9426187,961.3047209,977.1972823,3588895
1/27/2021,951.4784546,979.2128659,936.6518918,979.2128659,5261980
1/28/2021,944.2105103,950.4415406,925.8372245,939.0163781,5165470
1/29/2021,892.0559082,952.5832432,881.8420664,947.7379571,14820975
2/1/2021,858.2260742,887.2009062,851.4232742,883.7898061,12951700
2/2/2021,868.7597656,877.5781623,849.0879166,866.1432994,18375530
2/3/2021,901.1359253,922.8525296,880.3787373,887.4528428,17227025
2/4/2021,904.7020874,912.0765981,895.8157908,909.557014,6508800
2/5/2021,930.4693604,936.1092805,896.5039164,908.0066209,12038405
2/8/2021,941.8847656,951.6043776,935.1401069,942.8925637,10792890
2/9/2021,938.84198,948.8426571,931.2639458,939.9854604,6233845
2/10/2021,934.9561157,946.5945027,922.7363181,939.0164679,5767115
2/11/2021,935.1498413,941.9235413,932.2329699,934.3649074,3557750
2/12/2021,928.7443848,941.8847972,927.3876811,941.8847972,2504510
2/15/2021,912.8228149,936.7973406,910.9235006,928.7444774,4923205
2/16/2021,910.2548218,922.8525655,905.0994303,916.5342935,4064700
2/17/2021,891.6390991,912.8420728,887.6562887,910.254707,5106775
2/18/2021,894.817749,903.9075104,883.7801732,892.8893346,5147530
2/19/2021,907.3185425,916.3404626,877.9658213,891.9202686,6392670
2/22/2021,866.1917725,916.1370194,861.1333222,912.4642547,6976565
2/23/2021,871.2115479,878.7992234,856.7434714,871.7638584,5317090
2/24/2021,859.6602783,876.7544607,848.3126569,871.2114822,3677930
2/25/2021,868.3043213,889.5944788,856.8693994,856.8693994,8531875
2/26/2021,857.9160156,883.5087899,853.7393815,864.3990106,7534450
3/1/2021,863.119812,867.8875566,852.8187298,861.4918031,3545365
3/2/2021,853.6812744,868.2558738,850.8613439,866.9961112,9188390
3/3/2021,872.6456909,875.2040161,857.8094279,865.368062,4253070
3/4/2021,886.6969604,888.3055692,861.2979522,868.6628217,7364955
3/5/2021,870.697937,883.7802099,869.0505279,881.8420954,4131845
3/8/2021,870.649353,876.4152545,864.9803336,872.1513797,2782080
3/9/2021,862.1314087,876.0277151,855.9682191,872.3356095,2715590
3/10/2021,872.2289429,875.9985301,863.633411,871.3761679,3149805
3/12/2021,857.90625,877.956044,853.3710698,876.0276298,3439260
3/15/2021,841.5776978,864.8253694,830.4819815,864.3989819,4608715
3/16/2021,862.402771,865.6975892,845.9869396,848.9135113,4678635
3/17/2021,844.213501,865.3680351,841.9749813,862.4027226,4769865
3/18/2021,816.479126,848.6033956,813.0486848,846.9559865,6054535
3/19/2021,828.4373779,834.4261447,801.4103567,815.9462156,7062075
3/22/2021,843.8452759,846.5586833,827.2356809,828.9121308,4336515
3/23/2021,847.3920898,853.3517562,837.6724176,843.0797734,3326180
3/24/2021,843.1766357,856.452731,839.4651893,843.1281947,3912020
3/25/2021,849.0006714,853.1870055,830.4335619,843.0797462,4707080
3/26/2021,853.9331665,857.2279253,842.6339271,856.6465147,3626590
3/30/2021,875.678833,877.4715651,856.8500593,858.5749503,4331625
3/31/2021,875.2524414,881.2024666,868.4690413,874.089561,3862550
4/1/2021,889.1390991,890.5538848,876.425014,881.8420699,3238200
4/5/2021,883.1212158,888.4316304,857.402459,883.7801676,3661290
4/6/2021,895.2634888,899.2656998,880.291602,883.5863611,3711470
4/7/2021,909.4892578,917.5033204,899.4788806,903.6070737,5568060
4/8/2021,908.7915039,921.7671936,903.3938484,909.5085967,3303175
4/9/2021,922.6005859,929.1320219,909.2179085,909.5377139,6810735
4/12/2021,968.4661255,992.3146099,909.9447448,925.4496606,17568825
4/13/2021,925.8953857,997.1016286,920.8174765,997.1016286,19686170
4/15/2021,939.1229858,944.8404468,927.3877176,938.6094163,6934505
4/16/2021,948.3678589,957.4285201,933.2408309,942.6600977,5990145
4/19/2021,962.8745117,970.0261579,931.6611612,948.3192551,9219640
4/20/2021,999.4371338,1009.902999,986.4033616,988.4383581,17424880
4/22/2021,1007.790405,1025.262535,999.8732835,1003.933576,12120670
4/23/2021,981.984375,1020.640019,974.8908697,1013.246108,11774495
4/26/2021,981.984375,994.2526122,974.9199107,993.2835551,4752885
4/27/2021,980.1529541,991.5393766,973.1951302,986.5971492,4789175
4/28/2021,977.6721802,989.7756957,974.8715905,985.0563917,4219765
4/29/2021,988.8840942,996.966057,977.2554083,982.6724047,5359655
4/30/2021,1000.667847,1009.951372,993.3127356,996.1908071,6534750
5/3/2021,1005.096375,1010.213025,996.1907957,1006.646961,4689495
5/4/2021,982.0909424,1012.257636,979.5907585,1009.951275,3978090
5/5/2021,1000.251099,1008.207139,982.6240049,990.3764625,5055995
5/6/2021,1001.704712,1017.897739,994.2527186,1001.036119,4891875
5/7/2021,1002.915955,1017.316248,1001.229805,1007.809741,3924345
5/10/2021,1032.540039,1044.633853,1021.773829,1042.705439,11222420
5/11/2021,1026.415649,1036.881515,1021.638264,1032.045929,4724450
5/12/2021,1027.481689,1034.953083,1022.355339,1030.689207,4400825
5/14/2021,1007.208862,1046.27161,1000.066916,1034.671907,14885055
5/17/2021,1017.568176,1019.44809,997.1597765,1017.509976,6846935
5/18/2021,1010.813782,1028.150228,1009.757543,1025.310957,4550200
5/19/2021,1015.145508,1020.223358,1008.991901,1014.602779,4594605
5/20/2021,1014.854736,1024.487107,1012.664658,1018.479,3879585
5/21/2021,1011.007751,1021.289434,1007.102422,1018.672909,3558170
5/24/2021,1021.80304,1027.006872,1012.994224,1014.796657,3532490
5/25/2021,1029.371216,1031.076766,1018.479023,1025.146141,3478075
5/26/2021,1024.332275,1033.984047,1022.355361,1031.076876,2537400
5/27/2021,1021.163391,1024.080263,1013.662898,1023.082105,3891965
5/28/2021,1006.763245,1023.324399,998.1289119,1023.324399,4373725
5/31/2021,1028.973999,1034.032568,1002.228043,1011.11434,4338240
6/1/2021,1030.398682,1034.75944,1020.475544,1028.169803,3736865
6/2/2021,1029.594116,1037.666438,1023.905756,1028.411895,2729755
6/3/2021,1023.818542,1034.952999,1020.804789,1029.138657,2833590
6/4/2021,1018.479187,1025.262588,1015.959662,1023.818702,2007655
6/7/2021,1011.540588,1022.113035,1010.280885,1019.641892,1819835
6/8/2021,1022.306824,1026.406035,998.1482945,1011.695695,3663570
6/9/2021,1012.238464,1029.138765,1009.379675,1022.917376,2365525
6/10/2021,1025.659668,1027.200435,1014.118166,1014.118166,1836400
6/11/2021,1056.85376,1064.005407,1024.981454,1027.200633,7277420
6/14/2021,1058.472168,1068.870133,1040.767473,1056.8538,4489710
6/15/2021,1048.68457,1062.677698,1046.96932,1061.11753,2844075
6/16/2021,1047.763794,1057.82261,1035.011089,1048.519687,3492955
6/17/2021,1024.584106,1049.295062,1017.228878,1047.763876,3536160
6/18/2021,1024.080322,1035.922173,1014.564114,1030.10783,3487140
6/21/2021,1023.711975,1027.200557,1013.052347,1022.355271,2077445
6/22/2021,1028.818848,1031.076708,1017.606791,1024.390191,2134275
6/23/2021,1027.074585,1036.881438,1024.719724,1031.464442,2055715
6/24/2021,1022.868958,1030.098086,1017.519743,1027.006851,1830910
6/25/2021,1029.00293,1034.177661,1020.804745,1022.742859,2320365
6/28/2021,1047.405518,1050.448372,1029.633041,1032.821277,2964815
6/29/2021,1052.996826,1057.231601,1042.705444,1048.713551,2881305
6/30/2021,1051.049072,1059.915969,1047.55079,1054.140426,2340440
7/1/2021,1077.300903,1081.467897,1048.985079,1051.620886,4157750
7/2/2021,1080.634399,1085.344003,1068.191739,1081.467774,2858690
7/5/2021,1073.30835,1084.56879,1072.155228,1080.731361,1486705
7/6/2021,1073.608765,1077.82414,1068.676297,1073.676547,890540
7/7/2021,1077.998657,1088.173758,1068.879796,1071.583503,2692540
7/8/2021,1059.518555,1083.018189,1056.194755,1073.715265,2255835
7/9/2021,1063.130371,1074.802735,1054.690005,1060.735458,2304980
7/12/2021,1069.750244,1070.860059,1059.177949,1070.84057,913295
7/13/2021,1058.613403,1077.480016,1057.036323,1069.750291,1852410
7/14/2021,1049.608398,1062.857844,1045.062068,1058.613358,2506775
7/15/2021,1050.153442,1058.88579,1045.782396,1053.336836,1518410
7/16/2021,1052.665283,1061.125021,1048.245513,1050.026992,2189520
7/19/2021,1055.157227,1060.151333,1047.904632,1051.000324,1204290
7/20/2021,1040.496338,1058.399066,1036.319946,1058.399066,1322140
7/22/2021,1048.37207,1050.221762,1037.089132,1050.221762,929240
7/23/2021,1055.702637,1057.620421,1043.621354,1047.788002,1533805
7/26/2021,1053.5802,1060.540814,1051.350826,1055.089187,934695
7/27/2021,943.0090942,1060.141723,930.6747499,1058.788531,29369105
7/28/2021,921.2803345,949.1421608,908.5760523,948.1881409,16190650
7/29/2021,909.7735596,927.7542455,907.3105528,924.833718,5434680
7/30/2021,917.2792358,935.5422767,910.737283,912.1780575,6866000
8/2/2021,915.4003906,924.9310239,912.6843215,922.6919647,3781730
8/3/2021,919.3236084,920.8325356,913.4825538,920.6280773,2991305
8/4/2021,928.4940186,936.5157238,920.0828859,920.0828859,5520990
8/5/2021,931.1224976,936.3210027,923.2760169,933.4004755,2969750
8/6/2021,931.9013062,935.7855979,926.0602517,934.2571815,1998185
8/9/2021,938.1707764,941.149712,926.6444019,933.5952715,2717725
8/10/2021,928.6790161,946.0269554,921.6308197,942.1620934,3083355
8/11/2021,923.8309326,928.1338858,913.151566,927.7542029,2633925
8/12/2021,918.291748,925.476191,913.2489183,924.7168847,3107090
8/13/2021,905.7918701,922.0689148,901.8589145,919.4015092,3969475
8/16/2021,907.5343628,912.4992948,897.3806701,903.4164383,2096145
8/17/2021,915.1958618,918.8368357,907.5343501,908.2839711,2130070
8/18/2021,912.5771484,925.816908,910.2310176,915.0985632,2768780
8/20/2021,887.0615234,907.2910121,877.7158002,907.2910121,4134540
8/23/2021,879.0494995,895.4336746,876.158206,895.4336746,2837575
8/24/2021,893.1750488,894.7911071,865.5858361,886.2826477,3084680
8/25/2021,885.6887817,894.5769242,880.7044201,889.7872763,2220705
8/26/2021,876.8396606,886.8473033,873.5102762,885.6888251,2408595
8/27/2021,895.7354126,897.7310943,877.3263823,877.3263823,2816975
8/30/2021,910.7859497,915.0985881,891.354686,899.3277282,3141835
8/31/2021,915.887085,919.3332858,905.4607812,910.7956514,3227635
9/1/2021,927.4524536,931.541204,912.5675198,922.6919795,2814755
9/2/2021,946.1924438,954.8956176,936.5157609,936.7104747,6299320
9/3/2021,953.7566528,955.8399172,946.6987116,949.4050361,2156575
9/6/2021,957.1444092,962.4694754,948.4801545,961.8269855,3080995
9/7/2021,953.5424194,959.0914332,945.3844084,956.9594459,2101070
9/8/2021,956.2390747,961.8270075,946.5039835,956.9594619,2500145
9/9/2021,956.3850708,958.4099864,949.5802515,951.1184126,1812055
9/13/2021,960.1526489,963.2289117,948.8014988,959.6658943,1493265
9/14/2021,960.026062,971.3674078,958.6631254,963.7545592,1549905
9/15/2021,966.227356,968.6416397,957.7188952,961.2429937,1601600
9/16/2021,960.2596436,972.8276197,957.2612189,969.8097653,1482575
9/17/2021,951.0308228,965.2830113,948.0129681,960.464129,2274150
9/20/2021,929.6914673,951.2254843,924.4832172,949.1713943,1660330
9/21/2021,945.0145264,947.0296975,923.9088549,928.4843599,1701950
9/22/2021,943.5932007,949.9112653,936.914883,945.1216171,1253645
9/23/2021,934.0431519,947.925343,928.7277703,947.5943832,2800365
9/24/2021,932.6898804,938.6769257,930.2950266,935.7369686,1258075
9/27/2021,932.9430542,935.668868,921.5237513,934.0431243,1130285
9/28/2021,941.0231934,945.1021992,925.8267292,936.4963519,1527230
9/29/2021,950.3395996,958.4976107,932.9429967,940.9938766,3275350
9/30/2021,950.28125,970.5886369,947.3120589,952.0724736,3880075
10/1/2021,964.9130249,967.6680724,944.7419443,944.887935,1710665
10/4/2021,981.822876,988.5011938,963.7740381,964.7475472,3801765
10/5/2021,980.2457886,983.2442133,967.6680674,980.7325431,1774235
10/6/2021,965.0591431,981.7256157,955.3629701,976.9164779,2646320
10/7/2021,952.3060913,971.5426416,950.7193261,968.8168279,1719870
10/8/2021,944.1481934,963.1218783,938.6575872,955.3338046,1741550
10/11/2021,952.9388428,958.22499,940.0009283,948.1978582,3440320
10/12/2021,956.0443726,965.136974,945.4720777,954.0389461,1427440
10/13/2021,959.5782471,962.9952737,952.1114484,955.7912822,1207980
10/14/2021,965.4679565,975.3880172,956.7745269,958.7118007,1460300
10/18/2021,949.6581421,968.6318252,947.3509302,962.8005151,1668255
10/19/2021,934.9192505,957.9330215,932.6217831,955.012494,2698595
10/20/2021,925.5930786,943.2233154,918.6032305,934.773263,1580485
10/21/2021,905.6848145,932.3881642,895.628448,930.6747785,2584000
10/22/2021,902.9199829,912.7232271,894.3141954,906.3370095,1814980
10/25/2021,910.454895,914.9038387,883.3621796,905.538686,1380835
10/26/2021,908.5175781,914.8648762,902.8323185,914.1249998,1363565
10/27/2021,907.8362427,920.5502704,904.7891541,906.4343871,1929040
10/28/2021,889.7775879,913.0931431,886.0977543,910.2310239,1341975
10/29/2021,907.1548462,957.5144585,881.2302912,894.2655344,9725820
11/1/2021,934.8510742,941.3735974,901.284498,912.1780677,3383505
11/2/2021,924.0744019,935.3476554,919.3821397,934.5396261,2046660
11/3/2021,929.0490112,934.2280871,925.5249128,926.5860045,1862160
11/4/2021,927.9780884,932.3588795,925.6124683,929.7012186,104180
11/8/2021,932.378418,936.5450658,915.3127735,926.7807402,1191260
11/9/2021,933.0792847,941.3833462,929.7596446,932.6217639,1249435
11/10/2021,940.2832642,944.294117,929.5065109,931.4730184,1711170
11/11/2021,937.4796143,944.1773623,931.4535899,940.6046002,1586300
11/12/2021,942.989624,948.197874,937.4892738,944.3038376,1166710
11/15/2021,948.9085693,953.8442679,941.0036797,942.5515854,1337395
11/16/2021,937.9955444,954.2336697,934.0527849,954.2336697,1679855
11/17/2021,928.3967896,939.4071766,924.8532611,937.9956358,983295
11/18/2021,909.539856,928.2799074,905.5776665,926.7418057,1168320
11/22/2021,897.1081543,913.0736684,892.0458949,910.5133346,910090
11/23/2021,901.8491821,907.670748,886.1853933,895.6284442,1063495
11/24/2021,895.2487183,906.0643905,893.0194037,901.2553124,996290
11/25/2021,893.9929199,914.3197955,892.7078807,898.3542219,2726870
11/26/2021,925.0089111,938.4628146,890.9847547,891.7343757,5361365
11/29/2021,914.6313477,951.1184521,908.4008652,944.3038879,4500925
11/30/2021,910.3965454,924.4929985,905.3635197,917.8049953,3589115
12/1/2021,896.8648071,917.5128985,893.6814131,914.3198193,2127105
12/2/2021,907.8458862,909.0627726,897.3904082,897.5558881,1163740
12/3/2021,894.9468384,908.0892103,892.3183521,905.7917432,2738865
12/6/2021,875.9050903,897.4293628,873.1013793,897.4293628,1336375
12/7/2021,880.1885986,885.8933481,864.7292682,880.0522931,2662500
12/8/2021,889.923645,893.6229678,881.4638484,881.4638484,979280
12/9/2021,894.5088501,899.1233333,888.8819982,895.6284094,1130885
12/10/2021,894.3238525,899.4250902,890.4687945,897.5753991,802565
12/13/2021,895.5895386,910.8151772,889.0961895,910.8151772,1355025
12/14/2021,904.6918335,907.3105756,891.1697764,894.8496697,1195915
12/15/2021,895.6867676,904.6917266,890.2351405,904.4094304,1537725
12/16/2021,895.1124268,903.21203,889.7873602,901.46947,1006605
12/17/2021,879.6531372,904.9740597,875.5351532,901.4694506,2417560
12/20/2021,887.9766846,890.7609066,868.7596227,875.4183923,1708885
12/21/2021,899.6976929,901.3137514,884.6861982,888.0448167,1293770
12/22/2021,905.0714111,911.068201,897.5753793,903.4164338,1068395
12/23/2021,914.0861816,915.0986098,906.3565165,909.9779421,831200
12/24/2021,903.1536255,920.9396567,897.7701508,919.9661475,1259130
12/27/2021,922.2830811,923.8601611,899.7365764,900.3207175,1696340
12/28/2021,923.6265259,929.4286022,915.6924028,922.2830785,3342970
12/29/2021,941.0231934,943.9437209,923.6265889,923.6265889,2528020
12/30/2021,954.9540405,959.4808817,939.4460473,940.4098119,2765730
12/31/2021,955.4018555,960.0844319,949.4634143,954.8177144,1442840
1/3/2022,944.9171753,959.9384141,943.8560242,955.4018877,1463005
1/4/2022,941.4709473,952.6565574,939.4362871,946.4455645,1267190
1/5/2022,932.699585,954.9344988,926.2062367,950.1448508,2684010
1/6/2022,922.779541,941.5877437,920.6085754,932.699601,1908215
1/7/2022,916.7340698,928.6206377,913.1515634,928.6206377,1335615
1/10/2022,914.9136963,920.6281906,906.3663162,920.6281906,1575095
1/11/2022,909.1113892,922.8670766,907.4174929,917.0455116,1547160
1/12/2022,913.8135376,915.7410666,902.2482444,911.2045403,1188845
1/13/2022,920.151062,926.7027592,912.1001228,915.0985474,2270255
1/14/2022,912.9957886,919.5766601,907.4175411,919.0314974,1594300
1/17/2022,909.7248535,915.0888987,896.6992957,908.3814061,2693245
1/18/2022,913.8428345,919.8591141,899.7172066,909.2575848,2122640
1/19/2022,912.168335,921.7963548,906.32728,914.1250979,1539435
1/20/2022,893.9831543,917.4350151,889.7873324,917.4350151,1588695
1/21/2022,875.4086304,889.7873798,863.5026323,888.0837388,2787740
1/24/2022,849.7469482,874.1723196,839.359622,873.4518729,2782490
1/25/2022,857.242981,860.377652,837.4126038,849.7469484,1704510
1/27/2022,828.7191162,849.9026839,823.9781316,845.0059046,3527530
1/28/2022,821.3691406,852.7940456,812.967811,827.2491741,6514920
1/31/2022,837.7630005,850.5743543,825.545473,827.473002,3092775
2/1/2022,839.0578003,842.3580105,829.0403533,841.1118903,1858315
2/2/2022,859.6766968,862.4804078,840.157851,842.08538,1525005
2/3/2022,851.7523804,863.8823262,848.9000056,860.1926883,1107685
2/4/2022,847.3325806,857.9535385,844.4217979,857.5738557,1234965
2/7/2022,839.0091553,846.9529638,827.4925253,841.1119089,1279790
2/8/2022,841.4916382,852.6675049,833.3336263,838.9702232,1982015
2/9/2022,850.6036377,855.7145608,839.4569458,841.5402697,994400
2/10/2022,850.9833374,854.4976913,843.7793456,853.7675594,1189325
2/11/2022,842.1633301,846.8653366,833.353084,839.3596189,1687690
2/14/2022,818.6433105,830.714848,811.273839,827.4827904,2246930
2/15/2022,832.8468018,836.1372674,815.5280364,824.3675159,1790055
2/16/2022,840.4206543,851.3921209,826.2269343,832.9343669,1903065
2/17/2022,837.4125977,844.0811117,835.8939257,841.6765726,1145155
2/18/2022,841.3358154,845.5900458,830.325429,833.3238539,1790540
2/21/2022,836.8771362,859.929825,833.8300479,852.0151911,2939755
2/22/2022,821.3496704,824.679055,809.122398,815.7909118,2404200
2/23/2022,817.9326172,829.5563183,815.9661098,829.4297573,1857420
2/24/2022,796.8172607,807.8179025,788.5326881,788.5424327,3485635
2/25/2022,813.1916504,817.9423797,798.6863406,801.0032971,1527165
2/28/2022,791.1514282,808.0126142,789.0291854,808.0126142,4914250
3/2/2022,750.215332,791.1513783,744.734471,790.7522657,7703175
3/3/2022,724.0668945,758.2175516,720.3967461,755.2483606,6673625
3/4/2022,745.4450684,754.265058,711.4404043,722.3437175,6040250
3/7/2022,733.9090576,738.2995932,714.1662642,729.9371238,3015430
3/8/2022,753.2138062,756.7963128,727.766262,730.1318822,3920845
3/9/2022,765.2657471,775.1663174,755.8713611,759.6290917,4046845
3/10/2022,757.8768921,776.1788527,754.5766817,773.9397935,3560495
3/11/2022,774.0565796,778.0285135,754.0801531,757.9741896,5566315
3/14/2022,770.4935303,777.7656147,764.2046401,771.2139175,2850290
3/15/2022,759.3079224,778.6126259,755.4431195,770.6298388,2356470
3/16/2022,767.8649902,773.7449634,757.3900236,773.7449634,1793880
3/17/2022,787.0140381,788.5424547,768.3323941,772.0122874,3862935
3/21/2022,779.7710571,794.957835,778.1744879,793.2152156,2008195
3/22/2022,784.7164917,789.8955673,772.9662297,782.8960344,6451110
3/23/2022,803.5928345,815.5961588,786.5953444,786.5953444,5220570
3/24/2022,842.7668457,846.6706267,798.5597639,800.8085675,8690735
3/25/2022,849.182312,851.8205433,835.270887,842.4748788,4321985
3/28/2022,834.3849487,849.4743399,825.3702449,848.8610244,2484535
3/29/2022,841.8030396,848.0334619,826.9083034,836.0495677,2105420
3/30/2022,847.8096313,850.1655068,834.1220954,847.4981013,3084130
3/31/2022,836.3319702,854.2542468,833.3432901,847.5370102,3058595
4/1/2022,833.2167969,843.964317,830.0139136,836.2443962,1569355
4/4/2022,840.5570068,845.0059508,831.3768226,845.0059508,1298870
4/5/2022,843.0394287,858.2456368,837.7532812,844.7917927,2399325
4/6/2022,832.690979,847.9264201,830.6563783,843.0588746,2059755
4/7/2022,840.6056519,848.3255722,832.6910178,836.2443499,1397010
4/8/2022,862.597229,871.8066466,842.4455784,846.3688487,3358875
4/11/2022,852.8913574,866.4231586,851.5187356,862.5291219,1077795
4/12/2022,851.3045044,858.2651185,842.7960441,852.0152065,1855070
4/13/2022,837.0620728,849.3574378,835.3876062,847.1476126,1847180
4/18/2022,834.2875366,840.8100593,823.7249869,832.3502631,1698380
4/19/2022,819.6362915,840.3525352,815.8006631,839.1648826,1550720
4/20/2022,835.9328003,845.0059124,820.2885017,821.0576119,2252075
4/21/2022,841.1702881,847.2547201,839.1648617,840.9171662,1972180
4/22/2022,816.3360596,837.0231283,811.3225233,836.6240157,1953715
4/25/2022,801.2857056,813.7952749,790.6841762,808.0126279,1705680
4/26/2022,808.8984985,814.8758592,804.3230529,812.8801773,792225
4/27/2022,793.809082,810.6800125,792.9329594,808.8984741,993500
4/28/2022,802.5900879,808.3338153,794.6949435,798.2774498,1504805
4/29/2022,804.498291,830.5980706,801.2175697,809.9596634,2615175
5/2/2022,802.9309082,807.0877519,792.436451,802.5901443,925300
5/4/2022,777.3178101,805.1699516,772.382171,802.9503222,1712475
5/5/2022,771.7590942,793.3904382,769.2669133,788.5423818,1264655
5/6/2022,765.3046875,768.8482748,755.4430359,765.1392076,1197395
5/9/2022,760.4663696,766.3366582,753.6226313,764.9834663,886775
5/10/2022,762.0629272,765.9569637,757.3900954,759.3371136,1014140
5/11/2022,756.2315674,767.6995326,749.7966868,758.4608817,1356280
5/12/2022,755.4430542,758.5972141,737.8906568,751.8410587,1468145
5/13/2022,764.0683594,774.7185516,757.4874282,759.2203029,1092005
5/16/2022,757.0785522,770.0457006,751.753486,763.8152186,1089575
5/17/2022,760.1159058,768.0694586,753.6907694,766.132185,1277320
5/18/2022,760.4663696,775.8770359,755.8325161,762.0629389,2500790
5/19/2022,765.071167,781.6792317,745.5230854,756.6113696,9129055
5/20/2022,827.3075562,837.0426477,773.9397772,773.9397772,12401575
5/23/2022,832.3405762,842.4748397,824.7958803,827.3075505,3035360
5/24/2022,846.3883667,851.8205648,828.7386398,832.1362369,5054480
5/25/2022,838.668335,856.2985703,836.4974287,854.955123,2500200
5/26/2022,838.0258789,846.7582273,835.2026787,840.3330908,2145360
5/27/2022,854.8383789,858.4403747,831.1723733,841.1119234,2171455
5/30/2022,850.9054565,861.8963541,847.167155,857.4668991,2324015
5/31/2022,850.7788696,856.4933638,843.1757653,847.9264949,2380075
6/1/2022,840.9172363,849.2212983,837.4320567,846.9530053,1772530
6/2/2022,843.6722412,848.8999806,835.2708525,837.8214417,1639675
6/3/2022,845.0059814,855.0623481,840.0995165,848.8416101,1423865
6/6/2022,838.3374634,847.6636386,831.5715626,843.4483866,566055
6/7/2022,806.8346558,832.3503529,798.9979187,829.4298253,3605015
6/8/2022,817.5821533,820.142487,800.8085513,812.6853741,2264910
6/9/2022,841.6766357,844.0325115,811.9261957,811.9261957,3702930
6/10/2022,847.2546997,849.6787279,833.6742359,841.6765116,2107480
6/13/2022,830.831665,847.9264836,828.7483412,841.6960012,1839815
6/14/2022,839.3693237,842.0756482,825.3507686,827.4827559,2035905
6/15/2022,844.1297607,846.7777365,834.6964547,838.5223979,1585315
6/16/2022,834.7841187,848.7636962,832.4769067,846.9529834,1750035
6/17/2022,807.3700562,837.0036753,791.6673498,835.2708006,4764870
6/20/2022,808.3630371,813.6979076,799.659863,807.3700982,1387575
6/21/2022,831.1139526,832.6521137,809.9791069,809.9791069,1191555
6/22/2022,829.6049805,846.7290317,809.9595739,833.5185061,2847785
6/23/2022,836.2248535,838.7170345,828.4562697,836.2443427,1675510
6/24/2022,839.0967407,851.3435026,835.6602843,841.5013392,1518295
6/27/2022,841.2189331,856.6587732,838.356814,856.6587732,1663765
6/28/2022,851.7426147,852.7940213,839.5543205,842.9128796,1412215
6/29/2022,849.7469482,858.3917145,843.9156378,848.3353481,1905735
6/30/2022,855.480896,859.6085652,847.1476602,850.7983194,1845325
7/1/2022,853.942749,855.7145428,835.2805953,853.7675245,1523995
7/4/2022,847.819397,858.8784466,836.4390726,849.3088351,1303490
7/5/2022,855.5587769,869.8303943,847.1865628,849.8539683,2434495
7/6/2022,854.7410278,865.1186092,852.6674486,855.714537,1678505
7/7/2022,844.3146973,865.0601741,842.6694645,861.8962695,2161110
7/8/2022,857.8951416,859.5987825,838.0745108,843.0588726,2089480
7/11/2022,882.3605347,895.6321877,852.7786261,858.4734855,4797040
7/12/2022,878.9691772,889.8099974,867.6578885,876.3031086,2079370
7/13/2022,882.4782104,888.967016,872.3627165,881.0863676,1893835
7/14/2022,896.9456787,903.3364298,882.7624027,883.3407369,4423835
7/15/2022,891.1821899,904.2284203,886.2812761,900.8664005,1504725
7/18/2022,875.5187988,904.4734353,873.4016304,897.0632561,2337315
7/19/2022,871.9510498,881.772441,869.4515956,873.8917926,1961920
7/20/2022,874.0780029,880.5962424,870.4023175,880.2041454,1130700
7/21/2022,856.8953857,879.5866417,853.9352743,876.0873819,3126100
7/22/2022,857.3659058,863.8938969,853.3471204,861.3846313,1806315
7/25/2022,848.946106,860.7671081,842.9572034,858.179471,1726910
7/26/2022,825.7059937,848.6030489,822.1871112,848.6030489,2971165
7/27/2022,840.2225342,842.9572227,816.1001896,824.9120834,1866270
7/28/2022,835.1254883,845.878064,822.3733015,845.7016383,2832835
7/29/2022,801.8580933,820.0110966,795.0458113,820.0110966,9872475
8/1/2022,805.7985229,811.5521913,803.8479089,811.5521913,2136850
8/2/2022,800.8877563,809.2388729,798.104011,809.2388729,2635115
8/3/2022,803.0245972,804.5340572,791.9877289,802.7599287,2600985
8/4/2022,813.1499023,815.3748767,801.6033199,805.7102883,3006675
8/5/2022,814.8945923,822.1381577,812.3461409,814.5319294,2075395
8/8/2022,827.9310303,830.0188245,814.8946103,814.8946103,2041885
8/10/2022,831.8419189,835.8998901,826.2058678,831.9007275,2108115
8/11/2022,834.7824707,838.6443934,830.3912708,835.1157592,1285185
8/12/2022,835.272522,840.9183843,827.4703054,834.723622,2021290
8/16/2022,842.5259399,846.6819055,835.6646602,838.0563087,1314065
8/17/2022,846.0741577,848.8186575,841.3398582,846.4760662,2169055
8/18/2022,828.2740479,831.1949733,810.2876585,831.1949733,5137920
8/19/2022,824.1376953,832.5868664,820.4130126,829.6267549,1928705
8/22/2022,820.7952271,829.2247746,815.5120278,817.2959675,1692810
8/23/2022,828.2838745,830.2539916,812.571516,812.571516,1398150
8/24/2022,826.8919678,832.4300243,822.7654366,832.4300243,1467185
8/25/2022,830.7833862,835.880349,825.7060463,831.0284319,1552875
8/26/2022,827.9212036,838.0563204,825.735415,837.6642233,818685
8/29/2022,825.3433228,827.9113968,814.9533495,817.4724264,966050
8/30/2022,832.1849976,835.4294002,821.9127011,826.0980409,2359905
9/1/2022,823.7651978,829.7247258,822.7752036,826.4901346,1656700
9/2/2022,821.3833618,829.6267325,818.2467649,827.8917899,1008280
9/5/2022,826.1470337,827.186025,814.5318917,822.3733539,1581715
9/6/2022,831.038208,833.5474736,820.4130002,829.2346453,1129375
9/7/2022,833.0181274,836.2919643,825.7648107,826.2940879,1073975
9/8/2022,837.3995361,842.3592584,833.6846053,842.3592584,1577545
9/9/2022,834.1551514,846.7799101,832.381023,837.5661682,1570630
9/12/2022,835.3411255,842.9571646,832.1163458,835.1157026,1262745
9/13/2022,833.723877,844.3196503,830.6069029,835.9096654,2209365
9/14/2022,826.1274414,835.5959804,816.5608482,816.5608482,1723540
9/15/2022,817.2763672,830.2637887,811.8559877,830.2637887,1881365
9/16/2022,799.3096313,820.4129955,796.0652287,820.4129955,1893520
9/19/2022,803.583313,805.9161529,783.5581848,797.8688303,1506440
9/20/2022,826.4901123,830.8028805,804.9456546,806.1023229,2957845
9/21/2022,814.0908203,836.8996934,810.1897119,827.2644797,1894725
9/22/2022,819.9033203,827.6859744,805.3966263,805.7299148,2391915
9/23/2022,811.4345093,826.2450562,809.5329524,816.1001289,1659940
9/26/2022,809.2095337,815.2768677,801.6523027,807.5138366,2055290
9/27/2022,819.74646,823.3535254,808.7095924,813.2576548,1485445
9/28/2022,837.017334,842.3691538,819.0701886,819.0701886,3133240
9/29/2022,854.8566284,863.9331306,840.2126952,841.2418752,5442790
9/30/2022,849.9556885,863.5410071,837.4779213,859.1399961,3164565
10/3/2022,866.4129028,870.2062052,845.3879716,845.8976857,3476290
10/4/2022,865.2955322,872.3430488,857.8657899,871.5785373,1543270
10/6/2022,862.0805054,871.9607638,856.6600663,869.6279242,1231195
10/7/2022,857.9834595,864.2370308,857.0718966,860.6005309,1338865
10/10/2022,858.6401367,860.2084053,846.8779431,852.7590399,1218745
10/11/2022,839.5755615,860.2083974,833.5474732,860.0124087,1486910
10/12/2022,831.4204102,844.917546,826.3038848,842.9571805,1470100
10/13/2022,834.0669556,844.721538,831.4498842,833.1455813,1513920
10/14/2022,845.0744019,850.7986959,835.7136678,843.9374161,1244005
10/17/2022,849.8577271,857.4639556,839.5266212,843.9374441,1050700
10/18/2022,854.0430908,857.3952993,849.857691,854.1117108,721180
10/19/2022,846.2702026,861.3944156,843.9471743,854.7291847,860840
10/20/2022,852.5727539,853.7391738,839.0364325,843.9373463,1287620
10/21/2022,848.9950562,860.3945862,844.6430424,853.7391669,1002975
10/24/2022,858.1500244,859.4242501,853.7392019,855.6603817,158840
10/25/2022,870.8629761,877.7536898,856.8758083,860.5906796,3118275
10/27/2022,880.4393921,885.8892061,872.4313153,874.323061,2207370
10/28/2022,874.3132324,882.7035947,868.4419471,879.2239577,1767930
10/31/2022,869.1672974,906.6691013,851.7102439,888.2416764,9128805
11/1/2022,889.0845947,897.8474312,869.4711276,869.4711276,5350980
11/2/2022,893.0739136,910.5897745,890.9959309,890.9959309,3708780
11/3/2022,899.788208,901.7681965,887.5261113,893.0739796,1766075
11/4/2022,887.085022,901.7681406,884.6051309,899.8175865,2463380
11/7/2022,879.3121948,891.437051,871.2648727,888.2416456,2100085
11/9/2022,889.0062256,895.0637484,882.1841912,890.0060312,3565560
11/10/2022,891.8585205,904.9047509,887.6534981,889.9961493,2959765
11/11/2022,889.8981323,897.6513516,882.5565731,896.3183174,1625215
11/14/2022,855.4348755,878.9985072,845.8977164,862.5608233,3722425
11/15/2022,869.1672974,870.9120515,855.444738,856.1308779,1872600
11/16/2022,878.4398193,890.9763356,861.2278121,869.1574573,2610960
11/17/2022,866.7364502,879.900298,859.1007879,878.4300238,1561865
11/18/2022,864.3349609,869.3338691,857.7579131,867.2167007,1693670
11/21/2022,852.7295532,861.1885351,846.397611,858.6400839,2153040
11/22/2022,855.2094116,863.0704961,848.0540898,856.9933513,2015475
11/23/2022,863.668396,866.4815156,854.7193231,858.6400539,1964345
11/24/2022,865.2759399,870.3924651,857.8265152,867.9910055,1188110
11/25/2022,866.1091309,869.4123421,860.4044597,867.236365,1477045
11/28/2022,862.9529419,871.8529584,859.9143394,865.452396,1530840
11/29/2022,873.0193481,877.9888818,863.3547606,863.5606206,2045690
11/30/2022,879.6453857,885.6833449,870.5983182,876.2833661,4256840
12/1/2022,877.1361694,888.3984601,871.7353527,884.0464461,1936730
12/2/2022,884.2033081,886.8693766,874.352483,879.2141514,2080040
12/5/2022,878.1261597,888.4377017,872.3921143,888.0259819,1961695
12/6/2022,857.5031128,877.1557652,854.5331303,874.3426454,1742295
12/7/2022,855.0134277,859.2282017,846.8779226,855.6995676,1661035
12/8/2022,853.9744873,858.4931158,849.0441987,857.4541244,1386625
12/9/2022,863.9526978,865.4622175,853.5921585,857.659941,1539865
12/12/2022,872.8037109,874.8915049,856.1013592,856.1013592,1367975
12/13/2022,873.9603882,877.1949794,870.5003142,872.4018712,1087545
12/14/2022,883.0564575,884.811023,872.627358,877.2636035,1392005
12/15/2022,876.0775757,887.5751608,874.5191185,879.449407,1209055
12/16/2022,844.7410889,874.0975736,835.3607329,869.3240885,16783045
12/19/2022,861.786499,864.2565189,845.9075265,851.7690002,1661755
12/20/2022,856.6307983,860.6005268,844.5451273,858.6401612,1214105
12/21/2022,864.0409546,869.4221486,853.4255581,858.6303264,1739615
12/22/2022,852.6119385,873.538876,845.9173334,868.4419138,1737350
12/23/2022,845.0058594,866.0895422,841.2419309,847.8679765,2498780
12/26/2022,832.8809204,852.170971,829.2444804,849.2401741,1593040
12/27/2022,833.3219604,837.0368914,823.549567,837.0368914,1366245
12/28/2022,833.694458,836.4193949,826.480327,833.3219838,1088005
12/29/2022,835.2333374,853.6705729,827.8721552,838.0562686,4064660
12/30/2022,830.7147217,840.0362695,828.2544533,839.036464,882895
1/2/2023,830.2246704,836.5958588,825.1178963,834.8707275,663630
1/3/2023,830.871521,834.7432549,826.5096957,830.9597638,810895
1/4/2023,833.8415527,835.1157785,827.5291729,830.2148643,832835
1/5/2023,842.467041,843.7118922,831.4889827,836.0958534,994925
1/6/2023,837.4191284,846.7406762,834.9392971,842.8591907,630680
1/9/2023,849.6224365,850.7888564,838.0857257,841.6143598,830195
1/10/2023,840.7420044,852.4257669,839.8108187,846.8779584,1170765
1/11/2023,835.4882202,846.8779396,832.0575804,843.9275798,1273265
1/12/2023,845.0352173,847.2700629,831.6067005,838.0465089,1280325
1/13/2023,846.9563599,851.1319481,840.9968318,847.6620628,1234630
1/16/2023,848.0639648,853.2981074,841.0066369,850.7398447,446555
1/17/2023,853.1020508,854.6801905,844.0549829,850.5927853,778125
1/18/2023,855.5721436,861.5708574,851.1907552,853.1020638,1318465
1/19/2023,849.2695923,859.2576575,846.2016153,855.6701549,1242455
1/20/2023,852.8766479,858.8459875,839.0364717,849.2205853,1182675
1/23/2023,850.3771973,855.7878255,846.7505089,854.7095885,770265
1/24/2023,833.694458,853.7000222,830.6069181,850.9947081,1320270
1/25/2023,823.5397949,836.8605056,818.4722666,835.1157515,1470210
1/27/2023,845.7017212,858.816572,833.8120989,839.03649,4781440
1/30/2023,848.6030273,850.6908214,840.0068055,846.8680847,1873685
1/31/2023,847.6915283,857.9932594,841.6437572,851.7788739,3159705
2/1/2023,853.0530396,858.6400932,844.9665318,850.9946797,2027270
2/2/2023,856.6994019,858.4539076,841.3007083,845.5056711,1946775
2/3/2023,854.3959351,868.4223487,846.5250982,857.6599606,1874895
2/6/2023,852.6707764,858.66955,840.016643,858.66955,1516105
2/7/2023,870.451355,875.9404148,854.7684296,858.7675923,2987405
2/8/2023,879.7728882,881.4980195,868.9615028,872.3627085,1196855
2/9/2023,879.7140503,887.9573612,869.1476511,871.1864481,2054810
2/10/2023,882.0861206,883.1447348,868.9418951,880.9785092,685110
2/13/2023,887.0065918,893.4169655,882.1841094,883.7523778,1872775
2/14/2023,889.6923218,894.710853,882.2919536,890.9861703,1202135
2/15/2023,886.0558472,894.5540754,882.9879299,891.5742813,1283685
2/16/2023,885.947998,891.9369005,884.0170667,890.4862491,1352330
2/17/2023,884.1934814,889.0257753,875.0091736,882.3997302,1056035
2/20/2023,877.2244263,889.7217571,875.979575,886.0852573,761745
2/21/2023,879.4494629,883.0075315,874.0878913,883.0075315,791630
2/22/2023,877.5968628,886.124405,876.1657744,879.5964141,882305
2/23/2023,872.2842407,885.1050482,870.5983551,877.4791975,1187840
2/24/2023,880.4197998,884.1249196,870.7552114,875.2836513,1764830
2/27/2023,866.6776733,880.419796,853.739248,880.419796,1370570
2/28/2023,846.2114258,870.2062817,842.9572117,870.2062817,2699875
3/1/2023,851.6220703,854.1607103,842.3691421,846.1820078,995515
3/2/2023,860.7180786,862.8450584,846.8779029,854.3272679,1413260
3/3/2023,870.0004272,871.7647442,854.8173463,865.0308936,1371180
3/6/2023,870.2454834,874.087783,865.7072325,869.8142006,877920
3/8/2023,867.7068481,871.1864852,862.805934,869.030071,1173705
3/9/2023,858.826355,870.0788342,857.0326037,865.6288259,1022125
3/10/2023,861.6884766,865.1191163,852.7590257,857.258091,1686010
3/13/2023,856.7581787,865.6876295,851.8768278,857.6599301,812710
3/14/2023,852.6707764,866.6580038,844.7215084,861.3846156,2141980
3/15/2023,861.4827271,867.4618185,850.955513,854.1215443,1717110
3/16/2023,859.3753052,868.4419964,856.7484223,864.7173136,1384640
3/17/2023,869.647583,874.9405942,859.3752862,863.6783031,3092990
3/20/2023,870.2944946,880.9882623,866.9716607,868.6379834,3949945
3/21/2023,866.354126,878.2437476,864.3643861,870.7845712,1984640
3/22/2023,877.2537842,878.2437784,865.6680164,868.3145219,1598885
3/23/2023,871.7647705,882.066501,868.5497423,878.0477158,2418370
3/24/2023,875.1366577,881.7724548,872.3529121,872.3529121,1126970
3/27/2023,879.3513794,887.7809273,875.3130311,880.2041336,1759570
3/28/2023,887.418335,891.397875,878.2438378,881.9587093,1834690
3/29/2023,895.4557495,896.8672151,886.5066762,891.8584956,2083535
3/31/2023,906.2279663,912.8442,895.4655787,898.4355013,2282485
4/3/2023,912.8442383,917.8432065,901.3957102,911.3641527,1500675
4/5/2023,918,920.3916484,909.8644947,911.5700032,1823560
4/6/2023,921.2542114,923.5674285,916.6571517,920.1857859,1460345
4/10/2023,933.0653687,935.525637,919.0193329,927.6449891,920770
4/11/2023,933.7907104,942.1320755,922.9400799,935.682456,2309250
4/12/2023,956.8544922,964.4214749,926.5080102,933.7907614,3403195
4/13/2023,951.3458252,958.2266677,947.0918056,958.2266677,1169335
4/17/2023,951.2282104,965.078198,944.8472109,956.0605044,1705675
4/18/2023,963.0100098,964.1078098,949.8951587,953.0121927,1797050
4/19/2023,962.4120483,968.4205735,956.766186,958.1090316,1920935
4/20/2023,952.3848267,963.7157374,945.33731,963.7157374,3175850
4/21/2023,954.4529419,956.4623045,945.5136801,952.3651479,1657195
4/24/2023,942.1712646,951.5614324,931.5853026,951.5614324,2190830
4/25/2023,947.503479,949.0423732,932.6929313,941.6714392,1639985
4/26/2023,949.8167725,955.5311952,942.9358699,942.9358699,1020765
4/27/2023,964.2156372,968.2245513,944.5237386,949.7971268,1098280
4/28/2023,966.4307861,967.4404031,956.0898698,964.2156233,1235220
5/2/2023,970.4594116,972.1354859,961.2456693,961.2456693,1209890
5/3/2023,970.8220215,972.3412928,963.519648,970.3613045,883875
5/4/2023,973.9096069,975.2818868,964.568496,970.822067,1006635
5/5/2023,968.9107056,978.0263937,965.5878715,975.2720824,461545
5/8/2023,961.9709473,973.6547688,950.1205712,969.4007493,1190915
5/9/2023,967.0973511,968.4009511,958.6285576,964.1175572,1545295
5/10/2023,954.1687622,973.2920782,948.7973198,973.2920782,2271505
5/11/2023,888.4377441,921.3718634,886.8792271,916.4709492,13916795
5/12/2023,875.5187988,890.9762998,871.3824564,890.9762998,5242020
5/15/2023,885.8010254,888.4572825,871.6765576,876.312863,1588765
5/16/2023,885.1148682,891.5546763,883.0564484,886.6733253,1430235
5/17/2023,878.5378418,890.9959869,872.5783136,886.0460756,1749805
5/18/2023,867.0892944,882.5957933,863.5214147,880.596242,2127235
5/19/2023,860.9827881,870.4023305,859.4340825,868.0401162,1630405
5/22/2023,873.8623657,876.2539542,859.4732301,864.3251468,1224880
5/23/2023,874.4308472,882.0958837,871.588353,873.9505672,1616475
5/24/2023,885.9381714,886.869357,874.3034067,875.3032123,1683665
5/25/2023,882.9388428,888.810188,878.7142573,888.810188,1033820
5/26/2023,888.2318115,889.8098914,882.1546665,883.154472,752935
5/29/2023,893.1915894,895.6910436,886.085264,891.5547008,928140
5/30/2023,885.8696899,893.1916272,881.9391471,893.1916272,1369945
5/31/2023,882.3703613,887.9769781,878.4300074,884.124867,6313505
6/1/2023,892.3681641,893.9168696,882.3703477,884.0954191,1528955
6/2/2023,903.8167725,905.6888953,894.916696,895.6812075,2509565
6/5/2023,902.4641113,911.9620849,901.1212657,907.8453052,1132140
6/6/2023,908.9529419,909.6096476,902.748368,903.7285508,1161655
6/7/2023,916.2258911,917.0590226,910.6094627,911.5700227,1139525
6/8/2023,911.4523926,919.9995579,909.0215584,916.4709238,1203490
6/9/2023,914.8634033,922.3520143,910.7074378,917.6569602,1084700
6/12/2023,916.5983276,920.3916302,912.4423622,920.3916302,717870
6/13/2023,921.763916,927.0176814,913.148071,921.371819,1294905
6/14/2023,921.1758423,927.1647452,918.4313422,922.9009737,901255
6/15/2023,941.6517944,951.7574765,920.5876761,920.7052933,3630745
6/16/2023,963.52948,968.4205825,945.9058128,949.7676755,3814515
6/19/2023,956.4623413,984.8876418,953.1395073,970.5769972,3540755
6/20/2023,960.8143311,965.8230506,954.1196661,956.4623172,1070755
6/21/2023,962.6179199,970.3809508,959.3440831,964.8821397,1123550
6/22/2023,960.4713745,965.8623801,958.6188146,962.8434002,1242850
6/23/2023,978.9869995,983.1233422,960.7751865,960.7751865,2791140
6/26/2023,988.3378906,994.6894558,970.7730323,978.2027745,3607125
6/27/2023,985.2012939,997.1497242,983.3193598,988.3378908,3330315
6/28/2023,1001.325378,1003.589598,981.0355819,985.1915475,4426340
6/30/2023,1011.470215,1014.479323,1001.766382,1002.92299,2430705
7/3/2023,999.453186,1015.273411,997.8849175,1011.470297,1174135
7/4/2023,1017.11615,1020.321247,996.8557282,1002.707391,1863335
7/5/2023,1015.145996,1019.742996,1007.039865,1016.449596,1410270
7/6/2023,1025.624023,1030.858166,1013.508979,1015.16543,2534370
7/7/2023,1015.959473,1033.730192,1001.746822,1025.271209,2771720
7/10/2023,1010.558594,1022.330598,1008.60804,1018.400056,1003625
7/11/2023,1020.61499,1030.325493,1010.282078,1016.298099,1056805
7/12/2023,1025.188599,1027.154406,1013.531945,1017.483337,1203590
7/13/2023,1015.991821,1027.984311,1014.500161,1025.386266,2034915
7/14/2023,1006.034241,1020.427193,1002.912668,1018.471273,1942045
7/17/2023,1033.239502,1036.252486,1006.221885,1007.53574,1976770
7/18/2023,1025.58374,1030.463772,1016.801878,1028.05336,1286955
7/19/2023,1031.579956,1041.191697,1019.775101,1024.200761,1961585
7/20/2023,1054.883423,1065.828736,1035.264775,1037.042949,6016030
7/21/2023,1044.787598,1054.972248,1042.693365,1051.72231,1150370
7/24/2023,1065.235962,1074.156258,1042.821749,1042.821749,2119525
7/25/2023,1071.894043,1082.671498,1065.265622,1070.827211,2162155
7/26/2023,1081.822021,1084.657141,1067.083285,1074.77866,1701060
7/27/2023,1088.015747,1109.155717,1070.837057,1092.559823,7539055
7/28/2023,1103.031006,1109.945942,1089.003613,1089.003613,3180540
7/31/2023,1114.381348,1118.322851,1100.462604,1103.337275,1599490
8/1/2023,1119.636841,1127.993996,1107.792553,1114.262885,2122735
8/2/2023,1118.332764,1125.326804,1113.196003,1119.646679,1791795
8/3/2023,1118.145142,1132.8641,1110.637521,1115.280358,2570520
8/4/2023,1116.179321,1128.319891,1114.292498,1118.164905,1726520
8/7/2023,1112.4552,1123.7759,1110.123893,1118.243975,2499830
8/8/2023,1117.838867,1133.842077,1115.280375,1116.663386,2987010
8/9/2023,1159.931152,1162.450213,1120.437006,1120.437006,10067015
8/10/2023,1156.009399,1168.950185,1147.089103,1161.729078,2763310
8/11/2023,1150.447754,1162.706981,1147.513874,1156.572484,2256960
8/14/2023,1150.516968,1161.511721,1145.903674,1151.820874,2167595
8/16/2023,1157.333008,1163.586163,1140.96442,1151.830748,4308265
8/17/2023,1161.837646,1167.053513,1156.947847,1160.000264,2138070
8/18/2023,1160.612793,1181.466251,1153.925042,1165.561921,4281645
8/21/2023,1167.804321,1170.599888,1156.562606,1159.783,1334640
8/22/2023,1170.708496,1174.551239,1160.286772,1169.414478,1688225
8/23/2023,1176.20105,1180.4685,1168.031527,1169.61206,3142630
8/24/2023,1167.073364,1183.382624,1163.922066,1181.466257,4124730
8/25/2023,1141.804077,1163.684934,1140.085231,1163.684934,4713240
8/28/2023,1141.142334,1151.633275,1131.520583,1141.952316,2350770
8/29/2023,1130.848877,1143.236529,1129.110255,1139.976583,3258085
8/30/2023,1116.218872,1137.220532,1114.292617,1133.614983,3551815
8/31/2023,1107.940674,1125.158918,1104.414109,1116.218845,3178875
9/1/2023,1102.151855,1113.156497,1096.531058,1112.31685,1105280
9/4/2023,1118.135254,1119.567585,1102.151821,1103.426183,1473020
9/5/2023,1102.221069,1114.292543,1098.595624,1114.292543,1968470
9/6/2023,1103.090332,1113.294758,1098.338725,1102.398766,2256645
9/7/2023,1109.382935,1117.157293,1102.685296,1103.021131,2634215
9/8/2023,1103.189209,1113.038025,1100.462739,1112.514437,923950
9/11/2023,1109.116211,1119.034243,1103.436085,1105.401893,1313930
9/12/2023,1120.970459,1129.505481,1111.526574,1114.282708,2581215
9/13/2023,1133.832275,1137.902205,1120.47655,1128.122485,1571615
9/14/2023,1134.968262,1141.221296,1127.045701,1139.976598,1139730
9/15/2023,1149.756348,1154.369521,1132.686305,1141.280534,2069105
9/18/2023,1131.678711,1151.593762,1130.473565,1150.052661,1256740
9/20/2023,1109.363159,1130.463577,1106.78489,1130.463577,2266405
9/21/2023,1119.92334,1125.554146,1108.928586,1109.452174,2926715
9/22/2023,1090.001343,1124.94152,1087.027911,1119.923175,2447785
9/25/2023,1074.531738,1094.515885,1072.407841,1092.530301,1217045
9/26/2023,1080.26123,1091.957317,1076.5568,1078.532496,1379915
9/27/2023,1085.931519,1107.377661,1082.691348,1089.398875,2443890
9/28/2023,1072.625122,1088.104745,1069.049117,1088.104745,1931555
9/29/2023,1103.821411,1112.31688,1077.396476,1080.508222,3101955
10/3/2023,1079.065796,1103.801547,1076.754265,1103.801547,2065240
10/4/2023,1070.3927,1086.435343,1067.172306,1079.717928,2109530
10/5/2023,1068.308105,1081.693493,1066.875774,1078.729949,2058530
10/6/2023,1071.795288,1084.103835,1068.693431,1073.79076,1572990
10/9/2023,1085.615356,1092.036369,1066.905572,1068.861492,2368110
10/10/2023,1082.394897,1084.064423,1072.407769,1083.471739,1519630
10/11/2023,1099.988525,1104.018902,1088.608497,1088.608497,1961240
10/12/2023,1092.599487,1103.23863,1089.596391,1099.988571,1695245
10/13/2023,1078.769653,1091.39426,1071.143375,1072.24976,1633255
10/16/2023,1085.269531,1088.015778,1078.729983,1084.459549,859220
10/17/2023,1095.345581,1101.055372,1083.679159,1084.064434,1626760
10/18/2023,1121.691528,1125.109444,1094.891207,1095.424683,3014855
10/19/2023,1112.494629,1121.157954,1108.464132,1121.157954,2525845
10/20/2023,1100.324341,1110.351022,1096.708783,1110.351022,1141375
10/23/2023,1096.896606,1119.617112,1091.670852,1091.670852,1809785
10/25/2023,1089.369141,1108.800033,1086.632782,1106.389742,2104480
10/26/2023,1071.212524,1090.090286,1055.199547,1086.237654,1544145
10/27/2023,1066.342285,1077.534679,1057.194804,1071.20254,2159725
10/30/2023,1056.078613,1065.680588,1028.458422,1065.680588,2691600
10/31/2023,1060.464722,1074.966263,1057.609826,1061.739084,1884070
11/1/2023,1056.296021,1070.90621,1049.983657,1063.91229,1376665
11/2/2023,1054.725342,1069.839466,1051.742142,1062.924529,2365835
11/3/2023,1039.818604,1062.331697,1036.667426,1062.331697,2921805
11/6/2023,1054.64624,1058.409999,1043.799689,1047.118844,2847485
11/7/2023,1067.735229,1081.308251,1051.030687,1061.739045,3498735
11/8/2023,1077.455688,1086.701932,1068.179781,1072.585665,2096955
11/9/2023,1078.324951,1086.425377,1074.778611,1082.464097,1642660
11/10/2023,1071.795288,1076.892617,1061.3439,1074.76872,1144920
11/13/2023,1070.797607,1083.037059,1063.339427,1072.802968,855910
11/15/2023,1070.817383,1077.771872,1067.863727,1072.9906,1422405
11/16/2023,1095.375244,1101.450534,1070.995223,1071.815093,1695060
11/17/2023,1108.671753,1114.19379,1095.523438,1099.47483,2120630
11/20/2023,1107.209595,1117.47335,1103.604046,1109.34338,2001625
11/21/2023,1115.566895,1121.987906,1107.476357,1108.365444,1903465
11/22/2023,1119.142944,1132.073841,1117.275897,1117.275897,2124580
11/23/2023,1115.211304,1123.074535,1108.138278,1121.207488,1511300
11/24/2023,1115.507568,1137.378537,1109.353295,1116.258342,2305405
11/28/2023,1121.365601,1129.001647,1115.675586,1115.675586,1555790
11/29/2023,1129.179443,1134.839914,1117.058649,1125.731863,1602385
11/30/2023,1143.5625,1145.903695,1129.3078,1131.085975,4267760
12/1/2023,1135.906616,1157.076251,1133.940808,1145.903633,1391500
12/4/2023,1137.210571,1145.903682,1131.757752,1145.903682,1121300
12/5/2023,1141.250854,1149.65745,1134.444568,1138.988644,1121875
12/6/2023,1132.142944,1149.855113,1127.737181,1145.113394,2659705
12/7/2023,1142.959961,1155.762433,1136.094345,1140.045737,3791150
12/8/2023,1138.771484,1142.91051,1128.517617,1142.91051,1142525
12/11/2023,1081.397095,1102.043141,1060.948691,1086.632737,9493150
12/12/2023,1094.604736,1113.2652,1082.167763,1086.632856,4281525
12/13/2023,1106.123047,1108.365481,1092.629009,1099.3662,3111975
12/14/2023,1101.124512,1111.644996,1100.047671,1108.730893,3164560
12/15/2023,1104.30542,1109.353309,1094.930752,1106.389765,3636220
12/18/2023,1104.621582,1123.973613,1101.44074,1103.426324,3279260
12/19/2023,1113.788696,1115.477878,1105.006713,1110.341117,1123370
12/20/2023,1102.270386,1120.436925,1096.916327,1116.268235,1307230
12/21/2023,1097.400391,1105.204414,1080.942809,1094.535607,1681900
12/22/2023,1111.862427,1117.453559,1098.486927,1102.043155,1315040
12/26/2023,1112.741699,1125.158896,1106.893596,1111.822948,1658265
12/27/2023,1129.011475,1130.493247,1106.646582,1113.265115,1473880
12/28/2023,1157.471436,1163.843128,1120.397589,1129.871018,4888545
12/29/2023,1145.48877,1154.695581,1138.198446,1151.850574,1452615
1/1/2024,1150.18103,1157.757868,1145.903692,1145.903692,978400
1/2/2024,1170.955444,1175.341552,1147.019908,1147.296534,2869280
1/3/2024,1171.963135,1179.490532,1163.329353,1170.95551,1412035
1/4/2024,1154.241089,1170.03689,1150.84295,1170.03689,2048300
1/5/2024,1152.947021,1160.632508,1147.187911,1159.733532,1037255
1/8/2024,1138.267578,1161.906712,1132.587452,1161.887056,1205700
1/9/2024,1135.985718,1153.539797,1134.859557,1149.657622,1292220
1/10/2024,1143.374756,1145.903705,1124.210601,1135.837591,1273855
1/11/2024,1124.655151,1141.557218,1115.300259,1141.557218,2964925
1/12/2024,1123.943848,1133.032001,1115.487811,1133.032001,1385710
1/15/2024,1142.594482,1145.706228,1126.541951,1133.644521,1665610
1/16/2024,1137.635376,1143.927963,1127.341957,1143.927963,1142145
1/17/2024,1116.258423,1134.049576,1111.724234,1134.049576,1778960
1/18/2024,1116.258423,1119.883869,1090.712686,1115.764499,1727635
1/19/2024,1119.864136,1129.100491,1108.731068,1121.227371,1641460
1/23/2024,1121.088989,1136.815573,1114.480223,1116.643673,2329945
1/24/2024,1166.075684,1168.624288,1124.763809,1127.717465,5244260
1/25/2024,1156.868774,1170.599886,1150.250241,1166.075585,2677510
1/29/2024,1154.537476,1164.198658,1134.08907,1145.903694,1509570
1/30/2024,1153.994019,1175.341518,1152.028211,1165.453151,1576585
1/31/2024,1209.353149,1212.583432,1147.296591,1150.852819,7857425
2/1/2024,1184.064209,1214.934458,1175.558852,1203.09017,3112555
2/2/2024,1193.221558,1200.175925,1184.637096,1188.568712,1686230
2/5/2024,1204.078003,1212.68212,1183.659142,1193.122803,2126485
2/6/2024,1218.332642,1222.955823,1201.964053,1202.211015,2587065
2/7/2024,1220.930786,1222.955923,1211.220283,1218.214204,2953275
2/8/2024,1217.038696,1228.873097,1210.113872,1228.487822,1791205
2/9/2024,1216.208862,1225.958917,1206.004315,1213.077341,1238970
2/12/2024,1251.307129,1262.16357,1230.858722,1231.708257,4296460
2/13/2024,1251.672607,1266.391568,1246.87168,1254.567055,2086675
2/14/2024,1236.459717,1252.581343,1219.024176,1250.625423,1724345
2/15/2024,1235.333496,1244.490866,1226.136574,1232.853988,1469095
2/16/2024,1248.076782,1257.668747,1234.286343,1239.146598,1275915
2/19/2024,1267.833862,1275.104409,1247.652074,1248.076902,1393520
2/20/2024,1259.703735,1277.287478,1252.699927,1268.792009,1399485
2/21/2024,1254.399048,1264.949318,1245.676393,1261.877125,995895
2/22/2024,1257.32312,1260.454521,1231.125371,1259.506226,1420120
2/23/2024,1272.773071,1283.026939,1257.13536,1258.064,1842255
2/26/2024,1272.49646,1282.226739,1260.622507,1273.345995,1089190
2/27/2024,1274.244995,1276.220691,1261.531396,1267.606565,966475
2/28/2024,1269.987305,1285.368166,1262.884735,1273.029833,1560230
2/29/2024,1269.23645,1278.848192,1255.969719,1260.899071,5513940
3/1/2024,1223.657104,1278.867941,1219.419319,1274.126343,2876430
3/4/2024,1251.623169,1272.219775,1232.63676,1232.834281,2196055
3/5/2024,1245.340454,1253.016052,1234.217276,1251.5836,1040180
3/6/2024,1247.582886,1251.010689,1222.955783,1245.340452,1207130
3/7/2024,1249.459717,1258.458997,1245.775063,1245.775063,1174600
3/11/2024,1261.965942,1269.108064,1246.664186,1258.320841,1412365
3/12/2024,1245.113281,1269.977338,1238.02048,1262.104218,1647055
3/13/2024,1245.439209,1254.566915,1234.572881,1245.162583,1051325
3/14/2024,1243.621704,1248.669593,1226.689974,1241.132308,2001060
3/15/2024,1241.705078,1246.37758,1227.796223,1241.744631,2429735
3/18/2024,1252.798706,1255.535064,1238.376149,1243.127756,902465
3/19/2024,1212.069702,1251.603398,1209.807492,1251.603398,1581835
3/20/2024,1205.826538,1212.701921,1190.001194,1210.103876,1385185
3/21/2024,1210.746094,1216.238466,1197.271832,1210.113857,1626230
3/22/2024,1225.563721,1232.71573,1206.17226,1210.904091,1528595
3/26/2024,1212.059937,1227.193837,1206.369922,1222.95593,1361275
3/27/2024,1194.130371,1215.250566,1192.154675,1215.250566,1452965
3/28/2024,1216.61377,1226.867636,1200.827978,1200.827978,2586915
4/1/2024,1234.87915,1241.221178,1216.61385,1227.895118,772020
4/2/2024,1232.35022,1238.553934,1226.116841,1238.553934,1191030
4/3/2024,1209.995239,1238.366204,1207.545396,1232.350244,1346125
4/4/2024,1213.571289,1219.992301,1194.802177,1216.040909,1995095
4/5/2024,1220.841797,1245.844287,1213.077326,1213.57125,2705055
4/8/2024,1219.903442,1230.216518,1212.099419,1228.379135,1420525
4/9/2024,1218.589478,1230.898145,1216.040873,1225.3661,643620
4/10/2024,1216.61377,1224.911717,1214.065165,1224.911717,980420
4/12/2024,1201.983887,1222.75836,1200.235376,1218.787192,1974255
4/15/2024,1187.561279,1199.879715,1181.910697,1199.879715,1349665
4/16/2024,1195.365234,1200.008193,1182.464002,1186.573483,2041490
4/18/2024,1176.951904,1210.607836,1173.099273,1205.164783,2988680
4/19/2024,1174.126465,1185.417621,1161.867358,1185.417621,1713255
4/22/2024,1188.598511,1198.062172,1176.230634,1180.478429,1667285
4/23/2024,1175.953979,1198.259542,1172.358199,1195.295999,1494175
4/24/2024,1175.697266,1184.400144,1169.819497,1177.52476,1334935
4/25/2024,1228.635864,1237.180773,1171.192483,1180.488166,4634925
4/26/2024,1235.224976,1246.437027,1220.752978,1229.85102,2063090
4/29/2024,1244.115601,1249.627749,1225.395808,1238.761421,1485530
4/30/2024,1225.781128,1247.256935,1221.968049,1244.668778,1906520
5/2/2024,1242.218872,1244.64894,1223.993125,1223.993125,3134765
5/3/2024,1254.478149,1268.377118,1236.390594,1244.668765,2906840
5/6/2024,1243.394409,1260.494117,1234.088958,1260.434788,2263770
5/7/2024,1236.311646,1254.567059,1224.931616,1250.59589,1586770
5/8/2024,1196.550659,1208.128209,1176.07259,1205.174553,4940700
5/9/2024,1161.185669,1200.136569,1159.733561,1200.136569,2534535
5/10/2024,1169.80957,1172.575593,1149.479702,1160.721417,1480900
5/13/2024,1167.349731,1175.341508,1155.880832,1169.809463,852820
5/14/2024,1159.496582,1174.630362,1156.770112,1173.346232,1186650
5/15/2024,1160.721436,1178.887975,1157.757891,1162.697132,1458405
5/16/2024,1155.861084,1171.192503,1127.924836,1171.192503,3660485
5/17/2024,1145.814819,1157.056535,1144.125517,1155.861156,3006695
5/21/2024,1141.91272,1152.482766,1140.569261,1148.066993,2456865
5/22/2024,1160.276978,1166.648549,1144.007028,1155.782221,2605110
5/23/2024,1165.206299,1172.180443,1152.818646,1166.144706,2827915
5/24/2024,1158.893921,1167.458486,1153.510077,1164.949434,2122215
5/27/2024,1160.266968,1163.674995,1145.13307,1158.893845,3366290
5/28/2024,1178.562012,1186.425243,1160.158398,1160.158398,3966010
5/29/2024,1185.565796,1188.963935,1168.545194,1182.454051,2533990
5/30/2024,1160.474487,1180.47841,1152.423502,1180.47841,3005220
5/31/2024,1144.293457,1166.579365,1136.588195,1165.650725,5146590
6/3/2024,1142.604248,1173.14843,1141.389214,1173.14843,2087555
6/4/2024,1132.231934,1151.307216,1106.389795,1147.286728,3287175
6/5/2024,1150.674927,1162.045067,1131.244034,1133.634549,2542820
6/6/2024,1163.872559,1170.797383,1142.268328,1152.818598,3598380
6/7/2024,1197.528687,1202.033211,1160.968421,1163.872636,3747525
6/10/2024,1206.389526,1216.564408,1186.217749,1197.528559,3148275
6/11/2024,1193.172241,1205.22406,1190.949583,1202.211075,2581810
6/12/2024,1197.281616,1202.210968,1183.639378,1197.271728,1932925
6/13/2024,1204.354736,1209.106223,1191.641137,1209.106223,2191150
6/14/2024,1202.260498,1208.829591,1192.352353,1204.384275,1985020
6/18/2024,1183.688965,1197.667039,1181.466307,1194.901016,3076985
6/19/2024,1176.764038,1185.3485,1169.612028,1183.827175,3056645
6/20/2024,1179.648682,1184.627354,1163.28986,1170.59996,2489735
6/21/2024,1187.67981,1196.283927,1176.556631,1179.688032,2150475
6/24/2024,1196.274048,1205.174568,1180.083205,1185.022445,1624525
6/25/2024,1200.907104,1204.226259,1188.588548,1203.198859,1977490
6/26/2024,1199.257446,1204.117702,1190.416254,1197.963307,1958240
6/27/2024,1232.024292,1234.701321,1184.429723,1185.417571,12168270
6/28/2024,1264.90979,1268.396923,1235.017498,1235.886809,5118295
7/1/2024,1255.297974,1280.251024,1252.028259,1270.372544,2251925
7/2/2024,1258.567749,1260.681638,1241.576692,1253.579069,1819075
7/3/2024,1269.5625,1289.299683,1257.560123,1259.308633,2913200
7/4/2024,1280.122559,1292.500323,1258.538104,1270.372504,1744245
7/5/2024,1288.153809,1293.517876,1275.519194,1280.122599,1139175
7/8/2024,1290.949341,1299.020102,1281.43636,1288.153774,807380
7/9/2024,1300.571045,1302.971569,1270.560217,1292.10524,1734640
7/10/2024,1302.487427,1304.83851,1280.843644,1298.92131,1287550
7/11/2024,1302.922119,1308.296075,1291.087719,1302.606061,1581340
7/12/2024,1327.559082,1332.606971,1296.985114,1302.033123,2944400
7/15/2024,1342.436035,1360.256852,1324.220175,1333.594844,3023975
7/16/2024,1320.833008,1348.040458,1318.964851,1343.469473,1556420
7/18/2024,1325.096069,1333.31397,1309.773205,1320.82312,1928535
7/19/2024,1318.835693,1335.211935,1316.907978,1323.605491,900340
7/22/2024,1345.645752,1347.454229,1307.706316,1307.706316,2061455
7/23/2024,1364.347168,1368.123268,1334.933735,1345.466909,4330455
7/24/2024,1355.433716,1379.03404,1350.087617,1379.03404,3019385
7/25/2024,1362.001953,1366.324514,1342.893164,1350.435296,1315525
7/26/2024,1367.059937,1384.419809,1349.759623,1369.107012,2051955
7/29/2024,1359.38855,1380.862345,1338.510949,1375.277768,3271945
7/30/2024,1352.253784,1369.514311,1350.017964,1360.382286,1458475
7/31/2024,1341.591431,1357.291905,1338.510992,1352.204177,1730870
8/1/2024,1368.908203,1371.402394,1348.775875,1350.534739,2320480
8/2/2024,1384.052124,1387.400881,1366.225243,1367.526924,2209945
8/5/2024,1353.823853,1383.426027,1350.236618,1377.285043,2186945
8/6/2024,1352.899658,1374.343734,1350.494987,1359.160003,1227135
8/7/2024,1376.539795,1378.258873,1359.378614,1367.328197,968865
8/8/2024,1378.914795,1398.132877,1374.174837,1376.271525,2705840
8/9/2024,1393.859863,1396.145417,1383.893166,1387.202137,656255
8/12/2024,1368.630005,1397.139137,1365.996681,1393.949406,1853275
8/13/2024,1380.921997,1383.674438,1361.614396,1371.700452,1217325
8/14/2024,1351.637695,1383.624892,1349.938511,1382.233691,1727965
8/16/2024,1350.157104,1361.157408,1343.111821,1357.599892,2565660
8/19/2024,1373.558716,1376.0728,1354.926882,1358.971178,809235
8/20/2024,1384.290527,1386.049392,1371.302951,1377.265137,747970
8/21/2024,1403.588257,1412.531537,1384.290601,1391.157087,1905585
8/22/2024,1385.026001,1403.568315,1375.913748,1403.568315,1683410
8/23/2024,1382.134277,1389.189507,1377.275081,1387.172272,711440
8/26/2024,1379.908447,1383.217417,1371.143965,1376.261533,1018915
8/27/2024,1383.813599,1392.478736,1371.710427,1380.246257,2277085
8/28/2024,1391.037842,1400.766182,1375.874003,1383.813639,1632585
8/29/2024,1377.493652,1395.141735,1369.13662,1370.965111,1784160
8/30/2024,1397.407471,1400.120246,1378.855088,1378.855088,3415210
9/2/2024,1365.768188,1406.07251,1357.391262,1401.054288,2354285
9/3/2024,1362.131226,1374.08544,1360.968555,1371.303037,1246805
9/4/2024,1348.885132,1360.928866,1344.870675,1360.928866,2177470
9/5/2024,1330.710449,1361.127525,1328.772666,1350.932175,2001265
9/6/2024,1325.026489,1335.549715,1322.214247,1331.336446,2074285
9/9/2024,1322.790771,1334.724971,1312.217812,1327.570395,1466880
9/10/2024,1321.69751,1331.117867,1314.29451,1330.362647,2328120
9/11/2024,1314.165405,1341.362911,1310.866382,1323.784454,1833720
9/12/2024,1328.345459,1333.979648,1307.766016,1331.555084,2663355
9/13/2024,1323.744629,1331.366335,1321.021907,1328.85225,1197575
9/16/2024,1321.041748,1329.547738,1317.941416,1329.547738,691625
9/17/2024,1317.971191,1324.748278,1312.277322,1319.650604,911735
9/18/2024,1305.281738,1321.220568,1297.968016,1321.021877,1239415
9/19/2024,1292.313965,1314.16537,1288.329227,1308.501341,4661780
9/20/2024,1301.972656,1311.273653,1288.965186,1298.723245,2823650
9/23/2024,1322.502563,1324.003057,1307.706388,1311.681179,1326620
9/24/2024,1321.687622,1329.547806,1307.746134,1322.502522,1962100
9/25/2024,1329.855957,1333.065582,1310.796779,1322.860285,2388280
9/26/2024,1340.37915,1342.883288,1324.460092,1334.496415,2842130
9/27/2024,1341.472168,1345.943808,1324.897356,1333.74117,2794555
9/30/2024,1341.809937,1349.64028,1333.542424,1342.485704,1827470
10/1/2024,1341.31311,1348.527366,1327.192703,1341.809959,1738090
10/3/2024,1338.640137,1350.435325,1329.985068,1347.454231,2277090
10/4/2024,1318.289185,1338.093513,1313.867157,1334.138616,1742335
10/7/2024,1313.648682,1333.949982,1307.924972,1328.285832,2224190
10/8/2024,1322.820435,1325.195387,1306.712632,1313.65857,1395550
10/9/2024,1324.569336,1342.465843,1321.041782,1330.760054,1680365
10/10/2024,1308.322388,1331.157544,1302.47944,1331.157544,1582735
10/11/2024,1311.522095,1316.589929,1300.760391,1308.700027,1130225
10/14/2024,1323.585571,1329.756396,1311.681091,1318.835667,1117595
10/15/2024,1313.996338,1331.535128,1312.71455,1328.375237,1423265
10/16/2024,1333.721436,1340.687146,1317.454607,1319.630747,1849620
10/17/2024,1332.359985,1346.460499,1321.707453,1340.458525,1819115
10/18/2024,1339.723267,1346.261876,1324.082472,1332.360053,1143115
10/21/2024,1331.03833,1345.466842,1328.782617,1345.466842,1175275
10/22/2024,1324.082397,1342.4857,1318.100317,1336.921016,1904985
10/23/2024,1313.251099,1329.19005,1309.693704,1323.476288,1548860
10/24/2024,1308.24292,1320.425664,1305.559863,1320.425664,1587305
10/25/2024,1294.728638,1308.103893,1281.890139,1305.718994,1285830
10/28/2024,1303.234741,1317.544015,1282.118662,1311.681173,829374
10/29/2024,1266.666626,1326.984159,1255.537258,1318.637073,1443741
10/30/2024,1241.973145,1264.977272,1221.055879,1264.977272,2065575
10/31/2024,1266.169678,1275.560195,1240.134844,1250.668016,1902206
11/1/2024,1251.661743,1280.876483,1194.226082,1271.933203,540201
11/4/2024,1260.307007,1268.852784,1242.66887,1251.661763,1771490
11/5/2024,1264.182373,1270.939567,1233.427473,1257.127142,1603920
11/6/2024,1293.893921,1313.569186,1243.71218,1265.971036,3908554
11/7/2024,1279.236816,1300.750398,1272.479744,1296.725873,1479152
11/8/2024,1275.560181,1284.851231,1251.214585,1284.65254,1328199
11/11/2024,1279.783447,1287.087102,1254.195728,1275.908002,1175591
11/12/2024,1255.934692,1280.280289,1250.370009,1279.733707,1110785
11/13/2024,1237.153809,1257.077499,1230.496082,1250.07188,995217
11/14/2024,1218.969116,1245.103418,1214.497476,1242.022979,1346891
11/18/2024,1186.028076,1212.112644,1162.825135,1198.498911,3367815
11/19/2024,1205.802612,1224.235756,1178.774079,1185.48154,1509716
11/21/2024,1187.81665,1199.095096,1165.11068,1167.495579,2121476
11/22/2024,1206.796265,1215.491121,1186.077689,1191.443682,763755
11/25/2024,1201.678833,1239.141193,1198.151157,1226.173387,3280431
11/26/2024,1201.032837,1210.671657,1195.617111,1201.380607,1190121
11/27/2024,1192.338013,1207.93902,1190.499696,1204.361732,1402977
11/28/2024,1184.43811,1202.27506,1180.960168,1201.430441,2819269
11/29/2024,1194.7229,1211.665375,1191.095879,1198.399534,2535820
12/2/2024,1214.050293,1217.528235,1194.722919,1206.597559,1826479
12/3/2024,1216.782959,1221.254599,1209.876808,1221.254599,2237453
12/4/2024,1207.889404,1221.353937,1201.97683,1216.782951,1435443
12/5/2024,1232.036255,1241.625463,1202.473744,1208.883168,3324867
12/6/2024,1245.79895,1247.239885,1228.558317,1238.147525,1717216
12/9/2024,1247.239868,1253.847983,1235.41484,1246.743019,1269332
12/10/2024,1232.533081,1245.699577,1225.229426,1242.122289,2025890
12/11/2024,1230.744507,1235.563917,1218.96909,1232.483478,1178864
12/12/2024,1237.55127,1242.320946,1218.621278,1236.955075,1648944
12/13/2024,1238.495239,1242.320952,1218.720629,1232.48344,1258819
12/16/2024,1261.946533,1266.120137,1237.352511,1238.495288,1920945
12/17/2024,1239.787109,1262.940196,1235.414815,1261.002534,2706166
12/18/2024,1267.362183,1272.926866,1241.675119,1244.010285,2823838
12/19/2024,1317.24585,1322.959612,1263.635899,1266.964763,7185903
12/20/2024,1335.182129,1360.074187,1309.097561,1317.643338,7499087
12/23/2024,1332.896606,1358.384981,1321.916318,1353.416492,3740109
12/24/2024,1342.386353,1356.397467,1327.778922,1338.510907,2587142
12/26/2024,1346.609619,1351.62772,1334.287742,1342.386403,1531359
12/27/2024,1380.693359,1389.437949,1337.02039,1354.459835,3656253
12/30/2024,1368.222534,1383.227347,1363.452736,1380.842448,2462657
12/31/2024,1379.74939,1386.208425,1357.937772,1361.664138,1892083
1/1/2025,1360.372314,1380.296004,1346.808315,1379.699689,1658723
1/2/2025,1366.384277,1379.202883,1361.415788,1362.806868,1726305
1/3/2025,1344.125366,1369.46466,1338.70964,1366.384221,1573592
1/6/2025,1341.839844,1352.720908,1325.394217,1351.826555,1539970
1/7/2025,1343.032349,1364.396852,1339.007824,1343.479464,1723188
1/8/2025,1362.111328,1397.039832,1349.441681,1360.869206,3456684
1/9/2025,1362.955933,1374.234379,1355.503199,1371.303019,1607980
1/10/2025,1345.86438,1377.265207,1344.075675,1357.490596,1582776
1/13/2025,1326.685913,1345.615905,1321.81677,1345.516559,2822318
1/14/2025,1329.120605,1340.349318,1315.308181,1326.735706,1370223
1/15/2025,1328.772705,1336.523597,1305.66923,1336.523597,1940371
1/16/2025,1294.539795,1338.510922,1288.826033,1332.44939,1195731
1/17/2025,1301.147949,1312.376662,1279.882792,1289.81977,1432206
1/20/2025,1294.142334,1300.750449,1285.497211,1300.104521,561642
1/21/2025,1280.03186,1304.675493,1277.547616,1294.142321,738787
1/22/2025,1288.080811,1299.75676,1279.882803,1282.863897,1301422
1/23/2025,1281.274048,1295.732279,1266.517659,1280.876544,1448659
1/24/2025,1216.683594,1244.755556,1195.915286,1222.198544,7082467
1/27/2025,1190.102173,1226.570833,1183.990907,1216.683589,2184847
1/28/2025,1173.805542,1190.10221,1157.310183,1190.10221,3142189
1/29/2025,1173.755859,1184.93496,1166.104434,1179.916859,3458251
1/30/2025,1186.972046,1197.207182,1176.538219,1180.51301,3290757
1/31/2025,1209.677979,1213.305,1188.462555,1194.424742,1505147
2/1/2025,1197.356201,1212.708906,1192.536791,1212.708906,1067956
2/3/2025,1196.263062,1212.311305,1189.257565,1192.437349,1407877
2/4/2025,1212.261597,1225.229402,1193.878187,1199.393259,2239920
2/5/2025,1219.813843,1225.328793,1208.187505,1219.26726,1460238
2/6/2025,1228.856445,1246.097078,1222.447022,1227.117474,2990483
2/7/2025,1232.582764,1235.911627,1218.273491,1232.18526,1236992
2/10/2025,1213.255249,1231.887082,1203.417738,1231.887082,1565579
2/11/2025,1202.175659,1215.193076,1193.679494,1212.311328,1819297
2/12/2025,1208.1875,1212.708874,1195.269428,1210.323975,1306601
2/13/2025,1215.888672,1235.166435,1209.230945,1209.230945,4447231
2/14/2025,1189.505981,1222.248275,1178.773997,1215.789239,1211843
2/17/2025,1191.393921,1194.424748,1175.693569,1189.30718,613030
2/18/2025,1189.85376,1197.356105,1174.55079,1191.393919,1713796
2/19/2025,1158.502563,1169.532585,1120.394277,1158.651642,3062142
2/20/2025,1163.570435,1166.75034,1148.963125,1157.161132,1579890
2/21/2025,1144.54126,1163.371786,1138.03249,1163.322053,6828902
2/24/2025,1157.210815,1166.501866,1143.746162,1144.541169,2017521
2/25/2025,1121.040283,1162.1794,1115.425866,1159.7945,6463238
2/27/2025,1118.456665,1129.188529,1107.973104,1121.388025,3435069
2/28/2025,1109.463623,1124.865939,1097.588983,1121.586688,3895033
3/3/2025,1112.544067,1123.126974,1096.94306,1111.301945,1810605
3/4/2025,1113.090698,1117.06549,1098.085885,1104.097684,1074133
3/5/2025,1119.30127,1121.88486,1103.551183,1113.438428,1260157
3/6/2025,1132.914917,1138.479601,1111.600146,1127.847082,1648697
3/7/2025,1126.108032,1137.982672,1122.878514,1132.914838,790599
3/10/2025,1113.140259,1129.98351,1108.370582,1127.797302,950503
3/11/2025,1109.612671,1119.847685,1103.650484,1109.960441,884438
3/12/2025,1098.185181,1109.612706,1085.565145,1109.562972,1914579
3/13/2025,1100.967407,1103.252961,1088.148803,1098.185126,1299174
3/17/2025,1143.447998,1146.826595,1094.558115,1100.917805,2714559
3/18/2025,1143.447998,1143.447998,1143.447998,1143.447998,0
3/19/2025,1164.713135,1170.277818,1150.801366,1166.601185,1507415
3/20/2025,1179.718018,1183.245693,1157.956132,1171.52001,1521677
3/21/2025,1192.586426,1197.058066,1169.632031,1182.69906,2313824
3/24/2025,1202.672485,1208.684284,1182.748796,1197.405839,1660669
3/25/2025,1170.476685,1208.286814,1160.589318,1202.672518,2860907
3/26/2025,1157.260498,1172.364778,1145.385857,1170.476728,2864505
3/27/2025,1154.87561,1165.011401,1136.790358,1152.689524,4460409
3/28/2025,1136.989014,1151.944215,1133.560805,1151.944215,2762934
4/1/2025,1144.938599,1157.061785,1128.890476,1136.989016,4158012
4/2/2025,1142.752441,1145.435377,1127.846975,1142.752441,2071245
4/3/2025,1144.193359,1219.167936,1141.808582,1182.99731,6324685
4/4/2025,1102.954834,1150.15548,1069.417533,1144.541184,5423861
4/7/2025,1081.043945,1091.924889,1013.571835,1013.571835,3888037
4/8/2025,1100.967407,1106.631557,1081.838725,1093.067558,1577632
4/9/2025,1087.155151,1096.297123,1054.959318,1087.602267,5511474
4/11/2025,1102.50769,1132.716127,1095.303382,1132.716127,2740831
4/15/2025,1147.621582,1150.801366,1121.884785,1133.709813,2683350
4/16/2025,1151.099609,1154.080703,1136.492178,1142.951214,1451875
4/17/2025,1156.266724,1166.203702,1142.851803,1142.851803,2788024
4/21/2025,1169.979858,1172.265291,1147.721003,1156.068089,1938756
4/22/2025,1167.594971,1173.060309,1154.975057,1166.501927,1313400
4/23/2025,1178.525635,1184.289131,1168.489311,1177.631282,3192132
4/24/2025,1192.934204,1202.374333,1168.886766,1171.569701,4819678
4/25/2025,1167.39624,1202.871204,1152.391306,1196.312822,1286573
4/28/2025,1191.145508,1197.405852,1168.886774,1168.886774,1236678
4/29/2025,1168.588623,1196.809665,1161.632738,1196.809665,1663018
4/30/2025,1176.438843,1189.058756,1168.48926,1168.787297,1604442
5/2/2025,1170.476685,1187.270202,1164.017649,1168.68798,910973
5/5/2025,1163.918335,1186.375882,1147.224163,1181.20858,1893680
5/6/2025,1153.087036,1167.595001,1122.282402,1164.812598,1990745
5/7/2025,1153.38501,1157.260456,1136.19411,1136.19411,1421366
5/8/2025,1140.765137,1154.080712,1134.80295,1145.435468,2616533
5/9/2025,1148.615356,1159.645378,1131.32499,1135.299781,1248574
5/12/2025,1188.065063,1196.412149,1136.690936,1148.615309,5065176
5/13/2025,1199.492676,1233.179058,1188.462654,1188.462654,3134295
5/14/2025,1212.311401,1215.590653,1185.68025,1205.653674,1197152
5/15/2025,1228.508667,1231.986609,1192.636079,1206.349157,2053553
5/16/2025,1222.943848,1231.092242,1213.305027,1231.092242,882873
5/19/2025,1211.317627,1233.973985,1206.547829,1220.559065,2235758
5/20/2025,1216.484863,1226.620654,1208.932784,1214.298777,1385750
5/21/2025,1216.981689,1248.680675,1212.410704,1217.379193,2615092
5/22/2025,1214.497437,1222.049637,1203.765573,1216.981681,2260610
5/23/2025,1222.347656,1227.117454,1208.336541,1220.260915,734297
5/26/2025,1233.079712,1240.035597,1220.956525,1222.149035,985434
5/27/2025,1235.365112,1241.128608,1229.502392,1236.060774,1145000
5/28/2025,1234.768921,1244.308396,1229.204237,1239.936222,766968
5/29/2025,1240.333618,1245.50092,1232.582848,1237.551337,1791885
5/30/2025,1243.314697,1249.674388,1233.179028,1240.333604,3161983
6/2/2025,1239.83667,1243.61277,1224.732512,1243.115921,1139977
6/3/2025,1240.432983,1245.500818,1232.98025,1242.122221,811620
6/4/2025,1244.010376,1258.021492,1238.445692,1240.433088,1387633
6/5/2025,1282.466431,1295.185812,1256.232783,1256.232783,3834672
6/6/2025,1312.575439,1314.562835,1286.838642,1286.937988,2158757
6/9/2025,1310.786743,1320.624376,1300.352916,1319.034483,1227356
6/10/2025,1340.299683,1354.01264,1312.674834,1312.674834,3022355
6/11/2025,1342.585083,1346.858032,1331.753753,1341.49204,1094247
6/12/2025,1354.111938,1371.004801,1335.032989,1351.429003,2625058
6/13/2025,1353.91333,1358.186279,1336.523618,1346.460596,1419556
6/16/2025,1338.312256,1351.230327,1333.741149,1351.230327,1294663
6/17/2025,1310.48877,1341.193936,1294.390792,1339.802856,1649457
6/18/2025,1305.023438,1316.450963,1300.551797,1302.837229,728945
6/19/2025,1317.742676,1323.605517,1296.080136,1296.775676,1654212
6/20/2025,1316.947754,1326.586574,1309.892402,1324.002984,1843895
6/23/2025,1309.59436,1314.662195,1293.893887,1310.588058,843945
6/24/2025,1328.872192,1345.16874,1300.84984,1309.59443,1011128
6/25/2025,1333.14502,1339.802868,1327.580336,1339.802868,833145
6/26/2025,1313.171631,1325.294695,1306.315092,1317.643271,2373431
6/27/2025,1292.800903,1323.208033,1290.217313,1320.525098,1770595
6/30/2025,1275.212524,1296.77572,1264.480539,1294.688978,2224279
7/1/2025,1268.753418,1286.739324,1265.275476,1278.193547,1851442
7/2/2025,1262.79126,1272.827584,1255.735908,1267.95844,2027306
7/3/2025,1283.161987,1289.422211,1261.996176,1266.86532,1918977
7/4/2025,1299.160522,1304.725206,1279.087754,1294.788228,1466009
7/7/2025,1302.240967,1305.122715,1289.91909,1299.657377,569025
7/8/2025,1275.709351,1302.042344,1265.57356,1302.042344,1602620
7/9/2025,1261.400024,1277.597226,1258.91578,1271.933197,1494337
7/10/2025,1262.599976,1269.900024,1252.099976,1262.900024,1246082
7/11/2025,1254.699951,1272,1251.300049,1263,895466
7/14/2025,1250.599976,1261.400024,1245.300049,1254.699951,1035555
7/15/2025,1260.900024,1264.5,1241,1254.800049,1183659
7/16/2025,1259.400024,1262,1250,1260.900024,1159859
7/17/2025,1263.099976,1274.800049,1255.5,1259.400024,709420
7/18/2025,1257.5,1270.599976,1251.099976,1265,690731
7/21/2025,1259.300049,1262.400024,1245.199951,1250.199951,1065189
7/22/2025,1240,1263.599976,1236,1261,1304352
7/23/2025,1247.400024,1252.099976,1231,1240.199951,1088262
7/24/2025,1265.5,1287.900024,1256.099976,1261.099976,3809212
7/25/2025,1277.900024,1288.5,1261.199951,1266,1621138
7/28/2025,1287.400024,1290,1271.599976,1280,1553778
7/29/2025,1299.800049,1302,1282.800049,1287,1943466
7/30/2025,1292.099976,1298.099976,1277.699951,1298.099976,1387013
7/31/2025,1270.300049,1285,1257,1274.5,1968821
8/1/2025,1220.599976,1259,1213.699951,1258,2525210
8/4/2025,1225,1232.199951,1219.199951,1225.099976,767310
8/5/2025,1214.800049,1232,1205,1225,956582
8/6/2025,1196.699951,1217.800049,1187.5,1214.800049,1701845
8/7/2025,1200.800049,1210,1183.400024,1184,1246560
8/8/2025,1211.400024,1215,1195.400024,1200.800049,2389106
8/11/2025,1219.5,1237,1208.599976,1212.5,1246374
8/12/2025,1220.300049,1227.199951,1204.099976,1210,922461
8/13/2025,1253.400024,1255.5,1219.800049,1220.300049,1192506
8/14/2025,1260.400024,1266,1250.199951,1255.099976,1603933
8/18/2025,1262.699951,1270.599976,1241.099976,1270,1648543
8/19/2025,1244.199951,1263.800049,1241.900024,1263,1061816
8/20/2025,1245.400024,1250.699951,1238,1244,685379
8/21/2025,1276.599976,1281.800049,1240.300049,1245.400024,2008295
8/22/2025,1277.599976,1284.099976,1265.599976,1274.099976,1229920
8/25/2025,1283.900024,1288.900024,1275.300049,1277.699951,967056
8/26/2025,1263.199951,1279.599976,1259,1276,2798216
8/28/2025,1259.800049,1267.400024,1248.5,1263.199951,1827890
8/29/2025,1260.099976,1266.400024,1240.800049,1259,2422956
9/1/2025,1279.900024,1285,1260.099976,1260.099976,1273903
9/2/2025,1253.699951,1283.400024,1248,1279.900024,1632660
9/3/2025,1262.199951,1265.900024,1247.599976,1250,1294925
9/4/2025,1253,1274.699951,1249,1268,1230934
9/5/2025,1268.099976,1271.699951,1253.599976,1254.300049,769861
9/8/2025,1250.599976,1277,1248.699951,1269,969297
9/9/2025,1291.300049,1295.800049,1256.800049,1257.5,1643726
9/10/2025,1304.199951,1310,1293.699951,1294.400024,1232984
9/11/2025,1303.099976,1311,1283,1304,1349391
9/12/2025,1316.699951,1321,1302.800049,1303.099976,1042942
9/15/2025,1300.800049,1311.800049,1292.5,1308.900024,1331182
9/16/2025,1310.400024,1312.5,1296.400024,1300,1034369
9/17/2025,1311.400024,1318.199951,1305.199951,1317,716840
9/18/2025,1322.699951,1325.800049,1305.699951,1312.099976,822010
9/19/2025,1321.699951,1326.800049,1312,1324.699951,1409571
9/22/2025,1301.400024,1320.900024,1293.5,1320.900024,1399531
9/23/2025,1308.400024,1311.900024,1295.199951,1300,1271238
9/24/2025,1298.099976,1308.300049,1294.400024,1303.300049,750456
9/25/2025,1275.199951,1307.300049,1268,1298.300049,1241492
9/26/2025,1253.099976,1278.5,1246.199951,1250,2284377
9/29/2025,1234.599976,1270,1231,1265,3899164
9/30/2025,1223.699951,1240.300049,1217.5,1235.099976,2635047
10/1/2025,1244.699951,1250.699951,1226,1227.900024,4083180
10/3/2025,1248.099976,1265.400024,1240,1243.900024,2742600
10/6/2025,1248.599976,1251.300049,1234.199951,1248.199951,1880910
10/7/2025,1248.5,1256.099976,1244.400024,1250.300049,1380941
10/8/2025,1234.5,1251,1231.400024,1248.300049,1496744
10/9/2025,1246.099976,1264.900024,1240.300049,1245,2699135
10/10/2025,1264.400024,1267.699951,1244.699951,1249.599976,1680920
10/13/2025,1262.400024,1265.099976,1248.300049,1257,1188201
10/14/2025,1237.300049,1262.400024,1232.300049,1262.400024,1944911
10/15/2025,1232.400024,1242.300049,1231,1233,2150067
10/16/2025,1240.199951,1242.599976,1230.300049,1235.900024,1308931
10/17/2025,1255.900024,1262,1238.099976,1245,1473018
10/20/2025,1282,1287.699951,1259.800049,1264.800049,1368192
10/21/2025,1288.699951,1294,1283.099976,1288,226788
10/23/2025,1279.400024,1303.599976,1271.599976,1303.599976,1991213
10/24/2025,1283.599976,1288,1265.5,1280,1167634
10/27/2025,1284.300049,1293.400024,1264.599976,1283,1927956
10/28/2025,1289.400024,1294.900024,1275.300049,1283.900024,1828290
10/29/2025,1250.900024,1301.5,1235,1299,2574921
10/30/2025,1202.199951,1207.199951,1180.900024,1196,8883497
10/31/2025,1197.599976,1205.5,1191,1202.5,4250157
11/3/2025,1196,1200.800049,1187.900024,1196.900024,1547000
11/4/2025,1200,1204.300049,1193.300049,1198,1015516
11/6/2025,1205.199951,1213.900024,1193.199951,1202,1560897
11/7/2025,1205.400024,1211.900024,1198,1208,1076140
11/10/2025,1198.699951,1209.5,1195,1199.400024,3483082
11/11/2025,1211.5,1214.800049,1198.599976,1203.599976,1048552
11/12/2025,1229.599976,1235,1215,1220.099976,1222295
11/13/2025,1234.900024,1242.400024,1227.300049,1235.800049,1426984
11/14/2025,1246,1249,1231.800049,1235.199951,827643
11/17/2025,1244.400024,1253,1240.5,1253,1423044
11/18/2025,1243.800049,1247,1232.699951,1244.5,971685
11/19/2025,1250.199951,1252.699951,1237,1248.699951,830105
11/20/2025,1248.599976,1255,1237.699951,1255,854999
11/21/2025,1243.900024,1250.699951,1237.099976,1244.800049,941902
11/24/2025,1226.199951,1262.400024,1219,1248,7611988
11/25/2025,1236.099976,1251.199951,1230.300049,1236.300049,1983817
11/26/2025,1248,1251,1234.599976,1236.099976,809816
11/27/2025,1249.300049,1256,1241,1248,1060956
11/28/2025,1258.800049,1260.300049,1245,1250,809748
12/1/2025,1260.099976,1268.800049,1248.400024,1263.900024,1457856
12/2/2025,1275.199951,1278.300049,1260.5,1260.5,2361183
12/3/2025,1280.699951,1293,1269.199951,1283.599976,4969448
12/4/2025,1277.599976,1284.199951,1266.5,1280.599976,1971130
12/5/2025,1275.199951,1282.800049,1271.599976,1277.599976,1036082
12/8/2025,1266.5,1279,1263.699951,1275,1435892
12/9/2025,1246.199951,1267.400024,1241.300049,1266.5,2118272
12/10/2025,1250.800049,1262.099976,1246.800049,1249.300049,1669910
12/11/2025,1273.5,1275.900024,1248,1250.800049,1717539
12/12/2025,1279.300049,1280.400024,1267.300049,1275,981548
12/15/2025,1280.599976,1282.800049,1264.099976,1274.900024,1078613
12/16/2025,1276.900024,1285.900024,1272,1285.900024,928506
12/17/2025,1272,1281,1267.300049,1270,894068
12/18/2025,1280,1283.900024,1262,1277,889699
12/19/2025,1278.199951,1292.900024,1268.900024,1277,1209487
12/22/2025,1283.400024,1286.300049,1276.699951,1278.199951,614138
12/23/2025,1283.5,1288.599976,1277.800049,1288.599976,408490
12/24/2025,1265.800049,1285.099976,1252.400024,1281.099976,1265233
12/26/2025,1269.300049,1275,1261.099976,1265,594744
12/29/2025,1268.599976,1275.900024,1260,1269.300049,811488
12/30/2025,1265.800049,1272.900024,1256.400024,1268,1123996
12/31/2025,1271.400024,1273.900024,1260,1270,658106
1/1/2026,1253.400024,1270,1248,1270,553856
1/2/2026,1256.099976,1257.599976,1236,1249,1591218
1/5/2026,1250,1262.300049,1245,1256,1184386
1/6/2026,1256.199951,1258.800049,1245.5,1250,540944
1/7/2026,1242.800049,1265,1240,1252.599976,1215477
1/8/2026,1206.900024,1241.599976,1202.199951,1241.599976,2000942
1/9/2026,1210.099976,1216.400024,1203.599976,1207,1390935
1/12/2026,1215.5,1218.699951,1199.900024,1210,707317
1/13/2026,1191.300049,1215.900024,1185.5,1215.599976,2071117
1/14/2026,1186.5,1195,1176.099976,1191.099976,2834908
1/15/2026,1186.5,1186.5,1186.5,1186.5,0
1/16/2026,1175.5,1197,1171.5,1184,2214792
1/19/2026,1167.199951,1177.5,1164.699951,1170,1253443
1/20/2026,1166.699951,1192.800049,1161.400024,1168.400024,2790934
1/21/2026,1157.199951,1193.800049,1148.400024,1170,2322066
1/22/2026,1217.5,1225,1187.699951,1195,6464461
1/23/2026,1235.599976,1250.800049,1225,1230,3888860
1/27/2026,1239.800049,1252.300049,1233.5,1251,2159137
1/28/2026,1222.5,1243.199951,1219,1241.900024,1740662
1/29/2026,1208.900024,1218,1191.199951,1215.300049,1626394
1/30/2026,1218.099976,1224.800049,1200,1200,1672460
2/2/2026,1182.5,1195,1167.099976,1189.5,1207638
2/3/2026,1235.400024,1265.900024,1218.099976,1265,1521425
2/4/2026,1240.199951,1248.300049,1230.099976,1235.5,947684
2/5/2026,1244.900024,1253.599976,1237,1242,953241
2/6/2026,1241.199951,1248.900024,1225,1244.900024,1324651
2/9/2026,1275.5,1278.800049,1243.5,1260,2111316
2/10/2026,1256,1283.5,1253,1279,1412804
2/11/2026,1270.300049,1273.5,1253.199951,1263.900024,855888
2/12/2026,1274.900024,1277.599976,1261.5,1268.900024,981247
2/13/2026,1268.099976,1279.300049,1263.599976,1274,838946
2/16/2026,1269.400024,1275.199951,1257.099976,1257.099976,469592
2/17/2026,1284.800049,1286.800049,1258.199951,1266,687326
2/18/2026,1280.300049,1291.5,1276.599976,1289,689997
2/19/2026,1282.300049,1295.699951,1276.5,1290,1333838
2/20/2026,1280.400024,1292.400024,1275,1281.900024,1753200
2/23/2026,1307.400024,1313.5,1282.099976,1290,1849756
2/24/2026,1300.199951,1315,1297.099976,1307.5,1803242
2/25/2026,1306.5,1324,1266.900024,1281,2296240
2/26/2026,1319.300049,1327,1305,1311.199951,1511598
2/27/2026,1286.300049,1317.199951,1278.199951,1313.800049,3510396
3/2/2026,1294.400024,1300,1221.199951,1252.599976,1052141
