Date,Close,High,Low,Open,Volume
3/2/2016,1791.086792,1807.596225,1781.937579,1807.596225,738640
3/3/2016,1791.689331,1801.200077,1784.607248,1801.107402,450450
3/4/2016,1785.209839,1798.326521,1770.610023,1798.326521,232010
3/8/2016,1835.595581,1853.481557,1775.152379,1779.787241,1035450
3/9/2016,1847.803589,1879.204779,1833.315006,1838.742411,799690
3/10/2016,1835.400879,1854.87194,1826.154351,1849.310106,942390
3/11/2016,1854.315674,1865.786958,1827.526148,1837.259358,473310
3/14/2016,1840.026245,1877.119058,1835.405301,1872.484196,728910
3/15/2016,1812.073486,1842.343798,1803.981035,1842.343798,1359590
3/16/2016,1732.831177,1811.392087,1729.266995,1811.392087,940110
3/17/2016,1671.906006,1742.708164,1668.086884,1740.85422,938590
3/18/2016,1706.875977,1714.342789,1658.817119,1673.277866,736590
3/21/2016,1701.582886,1724.168558,1685.235719,1720.83148,457150
3/22/2016,1699.751465,1724.292298,1677.876167,1724.292298,356490
3/23/2016,1729.330322,1742.914906,1677.969723,1705.558382,458270
3/28/2016,1715.931763,1738.692347,1708.447375,1733.333061,286470
3/29/2016,1736.730469,1747.593537,1694.564541,1719.632041,401700
3/30/2016,1746.363281,1755.329597,1727.409969,1752.239792,541470
3/31/2016,1787.727783,1803.516655,1728.896681,1754.584032,1633290
4/1/2016,1794.573608,1812.837099,1762.585591,1778.40723,800180
4/4/2016,1817.86084,1824.114858,1797.467583,1806.685571,505960
4/5/2016,1746.242432,1812.734851,1737.537002,1808.177112,486520
4/6/2016,1787.657715,1791.903252,1736.921638,1755.422805,338800
4/7/2016,1760.092285,1789.344679,1750.37562,1784.875459,206780
4/8/2016,1787.783691,1798.003588,1752.729306,1764.836626,256300
4/11/2016,1807.142334,1810.507021,1770.894898,1785.807697,285040
4/12/2016,1822.889282,1826.817841,1799.881575,1800.720443,542410
4/13/2016,1854.434448,1861.117287,1822.889247,1832.209746,855590
4/18/2016,1889.11145,1920.022924,1856.38719,1856.38719,545380
4/20/2016,1911.746338,1918.088874,1887.40575,1894.866814,519920
4/21/2016,1894.745605,1929.324634,1882.740798,1913.498445,362600
4/22/2016,1879.939819,1899.037511,1873.513318,1885.443601,241410
4/25/2016,1859.011108,1881.809016,1855.70695,1881.809016,293890
4/26/2016,1877.931641,1894.391676,1850.1193,1858.973775,510010
4/27/2016,1874.753418,1882.810895,1869.692336,1879.823715,283840
4/28/2016,1891.404297,1898.902566,1870.624203,1882.64767,459210
4/29/2016,1867.362061,1891.120004,1859.448966,1891.036152,304180
5/2/2016,1850.524536,1876.216437,1845.45879,1862.697049,326220
5/3/2016,1862.375488,1890.19249,1845.45876,1860.744401,394060
5/4/2016,1841.809814,1872.357773,1827.572843,1864.090495,255450
5/5/2016,1834.893921,1864.099666,1790.896436,1851.983018,1524120
5/6/2016,1884.222778,1896.628417,1828.681955,1842.541533,628300
5/9/2016,1909.141113,1910.702342,1890.248557,1901.33986,368000
5/10/2016,1886.394531,1910.609056,1871.481732,1910.609056,413240
5/11/2016,1861.942261,1879.012701,1855.566957,1873.420401,206790
5/12/2016,1841.082886,1886.841848,1836.231493,1864.472651,630110
5/13/2016,1770.223877,1822.488533,1713.107828,1761.583756,14316680
5/16/2016,1776.78064,1790.467847,1756.914051,1784.875548,504570
5/17/2016,1733.766724,1786.101237,1729.432669,1780.308579,494760
5/18/2016,1744.797485,1753.912961,1707.622664,1725.131254,480240
5/19/2016,1696.396118,1748.786724,1687.010425,1747.593672,380270
5/20/2016,1703.847656,1710.311477,1689.340355,1701.923028,587130
5/23/2016,1702.678101,1718.699983,1696.330786,1713.107684,282280
5/24/2016,1694.215088,1705.460329,1678.621911,1702.678174,335600
5/25/2016,1727.149048,1729.884669,1702.510367,1705.651371,280010
5/26/2016,1714.445435,1740.137338,1706.718704,1727.088638,1290760
5/27/2016,1746.875977,1752.160741,1717.325374,1723.733217,271290
5/30/2016,1746.820068,1753.279111,1733.61288,1743.958611,205130
5/31/2016,1722.973389,1756.844163,1702.855128,1755.925994,643950
6/1/2016,1744.168335,1753.092782,1724.292415,1724.292415,611780
6/2/2016,1752.892212,1763.438301,1738.46865,1743.026387,238200
6/3/2016,1751.042114,1761.387959,1736.059458,1752.813032,361990
6/6/2016,1770.424194,1776.999857,1747.500453,1750.85581,478670
6/7/2016,1754.868408,1784.311835,1744.457369,1779.283407,319570
6/8/2016,1754.542114,1763.438572,1741.978099,1763.438572,150210
6/9/2016,1732.121582,1760.460587,1727.857385,1756.914087,142550
6/10/2016,1735.490845,1742.933249,1718.140746,1728.495806,279580
6/13/2016,1719.413208,1729.204398,1703.568358,1724.292476,203860
6/14/2016,1747.933838,1753.181284,1710.311651,1721.962275,230410
6/15/2016,1737.079956,1755.026581,1730.816608,1750.389656,350050
6/16/2016,1754.831055,1761.294762,1724.800432,1733.612924,293590
6/17/2016,1750.301392,1760.973319,1740.603384,1755.054824,224540
6/20/2016,1739.260986,1748.292495,1734.54476,1744.89982,205560
6/21/2016,1744.168335,1755.129252,1737.033579,1747.314004,174170
6/22/2016,1751.098267,1752.253999,1740.677898,1742.467475,144490
6/23/2016,1739.153809,1751.116746,1733.622152,1743.958553,217010
6/24/2016,1739.4104,1745.356884,1677.690074,1713.853661,367500
6/27/2016,1743.925903,1747.43975,1717.795966,1739.410149,228880
6/28/2016,1786.399536,1791.931193,1741.991999,1742.001328,422380
6/29/2016,1781.720825,1803.456296,1777.219064,1797.891871,325870
6/30/2016,1791.623413,1799.503853,1783.304823,1798.856129,446640
7/1/2016,1785.350952,1812.837095,1775.569093,1791.586312,481990
7/4/2016,1816.770386,1830.546111,1794.196163,1803.516663,416680
7/5/2016,1811.103516,1817.497364,1801.200485,1817.497364,203110
7/7/2016,1826.174805,1831.384932,1798.856367,1817.404183,238640
7/8/2016,1812.98645,1828.682141,1808.17704,1826.818041,297610
7/11/2016,1821.789429,1831.002751,1815.633257,1828.677291,263370
7/12/2016,1834.004028,1843.110175,1817.683824,1817.683824,245520
7/13/2016,1820.903931,1836.138259,1809.201994,1828.849679,285270
7/14/2016,1819.091187,1826.817917,1812.837168,1819.4547,206180
7/15/2016,1843.692505,1851.517082,1819.827386,1820.759436,297590
7/18/2016,1859.831177,1864.006742,1845.458925,1845.458925,237760
7/19/2016,1837.065918,1862.235933,1820.480047,1855.431923,269150
7/20/2016,1850.100342,1853.786672,1831.944028,1831.944028,153130
7/21/2016,1841.264648,1859.34644,1836.138374,1840.798623,123310
7/22/2016,1846.623779,1850.920515,1827.74977,1847.788842,151190
7/25/2016,1861.494995,1867.828316,1842.774806,1850.119365,235760
7/26/2016,1874.557373,1877.987367,1850.119052,1862.235701,291660
7/27/2016,1895.766235,1905.576084,1871.556261,1876.444858,356150
7/28/2016,1966.606445,1980.512556,1906.983246,1910.60882,1363220
7/29/2016,2093.463623,2098.976736,2005.869577,2013.134834,1991410
8/1/2016,2080.820068,2130.102207,2070.180682,2120.394871,895520
8/2/2016,2036.19812,2101.772471,2031.86873,2083.22932,487560
8/3/2016,1991.641724,2065.501905,1979.678671,2048.641266,633640
8/4/2016,1994.959473,2017.095657,1957.770773,2011.554785,475940
8/5/2016,2071.30835,2078.377911,2005.440458,2013.227717,483330
8/8/2016,2090.741455,2095.322516,2057.886701,2090.671597,289940
8/9/2016,2058.189941,2096.08701,2028.685873,2096.08701,257300
8/10/2016,2026.248535,2058.651378,2015.119914,2058.189904,314570
8/11/2016,2075.516846,2087.791871,2006.251381,2025.810549,444390
8/12/2016,2080.483887,2099.255494,2057.895791,2084.058488,323420
8/16/2016,2093.538086,2110.999915,2063.665838,2081.714977,412380
8/17/2016,2082.949951,2097.112515,2070.278759,2097.112515,225290
8/18/2016,2066.802246,2095.336948,2057.784617,2082.945416,202150
8/19/2016,2029.75293,2087.787142,2023.759913,2076.513798,305600
8/22/2016,2031.40271,2046.776982,2008.315816,2031.40271,325200
8/23/2016,2051.427979,2056.195405,2018.260791,2027.115265,230270
8/24/2016,2062.836182,2071.946878,2040.257182,2066.168214,288280
8/25/2016,2058.954346,2083.457976,2047.839604,2071.947068,401510
8/26/2016,2081.360596,2083.131399,2059.830153,2061.880617,233470
8/29/2016,2079.22168,2083.131693,2065.422744,2078.471443,465400
8/30/2016,2147.732178,2151.544117,2066.909381,2087.791988,595460
8/31/2016,2120.501953,2183.722968,2106.525984,2153.035181,1436180
9/1/2016,2122.673828,2139.059111,2113.465057,2120.506858,365860
9/2/2016,2126.658447,2145.975275,2120.879783,2133.462458,301210
9/6/2016,2138.895996,2147.922726,2127.590113,2128.89512,438450
9/7/2016,2141.174805,2155.272059,2126.005784,2155.272059,448720
9/8/2016,2182.781982,2190.224274,2130.480004,2141.175142,384880
9/9/2016,2136.729004,2197.116555,2130.750095,2185.563778,320360
9/12/2016,2119.611816,2127.403854,2091.999839,2115.361842,652980
9/14/2016,2106.260498,2135.699261,2083.131732,2132.716746,580700
9/15/2016,2091.524658,2113.884755,2075.30708,2106.432907,392840
9/16/2016,2156.321045,2166.075031,2097.210502,2097.210502,552940
9/19/2016,2155.761475,2174.737882,2143.714685,2147.722545,291340
9/20/2016,2183.588135,2194.516285,2158.25963,2167.994956,559090
9/21/2016,2255.434814,2263.017049,2174.817281,2182.860762,956520
9/22/2016,2312.318115,2316.144162,2261.693876,2275.599989,714740
9/23/2016,2316.442383,2330.124812,2288.182565,2315.584742,537950
9/26/2016,2301.585449,2329.658904,2293.308955,2315.212129,520090
9/27/2016,2296.874023,2316.144202,2281.658353,2307.010067,323640
9/28/2016,2403.435059,2427.52386,2294.711306,2295.17278,1021860
9/29/2016,2322.514648,2483.102122,2279.001842,2455.392295,1385000
9/30/2016,2314.074707,2381.387319,2288.126358,2344.086666,726900
10/3/2016,2404.339111,2420.440182,2343.499648,2359.950237,552100
10/4/2016,2408.645264,2430.548435,2380.641671,2422.369561,398270
10/5/2016,2449.552979,2455.569433,2387.184823,2409.348997,393970
10/6/2016,2445.778076,2470.39821,2429.047826,2449.427088,382610
10/7/2016,2405.662598,2455.019372,2400.037759,2455.019372,259690
10/10/2016,2405.117432,2430.972487,2401.12368,2415.430509,200100
10/13/2016,2404.987061,2421.279275,2382.990592,2395.368242,499960
10/14/2016,2367.420898,2422.397968,2360.971185,2422.188166,457330
10/17/2016,2297.260498,2384.015769,2289.571087,2370.212057,456480
10/18/2016,2336.56543,2350.658135,2302.163545,2311.018021,412220
10/19/2016,2328.092773,2357.992777,2320.80408,2340.377127,223660
10/20/2016,2329.0625,2352.494136,2311.483937,2343.173636,274840
10/21/2016,2341.510254,2348.19298,2312.882254,2341.68251,178800
10/24/2016,2322.146484,2360.230146,2314.284588,2348.765886,183110
10/25/2016,2295.732422,2332.352475,2292.814987,2322.668576,334050
10/26/2016,2275.953857,2311.381083,2251.795197,2303.840945,376440
10/27/2016,2282.762695,2304.400088,2242.40944,2279.794062,509740
10/28/2016,2238.78418,2311.390786,2206.749511,2307.755882,953980
11/1/2016,2360.043945,2378.675616,2265.007383,2269.541797,884820
11/2/2016,2309.596436,2347.26982,2305.071351,2336.439291,360140
11/3/2016,2288.126709,2339.445435,2274.388301,2314.280086,260960
11/4/2016,2230.37207,2306.361894,2215.943957,2296.57082,331120
11/7/2016,2238.928467,2291.440243,2232.730198,2262.262255,274500
11/8/2016,2261.884766,2282.124312,2226.303941,2256.586235,248850
11/9/2016,2174.588867,2216.410054,2035.783294,2143.714715,560530
11/10/2016,2149.889893,2236.826768,2133.546477,2227.534256,361550
11/11/2016,2021.168823,2134.082024,2010.711251,2134.082024,624710
11/15/2016,1890.304321,2026.276426,1820.293404,2026.276426,1532410
11/16/2016,1968.181763,2031.868806,1865.031872,1929.343316,1516430
11/17/2016,1960.660278,1994.586804,1925.899322,1971.14584,577040
11/18/2016,2031.151245,2044.372429,1946.218191,1974.827529,752340
11/21/2016,1897.802856,2050.500559,1873.700058,2050.500559,857430
11/22/2016,1924.967163,1956.209492,1880.135588,1921.075809,720490
11/23/2016,1953.609131,2000.738407,1924.678493,1943.333372,701470
11/24/2016,1897.336792,1936.333729,1884.791323,1936.333729,748210
11/25/2016,1884.842773,1929.2502,1858.195496,1920.638067,889860
11/28/2016,1884.036377,1924.678509,1864.099816,1887.396399,1097740
11/29/2016,1984.71167,1998.31491,1894.605704,1908.372098,1123840
11/30/2016,2015.073242,2029.142508,1968.801606,2003.907302,892390
12/1/2016,2069.360596,2091.89272,2015.217735,2027.208548,1297540
12/2/2016,2120.991699,2138.863576,2062.26322,2069.337334,1830060
12/5/2016,2120.26001,2161.33074,2106.433084,2106.433084,725890
12/6/2016,2093.151367,2142.596667,2085.937309,2129.268306,370370
12/7/2016,2179.318848,2191.882861,2098.151325,2108.669426,1117730
12/8/2016,2167.002197,2208.962876,2148.9344,2204.298075,703600
12/9/2016,2129.20752,2201.855987,2123.6803,2190.266119,764510
12/12/2016,2067.211914,2152.545901,2055.263199,2125.073641,461830
12/13/2016,2081.645508,2095.808074,2052.136882,2067.212611,500860
12/14/2016,2032.013794,2104.946717,2023.588024,2104.946717,436400
12/15/2016,2005.333252,2056.740489,2000.645014,2015.567141,507650
12/16/2016,2028.056396,2043.705549,2003.907068,2010.431417,715780
12/19/2016,2013.30249,2022.548353,2003.907354,2022.548353,215560
12/20/2016,1971.863647,2027.208665,1966.625417,2027.208665,286490
12/21/2016,1985.70459,2015.702675,1976.990059,1982.936429,309990
12/22/2016,1985.764771,2008.124638,1971.285458,1985.266206,804070
12/23/2016,1950.025513,1998.110051,1937.545464,1989.926625,409580
12/26/2016,1889.526123,1945.728777,1885.350558,1938.663766,340060
12/27/2016,1929.441284,1941.460087,1891.315753,1892.247803,344740
12/28/2016,1946.567627,1957.30486,1932.139512,1934.842366,349770
12/29/2016,2003.092041,2011.79747,1924.683331,1948.916632,614480
12/30/2016,2032.153076,2041.189364,2013.227866,2013.227866,341740
1/2/2017,2099.344482,2129.547586,2078.573833,2087.791706,676060
1/3/2017,2097.177734,2111.083847,2080.484574,2102.238702,352730
1/4/2017,2068.824707,2107.896398,2058.791289,2105.500966,288600
1/5/2017,2080.741211,2096.642039,2070.833401,2079.911559,740730
1/6/2017,2117.407959,2129.864799,2083.13646,2090.061756,497160
1/9/2017,2143.710205,2159.251955,2129.734008,2134.300961,443740
1/10/2017,2144.180908,2164.005629,2114.821335,2148.664123,332290
1/11/2017,2158.753662,2173.540626,2137.656701,2148.887949,398250
1/12/2017,2127.543457,2175.567461,2123.675541,2169.462489,380260
1/13/2017,2124.472656,2143.714845,2113.814611,2143.714845,218480
1/16/2017,2082.50708,2115.874284,2079.403281,2115.846522,385490
1/17/2017,2083.145264,2099.90828,2066.825062,2080.801258,438100
1/18/2017,2092.447998,2115.847098,2082.666023,2087.792298,356790
1/19/2017,2127.128906,2151.166508,2067.813126,2092.451919,469260
1/20/2017,2124.062988,2150.239579,2106.442554,2136.449971,262290
1/23/2017,2119.197266,2135.79235,2101.772529,2116.219302,215190
1/24/2017,2143.780273,2148.328568,2115.776677,2125.073967,276870
1/25/2017,2142.871338,2159.093694,2133.075484,2147.44307,393410
1/27/2017,2188.700195,2204.35868,2155.416728,2161.922418,755910
1/30/2017,2165.562012,2209.950889,2153.081963,2198.705761,375140
1/31/2017,2146.366455,2180.624068,2088.285819,2174.220776,569100
2/1/2017,2239.68335,2254.442323,2148.375,2162.169384,1000720
2/2/2017,2216.335449,2278.86198,2201.967864,2278.86198,718540
2/3/2017,2179.683105,2220.609343,2172.888424,2220.609343,305680
2/6/2017,2219.714111,2231.327416,2183.541201,2183.541201,250030
2/7/2017,2216.778076,2223.871076,2190.58761,2218.278777,210570
2/8/2017,2233.130859,2239.3289,2200.224676,2216.321195,266500
2/9/2017,2226.969971,2246.240147,2190.317156,2233.13092,277970
2/10/2017,2238.13623,2243.430438,2215.077323,2229.929594,192800
2/13/2017,2316.96875,2325.278011,2246.44994,2247.172188,565240
2/14/2017,2359.51709,2375.688248,2297.40993,2325.65109,597730
2/15/2017,2306.865479,2381.387605,2285.38646,2356.222256,578650
2/16/2017,2361.003418,2374.863109,2299.050089,2299.833093,466880
2/17/2017,2333.881104,2376.718084,2304.046175,2364.610764,428890
2/20/2017,2343.084717,2357.620006,2311.49287,2350.676281,208840
2/21/2017,2353.752441,2365.542782,2334.505473,2345.047013,216010
2/22/2017,2336.677246,2349.940299,2323.25559,2349.791253,491010
2/23/2017,2318.72583,2358.08628,2300.932915,2337.534534,846550
2/27/2017,2268.362549,2334.454125,2262.551118,2325.464485,446110
2/28/2017,2249.046387,2277.650952,2239.162013,2277.650952,792400
3/1/2017,2209.862549,2273.269937,2199.647317,2264.881487,713150
3/2/2017,2185.559326,2236.211554,2174.752234,2213.618672,431420
3/3/2017,2152.038086,2179.128291,2143.481931,2167.016193,379400
3/6/2017,2149.442383,2199.637915,2143.714918,2157.751645,656300
3/7/2017,2163.394775,2171.582751,2153.035051,2162.262253,314880
3/8/2017,2185.503174,2195.443522,2154.30294,2167.01145,266790
3/9/2017,2180.712891,2199.474949,2173.102666,2180.992551,282200
3/10/2017,2176.947021,2195.909549,2162.449049,2195.909549,329800
3/14/2017,2237.036377,2256.954394,2196.426897,2255.56087,412850
3/15/2017,2249.353516,2266.391416,2227.888378,2235.987837,303300
3/16/2017,2284.901855,2291.197971,2255.388457,2260.22119,302620
3/17/2017,2301.361816,2310.360786,2264.219761,2288.136082,492770
3/20/2017,2339.380127,2348.020248,2293.03863,2301.455068,396670
3/21/2017,2326.578857,2345.778953,2304.959892,2344.105996,361030
3/22/2017,2287.343994,2318.940398,2276.974938,2318.567669,429790
3/23/2017,2271.736572,2296.664357,2243.444214,2296.664357,285820
3/24/2017,2269.55542,2297.493707,2257.42489,2274.019975,140400
3/27/2017,2252.172852,2275.599936,2238.783963,2275.599936,257770
3/28/2017,2320.594727,2344.105779,2261.619353,2263.949478,391840
3/29/2017,2335.35376,2366.102078,2279.803492,2330.218155,787230
3/30/2017,2391.505127,2404.684441,2319.126757,2330.031697,841950
3/31/2017,2384.882324,2406.077127,2340.153265,2395.367884,561690
4/3/2017,2380.79541,2400.028267,2360.621174,2400.028267,363260
4/5/2017,2401.450195,2405.709728,2369.508821,2382.692688,397580
4/6/2017,2385.702881,2400.028598,2364.163334,2383.251699,292420
4/7/2017,2405.327148,2422.397587,2372.187952,2382.314892,373480
4/10/2017,2384.020264,2404.688514,2379.15044,2404.688514,261280
4/11/2017,2412.187256,2421.097708,2371.475376,2383.251837,280880
4/12/2017,2462.708984,2469.932371,2425.240622,2434.514473,717640
4/13/2017,2431.312988,2462.94216,2427.952966,2460.602705,206380
4/17/2017,2435.022217,2456.88352,2430.320098,2434.514322,166820
4/18/2017,2379.765625,2450.359072,2372.066884,2425.753047,362790
4/19/2017,2372.775635,2397.418982,2362.085048,2379.989693,219190
4/20/2017,2376.895264,2387.404264,2360.053284,2372.067308,189940
4/21/2017,2387.031006,2406.315291,2379.12269,2383.251607,236560
4/24/2017,2432.012207,2441.971217,2373.647349,2394.157002,261130
4/25/2017,2431.000244,2447.572117,2392.483331,2447.572117,353410
4/26/2017,2427.165283,2451.291406,2411.213257,2422.397857,254520
4/27/2017,2420.896973,2449.520416,2414.009224,2417.8446,277790
4/28/2017,2429.667725,2446.579788,2420.53359,2423.35295,154720
5/2/2017,2403.827148,2493.038409,2361.516714,2452.317193,637930
5/3/2017,2415.402588,2428.707508,2391.728386,2413.077014,177170
5/4/2017,2401.361084,2432.556765,2381.853345,2423.231715,276090
5/5/2017,2407.802002,2437.310621,2382.44551,2422.211458,422100
5/8/2017,2509.027588,2513.263683,2439.175032,2474.606815,1065060
5/9/2017,2528.511963,2530.609075,2496.961979,2515.136954,470110
5/10/2017,2597.557861,2608.714472,2508.360728,2527.719423,692260
5/11/2017,2746.662598,2800.903306,2600.419278,2600.419278,1635450
5/12/2017,2719.568115,2775.644941,2685.678904,2756.07189,513380
5/15/2017,2696.476563,2745.353209,2687.193381,2740.515924,200260
5/16/2017,2736.731934,2744.887371,2686.168219,2695.530589,361890
5/17/2017,2711.664063,2730.906251,2700.27444,2727.364416,185450
5/18/2017,2643.042236,2702.837934,2629.592818,2693.62461,301530
5/19/2017,2603.779297,2674.796904,2586.997847,2674.796904,442510
5/22/2017,2534.234131,2635.83234,2518.53833,2603.779019,489520
5/23/2017,2572.294434,2600.419083,2527.770394,2535.082298,680400
5/24/2017,2550.526855,2587.095938,2535.176019,2572.458019,346800
5/25/2017,2610.62085,2620.924599,2546.458446,2556.613149,423650
5/26/2017,2642.487305,2668.785175,2601.817298,2601.817298,302510
5/29/2017,2625.780273,2655.876201,2612.349516,2642.426785,217650
5/30/2017,2639.882324,2652.553515,2592.221943,2631.642921,237300
5/31/2017,2650.283691,2660.908968,2630.957538,2647.021517,428750
6/1/2017,2683.688965,2704.757937,2656.342536,2663.798936,474760
6/2/2017,2719.731201,2730.906471,2693.624472,2700.148822,299540
6/5/2017,2733.283203,2738.828855,2717.032857,2717.032857,168290
6/6/2017,2720.765381,2739.173365,2702.944479,2731.371999,169780
6/7/2017,2769.418945,2775.248809,2721.204016,2721.204016,465870
6/8/2017,2767.354492,2800.903744,2743.582664,2769.493474,308510
6/9/2017,2774.23291,2782.607252,2737.528663,2771.916666,216230
6/12/2017,2735.888184,2769.838149,2728.352596,2759.054267,179460
6/13/2017,2714.24585,2763.21101,2702.944744,2740.133445,264820
6/14/2017,2707.558594,2723.161102,2695.605098,2719.628596,182570
6/15/2017,2681.694092,2707.558478,2656.808403,2702.944876,269500
6/16/2017,2679.35498,2692.212766,2663.645295,2688.964471,426980
6/19/2017,2651.235107,2690.269255,2647.022223,2690.269255,236690
6/20/2017,2602.041016,2677.593036,2596.691058,2667.974217,809740
6/21/2017,2566.231934,2608.807913,2544.496464,2608.807913,700620
6/22/2017,2579.993164,2609.170921,2564.162425,2575.253727,1033640
6/23/2017,2532.072021,2592.729904,2521.199623,2586.904592,272600
6/27/2017,2484.942871,2549.156467,2475.0585,2542.627567,328010
6/28/2017,2537.492188,2545.428493,2460.611945,2488.568893,432310
6/29/2017,2548.229004,2575.533561,2516.534756,2558.421024,1515530
6/30/2017,2520.206787,2544.020706,2511.133409,2525.855064,255510
7/3/2017,2588.00415,2592.235693,2527.625933,2544.40283,573820
7/4/2017,2595.847168,2607.595637,2559.459908,2587.929523,464820
7/5/2017,2615.993896,2621.297206,2586.438629,2586.438629,659910
7/6/2017,2580.762207,2626.516619,2570.686921,2623.720469,338710
7/7/2017,2595.968994,2623.692702,2567.797693,2591.098942,247320
7/10/2017,2603.33667,2628.380962,2581.312438,2591.098963,36700
7/11/2017,2621.94043,2633.041062,2598.564545,2609.735263,329090
7/12/2017,2633.833496,2640.348516,2605.834679,2628.380913,341120
7/13/2017,2614.954346,2647.016997,2610.531888,2643.153632,326870
7/14/2017,2601.085938,2622.788639,2576.18614,2614.866215,323410
7/17/2017,2615.290039,2631.544934,2601.34661,2601.351161,525700
7/18/2017,2665.523193,2674.05136,2610.853775,2623.720661,438050
7/19/2017,2722.983643,2729.974016,2674.983075,2682.159814,391910
7/20/2017,2726.493408,2734.294777,2694.02548,2729.881419,305320
7/21/2017,2693.917969,2739.527889,2679.890571,2726.432541,218450
7/24/2017,2688.381348,2711.333076,2677.485739,2688.963879,140000
7/25/2017,2647.716064,2701.080469,2626.796142,2701.080469,431310
7/26/2017,2703.173584,2712.265623,2647.772357,2649.566598,438470
7/27/2017,2712.475098,2811.2956,2662.852769,2702.012746,1117140
7/28/2017,2739.145752,2749.360983,2674.969471,2679.643601,314600
7/31/2017,2813.290771,2824.40122,2716.849518,2746.206356,568380
8/1/2017,2946.43042,2955.333849,2825.617184,2826.580501,1282190
8/2/2017,2913.604004,2974.48772,2903.990016,2969.362665,423810
8/3/2017,2873.599121,2936.624547,2864.386993,2910.816613,344120
8/4/2017,2958.817871,2985.729089,2852.458487,2867.88982,475230
8/7/2017,2989.923828,3010.606482,2960.136587,2964.686483,359100
8/8/2017,3004.04541,3034.767881,2943.325411,2994.515448,478780
8/9/2017,2944.962158,3027.763093,2930.419479,3014.253599,638950
8/10/2017,2816.143066,2974.02903,2789.797648,2945.981426,770240
8/11/2017,2770.845459,2815.049111,2724.836644,2760.398759,589910
8/14/2017,2841.759277,2892.112034,2783.737434,2783.737434,454920
8/16/2017,2863.400635,2872.093774,2815.049171,2871.163108,391640
8/17/2017,2892.486328,2907.94095,2863.400514,2878.177229,347620
8/18/2017,2947.052734,2955.226656,2853.538862,2891.457784,390890
8/21/2017,2958.537354,3000.028926,2945.981814,2950.657976,442130
8/22/2017,2897.083008,2982.829602,2890.400755,2963.750956,318720
8/23/2017,2866.323242,2920.716498,2825.481721,2916.568688,376370
8/24/2017,2875.923584,2898.238099,2852.458523,2877.709795,211260
8/28/2017,2926.187256,2983.390771,2889.872116,2899.219871,472790
8/29/2017,2886.047363,2929.961268,2872.191952,2925.406577,304980
8/30/2017,2897.723389,2933.580274,2890.896376,2908.445908,273110
8/31/2017,2941.38501,2950.190258,2863.681271,2899.220099,454320
9/1/2017,2971.457031,2989.937228,2927.178492,2948.670109,446150
9/4/2017,2969.69458,2987.693236,2941.127982,2987.693236,313840
9/5/2017,2986.692139,2992.743064,2955.333775,2969.362258,295470
9/6/2017,3000.468018,3004.073319,2958.6351,2969.119016,249010
9/7/2017,3073.355957,3117.017106,3020.894125,3039.505158,806950
9/8/2017,3050.517334,3131.157833,3036.521728,3123.671408,549310
9/11/2017,3039.374023,3062.885662,3030.152533,3039.504855,341640
9/12/2017,3054.641602,3058.111277,3020.804734,3058.022457,281890
9/13/2017,3013.916992,3049.254892,3000.43581,3048.763758,249440
9/14/2017,2998.84082,3024.540983,2977.470673,3020.912392,280080
9/15/2017,2993.486572,3002.039289,2960.010008,2989.488546,394870
9/18/2017,3064.391357,3067.486803,3005.541824,3007.706832,319690
9/19/2017,3030.522217,3078.49032,3019.865226,3067.562075,222790
9/20/2017,3034.220703,3053.060974,3020.80003,3034.968706,179870
9/21/2017,2976.311035,3044.087287,2964.531813,3037.634276,297920
9/22/2017,2953.426025,2972.074502,2925.406503,2972.074502,360420
9/25/2017,2897.335449,2960.122273,2859.715642,2945.981452,388190
9/26/2017,2883.063965,2904.845332,2852.462964,2889.867688,545410
9/27/2017,2849.671143,2903.895885,2837.307401,2896.208304,248950
9/28/2017,2823.017334,2861.268243,2797.28429,2859.005054,779270
9/29/2017,2919.168457,2926.248001,2824.817545,2841.703099,397520
10/3/2017,2912.996094,2989.745878,2893.60418,2973.94511,465150
10/4/2017,2888.42749,2925.467347,2881.011162,2913.154977,207680
10/5/2017,2879.45874,2917.924735,2872.313438,2890.802998,191930
10/6/2017,2949.830078,2957.67201,2885.205438,2898.097761,291400
10/9/2017,2980.973389,2991.808018,2927.379968,2964.966898,273150
10/10/2017,2950.204102,2999.500386,2941.520552,2983.390919,321830
10/11/2017,2921.969238,2969.226548,2895.483399,2958.808162,277740
10/12/2017,2930.638916,2947.099094,2901.160379,2927.323591,251190
10/13/2017,2936.55957,2954.366431,2918.953866,2954.366431,221600
10/16/2017,2968.422363,2988.066806,2946.084334,2948.497077,249080
10/17/2017,2979.977295,2984.326033,2930.241481,2964.68159,276080
10/18/2017,2947.978271,2976.844205,2931.953058,2976.844205,310130
10/19/2017,2944.962158,2964.588108,2936.629321,2947.758494,35890
10/23/2017,2915.194336,2960.338023,2889.868169,2936.816791,266370
10/24/2017,2944.419678,2956.357816,2908.927433,2917.924476,171660
10/25/2017,2966.219482,2978.382295,2940.023622,2944.110696,211990
10/26/2017,2956.975098,2976.727312,2927.744524,2963.750965,419940
10/27/2017,2975.137695,2983.386508,2952.528409,2965.621661,140260
10/30/2017,3027.445313,3039.505152,2978.715049,2978.715049,220420
10/31/2017,3014.571777,3064.438199,3011.448019,3038.476142,297420
11/1/2017,2892.654541,3043.17076,2886.220253,3039.411108,911230
11/2/2017,2912.350586,2935.909031,2899.219889,2899.219889,280410
11/3/2017,2921.20752,2941.305653,2873.314309,2941.305653,267400
11/6/2017,2907.48291,2940.669729,2889.867846,2921.20749,256310
11/7/2017,2914.169678,2927.276857,2895.015912,2927.276857,383640
11/8/2017,2917.485107,2927.272395,2899.294886,2914.090096,146090
11/9/2017,2885.500244,2921.548699,2861.810738,2921.548699,205050
11/10/2017,2857.288818,2893.136343,2840.319011,2889.867597,349830
11/13/2017,2860.323975,2903.195109,2850.448094,2858.070147,234260
11/14/2017,2814.072021,2892.018931,2769.409884,2874.904134,704760
11/15/2017,2850.901611,2869.849429,2805.69719,2805.720479,383980
11/16/2017,2843.021973,2873.68371,2838.902247,2866.487034,253040
11/17/2017,2871.859863,2884.246896,2852.472289,2861.871418,269930
11/20/2017,2865.523682,2876.213323,2850.115867,2876.213323,161620
11/21/2017,2845.027832,2880.033739,2824.546337,2871.162961,258810
11/22/2017,2822.362549,2861.146601,2818.322282,2859.940115,152660
11/23/2017,2863.676758,2869.760334,2822.063487,2824.401567,341910
11/24/2017,2881.67041,2899.514486,2861.908834,2863.681118,265280
11/27/2017,2876.372559,2908.478929,2870.630104,2881.670686,335950
11/28/2017,2855.876709,2885.191537,2843.171615,2880.515376,192880
11/29/2017,2826.294922,2880.515099,2815.221919,2870.227545,377330
11/30/2017,2800.464355,2829.04511,2794.511611,2826.272064,405630
12/1/2017,2738.448975,2837.86878,2727.043753,2832.631616,495010
12/4/2017,2749.929199,2783.055055,2731.692169,2763.938961,380530
12/5/2017,2705.514404,2749.484474,2665.411757,2740.375321,761130
12/6/2017,2633.408691,2700.015915,2629.031868,2677.570338,488200
12/7/2017,2694.450684,2710.95744,2633.520171,2655.778742,750650
12/8/2017,2712.168945,2734.413362,2674.764222,2674.764222,457670
12/11/2017,2735.358154,2774.815551,2721.530598,2742.419204,478110
12/12/2017,2674.637939,2737.798767,2670.616395,2737.798767,387470
12/13/2017,2686.10376,2719.290575,2646.520103,2674.670455,437940
12/14/2017,2687.736328,2701.788103,2660.834241,2698.145355,232630
12/15/2017,2756.943359,2764.958136,2703.728504,2712.173679,475120
12/18/2017,2797.223389,2805.603033,2697.939219,2742.147664,376610
12/19/2017,2882.698975,2894.543727,2804.42465,2804.761434,533600
12/20/2017,2822.025879,2899.126371,2799.51957,2885.191502,584440
12/21/2017,2828.937256,2848.474156,2822.063208,2828.890449,182310
12/22/2017,2829.147461,2873.037844,2809.161668,2847.782008,240850
12/26/2017,2829.185303,2847.782406,2801.020791,2846.847174,206110
12/27/2017,2823.5271,2835.624384,2815.049273,2831.883455,123940
12/28/2017,2790.0271,2833.753775,2776.330605,2833.753775,298510
12/29/2017,2837.574463,2849.321036,2796.340214,2796.34478,218040
1/1/2018,2795.703613,2844.976377,2791.668141,2843.101346,198470
1/2/2018,2681.324463,2801.487864,2669.124433,2798.682168,847930
1/3/2018,2694.810791,2716.381866,2669.353798,2698.144839,470880
1/4/2018,2672.028564,2708.208078,2657.462368,2695.87242,494210
1/5/2018,2734.338379,2742.568468,2682.825944,2693.188161,527770
1/8/2018,2730.63501,2749.582824,2715.91903,2749.582824,329240
1/9/2018,2674.479004,2734.773399,2666.407831,2730.971734,827180
1/10/2018,2627.768799,2684.111975,2618.650284,2676.634684,842020
1/11/2018,2660.23999,2667.749932,2601.862868,2628.002563,600910
1/12/2018,2679.417236,2691.598546,2638.383919,2667.282506,596570
1/15/2018,2616.920166,2688.79286,2609.298114,2688.79286,575940
1/16/2018,2608.475098,2632.678799,2590.686962,2619.585547,465370
1/17/2018,2639.491943,2646.800957,2588.732303,2599.945729,475950
1/18/2018,2614.385498,2663.447744,2600.978981,2640.05301,493990
1/19/2018,2619.534424,2636.26563,2595.363371,2607.427777,324590
1/22/2018,2585.898682,2627.792341,2580.306011,2619.534395,344660
1/23/2018,2531.790527,2602.699898,2526.997462,2590.593253,1173990
1/24/2018,2469.39209,2529.803393,2459.862127,2525.688463,940580
1/25/2018,2480.179932,2499.875979,2451.061464,2478.365636,1754720
1/29/2018,2567.553955,2604.528281,2484.542729,2499.87588,1274230
1/30/2018,2496.078613,2567.493046,2483.883149,2567.21243,1416630
1/31/2018,2517.981934,2561.320449,2480.717405,2508.975529,1377660
2/1/2018,2623.078613,2646.707155,2498.426042,2523.630504,1255640
2/2/2018,2601.044678,2667.422652,2543.831797,2609.391671,1498590
2/5/2018,2575.437744,2599.851963,2553.183966,2553.183966,486830
2/6/2018,2579.300293,2623.326303,2478.365313,2482.625232,614080
2/7/2018,2619.627197,2657.08329,2536.358887,2611.135445,1388510
2/8/2018,2637.167969,2651.383453,2600.880911,2640.160666,685330
2/9/2018,2595.077637,2613.974077,2577.50002,2581.708565,335150
2/12/2018,2609.428955,2618.650446,2591.201287,2595.363253,175940
2/14/2018,2621.231445,2638.986929,2595.512559,2601.816015,379990
2/15/2018,2650.48999,2655.965756,2628.002406,2637.354727,302320
2/16/2018,2555.81665,2658.393087,2539.249157,2656.059573,493090
2/19/2018,2533.497314,2577.387699,2496.667979,2570.485795,332660
2/20/2018,2517.30835,2562.526919,2506.515962,2536.349778,210980
2/21/2018,2559.333008,2570.018081,2529.204649,2536.723724,366820
2/22/2018,2512.829102,2557.860447,2497.070345,2557.860447,617210
2/23/2018,2499.351807,2538.823353,2478.365252,2534.479182,868030
2/26/2018,2542.517822,2551.795254,2498.005468,2524.191973,450250
2/27/2018,2539.591064,2557.56141,2525.763507,2543.925876,506840
2/28/2018,2566.06665,2581.14727,2479.394189,2527.932649,627240
3/1/2018,2594.554443,2618.744219,2551.52896,2554.255199,914230
3/5/2018,2576.4104,2599.936194,2566.281762,2592.931314,510190
3/6/2018,2570.808594,2598.472838,2548.61555,2591.528693,427350
3/7/2018,2574.521484,2586.384961,2553.707999,2569.083163,274720
3/8/2018,2591.70166,2604.528224,2564.925842,2579.370568,298230
3/9/2018,2615.269531,2624.729397,2586.894502,2595.26958,286790
3/12/2018,2648.287598,2654.188968,2624.729153,2624.729153,230320
3/13/2018,2698.084473,2704.691834,2623.513624,2623.513624,412710
3/14/2018,2697.831787,2717.780364,2689.727963,2702.259984,464660
3/15/2018,2683.700195,2705.926117,2677.569812,2698.144921,252620
3/16/2018,2626.052734,2697.06029,2608.194502,2679.440432,534360
3/19/2018,2562.821533,2644.336522,2553.28221,2629.873073,195130
3/20/2018,2652.360596,2658.303978,2557.874057,2560.665826,470700
3/21/2018,2616.859619,2664.383397,2602.751675,2654.189456,341710
3/22/2018,2621.502686,2664.289559,2611.668591,2616.242004,261320
3/23/2018,2608.933594,2620.08149,2556.859693,2578.435567,441270
3/26/2018,2606.777588,2618.74404,2582.012655,2600.2216,262750
3/27/2018,2658.313477,2671.023365,2619.950231,2633.52046,356170
3/28/2018,2653.501709,2679.576104,2618.556764,2641.844185,785360
4/2/2018,2645.655273,2693.81517,2636.331035,2666.347288,311000
4/3/2018,2617.715088,2640.693808,2599.945675,2640.693808,309720
4/4/2018,2706.024658,2735.554573,2656.12056,2665.225148,860680
4/5/2018,2775.559082,2782.222612,2721.530691,2730.878448,510750
4/6/2018,2786.912842,2796.340057,2765.294956,2782.129138,463320
4/9/2018,2787.530029,2804.401657,2777.639993,2796.34464,246410
4/10/2018,2803.082764,2821.595612,2772.963537,2788.020867,465160
4/11/2018,2869.769531,2884.25627,2798.682519,2805.692194,694830
4/12/2018,2869.4375,2889.867621,2855.264028,2856.736973,584100
4/13/2018,2932.233887,2945.981756,2861.810849,2869.386322,452320
4/16/2018,2927.207031,2936.629451,2899.220159,2936.629451,350060
4/17/2018,2901.80127,2943.007658,2889.867697,2927.276987,272920
4/18/2018,2887.426514,2930.760691,2880.515248,2903.90062,222400
4/19/2018,2891.752197,2916.895927,2859.940371,2916.054309,268080
4/20/2018,2913.126709,2919.794805,2869.067821,2885.191215,175600
4/23/2018,2905.317383,2936.62437,2899.219651,2936.62437,256980
4/24/2018,2912.009033,2945.981296,2894.609057,2913.24817,302840
4/25/2018,2875.553955,2917.924588,2862.483993,2913.248427,193600
4/26/2018,2918.410889,2928.773335,2875.839099,2875.839099,223920
4/27/2018,2955.268555,3014.880253,2921.328938,2931.018045,444460
4/30/2018,2916.858643,2981.97419,2903.377233,2964.686321,256470
5/2/2018,2854.539063,2941.660413,2832.818204,2931.859198,592920
5/3/2018,2794.324463,2873.501145,2768.474515,2873.501145,317930
5/4/2018,2731.664063,2815.049294,2726.202224,2786.992325,247580
5/7/2018,2783.891602,2791.668002,2721.530157,2754.254149,292550
5/8/2018,2845.635986,2852.458433,2786.992174,2786.992174,385600
5/9/2018,2835.217285,2874.917848,2819.725218,2852.364732,382510
5/10/2018,2866.25293,2918.621367,2812.720247,2880.515221,701120
5/11/2018,2887.342529,2913.248417,2864.148724,2875.839127,339570
5/14/2018,2852.01416,2894.54394,2840.917638,2888.993281,229720
5/15/2018,2877.976074,2899.219957,2823.480073,2852.014018,446290
5/16/2018,2858.603027,2896.451851,2837.027154,2852.463054,309740
5/17/2018,2852.07959,2892.205757,2841.039237,2858.705674,267980
5/18/2018,2813.758301,2874.90367,2786.210964,2861.81042,309090
5/21/2018,2752.659668,2824.382572,2741.731425,2796.41922,299030
5/22/2018,2799.10791,2802.88149,2757.999707,2757.999707,234060
5/23/2018,2748.8396,2791.967829,2740.230713,2791.967829,435040
5/24/2018,2760.375488,2777.663129,2739.201702,2754.259033,194780
5/25/2018,2824.724365,2836.873025,2761.044311,2761.044311,319310
5/28/2018,2869.549561,2875.839089,2807.375341,2815.984226,259690
5/29/2018,2853.458984,2875.839027,2837.508435,2869.386016,202310
5/30/2018,2818.443848,2845.911728,2805.696742,2837.368373,269970
5/31/2018,2878.705322,2945.887688,2822.226753,2828.983668,915480
6/1/2018,2793.421631,2866.486645,2742.100765,2866.486645,688830
6/4/2018,2747.492676,2831.303511,2741.633546,2801.044088,346680
6/5/2018,2734.277832,2768.900149,2717.65417,2768.900149,241330
6/6/2018,2800.950684,2811.495337,2731.818156,2749.583003,221440
6/7/2018,2778.799316,2830.667258,2766.77213,2815.825241,239620
6/8/2018,2760.150879,2772.028282,2740.230387,2772.028282,176900
6/11/2018,2775.488525,2785.121463,2758.934961,2773.95005,159110
6/12/2018,2731.664063,2803.728325,2726.202224,2768.600944,407860
6/13/2018,2754.12793,2764.172314,2735.554118,2747.712136,269270
6/14/2018,2762.367432,2765.949444,2726.669689,2764.546596,320230
6/15/2018,2765.83252,2772.776665,2739.342111,2763.798344,539840
6/18/2018,2818.350342,2830.480276,2751.546769,2767.352102,389680
6/19/2018,2800.988037,2819.725334,2776.19502,2818.35057,227870
6/20/2018,2787.487793,2823.46615,2775.137978,2802.891041,250430
6/21/2018,2751.911621,2811.149316,2745.444453,2794.474051,235940
6/22/2018,2725.327637,2756.344652,2703.471377,2754.165488,490230
6/25/2018,2753.324219,2779.636992,2725.327982,2725.327982,266160
6/26/2018,2715.489014,2764.308323,2702.835293,2753.464103,507450
6/27/2018,2653.427002,2728.802019,2642.316324,2721.43227,345850
6/28/2018,2658.448975,2670.088004,2595.418981,2641.095805,766890
6/29/2018,2673.87085,2692.421144,2656.059426,2684.078946,815170
7/2/2018,2636.199707,2691.691902,2606.038468,2679.907885,419650
7/3/2018,2626.03833,2653.721294,2619.117703,2653.721294,504760
7/4/2018,2640.908936,2655.12442,2626.599836,2637.261393,378770
7/5/2018,2608.175537,2650.265552,2604.551512,2650.260985,366200
7/6/2018,2583.700439,2631.743427,2569.583137,2608.92842,599240
7/9/2018,2584.280762,2609.298227,2576.565095,2607.423196,288720
7/10/2018,2645.678223,2655.334678,2585.692531,2603.686389,981850
7/11/2018,2633.6604,2675.699038,2625.383505,2644.719474,426020
7/12/2018,2618.215332,2660.735748,2611.168439,2660.735748,269670
7/13/2018,2574.614746,2634.923066,2570.031971,2634.923066,507800
7/16/2018,2564.809082,2594.802046,2529.803401,2581.241178,193280
7/17/2018,2539.501709,2569.943336,2523.415532,2563.190987,835930
7/18/2018,2545.940674,2590.593449,2540.558522,2548.601611,596180
7/19/2018,2523.317383,2561.301832,2506.375659,2556.925009,450820
7/20/2018,2529.625488,2539.146088,2502.78437,2523.317237,295350
7/23/2018,2527.319824,2557.672856,2512.968715,2534.450969,324740
7/24/2018,2590.387451,2599.945497,2506.889894,2506.889894,860040
7/25/2018,2552.089844,2609.297926,2534.946964,2591.528514,578560
7/26/2018,2643.494629,2670.088012,2557.673144,2571.888628,1331650
7/27/2018,2707.141846,2712.173285,2646.805215,2660.641901,579170
7/30/2018,2674.26416,2723.859557,2664.196256,2723.859557,222190
7/31/2018,2599.809814,2679.440176,2593.679431,2679.440176,676180
8/1/2018,2553.062744,2604.24799,2537.706074,2604.24799,550960
8/2/2018,2531.666992,2561.959658,2497.876629,2504.355748,958940
8/3/2018,2534.939453,2559.659003,2524.638475,2554.020093,533280
8/6/2018,2538.864746,2563.513918,2527.000269,2527.000269,206860
8/7/2018,2584.505615,2591.684412,2535.343446,2558.757867,426990
8/8/2018,2591.041016,2600.792706,2570.086928,2600.792706,289800
8/9/2018,2576.542969,2610.464928,2554.123958,2610.464928,267970
8/10/2018,2722.930664,2740.048909,2596.473443,2600.130928,1509370
8/13/2018,2667.425049,2722.930384,2650.842109,2722.930384,432310
8/14/2018,2722.428711,2737.044443,2668.350686,2672.064568,495590
8/16/2018,2704.727783,2767.280329,2686.435769,2713.756413,459330
8/17/2018,2673.956055,2739.579197,2666.805457,2723.146417,371630
8/20/2018,2665.19043,2704.366151,2636.381482,2694.008776,448570
8/21/2018,2686.632568,2704.365893,2666.716077,2676.101422,394040
8/23/2018,2701.258057,2706.70921,2663.049548,2686.257413,368200
8/24/2018,2710.920166,2723.146172,2679.383353,2687.745317,408080
8/27/2018,2721.461426,2751.317371,2685.680233,2725.710382,423760
8/28/2018,2692.905273,2748.218038,2676.195557,2741.926676,405620
8/29/2018,2646.968994,2706.366347,2641.921783,2706.244385,421530
8/30/2018,2591.885986,2675.247035,2587.172108,2666.805291,613400
8/31/2018,2634.855713,2642.76674,2593.092881,2594.247853,627530
9/3/2018,2712.427246,2723.052156,2637.695701,2638.634717,1030520
9/4/2018,2705.041992,2726.902311,2687.933149,2713.756088,396520
9/5/2018,2728.311279,2737.231932,2685.590632,2685.590632,802480
9/6/2018,2708.511719,2746.579462,2695.914783,2746.579462,396840
9/7/2018,2693.304443,2718.357326,2686.590571,2708.511872,276550
9/10/2018,2687.75,2709.061031,2680.890553,2693.09776,187090
9/11/2018,2635.780273,2693.097846,2624.615474,2693.097846,355320
9/12/2018,2705.511963,2741.640699,2633.470675,2654.814492,387700
9/14/2018,2759.181152,2763.054593,2707.173742,2707.173742,356980
9/17/2018,2785.469238,2796.389885,2739.297662,2751.786621,446770
9/18/2018,2713.789063,2798.267721,2682.965908,2779.581394,434830
9/19/2018,2667.791504,2757.941627,2655.546698,2732.344041,386640
9/21/2018,2623.629883,2694.943527,2566.894601,2685.116641,740660
9/24/2018,2427.619385,2638.602256,2404.914041,2627.648597,1398350
9/25/2018,2403.852539,2440.502358,2350.849722,2428.295151,1391260
9/26/2018,2364.512695,2464.95921,2357.02418,2431.769717,786090
9/27/2018,2338.356201,2405.477041,2310.091959,2382.245796,1258480
9/28/2018,2271.048096,2394.486534,2208.913472,2346.131788,1129010
10/1/2018,2324.017334,2347.445735,2181.333915,2279.930584,1144040
10/3/2018,2181.874023,2324.064565,2164.431847,2324.064565,2467470
10/4/2018,2057.182129,2150.346686,1878.140018,2150.346686,4125330
10/5/2018,1989.817139,2128.697746,1969.595511,2028.016476,1791150
10/8/2018,2078.48877,2095.32045,1939.16684,2009.494469,1614900
10/9/2018,1979.980835,2082.845259,1953.275048,2057.656203,1727430
10/10/2018,2120.518799,2141.895396,2002.667482,2002.667482,1488910
10/11/2018,2099.400146,2122.175866,1989.065782,2000.103803,1748840
10/12/2018,2244.600342,2272.324697,2112.879966,2154.478191,1761030
10/15/2018,2200.537109,2266.22605,2159.741493,2263.028673,1162290
10/16/2018,2159.938965,2248.943522,2136.261592,2211.382878,1051540
10/17/2018,2063.779053,2228.041077,2051.750201,2195.419666,1207330
10/19/2018,2030.650269,2101.517778,2004.897709,2063.77878,1219710
10/22/2018,2105.75293,2118.420247,2051.750107,2061.140267,955160
10/23/2018,2090.075928,2110.438546,2056.539117,2069.591348,894490
10/24/2018,2124.495605,2130.627408,2051.844053,2122.176263,760590
10/25/2018,2074.49292,2105.959356,2056.44506,2096.259247,1298190
10/26/2018,2047.655762,2094.005693,2038.13424,2091.4046,495930
10/29/2018,2015.307129,2073.72329,1999.165495,2064.89663,961780
10/30/2018,1974.389282,2020.142932,1970.52524,2018.884568,631350
10/31/2018,2053.12085,2064.896147,1943.871063,1990.713884,1215870
11/1/2018,2065.093018,2093.986554,2042.35948,2042.35948,1402560
11/2/2018,2129.134277,2167.300603,2084.615609,2094.00577,1318660
11/5/2018,2117.692627,2137.670102,2100.963881,2131.660491,358560
11/6/2018,2118.387451,2143.520115,2100.578929,2126.871379,507640
11/7/2018,2126.899414,2143.38859,2122.19012,2131.566296,52410
11/9/2018,2112.340088,2135.275602,2103.865559,2135.275602,724590
11/12/2018,2059.595459,2112.339915,2048.970548,2100.578831,537710
11/13/2018,2182.447266,2197.297751,1990.409067,2014.283598,2688470
11/14/2018,2182.282959,2270.916594,2164.995754,2187.907657,1993430
11/15/2018,2248.506836,2257.577878,2187.109259,2197.297675,1123080
11/16/2018,2322.656006,2331.576658,2246.605111,2264.906524,1302650
11/19/2018,2337.877441,2379.466496,2321.848374,2346.600937,1244430
11/20/2018,2309.585449,2380.405975,2295.946102,2337.877896,1030740
11/21/2018,2273.958496,2375.710366,2249.891627,2323.500987,1178150
11/22/2018,2263.878174,2298.706356,2248.004082,2293.076846,679060
11/26/2018,2239.393555,2299.462379,2218.575415,2268.662609,765770
11/27/2018,2235.56665,2257.370801,2214.199454,2255.323581,513890
11/28/2018,2170.193115,2258.333858,2163.493226,2232.980421,814340
11/29/2018,2208.687744,2215.706981,2155.234438,2187.907429,924630
11/30/2018,2197.795654,2229.219915,2188.846802,2206.68811,864900
12/3/2018,2213.00708,2244.060402,2155.323393,2189.785234,927780
12/4/2018,2197.428955,2229.102178,2187.907433,2207.157262,530750
12/5/2018,2140.341309,2186.029158,2130.157708,2186.029158,885510
12/6/2018,2085.681641,2138.139769,2075.225687,2138.139769,1152120
12/7/2018,2100.508545,2111.485588,2062.398615,2103.395973,962340
12/10/2018,2103.851563,2122.157562,2053.158678,2075.056597,505070
12/11/2018,2125.989014,2137.768898,2047.055259,2066.868592,611520
12/12/2018,2227.533691,2239.553142,2125.988603,2125.988603,668060
12/13/2018,2188.414307,2265.371434,2178.517042,2234.858,1087130
12/14/2018,2226.984131,2234.857788,2173.887551,2192.602074,767570
12/17/2018,2225.261475,2249.037425,2211.38279,2249.037425,442650
12/18/2018,2241.022705,2244.24828,2192.034313,2213.260752,614160
12/19/2018,2249.47876,2274.29689,2235.614059,2241.022801,490790
12/20/2018,2262.277344,2270.352973,2225.477361,2234.858122,501230
12/21/2018,2215.852539,2271.479841,2198.339981,2267.348262,579890
12/24/2018,2179.521973,2213.730262,2170.929839,2204.805025,346870
12/26/2018,2167.375488,2201.992301,2131.566108,2169.126744,550490
12/27/2018,2159.220459,2195.701325,2149.21063,2187.907446,474780
12/28/2018,2171.389648,2188.846036,2159.267036,2160.769553,373040
12/31/2018,2174.606201,2196.358545,2160.464564,2192.60248,431030
1/1/2019,2178.056885,2187.249888,2150.816023,2174.9723,444340
1/2/2019,1987.173828,2097.761762,1967.26192,2097.761762,4814970
1/3/2019,1897.887451,1975.689601,1892.211058,1975.689601,4683010
1/4/2019,1887.760254,1938.884931,1878.12594,1908.550083,3418330
1/7/2019,1862.106445,1922.823141,1855.026228,1920.287844,2156680
1/8/2019,1882.224731,1937.190067,1857.843212,1864.416325,3664290
1/9/2019,1905.362061,1915.381403,1863.946778,1867.702842,1637520
1/10/2019,1930.250977,1934.373156,1910.432946,1911.83677,1021430
1/11/2019,1925.696411,1950.082629,1914.371823,1934.37291,1122200
1/14/2019,1923.142456,1937.114905,1898.878199,1937.002342,701210
1/15/2019,1937.955322,1940.946143,1923.104839,1928.738935,633190
1/16/2019,1947.115479,1951.646185,1936.8145,1936.8145,674680
1/17/2019,1912.770874,1957.636971,1893.098535,1953.153261,1037770
1/18/2019,1889.55835,1917.940084,1873.336826,1915.592544,1081400
1/21/2019,1880.661377,1906.01011,1873.313508,1892.211206,950380
1/22/2019,1880.248047,1910.897543,1868.641823,1878.125862,1378300
1/23/2019,1886.403564,1898.972304,1877.187062,1885.262577,535950
1/24/2019,1888.887207,1909.019656,1885.074747,1892.117367,457230
1/25/2019,1882.722412,1909.747321,1862.547667,1896.812352,671890
1/28/2019,1876.848877,1900.66231,1865.975113,1883.760021,1019070
1/29/2019,1772.603882,1878.031922,1765.350006,1877.938043,1931980
1/30/2019,1776.538574,1793.041735,1765.350161,1774.740322,1026320
1/31/2019,1784.67041,1800.934233,1768.740035,1795.398715,675110
2/1/2019,1846.424805,1891.619652,1791.27171,1792.581656,1857170
2/4/2019,1890.079712,1918.592926,1824.977768,1851.739726,1621290
2/5/2019,1923.072021,1932.955189,1893.056405,1893.150283,1018700
2/6/2019,1981.7229,1990.713933,1927.767077,1927.767077,1297160
2/7/2019,2056.839355,2062.548646,1986.084637,1993.991079,1352940
2/8/2019,1957.60437,2056.839525,1948.458363,2052.219639,1234030
2/11/2019,1948.754028,2015.08625,1909.113498,1918.785409,2619820
2/12/2019,1984.845215,2000.104226,1884.60525,1922.165892,2590360
2/14/2019,1879.572021,1933.255608,1868.641861,1893.056278,1403410
2/15/2019,1900.014526,1913.451787,1871.651473,1891.863816,1235950
2/18/2019,1892.605591,1920.287765,1882.511169,1918.691483,850970
2/19/2019,1916.512817,1921.653907,1889.394031,1896.81228,654740
2/20/2019,1927.663818,1939.068187,1913.714753,1917.001309,698580
2/21/2019,1920.04834,1937.631392,1901.507473,1920.287794,670210
2/22/2019,1933.945679,1943.763165,1906.202524,1932.213222,740010
2/25/2019,1944.213989,1951.364588,1924.982958,1943.753881,462600
2/26/2019,1936.250977,1960.191299,1915.602024,1940.946057,878770
2/27/2019,1916.320435,1951.355063,1906.394971,1951.355063,624010
2/28/2019,1865.740356,1938.974092,1859.251724,1938.974092,1870270
3/1/2019,1873.210205,1881.032167,1851.739613,1869.017531,984330
3/5/2019,2019.391846,2054.285604,1814.179218,1831.081509,4523630
3/6/2019,2019.255493,2047.055046,2009.963911,2019.82358,1265860
3/7/2019,2020.903198,2037.664726,2010.550639,2023.485492,831150
3/8/2019,2053.726807,2074.610516,2009.499056,2020.762665,1957920
3/11/2019,2157.149902,2173.371312,2055.975514,2061.003927,2485590
3/12/2019,2109.213135,2193.071896,2091.46101,2159.83082,1992480
3/13/2019,2138.820313,2150.158885,2109.217696,2111.734194,1461680
3/14/2019,2124.044678,2158.511332,2112.879879,2140.956364,968750
3/15/2019,2123.336182,2144.525025,2105.837607,2144.525025,981900
3/18/2019,2089.441895,2140.947012,2075.413051,2122.176092,993140
3/19/2019,2043.214478,2088.371845,2026.354599,2088.371845,2011750
3/20/2019,2003.672363,2051.749936,1989.774881,2033.908632,1371030
3/22/2019,2013.893555,2035.279552,1997.75651,2003.672357,2168820
3/25/2019,1986.14563,2008.555238,1976.717872,2008.555238,994230
3/26/2019,2007.803955,2013.644607,1972.403098,1997.75653,1098830
3/27/2019,1969.506226,2017.47582,1958.378795,2009.588177,1175880
3/28/2019,1962.449463,2000.104097,1951.373842,1974.187163,1255610
4/1/2019,1882.57666,1952.092151,1876.670328,1952.092151,1953970
4/2/2019,1932.823608,1989.873413,1906.296293,1907.14143,3146450
4/3/2019,1897.06604,1922.729308,1888.567899,1915.592809,1232650
4/4/2019,1924.001587,1934.372945,1870.613736,1900.568369,1675580
4/5/2019,1970.083862,1974.689764,1934.382454,1934.842563,1276880
4/8/2019,1935.560791,1989.680989,1929.077087,1983.577385,865240
4/9/2019,1966.966187,1974.187165,1911.367085,1943.669144,802560
4/10/2019,1969.468628,1979.445673,1939.067986,1956.909289,835500
4/11/2019,1971.759644,1978.872643,1954.129711,1962.543257,976450
4/12/2019,2005.846191,2012.311326,1963.01757,1974.497132,1303510
4/15/2019,2003.104126,2024.51832,1995.50282,2005.925759,646040
4/16/2019,1997.338745,2022.809556,1990.714051,2021.701581,617190
4/18/2019,1974.177979,2016.063003,1967.196568,2007.428686,694610
4/22/2019,1915.672485,1971.445361,1910.428117,1957.848427,615220
4/23/2019,1907.601685,1929.583968,1897.23961,1929.583968,731720
4/24/2019,1927.945679,1932.495184,1891.178475,1915.592894,804610
4/25/2019,1909.977295,1938.034982,1906.202432,1925.96395,910660
4/26/2019,1909.080566,1920.527231,1894.464837,1910.991496,637860
4/30/2019,1912.615967,1915.592689,1892.117288,1903.385481,650900
5/2/2019,1931.095947,1937.190152,1864.885915,1877.093124,1095340
5/3/2019,1911.118408,1934.373156,1909.958737,1931.650101,523280
5/6/2019,1910.888306,1923.644802,1896.718585,1896.812464,550680
5/7/2019,1911.19812,1932.485655,1903.390257,1922.165878,489780
5/8/2019,1909.634766,1922.165908,1901.507554,1904.324602,430210
5/9/2019,1911.921143,1924.123651,1899.4041,1907.611091,437180
5/10/2019,1911.273193,1917.240622,1906.296363,1914.653628,547550
5/13/2019,1760.819458,1889.394161,1746.569844,1882.72717,3429730
5/14/2019,1805.812256,1818.535969,1709.478636,1719.338304,3745110
5/15/2019,1877.820679,1893.896627,1805.821584,1809.953277,2171650
5/16/2019,1906.695435,1913.723955,1833.42869,1882.727029,1266530
5/17/2019,1966.017822,1971.933669,1883.121574,1896.812386,1310990
5/20/2019,1999.841187,2029.213635,1978.849502,2014.189379,1117100
5/21/2019,1962.707886,2007.146774,1954.284939,1994.474642,603260
5/22/2019,1993.028687,2000.10409,1948.129462,1967.238529,744680
5/23/2019,1908.188477,2032.875633,1892.046847,2005.832156,1470400
5/24/2019,1957.909546,1976.394133,1910.89776,1929.678082,1094940
5/27/2019,1961.355591,1985.981147,1949.86663,1963.482361,662950
5/28/2019,1952.223755,1976.628773,1943.763211,1976.628773,917320
5/29/2019,1917.822754,1965.1023,1911.897508,1960.665358,689320
5/30/2019,1867.843872,1924.973579,1861.129884,1917.470849,1347270
5/31/2019,1873.125732,1902.75162,1859.251748,1887.422229,1118550
6/3/2019,1873.163086,1884.605051,1836.719936,1864.885715,1577560
6/4/2019,1882.112183,1911.836765,1857.702464,1877.468798,1279550
6/6/2019,1885.901123,1911.836743,1873.89577,1895.873469,1262960
6/7/2019,1877.820679,1898.680886,1863.946695,1891.544388,722710
6/10/2019,1890.375488,1908.150998,1880.384344,1896.342917,426260
6/11/2019,1890.427124,1898.77969,1878.069755,1894.610514,429390
6/12/2019,1887.980957,1896.812431,1875.492112,1892.305108,418760
6/13/2019,1893.248779,1896.812386,1868.641905,1882.539389,597650
6/14/2019,1856.157837,1892.112801,1840.471614,1878.032259,480610
6/17/2019,1852.476929,1877.093204,1844.039883,1854.561517,486340
6/18/2019,1852.852539,1872.210347,1837.26008,1854.556798,550870
6/19/2019,1858.378296,1887.328232,1849.861471,1862.068679,847590
6/20/2019,1858.608521,1868.548083,1842.349512,1868.548083,716150
6/21/2019,1851.664429,1868.547918,1845.471531,1858.312621,546620
6/24/2019,1793.351563,1862.157986,1775.876488,1856.528589,1240360
6/25/2019,1795.103027,1807.502694,1768.265874,1793.572427,1296560
6/26/2019,1798.389404,1814.648411,1788.834871,1788.834871,816920
6/27/2019,1829.137695,1846.950803,1798.389617,1798.389617,1183940
6/28/2019,1797.164063,1843.739236,1791.642643,1835.729402,760460
7/1/2019,1842.847168,1854.547271,1802.910788,1811.361933,1021530
7/2/2019,1890.938843,1905.15086,1812.207071,1812.300949,1431860
7/3/2019,1845.175903,1892.117306,1838.649788,1887.422225,922730
7/4/2019,1861.636841,1886.952676,1843.851818,1854.993234,1051340
7/5/2019,1844.706421,1882.257663,1838.76719,1873.27133,753860
7/8/2019,1787.219971,1854.89481,1770.139208,1847.983665,991410
7/9/2019,1787.754883,1811.868863,1758.781564,1801.032582,1295640
7/10/2019,1760.749023,1809.57316,1751.264984,1783.191531,831210
7/11/2019,1787.337158,1790.38896,1767.228094,1776.144046,695000
7/12/2019,1779.933228,1793.520763,1770.984377,1782.642298,833100
7/15/2019,1768.528687,1802.722991,1764.176338,1793.520589,500530
7/16/2019,1788.003784,1793.520503,1751.645113,1771.923136,602940
7/17/2019,1730.953857,1788.825416,1719.342934,1788.825416,940840
7/18/2019,1728.353027,1744.804608,1723.09456,1739.99685,683830
7/19/2019,1658.677856,1740.935634,1643.277971,1739.714867,1841410
7/22/2019,1603.088013,1670.894434,1593.974904,1664.405801,2334480
7/23/2019,1605.571777,1632.136577,1600.233531,1615.107512,1131400
7/24/2019,1549.534912,1622.735822,1530.044014,1617.59001,2450250
7/25/2019,1554.813232,1581.58302,1531.25005,1532.408793,2059680
7/26/2019,1625.729736,1653.194771,1544.441067,1555.480128,2300560
7/29/2019,1550.201904,1608.083392,1545.651919,1608.083392,1531070
7/30/2019,1528.960938,1582.070275,1514.365281,1559.840887,1821980
7/31/2019,1546.41333,1556.217899,1511.276692,1537.327563,1548640
8/1/2019,1566.727295,1585.381035,1493.247293,1508.760591,2568280
8/2/2019,1599.097046,1618.663693,1526.099478,1527.679225,3003440
8/5/2019,1561.165039,1595.975242,1545.656477,1595.975242,1434390
8/6/2019,1609.100098,1621.756664,1552.273319,1552.273319,1321600
8/7/2019,1556.686157,1624.613428,1545.651831,1590.67814,1540540
8/8/2019,1590.266602,1598.623867,1541.224706,1575.921517,1341470
8/9/2019,1663.633301,1682.61821,1582.557551,1582.557551,1828890
8/13/2019,1574.50293,1669.554839,1565.303769,1664.839385,1474660
8/14/2019,1567.848145,1607.610403,1551.436258,1607.610403,2161060
8/16/2019,1570.288818,1581.597387,1530.838673,1570.24621,1728990
8/19/2019,1545.434326,1589.164715,1541.168166,1589.164715,1350470
8/20/2019,1503.628784,1567.408252,1497.409332,1554.893599,2414640
8/21/2019,1513.537476,1539.97621,1504.91994,1519.165721,1797430
8/22/2019,1468.402344,1518.408997,1464.306502,1513.963165,1596230
8/23/2019,1455.168701,1473.264372,1443.978375,1469.031352,2083250
8/26/2019,1470.753174,1522.855155,1437.81589,1522.855155,2701320
8/27/2019,1513.055176,1533.893957,1467.234198,1473.765882,2884330
8/28/2019,1541.626831,1545.874053,1496.959982,1513.471172,1933180
8/29/2019,1564.381348,1579.70539,1526.510953,1541.773565,1813980
8/30/2019,1537.937744,1576.489181,1510.37329,1566.821791,1774600
9/3/2019,1492.282349,1511.14428,1483.371749,1510.746947,1926680
9/4/2019,1479.663696,1507.138315,1469.031437,1495.04455,1844770
9/5/2019,1490.239258,1502.134299,1470.086139,1489.747355,1226400
9/6/2019,1552.013184,1560.69215,1488.110856,1496.051853,2475130
9/9/2019,1533.047363,1557.94896,1515.996927,1532.276369,1925930
9/11/2019,1609.374634,1616.59683,1533.477839,1533.477839,2597820
9/12/2019,1577.865601,1625.885705,1562.820534,1611.867053,1919550
9/13/2019,1578.702637,1596.732144,1556.057095,1584.435036,1655140
9/16/2019,1585.787842,1592.414096,1546.692423,1568.354275,1119960
9/17/2019,1540.44458,1594.835637,1520.296195,1589.164782,1498790
9/18/2019,1516.365845,1565.984633,1498.544415,1560.786744,1677750
9/19/2019,1490.078491,1530.51706,1478.490831,1522.949609,1560270
9/20/2019,1689.452393,1843.431131,1490.787864,1501.751177,4954160
9/23/2019,1819.910522,1844.566168,1740.513718,1740.513718,3307200
9/24/2019,1743.753662,1850.714811,1698.419853,1843.620325,2860100
9/25/2019,1664.848755,1752.243372,1646.393624,1735.784142,2085490
9/26/2019,1694.309814,1714.500693,1658.269851,1675.254008,1870460
9/27/2019,1683.03894,1720.110051,1660.109573,1674.393114,1480120
9/30/2019,1680.466187,1702.676639,1642.747169,1683.75801,1499570
10/1/2019,1686.297607,1729.162429,1664.271565,1698.892627,2008420
10/3/2019,1729.602417,1734.83818,1676.483727,1686.122713,1228820
10/4/2019,1702.582031,1750.819801,1689.192344,1745.243516,1431550
10/7/2019,1702.733276,1717.177551,1670.008693,1696.523177,794600
10/9/2019,1725.317383,1731.054401,1686.888921,1697.951538,1112850
10/10/2019,1707.6427,1721.122223,1688.653173,1721.122223,823540
10/11/2019,1721.703857,1735.689485,1693.217144,1711.28441,946990
10/14/2019,1733.698364,1745.243415,1710.243954,1712.135817,774670
10/15/2019,1816.102905,1825.647319,1729.635297,1732.000125,2304110
10/16/2019,1818.136841,1825.64748,1788.056178,1815.053095,1084750
10/17/2019,1938.388428,1966.496631,1840.309478,1844.566169,3986370
10/18/2019,1917.960938,1956.186056,1898.020746,1948.618605,2950660
10/22/2019,1889.862183,1940.412702,1878.146813,1917.970502,1613920
10/23/2019,1941.164795,1961.946879,1870.957681,1889.592483,1854730
10/24/2019,1989.516235,2004.291565,1941.160109,1952.402513,2248480
10/25/2019,2016.891235,2025.711999,1981.73081,2000.644818,1505220
10/27/2019,2017.071045,2051.592923,1995.929385,2033.752555,248880
10/29/2019,2085.721924,2095.238049,2017.070999,2017.070999,1910470
10/30/2019,2129.43335,2137.710249,2043.211796,2104.697336,2022690
10/31/2019,2131.949707,2145.391355,2109.52171,2132.602344,1376540
11/1/2019,2078.792969,2165.047777,2071.594329,2136.57515,1870250
11/4/2019,2056.520996,2107.535008,2039.427952,2103.751283,1570140
11/5/2019,2013.618652,2076.064219,2008.259913,2057.401009,1494120
11/6/2019,2043.736938,2057.400983,1989.686515,2021.455587,1444450
11/7/2019,2026.558594,2052.67101,2002.645422,2049.833216,1055860
11/8/2019,2051.692139,2086.317938,2005.374526,2010.104182,1874110
11/11/2019,2022.108276,2063.800162,2015.784669,2046.99579,944160
11/13/2019,2019.771729,2064.40071,2005.37468,2021.455514,1589070
11/14/2019,2039.25293,2055.03585,2020.03639,2033.752394,980830
11/15/2019,2017.109009,2071.589904,2009.281287,2066.860246,1195330
11/18/2019,2031.614624,2041.319889,2010.104154,2027.036233,694660
11/19/2019,2057.150146,2062.125755,2026.582199,2043.211746,906060
11/20/2019,2032.78772,2057.117049,2023.820308,2057.117049,735750
11/21/2019,2076.754639,2080.860064,2029.022974,2038.482289,1303740
11/22/2019,2152.296631,2172.331393,2043.211761,2058.942488,2512270
11/25/2019,2200.359375,2214.993138,2152.939943,2152.939943,1971380
11/26/2019,2157.262939,2218.209238,2149.818348,2208.730986,1997340
11/27/2019,2177.690186,2213.479463,2163.572113,2174.772024,1340190
11/28/2019,2184.306885,2191.297447,2166.655888,2191.297447,943210
11/29/2019,2164.423096,2183.204774,2142.534348,2180.560739,1115780
12/2/2019,2053.9104,2151.993974,2047.038079,2148.683214,2399780
12/3/2019,2021.715332,2080.287558,2007.455463,2053.900785,2054080
12/4/2019,2025.050171,2059.19354,1999.226195,2017.269792,1597410
12/5/2019,2025.905884,2051.725005,2017.198512,2051.725005,911910
12/6/2019,1978.888428,2046.489496,1954.767178,2033.752447,1432060
12/9/2019,1986.186523,2005.279974,1974.073705,1986.456031,984820
12/10/2019,2010.974121,2021.029491,1982.004976,1998.563623,979760
12/11/2019,2037.706299,2045.524551,1986.663881,2010.950714,1075180
12/12/2019,2076.654785,2090.602652,2041.480278,2041.480278,1254760
12/13/2019,2084.336182,2124.467135,2065.606695,2081.848262,1401330
12/16/2019,2048.036133,2097.361743,2043.21179,2097.361743,890300
12/17/2019,2053.139404,2074.22887,2045.675877,2049.454983,1160650
12/18/2019,2056.062012,2078.442894,2025.806529,2057.400541,1014430
12/19/2019,2121.454346,2128.908173,2053.526965,2058.355926,1809760
12/20/2019,2101.968506,2137.710443,2089.633523,2114.251528,1326790
12/23/2019,2097.71167,2122.670079,2081.049097,2092.409743,939940
12/24/2019,2068.624268,2121.724136,2058.767736,2099.92984,1162270
12/26/2019,2085.37207,2099.967727,2071.693939,2080.103168,964810
12/27/2019,2102.082031,2111.337887,2071.77897,2098.402229,797560
12/30/2019,2155.257568,2163.96956,2098.118549,2106.594058,1158460
12/31/2019,2129.788086,2154.831712,2117.633006,2154.831712,1142680
1/1/2020,2088.218994,2137.308115,2081.143447,2129.787777,1086480
1/2/2020,2043.292114,2113.385721,2031.018793,2089.562384,2285820
1/3/2020,2004.357666,2049.45014,1996.861114,2047.941408,1572970
1/6/2020,1973.255249,1995.915108,1961.814237,1995.915108,1258710
1/7/2020,1967.896606,2019.544552,1959.383224,1981.726234,1371520
1/8/2020,1881.665405,1958.077762,1872.953415,1958.077762,2892860
1/9/2020,1922.974365,1939.159237,1878.619631,1914.375882,2592870
1/10/2020,1932.797852,1961.861568,1915.529871,1923.078384,2169260
1/13/2020,1918.348755,1948.628026,1897.840913,1948.618558,1320920
1/14/2020,1938.185059,1946.660567,1915.984076,1917.402973,1162260
1/15/2020,1950.964478,1953.348243,1920.240646,1933.483685,1079560
1/16/2020,2037.181396,2043.211709,1953.348231,1957.983202,2921950
1/17/2020,2014.095947,2059.292575,1996.250961,2034.608524,1834850
1/20/2020,2020.991699,2038.472491,1986.928704,2022.401128,1005930
1/21/2020,1991.805176,2031.387647,1983.646518,2020.320296,1032360
1/22/2020,1995.915283,2012.942049,1981.158661,2001.590872,786810
1/23/2020,1978.48645,2004.996317,1965.69282,1993.077488,1059580
1/24/2020,1979.910278,2003.00985,1967.537421,1984.564187,770750
1/27/2020,1995.461304,2001.666669,1965.172561,1972.267046,971080
1/28/2020,1994.652588,2007.928653,1974.631912,2007.928653,972770
1/29/2020,1910.04834,2008.780047,1901.322146,2008.780047,2869250
1/30/2020,1924.052856,1946.726804,1910.781411,1910.781411,1385590
1/31/2020,1919.228516,1952.563011,1911.821799,1934.429581,1021230
2/3/2020,1880.837891,1927.391986,1845.668227,1849.040417,1486370
2/4/2020,1845.762817,1905.101075,1839.836543,1891.86277,1500920
2/5/2020,1843.341309,1872.944275,1830.954364,1864.620032,1283330
2/6/2020,1928.867554,1952.553596,1821.958373,1856.390297,3945750
2/7/2020,1866.918701,1940.7629,1860.335055,1939.159482,2224150
2/10/2020,1802.684937,1878.14663,1777.404945,1878.14663,2437470
2/11/2020,1798.144409,1832.169529,1792.066755,1820.917658,1295530
2/12/2020,1823.552368,1831.323162,1790.25078,1797.269632,1528370
2/13/2020,1830.878418,1843.620085,1813.425916,1822.904166,919630
2/14/2020,1769.227539,1830.377294,1750.446089,1822.809843,2318720
2/17/2020,1753.368896,1792.421705,1745.252847,1787.81029,1292680
2/18/2020,1774.600464,1777.589524,1734.800331,1749.973107,1806500
2/19/2020,1785.464478,1800.954104,1769.894483,1788.283335,1322670
2/20/2020,1782.953003,1800.107478,1754.182462,1784.963107,1249820
2/24/2020,1697.942017,1768.891601,1683.767249,1768.891601,1928210
2/25/2020,1658.435303,1724.432955,1638.447767,1715.446607,2568310
2/26/2020,1622.929565,1664.839103,1611.431858,1648.758271,2151130
2/27/2020,1613.134644,1631.542547,1599.201092,1623.956159,2554810
2/28/2020,1570.468262,1593.705124,1543.480814,1579.421469,3264550
3/2/2020,1609.35083,1682.140318,1574.313611,1576.489184,3483700
3/3/2020,1692.124634,1706.554822,1645.920642,1655.379956,2747400
3/4/2020,1632.129028,1729.162632,1595.786302,1698.32529,4186090
3/5/2020,1681.426147,1692.082078,1623.388547,1650.650238,2313750
3/6/2020,1678.418213,1690.521448,1591.245871,1641.191098,1707910
3/9/2020,1691.873901,1702.581909,1612.354236,1617.448085,1932250
3/11/2020,1679.368774,1727.928126,1656.988005,1691.87396,2219090
3/12/2020,1596.519409,1634.71139,1579.705455,1608.06446,3635550
3/13/2020,1671.664063,1752.683107,1438.004813,1504.030868,2794020
3/16/2020,1560.190796,1641.829452,1547.543698,1596.249695,1924950
3/17/2020,1613.863037,1651.596255,1570.250888,1580.651399,1675350
3/18/2020,1509.153076,1650.650178,1497.234249,1618.497981,1589120
3/19/2020,1434.530396,1532.115759,1416.091649,1444.402847,1611810
3/20/2020,1494.7854,1525.34673,1379.156865,1467.713552,2113350
3/23/2020,1306.72229,1643.663885,1270.569386,1368.226219,1443300
3/24/2020,1354.640137,1387.675513,1323.320929,1334.761744,1126980
3/25/2020,1384.014404,1411.033761,1306.636331,1306.636331,761180
3/26/2020,1407.024902,1445.928377,1382.431874,1394.826091,2048910
3/27/2020,1365.251587,1467.856631,1334.761832,1453.269661,1106270
3/30/2020,1271.179565,1344.105223,1248.955725,1344.105223,2263090
3/31/2020,1248.564697,1303.885827,1234.654606,1302.250777,1672550
4/1/2020,1239.574219,1269.835166,1213.203107,1248.564727,1387180
4/3/2020,1208.917725,1248.946268,1201.285742,1245.142205,1806810
4/7/2020,1248.579102,1259.633762,1186.994172,1246.17174,2405590
4/8/2020,1254.532959,1301.392652,1220.353549,1239.421573,2799990
4/9/2020,1310.192749,1339.161859,1254.924099,1277.557839,3618730
4/13/2020,1277.609985,1309.019734,1268.500186,1309.019734,1266210
4/15/2020,1269.444214,1322.553388,1251.11987,1296.625693,2755930
4/16/2020,1274.826172,1290.318942,1243.425846,1269.453747,2501460
4/17/2020,1408.207153,1427.999774,1298.437283,1311.880218,5656840
4/20/2020,1355.207275,1411.067134,1340.510675,1408.20693,2999770
4/21/2020,1286.61499,1333.331652,1282.324685,1330.485763,1656250
4/22/2020,1306.474243,1329.513221,1258.489602,1286.614938,2765770
4/23/2020,1341.27832,1358.596893,1307.113221,1315.693833,2072670
4/24/2020,1295.596069,1343.437679,1287.577932,1341.244926,1799440
4/27/2020,1334.714111,1353.829854,1317.11436,1325.418449,1836150
4/28/2020,1365.923828,1371.467801,1344.34358,1345.249265,1846940
4/29/2020,1364.865356,1377.664815,1346.731762,1373.841667,1477410
4/30/2020,1402.257935,1420.567965,1373.088533,1390.078209,3472310
5/4/2020,1310.812378,1371.944464,1297.993949,1371.944464,1924440
5/5/2020,1316.737671,1350.292693,1302.918124,1334.761749,1524890
5/6/2020,1321.40918,1351.48426,1296.625522,1318.077047,1871230
5/7/2020,1335.762817,1344.772412,1307.389588,1321.409311,1270450
5/8/2020,1321.304565,1366.300288,1293.860877,1356.766275,1643300
5/11/2020,1362.310425,1387.198948,1334.761874,1340.477511,1958240
5/12/2020,1350.688232,1360.451052,1314.644965,1357.643336,1479050
5/13/2020,1360.661011,1427.241754,1352.371121,1427.241754,2529370
5/14/2020,1337.798218,1360.517725,1332.854777,1346.202393,1481780
5/15/2020,1344.257446,1353.734314,1301.392568,1342.388817,2350250
5/18/2020,1238.296631,1339.547919,1225.640322,1339.547919,2752580
5/19/2020,1236.199097,1272.437887,1227.508854,1268.023634,2506930
5/20/2020,1303.785767,1315.693739,1226.836788,1236.199137,2665330
5/21/2020,1343.113525,1353.734429,1273.372202,1284.89879,3221910
5/22/2020,1327.363281,1344.100291,1306.159648,1325.322989,1836960
5/26/2020,1411.520142,1418.184407,1340.958903,1344.772509,3191320
5/27/2020,1426.950806,1441.542663,1382.908487,1418.661033,3017880
5/28/2020,1547.98999,1566.438281,1434.678273,1441.542716,8154230
5/29/2020,1577.731323,1620.491348,1506.469349,1516.194112,8504020
6/1/2020,1619.423462,1657.011352,1601.838027,1611.248093,4643120
6/2/2020,1658.560669,1668.452207,1620.782144,1639.850169,3968190
6/3/2020,1672.537476,1706.588167,1658.922878,1706.588167,2850790
6/4/2020,1646.805298,1687.520257,1626.006789,1666.068729,3037820
6/5/2020,1668.008789,1679.892902,1650.347009,1663.685082,1950650
6/8/2020,1610.757202,1703.294389,1600.760803,1701.821342,2735380
6/9/2020,1623.342163,1653.97018,1587.680159,1616.015218,3252740
6/10/2020,1629.367554,1646.485832,1613.831838,1623.342109,1626270
6/11/2020,1567.658691,1644.617215,1552.780883,1629.367566,2190020
6/12/2020,1607.17688,1619.804673,1486.457233,1487.305774,3796470
6/15/2020,1571.391235,1654.246605,1551.765506,1582.641417,5365180
6/16/2020,1593.042847,1620.782026,1561.87133,1620.782026,3577860
6/17/2020,1601.413696,1616.96838,1577.878933,1601.713962,2521910
6/18/2020,1631.846436,1637.943456,1583.609124,1600.617771,2089520
6/19/2020,1654.089233,1673.219173,1609.34129,1639.85013,3119310
6/22/2020,1676.932739,1696.553695,1641.494772,1654.089282,2342470
6/23/2020,1705.744507,1716.122289,1678.939639,1678.939639,2064180
6/24/2020,1757.771606,1762.838878,1701.825971,1725.65623,3383890
6/25/2020,1724.769531,1751.870008,1708.495023,1751.870008,2768290
6/26/2020,1761.256226,1768.664172,1725.370189,1743.770879,2248860
6/29/2020,1726.943359,1760.932138,1718.029081,1752.108404,1948400
6/30/2020,1747.994629,1766.652641,1735.285715,1739.957405,2009460
7/1/2020,1754.444092,1778.050315,1744.819534,1767.605847,2334860
7/2/2020,1749.834473,1768.459198,1713.262015,1754.44413,2765680
7/3/2020,1809.889282,1835.202133,1749.834545,1749.834545,2507160
7/6/2020,1835.387939,1875.340247,1818.307835,1875.340247,2833920
7/7/2020,1900.190552,1912.093868,1835.297353,1835.387899,2872780
7/8/2020,1848.807129,1916.336497,1841.146517,1900.190591,3568650
7/9/2020,1857.5354,1873.433412,1839.935651,1865.806203,2742010
7/10/2020,1854.160522,1882.490809,1844.831458,1859.132477,2044230
7/13/2020,1873.910034,1880.965226,1854.36531,1869.619729,1331720
7/14/2020,1797.175659,1874.348672,1782.34068,1873.910144,2475010
7/15/2020,1769.755859,1830.435101,1760.455425,1812.415794,2823590
7/16/2020,1777.096924,1815.180601,1747.10773,1773.326264,2654550
7/17/2020,1793.42395,1823.189225,1778.231562,1783.813708,1672170
7/20/2020,1829.352905,1838.157552,1789.248022,1806.695311,1604480
7/21/2020,1917.924072,1934.16518,1839.306522,1839.306522,3687060
7/22/2020,1896.367554,1935.404516,1882.204681,1929.684109,3357870
7/23/2020,1990.935425,2006.466135,1883.935109,1895.361609,4460610
7/24/2020,1983.10791,1989.843867,1925.870549,1925.870549,3947910
7/27/2020,1958.066895,1987.841597,1944.938541,1983.107876,1922910
7/28/2020,2007.219604,2018.179064,1959.239729,1960.164501,2622890
7/29/2020,2040.369263,2054.579737,1992.632396,2002.047233,2264820
7/30/2020,2021.339355,2071.264202,2005.13619,2045.045668,2464430
7/31/2020,1967.696411,2048.53511,1960.860366,2044.221062,2190550
8/3/2020,1981.372925,2030.172592,1969.078797,1975.924153,2018580
8/4/2020,2003.634644,2028.356506,1983.074601,2006.432932,1557610
8/5/2020,2093.549805,2123.062413,2017.396886,2022.244894,2380920
8/6/2020,2067.097656,2107.012021,2055.413836,2093.626231,2035230
8/7/2020,2079.115479,2111.101903,2055.532997,2068.880614,1952900
8/10/2020,2035.807373,2097.387414,2025.024349,2087.7582,1681940
8/11/2020,2044.344971,2066.020652,2025.977797,2057.44004,1619100
8/12/2020,2108.604492,2129.894019,2049.812959,2068.876331,2986670
8/13/2020,2066.301514,2126.079953,2055.07042,2108.604035,2203610
8/14/2020,1920.545898,2073.662006,1913.157038,2068.690167,5919120
8/17/2020,2014.984863,2034.567762,1920.54577,1951.802945,6533930
8/18/2020,2040.726685,2065.982274,2008.945092,2013.173482,3396910
8/19/2020,2027.059937,2076.60352,2017.873905,2054.579856,2854830
8/20/2020,2037.547241,2052.672943,1992.608663,2021.210701,2243200
8/21/2020,2069.109375,2082.609452,2047.905742,2068.880568,2613150
8/24/2020,2075.030029,2276.007052,2051.433349,2096.958257,11491305
8/25/2020,2113.928711,2145.152599,2080.464237,2110.830157,4757108
8/26/2020,2144.056641,2181.382209,2130.851939,2173.802715,2439339
8/27/2020,2132.138916,2149.919756,2111.783707,2144.914399,1370404
8/28/2020,2110.448975,2150.873092,2097.482625,2135.618673,1470617
8/31/2020,1994.515381,2125.13135,1976.162407,2121.317745,3087530
9/1/2020,2031.793335,2072.694152,2007.862872,2011.676477,2255675
9/2/2020,2068.738037,2085.708395,2003.477528,2031.793734,1972531
9/3/2020,2127.181152,2154.686872,2061.730248,2073.647764,2577059
9/4/2020,2079.225098,2122.271069,2064.113596,2066.020398,1516060
9/7/2020,2090.713623,2111.783885,2055.533208,2102.249872,1354383
9/8/2020,2060.776855,2113.690626,2049.812741,2101.200976,1180325
9/9/2020,2075.506836,2088.711537,2026.597305,2040.183273,1357699
9/10/2020,2074.219727,2095.57582,2052.291499,2094.574702,948267
9/11/2020,2059.632568,2077.175057,2040.373912,2064.113507,1143868
9/14/2020,2058.774658,2095.576041,2048.192044,2064.113799,1180377
9/15/2020,2040.851074,2069.167048,2021.210913,2058.774834,1264201
9/16/2020,2062.922119,2085.899184,2045.045844,2054.579858,1031516
9/17/2020,2045.474609,2061.20573,2025.977601,2045.999027,768952
9/18/2020,2052.625244,2101.105792,2035.702371,2059.34677,1310088
9/21/2020,2004.954956,2060.204508,1990.797088,2052.720448,1944477
9/22/2020,1968.153931,2023.260336,1938.884443,2005.956196,1519039
9/23/2020,1980.023804,2027.741584,1954.472603,1987.793931,1353975
9/24/2020,1939.647217,1982.121291,1928.730819,1956.80844,1346209
9/25/2020,2018.827148,2035.51167,1954.472564,1967.724748,1532674
9/28/2020,2079.320557,2106.06351,2028.838003,2035.511813,1138014
9/29/2020,2096.05249,2115.120514,2078.414568,2087.94858,1337331
9/30/2020,2100.152588,2117.504446,2083.801615,2102.154591,925934
10/1/2020,2095.242188,2126.084811,2079.225233,2087.948761,999891
10/5/2020,2107.159912,2121.318015,2080.512391,2107.636613,930504
10/6/2020,2095.194336,2130.851444,2074.696212,2120.173398,2754316
10/7/2020,2133.711914,2149.919735,2068.880632,2105.109878,1517302
10/8/2020,2105.872559,2151.635815,2073.647552,2148.012844,1515381
10/9/2020,2114.596191,2130.565662,2094.288699,2108.160733,1207901
10/12/2020,2079.70166,2128.944736,2069.976782,2128.944736,1098858
10/13/2020,2116.121826,2130.851829,2076.841741,2082.466715,1587481
10/14/2020,2148.87085,2161.265065,2087.948607,2098.626653,1358092
10/15/2020,2143.818115,2195.683049,2122.318871,2147.107303,1900928
10/16/2020,2164.125488,2178.521941,2139.432488,2139.432488,815976
10/19/2020,2095.718994,2173.754984,2083.372494,2173.754984,1263185
10/20/2020,2092.19165,2130.852124,2087.949061,2107.017089,976226
10/21/2020,2079.70166,2118.934024,2043.234067,2109.209379,1308299
10/22/2020,2058.822266,2077.365873,2040.278658,2077.365873,1021353
10/23/2020,2080.226074,2096.052628,2059.34668,2061.253483,1153577
10/26/2020,2009.865356,2111.450078,1993.705018,2086.042027,1551460
10/27/2020,2019.542114,2035.416151,1984.027919,2016.44356,1019769
10/28/2020,2035.511597,2046.332794,2002.619255,2026.406569,1041016
10/29/2020,2037.275513,2045.04564,2002.190301,2030.744621,834115
10/30/2020,1988.413574,2047.33358,1974.06484,2024.261319,1013498
11/2/2020,1935.070801,1998.424381,1921.294083,1982.883895,1131510
11/3/2020,1997.37561,2016.443635,1943.031739,1943.031739,1939408
11/4/2020,1999.663696,2025.929947,1973.540595,1995.468824,1114904
11/5/2020,2021.019897,2042.375991,2005.002711,2023.117334,828400
11/6/2020,2039.373169,2053.578756,2013.583616,2028.838038,996379
11/9/2020,2090.666016,2099.341827,2042.185469,2052.672883,1129889
11/10/2020,2130.70874,2152.255467,2090.04604,2108.92343,986762
11/11/2020,2218.278564,2224.285039,2118.171437,2130.708802,2127849
11/12/2020,2241.208008,2258.13088,2194.729696,2217.611327,1905794
11/13/2020,2397.422852,2454.43606,2209.507374,2209.984075,9475210
11/14/2020,2422.163818,2467.402665,2386.125201,2421.639401,1043101
11/17/2020,2423.259766,2444.520659,2375.065289,2422.163447,2112263
11/18/2020,2492.33374,2507.445243,2396.564633,2408.291515,1880217
11/19/2020,2432.365234,2534.14083,2420.209367,2446.523338,2433481
11/20/2020,2469.928711,2478.843105,2423.831903,2445.474063,1394396
11/23/2020,2476.316895,2485.08814,2440.707264,2474.600726,823238
11/24/2020,2567.795654,2588.484415,2469.404691,2475.029665,2418981
11/25/2020,2474.171875,2599.925417,2460.967174,2570.369976,1758420
11/26/2020,2430.4104,2491.237446,2404.954634,2488.377242,2083338
11/27/2020,2416.53833,2496.004416,2397.899522,2446.427552,2597507
12/1/2020,2414.679199,2464.446696,2407.338056,2440.659382,1227343
12/2/2020,2414.48877,2431.077859,2390.177037,2410.198464,1293136
12/3/2020,2430.696533,2459.775272,2416.872215,2435.94024,1073359
12/4/2020,2434.510254,2476.650545,2414.488826,2445.283735,1140298
12/7/2020,2441.803711,2453.626027,2421.639366,2434.510284,723083
12/8/2020,2429.457031,2487.423874,2398.13794,2441.803531,1303426
12/9/2020,2428.55127,2441.326753,2412.200532,2432.221957,954150
12/10/2020,2376.495605,2438.800472,2371.204415,2438.800472,1106304
12/11/2020,2355.663574,2391.082333,2337.596669,2376.495249,1488286
12/14/2020,2288.592041,2350.13414,2280.821914,2350.13414,2480823
12/15/2020,2359.858643,2372.062225,2297.220229,2298.459697,2907490
12/16/2020,2354.996582,2389.652579,2332.019518,2383.503187,1462297
12/17/2020,2351.659668,2378.736171,2326.299101,2356.521875,1059879
12/18/2020,2365.34082,2373.969148,2312.1887,2344.413709,849960
12/21/2020,2284.730469,2380.976503,2231.53087,2345.366876,1194154
12/22/2020,2332.686768,2349.180656,2271.430738,2288.162976,1197777
12/23/2020,2332.686768,2359.620353,2304.370797,2332.019433,954704
12/24/2020,2323.200439,2358.714635,2314.381478,2344.413617,599386
12/28/2020,2337.120361,2347.273992,2312.522561,2327.347998,711668
12/29/2020,2345.891357,2386.363192,2322.342394,2340.599934,1955329
12/30/2020,2400.044922,2407.338349,2339.980638,2363.481888,2429452
12/31/2020,2412.963135,2428.646772,2369.297544,2412.105167,1763710
1/1/2021,2424.213135,2435.940016,2398.566736,2413.058388,914818
1/4/2021,2531.947754,2545.581439,2459.775323,2470.262737,3287511
1/5/2021,2550.25293,2559.882375,2494.097689,2507.445306,1494362
1/6/2021,2522.080078,2547.488128,2488.377251,2543.674523,949386
1/7/2021,2526.322754,2589.104088,2517.694426,2536.0474,1250528
1/8/2021,2632.197754,2642.16075,2537.000553,2537.000553,2585123
1/11/2021,2647.738281,2677.770422,2599.639233,2638.061351,1616318
1/12/2021,2747.368652,2811.58032,2647.785937,2647.785937,4829997
1/13/2021,2734.974365,2774.778867,2704.465526,2735.784849,1878124
1/14/2021,2752.088135,2771.48971,2708.612945,2745.795593,1159961
1/15/2021,2724.15332,2766.770308,2707.659433,2745.795481,882692
1/18/2021,2739.121582,2776.971562,2683.824314,2720.196476,2069601
1/19/2021,2749.132568,2792.512326,2719.243345,2753.422874,1447495
1/20/2021,2747.273682,2825.881576,2732.114461,2752.660306,1760329
1/21/2021,2790.224121,2817.300623,2760.144266,2761.04995,1451173
1/22/2021,2834.080566,2895.479512,2764.863545,2764.863545,3091826
1/25/2021,2735.83252,2888.757982,2718.385231,2888.757982,2024082
1/27/2021,2659.894043,2795.753721,2640.444751,2764.815897,2574644
1/28/2021,2668.045898,2698.125757,2610.746618,2650.45569,1430646
1/29/2021,2616.419189,2736.690668,2599.877584,2681.345677,2067268
2/1/2021,2710.376709,2734.402373,2572.800869,2647.595147,1847361
2/2/2021,2769.487793,2783.931729,2694.264293,2783.931729,2125895
2/3/2021,2780.976074,2810.626947,2737.69175,2769.487775,1349528
2/4/2021,2825.357178,2839.229214,2746.749283,2765.721877,1259327
2/5/2021,2795.515381,2850.669736,2769.821264,2834.652549,915838
2/8/2021,2831.983154,2846.856308,2793.561268,2797.27944,654484
2/9/2021,2810.293213,2877.365087,2799.233898,2853.816121,1127584
2/10/2021,2766.103271,2859.1551,2742.697223,2829.695092,2160932
2/11/2021,2686.827637,2708.422315,2575.42284,2621.853435,4481414
2/12/2021,2651.647461,2712.379079,2636.202406,2707.659789,1907486
2/15/2021,2640.969238,2678.104171,2629.480706,2665.709955,930514
2/16/2021,2599.877686,2648.691787,2566.98534,2640.969376,1525475
2/17/2021,2569.893311,2617.086677,2559.882596,2593.251643,1491311
2/18/2021,2526.703857,2586.434583,2502.678193,2575.232119,1924724
2/19/2021,2464.208496,2524.511126,2450.241261,2522.699757,1588781
2/22/2021,2366.675537,2469.309082,2335.832916,2465.590911,2189183
2/23/2021,2397.518066,2430.982543,2342.363944,2360.812118,1821712
2/24/2021,2417.634766,2443.424314,2383.502957,2412.152709,807585
2/25/2021,2433.032227,2439.706035,2399.7109,2435.940147,1351820
2/26/2021,2382.168701,2428.265517,2348.847138,2411.819343,1695786
3/1/2021,2437.036621,2449.192488,2380.785945,2405.431461,1283153
3/2/2021,2481.036133,2489.330677,2412.105176,2463.588843,1491743
3/3/2021,2477.9375,2504.442101,2451.289982,2484.372958,1289447
3/4/2021,2472.360352,2510.305772,2426.740236,2450.241487,1353079
3/5/2021,2467.163818,2511.449255,2440.706937,2464.351332,1153319
3/8/2021,2462.873535,2520.315955,2455.007976,2479.462622,950809
3/9/2021,2471.883301,2496.290465,2453.101343,2478.843176,677915
3/10/2021,2547.774414,2561.789367,2477.794617,2478.843452,1977416
3/12/2021,2514.595459,2573.229628,2488.472361,2573.229628,1109504
3/15/2021,2545.057129,2558.452464,2464.876217,2517.55164,839684
3/16/2021,2537.04834,2558.595068,2503.631581,2528.848996,654829
3/17/2021,2523.65332,2544.532716,2507.493214,2542.769064,634977
3/18/2021,2540.432861,2572.228651,2512.212093,2541.386263,1066000
3/19/2021,2537.477295,2552.255014,2478.843121,2520.792774,906718
3/22/2021,2552.112305,2566.556241,2526.561104,2543.67461,694227
3/23/2021,2576.805176,2589.437742,2541.767681,2554.161897,1134037
3/24/2021,2536.666748,2580.380285,2506.539411,2574.183177,1149589
3/25/2021,2460.204102,2527.466603,2429.266279,2512.736601,1119611
3/26/2021,2441.231445,2498.816784,2432.174134,2497.911099,676278
3/30/2021,2516.931396,2530.040663,2441.994203,2454.054635,980304
3/31/2021,2482.609131,2525.273837,2459.870651,2512.212286,829495
4/1/2021,2508.541504,2525.559809,2468.212819,2489.139929,744423
4/5/2021,2399.901611,2481.703486,2390.176965,2475.029677,1205767
4/6/2021,2370.727539,2434.033286,2362.575912,2416.681431,916830
4/7/2021,2419.922852,2428.503462,2373.968961,2383.502973,684434
4/8/2021,2434.033203,2474.076053,2429.266197,2439.27691,760845
4/9/2021,2404.096924,2455.008463,2397.804382,2431.173429,719036
4/12/2021,2314.095459,2393.037129,2283.538902,2373.969104,1050225
4/13/2021,2377.639893,2388.222507,2307.421748,2314.095557,720904
4/15/2021,2300.175781,2373.873506,2267.188007,2359.667922,1979939
4/16/2021,2321.38916,2354.805688,2302.464052,2302.464052,789681
4/19/2021,2259.894531,2274.815166,2210.079321,2264.327754,882318
4/20/2021,2230.958984,2292.40565,2210.842124,2288.020144,1040931
4/22/2021,2228.909424,2238.681788,2196.350628,2218.374292,834721
4/23/2021,2209.316895,2247.309797,2196.732044,2202.357018,962271
4/26/2021,2259.418213,2265.424455,2220.948376,2220.948376,1330072
4/27/2021,2288.258545,2294.836921,2256.414802,2259.418156,523800
4/28/2021,2403.715332,2421.639323,2297.84007,2314.858377,1681975
4/29/2021,2348.13208,2428.551577,2338.598067,2408.291798,1170842
4/30/2021,2308.804199,2355.139596,2301.510772,2328.206009,646257
5/3/2021,2284.587646,2303.655671,2257.177362,2271.47838,461085
5/4/2021,2257.653809,2304.227546,2246.308429,2286.637109,623484
5/5/2021,2261.849121,2275.959507,2246.73785,2266.23486,382620
5/6/2021,2329.397705,2333.878645,2266.23487,2273.671446,628779
5/7/2021,2304.513916,2342.554768,2291.118814,2335.833243,464237
5/10/2021,2333.210938,2335.832791,2304.89497,2314.047481,350564
5/11/2021,2356.045166,2362.432908,2298.173756,2298.173756,500446
5/12/2021,2341.982422,2369.202074,2324.535133,2349.180648,334233
5/14/2021,2302.654541,2343.078892,2288.162889,2340.790589,429170
5/17/2021,2368.582275,2373.921182,2297.744522,2304.370614,577279
5/18/2021,2452.005127,2463.493426,2376.448077,2383.503153,1022419
5/19/2021,2445.188232,2493.144364,2421.973051,2431.17328,1086010
5/20/2021,2412.677246,2461.681976,2403.715135,2445.474155,509274
5/21/2021,2404.76416,2440.230642,2396.421899,2431.17333,743110
5/24/2021,2432.317139,2458.821739,2408.863608,2422.592493,850202
5/25/2021,2502.72583,2511.258724,2445.474042,2445.474042,1018896
5/26/2021,2510.782471,2532.376918,2485.565051,2516.97958,1026040
5/27/2021,2482.704834,2552.255416,2468.499014,2525.560178,1507004
5/28/2021,2515.501709,2583.717621,2503.727342,2507.445514,2284342
5/31/2021,2551.44458,2560.835675,2493.525456,2515.501401,838679
6/1/2021,2541.577148,2577.99703,2488.377311,2488.377311,1126551
6/2/2021,2552.970215,2568.462985,2515.167948,2522.270741,659428
6/3/2021,2638.776123,2645.211581,2553.256084,2555.305803,1265747
6/4/2021,2616.705322,2645.688629,2597.160595,2638.490402,621362
6/7/2021,2626.095947,2667.521184,2617.181786,2622.091709,602326
6/8/2021,2635.010498,2649.502151,2617.086507,2636.154533,441932
6/9/2021,2601.879639,2645.163961,2591.439942,2637.298401,471760
6/10/2021,2578.998047,2626.620392,2565.602713,2601.879676,571287
6/11/2021,2618.420898,2624.284455,2584.527673,2594.585869,596669
6/14/2021,2617.038818,2642.685453,2584.670891,2612.319529,525550
6/15/2021,2634.724365,2657.177011,2612.939053,2617.086442,646742
6/16/2021,2613.320557,2648.214903,2597.351086,2622.806853,312868
6/17/2021,2549.156738,2643.686385,2540.52841,2593.251549,701970
6/18/2021,2581.381592,2588.484385,2520.98353,2549.2995,649498
6/21/2021,2572.705811,2614.226486,2537.954378,2537.954378,528922
6/22/2021,2591.5354,2630.768004,2572.27674,2574.183543,477522
6/23/2021,2601.450684,2634.247593,2582.382659,2594.204741,432919
6/24/2021,2580.618652,2607.552236,2568.462787,2601.450561,402741
6/25/2021,2594.014404,2598.018643,2557.975787,2575.137011,455803
6/28/2021,2612.748535,2624.666051,2586.196449,2596.58843,243077
6/29/2021,2579.045898,2620.900122,2574.183459,2612.31951,290136
6/30/2021,2546.677734,2598.018486,2540.957327,2581.381681,391735
7/1/2021,2550.634521,2582.764098,2543.579212,2555.115461,463026
7/2/2021,2537.000732,2565.698203,2518.886109,2549.394949,621222
7/5/2021,2575.18457,2593.251478,2546.677732,2550.968038,489159
7/6/2021,2584.813965,2603.881992,2567.938808,2577.997238,331769
7/7/2021,2584.527832,2611.27055,2571.132498,2589.962173,517132
7/8/2021,2602.118164,2609.459307,2579.0459,2579.0459,509968
7/9/2021,2585.76709,2636.154439,2560.883457,2612.319408,971880
7/12/2021,2583.240723,2616.08535,2578.950417,2593.251436,273843
7/13/2021,2580.571045,2616.943441,2574.183303,2598.018334,488409
7/14/2021,2574.18335,2587.530967,2562.361267,2583.192945,830881
7/15/2021,2543.197998,2585.004739,2528.420278,2583.717554,730937
7/16/2021,2495.289551,2546.820938,2486.279955,2543.197966,1037591
7/19/2021,2459.536621,2495.289164,2451.194361,2487.423605,561172
7/20/2021,2435.797363,2479.796739,2419.398675,2459.775312,890122
7/22/2021,2440.80249,2464.49437,2411.15162,2464.49437,1321161
7/23/2021,2430.839355,2457.868373,2423.545929,2446.379842,379798
7/26/2021,2443.758057,2464.542251,2421.639194,2426.215567,309303
7/27/2021,2451.528564,2476.936616,2424.165761,2446.523208,492846
7/28/2021,2431.554443,2456.438309,2405.431342,2456.438309,383896
7/29/2021,2410.341309,2440.659515,2400.664379,2431.173219,341346
7/30/2021,2412.343262,2444.234484,2392.083487,2410.341026,606230
8/2/2021,2481.321777,2493.143858,2417.157837,2439.562763,691444
8/3/2021,2525.845947,2531.184855,2466.544437,2488.186598,678468
8/4/2021,2518.695801,2554.82962,2512.689326,2534.140857,548192
8/5/2021,2604.835205,2628.52732,2518.886173,2526.513383,2173169
8/6/2021,2619.327148,2630.767964,2607.266482,2607.266482,799082
8/9/2021,2618.031738,2656.1654,2606.51969,2634.340474,516622
8/10/2021,2623.164551,2642.015439,2598.941279,2618.080015,733892
8/11/2021,2607.719238,2638.178205,2588.292653,2624.315824,361517
8/12/2021,2510.154541,2628.488679,2495.236796,2622.828682,2248827
8/13/2021,2443.240723,2522.002189,2420.648278,2470.293993,4134045
8/16/2021,2394.362305,2452.594037,2381.075388,2450.14768,1022752
8/17/2021,2413.356934,2436.716892,2370.714435,2392.587373,1298630
8/18/2021,2484.348145,2493.318043,2423.286409,2423.286409,1901521
8/20/2021,2495.860107,2524.784271,2418.729472,2436.717049,2187864
8/23/2021,2440.554199,2515.814167,2431.920163,2513.463837,1271399
8/24/2021,2444.295654,2470.293791,2415.61156,2453.40936,1277071
8/25/2021,2474.61084,2478.208355,2437.86817,2454.944423,721584
8/26/2021,2473.891357,2479.887216,2442.952726,2460.220799,440543
8/27/2021,2471.349121,2481.422164,2444.008006,2465.68889,541875
8/30/2021,2450.099854,2502.143911,2442.281347,2475.762131,926194
8/31/2021,2570.304932,2588.196482,2441.513876,2450.147913,2381821
9/1/2021,2593.23291,2654.486699,2553.804282,2571.024342,1997385
9/2/2021,2622.061279,2636.067701,2577.308277,2593.089333,898434
9/3/2021,2688.639404,2740.827271,2602.68267,2627.289583,2305890
9/6/2021,2729.218994,2770.566532,2688.639208,2688.639208,1197932
9/7/2021,2708.353271,2762.891696,2691.900729,2729.21886,545226
9/8/2021,2686.144775,2708.353343,2649.929788,2689.118815,616049
9/9/2021,2703.604736,2717.754964,2659.283393,2684.226167,456149
9/13/2021,2690.94165,2700.535025,2664.128214,2700.535025,287427
9/14/2021,2705.619385,2753.298408,2695.402301,2704.180379,672701
9/15/2021,2726.388916,2735.98229,2687.295916,2705.619355,412751
9/16/2021,2743.896729,2766.153309,2727.923855,2751.379607,570872
9/17/2021,2780.6875,2815.607288,2747.830194,2748.789531,1375879
9/20/2021,2698.616455,2742.314326,2644.557692,2739.963996,1190719
9/21/2021,2738.332764,2743.60912,2675.400367,2695.738274,595121
9/22/2021,2727.252441,2762.412064,2710.128175,2743.704984,424342
9/23/2021,2740.875244,2759.726132,2727.780147,2735.646902,452680
9/24/2021,2811.817871,2828.17462,2745.143923,2745.143923,806905
9/27/2021,2762.268311,2872.256253,2751.715599,2844.435467,1331462
9/28/2021,2765.817627,2824.912668,2748.021872,2764.810276,838118
9/29/2021,2727.636475,2772.485505,2719.72194,2753.298754,386614
9/30/2021,2676.74292,2731.089519,2658.851373,2727.395977,861344
10/1/2021,2659.715088,2680.484884,2640.288504,2673.673495,411006
10/4/2021,2634.244629,2658.324093,2597.885833,2647.771381,874865
10/5/2021,2647.867432,2675.592191,2618.079957,2618.99128,452282
10/6/2021,2617.984131,2670.31604,2603.25844,2657.364984,589264
10/7/2021,2706.24292,2742.649729,2634.436653,2642.974662,897524
10/8/2021,2703.36499,2756.128551,2700.055323,2724.518428,572893
10/11/2021,2735.790527,2780.783359,2713.246098,2714.924938,622401
10/12/2021,2791.28833,2814.120374,2736.078413,2743.705099,786357
10/13/2021,2787.594727,2839.398948,2739.148187,2792.631248,687451
10/14/2021,2737.181396,2804.670876,2729.314877,2786.87512,497012
10/18/2021,2711.423584,2763.851284,2698.472528,2763.851284,360160
10/19/2021,2593.760498,2727.108397,2577.979445,2727.108397,999095
10/20/2021,2543.395264,2600.763687,2509.914482,2595.007663,1159620
10/21/2021,2555.051514,2588.292463,2490.823683,2568.146376,816204
10/22/2021,2506.317139,2582.536453,2495.044923,2582.536453,519029
10/25/2021,2457.582764,2517.445328,2429.042474,2496.675766,457696
10/26/2021,2484.924072,2506.749001,2467.368148,2474.994835,677512
10/27/2021,2478.832031,2505.309839,2467.559816,2486.602759,430370
10/28/2021,2424.725342,2484.635917,2416.331139,2478.831879,1332301
10/29/2021,2383.761719,2427.123724,2371.050498,2427.123724,1628906
11/1/2021,2455.904053,2462.667429,2377.334403,2388.750426,1071806
11/2/2021,2439.067383,2468.375188,2423.286329,2454.944464,657518
11/3/2021,2419.305176,2455.903805,2403.332067,2437.004904,930846
11/4/2021,2553.372803,2586.613754,2447.269981,2475.090768,1389327
11/8/2021,2601.003662,2664.080099,2571.935691,2613.954718,3081804
11/9/2021,2613.475098,2631.990358,2590.882653,2591.362322,726392
11/10/2021,2635.060303,2653.095895,2599.804649,2609.398024,861635
11/11/2021,2594.384277,2631.366548,2577.211997,2618.991189,533140
11/12/2021,2612.275879,2629.879815,2587.860788,2614.194554,879209
11/15/2021,2575.19751,2657.364667,2570.400823,2604.601108,686532
11/16/2021,2600.092285,2627.76903,2542.292205,2575.245305,1233796
11/17/2021,2565.460205,2637.746377,2554.667659,2618.943269,848875
11/18/2021,2497.443115,2588.915796,2470.29382,2566.22756,823299
11/22/2021,2444.439697,2497.15524,2414.556197,2494.277228,1013413
11/23/2021,2493.509521,2504.781735,2403.811482,2432.87945,611137
11/24/2021,2433.791016,2511.497346,2422.32698,2493.50977,455215
11/25/2021,2417.914063,2441.513858,2395.513673,2441.513858,525539
11/26/2021,2334.931641,2404.196001,2323.035948,2393.54726,554629
11/29/2021,2315.265137,2348.074668,2269.121141,2334.931556,342547
11/30/2021,2274.061523,2347.498856,2264.036493,2317.567573,1101715
12/1/2021,2339.152344,2381.506995,2288.067629,2312.003049,1691658
12/2/2021,2351.86377,2363.375819,2328.120168,2340.783375,363180
12/3/2021,2355.700928,2395.609222,2345.627885,2350.376558,659154
12/6/2021,2344.716553,2371.338165,2325.481792,2359.969923,537938
12/7/2021,2371.290283,2387.551006,2341.934464,2355.269395,262328
12/8/2021,2403.667969,2414.604322,2364.766789,2364.766789,404128
12/9/2021,2439.547119,2446.406522,2374.360186,2403.667992,831115
12/10/2021,2424.869141,2448.229101,2414.172622,2429.234173,325670
12/13/2021,2395.177734,2453.601525,2380.116183,2451.011126,403776
12/14/2021,2386.303711,2391.004605,2351.33591,2376.278682,395362
12/15/2021,2391.964111,2406.162118,2374.360176,2379.156863,314822
12/16/2021,2370.666748,2407.505448,2332.341262,2400.262403,680394
12/17/2021,2359.010742,2389.70954,2316.847909,2365.726104,670901
12/20/2021,2308.597656,2339.200663,2264.420118,2321.596726,475319
12/21/2021,2318.382813,2338.720954,2292.960369,2318.718674,333858
12/22/2021,2385.728516,2393.547022,2326.393399,2326.393399,625661
12/23/2021,2379.396484,2402.132733,2369.803111,2398.343397,326496
12/24/2021,2338.768555,2402.900354,2333.348392,2384.145261,265892
12/27/2021,2339.776123,2348.698009,2293.440075,2346.539499,345113
12/28/2021,2379.540283,2416.906661,2352.295196,2356.756021,632949
12/29/2021,2458.0625,2467.128192,2369.563616,2370.522953,693263
12/30/2021,2453.025879,2486.410869,2436.908963,2458.062401,797282
12/31/2021,2486.506836,2498.306734,2444.919695,2453.985388,406763
1/3/2022,2608.246582,2622.444822,2513.560027,2513.560027,2457647
1/4/2022,2595.007568,2614.098288,2576.30049,2604.600942,736616
1/5/2022,2665.615234,2676.551588,2581.577177,2581.577177,1040082
1/6/2022,2702.597412,2713.437972,2609.397872,2636.259321,1056323
1/7/2022,2709.55249,2718.378582,2671.514856,2710.128186,572036
1/10/2022,2701.014404,2735.070881,2684.945503,2705.379436,493242
1/11/2022,2680.724609,2713.965557,2668.301002,2699.575496,334700
1/12/2022,2701.397949,2713.869335,2676.599219,2688.063254,440995
1/13/2022,2717.514893,2722.599427,2680.868252,2695.881788,266122
1/14/2022,2705.043701,2729.314985,2684.945629,2722.599623,324014
1/17/2022,2728.643311,2762.891608,2689.981968,2689.981968,680219
1/18/2022,2624.987061,2743.033579,2614.194514,2743.033579,1221493
1/19/2022,2608.150879,2635.108357,2576.252906,2624.987299,769880
1/20/2022,2622.636719,2643.933963,2601.819143,2614.194503,521734
1/21/2022,2600.859619,2642.015098,2559.703906,2612.755309,459191
1/24/2022,2548.384033,2618.175836,2514.903248,2585.606375,465912
1/25/2022,2582.536377,2598.7971,2488.185446,2515.478784,687092
1/27/2022,2536.344238,2580.617565,2465.736913,2580.617565,985827
1/28/2022,2504.781982,2635.299885,2493.22192,2547.232663,871638
1/31/2022,2537.927246,2571.983726,2525.8395,2537.35155,416447
2/1/2022,2515.574707,2575.341479,2491.063587,2550.590525,671852
2/2/2022,2561.191162,2611.844226,2515.574619,2515.574619,1042951
2/3/2022,2562.246338,2599.660496,2532.650686,2566.323522,664625
2/4/2022,2524.400391,2569.009581,2509.626688,2567.33074,380540
2/7/2022,2495.57251,2538.50286,2457.53464,2524.49644,448637
2/8/2022,2483.868408,2537.447497,2476.721391,2508.667374,386391
2/9/2022,2518.884277,2529.676824,2482.14184,2493.270014,677550
2/10/2022,2532.986816,2555.675054,2509.1952,2519.028409,558179
2/11/2022,2492.502686,2518.644633,2477.34534,2518.260992,731373
2/14/2022,2466.264404,2492.070484,2398.679138,2460.700201,675126
2/15/2022,2613.235352,2626.666077,2387.263356,2436.717251,2216629
2/16/2022,2596.398926,2627.049712,2571.120523,2597.885946,804882
2/17/2022,2612.036133,2650.409632,2590.307232,2618.943316,572432
2/18/2022,2589.491699,2628.296854,2578.699153,2593.281035,311304
2/21/2022,2589.251709,2608.294651,2559.991918,2578.698997,273281
2/22/2022,2614.674072,2618.991091,2513.511991,2523.057351,575201
2/23/2022,2596.590576,2636.738942,2588.196374,2622.732521,479284
2/24/2022,2510.72998,2581.816981,2482.333732,2523.345409,775965
2/25/2022,2521.522461,2566.22768,2506.269089,2528.046002,515028
2/28/2022,2484.492188,2508.619431,2439.355313,2494.277383,815191
3/2/2022,2406.114014,2474.130936,2394.745773,2470.101766,630235
3/3/2022,2311.523682,2435.757887,2303.705175,2435.757887,558686
3/4/2022,2244.130127,2303.273187,2206.476132,2302.409877,862528
3/7/2022,2167.766602,2203.83778,2101.956198,2139.322342,1513430
3/8/2022,2164.313232,2172.371573,2071.737171,2159.468532,1533255
3/9/2022,2199.808594,2214.486502,2128.769615,2182.492507,1577642
3/10/2022,2209.354004,2296.126024,2198.561458,2278.426296,1021481
3/11/2022,2197.602295,2220.866228,2163.449788,2196.882792,621070
3/14/2022,2219.475098,2226.38228,2144.886615,2196.882655,681806
3/15/2022,2211.512451,2259.191471,2187.38521,2225.662677,611025
3/16/2022,2262.021729,2277.323349,2227.965248,2243.602496,758341
3/17/2022,2337.857422,2362.84821,2278.71436,2282.167834,1229513
3/21/2022,2282.02417,2349.369618,2275.548642,2349.369618,480116
3/22/2022,2283.606689,2307.014663,2234.29684,2282.023876,661123
3/23/2022,2296.749756,2315.552628,2266.914269,2295.694391,439287
3/24/2022,2273.293701,2291.089456,2254.442816,2288.019623,568611
3/25/2022,2241.827881,2292.672767,2230.507652,2288.019887,446420
3/28/2022,2283.2229,2289.6024,2221.057793,2254.44278,690955
3/29/2022,2379.636719,2391.580424,2264.084561,2281.784292,1317033
3/30/2022,2385.44043,2415.803364,2345.052232,2386.927449,1198770
3/31/2022,2357.23584,2393.546855,2337.281809,2382.850336,840572
4/1/2022,2380.308105,2393.307175,2323.515374,2357.235992,745769
4/4/2022,2406.929688,2415.707766,2355.701161,2393.546977,660191
4/5/2022,2440.026611,2494.277187,2407.936823,2422.326884,1240010
4/6/2022,2427.794922,2451.538521,2419.496748,2428.08277,469837
4/7/2022,2435.181885,2473.075711,2409.855472,2420.408183,451071
4/8/2022,2451.299072,2469.190857,2413.309449,2444.391889,800707
4/11/2022,2442.0896,2460.700653,2436.717216,2446.214563,332108
4/12/2022,2419.25708,2434.414658,2394.554142,2430.960949,359805
4/13/2022,2390.141357,2451.107302,2378.725335,2427.123865,383935
4/18/2022,2408.896484,2428.179262,2356.276728,2379.157022,322926
4/19/2022,2355.029541,2470.19781,2322.651903,2413.69293,636517
4/20/2022,2433.647217,2473.65154,2365.150384,2379.156804,1193877
4/21/2022,2543.683105,2565.699852,2438.347813,2446.31036,1090334
4/22/2022,2524.496582,2529.772938,2477.009377,2523.9689,829575
4/25/2022,2488.665039,2542.244127,2475.090508,2503.870631,630796
4/26/2022,2541.572754,2557.161987,2506.748758,2506.748758,616251
4/27/2022,2547.472656,2564.261062,2499.074127,2518.260877,499338
4/28/2022,2570.976318,2594.048431,2557.593608,2574.813668,739026
4/29/2022,2523.393311,2597.549907,2513.464074,2574.86167,479794
5/2/2022,2448.70874,2519.939543,2419.017294,2518.164675,497152
5/4/2022,2382.226563,2457.822396,2355.748991,2420.408238,515077
5/5/2022,2334.595703,2426.356237,2321.54862,2392.635619,477759
5/6/2022,2266.386719,2319.869782,2255.738214,2312.003261,407390
5/9/2022,2248.974854,2274.061434,2216.069532,2249.598329,403218
5/10/2022,2317.327637,2342.414217,2240.004944,2248.974843,841473
5/11/2022,2292.000977,2334.643714,2257.321021,2298.812366,459255
5/12/2022,2287.684082,2303.369344,2237.318863,2272.670544,419477
5/13/2022,2333.731934,2382.034663,2300.347181,2302.409662,650616
5/16/2022,2511.497559,2521.522589,2393.211198,2417.43447,2801368
5/17/2022,2596.638672,2604.313372,2494.421218,2503.870786,1462487
5/18/2022,2586.373779,2657.268724,2574.286034,2589.251792,1173271
5/19/2022,2542.723877,2626.665903,2515.38276,2515.38276,1592952
5/20/2022,2597.694092,2609.397962,2544.30682,2584.407174,687007
5/23/2022,2629.831543,2654.966135,2604.648937,2610.356948,892535
5/24/2022,2608.726318,2657.268652,2592.225761,2634.292567,481731
5/25/2022,2576.924072,2638.034052,2564.308879,2622.828461,556605
5/26/2022,2614.290527,2627.529197,2555.626903,2590.307092,854405
5/27/2022,2630.599365,2652.5681,2618.70344,2624.939134,404877
5/30/2022,2646.28418,2682.307346,2631.318657,2643.262361,589423
5/31/2022,2667.67749,2704.036284,2606.711551,2657.364613,1766731
6/1/2022,2658.995361,2703.412729,2640.096462,2657.508342,358924
6/2/2022,2612.803467,2672.090566,2604.649099,2664.463646,558032
6/3/2022,2576.060791,2654.150763,2553.276527,2629.543852,808873
6/6/2022,2545.218506,2586.373992,2530.780429,2573.902604,906875
6/7/2022,2540.229736,2548.767981,2504.446634,2522.481992,453936
6/8/2022,2541.428711,2566.035857,2512.648587,2552.892981,260633
6/9/2022,2605.560547,2613.666902,2514.423488,2532.6509,531562
6/10/2022,2602.538574,2625.658465,2563.589382,2563.589382,666106
6/13/2022,2590.97876,2613.763025,2557.785589,2575.82118,556912
6/14/2022,2612.036133,2640.240561,2567.378926,2580.042134,739832
6/15/2022,2609.493652,2639.233111,2594.000213,2632.421722,339705
6/16/2022,2544.642578,2637.218642,2524.256657,2625.226924,542478
6/17/2022,2498.88208,2558.264971,2479.935167,2522.577667,836170
6/20/2022,2516.582031,2553.660331,2494.229421,2494.277435,717655
6/21/2022,2592.897461,2600.763982,2525.120126,2534.761514,1177839
6/22/2022,2554.475586,2602.682289,2534.665363,2589.251566,273509
6/23/2022,2704.420166,2710.128177,2556.730219,2556.730219,1338537
6/24/2022,2760.877197,2791.240369,2716.795688,2722.455919,1078547
6/27/2022,2732.480957,2791.624018,2720.681059,2790.712694,532402
6/28/2022,2747.350586,2768.743858,2704.132388,2712.718411,770778
6/29/2022,2769.223389,2804.095162,2714.924799,2733.248237,856258
6/30/2022,2680.724609,2791.671888,2670.843387,2762.843752,928852
7/1/2022,2669.644287,2695.546398,2638.561613,2662.161408,367512
7/4/2022,2682.691162,2691.421227,2634.100814,2680.197025,443843
7/5/2022,2691.517334,2728.259772,2676.551576,2700.535013,616329
7/6/2022,2789.705322,2801.265386,2692.860252,2695.738265,1058465
7/7/2022,2824.481201,2837.720104,2798.770911,2823.330043,650305
7/8/2022,2812.393555,2861.559595,2777.281713,2831.963944,617742
7/11/2022,2922.957275,2928.90512,2789.657155,2809.899268,1346332
7/12/2022,2833.930664,2914.94666,2821.890933,2914.94666,1069397
7/13/2022,2846.737793,2873.167586,2822.370716,2835.321771,768270
7/14/2022,2834.938477,2884.584195,2782.894415,2856.811185,901976
7/15/2022,2910.629883,2921.470443,2825.920337,2848.656589,536541
7/18/2022,2913.028076,2952.840579,2889.524309,2931.591349,568164
7/19/2022,2952.552734,2963.393294,2892.402325,2897.199012,728004
7/20/2022,2921.182373,2984.498641,2904.873637,2962.433881,432912
7/21/2022,2955.9104,2966.367319,2907.751709,2928.857132,469152
7/22/2022,3019.610596,3049.733697,2952.456975,2959.699786,1461794
7/25/2022,2961.187012,3025.654445,2943.343475,3012.319747,623585
7/26/2022,2900.36499,2972.890762,2885.639067,2964.352752,676813
7/27/2022,2933.078369,2938.498767,2890.963547,2900.365101,527215
7/28/2022,2929.81665,2954.759425,2907.847916,2940.46539,486390
7/29/2022,2967.662354,3017.116245,2941.712229,2957.637324,570564
8/1/2022,2962.817627,3046.424025,2947.468228,2983.443382,891876
8/2/2022,2994.043945,3019.994068,2794.597798,2930.775692,1843785
8/3/2022,3010.592773,3041.099752,2945.693688,3001.766916,1218915
8/4/2022,3017.883789,3066.522151,2974.905425,3022.872297,928111
8/5/2022,2963.968994,3050.501183,2941.328537,3023.831556,518285
8/8/2022,2990.015137,3017.212448,2947.228591,2964.352859,595708
8/10/2022,3026.277832,3040.476072,2990.590528,3004.644727,814819
8/11/2022,3047.287354,3133.148054,3011.552034,3123.602693,2187872
8/12/2022,3100.112305,3110.976677,3023.675505,3069.064437,1327610
8/16/2022,3223.628418,3227.442973,3100.933389,3107.693443,1700743
8/17/2022,3281.137207,3315.613436,3220.779581,3224.545803,1654567
8/18/2022,3294.463867,3320.152166,3259.021918,3283.454731,591901
8/19/2022,3306.72876,3341.398085,3277.950197,3295.091763,1151041
8/22/2022,3247.964355,3297.9888,3215.950767,3284.420359,928071
8/23/2022,3345.985107,3360.712367,3223.724615,3245.791456,1604447
8/24/2022,3332.416748,3354.435256,3276.742971,3337.583455,856684
8/25/2022,3362.112793,3393.257327,3291.953184,3336.569493,1244869
8/26/2022,3240.093994,3335.410709,3226.573886,3322.083698,1742915
8/29/2022,3178.770508,3224.352537,3131.498229,3176.259536,1436918
8/30/2022,3243.618652,3281.137045,3203.29976,3207.935273,1236651
9/1/2022,3294.657227,3317.15836,3129.904961,3129.904961,1592544
9/2/2022,3304.797363,3350.089631,3297.940643,3332.706635,1038097
9/5/2022,3283.9375,3328.843571,3263.222811,3326.863794,561306
9/6/2022,3293.449951,3306.728628,3283.454635,3295.043298,355149
9/7/2022,3267.665039,3301.803405,3245.501767,3245.501767,662832
9/8/2022,3308.322021,3344.778026,3284.034208,3284.034208,640524
9/9/2022,3354.097168,3363.609624,3309.577527,3341.398018,567370
9/12/2022,3417.641846,3431.210287,3346.323417,3364.575469,761569
9/13/2022,3401.272949,3459.312937,3390.167146,3433.141776,528699
9/14/2022,3420.394043,3441.78469,3333.672165,3333.672165,508971
9/15/2022,3498.086426,3546.131094,3431.548276,3437.535705,1625125
9/16/2022,3427.347412,3515.614309,3409.191791,3510.399505,957393
9/19/2022,3467.18335,3509.143923,3373.701414,3428.264707,517408
9/20/2022,3584.325684,3610.110415,3495.913784,3500.404297,854400
9/21/2022,3555.83667,3657.430575,3545.503492,3592.485772,883098
9/22/2022,3620.250488,3631.018195,3544.586072,3553.857098,659825
9/23/2022,3562.017334,3645.069428,3526.237286,3634.97768,436539
9/26/2022,3395.043945,3544.151324,3353.179803,3544.054894,979894
9/27/2022,3448.158447,3491.084739,3367.762097,3422.325386,651919
9/28/2022,3503.929199,3540.047108,3408.032957,3408.032957,670814
9/29/2022,3499.873291,3552.167044,3481.427906,3521.698467,578779
9/30/2022,3545.744873,3567.183854,3461.00277,3499.72808,517861
10/3/2022,3344.633301,3652.263848,3326.863875,3651.394792,2180504
10/4/2022,3433.141602,3457.187984,3396.10607,3403.204221,961129
10/6/2022,3410.30249,3473.557281,3399.341451,3437.970331,530684
10/7/2022,3378.626709,3428.313058,3348.689327,3410.302437,458833
10/10/2022,3410.543945,3420.58736,3332.996421,3342.363877,412736
10/11/2022,3291.180664,3428.940817,3276.211973,3427.492234,661794
10/12/2022,3339.659668,3349.751415,3261.243091,3307.646079,660964
10/13/2022,3352.214111,3433.093328,3326.912242,3348.930751,753969
10/14/2022,3358.008545,3433.045098,3350.862296,3423.146448,387253
10/17/2022,3394.2229,3404.169884,3346.51633,3351.055176,492114
10/18/2022,3488.670654,3497.845013,3408.950258,3411.219799,522357
10/19/2022,3488.477295,3558.68523,3476.743632,3505.473859,645494
10/20/2022,3525.99585,3534.542584,3437.970382,3473.702097,515240
10/21/2022,3505.087891,3558.395696,3445.695989,3525.995677,532326
10/24/2022,3516.386719,3558.588721,3506.150208,3558.588721,63729
10/25/2022,3583.456055,3596.348537,3524.885113,3550.959605,571186
10/27/2022,3583.456055,3612.814143,3535.508054,3612.814143,583285
10/28/2022,3617.353027,3643.765617,3570.418846,3593.451409,478514
10/31/2022,3718.464355,3731.646603,3629.183401,3635.460594,678149
11/1/2022,3668.198242,3756.320372,3623.340504,3756.320372,746053
11/2/2022,3601.370117,3717.836274,3568.342475,3717.836274,1177767
11/3/2022,3549.269775,3618.560329,3523.291948,3571.239951,738117
11/4/2022,3541.205811,3601.177239,3520.056594,3568.342692,631943
11/7/2022,3626.430664,3635.94312,3553.856754,3554.049852,505944
11/9/2022,3604.991943,3661.969542,3569.598326,3661.969542,490411
11/10/2022,3573.992432,3611.220827,3511.461931,3611.220827,442138
11/11/2022,3399.003174,3610.834378,3380.992554,3602.142881,2463500
11/14/2022,3396.058105,3442.798956,3378.095582,3416.000171,659139
11/15/2022,3387.704346,3435.942111,3380.026903,3399.341343,552511
11/16/2022,3382.972412,3460.954462,3340.239215,3394.561076,1048177
11/17/2022,3323.870117,3380.026753,3303.783054,3380.026753,889808
11/18/2022,3274.038818,3339.031952,3260.325614,3331.644038,868754
11/21/2022,3262.78833,3294.077627,3249.654417,3274.231994,631291
11/22/2022,3259.360107,3291.132267,3239.031612,3264.574912,461525
11/23/2022,3265.009277,3301.755045,3259.311612,3275.680552,738556
11/24/2022,3261.581055,3286.255061,3231.595342,3281.378354,407602
11/25/2022,3297.071533,3304.942073,3235.168659,3277.901857,512690
11/28/2022,3323.435791,3331.258234,3285.483103,3296.685337,435882
11/29/2022,3299.00293,3345.985209,3288.283321,3332.127005,456872
11/30/2022,3365.05835,3384.37279,3299.920447,3302.576183,1151772
12/1/2022,3319.621094,3380.027053,3312.426512,3369.983638,518865
12/2/2022,3217.641113,3317.255249,3211.025823,3317.255249,1453049
12/5/2022,3229.760498,3244.825855,3212.087974,3214.019418,518257
12/6/2022,3186.592773,3223.579972,3165.829751,3220.682807,944559
12/7/2022,3148.108887,3210.928913,3142.459319,3186.641099,943407
12/8/2022,3208.418213,3215.854225,3163.705238,3172.300069,862490
12/9/2022,3243.087402,3247.722915,3212.135967,3220.6827,660249
12/12/2022,3206.631592,3238.017557,3174.328238,3226.477226,541993
12/13/2022,3199.437012,3227.587714,3187.896681,3192.676958,584450
12/14/2022,3253.90332,3268.968676,3211.025362,3214.888249,676995
12/15/2022,3190.262451,3266.409721,3183.550731,3252.551517,338209
12/16/2022,3178.625732,3232.561402,3167.568262,3177.225483,771552
12/19/2022,3272.735107,3292.629074,3169.644287,3179.156742,890120
12/20/2022,3199.871582,3262.59518,3178.19117,3254.483209,711013
12/21/2022,3161.049316,3235.168475,3150.184945,3215.854036,485199
12/22/2022,3096.152832,3183.164236,3086.978474,3161.77359,613152
12/23/2022,3006.920166,3090.310354,2998.615098,3080.7498,581956
12/26/2022,3052.888428,3117.977991,2982.342394,3008.223789,530294
12/27/2022,3092.048828,3103.009632,3042.02438,3066.119097,422130
12/28/2022,3101.4646,3122.758817,3066.74694,3078.866563,318724
12/29/2022,3168.726807,3371.093888,3054.81995,3072.009848,881072
12/30/2022,3117.109131,3184.9511,3106.96905,3177.225324,663451
1/2/2023,3118.171631,3138.548224,3093.497386,3116.384951,381581
1/3/2023,3103.299072,3128.939037,3096.104491,3118.171331,323237
1/4/2023,3105.037598,3131.691619,3078.81834,3113.487665,372617
1/5/2023,3146.032471,3154.917066,3092.772997,3118.316297,383751
1/6/2023,3139.176025,3166.457672,3126.090445,3148.253718,242107
1/9/2023,3150.716064,3162.835922,3118.509144,3154.916813,391801
1/10/2023,3058.9729,3153.855091,3036.374863,3150.1853,607830
1/11/2023,3029.711426,3065.684571,2990.55135,3058.97285,856148
1/12/2023,2996.876709,3044.873044,2988.909503,3042.024211,690116
1/13/2023,3053.661133,3086.447346,2955.109161,2998.566649,964656
1/16/2023,3031.449707,3070.899309,2993.738216,3047.38412,653373
1/17/2023,3070.947754,3082.584752,3017.881375,3043.95587,495809
1/18/2023,3068.678467,3082.58477,3042.024444,3062.304607,330814
1/19/2023,3058.151855,3071.044339,3027.586848,3054.627064,320900
1/20/2023,3042.50708,3085.385041,3033.429388,3066.167268,389881
1/23/2023,3093.545654,3114.067247,3037.919973,3057.765607,424691
1/24/2023,3115.950195,3123.965735,3069.402445,3109.045142,367438
1/25/2023,3103.685791,3124.110717,3074.23127,3115.950413,353061
1/27/2023,3061.097412,3153.034102,3020.778517,3119.233831,627913
1/30/2023,3082.053467,3099.967657,2992.820847,3051.778223,656403
1/31/2023,3151.489014,3164.671025,3068.098824,3091.324485,612164
2/1/2023,3189.876465,3239.94901,3128.939312,3167.568192,885327
2/2/2023,3107.017578,3206.873143,3075.824709,3153.082472,613267
2/3/2023,3203.01001,3211.025549,3089.875775,3122.565323,500037
2/6/2023,3148.929443,3186.930696,3110.252233,3182.053753,346025
2/7/2023,3162.449707,3185.916798,3128.987535,3164.719248,447240
2/8/2023,3117.350586,3165.588352,3093.207536,3162.739519,378309
2/9/2023,3126.186768,3138.161861,3085.481681,3125.124615,265006
2/10/2023,3102.237061,3131.160386,3088.52362,3114.501682,328745
2/13/2023,3141.155762,3159.842578,3106.920962,3114.453641,405135
2/14/2023,3066.843262,3186.882552,3037.195644,3150.136783,1519235
2/15/2023,3197.650146,3227.39443,3093.207412,3093.207412,2093492
2/16/2023,3176.356445,3229.374491,3156.027949,3215.806049,679170
2/17/2023,3172.396729,3183.985392,3129.132336,3174.376506,491317
2/20/2023,3177.708252,3220.682881,3168.002699,3186.882611,515895
2/21/2023,3161.918701,3185.047932,3153.130772,3177.22549,494115
2/22/2023,3138.306641,3158.055608,3104.892802,3157.910844,570379
2/23/2023,3130.82251,3162.594906,3110.494014,3153.08245,527729
2/24/2023,3095.71875,3138.500049,3056.51034,3138.500049,684029
2/27/2023,3023.723877,3095.525165,2995.717939,3090.310361,482530
2/28/2023,2999.436035,3071.961856,2985.191635,3024.641475,974100
3/1/2023,3031.208252,3036.133293,2980.894042,2999.532523,522394
3/2/2023,3018.364014,3050.667366,2991.130701,3046.949478,970565
3/3/2023,3020.102295,3042.893191,3007.113382,3033.477402,337278
3/6/2023,3057.668945,3060.469681,3025.027495,3030.435632,362693
3/8/2023,3094.55957,3101.464624,3042.121053,3057.475939,657256
3/9/2023,3038.837402,3109.57654,3034.395223,3100.933375,419727
3/10/2023,3009.286377,3039.320189,2989.054313,3027.490095,362000
3/13/2023,2929.420898,3015.901347,2921.308928,3010.155349,351244
3/14/2023,2913.486572,2945.452064,2883.162996,2929.420985,727498
3/15/2023,2903.829346,2954.867847,2899.097402,2940.43035,288927
3/16/2023,2931.400635,2975.389317,2893.302951,2918.121958,439612
3/17/2023,2872.636475,2953.177587,2841.395277,2947.383256,692626
3/20/2023,2850.811279,2887.412048,2809.526665,2872.63669,561183
3/21/2023,2834.200928,2873.022904,2826.668249,2865.104031,490092
3/22/2023,2845.548096,2867.13184,2831.35203,2848.396928,222875
3/23/2023,2827.344238,2848.879886,2813.003408,2841.347207,379191
3/24/2023,2809.864746,2830.531102,2787.701238,2824.73677,542971
3/27/2023,2786.63916,2828.599734,2772.587858,2813.727709,375285
3/28/2023,2754.625244,2795.571997,2738.787498,2795.571997,1079359
3/29/2023,2833.138428,2846.755201,2752.307548,2760.516185,765293
3/31/2023,2847.769287,2861.772255,2820.873836,2822.901947,546110
4/3/2023,2901.318359,2945.451803,2878.913658,2945.451803,1170652
4/5/2023,2833.187012,2905.857595,2822.032875,2879.7831,1033837
4/6/2023,2860.178467,2868.194006,2825.702243,2847.624082,586845
4/10/2023,2868.628906,2884.611653,2849.990424,2877.851599,416883
4/11/2023,2949.508057,2954.143569,2868.62884,2868.62884,618391
4/12/2023,3021.116211,3037.195386,2930.965977,2930.965977,746284
4/13/2023,3102.912842,3120.682031,3024.641034,3032.366809,1337741
4/17/2023,3118.316162,3142.459211,3096.104557,3124.110494,539975
4/18/2023,3151.682129,3165.636765,3105.617236,3117.978289,577513
4/19/2023,3176.839111,3186.882526,3146.418869,3152.068201,646164
4/20/2023,3135.650879,3195.28421,3109.673052,3195.28421,483671
4/21/2023,3090.986572,3148.205605,3084.612948,3128.939497,443737
4/24/2023,3073.699951,3107.162123,3049.846666,3094.17321,379317
4/25/2023,3107.64502,3135.216429,3047.963354,3066.167307,574542
4/26/2023,3137.003174,3167.568181,3114.984665,3119.282081,881684
4/27/2023,3151.682129,3158.297183,3125.317871,3136.954868,464406
4/28/2023,3187.944824,3191.711046,3153.420264,3162.739387,416242
5/2/2023,3241.10791,3267.810266,3211.025763,3212.908874,838718
5/3/2023,3233.575195,3252.454871,3207.355703,3252.454871,577763
5/4/2023,3224.835205,3266.506011,3207.162447,3226.476885,325535
5/5/2023,3240.093994,3275.777375,3210.784237,3224.835539,518154
5/8/2023,3276.598145,3290.601114,3244.922651,3255.448927,322909
5/9/2023,3265.975098,3293.11198,3255.786919,3293.11198,347387
5/10/2023,3299.630615,3305.47328,3239.804185,3280.171411,386746
5/11/2023,3288.573242,3307.453155,3270.948815,3307.453155,408412
5/12/2023,3502.046143,3522.471069,3394.464568,3399.341511,3665298
5/15/2023,3533.093994,3578.000068,3505.570917,3505.570917,1269701
5/16/2023,3508.661133,3558.68558,3486.25643,3543.234028,1035562
5/17/2023,3504.363525,3511.654773,3461.340565,3499.776346,755786
5/18/2023,3453.56665,3524.836981,3448.062082,3511.365207,1235091
5/19/2023,3448.496582,3456.319025,3391.13279,3443.909403,762689
5/22/2023,3423.918945,3454.194424,3406.101422,3447.579134,303121
5/23/2023,3478.144287,3484.03505,3409.046834,3423.918858,374270
5/24/2023,3487.125244,3499.776296,3456.222142,3476.598969,374043
5/25/2023,3526.333984,3556.029937,3483.262688,3487.125576,725887
5/26/2023,3563.852295,3570.757113,3486.256438,3523.919596,394991
5/29/2023,3584.22876,3590.747383,3544.199631,3573.17129,516724
5/30/2023,3552.263672,3595.189968,3544.585993,3584.228929,598100
5/31/2023,3546.082764,3599.245806,3530.920976,3552.263526,1188672
6/1/2023,3588.671387,3605.040328,3560.617115,3586.401846,622442
6/2/2023,3572.591797,3619.525979,3531.645279,3592.485764,987424
6/5/2023,3547.338379,3590.071578,3539.467839,3585.870593,340655
6/6/2023,3578.09668,3594.417287,3553.856963,3553.95363,385907
6/7/2023,3599.63208,3611.800272,3570.467323,3578.096668,342012
6/8/2023,3532.031494,3599.342505,3519.477108,3599.342505,511175
6/9/2023,3458.540283,3541.49571,3453.518576,3526.816782,447350
6/12/2023,3467.521484,3492.53359,3434.107409,3471.770567,358856
6/13/2023,3469.500732,3515.952051,3460.18161,3476.55055,612123
6/14/2023,3449.607422,3517.449394,3441.012354,3491.085136,456603
6/15/2023,3413.537598,3485.097694,3408.998751,3465.879684,428887
6/16/2023,3417.593506,3441.736556,3370.369794,3428.313114,610093
6/19/2023,3376.791992,3446.806842,3373.267201,3445.503259,336012
6/20/2023,3439.998535,3447.627645,3346.275165,3384.662616,378562
6/21/2023,3448.062012,3462.644508,3413.875548,3453.421816,538051
6/22/2023,3436.618408,3505.570865,3423.484495,3464.865777,559681
6/23/2023,3417.883301,3442.509212,3389.491168,3442.509212,281640
6/26/2023,3429.906494,3449.848795,3400.307209,3428.264814,346202
6/27/2023,3414.551514,3459.409253,3398.37567,3423.581109,336518
6/28/2023,3423.3396,3447.530746,3416.627643,3423.484364,657118
6/30/2023,3457.381348,3476.599121,3385.145297,3418.752469,712382
7/3/2023,3506.391846,3540.33688,3462.644592,3467.859396,734331
7/4/2023,3285.193115,3436.859801,3270.948716,3433.19001,4118019
7/5/2023,3196.298584,3306.052802,3167.568353,3293.884845,2931606
7/6/2023,3111.749512,3176.404555,3098.036306,3138.596632,3837528
7/7/2023,3075.631348,3136.664928,3067.132947,3100.498688,2099192
7/10/2023,3065.10498,3121.213523,3051.681539,3099.967639,1778576
7/11/2023,3141.541992,3150.185157,3074.907174,3088.330616,1425815
7/12/2023,3178.818604,3193.64253,3124.110549,3159.842261,1573745
7/13/2023,3145.501221,3191.711111,3133.767793,3191.711111,1050165
7/14/2023,3232.368164,3249.654493,3144.390797,3162.739514,1577337
7/17/2023,3235.072266,3258.346262,3211.074214,3235.168932,1556115
7/18/2023,3234.444336,3253.517345,3203.782663,3239.997237,743048
7/19/2023,3215.999023,3241.494226,3206.245373,3234.202977,658755
7/20/2023,3203.396729,3228.408835,3183.985621,3228.408835,684856
7/21/2023,3201.851318,3221.64862,3180.170906,3201.17536,536479
7/24/2023,3194.463623,3207.983731,3169.499615,3204.265607,517007
7/25/2023,3212.184326,3249.654385,3199.195413,3211.556701,865631
7/26/2023,3238.693359,3244.825788,3212.377436,3232.70593,552958
7/27/2023,3213.825928,3251.82718,3206.583013,3244.825696,748689
7/28/2023,3240.19043,3243.377359,3215.516185,3234.975625,338430
7/31/2023,3250.137451,3260.229199,3204.700183,3235.16876,485771
8/1/2023,3298.80957,3317.254954,3251.634194,3259.311636,1039321
8/2/2023,3218.461914,3312.426719,3167.568408,3312.426719,1174483
8/3/2023,3263.850586,3268.96896,3188.186409,3218.075458,601722
8/4/2023,3244.391113,3359.601785,3235.168422,3302.768956,1235134
8/7/2023,3240.818359,3261.38805,3225.221807,3244.777678,438968
8/8/2023,3256.414795,3269.017515,3178.191308,3229.374577,881723
8/9/2023,3295.622803,3297.940441,3217.78552,3259.311563,1096303
8/10/2023,3297.650635,3317.06174,3264.236797,3295.043233,640761
8/11/2023,3273.025146,3302.769433,3260.71219,3302.769433,366412
8/14/2023,3259.843506,3292.357044,3208.730099,3292.357044,650028
8/16/2023,3248.615479,3267.899007,3208.486354,3267.899007,502272
8/17/2023,3220.544434,3244.514639,3214.002727,3240.609114,484577
8/18/2023,3270.486328,3289.428027,3197.550467,3220.104966,680218
8/21/2023,3286.05957,3292.357181,3237.191647,3265.946024,407887
8/22/2023,3264.432617,3289.42807,3250.372824,3281.812249,343014
8/23/2023,3278.687988,3300.168374,3251.642277,3264.432728,347738
8/24/2023,3262.723877,3295.286283,3241.585321,3285.522471,840229
8/25/2023,3262.235596,3282.739599,3245.100298,3262.089234,463506
8/28/2023,3269.265869,3285.473653,3255.254705,3270.827936,329661
8/29/2023,3276.100586,3290.404474,3269.363413,3280.640663,271577
8/30/2023,3325.310059,3331.412441,3277.223288,3288.451671,903102
8/31/2023,3257.793457,3329.459738,3243.538197,3329.459738,835737
9/1/2023,3320.086426,3325.99358,3243.635971,3270.87691,691510
9/4/2023,3353.039307,3379.255236,3329.703892,3348.98742,661736
9/5/2023,3323.064453,3362.656757,3316.278652,3353.039307,374902
9/6/2023,3311.201416,3336.392097,3295.286356,3334.341601,431090
9/7/2023,3322.088135,3331.363756,3295.286519,3309.932237,334700
9/8/2023,3291.283203,3325.896106,3286.596764,3322.625134,448502
9/11/2023,3324.0896,3329.361962,3283.569782,3297.239118,544361
9/12/2023,3262.333496,3334.292739,3242.268816,3329.4597,446513
9/13/2023,3241.878418,3290.306781,3229.868882,3270.828024,820181
9/14/2023,3301.535156,3305.050224,3246.565088,3256.231166,436335
9/15/2023,3346.253418,3366.46446,3291.917903,3300.217142,1169429
9/18/2023,3350.696045,3371.297783,3331.412517,3350.989007,596376
9/20/2023,3359.922852,3368.515054,3297.043999,3346.058287,547812
9/21/2023,3354.699463,3358.800216,3323.601626,3348.792309,477582
9/22/2023,3328.922852,3350.745067,3311.885047,3344.105627,393516
9/25/2023,3306.661133,3348.889618,3301.193541,3337.124415,309695
9/26/2023,3390.141602,3455.608003,3324.577705,3324.626572,2178639
9/27/2023,3397.513428,3414.307136,3345.86296,3407.570201,552573
9/28/2023,3358.995117,3417.333889,3344.105305,3397.806266,608162
9/29/2023,3365.536865,3398.2945,3345.37469,3363.584103,515006
10/3/2023,3272.243652,3353.820344,3224.889167,3345.960428,1354075
10/4/2023,3320.574463,3328.434379,3245.246755,3270.876759,566983
10/5/2023,3362.266357,3372.322893,3307.051954,3325.066139,394665
10/6/2023,3368.905518,3382.623721,3357.140315,3362.266316,249258
10/9/2023,3364.218994,3393.900886,3320.672299,3339.41877,471285
10/10/2023,3377.05835,3391.948162,3367.5875,3368.954338,206646
10/11/2023,3404.250732,3411.573591,3379.645736,3399.759284,343468
10/12/2023,3411.671143,3451.458676,3394.340376,3407.570389,644992
10/13/2023,3394.291504,3417.334196,3359.727705,3398.782953,280442
10/16/2023,3404.250732,3420.263288,3380.329393,3380.329393,147663
10/17/2023,3418.164063,3439.595581,3404.641088,3422.215949,260333
10/18/2023,3413.526123,3463.077465,3399.856787,3418.163933,368551
10/19/2023,3418.505615,3450.530964,3378.620589,3397.806383,353664
10/20/2023,3398.685059,3417.480396,3383.746618,3417.334034,216268
10/23/2023,3364.951172,3410.401522,3344.935359,3385.21108,211293
10/25/2023,3304.464355,3364.853627,3289.232952,3353.967072,354128
10/26/2023,3248.224854,3295.286377,3231.821603,3290.404471,428619
10/27/2023,3314.667725,3329.459804,3248.224938,3248.224938,293097
10/30/2023,3278.346191,3345.081941,3257.402863,3322.625174,257392
10/31/2023,3217.712891,3287.475275,3209.560013,3287.035951,409346
11/1/2023,3204.727051,3236.801267,3197.648287,3231.626399,325630
11/2/2023,3259.453125,3265.994831,3206.630811,3207.411964,493381
11/3/2023,3347.034668,3376.472465,3273.80608,3280.640748,568463
11/6/2023,3428.025391,3459.757778,3356.261375,3373.299179,722080
11/7/2023,3426.17041,3455.364112,3397.904223,3397.904223,335436
11/8/2023,3466.446045,3480.7988,3423.04595,3427.097837,393482
11/9/2023,3458.244141,3511.456911,3442.81751,3461.563979,538782
11/10/2023,3457.121582,3480.798825,3419.384546,3456.389296,259237
11/13/2023,3559.299805,3588.200783,3501.302859,3505.208383,875885
11/15/2023,3757.407471,3768.831082,3585.369167,3601.869912,1914550
11/16/2023,3746.130371,3781.524188,3723.087681,3757.163526,755583
11/17/2023,3774.006104,3805.933719,3726.749113,3734.560162,476357
11/20/2023,3755.601074,3806.812216,3733.681366,3759.604332,249897
11/21/2023,3753.404297,3774.298996,3735.683075,3773.713072,260475
11/22/2023,3743.25,3763.363308,3715.130176,3739.637438,286194
11/23/2023,3792.069092,3822.532135,3742.468883,3745.935083,764501
11/24/2023,3758.139893,3827.414087,3751.305225,3803.687978,266314
11/28/2023,3736.317627,3800.221724,3688.523818,3764.876775,505274
11/29/2023,3722.208984,3761.020135,3701.460885,3761.020135,414180
11/30/2023,3804.859619,3827.414119,3737.63592,3766.829621,1338711
12/1/2023,3799.294434,3856.705695,3790.360641,3829.367022,683211
12/4/2023,4081.61499,4100.800784,3823.508541,3856.705499,2824695
12/5/2023,4038.800537,4096.162928,4003.162626,4082.249497,1045885
12/6/2023,3951.414307,4030.452547,3929.933922,3991.494798,941566
12/7/2023,3994.375244,4037.336014,3952.390855,3954.343617,699553
12/8/2023,3959.225586,4015.269769,3933.644447,4003.162738,334252
12/11/2023,3930.568848,3972.797334,3915.288577,3959.225731,534584
12/12/2023,3858.414307,3951.853937,3843.182665,3951.853937,981121
12/13/2023,3937.500977,3949.412779,3864.467621,3875.25668,707209
12/14/2023,3989.639648,4003.162622,3949.46166,3962.154615,922658
12/15/2023,3964.009521,4037.628561,3949.461538,4002.869775,954933
12/18/2023,3989.005127,4066.627427,3972.406648,3979.729506,886620
12/19/2023,3944.238037,4012.486984,3927.395462,3998.085601,328368
12/20/2023,3819.993408,4034.84636,3799.782367,3978.508979,557214
12/21/2023,3864.467773,3913.237965,3756.675388,3807.886533,445648
12/22/2023,3911.431885,3922.074344,3854.948138,3888.926251,309907
12/26/2023,3944.970459,3973.529609,3917.241329,3929.739055,475107
12/27/2023,4022.69043,4037.287519,3946.630432,3971.918609,385941
12/28/2023,3995.253906,4032.454123,3984.513714,4022.690312,450475
12/29/2023,4045.635254,4079.320403,3997.304387,4003.114046,673952
1/1/2024,3942.968994,4047.099951,3934.816116,4047.099951,763454
1/2/2024,3800.563477,3916.020543,3790.653304,3915.385991,1221148
1/3/2024,3795.779297,3836.152513,3786.845267,3802.076907,435449
1/4/2024,3769.807617,3822.532199,3757.602853,3795.681718,425702
1/5/2024,3785.478516,3826.144694,3768.83117,3772.785561,402103
1/8/2024,3792.508545,3866.859875,3785.917972,3798.122737,401263
1/9/2024,3779.034424,3831.270816,3759.653401,3816.918061,411462
1/10/2024,3751.793213,3781.523969,3701.118891,3779.03415,577499
1/11/2024,3796.950928,3832.002914,3761.459379,3777.423305,378237
1/12/2024,3779.425049,3806.910083,3759.067407,3798.317881,220410
1/15/2024,3741.590088,3792.898724,3720.988351,3783.476741,364325
1/16/2024,3702.730225,3737.684717,3653.130015,3700.4845,519197
1/17/2024,3662.503418,3682.909689,3632.137869,3642.878062,585284
1/18/2024,3603.969238,3672.706615,3574.531442,3662.50348,583931
1/19/2024,3612.073242,3698.38548,3571.602291,3612.6103,894473
1/23/2024,3531.277588,3655.570954,3520.879224,3614.611813,823427
1/24/2024,3549.145508,3562.765977,3478.309007,3543.287221,1318897
1/25/2024,3531.033447,3593.082515,3512.091749,3593.082515,699432
1/29/2024,3582.391357,3594.059065,3505.257245,3535.573928,936432
1/30/2024,3617.248047,3641.803937,3587.126593,3588.200708,612064
1/31/2024,3748.913086,3761.166478,3613.684299,3628.232283,759817
2/1/2024,3840.302246,3872.181233,3752.232715,3752.232715,1313981
2/2/2024,3735.194824,3807.886351,3721.232527,3807.886351,872011
2/5/2024,3798.07373,3825.851726,3746.374397,3759.067352,592181
2/6/2024,3851.43335,3857.437999,3798.122841,3807.886653,470713
2/7/2024,3834.883301,3895.76076,3815.64864,3881.115043,416774
2/8/2024,3717.375977,3863.833148,3702.193202,3859.634662,404899
2/9/2024,3750.230957,3757.065625,3672.755259,3729.775821,396729
2/12/2024,3780.401367,3810.864411,3727.041995,3778.497233,237343
2/13/2024,3763.167969,3843.182352,3676.514147,3802.662536,633019
2/14/2024,3809.399902,3839.472489,3638.582069,3742.468927,919714
2/15/2024,3824.045654,3835.713361,3784.648579,3812.768404,405632
2/16/2024,3835.859863,3908.4539,3823.801699,3832.345034,634008
2/19/2024,3810.669434,3861.294655,3802.760651,3842.011127,267834
2/20/2024,3737.684814,3806.81241,3694.821538,3802.028238,1324518
2/21/2024,3745.73999,3803.736936,3730.752444,3737.684846,575380
2/22/2024,3858.07251,3876.233295,3751.110142,3773.518042,1130600
2/23/2024,3834.297852,3878.186139,3821.2142,3876.623834,571998
2/26/2024,3859.585938,3897.176613,3803.004696,3834.29776,474465
2/27/2024,3908.209717,3917.7783,3846.941799,3856.70561,579400
2/28/2024,3772.492676,3924.026983,3760.043816,3908.209656,658953
2/29/2024,3702.827637,3798.122529,3671.241851,3771.711372,1021336
3/1/2024,3752.77002,3777.423645,3686.864288,3700.679987,665946
3/4/2024,3662.845215,3791.581172,3655.571223,3767.464604,641251
3/5/2024,3702.3396,3712.152278,3654.155333,3662.84503,591293
3/6/2024,3703.609131,3716.936877,3645.856278,3710.248571,315398
3/7/2024,3695.84668,3720.012113,3670.265542,3703.608862,734239
3/11/2024,3694.528564,3724.845247,3680.956962,3705.805814,373335
3/12/2024,3720.744629,3764.730649,3681.933477,3714.544513,528035
3/13/2024,3647.320557,3761.410548,3627.255877,3721.525522,428324
3/14/2024,3683.544189,3713.909738,3599.184955,3629.208675,720948
3/15/2024,3657.181885,3690.671805,3619.493716,3683.544175,487749
3/18/2024,3612.317139,3656.547251,3594.742279,3656.547251,533167
3/19/2024,3629.0625,3641.901817,3585.271709,3612.31742,559402
3/20/2024,3782.110107,3846.94172,3730.752364,3730.752364,3045475
3/21/2024,3826.388916,3855.729218,3789.335299,3789.677127,838929
3/22/2024,3894.198486,3919.145072,3771.955614,3851.82364,1033237
3/26/2024,3818.724365,3947.020751,3814.818841,3906.940258,772158
3/27/2024,3821.360596,3892.831648,3813.549546,3841.8646,510950
3/28/2024,3924.368896,3978.75328,3799.83143,3822.825254,1307106
4/1/2024,3853.43457,3973.871281,3843.524397,3964.888622,532524
4/2/2024,3829.562012,3895.7607,3821.848696,3895.7607,485047
4/3/2024,3841.278809,3849.968744,3794.315017,3830.343387,392460
4/4/2024,3919.486816,3934.815952,3800.124223,3863.54013,932478
4/5/2024,3936.036377,3950.975056,3873.840947,3918.217422,537212
4/8/2024,4106.415039,4201.807669,3916.850733,3929.885279,2165986
4/9/2024,4148.301758,4167.097095,4039.777086,4147.471738,970657
4/10/2024,4213.182617,4232.612508,4122.33006,4149.620106,1018246
4/12/2024,4200.635742,4279.283052,4166.999221,4208.202696,1133493
4/15/2024,4119.693848,4215.86739,4094.698395,4149.619834,860133
4/16/2024,4252.82373,4299.982751,4106.952,4117.789926,1467677
4/18/2024,4248.430176,4339.038163,4235.590381,4253.116615,1316876
4/19/2024,4241.546387,4266.249118,4160.653107,4242.376406,719002
4/22/2024,4361.446289,4379.069779,4267.176396,4290.219088,781218
4/23/2024,4413.38916,4427.790782,4340.014212,4366.425131,740619
4/24/2024,4423.69043,4463.672953,4408.165587,4437.65249,919636
4/25/2024,4506.194824,4520.156885,4380.046179,4460.10944,1260511
4/26/2024,4492.32959,4523.427424,4464.014537,4482.565779,364193
4/29/2024,4463.868164,4494.81916,4425.545205,4480.613005,465907
4/30/2024,4488.814453,4579.178812,4469.872755,4469.872755,663752
5/2/2024,4493.696777,4524.648252,4439.01943,4489.400795,908139
5/3/2024,4490.621094,4545.640268,4471.825756,4513.810147,562484
5/6/2024,4490.376953,4558.528167,4473.046188,4504.046289,716536
5/7/2024,4513.224121,4545.054242,4462.061844,4496.235184,505027
5/8/2024,4491.450684,4524.549907,4453.22546,4476.707234,613158
5/9/2024,4460.157715,4596.802447,4434.234986,4471.82566,980283
5/10/2024,4547.836914,4578.299719,4448.782858,4481.589359,471148
5/13/2024,4547.446289,4621.992604,4421.34629,4568.487111,1738770
5/14/2024,4618.819824,4630.927332,4541.246625,4557.161448,870035
5/15/2024,4539.537598,4618.819458,4489.498066,4618.819458,1082300
5/16/2024,4571.172363,4586.989928,4435.797215,4540.172262,845652
5/17/2024,4583.035156,4588.991176,4512.83345,4549.935932,287570
5/21/2024,4562.580078,4617.159684,4540.171942,4540.171942,500742
5/22/2024,4584.548828,4596.460391,4555.306023,4562.628882,201187
5/23/2024,4738.231445,4752.877163,4571.953446,4585.720516,922926
5/24/2024,4765.66748,4792.078398,4693.854365,4708.597815,545727
5/27/2024,4680.087402,4791.102126,4657.337913,4746.237223,655641
5/28/2024,4658.265625,4711.527024,4647.574061,4680.087361,333511
5/29/2024,4633.318848,4695.27042,4612.668482,4633.904772,548865
5/30/2024,4630.926758,4657.337675,4593.580182,4598.510716,431385
5/31/2024,4621.651855,4676.866023,4557.99161,4630.195191,1137018
6/3/2024,4560.530273,4686.629811,4530.408818,4686.629811,1070710
6/4/2024,4389.223633,4595.679613,4153.378962,4569.365951,920927
6/5/2024,4470.849121,4537.682599,4388.833108,4431.89161,468061
6/6/2024,4608.274902,4615.353666,4431.110353,4470.849256,748915
6/7/2024,4649.526855,4656.361523,4559.797527,4588.991227,419417
6/10/2024,4669.786621,4686.629195,4644.644808,4656.947305,301649
6/11/2024,4646.255859,4698.297258,4632.0006,4696.393125,733966
6/12/2024,4736.083008,4758.344784,4632.928437,4652.45606,523152
6/13/2024,4688.09375,4774.113018,4655.384984,4771.525704,840780
6/14/2024,4818.538574,4828.204652,4688.093961,4703.716059,549131
6/18/2024,4819.515137,4858.47265,4796.521074,4823.322928,706641
6/19/2024,4765.472168,4846.463173,4735.448448,4823.32275,652617
6/20/2024,4761.712891,4808.579183,4728.662295,4769.963502,637364
6/21/2024,4731.054688,4808.96971,4706.156969,4761.712959,414677
6/24/2024,4755.85498,4773.234851,4680.96683,4723.732135,302473
6/25/2024,4662.268555,4780.362044,4649.5756,4755.854782,660144
6/26/2024,4627.753906,4693.854624,4608.519007,4662.268598,600784
6/27/2024,4602.465332,4653.872182,4571.46523,4610.471848,1087487
6/28/2024,4562.580078,4622.139323,4545.346571,4602.464863,939279
7/1/2024,4526.063477,4617.746049,4516.739227,4530.408563,1364796
7/2/2024,4516.495117,4588.11277,4484.420901,4526.405291,865321
7/3/2024,4581.473145,4592.6529,4528.553571,4533.972296,257361
7/4/2024,4578.739258,4613.400788,4551.888777,4581.472934,313153
7/5/2024,4625.410156,4636.638539,4587.624492,4589.039959,258687
7/8/2024,4642.155273,4662.219714,4604.61323,4646.548988,542470
7/9/2024,4714.651855,4723.732009,4629.999419,4645.23106,631367
7/10/2024,4734.618652,4837.968694,4681.747707,4727.637622,832007
7/11/2024,4714.602539,4769.62171,4692.341241,4763.714795,308708
7/12/2024,4745.895996,4763.959047,4701.275187,4714.504961,290823
7/15/2024,4766.058105,4800.865997,4711.624858,4736.473471,223485
7/16/2024,4799.987305,4819.075365,4746.18861,4766.106689,664540
7/18/2024,4824.396973,4847.732387,4671.935152,4704.204358,773064
7/19/2024,4736.132324,4808.677254,4706.352699,4789.149631,662969
7/22/2024,4742.625,4754.878393,4647.183744,4654.408869,377893
7/23/2024,4803.355469,4857.495992,4672.911335,4742.33165,1128441
7/24/2024,4799.254883,4825.568067,4763.763335,4801.842197,400075
7/25/2024,4784.902344,4807.164121,4757.270947,4784.267791,413861
7/26/2024,4894.110352,4939.41434,4748.87366,4781.142866,625674
7/29/2024,4845.047363,4928.723419,4814.681814,4915.102711,338482
7/30/2024,4834.893066,4861.05989,4788.319495,4833.135294,683440
7/31/2024,4845.487305,4874.875998,4823.274632,4834.893473,567283
8/1/2024,4851.442871,4904.362925,4787.685367,4853.10291,654655
8/2/2024,4615.061035,4768.645601,4580.740856,4768.645601,2120560
8/5/2024,4565.314453,4582.498858,4447.416422,4503.216513,946316
8/6/2024,4543.97998,4639.763063,4528.504244,4576.298291,594238
8/7/2024,4538.303711,4629.965273,4520.780921,4605.236121,1093582
8/8/2024,4518.312988,4582.530601,4489.783021,4564.810178,979435
8/9/2024,4768.765625,4790.878796,4656.570507,4744.134807,1697560
8/12/2024,4747.244629,4789.941006,4731.992686,4737.570267,738630
8/13/2024,4740.77832,4773.010284,4728.783944,4748.626748,194849
8/14/2024,4672.661621,4758.30117,4655.632431,4749.367208,328795
8/16/2024,4756.32666,4763.237056,4674.487927,4674.487927,259101
8/19/2024,4751.687012,4785.943026,4718.813462,4785.943026,280722
8/20/2024,4820.741699,4835.302891,4762.546099,4786.831302,523506
8/21/2024,4850.65332,4861.956946,4804.699382,4827.404968,221438
8/22/2024,4870.397461,4885.649885,4842.805527,4869.065127,536373
8/23/2024,4835.401367,4904.258524,4819.803328,4857.020937,208413
8/26/2024,4812.794922,4853.023299,4802.774462,4839.251674,314431
8/27/2024,4806.525879,4824.690251,4774.787515,4803.761431,382109
8/28/2024,4883.527344,4912.057309,4778.044994,4807.660975,424484
8/29/2024,4852.973633,4930.468789,4817.533269,4883.527648,571335
8/30/2024,4897.00293,4915.759719,4833.328564,4838.313729,465200
9/2/2024,4849.074219,4946.856125,4825.183801,4886.390163,310778
9/3/2024,4803.514648,4876.765037,4793.889454,4860.920679,263404
9/4/2024,4771.677734,4815.016176,4759.486207,4768.173369,476838
9/5/2024,4738.65625,4800.849816,4725.871824,4787.917407,398344
9/6/2024,4691.665039,4768.172991,4679.52268,4733.325046,291111
9/9/2024,4686.581055,4718.813018,4655.731074,4691.665035,272444
9/10/2024,4676.561523,4706.473475,4629.323932,4688.210284,404100
9/11/2024,4666.145996,4718.319581,4641.811627,4669.453211,384214
9/12/2024,4812.597168,4832.341156,4657.310892,4684.162427,757317
9/13/2024,4796.11084,4818.915243,4766.19889,4795.716056,315869
9/16/2024,4836.487793,4875.531339,4797.789381,4822.420201,453831
9/17/2024,4788.114746,4835.796285,4754.993917,4835.796285,356442
9/18/2024,4788.262695,4816.249895,4750.650302,4801.737871,295359
9/19/2024,4802.626465,4860.772416,4783.080109,4812.597276,357206
9/20/2024,4899.618652,4997.401043,4792.260717,4804.501893,1332877
9/23/2024,4817.088867,4927.507222,4792.507697,4926.125239,899953
9/24/2024,4814.472656,4832.291895,4792.853086,4824.937066,481696
9/25/2024,4832.587891,4857.021076,4788.904317,4788.904317,665986
9/26/2024,4930.320801,4935.898381,4827.405259,4852.085245,790345
9/27/2024,4997.795898,5039.653058,4889.944361,4926.125124,1040624
9/30/2024,4961.911133,5019.909099,4934.516349,4997.203512,516973
10/1/2024,4908.99707,4981.359077,4888.611499,4961.960222,449002
10/3/2024,4721.28125,4886.637154,4650.696491,4866.893165,1337657
10/4/2024,4646.550293,4741.321443,4630.804751,4720.787886,466001
10/7/2024,4608.197754,4688.012442,4590.477331,4688.012442,447523
10/8/2024,4633.371094,4677.844233,4527.493961,4590.477088,661110
10/9/2024,4648.623047,4677.251829,4600.349094,4638.751053,930717
10/10/2024,4637.76416,4707.954137,4629.965381,4677.153321,305739
10/11/2024,4667.527832,4746.602599,4600.349107,4643.78588,844931
10/14/2024,4718.615723,4748.429339,4670.094966,4688.210173,346430
10/15/2024,4661.654297,4738.458216,4635.78948,4718.566245,370224
10/16/2024,4618.365723,4673.402091,4581.592544,4663.530096,380474
10/17/2024,4564.662109,4595.364108,4463.128553,4585.541281,514244
10/18/2024,4704.646973,4738.458554,4553.01304,4554.839456,778795
10/21/2024,4748.873535,4790.730693,4682.286743,4704.00513,745473
10/22/2024,4698.131348,4764.422176,4688.851769,4748.873785,528037
10/23/2024,4617.87207,4664.961675,4593.586868,4662.098411,655987
10/24/2024,4608.740723,4624.683898,4570.881527,4605.285525,288778
10/25/2024,4532.825195,4612.83752,4451.035623,4590.477548,446738
10/28/2024,4660.222656,4704.005045,4475.616372,4532.824769,989928
10/29/2024,4835.450684,4855.589455,4625.473659,4627.990824,1065819
10/30/2024,4806.920898,4884.416055,4788.016125,4788.016125,842334
10/31/2024,4831.995605,4852.08521,4758.992497,4806.674036,510074
11/1/2024,4890.191406,4926.125371,4866.893402,4921.04139,79729
11/4/2024,4769.999512,4950.804985,4729.721487,4938.415826,719165
11/5/2024,4837.07959,4847.149217,4746.454875,4769.999678,499976
11/6/2024,4854.20752,4896.903894,4844.138375,4848.087172,370356
11/7/2024,4815.558594,4857.959,4755.981015,4854.207353,221554
11/8/2024,4723.996094,4815.509674,4694.478927,4812.597243,194765
11/11/2024,4732.091309,4770.74007,4689.493267,4701.043694,209237
11/12/2024,4677.54834,4745.714265,4645.315894,4726.710677,326018
11/13/2024,4529.962402,4659.532333,4477.985965,4639.837511,656931
11/14/2024,4821.186035,4909.342751,4645.069272,4664.961726,2874648
11/18/2024,4813.23877,4851.097964,4800.750793,4817.484016,494329
11/19/2024,4901.889648,4949.867156,4817.533264,4817.533264,452273
11/21/2024,4819.606445,4894.534786,4805.094421,4827.701191,593722
11/22/2024,4922.374023,4940.93318,4819.507649,4850.110832,339941
11/25/2024,4938.317383,5002.139732,4924.150974,4935.010168,945466
11/26/2024,4868.620605,4950.163372,4812.59704,4944.881759,564637
11/27/2024,4854.553223,4908.256776,4827.504055,4869.854814,189349
11/28/2024,4754.056641,4857.021352,4732.436587,4857.021352,954250
11/29/2024,4769.999512,4802.033843,4746.45471,4776.070692,407774
12/2/2024,4758.992676,4783.47503,4633.469878,4776.120201,250521
12/3/2024,4782.339844,4807.661414,4759.04184,4759.04184,351449
12/4/2024,4735.64502,4816.348576,4690.184677,4774.145799,349544
12/5/2024,4775.626465,4817.533274,4699.069341,4735.644887,525957
12/6/2024,4814.620605,4865.60984,4765.754236,4788.904254,327806
12/9/2024,4780.118652,4825.431012,4753.36545,4824.049029,377043
12/10/2024,4751.439941,4812.498321,4736.089183,4778.045158,342297
12/11/2024,4740.482422,4771.727187,4733.720009,4760.275577,240736
12/12/2024,4746.109375,4758.301385,4713.877409,4740.482627,236847
12/13/2024,4764.125488,4796.259118,4693.343581,4726.710727,404369
12/16/2024,4776.564453,4802.725238,4738.557275,4758.301264,404180
12/17/2024,4681.941406,4768.173375,4666.442664,4746.553803,402231
12/18/2024,4689.049316,4737.915688,4655.978135,4663.530115,331577
12/19/2024,4710.866699,4718.813462,4613.775535,4649.709499,500287
12/20/2024,4673.895508,4760.719887,4659.581117,4687.2227,386086
12/23/2024,4689.740234,4715.062286,4637.863095,4689.197467,371318
12/24/2024,4731.547852,4746.454659,4677.992285,4689.739861,227611
12/26/2024,4739.890137,4762.595724,4710.915737,4731.548109,328172
12/27/2024,4814.472656,4891.523859,4728.240692,4758.301107,408992
12/30/2024,4793.642578,4842.163813,4770.443393,4827.40499,242799
12/31/2024,4760.176758,4810.030328,4748.429181,4765.211571,313948
1/1/2025,4822.765137,4843.64479,4681.744085,4767.186002,290234
1/2/2025,5240.15332,5261.772891,4804.946361,4822.469151,2863478
1/3/2025,5242.769531,5316.760324,5203.281553,5256.837124,836689
1/6/2025,5182.895996,5281.517126,5122.035246,5242.769547,419050
1/7/2025,5111.027344,5224.25931,5100.365783,5182.89575,439721
1/8/2025,5097.108398,5170.802741,5068.577949,5145.481172,343162
1/9/2025,5074.106445,5129.340448,5039.65328,5119.912404,239408
1/10/2025,4993.699219,5096.614761,4975.485196,5084.077135,316803
1/13/2025,4875.876953,4959.887724,4862.54976,4945.869298,213093
1/14/2025,4965.168457,4976.817699,4886.686106,4886.686106,448429
1/15/2025,5016.848633,5028.201426,4940.143527,4973.411858,497259
1/16/2025,4983.185059,5068.380658,4970.450282,5046.612622,435315
1/17/2025,4948.139648,5010.432031,4934.072056,4940.933285,197564
1/20/2025,4952.532715,4973.955135,4866.893165,4948.189134,255315
1/21/2025,4906.332031,5014.973136,4896.509204,4967.93318,416551
1/22/2025,4945.573242,4960.677201,4889.796474,4916.253226,494734
1/23/2025,5050.709961,5091.974705,4914.081173,4932.640812,442186
1/24/2025,5139.65625,5157.623473,5049.574301,5068.281923,730641
1/27/2025,5078.647461,5141.334625,5050.117494,5123.565035,418597
1/28/2025,5040.047852,5127.513817,5024.845077,5093.949037,603950
1/29/2025,5116.555664,5167.988849,5015.515709,5015.515709,357310
1/30/2025,5098.243652,5200.56678,5074.254416,5116.55601,480830
1/31/2025,5127.80957,5176.873573,5079.140833,5098.884821,394118
2/1/2025,5321.152832,5353.631596,5064.431817,5148.047318,609534
2/3/2025,5415.035645,5504.130393,5337.688473,5503.636793,1330533
2/4/2025,5380.335449,5483.053352,5372.339038,5465.678547,591631
2/5/2025,5347.856934,5399.980871,5282.504139,5380.236882,442234
2/6/2025,5273.619141,5375.349845,5262.661131,5358.617104,361000
2/7/2025,5303.77832,5329.889939,5251.950348,5299.928339,604384
2/10/2025,5267.054688,5375.202195,5239.46227,5330.877036,631815
2/11/2025,4908.701172,5073.71146,4891.523998,5073.069877,2272410
2/12/2025,4787.374512,4935.997194,4772.516871,4886.637222,813864
2/13/2025,4758.695801,4844.236531,4728.685036,4788.558582,571526
2/14/2025,4643.144531,4787.917231,4626.065692,4769.259258,476473
2/17/2025,4684.458984,4694.133346,4586.528607,4639.837377,232211
2/18/2025,4658.98877,4711.409154,4624.48644,4707.953956,254026
2/19/2025,4749.021484,4759.288262,4617.180717,4639.837135,275722
2/20/2025,4825.825684,4836.290094,4715.851762,4718.81336,277284
2/21/2025,4898.928223,4919.116163,4792.853446,4825.431029,324027
2/24/2025,4946.658691,4985.258285,4852.627946,4872.816367,410180
2/25/2025,4925.927734,5010.037322,4914.328141,4963.638947,402917
2/27/2025,4872.322754,4935.997117,4827.257197,4897.002739,561804
2/28/2025,4712.495117,4868.818237,4694.133112,4847.198185,1076243
3/3/2025,4843.792969,4864.918941,4765.211795,4765.211795,503560
3/4/2025,4753.463867,4824.443407,4727.006634,4824.443407,638281
3/5/2025,4924.446777,4939.946001,4719.70171,4746.454911,551830
3/6/2025,5029.188477,5041.726102,4931.65337,4931.65337,648307
3/7/2025,5035.408203,5065.714936,5008.062587,5029.188558,590548
3/10/2025,4926.667969,5064.333123,4907.022796,5057.422727,316750
3/11/2025,4921.731934,4945.869153,4849.172775,4886.637187,228128
3/12/2025,4953.224121,4975.38646,4897.002919,4921.189306,235018
3/13/2025,4951.051758,4982.888938,4901.494155,4966.106549,265867
3/17/2025,4985.604004,5011.962422,4871.829268,4871.829268,287729
3/18/2025,4985.604004,4985.604004,4985.604004,4985.604004,0
3/19/2025,5035.605469,5073.810279,4989.898328,5065.320268,417978
3/20/2025,5162.411621,5191.632822,5047.846834,5063.346058,491655
3/21/2025,5238.030762,5259.749148,5163.398392,5181.957548,414691
3/24/2025,5354.76709,5386.159837,5244.891509,5257.330318,316612
3/25/2025,5361.727051,5429.44903,5332.0619,5390.109035,324007
3/26/2025,5334.134277,5424.660654,5321.004718,5364.342675,384678
3/27/2025,5277.321289,5335.812855,5232.156916,5261.230131,603145
3/28/2025,5279.246582,5339.120131,5254.319796,5294.35054,286609
4/1/2025,5239.265137,5454.276985,5198.691143,5296.867839,562006
4/2/2025,5286.946289,5324.904298,5243.262716,5293.067118,365908
4/3/2025,5310.293457,5339.070223,5197.604744,5197.604744,224286
4/4/2025,5180.723633,5286.551601,5163.05286,5282.45482,261887
4/7/2025,5000.412109,5101.254439,4935.948177,4935.997344,519173
4/8/2025,5164.385742,5201.553704,5044.391364,5099.427732,355195
4/9/2025,5190.990723,5255.84992,5116.013213,5203.083916,472302
4/11/2025,5282.405273,5339.761656,5222.284925,5222.284925,500528
4/15/2025,5458.225586,5485.86717,5329.889662,5394.057624,542322
4/16/2025,5543.618164,5557.932555,5468.097411,5477.969405,734279
4/17/2025,5605.812012,5642.338391,5504.624069,5543.618447,564357
4/21/2025,5736.12207,5782.520442,5571.259772,5622.59414,551547
4/22/2025,5709.961426,5830.893354,5692.685436,5736.61581,459537
4/23/2025,5666.524902,5742.045661,5533.746575,5714.897676,582611
4/24/2025,5578.17041,5700.58314,5548.060827,5662.575962,503663
4/25/2025,5504.130371,5595.446318,5446.872805,5590.016721,457510
4/28/2025,5550.035156,5585.574335,5479.450398,5509.06638,403569
4/29/2025,5507.585449,5618.645382,5437.494292,5554.477421,309552
4/30/2025,5495.739258,5533.252836,5435.026493,5533.252836,509786
5/2/2025,5370.364746,5488.828674,5307.183984,5488.828674,634482
5/5/2025,5390.602539,5409.852928,5341.736167,5399.487334,320466
5/6/2025,5444.404785,5525.355137,5370.858429,5390.602417,514699
5/7/2025,5418.737793,5499.688148,5382.705013,5390.602609,349955
5/8/2025,5303.729004,5418.244139,5271.151422,5393.564153,609858
5/9/2025,5255.849609,5272.138399,5193.162447,5227.220827,412056
5/12/2025,5449.34082,5470.072008,5344.697681,5434.532829,327631
5/13/2025,5349.633789,5482.412114,5323.473004,5436.01374,416275
5/14/2025,5376.781738,5407.384921,5291.388987,5360.492948,315866
5/15/2025,5396.032227,5476.982582,5291.389084,5429.597008,1930277
5/16/2025,5438.975098,5514.002252,5420.711909,5433.545501,638327
5/19/2025,5459.212891,5555.958436,5438.975302,5439.468902,654074
5/20/2025,5318.537109,5486.361018,5311.133113,5478.957022,402780
5/21/2025,5339.761719,5407.38488,5316.068932,5340.748918,300888
5/22/2025,5318.043457,5340.749044,5251.901094,5313.10746,461736
5/23/2025,5330.876953,5367.896932,5307.184167,5321.004959,282287
5/26/2025,5358.024902,5402.942476,5331.370518,5333.838516,337099
5/27/2025,5320.51123,5375.300798,5307.184038,5350.620813,452769
5/28/2025,5258.317871,5340.255425,5245.977878,5335.813028,380066
5/29/2025,5310.145508,5327.421497,5219.323164,5260.291939,704795
5/30/2025,5265.228027,5333.838386,5251.407236,5309.158401,915804
6/2/2025,5292.375977,5316.068762,5248.445603,5271.644789,475698
6/3/2025,5285.46582,5344.697787,5228.208253,5344.697787,479572
6/4/2025,5251.407227,5316.562387,5228.70164,5271.644814,321913
6/5/2025,5240.54834,5269.670724,5216.361953,5263.253927,459910
6/6/2025,5324.953613,5335.812807,5194.149692,5222.778474,538092
6/9/2025,5321.992188,5374.313758,5308.664995,5352.59537,270949
6/10/2025,5308.665039,5356.544212,5301.754643,5356.544212,330659
6/11/2025,5283.491211,5364.935162,5274.112817,5301.2608,366787
6/12/2025,5247.458496,5306.196861,5234.131304,5282.504075,337217
6/13/2025,5250.913574,5265.227965,5152.687235,5212.412798,414671
6/16/2025,5296.324707,5312.613497,5237.092744,5237.092744,294926
6/17/2025,5272.632324,5321.992297,5243.01634,5312.120303,710729
6/18/2025,5323.966309,5393.070266,5239.560761,5265.721545,774670
6/19/2025,5423.180176,5436.013769,5335.813025,5340.749022,923400
6/20/2025,5454.276855,5471.059246,5424.660873,5459.212853,776879
6/23/2025,5481.424805,5488.8288,5409.359247,5424.660838,247519
6/24/2025,5556.945801,5567.311395,5488.829038,5517.457822,579369
6/25/2025,5504.624023,5580.14478,5496.232828,5559.907192,449222
6/26/2025,5539.669434,5550.528627,5441.443093,5505.117455,788150
6/27/2025,5587.548828,5612.228814,5523.380865,5543.124853,413724
6/30/2025,5584.09375,5610.748135,5541.150573,5587.548948,340049
7/1/2025,5642.338379,5675.40956,5560.400826,5584.093612,534027
7/2/2025,5649.248535,5671.460522,5614.202957,5614.202957,299925
7/3/2025,5642.832031,5700.583199,5627.03684,5636.908835,335537
7/4/2025,5556.945801,5642.338555,5548.061006,5642.338555,185006
7/7/2025,5609.760742,5627.036732,5552.996775,5557.932772,227078
7/8/2025,5606.799316,5631.972903,5576.196133,5631.972903,180630
7/9/2025,5622.100586,5645.299772,5596.927001,5598.4078,177978
7/10/2025,5579.651367,5631.972939,5562.868976,5619.139346,189074
7/11/2025,5540.656738,5610.747897,5517.457552,5559.907127,522930
7/14/2025,5469.578613,5543.618573,5449.834624,5534.733778,503684
7/15/2025,5519.432129,5570.272901,5497.220141,5518.444929,715066
7/16/2025,5554.477539,5561.387935,5469.084789,5528.316754,226544
7/17/2025,5577.676758,5610.254339,5555.95837,5595.446347,391603
7/18/2025,5555.464844,5608.773613,5539.669653,5591.497623,254828
7/21/2025,5486.854492,5554.971254,5469.578502,5525.35527,190717
7/22/2025,5369.871094,5468.097433,5363.947897,5399.980675,517944
7/23/2025,5371.845703,5392.083291,5352.595314,5362.467309,344237
7/24/2025,5398.993652,5431.571233,5364.441672,5370.364869,284450
7/25/2025,5363.45459,5409.852964,5303.729023,5409.852964,292877
7/28/2025,5317.056152,5386.160113,5288.427369,5363.454526,322292
7/29/2025,5400.474609,5413.801802,5284.478674,5321.005053,217256
7/30/2025,5410.839844,5485.373398,5370.364669,5395.044654,266223
7/31/2025,5398.5,5439.468776,5317.549648,5380.236811,307018
8/1/2025,5528,5670,5475,5551,1408773
8/4/2025,5621,5670,5520,5527.5,505407
8/5/2025,5681,5690,5584.5,5625,458305
8/6/2025,5668,5712.5,5651,5684.5,202535
8/7/2025,5681.5,5694.5,5588,5660,266900
8/8/2025,5663,5711.5,5655.5,5681.5,373874
8/11/2025,5671.5,5708.5,5652.5,5677,475811
8/12/2025,5658,5694,5643,5679.5,429572
8/13/2025,5714.5,5757.5,5648.5,5658,427562
8/14/2025,5764,5785.5,5710,5710,415010
8/18/2025,5912,6024.5,5825.5,5880,1288582
8/19/2025,5938.5,5995,5891.5,5918,843617
8/20/2025,5937.5,5969.5,5905,5964,510626
8/21/2025,5975,5992.5,5898,5990,499089
8/22/2025,5924.5,5973,5913.5,5970,273421
8/25/2025,5990.5,6009,5880,5945,822944
8/26/2025,6151,6210,5960,5980,1474805
8/28/2025,6133,6269.5,6121,6269.5,719052
8/29/2025,6103,6174.5,6070,6149,496302
9/1/2025,6280,6292,6085,6085,698178
9/2/2025,6349,6388,6282.5,6310.5,701158
9/3/2025,6371.5,6379,6308,6349,536107
9/4/2025,6425,6713,6411.5,6690,1181698
9/5/2025,6580.5,6598.5,6440.5,6449,610721
9/8/2025,6815,6848,6569,6570.5,968116
9/9/2025,6874.5,6937,6779,6782,983283
9/10/2025,6836.5,6924.5,6802.5,6900,740607
9/11/2025,6758,6828.5,6750,6805,719575
9/12/2025,6875,6899,6762.5,6765,731798
9/15/2025,6801,6900.5,6787.5,6875,380686
9/16/2025,6927.5,6954.5,6800.5,6823,579275
9/17/2025,6890.5,6938,6879.5,6921,310534
9/18/2025,6924.5,6935,6868.5,6895.5,224356
9/19/2025,6973.5,7018,6925,6947,550551
9/22/2025,6946,7005.5,6925,7000,332786
9/23/2025,6990.5,7122.5,6978.5,7015,679055
9/24/2025,7011.5,7060.5,6927.5,6950,323002
9/25/2025,6986,7044.5,6932,7009.5,375861
9/26/2025,7047,7091,6965.5,6980,679362
9/29/2025,6985,7073.5,6969,7049,612976
9/30/2025,7005.5,7032.5,6951.5,6984.5,363934
10/1/2025,7021.5,7063,6950,7000,313734
10/3/2025,6941,7008.5,6850,7000,669742
10/6/2025,6880,6955.5,6865,6941,218200
10/7/2025,6957,6999,6880,6880,286586
10/8/2025,6902.5,7007,6889.5,6957,476286
10/9/2025,6896.5,6958,6818,6925,405889
10/10/2025,6965,6984,6876.5,6895.5,282882
10/13/2025,6912,7047,6896.5,6999.5,342990
10/14/2025,6887,6942,6815,6939.5,309415
10/15/2025,6895,6940,6865,6893.5,237366
10/16/2025,6988,7016.5,6892,6893,319047
10/17/2025,7042.5,7099,6988,6990,402013
10/20/2025,7013.5,7104.5,7007.5,7049,326177
10/21/2025,7018.5,7058,7005,7037,14379
10/23/2025,6884.5,7100,6869,7100,419750
10/24/2025,6840,6909.5,6792,6894,243740
10/27/2025,6906.5,6927.5,6838.5,6868,228141
10/28/2025,7002.5,7022,6905,6905,485231
10/29/2025,6952,7007.5,6889,7007.5,343504
10/30/2025,6889,6988.5,6869,6952,412184
10/31/2025,7007,7099,6902.5,6929,670785
11/3/2025,7023.5,7070,6996.5,7030,334962
11/4/2025,6930,7060,6906.5,7050,494329
11/6/2025,6806.5,6975,6793.5,6945,435650
11/7/2025,6886,6897,6720.5,6806.5,465149
11/10/2025,6866.5,6915.5,6800.5,6870,514365
11/11/2025,6873,6890,6754,6871.5,409676
11/12/2025,6879,6925,6838.5,6906.5,300606
11/13/2025,6855,6946.5,6758.5,6875,842032
11/14/2025,6695,6850,6670,6799,739163
11/17/2025,6799,6809,6675,6730,789635
11/18/2025,6814.5,6854,6754,6835,517129
11/19/2025,6896.5,6911.5,6760,6800,416170
11/20/2025,7125.5,7138,6886.5,6906,857232
11/21/2025,7134.5,7205,7088.5,7125.5,654156
11/24/2025,7258.5,7284.5,7135,7151.5,1229296
11/25/2025,7218.5,7274.5,7180,7258.5,521990
11/26/2025,7198.5,7273,7180,7258,313545
11/27/2025,6999,7210.5,6981,7210,480102
11/28/2025,7053.5,7065,6956,6999,449709
12/1/2025,7125.5,7250,7025,7061.5,974710
12/2/2025,7112.5,7196,7091.5,7125,448174
12/3/2025,7081.5,7105,7042,7090,333674
12/4/2025,7100,7167.5,7066.5,7098,364672
12/5/2025,7208,7218,7070.5,7120,501035
12/8/2025,7142,7234,7115,7230,273509
12/9/2025,7123,7196,7052,7142,436443
12/10/2025,7228.5,7294,7129.5,7129.5,626505
12/11/2025,7256,7328.5,7220.5,7250,502052
12/12/2025,7229,7274.5,7188,7235,324682
12/15/2025,7121.5,7210.5,7094.5,7200,391821
12/16/2025,7061.5,7121.5,7035.5,7120,505906
12/17/2025,7134.5,7176.5,7080.5,7104,594264
12/18/2025,7106.5,7144,7013.5,7135,327756
12/19/2025,7217,7242,7075,7075,423435
12/22/2025,7291.5,7310,7213,7238,233966
12/23/2025,7303,7338,7280,7338,249187
12/24/2025,7312.5,7349.5,7240.5,7300,205296
12/26/2025,7324,7360,7274,7300,157706
12/29/2025,7272,7374.5,7232.5,7324,282572
12/30/2025,7192.5,7312,7132.5,7272,1976062
12/31/2025,7312.5,7322.5,7140,7189,357381
1/1/2026,7348,7363,7271.5,7317,155326
1/2/2026,7334.5,7382.5,7298,7348,227469
1/5/2026,7482.5,7514.5,7328,7344,426798
1/6/2026,7522.5,7569,7484.5,7514,396099
1/7/2026,7582.5,7597,7490,7523,380761
1/8/2026,7551,7601,7539,7590,459727
1/9/2026,7507,7613.5,7486,7582,474627
1/12/2026,7436,7507,7322,7477,315579
1/13/2026,7404,7514.5,7348,7488,262636
1/14/2026,7358,7390,7236,7390,426082
1/15/2026,7358,7358,7358,7358,0
1/16/2026,7315,7417,7298.5,7330,441023
1/19/2026,7323.5,7373,7268.5,7300,211682
1/20/2026,7173.5,7375,7130,7336,302200
1/21/2026,7140,7219,7005,7100.5,480751
1/22/2026,7049,7325,7026,7175,366499
1/23/2026,6973,7095,6950,7088.5,365996
1/27/2026,7164.5,7175,6910.5,7020,498369
1/28/2026,7071,7124,6851,7124,856378
1/29/2026,7056.5,7108.5,6978,7071.5,632904
1/30/2026,7122.5,7151,6980,6980,454539
2/2/2026,6985.5,6997,6738,6805,490854
2/3/2026,7215,7258.5,7053,7200,689971
2/4/2026,7277.5,7328,7170.5,7215,260280
2/5/2026,7209.5,7309.5,7176.5,7290,254212
2/6/2026,7177.5,7209.5,7110.5,7209.5,251800
2/9/2026,7195.5,7219.5,7063.5,7116,314215
2/10/2026,7296,7325,7201,7280,467662
2/11/2026,7771,7805,7501,7505,2286430
2/12/2026,7943,7968,7760,7779.5,1107781
2/13/2026,8065,8119,7886.5,7900,967939
2/16/2026,8010.5,8084.5,7968.5,8078.5,589984
2/17/2026,8035,8051.5,7925,7981,266572
2/18/2026,8009.5,8043.5,7945,8024,223326
2/19/2026,7897,8140,7884,8036,424777
2/20/2026,7936.5,7978,7885.5,7894.5,264059
2/23/2026,8038.5,8057.5,7937.5,7990,247249
2/24/2026,7929,8059.5,7902,7990,430812
2/25/2026,8008,8082,7772,7930,618719
2/26/2026,8190,8225,8024.5,8040,427401
2/27/2026,8010.5,8230,7987,8220,774354
3/2/2026,7826,7996.5,7715.5,7800,493666
