Date,Close,High,Low,Open,Volume
3/2/2016,323.9805298,327.8272987,314.3162568,317.215548,3279278
3/3/2016,325.6671448,328.3390282,322.7489078,327.8273993,2015842
3/4/2016,316.6092834,326.3493396,314.6953592,326.0082613,3554776
3/8/2016,308.9725952,315.3017533,306.7744507,313.8047333,6490012
3/9/2016,309.124176,310.0147961,303.7045835,308.4798864,12221478
3/10/2016,309.9578552,311.8717787,305.6184257,311.4548747,5015794
3/11/2016,311.9287109,312.6677484,307.9303583,309.6358187,4241030
3/14/2016,313.7668152,314.7142932,311.5307579,312.2318824,2852722
3/15/2016,307.6839294,313.4067092,307.1723007,313.046663,2711290
3/16/2016,308.8399658,309.4463425,306.0354214,308.2904239,2436508
3/17/2016,308.9915161,314.1837001,307.1913079,310.7727794,3429634
3/18/2016,312.3456421,314.1079375,308.877863,309.2568542,3323064
3/21/2016,311.7391968,313.8047034,308.9536208,313.8047034,3316402
3/22/2016,313.9751892,314.9416119,309.6357364,311.056953,5466422
3/23/2016,309.9010925,314.5626794,308.2714351,313.8046971,5018640
3/28/2016,307.229126,313.2361253,305.6373588,310.7347934,5914488
3/29/2016,305.7700195,309.3325452,303.1549948,308.7261455,5063370
3/30/2016,311.0001526,311.5307495,305.2584501,305.2584501,4604684
3/31/2016,308.5366516,312.4781684,306.9449075,308.8777529,9173934
4/1/2016,310.9243774,312.2887365,305.8458863,310.7727717,5329616
4/4/2016,318.2957153,319.0916106,308.8777943,308.8777943,5661970
4/5/2016,319.5842896,321.7255988,315.5290796,318.2957104,4999776
4/6/2016,317.8788147,321.3655378,313.0845676,321.0054916,2165840
4/7/2016,313.9751892,320.9675798,313.4256475,320.9675798,1881660
4/8/2016,315.7375793,316.8366631,312.8951452,315.2638403,1445784
4/11/2016,318.0873108,319.0916467,312.4403558,317.0071951,1940546
4/12/2016,318.2199402,320.2475337,315.0364052,319.4895513,1419372
4/13/2016,317.4241028,320.8160789,316.5145377,320.2286472,2636408
4/18/2016,323.3931885,326.1787877,320.2475661,320.2665111,5853044
4/20/2016,318.807312,326.8798177,316.6470582,326.8798177,2778022
4/21/2016,320.7213135,324.1701243,317.7841316,319.8685832,2235054
4/22/2016,320.3044128,323.2415946,317.7272542,317.7272542,2221718
4/25/2016,320.2854919,322.1425583,318.8263849,318.8263849,1662860
4/26/2016,322.0667419,324.1891067,315.7565519,317.9925862,2257126
4/27/2016,317.4241028,324.3786058,314.9606598,321.9530526,4550172
4/28/2016,303.1549988,311.9096842,301.9232777,305.0878442,17843912
4/29/2016,284.3570557,300.9189736,283.1821923,300.9189736,17978662
5/2/2016,281.2873535,286.6311217,280.4914579,284.2434811,5021166
5/3/2016,276.0571594,283.314826,275.1665164,283.1063855,6999808
5/4/2016,279.3543701,280.6429493,275.2423254,275.5265687,6404110
5/5/2016,280.0421448,282.6786306,277.2145849,281.5323263,5077866
5/6/2016,276.1065369,280.0613014,275.4951838,280.0613014,6136478
5/9/2016,275.6480713,280.08044,274.4444421,276.641526,7384902
5/10/2016,274.6545715,276.7179291,273.6228928,276.4504534,5401936
5/11/2016,270.8143921,273.890304,269.916463,271.6741203,8421688
5/12/2016,273.0879211,274.692752,271.1009889,271.6741411,3558646
5/13/2016,276.316803,277.7878849,272.4384621,274.3489703,7150908
5/16/2016,274.711853,277.2528138,273.6419736,277.2337134,3233028
5/17/2016,279.8129272,282.373012,275.1130834,275.1130834,7834720
5/18/2016,283.6148071,284.5127362,277.7877599,279.6982672,4249196
5/19/2016,278.97229,284.2835101,277.9788355,281.9909012,3490682
5/20/2016,281.4751282,282.7551591,278.5520419,278.5520419,3846760
5/23/2016,280.2905884,282.6978235,279.6983356,282.1246712,2076592
5/24/2016,282.4685059,283.3091337,278.9531677,280.8445746,2790030
5/25/2016,286.3277893,286.7290146,282.8124737,283.5193522,3373494
5/26/2016,283.0989685,287.3402852,281.4750374,286.9772842,6462218
5/27/2016,289.480011,290.2824379,283.74849,283.74849,6090190
5/30/2016,285.6399231,291.8108706,284.7419941,290.8173929,3186652
5/31/2016,282.6786804,287.856151,281.3604256,285.8119173,30096216
6/1/2016,280.6726685,284.4172587,279.5836884,284.2835325,4493556
6/2/2016,275.6288452,282.602196,273.3935613,280.8445388,8587656
6/3/2016,275.8390808,277.577638,275.3805543,277.1382119,3006706
6/6/2016,276.8706665,278.4372962,273.4317539,275.8772122,4081070
6/7/2016,277.6730957,279.4880774,275.7243645,278.1698229,4984376
6/8/2016,284.0924377,284.6655899,278.3035913,278.5519665,3800608
6/9/2016,287.7415161,288.8305193,284.2835024,286.079384,5557702
6/10/2016,286.9772949,289.6329047,285.0285868,286.5760931,11571664
6/13/2016,287.9707947,288.8687238,283.4046772,284.6656075,4130226
6/14/2016,287.4931946,292.288564,284.3026329,288.4866492,3292742
6/15/2016,288.5630798,289.3654837,286.5570468,286.9582487,1958544
6/16/2016,287.2255859,288.1044144,283.7102489,287.5503628,2266304
6/17/2016,287.9707947,288.4866224,285.7545874,286.5761149,5434012
6/20/2016,294.4665527,298.5932446,285.7546192,286.5570464,8265372
6/21/2016,294.2563477,296.4343308,292.7661658,293.6449946,2932940
6/22/2016,294.3901367,295.7465925,292.804406,295.7465925,3134118
6/23/2016,294.1418457,294.982474,291.1614575,294.2182707,2584436
6/24/2016,283.4618835,285.3150891,276.373908,284.2643104,6163378
6/27/2016,280.8637085,286.1940292,275.495187,279.0105255,2887506
6/28/2016,272.5148621,281.7999261,271.7315585,278.5520626,5685362
6/29/2016,278.3418884,278.9150408,270.5279068,273.4700935,4966468
6/30/2016,279.1060486,281.0165561,277.5585422,278.6284217,4793986
7/1/2016,279.5836792,281.5323876,278.934102,280.8446095,2023766
7/4/2016,285.9456787,286.5761556,280.4816313,280.8446325,3263618
7/5/2016,282.1437683,285.8119335,279.7747343,285.8119335,3735640
7/7/2016,274.0050049,283.137241,273.4891771,283.137241,6865136
7/8/2016,275.8199463,277.3101514,273.2025605,273.2025605,1702632
7/11/2016,273.8903198,277.6349094,273.2216423,275.8772521,4248750
7/12/2016,275.6288452,276.3739476,273.6037124,274.3488148,3229836
7/13/2016,275.1130981,276.6415042,273.8139436,276.068352,6713100
7/14/2016,278.2655334,278.8960105,274.9603448,275.6863472,2168772
7/15/2016,274.1577759,282.755058,271.3875405,280.0421472,5935062
7/18/2016,276.0683899,276.909018,273.2026281,275.9537641,1857346
7/19/2016,278.991394,279.5836466,274.2533265,274.2533265,3469512
7/20/2016,278.9341125,279.6601148,273.8139428,276.9854041,2444450
7/21/2016,276.4694824,279.2779419,275.1703516,278.9340413,1770048
7/22/2016,278.6284485,278.9341251,275.7244628,277.0236173,1828628
7/25/2016,282.9079285,283.13718,277.0235567,278.7430133,2976604
7/26/2016,284.7612305,285.5827583,281.3223159,282.3348945,2698330
7/27/2016,287.9133911,288.4483424,283.7102759,285.4297321,3354578
7/28/2016,286.881897,289.9960346,285.0860147,289.4419825,4554068
7/29/2016,287.7033386,289.6329466,284.8566777,286.194033,1694656
8/1/2016,298.2110901,302.2422558,287.5313496,287.7224003,6053078
8/2/2016,305.9677124,307.5534426,298.4785339,300.2743919,9400178
8/3/2016,315.6731567,328.0341307,311.9285435,327.4609784,19105090
8/4/2016,314.7943115,319.4368541,313.3614309,318.2905496,2971674
8/5/2016,313.9918823,317.6982712,312.2915261,315.1572871,2600712
8/8/2016,312.9792786,316.914942,310.1135178,314.0873821,3029132
8/9/2016,312.1196289,315.0809158,309.9034447,313.7053596,2480738
8/10/2016,314.9295959,315.641705,310.0794776,314.3906861,2305396
8/11/2016,317.3931885,318.5094919,313.2552019,315.6417663,3479246
8/12/2016,313.4090881,321.6080683,310.6375956,317.9704858,3303140
8/16/2016,304.9985046,317.1045272,302.380992,313.0242889,4489542
8/17/2016,301.9959106,308.2702459,301.0143468,304.0937775,4735658
8/18/2016,302.4771423,305.0176873,300.2830428,304.016858,3083444
8/19/2016,300.9567871,305.7876658,300.0906967,302.1693231,2618344
8/22/2016,297.2612915,303.0737075,294.4705575,302.1498924,2693530
8/23/2016,304.4787598,306.3456555,297.0111297,298.7048263,3415382
8/24/2016,304.2285461,307.3079773,300.6679538,306.0184749,2417448
8/25/2016,307.1925049,309.8677654,305.6527893,307.1732631,4425822
8/26/2016,299.7633667,308.1163281,297.4730352,307.1732477,3324064
8/29/2016,290.6598206,301.3801052,289.1201049,301.3801052,3060904
8/30/2016,297.8964539,298.6085629,290.1978767,291.0062179,4320538
8/31/2016,299.6864014,305.4218516,297.5692923,297.9349795,5584352
9/1/2016,301.7073364,303.9206781,299.8981655,300.745014,2597516
9/2/2016,301.9959106,303.1314554,299.8980438,302.9197492,2263652
9/6/2016,302.400116,303.4394286,298.2044053,300.3407559,3044598
9/7/2016,302.9776001,310.6376964,301.3994006,304.8252781,3579364
9/8/2016,297.915741,300.9759306,288.8891531,300.8219496,5158732
9/9/2016,300.4562988,303.9014178,297.5500898,297.9350188,2934120
9/12/2016,301.2838745,304.9021923,296.3952725,297.1651303,4770494
9/14/2016,298.8395996,305.8838186,298.3199549,302.0345289,3247132
9/15/2016,299.8595581,301.9766667,298.3198428,301.3800317,1906998
9/16/2016,302.6888733,304.4595606,297.9350101,301.0144417,4318854
9/19/2016,303.7281799,307.2502892,300.9759521,304.0938671,3766566
9/20/2016,304.8830261,306.3072682,301.9768167,305.9993297,3031210
9/21/2016,305.094635,307.1732605,303.5164359,305.6143031,2806130
9/22/2016,303.6511536,307.9238785,301.7072673,307.5581913,2234722
9/23/2016,306.884552,309.482822,305.0176563,305.8837463,5211570
9/26/2016,303.6896362,306.7690672,302.4193757,306.0376929,3651990
9/27/2016,306.3456726,307.8661465,301.7842743,303.6896771,3263196
9/28/2016,306.5188904,308.6745064,304.0938429,307.1732742,3066374
9/29/2016,304.4981079,309.7138916,300.7450498,307.5582984,5692688
9/30/2016,307.9046021,309.482801,302.9390104,306.788299,3662600
10/3/2016,311.2535706,312.5623385,305.7875977,309.8678356,3033736
10/4/2016,314.9295959,316.0266339,311.7924159,312.7547382,3013374
10/5/2016,314.1020813,316.8928167,310.3490233,314.9681716,1596940
10/6/2016,308.5397644,314.3906886,306.865333,314.1019919,3177462
10/7/2016,310.464386,311.5806891,302.2846472,308.770713,1535854
10/10/2016,312.9472351,314.0442732,308.7130167,308.7130167,1538488
10/13/2016,309.2133789,317.6048242,304.3440424,311.7154167,4152022
10/14/2016,312.8317261,316.6040246,307.8853755,309.4828399,2752386
10/17/2016,311.1765137,314.8718215,309.0978883,314.7178405,1480186
10/18/2016,321.3385925,321.9544928,312.5622196,312.5622196,2653938
10/19/2016,319.7027588,323.9754846,317.9513366,321.2617165,4278520
10/20/2016,313.928833,320.6458486,312.5815815,319.3178389,4977454
10/21/2016,320.1646423,326.6891925,316.1228885,316.7965141,10282518
10/24/2016,312.0426331,322.147017,311.2727752,319.9721593,3414444
10/25/2016,309.6945801,312.369841,308.9054804,310.5414285,3469130
10/26/2016,304.4210205,309.4250964,303.1700015,308.5975133,3223550
10/27/2016,300.3290405,305.11927,299.1654255,304.4016932,4050632
10/28/2016,296.004303,303.0053826,294.7824976,300.2708918,5422932
11/1/2016,299.7859497,301.1435002,297.4974979,299.3592768,2196342
11/2/2016,296.4502563,299.824744,295.946028,296.7217712,2054166
11/3/2016,295.9848022,298.370222,294.9763456,297.0708616,2406676
11/4/2016,308.2610474,309.9095022,295.9461203,295.9461203,5683326
11/7/2016,316.9686584,320.963731,308.319127,310.2972626,5987574
11/8/2016,313.7881165,316.4644399,306.9033957,314.5638596,2514742
11/9/2016,304.4210205,309.4245737,296.0042256,296.7217786,5296796
11/10/2016,306.2828064,312.5469183,300.9883498,306.4379408,3644546
11/11/2016,296.3727112,307.5822111,292.8430887,304.4210477,5043522
11/15/2016,298.9519958,305.2549085,285.4734595,296.7217344,5257576
11/16/2016,300.1543579,305.6233604,296.4308009,300.9882911,4562692
11/17/2016,294.8406372,300.9883932,293.2309604,297.1096768,5376838
11/18/2016,296.2756958,302.1325708,293.8514984,293.8514984,3682234
11/21/2016,294.1425171,302.3460137,292.9207353,296.7218736,2155720
11/22/2016,295.5969543,297.6914706,292.8624641,296.7217915,2063646
11/23/2016,296.120575,298.1569008,293.4054738,295.946028,1801756
11/24/2016,297.8079224,299.6891145,292.0674252,296.7218862,4187488
11/25/2016,311.0535889,314.9516931,298.6804772,299.4174426,5477332
11/28/2016,312.6439209,314.6220804,306.5543316,312.6245321,3033048
11/29/2016,312.3530579,315.6111894,310.0258278,312.6245728,1647360
11/30/2016,311.7710876,314.3504424,309.5214378,314.1758955,3063460
12/1/2016,311.4996338,312.8184065,307.194269,311.80995,2512750
12/2/2016,307.8149109,316.8523387,306.4185825,310.9566852,2103394
12/5/2016,307.7373962,310.8597585,303.3932287,306.2440761,1507316
12/6/2016,302.8889465,310.8790921,301.9192675,309.5215415,1557628
12/7/2016,304.6149597,306.0694783,299.0877893,305.1386006,1621702
12/8/2016,308.2997437,309.1336771,303.7034745,306.0307042,2063636
12/9/2016,311.5773621,312.5858428,303.8005385,309.1337748,2699554
12/12/2016,310.2197571,311.6742758,306.6707455,308.7458495,3011062
12/13/2016,310.6657715,311.8099975,306.8840233,310.7045492,1877952
12/14/2016,318.3649597,319.7225101,308.842718,312.6632433,3721154
12/15/2016,322.7674866,325.8122703,318.8305788,318.8305788,5601630
12/16/2016,318.2874451,324.1830985,316.1929525,324.1830985,2632882
12/19/2016,319.8776245,320.7309465,316.1152663,318.2873372,2148158
12/20/2016,321.9916382,323.5431247,319.7419638,319.9940899,2804568
12/21/2016,318.3649597,324.5709044,316.6195378,323.8727404,2063788
12/22/2016,316.9298096,319.1794833,312.6244452,317.3952601,1582514
12/23/2016,307.8731079,316.5032517,306.8064609,316.5032517,2905268
12/26/2016,306.5737305,309.4439662,303.8198278,307.1555379,1117150
12/27/2016,312.1783752,314.1371453,305.2548783,305.9918436,1011418
12/28/2016,313.0317993,317.1820306,311.9069858,314.1760254,1434432
12/29/2016,317.8026733,319.9553803,312.3530806,313.0512449,3560002
12/30/2016,321.1382446,321.9333765,316.0765258,318.8304042,2051884
1/2/2017,321.3516846,323.4849788,318.9468754,319.2183903,842486
1/3/2017,323.9309998,324.6485528,319.4122858,322.321323,1437066
1/4/2017,332.3865967,333.5696004,323.1164553,324.0861344,4233756
1/5/2017,327.6157837,337.3513522,325.8509488,333.5696038,4157614
1/6/2017,315.8826599,325.9285208,312.9154325,323.8728059,5591598
1/9/2017,325.152771,325.8703477,312.6051337,312.8184583,3839588
1/10/2017,324.9781494,327.3635688,323.6787893,326.8593405,2613934
1/11/2017,323.1940613,327.5576175,320.6728955,325.6182592,2766112
1/12/2017,328.7987061,329.6520282,321.952764,321.952764,3290556
1/13/2017,329.7878113,332.7744272,325.2690979,329.7684224,4573998
1/16/2017,322.1467896,328.8763768,320.6922709,328.8763768,2429338
1/17/2017,324.9394226,327.1696842,320.769803,320.769803,4099262
1/18/2017,327.3829956,327.964803,324.3576021,324.8424415,2168782
1/19/2017,327.4218445,330.2533026,324.8812664,327.3636543,2112076
1/20/2017,325.3272705,327.7514678,323.3685239,325.81211,2219790
1/23/2017,332.5223694,333.7635634,321.1577345,323.4849644,3969016
1/24/2017,329.2254639,331.2424013,320.7310886,326.5879413,7390624
1/25/2017,326.2970276,332.5223629,324.8618977,330.8545195,3855738
1/27/2017,327.4412231,329.6520961,326.0642836,327.3636441,2699128
1/30/2017,325.9090881,326.7430215,321.1964391,322.3600538,1899068
1/31/2017,314.6220093,324.7648358,305.2936798,323.9697039,9645094
2/1/2017,318.0607605,320.229485,304.2668655,314.5634355,9033230
2/2/2017,323.218811,325.934588,316.5758568,318.080281,3760086
2/3/2017,324.6255188,326.5597954,319.1939177,322.3786374,2257058
2/6/2017,322.0270081,326.8724672,319.0962926,326.2863241,2185076
2/7/2017,318.7445068,323.4336499,317.2986829,321.987826,2605080
2/8/2017,315.9311218,320.0536567,314.4657641,320.0341234,2824810
2/9/2017,320.3076477,321.3236195,313.4106882,316.8884799,3130268
2/10/2017,323.7072754,324.3324851,317.4159924,321.2454555,3550994
2/13/2017,323.2774353,325.7587886,320.8156392,324.7232596,1209256
2/14/2017,325.1139832,326.0713548,322.1832682,324.0198543,2246504
2/15/2017,324.4497375,327.6930579,321.4408649,325.1140378,1995766
2/16/2017,330.1939392,330.9363967,323.2579127,323.2579127,3441322
2/17/2017,327.947052,332.1477441,324.7623317,332.1477441,2079702
2/20/2017,329.8031006,330.9753865,327.1654573,329.0215767,1331008
2/21/2017,332.6557617,337.0323019,329.8422699,329.8422699,3074096
2/22/2017,325.9737549,338.009223,324.5474637,333.0465395,3487340
2/23/2017,329.3536987,332.5384182,326.286227,326.286227,6776184
2/27/2017,328.2205811,332.675254,326.6965996,330.1548579,2385238
2/28/2017,328.2791443,330.5846496,326.6184058,329.8031256,2286110
3/1/2017,331.7959595,332.5384167,328.0641877,329.4123211,2193694
3/2/2017,329.7054138,333.515343,327.9665183,332.1476761,1735692
3/3/2017,333.2809143,334.0233478,326.3448889,329.803123,1712464
3/6/2017,334.3163757,339.0641429,330.6236706,332.4211898,3084616
3/7/2017,335.0198059,336.719635,333.0073958,336.719635,1494044
3/8/2017,331.2489929,335.2738372,329.9008591,334.8830752,1458528
3/9/2017,329.9399414,333.7108049,329.1584173,333.7108049,1533834
3/10/2017,330.7214661,335.2738537,328.5918319,331.8937523,1412616
3/14/2017,333.5544434,338.0091398,332.1477097,338.0091398,3171728
3/15/2017,329.373291,334.4531969,327.1654762,332.3430726,2478532
3/16/2017,334.2579041,337.5793818,331.9914648,336.368005,3690466
3/17/2017,338.3022461,340.3537469,333.3200299,334.9807687,3987020
3/20/2017,337.755127,343.4797998,336.5047076,340.7249325,3392968
3/21/2017,335.7817688,341.6822891,332.9096778,338.0091169,7366514
3/22/2017,341.0375366,341.7995273,331.5615581,332.4212393,3364236
3/23/2017,342.5614624,343.8705054,339.5525907,340.3731812,2848278
3/24/2017,341.1548767,342.5030108,340.412443,340.8618051,1751020
3/27/2017,332.987915,341.213452,330.9950141,339.1814844,2353860
3/28/2017,336.0163879,340.2561478,332.9879812,334.3165582,1796222
3/29/2017,342.9327393,343.6751966,335.8990229,338.1654617,4242538
3/30/2017,342.2488708,344.5348427,338.0286462,339.9629228,2927478
3/31/2017,341.8190918,347.8368367,338.790686,345.4336406,4314580
4/3/2017,338.4975281,343.1866713,335.4691231,341.5649997,1874754
4/5/2017,332.3430481,339.5721444,330.7409336,339.5721444,3578706
4/6/2017,333.5154114,334.7072309,330.975458,331.3662201,2089810
4/7/2017,331.8742065,335.5082889,330.9363919,333.6717263,2059774
4/10/2017,325.524353,335.0784909,324.7232955,331.7570131,1485086
4/11/2017,325.8173828,327.4585881,322.7694437,326.286302,2620546
4/12/2017,324.9772949,326.266805,323.1602417,324.8600472,1311888
4/13/2017,316.1655273,325.3093678,314.719727,325.3093678,2293364
4/17/2017,316.829895,319.4480058,312.6682931,312.6682931,1404094
4/18/2017,315.7553101,320.4053886,314.1727283,317.2988251,2028564
4/19/2017,315.9701843,320.2490335,314.1531551,315.1495936,2636200
4/20/2017,318.4319763,318.8227383,315.9701565,316.8103044,1079608
4/21/2017,317.5918274,320.9914617,315.6575507,319.252566,1780310
4/24/2017,320.2489624,321.9878579,316.2241189,317.6894763,1373968
4/25/2017,320.4053345,322.7108162,317.9239812,321.9879159,2194602
4/26/2017,312.7073975,321.2064739,311.2615728,321.1674072,1918248
4/27/2017,316.4000244,320.4248686,311.1247369,311.4373418,5640334
4/28/2017,318.1193542,320.4248597,312.5119287,317.6504589,2794138
5/2/2017,321.2259216,322.5545221,317.1815442,318.92044,1722732
5/3/2017,326.3253784,327.2632169,320.8156431,322.3591579,1989864
5/4/2017,319.6432495,329.2559832,315.7942542,326.7160307,2758496
5/5/2017,324.176239,325.1140776,318.1975835,320.7961611,1856816
5/8/2017,328.3183899,330.1940436,322.6523383,324.273987,1581634
5/9/2017,332.0501099,334.0429871,328.2206459,330.1939898,1814522
5/10/2017,329.6468811,332.4994634,327.4976897,331.6593154,1515412
5/11/2017,327.7321777,335.5864864,326.5208009,335.1957243,7029834
5/12/2017,331.2295227,331.4444371,327.8689541,328.2401829,3295402
5/15/2017,331.5811462,332.147756,330.1939457,331.5616129,1375146
5/16/2017,331.9913635,334.5313164,331.3856872,332.1476779,5948804
5/17/2017,333.5349731,334.2188068,329.099833,332.9292967,2747118
5/18/2017,331.5224915,340.8421556,329.9008196,332.4798393,7317362
5/19/2017,330.0766296,333.906092,329.8421582,333.3199491,2896062
5/22/2017,335.0588989,336.9345519,331.3661931,332.1477171,5784538
5/23/2017,337.9701233,340.2756052,335.7232414,337.2276658,6427042
5/24/2017,336.3764038,337.5962426,330.5330611,336.3960976,4033036
5/25/2017,338.245575,341.3541701,335.4911321,338.5013543,5896078
5/26/2017,338.0488281,340.7639314,336.6125973,337.497954,2604830
5/29/2017,340.1539917,343.12485,335.0385983,337.970117,3686630
5/30/2017,341.6098938,343.1051577,335.628814,340.1539694,2826830
5/31/2017,340.0752258,342.0623543,337.7142755,340.0161925,5747114
6/1/2017,339.2882996,342.7313528,338.0684846,339.5834184,1843166
6/2/2017,337.5765686,342.2197663,335.9238985,339.5046637,2223574
6/5/2017,337.8914185,341.1180561,336.8289858,336.8289858,2816618
6/6/2017,349.991272,357.920117,340.8032244,344.5020568,13253770
6/7/2017,346.4694214,352.1357111,340.1932243,351.5257798,6733948
6/8/2017,341.6884766,346.4300703,340.3702891,346.2726641,2830620
6/9/2017,338.6980286,343.478963,337.0650282,340.9802759,2701028
6/12/2017,340.586731,341.8065696,335.2745931,339.5046288,2065426
6/13/2017,333.3465576,340.3310364,331.4381082,339.1899007,2487790
6/14/2017,335.9042358,336.8486016,330.9265557,334.2712355,1801536
6/15/2017,332.2644348,335.6484542,331.1232992,335.6484542,3547290
6/16/2017,330.1396179,333.2875523,328.5656507,331.3200933,3824660
6/19/2017,331.5168457,332.8547274,326.7162409,330.3363703,1690856
6/20/2017,336.1402893,336.4550779,331.7135076,332.500491,2082258
6/21/2017,331.8906555,336.0419891,329.78546,336.0419891,1819308
6/22/2017,334.1336365,336.0420625,329.0379119,334.0746031,2895584
6/23/2017,335.1959534,337.6159374,331.4577816,334.4680032,2161888
6/27/2017,330.6117859,338.0094263,327.8573435,335.2549839,2184790
6/28/2017,333.8384399,337.3208326,327.8966996,329.9428617,2476764
6/29/2017,333.5235901,337.2224221,331.5167918,335.2156238,2984220
6/30/2017,334.8221436,336.8092721,329.9034966,333.858084,2257114
7/3/2017,329.8052063,336.0223728,327.5032645,335.2550589,3953676
7/4/2017,331.1430054,334.448346,329.7461143,333.8384385,1981500
7/5/2017,329.5493774,331.0053019,328.6049875,330.1396151,2420508
7/6/2017,330.7887878,331.4773983,328.8409992,330.5330086,1373060
7/7/2017,327.3457642,330.7297833,326.1259254,330.7297833,2303234
7/10/2017,334.3302917,335.9632682,329.746103,329.9035093,390438
7/11/2017,334.7238464,341.9444122,332.7563872,332.7563872,2993400
7/12/2017,336.0419922,337.8127053,332.9137276,334.5073646,1205956
7/13/2017,337.8520508,339.9375765,336.6322358,336.8683213,1912818
7/14/2017,334.6058044,338.560417,332.5203023,338.4030106,1288116
7/17/2017,341.5902405,342.3378845,332.0677576,334.0745563,1818014
7/18/2017,346.5481262,347.9646867,341.6884896,341.9836083,1977378
7/19/2017,352.3325806,353.985227,348.2402561,348.2402561,2912888
7/20/2017,348.4959717,353.7490768,347.2171235,353.7490768,1613768
7/21/2017,356.0904846,357.2906301,347.8468249,347.8468249,2483620
7/24/2017,357.0545349,358.8645879,354.6148805,356.090475,3004440
7/25/2017,352.1948242,356.0707328,348.6337283,354.929597,3584666
7/26/2017,351.2701416,355.5198483,347.8467581,351.3881843,3023714
7/27/2017,350.3058777,365.1601848,348.3777593,355.3228953,9319652
7/28/2017,351.4274902,352.9227782,330.9265786,349.4206918,3042762
7/31/2017,351.348877,353.3556757,345.662915,349.4207573,1894566
8/1/2017,347.9255371,353.3557204,345.4858826,349.8142934,2664554
8/2/2017,347.059845,351.3882557,345.053046,349.4207963,1658180
8/3/2017,345.3836365,348.795086,343.490588,347.9274317,2544010
8/4/2017,351.2599182,352.7782948,344.3384243,345.0877674,1141420
8/7/2017,349.4261475,352.857312,347.6119807,351.0036921,1646970
8/8/2017,347.8486328,349.1895555,345.5217446,348.0852549,1731896
8/9/2017,346.5667725,348.89366,343.5102803,343.5102803,1071692
8/10/2017,348.2034607,349.4260478,343.4313749,344.3187436,1693074
8/11/2017,344.0229797,350.6881143,340.9664876,346.3104142,3384860
8/14/2017,339.2113953,346.4286785,337.6141367,344.2989844,808098
8/16/2017,340.9467773,342.5834893,335.6225651,340.7495843,2250010
8/17/2017,343.6680603,345.1272696,339.4678387,344.0624464,1602350
8/18/2017,345.58078,348.913347,340.5720723,344.6342439,2129910
8/21/2017,344.7131042,349.0316361,343.1947277,346.1723374,1339674
8/22/2017,345.4230652,349.5246904,344.4173854,347.4541633,1506462
8/23/2017,347.0597839,348.2232278,340.3552199,346.2315827,1509778
8/24/2017,342.1299133,348.6372834,341.5383342,348.6372834,1624246
8/28/2017,342.1889954,344.9102441,338.3239936,342.4453318,1792508
8/29/2017,336.2338867,342.9581653,335.2282069,342.3271572,1945588
8/30/2017,334.9126892,338.3832822,332.566087,337.9888961,3387850
8/31/2017,341.262207,343.2735901,331.3631279,335.2281059,5019082
9/1/2017,341.4398193,349.0317529,337.2001681,340.5918795,1600518
9/4/2017,339.4087219,344.6540771,337.9889414,344.6540771,1149942
9/5/2017,339.1325684,340.1579624,334.5971289,338.3832252,1095614
9/6/2017,335.6422424,343.904635,333.7294797,340.3551605,1658772
9/7/2017,338.8959961,340.6313047,335.7211926,338.1466769,2949318
9/8/2017,338.9747925,342.9186528,337.6338704,341.8932587,2320104
9/11/2017,339.4481506,342.0510895,336.0169865,339.9608478,1439608
9/12/2017,340.7693176,341.9327615,337.6536818,341.9327615,1698738
9/13/2017,343.6286316,345.0878651,339.8425344,340.7496176,2237308
9/14/2017,347.3752136,347.8681962,343.6285463,345.4821655,2327652
9/15/2017,349.84021,352.3248378,342.4454701,347.7696828,3502380
9/18/2017,353.9023743,354.3559279,350.6092598,351.0036459,1361938
9/19/2017,352.4431458,354.1587156,350.7078373,354.1587156,1095726
9/20/2017,350.7867126,353.6262973,349.0316897,352.9755506,1792966
9/21/2017,343.2341919,352.5811466,342.7412093,351.3191063,5197522
9/22/2017,348.8147278,351.0035654,342.9580808,343.1158449,6281534
9/25/2017,344.7131042,348.6372501,343.1552746,347.0597059,3550896
9/26/2017,344.5553284,349.7809427,340.8678049,346.6258548,3446850
9/27/2017,344.9498291,347.4344568,343.9441252,345.4625262,2541882
9/28/2017,345.1667175,347.3555556,339.8227907,344.94981,6193068
9/29/2017,345.0089722,349.524698,341.8144542,345.8766264,2360270
10/3/2017,348.0654297,349.9979311,345.7779952,346.4484564,2684244
10/4/2017,349.6627197,350.3923485,346.2710088,348.5978965,1240900
10/5/2017,352.2458801,355.6178758,349.090792,350.2147825,3552176
10/6/2017,358.0631104,358.4969254,350.1359362,350.1359362,3640948
10/9/2017,356.0517273,358.0039431,353.9417715,358.0039431,1206462
10/10/2017,354.7898254,361.6521551,353.8038599,356.9195206,3423160
10/11/2017,358.4772949,361.2577125,354.750341,354.750341,4337494
10/12/2017,361.2576294,362.8351736,357.4320798,359.6800852,2076624
10/13/2017,365.3987122,369.14538,360.4294571,362.7366061,2210684
10/16/2017,364.0183716,367.9228036,362.8352133,365.3987229,1651154
10/17/2017,364.1366577,368.297426,362.1647273,362.1647273,960424
10/18/2017,364.2944031,367.1734165,361.9675157,365.2014862,1160686
10/19/2017,363.7422485,365.2014817,361.4942432,361.4942432,58388
10/23/2017,369.6383667,372.2215908,363.6634077,363.9394828,3597394
10/24/2017,360.68573,370.525666,358.1222208,370.328473,3155652
10/25/2017,357.7279663,364.4128166,345.4822807,352.7389958,6147680
10/26/2017,342.7411804,358.8912934,338.3832195,357.6095388,11565142
10/27/2017,337.1803894,343.8257853,336.1155422,343.1356097,4592368
10/30/2017,329.8448792,340.5327593,328.1293089,339.1721221,7251452
10/31/2017,337.515625,339.4284121,330.101171,331.2843293,2958728
11/1/2017,332.3172302,340.2234271,331.2696495,339.9664661,3257662
11/2/2017,339.1363831,339.9665242,332.514942,333.7996992,2965682
11/3/2017,334.8868103,339.9665332,334.0171236,339.9665332,2761172
11/6/2017,334.0566406,338.0888066,331.1115769,336.8040494,2273368
11/7/2017,346.5880432,347.8728007,333.7602289,336.0135007,5960612
11/8/2017,347.3192749,349.7504405,342.0814186,348.6633382,3821814
11/9/2017,346.271759,351.2131335,344.8881742,347.6751045,1600452
11/10/2017,342.753479,348.2482968,341.0338904,348.2482968,3070800
11/13/2017,343.7219543,347.2402221,341.7454049,341.7454049,5322040
11/14/2017,343.8405457,349.7899548,342.3778942,343.1289927,2012894
11/15/2017,335.3611145,346.6867518,334.432146,346.6867518,3122146
11/16/2017,336.7645264,339.452629,331.5464307,335.8948397,2181070
11/17/2017,332.0603333,338.4643588,331.4673684,335.5786012,3096988
11/20/2017,332.9102173,335.4006646,330.8348405,333.246221,2260478
11/21/2017,331.1511841,334.511319,330.1233636,333.2858436,2987142
11/22/2017,332.9102173,333.760119,329.8465658,331.4870873,2269436
11/23/2017,337.4761047,338.3853128,332.9300404,335.2228332,2332448
11/24/2017,339.3340759,341.3501471,337.9900124,337.9900124,1646756
11/27/2017,340.2432251,341.152433,337.2388555,338.9782286,1592740
11/28/2017,339.6700439,341.5675267,338.7015298,340.3618363,2108650
11/29/2017,337.258667,341.1326994,334.4914976,339.9665303,1523670
11/30/2017,335.2227478,339.1363249,332.9694769,336.0133675,6822606
12/1/2017,328.1072083,335.9936454,326.9607999,334.8274764,2768524
12/4/2017,335.2030334,335.8948258,326.0713603,330.4790753,1793768
12/5/2017,335.2227478,337.1597757,331.7044805,335.1832265,1980098
12/6/2017,339.4130554,340.025805,334.0368507,334.2345056,3179456
12/7/2017,341.3500366,342.733621,337.4364597,340.0257583,2450146
12/8/2017,344.0975647,345.0265335,341.3106343,343.8010822,1739846
12/11/2017,347.8727417,348.6633616,344.6114347,345.6985371,1597008
12/12/2017,345.9752197,348.5842553,344.018431,348.2680123,2921624
12/13/2017,342.4767456,345.3229819,341.1722277,343.9196365,8609940
12/14/2017,348.9992981,349.8689846,340.836164,341.1524071,6365040
12/15/2017,352.5374451,354.3756462,349.849342,351.3910606,4469222
12/18/2017,349.8492737,352.5176156,346.192657,351.0747248,2615662
12/19/2017,343.7022705,351.4305759,341.9431363,351.4305759,3971188
12/20/2017,343.860321,345.8961768,341.5477677,343.9196272,2109744
12/21/2017,351.9246216,352.6164139,344.4928006,345.500836,2859366
12/22/2017,350.6003418,352.9722011,347.1215956,352.2211027,2104074
12/26/2017,351.2130432,353.1302863,348.6830505,348.7028112,2127136
12/27/2017,349.3156738,352.4583689,348.0901984,350.2446426,801620
12/28/2017,347.2007751,352.1619109,346.1334333,348.663427,2319726
12/29/2017,352.0235291,356.4707662,345.8962245,347.2007426,3093850
1/1/2018,347.3588257,352.1025446,346.2717234,351.430513,1286288
1/2/2018,352.9327087,353.8023954,346.6275104,346.6472952,1906518
1/3/2018,354.7116089,358.8623633,353.0117809,353.0117809,2583906
1/4/2018,353.0512695,355.5615019,349.0784098,354.1976779,1193460
1/5/2018,355.7986755,356.9648446,348.7819247,351.1340235,1492292
1/8/2018,355.976593,357.1230015,353.8419097,355.8382442,2353168
1/9/2018,353.3476868,356.9054753,349.8492044,355.9765068,2504270
1/10/2018,362.0446167,362.8945428,352.2606952,352.6164838,3400572
1/11/2018,362.4596863,365.6221657,359.7517988,363.2898275,4243446
1/12/2018,366.0175171,366.8476584,360.6215263,363.0922136,1980698
1/15/2018,359.4355469,368.073059,357.9531347,365.6616782,2536486
1/16/2018,375.2478638,377.5208953,359.7319526,361.3527133,8963404
1/17/2018,376.671051,380.9206327,372.8958461,375.5444274,5498922
1/18/2018,377.2244263,379.3591091,371.7889158,376.730289,1869500
1/19/2018,378.8254089,382.2646093,374.0224089,378.311511,4748438
1/22/2018,382.0077515,385.3876708,373.5678939,379.497543,4431318
1/23/2018,393.4716492,395.3098496,382.87735,383.4307935,5015202
1/24/2018,402.6034241,411.3990463,392.1474711,392.938091,9269776
1/25/2018,399.0851746,403.2161686,391.3766302,402.7417918,5307454
1/29/2018,400.8675537,404.4126054,398.0948914,400.0555646,4013296
1/30/2018,396.2530823,403.0262909,395.3024455,403.0262909,2711352
1/31/2018,390.7671204,403.1847005,388.8460712,396.0747976,3221144
2/1/2018,390.1136475,402.0162874,383.8157326,389.0045631,3055658
2/2/2018,392.4902344,399.1446203,387.3211794,388.1727926,3345056
2/5/2018,393.3813171,396.8075205,388.1726641,392.1336096,2177578
2/6/2018,377.8149109,383.7167314,375.5175665,382.2115765,3310994
2/7/2018,371.7545776,379.8547169,365.1992169,379.5378461,4051696
2/8/2018,374.0519409,381.4391152,371.3387025,374.6064831,2896536
2/9/2018,381.8351746,384.4493891,365.4170494,370.3484318,3456506
2/12/2018,371.9923096,385.3010805,371.2793198,382.4293942,2975588
2/14/2018,371.45755,380.1716322,368.4868402,372.2497393,2889532
2/15/2018,372.2102051,376.1513523,369.160271,373.9134075,2281842
2/16/2018,371.1801758,384.5879902,368.7640088,374.3093323,5698140
2/19/2018,362.1096802,372.2100923,356.5247319,371.4773028,2925546
2/20/2018,359.4361267,366.4668074,358.4656899,362.8227314,2462802
2/21/2018,373.4775696,375.4184184,361.238238,363.6148054,5569512
2/22/2018,372.7250671,381.4391495,368.9819678,373.5172564,8186574
2/23/2018,378.5080566,383.3800404,373.4776737,375.8542417,5675166
2/26/2018,374.7253113,382.270909,373.5370274,378.6268578,2112112
2/27/2018,376.2503357,379.69634,373.9133675,377.4782195,2879428
2/28/2018,372.4477539,379.5972567,370.6653282,378.2307497,5119548
3/1/2018,373.4378967,377.2602184,371.5366479,373.8339912,2772230
3/5/2018,369.199707,374.1707128,363.53556,373.4379234,3747704
3/6/2018,369.4771118,377.4782292,366.9817202,371.536809,2929756
3/7/2018,376.1116943,377.399002,369.8732032,371.5368057,5695220
3/8/2018,376.5473022,381.8351549,374.5272055,377.4781148,4238350
3/9/2018,373.5173035,378.6071107,372.3290194,376.2899664,1464728
3/12/2018,383.2809753,386.5883558,375.8938009,376.2898955,4946236
3/13/2018,379.0625,383.8156348,374.5470123,383.2809168,2513508
3/14/2018,382.2511292,383.479037,380.250856,381.0430453,2354082
3/15/2018,379.9141541,385.2416072,378.3693754,383.4195817,2590154
3/16/2018,383.2611084,387.9944435,375.1213696,380.2507992,9482072
3/19/2018,366.9816284,381.6767277,364.8031082,381.3202571,3318748
3/20/2018,371.2198792,375.3986725,362.6642209,366.38752,3707786
3/21/2018,371.2792969,376.2503039,366.9618799,374.3094305,3818980
3/22/2018,368.5857849,375.8541345,366.387465,372.7249779,3095286
3/23/2018,379.2210388,380.4687225,357.8913268,358.4656689,5478072
3/26/2018,383.0433655,384.6079443,374.3094824,379.1418424,3571336
3/27/2018,385.0237122,387.7369744,378.0722575,386.1921959,2495200
3/28/2018,383.6572266,388.8064565,378.2901495,380.8647644,4620172
4/2/2018,387.9746399,390.1135603,382.1520447,382.7461866,1295646
4/3/2018,383.9146729,391.7375408,381.4588816,385.2019802,2036000
4/4/2018,379.9537964,388.6678788,376.0918735,388.5688551,1804780
4/5/2018,381.0628052,389.8363102,378.8842849,384.2117621,2805104
4/6/2018,377.3395081,385.0039284,376.5274948,385.0039284,2515810
4/9/2018,377.577179,381.3004779,375.4976823,377.9930735,1708072
4/10/2018,375.6759644,381.023242,373.735091,377.5177899,2431772
4/11/2018,383.142334,387.2617278,376.8246197,378.2703748,3716964
4/12/2018,400.0754089,401.243893,383.1423621,383.3998333,8182766
4/13/2018,392.6287842,404.0165043,391.4405003,401.8379839,6361110
4/16/2018,396.0550537,398.7682924,386.6279816,387.7766658,3824528
4/17/2018,400.4517212,402.4321946,394.9261956,394.9261956,3729906
4/18/2018,394.8468933,402.3528908,393.3219388,401.9964202,2008262
4/19/2018,403.4421692,404.6106532,395.6985242,398.0750919,2301628
4/20/2018,420.7910767,425.4847879,403.9768807,404.0164805,9490598
4/23/2018,430.9509277,438.8728198,417.8798058,420.6524681,9086924
4/24/2018,420.6325989,435.6049926,419.1076445,429.722998,3993618
4/25/2018,423.3459778,428.3763605,414.3150005,420.593091,3002280
4/26/2018,426.7127075,431.0895236,416.5528719,418.2758737,6052212
4/27/2018,412.5918884,432.0005209,409.9578501,426.5938208,4764608
4/30/2018,416.9885254,427.386007,413.9386168,415.4635711,3147666
5/2/2018,396.2926331,416.6716802,394.3121601,415.8993151,15014958
5/3/2018,366.6647644,394.9063037,364.4070204,394.9063037,15276024
5/4/2018,368.3086243,373.9133736,359.5351417,365.5755855,8365006
5/7/2018,367.6550293,372.5864121,364.8229431,371.0614333,2576842
5/8/2018,364.4465942,369.5562237,359.297365,368.4471638,4080268
5/9/2018,368.1780701,371.8102408,365.5184501,366.7887189,2757280
5/10/2018,369.2498779,372.3064556,367.6223376,370.321668,3741482
5/11/2018,370.3016663,372.4452457,369.6069909,369.6467011,2117402
5/14/2018,367.3046875,372.1078867,365.3794537,372.1078867,3132296
5/15/2018,367.1856689,370.2422464,361.846586,365.3199639,4239330
5/16/2018,365.3001099,369.5277166,363.8115194,366.1932642,1963972
5/17/2018,361.1320496,367.9398797,359.1274192,367.9398797,2899904
5/18/2018,353.5699463,364.406878,352.1408852,359.246432,3517726
5/21/2018,355.6540527,357.4800474,352.1012785,354.0860659,2942476
5/22/2018,359.2068481,361.9061543,353.113536,353.4310972,2485094
5/23/2018,355.0189514,364.5657992,354.0265576,359.2465587,3734828
5/24/2018,361.906189,364.3673305,357.3411773,359.6236831,6309330
5/25/2018,363.6130676,366.7291743,362.0252376,364.3672966,2089082
5/28/2018,355.0784607,364.0100039,353.6891095,363.6130464,2651764
5/29/2018,359.2862854,361.0329084,355.2770237,356.8648539,1985832
5/30/2018,360.1793518,361.9458174,356.3090165,360.0404264,2374048
5/31/2018,361.3701477,363.1366129,357.6784489,360.4373075,5618644
6/1/2018,359.1869202,366.7489786,357.2616863,361.2312606,1939062
6/4/2018,357.5396118,363.9703279,356.9243326,360.0404391,1505886
6/5/2018,351.3272705,361.3107625,349.3424828,359.6236929,2547736
6/6/2018,360.8144531,364.3275166,353.2921051,354.066177,2337712
6/7/2018,365.7367859,367.582648,359.2465404,359.2465404,2137298
6/8/2018,368.6543884,371.5124869,364.3473856,365.5978112,2268428
6/11/2018,361.866394,374.1323887,360.3381176,370.361293,4105194
6/12/2018,363.1367188,366.7887326,361.8863172,362.4023571,2961048
6/13/2018,366.6696472,367.5032483,362.8389977,365.2008996,2113706
6/14/2018,371.9292908,373.1400062,365.6176576,368.3765167,3755080
6/15/2018,376.4348145,378.6974772,369.5872972,371.9293563,6186584
6/18/2018,370.4407349,380.0272437,369.6666629,378.8959246,2653666
6/19/2018,365.3795776,373.3584146,363.3749469,370.3217039,2812474
6/20/2018,361.6083984,368.6742363,359.8022469,365.597816,2820262
6/21/2018,358.2739563,364.0099965,356.9044482,362.0648953,3208902
6/22/2018,359.1670532,365.9153291,357.996024,360.0602074,4036700
6/25/2018,360.7946777,364.2085025,358.8495763,359.2068478,4255720
6/26/2018,361.3900757,363.414549,359.881618,360.8343256,3249236
6/27/2018,365.6177063,367.1856933,361.3504131,362.1046421,5751028
6/28/2018,361.0724792,369.1505777,359.2067987,367.7612267,13566568
6/29/2018,367.6818848,368.6742785,362.5611233,362.8588414,6059554
7/2/2018,367.6222839,370.1429783,365.5382573,367.9795553,1776396
7/3/2018,372.1476135,373.1003211,364.069539,369.1704326,2054476
7/4/2018,367.443634,372.544527,366.7886446,371.9292479,1547894
7/5/2018,369.5872192,371.3536847,365.5978018,368.4161899,3416140
7/6/2018,374.6881409,376.9309359,366.3917206,371.1552099,5055508
7/9/2018,381.694397,383.0639049,375.482028,376.7125863,3711984
7/10/2018,388.8395996,394.972596,387.0532914,394.972596,11042854
7/11/2018,394.3574219,397.3941321,388.6809346,390.4870864,10209714
7/12/2018,399.3591309,404.8172971,397.7514577,399.3194448,10093442
7/13/2018,390.3481445,396.0841852,387.4305166,395.7666241,11524056
7/16/2018,385.8823853,393.3452058,385.1281805,391.0031468,3404444
7/17/2018,389.1373291,390.6060763,384.6517154,387.9067709,3241946
7/18/2018,392.9481506,395.6871422,390.6259352,391.360321,3784400
7/19/2018,389.8518982,394.7741802,387.6289462,392.9878717,1501536
7/20/2018,396.6398926,398.7437622,389.2366264,390.4473418,4379550
7/23/2018,398.8826904,401.3041455,393.4245254,398.1483288,3296730
7/24/2018,393.6229858,400.530055,392.6504595,397.5528742,2925630
7/25/2018,382.7861633,394.3773287,381.0792507,394.1788499,5643672
7/26/2018,378.1417236,384.2350361,375.1446992,382.7861315,7970088
7/27/2018,382.4486389,384.9296228,377.3080354,380.6821735,4929768
7/30/2018,375.9782715,389.4748253,374.3705744,386.2396122,6447110
7/31/2018,383.1036072,383.6593573,376.0576128,377.2484851,4771570
8/1/2018,388.4824219,389.0183047,383.0639429,384.2548153,3568096
8/2/2018,382.0583801,391.4059823,381.2827232,388.2238199,3200706
8/3/2018,383.3113403,385.7974046,380.8451597,384.2659744,2289018
8/6/2018,380.4674683,385.2605977,379.0752716,385.0418288,2165794
8/7/2018,385.3598938,386.2151097,381.5015167,382.2175227,2235882
8/8/2018,383.6694641,385.7577589,380.7657448,385.4395474,1517966
8/9/2018,380.5270996,385.0219007,379.910536,385.0219007,2005458
8/10/2018,384.2461548,384.9621366,380.3877776,382.3766293,2417448
8/13/2018,391.0082703,391.5054832,384.0472889,384.2262904,2885640
8/14/2018,397.6510315,398.5658985,389.4171802,393.0567887,4962034
8/16/2018,396.6764526,403.6573169,394.7074847,396.8952215,5908118
8/17/2018,398.983551,400.8729602,395.8013882,397.7703563,2960410
8/20/2018,393.0965271,400.3558356,392.5993142,399.7591801,2829604
8/21/2018,399.6001282,403.3391796,397.1140632,398.4863759,9839198
8/23/2018,407.9730835,408.9476012,401.7479691,401.7479691,5537558
8/24/2018,407.0583191,413.3033434,405.7854733,409.8824792,4540390
8/27/2018,413.2834473,413.8005682,407.7146616,408.112432,2488450
8/28/2018,413.9794617,416.3660836,412.4480556,413.6811339,2626156
8/29/2018,410.8370667,414.1385797,408.51012,413.004944,4063384
8/30/2018,404.3534546,410.8570145,403.1601435,409.3057004,4883942
8/31/2018,416.2467957,419.6477518,405.5269033,406.1235589,6558672
9/3/2018,417.3208313,422.0344009,415.5109565,418.8522377,4454306
9/4/2018,428.1401062,429.1942073,418.0566375,418.1163128,5584742
9/5/2018,429.1743469,432.376418,424.8187805,427.921409,5701112
9/6/2018,433.0924072,433.4901776,423.7845707,427.6031566,5991810
9/7/2018,427.1854858,432.3565008,423.7646702,432.3565008,4379878
9/10/2018,433.0525513,436.3142972,428.3986577,428.3986577,8205078
9/11/2018,431.620636,437.1496541,430.3875575,433.5697206,8472420
9/12/2018,432.296814,437.1495926,430.4272643,434.3652003,4139134
9/14/2018,425.8927612,432.9531861,423.705024,431.1831271,7290574
9/17/2018,428.9555969,431.3422193,425.6342239,425.6342239,3018112
9/18/2018,431.1432495,433.967409,428.9555128,429.5919356,2745526
9/19/2018,432.4957581,436.930859,430.0295525,430.785326,4439812
9/21/2018,431.5410461,434.3652058,429.0152142,433.9674355,6595630
9/24/2018,436.0756836,439.9340368,429.8108002,431.938862,4432578
9/25/2018,444.0508728,447.5115036,435.2800667,438.3428786,5664544
9/26/2018,433.629364,445.8408945,431.6405122,445.5425668,2870394
9/27/2018,434.4448242,439.3175118,432.9730931,435.1409224,5731064
9/28/2018,432.6944885,437.4478235,431.7795975,434.4048714,4445086
10/1/2018,436.9109192,437.9451123,429.9897061,431.660322,3406600
10/3/2018,434.086853,438.2236263,427.1258711,437.5076687,4730720
10/4/2018,428.4385071,434.7033912,422.0344131,431.5212278,3891118
10/5/2018,431.1831055,436.751891,425.6540873,426.4098608,2895914
10/8/2018,426.4496155,431.4018859,416.863359,425.6143074,2311830
10/9/2018,424.9777527,429.2140156,415.0533556,424.2219795,2694524
10/10/2018,418.3749084,422.8498253,413.1044509,421.2388358,4523678
10/11/2018,401.3502502,407.9134605,396.9747768,407.9134605,6266576
10/12/2018,391.8635254,400.5547991,387.6272609,399.0830437,4651748
10/15/2018,398.9437866,400.2166566,389.814952,389.814952,3614908
10/16/2018,399.1227722,402.7424726,393.4147532,397.7703433,3003220
10/17/2018,407.4163208,412.0901229,400.5547816,400.5547816,3253970
10/19/2018,381.2629089,405.4871348,379.1944981,404.1347058,6869592
10/22/2018,389.8348999,392.9574123,380.7259717,383.4506894,3774108
10/23/2018,378.4983215,391.2468547,376.927124,385.8371884,2948962
10/24/2018,390.0933228,394.0113503,376.2111301,387.8260273,8442982
10/25/2018,399.6995239,402.3248228,385.0416963,389.3376112,6176258
10/26/2018,384.4848328,397.7504893,382.6550988,397.7504893,3615756
10/29/2018,392.0624084,394.5683571,379.3735228,383.9279988,2786080
10/30/2018,400.5122681,405.3350906,389.2922791,393.5172085,6121068
10/31/2018,420.7401123,424.7657517,399.3762811,400.6915873,6582228
11/1/2018,402.1264343,421.477419,399.9740976,420.5009198,3946070
11/2/2018,400.4125671,410.3371968,396.646014,404.9563788,5575206
11/5/2018,406.8495789,408.2047574,400.0936589,400.7712481,1938928
11/6/2018,410.0980835,415.3194605,403.9998032,407.6468121,2921884
11/7/2018,411.1544189,412.4697012,409.2412192,410.1380225,139254
11/9/2018,409.6994019,417.3122517,403.959854,415.7179356,7343566
11/12/2018,413.2468262,422.0952626,411.3535755,411.5129682,4782454
11/13/2018,411.8118896,420.4411365,410.2773699,414.4624503,2737474
11/14/2018,397.4231567,411.0944375,383.831621,410.9349961,3033632
11/15/2018,394.0950623,410.1378701,391.3249328,398.5392287,3582306
11/16/2018,407.4275513,413.6453997,396.0879713,397.3833533,6698234
11/19/2018,414.5620422,415.6382348,404.258784,407.4274921,4180070
11/20/2018,402.1463928,412.5293736,399.8944111,412.5293736,2628564
11/21/2018,392.6602783,404.1592776,390.4282204,399.7948309,2503064
11/22/2018,390.2289429,399.37634,388.7741435,393.7962314,3129880
11/26/2018,398.7783813,400.9307182,383.8316654,392.4011159,4758562
11/27/2018,407.8061829,410.1378607,395.7890142,398.0609198,4103018
11/28/2018,415.7579041,417.6113068,403.5015951,407.8261935,2460574
11/29/2018,403.9400635,416.6547244,401.9670917,415.8376663,3260512
11/30/2018,404.5578003,409.0617637,400.2730748,405.7535376,4219388
12/3/2018,405.8332825,408.8226017,400.4524641,406.9891474,2908898
12/4/2018,413.0276184,415.7180275,405.3748943,405.7933976,2836286
12/5/2018,418.9265442,421.6966492,407.3478029,413.1072509,3873412
12/6/2018,403.5613403,424.6860327,402.1663135,418.2489705,4051262
12/7/2018,383.4131775,398.5791077,372.452252,398.5791077,21093670
12/10/2018,375.4615173,386.9007425,373.50847,382.6160171,6182964
12/11/2018,381.3804626,384.6886892,370.9576321,375.0629926,5605848
12/12/2018,387.1199646,388.2160572,375.9796735,384.6288451,3653708
12/13/2018,389.8302612,391.6238671,384.0110164,386.6416286,2756644
12/14/2018,383.1142578,386.1434494,378.6501668,385.0274327,4611032
12/17/2018,387.2794189,388.2160702,380.2046394,384.6687062,2792580
12/18/2018,392.6802063,394.1150816,382.3968685,386.6018739,3874502
12/19/2018,381.4999695,392.0423665,380.2444357,390.6074916,6117266
12/20/2018,382.436615,384.509231,377.8529557,377.9725246,4527954
12/21/2018,380.4238281,384.2302537,376.6572508,381.4601241,10439250
12/24/2018,373.8074341,381.001807,372.7312899,380.643076,2941564
12/26/2018,375.7803955,377.733443,371.0771667,373.8672206,2434064
12/27/2018,378.1718445,382.6359353,375.7205976,378.2515652,5096808
12/28/2018,381.978241,383.8316434,378.6501155,379.4871218,1556666
12/31/2018,384.369751,385.266554,380.8821838,383.6124653,1437004
1/1/2019,382.5761414,384.6288335,379.7860876,383.4330962,717468
1/2/2019,377.1953125,383.433085,374.3255625,382.2373477,2270096
1/3/2019,377.9924011,382.6358564,376.6571711,378.6500662,2809224
1/4/2019,371.6153259,378.8694726,368.6857784,377.055942,3077278
1/7/2019,375.282196,378.6501947,373.0302384,374.624555,2344752
1/8/2019,376.7170715,377.8530123,371.9141736,377.8530123,3031576
1/9/2019,374.0267029,378.0722669,371.5953553,377.454474,2471720
1/10/2019,373.0102844,375.8601351,371.4757644,375.8601351,1832096
1/11/2019,374.6842651,375.0629201,366.6927593,372.6714456,4331368
1/14/2019,373.5483704,376.2587036,369.8814375,375.0629662,1956808
1/15/2019,377.733429,381.0017825,370.2799947,370.2799947,3693892
1/16/2019,373.9668274,380.3241687,373.3689588,377.8529735,1701242
1/17/2019,380.5235291,381.4402563,371.9142046,372.7113629,3690234
1/18/2019,385.1470642,386.1235881,377.1954045,378.0922077,4685056
1/21/2019,384.9277954,391.2054167,383.4530478,386.2431017,3265418
1/22/2019,374.9632263,384.4494025,373.4685549,383.4330308,4791592
1/23/2019,376.4380798,378.6302651,374.1462497,377.6537414,5641586
1/24/2019,377.2352905,380.1249897,374.3655154,376.6174976,2954782
1/25/2019,386.3826294,388.8936731,377.0957159,378.2516052,4310008
1/28/2019,389.7307129,390.6075919,384.1904769,387.8175377,3029930
1/29/2019,393.9755554,396.5264473,383.0744014,389.8103985,4733138
1/30/2019,405.9129944,412.5293982,399.1769974,405.753553,14053348
1/31/2019,400.6517029,407.8062024,393.2979139,406.3912271,9058428
2/1/2019,416.0567627,418.5080338,402.7641601,402.8040083,6460222
2/4/2019,416.4354858,421.6170144,414.6418798,416.5151822,4133944
2/5/2019,418.4121704,421.3074109,415.9162734,417.912991,2368564
2/6/2019,421.3873596,425.2809598,417.3539989,419.7101359,2331000
2/7/2019,424.4622803,430.4125091,421.7068,421.7068,3251088
2/8/2019,426.6785583,429.6936214,422.5254248,423.3041252,3733802
2/11/2019,431.0316162,432.8885742,424.5023564,426.5389996,3157886
2/12/2019,422.8249512,430.6520746,420.4089033,429.6936404,2788882
2/14/2019,423.8233032,427.2975724,422.1260932,427.2975724,1970720
2/15/2019,422.2059631,426.2393232,415.9163023,425.7800684,2492120
2/18/2019,417.8332214,428.0963323,412.3222603,423.6237035,2550698
2/19/2019,414.9379578,419.7899432,413.8597009,418.5120632,1837440
2/20/2019,422.4855042,423.9031933,409.7264968,416.2557543,2558354
2/21/2019,420.668457,423.9031297,416.3555277,423.3041144,2603154
2/22/2019,425.7601624,427.4972972,416.9146924,416.9945416,2844492
2/25/2019,432.1896362,433.2878312,424.4822848,427.5372733,2340940
2/26/2019,422.8448792,437.6605141,421.2874297,431.5306008,3726370
2/27/2019,423.4439697,425.7002708,414.5186502,423.3042092,3325110
2/28/2019,420.8682251,427.2776606,418.3922656,427.2776606,6661660
3/1/2019,420.3490295,423.8632724,416.8148487,421.3074639,2295910
3/5/2019,420.329071,423.2243118,417.393857,422.3856513,2117558
3/6/2019,416.6151428,424.1028341,414.7581856,423.5437434,2807252
3/7/2019,413.1408691,419.510379,412.1225236,418.352273,2073614
3/8/2019,402.9576416,411.3039079,401.7396485,411.0842982,3176094
3/11/2019,401.100708,408.0293095,399.7429301,402.1389916,4547588
3/12/2019,404.6747742,407.1307467,399.3635099,402.178877,4902188
3/13/2019,410.6650085,416.5154024,404.9743619,406.8113572,6803340
3/14/2019,402.0391235,415.5369552,400.9808534,413.320579,3793832
3/15/2019,411.0443726,412.8613566,402.8578047,404.135709,5207688
3/18/2019,404.6348267,415.2972793,404.0957227,412.1624424,1690728
3/19/2019,413.7997742,416.1159863,404.5749478,407.3703527,3242552
3/20/2019,414.4985962,421.1077511,411.9228499,416.115957,4408802
3/22/2019,409.2672119,418.5120245,406.5317185,414.5185891,5237090
3/25/2019,406.3919983,410.9245381,404.0757861,410.9245381,3055910
3/26/2019,413.1608276,416.8348176,403.9360014,404.6747772,3311446
3/27/2019,416.5752869,421.8466029,407.3304728,407.3304728,2911690
3/28/2019,432.4491272,434.62553,419.310715,419.8698057,8627614
4/1/2019,443.5708008,447.2647282,432.1096616,435.284423,4617730
4/2/2019,440.3161011,447.2646872,436.2827418,443.2712525,2787844
4/3/2019,447.5045471,452.5762414,435.9036417,440.3163604,5296628
4/4/2019,438.4992981,446.4861708,431.8901414,446.4661841,8444208
4/5/2019,436.4026184,441.1348294,433.4873912,435.4241975,3409044
4/8/2019,437.8202209,439.6771779,431.6703215,437.281117,4027848
4/9/2019,446.5260925,450.7990499,437.7604705,437.8203818,6500982
4/10/2019,438.7586975,449.3812739,437.7603387,447.2647338,4826866
4/11/2019,434.8252869,439.7172462,433.2878237,436.2030516,3035580
4/12/2019,432.6687927,439.6173809,429.9332989,434.8053199,2839484
4/15/2019,440.5756531,442.4725344,433.2876352,434.885009,3868302
4/16/2019,442.0932312,445.7671718,440.2162875,443.0716033,2401182
4/18/2019,440.3362427,448.8222944,435.484208,442.4727212,4055238
4/22/2019,439.7172241,444.9885888,437.2812379,440.6756585,2230516
4/23/2019,440.0765381,444.0499864,437.9200734,440.3161344,2135528
4/24/2019,454.8323364,456.0902784,438.019982,440.4759547,5681646
4/25/2019,452.7359009,459.8043131,450.8789918,455.6511292,5361098
4/26/2019,455.151886,467.1721191,453.2550038,455.2517219,3465934
4/30/2019,472.5631714,474.2603814,455.2516386,455.2716252,8310400
5/2/2019,463.2584229,471.4249775,461.840734,467.231871,4226194
5/3/2019,456.469696,458.9056821,449.7607044,456.8490529,5710316
5/6/2019,453.6742249,457.0087335,450.4794767,455.2116877,2827130
5/7/2019,451.9571533,459.2451746,445.6674911,454.1934679,4689204
5/8/2019,452.2964783,455.2516302,448.2231937,452.0568819,2987822
5/9/2019,453.8939209,457.2484169,443.3113156,449.0618731,4962690
5/10/2019,433.9467468,443.6707541,428.4158475,443.6707541,15535450
5/13/2019,432.7486572,439.5774223,430.4923564,434.6056145,3368062
5/14/2019,426.4390564,432.7487048,422.1061881,432.7487048,4388014
5/15/2019,426.2792358,433.8867497,424.4422653,428.4756253,3240598
5/16/2019,428.9998474,432.2805915,422.5183584,432.0605695,2226902
5/17/2019,425.1790466,430.9003992,423.9987912,430.120237,2780046
5/20/2019,429.52005,433.6210051,420.5979527,426.0992338,2380474
5/21/2019,422.5383911,429.7000687,421.1580892,428.6598362,1613426
5/22/2019,424.4989624,430.1002682,421.578262,422.8985893,3424864
5/23/2019,426.6593018,428.4997203,420.1977883,425.6990685,3884200
5/24/2019,426.4792786,429.700048,421.7381845,428.4997685,4340468
5/27/2019,425.7792664,432.5008533,423.3787066,428.9000136,3164414
5/28/2019,428.6199036,436.0816033,422.1983876,428.4998561,10631688
5/29/2019,434.1011353,438.1020674,427.3795498,428.6598773,4354812
5/30/2019,431.3804932,439.4423814,427.2995618,435.3014263,4745448
5/31/2019,437.1218262,439.8624547,432.1206614,434.1011031,4255094
6/3/2019,446.1839294,447.7043032,434.9613442,439.6424152,3400394
6/4/2019,434.4411316,445.4637173,432.5006896,445.0636241,4128970
6/6/2019,431.7805786,440.562654,430.3202774,436.1016049,4701806
6/7/2019,431.9405823,434.9812806,428.599814,433.3009088,3272806
6/10/2019,436.5816345,440.8226611,432.6607509,434.8612632,2056008
6/11/2019,443.2632751,446.8840894,437.6619702,440.102529,6485078
6/12/2019,443.3433838,444.1035708,436.6218455,442.9032909,3136202
6/13/2019,440.4624939,442.5429584,437.3017487,441.3026796,3951850
6/14/2019,434.9012756,441.042696,433.7009961,437.3418342,3467872
6/17/2019,430.0601807,435.1813442,428.699854,433.7010189,2487348
6/18/2019,435.9414063,437.7618493,429.9600343,430.0600576,1412162
6/19/2019,433.7410278,438.7421928,431.22047,436.141587,2437878
6/20/2019,435.0414124,436.5017626,426.3594078,428.0998038,1895088
6/21/2019,430.6003113,437.1618496,428.5598457,437.1018259,4695110
6/24/2019,431.2604675,433.7210505,427.3395347,431.7005603,1350104
6/25/2019,431.7005005,432.5406863,424.1587545,431.2604078,2203934
6/26/2019,431.6004639,437.1617681,428.9798343,428.9798343,3277734
6/27/2019,425.1990051,433.721009,424.0787247,429.8201007,2776050
6/28/2019,425.9592285,430.4802523,423.5786447,428.379763,2829874
7/1/2019,419.7377319,428.0596893,419.0375689,426.9994327,2467696
7/2/2019,424.0987854,425.9592285,417.2972011,421.298133,2014050
7/3/2019,420.5779114,425.9991932,419.1375858,424.4988439,1213340
7/4/2019,416.3969727,420.5779268,413.6163446,419.5776939,2553038
7/5/2019,406.6547546,419.6977837,405.1544051,417.6573181,2514352
7/8/2019,415.7167969,418.4174256,404.1140714,404.4941648,4008224
7/9/2019,408.3950806,419.2176197,403.2938929,413.476244,3205934
7/10/2019,407.6549377,414.096428,405.3343778,405.6944715,1731600
7/11/2019,408.4151001,411.2157767,406.1145644,411.2157767,1550706
7/12/2019,409.655426,411.9759372,403.6940277,406.5146798,2903286
7/15/2019,411.0957031,415.2966811,408.0950046,413.8763309,2633206
7/16/2019,407.9550476,412.9562127,405.4744648,412.8561894,3450502
7/17/2019,416.3969727,417.2971823,408.4551329,409.855459,2291110
7/18/2019,407.5148621,414.8965854,406.4946294,413.4562598,2608300
7/19/2019,406.3346558,412.4161019,403.7740739,409.6954485,2139624
7/22/2019,407.6749268,410.9956951,401.3934593,406.3346,1902156
7/23/2019,404.4742126,410.475586,402.9538634,408.3551214,2011658
7/24/2019,408.6151428,410.0354687,400.6933031,404.0740952,2384560
7/25/2019,404.6141968,411.1557344,401.2934285,408.5351048,6042040
7/26/2019,400.6732788,404.9342561,399.0529065,403.1738609,2332384
7/29/2019,406.2746277,409.6954195,401.6935559,402.093649,1825826
7/30/2019,409.5354614,411.0358112,404.4142725,406.0946691,2134474
7/31/2019,413.9163818,415.2566841,401.2734238,409.0952399,3714036
8/1/2019,408.7151794,417.0771122,406.1345736,411.7559022,3490012
8/2/2019,404.2941589,407.2548582,397.2925283,406.8947646,3544858
8/5/2019,404.5341492,406.8947084,398.9328454,401.4534516,2687280
8/6/2019,409.7753906,414.8966026,401.3734588,404.5341801,3174832
8/7/2019,409.1553345,418.4575017,406.6747517,410.1555675,3967844
8/8/2019,435.4013367,438.1019652,411.3157504,414.476447,12493298
8/9/2019,434.6213074,441.0827741,431.2205148,434.0211675,5645698
8/13/2019,429.0998535,436.8616695,427.0393643,436.8616695,2507610
8/14/2019,431.3647156,434.2708106,423.8689654,428.5588308,2803920
8/16/2019,425.9934082,431.6653133,421.0831102,431.6653133,3108220
8/19/2019,426.5144348,432.0860797,423.9490453,427.1357083,1682212
8/20/2019,434.5113525,437.2370891,426.9354529,428.0578266,4282308
8/21/2019,428.9596252,434.3308997,427.3161884,434.0903561,2555246
8/22/2019,432.4670105,435.4532539,423.3078109,429.0999391,2580980
8/23/2019,435.7137756,439.9025408,431.9458638,432.5070505,3319154
8/26/2019,438.0587158,439.3213737,426.3541878,437.557665,2314884
8/27/2019,438.1589355,440.924746,426.414333,440.5239053,6604388
8/28/2019,450.5249329,452.9500389,437.8383625,439.7222944,6985284
8/29/2019,448.0396423,451.226306,444.9331273,446.1356492,2948038
8/30/2019,441.0649414,447.257958,434.1905154,447.2178348,6738070
9/3/2019,444.271759,453.1904642,442.0671353,443.7306339,4086894
9/4/2019,451.2063293,452.3487155,442.4880444,445.8751286,2425690
9/5/2019,445.7147827,451.126132,442.4279087,451.126132,2775294
9/6/2019,441.0850525,449.4024958,439.7021229,447.1377364,2075686
9/9/2019,434.6716309,441.7264168,433.3087628,441.7264168,3521728
9/11/2019,423.9690857,438.5196191,421.9248084,436.1145755,5325506
9/12/2019,422.8468628,426.6748621,420.0810522,423.6886185,4064734
9/13/2019,428.2983093,428.8995704,422.4460446,422.8468853,3091588
9/16/2019,428.8594666,432.4870455,423.6886118,428.8995408,3888868
9/17/2019,423.2275696,428.4986337,419.4997811,428.4986337,3815108
9/18/2019,424.2698364,427.6769825,421.1433082,424.7508746,2572672
9/19/2019,420.7024231,424.0895078,413.7678586,424.0895078,3762272
9/20/2019,420.5219116,426.3140883,415.7920214,421.6843593,5736082
9/23/2019,414.0283203,426.0936142,407.6549441,426.0936142,4733492
9/24/2019,419.8404846,421.56407,410.0599635,410.1401365,5614452
9/25/2019,422.4258728,425.6927336,418.5577511,420.6822259,4312820
9/26/2019,418.9386597,423.1074127,414.1686456,422.48609,6062076
9/27/2019,417.2952271,422.3257484,414.5093548,419.0789486,4458334
9/30/2019,433.148407,439.5217833,418.0968696,418.4776486,8559586
10/1/2019,424.7107849,433.3087984,422.1654073,433.3087984,4190696
10/3/2019,431.6252136,436.9162904,422.5461635,424.0893901,3435302
10/4/2019,432.5472107,433.62951,426.7550819,431.3046142,2694188
10/7/2019,430.663147,437.3170911,428.4585237,435.212678,1910498
10/9/2019,421.3236084,430.4828077,416.9344227,428.9195683,3750540
10/10/2019,426.2940674,427.3362434,417.4354981,421.3036204,2707552
10/11/2019,432.70755,436.9163775,420.0810676,420.882749,4312780
10/14/2019,435.6336365,440.8445649,430.5028566,433.8699278,2781204
10/15/2019,434.7117615,440.5840878,432.6874963,436.555619,3002070
10/16/2019,441.2854309,443.7305488,434.1504486,436.5154179,3018788
10/17/2019,438.1388855,441.8065382,434.73174,440.9247084,1552278
10/18/2019,439.1210022,443.1093477,436.2750429,438.9005202,1647630
10/22/2019,426.6748657,439.2813352,421.4839982,436.9965138,5502486
10/23/2019,438.9806519,442.5080203,428.0978183,428.8994996,7829074
10/24/2019,448.5608215,464.5743885,445.1336138,463.0110999,13502160
10/25/2019,454.5733948,455.8560654,440.1631429,449.3424043,4587220
10/27/2019,453.1502991,456.8180004,450.98575,456.1566036,303910
10/29/2019,456.8581848,459.3033033,452.128245,453.3107544,3218206
10/30/2019,459.664093,460.9668254,456.2368853,460.9668254,2441752
10/31/2019,466.8917236,469.8028954,457.1744526,460.0655277,5848998
11/1/2019,462.5751343,468.598248,459.1218922,465.3457764,2131710
11/4/2019,464.1411438,468.317179,462.5952211,465.8075484,3022168
11/5/2019,465.2655945,466.0285323,459.1019492,464.2215976,2878100
11/6/2019,461.1094055,465.8074627,458.2383788,465.787366,4576658
11/7/2019,461.1497192,463.4585799,456.1906979,461.3705864,2538638
11/8/2019,461.8122559,467.5543113,460.206092,461.1095592,4026580
11/11/2019,460.1459045,463.2578474,453.8216336,461.7721653,1906640
11/13/2019,457.194519,464.2214857,455.6284995,461.7720957,3378350
11/14/2019,460.8887329,464.7435163,455.7891333,458.3590053,2540924
11/15/2019,458.6802063,465.7071723,457.7566426,462.153496,3061712
11/18/2019,458.1983948,461.6516373,457.2748799,460.9690373,2484314
11/19/2019,455.6083679,459.1619949,453.1991226,457.3550609,2365020
11/20/2019,454.8656921,456.8332039,451.9344231,455.7490628,2225036
11/21/2019,456.3913879,461.1697346,454.3636358,457.1944698,3876184
11/22/2019,447.6178284,455.7289369,445.288871,453.9220024,2597928
11/25/2019,451.6332092,452.1752797,444.1244126,448.5212667,1693202
11/26/2019,444.9275818,455.548323,441.0727485,452.3359946,6459924
11/27/2019,453.0385437,455.5080302,445.308881,445.308881,3354312
11/28/2019,454.8054199,459.1219856,451.934392,457.3551954,2413116
11/29/2019,452.7976685,456.4918256,451.7737194,456.1505256,2387702
12/2/2019,451.8540649,457.3551565,451.1312716,457.3551565,2995916
12/3/2019,451.5527954,454.1427144,450.1273057,453.7210768,3567662
12/4/2019,451.9343262,453.7412604,448.3003611,452.5366376,5903136
12/5/2019,450.448761,455.8695651,447.4372032,452.7776696,2683884
12/6/2019,449.9668274,455.3876308,448.6417715,452.857952,1659752
12/9/2019,443.3413696,452.2957528,439.2858157,451.7737299,2192234
12/10/2019,437.2378845,445.6300989,435.1096982,443.3412864,1628853
12/11/2019,436.7159424,441.6147716,433.2225556,437.6796505,2387958
12/12/2019,430.7329407,439.9282379,429.688944,439.5266969,2061911
12/13/2019,436.1939697,437.6796517,431.0943701,432.0580782,2889796
12/16/2019,443.4619446,445.6704204,437.719888,438.4828258,4590144
12/17/2019,447.9189758,448.9228283,443.7027954,446.1120414,3852266
12/18/2019,453.5004272,455.3073618,448.9228499,449.7259319,4618387
12/19/2019,457.3551025,460.9689708,453.5404638,454.1427752,3465644
12/20/2019,457.6764526,460.7682987,454.1428722,460.5675282,3135806
12/23/2019,458.5195923,462.2137492,454.9860125,455.7489501,1591463
12/24/2019,450.167572,459.8848929,449.1637196,459.36287,2354963
12/26/2019,450.1273193,453.7411872,449.3643819,451.050883,1848547
12/27/2019,455.7891235,456.9536021,447.3166193,452.0949664,2786795
12/30/2019,457.194519,463.7798005,453.1389652,455.3474405,1800754
12/31/2019,456.230896,458.9613946,453.7815055,457.0339781,1838808
1/1/2020,459.3227844,460.0857222,455.2270366,457.274935,918373
1/2/2020,460.6075134,461.7719917,458.158124,459.8044317,1075642
1/3/2020,469.8431091,472.6137518,460.045499,460.9690629,3269446
1/6/2020,467.3937683,475.5852153,465.3459188,469.8030145,3589985
1/7/2020,469.2005615,472.0113479,465.0245262,467.3936274,3179728
1/8/2020,470.4052124,476.227556,464.1813278,468.1967372,3593096
1/9/2020,466.0284119,472.3326341,465.1851857,470.6059885,2313648
1/10/2020,466.0684509,473.6575829,463.6993991,467.3935554,2049636
1/13/2020,471.0074768,473.8182631,466.5905269,468.959628,4096054
1/14/2020,477.2716675,479.7612513,471.5296601,471.5698044,3395378
1/15/2020,478.4360657,480.4839148,475.1835936,479.4399181,2348102
1/16/2020,476.4284058,480.4839601,471.2083727,479.4399633,2107442
1/17/2020,480.885437,483.4553089,469.8029165,469.8029165,4555694
1/20/2020,473.2160339,496.3046397,469.0801423,496.3046397,10272118
1/21/2020,469.039978,476.4283414,467.674729,473.256158,2640668
1/22/2020,474.3404541,477.8338416,466.9922334,469.9636469,4402650
1/23/2020,481.0059814,481.8090635,471.4091416,473.8986762,6089397
1/24/2020,489.6679993,490.7154938,479.8375641,482.6577681,3551260
1/27/2020,486.9686279,489.9097175,484.8736389,489.6679955,2450421
1/28/2020,484.632019,489.3860486,477.5009009,489.3457698,5330709
1/29/2020,490.5944824,492.7297989,485.2361257,487.4922785,4281329
1/30/2020,489.7887573,494.623392,486.4045524,493.1327326,3334901
1/31/2020,476.5338745,490.6348932,475.0834447,489.7887927,3590768
2/3/2020,466.6228638,478.3468937,465.3336474,476.5339055,4024193
2/4/2020,472.5855408,474.801415,469.362451,469.7653372,3246094
2/5/2020,479.9180298,482.2547895,472.1826343,474.9222802,3006324
2/6/2020,483.2218933,493.9386603,481.8520699,482.6175638,4704968
2/7/2020,489.6679993,490.8766581,482.7786536,484.7930851,2865379
2/10/2020,487.4117737,492.770131,484.7930132,490.6348635,2286213
2/11/2020,492.0449829,494.5428579,488.0563993,488.2981212,2458748
2/12/2020,494.8250122,499.9819773,491.7630857,493.9386819,4873027
2/13/2020,493.4953613,494.70402,486.7268529,493.1327539,2090363
2/14/2020,500.9084473,502.1976635,493.3341668,493.4953311,3650630
2/17/2020,494.3010864,502.3990892,493.4147073,501.996203,2190578
2/18/2020,489.1441956,496.1947051,487.6132573,494.3011593,5237465
2/19/2020,488.0968018,498.1689603,486.6866996,495.1070339,3799862
2/20/2020,489.9500427,493.8983483,487.6133316,492.3270818,4820313
2/24/2020,479.5555115,490.7154407,476.6144222,489.9096682,4070143
2/25/2020,469.3222656,479.9987527,463.3192499,479.8375883,5525575
2/26/2020,470.2487488,474.6402182,463.7220121,464.8501131,5460070
2/27/2020,461.7479248,469.2819272,457.6787835,469.0401561,4078174
2/28/2020,430.5644836,454.4556562,428.02633,451.2325664,7894806
3/2/2020,442.933197,455.9463947,433.3847624,435.9632445,8175982
3/3/2020,455.3018188,458.2831874,447.2038137,448.0095863,4682284
3/4/2020,453.7305298,463.6415721,452.038427,458.4846078,5175180
3/5/2020,464.4473572,468.8791066,453.77087,457.6788475,6061347
3/6/2020,456.2283936,462.4731304,450.8699868,459.2903192,3288548
3/9/2020,435.4797058,449.6210017,432.2566162,447.2036845,3699776
3/11/2020,432.5386963,437.2524952,414.1670919,424.440692,4850031
3/12/2020,397.5278931,425.2867427,391.8874852,419.8074992,5321388
3/13/2020,397.1652222,416.7857856,319.0456006,370.6553144,6859998
3/16/2020,363.1617737,386.6097401,360.0595438,377.9074046,5281571
3/17/2020,363.1213684,385.6427194,357.2392391,362.5976212,5148153
3/18/2020,349.9066772,374.5230151,345.7166508,366.6264551,4936397
3/19/2020,333.1466675,350.1887518,302.3661465,337.5381131,9270044
3/20/2020,358.4881592,372.2265942,331.8573895,333.1869091,11916337
3/23/2020,336.1280823,357.7630845,322.6716927,334.3956759,9525470
3/24/2020,356.1917114,369.7287037,331.8573975,332.7840309,9915953
3/25/2020,368.7215271,377.1015568,336.6114858,348.0937447,11976272
3/26/2020,360.7444153,376.094374,355.426311,371.5417636,9504717
3/27/2020,347.0059509,368.6006705,338.8273643,362.7990982,9150873
3/30/2020,337.6187744,353.4522037,330.3668198,330.3668198,6325701
3/31/2020,351.6391296,362.1141726,342.6950496,349.0606723,6381806
4/1/2020,333.2272339,349.0606844,328.9163703,348.8995201,8136746
4/3/2020,326.9824829,345.3541114,321.7449615,337.538108,8166356
4/7/2020,363.524353,369.0036222,342.4534016,342.4534016,5972948
4/8/2020,373.1532593,384.1923281,361.7918618,363.4034069,7991061
4/9/2020,377.9476013,387.576593,372.2669147,387.3348711,5069225
4/13/2020,369.2452087,379.518807,365.820676,378.7130346,2236731
4/15/2020,385.7636108,388.3823716,372.8309712,378.713101,6333188
4/16/2020,370.4539795,383.5477852,367.9963827,381.1304672,10484842
4/17/2020,366.8279419,382.7419493,365.5387009,378.7130866,4706460
4/20/2020,378.7131348,381.6139211,365.4178864,369.0438632,4800719
4/21/2020,367.1904907,374.6438854,360.8651725,369.0437574,3405204
4/22/2020,372.5892639,378.2699758,362.5976881,365.015006,3768051
4/23/2020,384.9174805,387.3750764,372.5891481,374.6841613,3052968
4/24/2020,377.1821289,400.3883681,374.8050901,386.7708172,6738184
4/27/2020,389.2687073,391.3637207,376.497208,381.2109821,2914569
4/28/2020,379.5994263,394.022749,378.2699066,394.022749,4262237
4/29/2020,396.2385254,403.6919191,378.8741423,382.5806752,3849090
4/30/2020,437.9777222,455.664442,403.6921051,408.1238548,8035267
5/4/2020,414.3684998,425.0449852,409.4935861,425.0449852,7032527
5/5/2020,419.3240356,426.9788745,415.4966162,423.836342,4592828
5/6/2020,418.2765198,424.4004208,407.8820832,412.7167186,6921533
5/7/2020,412.354126,436.5675826,408.9698712,427.0594759,19998641
5/8/2020,417.7125549,421.0162031,404.8201681,419.6866585,10120968
5/11/2020,425.0852966,431.0077543,419.9686606,423.836359,4425540
5/12/2020,424.9643555,435.1170674,419.0016204,423.3930896,6439945
5/13/2020,426.0522156,434.9962708,420.2506437,434.9962708,3502017
5/14/2020,416.9470215,425.0853047,414.449097,418.5182878,3741672
5/15/2020,411.9512329,417.3499191,407.1165974,417.3499191,4895121
5/18/2020,411.5482788,417.9139008,408.9295183,414.7310898,5159655
5/19/2020,417.5916138,419.404602,407.8820646,412.5555355,3966934
5/20/2020,424.4406128,425.9716,414.9727871,415.0130659,3138708
5/21/2020,430.9674072,433.102724,421.7413513,426.8982659,4523685
5/22/2020,427.3817444,431.0882781,421.4190083,430.000505,6410434
5/26/2020,422.2247925,432.2969488,419.2031456,427.0594275,4055691
5/27/2020,427.8249207,430.2019594,415.7786119,426.817705,4828798
5/28/2020,437.2524719,439.9517902,421.4190224,427.8652025,4492767
5/29/2020,443.3764954,447.2039163,432.4582835,435.1173239,7853755
6/1/2020,451.031189,462.030004,447.6066556,448.8153144,4503261
6/2/2020,451.3938599,457.4774337,443.1749688,450.6686448,2930058
6/3/2020,453.4888,458.001156,448.8153289,454.455737,4202273
6/4/2020,466.5019531,470.3293721,450.4267835,455.261418,5315353
6/5/2020,464.0848389,473.1095038,461.304913,471.3770726,3995824
6/8/2020,465.9380493,470.1683559,460.1364762,466.6632644,3771973
6/9/2020,461.586792,470.248847,459.2903599,462.6343357,3812291
6/10/2020,466.3006897,473.3914799,462.1912193,463.3193208,6491708
6/11/2020,465.7767639,471.2963348,462.5939528,467.3480301,4975680
6/12/2020,459.8947449,466.3006473,447.3649899,447.3649899,6624056
6/15/2020,466.5019531,468.1537768,454.2139237,463.1579779,3787100
6/16/2020,468.0732117,478.2259243,466.0587806,471.3768589,4728405
6/17/2020,464.0041199,468.8387553,461.7076877,467.3480957,3572351
6/18/2020,466.5019531,470.4099297,459.3708377,460.2572169,1918229
6/19/2020,458.9679871,465.7364956,457.0341626,462.5134057,6182627
6/22/2020,458.9679871,464.6487224,455.583782,463.3191781,2666273
6/23/2020,467.5494995,470.1682602,454.2542531,459.0486094,4521803
6/24/2020,450.9103088,467.1869245,446.7203308,463.319226,5339893
6/25/2020,443.2152405,451.796739,441.5634164,449.2988142,6353371
6/26/2020,453.1665344,462.4329194,439.1460714,443.2152132,7034875
6/29/2020,446.1562805,455.9867157,443.4166341,452.844183,3857610
6/30/2020,448.694519,451.8773311,445.7937569,449.6211773,3110587
7/1/2020,444.5849915,450.9102861,443.9806621,449.580791,3004648
7/2/2020,458.6457214,461.2242033,445.5116394,447.203742,5243652
7/3/2020,466.6632385,467.7912907,459.7738432,460.9019445,3735570
7/6/2020,466.3006897,474.600139,465.1323094,466.6632973,3288417
7/7/2020,477.0576172,478.9914909,463.4400909,468.9596131,7255475
7/8/2020,463.2387085,479.2332757,461.7077208,479.2332757,4625011
7/9/2020,473.995697,476.6950154,463.3192109,463.8429827,4807930
7/10/2020,469.1611938,474.2375524,467.2273195,473.9958305,2376881
7/13/2020,485.5585632,487.4924372,470.0474402,471.3769847,5443990
7/14/2020,476.4935303,494.5428533,473.8747697,487.1700155,6212718
7/15/2020,495.7113037,505.9849042,477.4202562,478.3469144,9928037
7/16/2020,505.8236389,525.5247845,489.2247467,507.6366269,20771204
7/17/2020,502.117218,519.441329,494.2609351,507.2338544,26830157
7/20/2020,522.6240234,525.3636696,505.0984716,510.0539921,10543170
7/21/2020,525.6456909,533.7034162,518.3534593,525.3636902,8801061
7/22/2020,523.8729858,530.19828,518.1922506,529.3925075,3837958
7/23/2020,527.671814,530.9857051,520.1550159,525.3682958,3172594
7/24/2020,549.5756226,553.4956583,518.0131239,518.09393,12365728
7/27/2020,566.6703491,569.3376432,546.787198,552.8491403,11348828
7/28/2020,575.8440552,578.7537674,562.3057188,567.3977399,8469603
7/29/2020,561.2550049,574.4700183,559.7192932,573.8638241,7142681
7/30/2020,562.1036377,575.9248446,559.8405227,564.1646879,7966760
7/31/2020,569.9841919,579.2791693,562.5482001,567.276495,6322671
8/3/2020,570.5903931,580.3299032,566.2257752,573.1363791,5546316
8/4/2020,559.8405151,574.6720454,555.314236,573.4596571,6683186
8/5/2020,556.4054565,567.7210813,550.4243208,559.8405569,6052220
8/6/2020,569.7416992,571.9239587,554.7889101,559.31514,5132907
8/7/2020,557.94104,565.7003541,553.6572783,565.7003541,7371589
8/10/2020,559.3554077,561.6993776,553.738,561.6993776,3769570
8/11/2020,552.687439,566.5490992,550.8284533,560.9316898,3956468
8/12/2020,579.6026001,581.1383122,547.2318319,550.101142,13085350
8/13/2020,585.6644897,589.2208493,576.3291076,579.5217407,8850347
8/14/2020,573.1363525,588.331659,571.6410933,588.331659,3887203
8/17/2020,581.0169067,582.5930215,573.2576408,574.7529001,3344102
8/18/2020,577.4606323,583.3205099,575.8037113,581.0977977,3634301
8/19/2020,573.7426147,577.2585709,569.8225784,576.9352476,4858027
8/20/2020,573.9445801,578.5920684,570.6711417,572.6513857,3025569
8/21/2020,570.5498657,577.9050005,567.9634279,577.9050005,4164686
8/24/2020,570.3883057,572.6110176,562.2248613,570.6711765,4066936
8/25/2020,567.0744019,575.1165875,561.4974453,569.8225017,3982510
8/26/2020,576.1268921,580.1277832,563.3564123,569.5800152,4511228
8/27/2020,573.9851685,581.9465001,571.0350033,576.7332196,3917059
8/28/2020,570.9945068,579.2387574,568.3676654,576.8543838,5416681
8/31/2020,561.2550049,585.9877077,554.4656103,569.8225296,7786675
9/1/2020,557.3752441,569.0141905,551.5558203,561.7398614,6377322
9/2/2020,567.3573608,569.660879,556.9712041,557.6178507,4090511
9/3/2020,571.2369385,579.0366561,563.8413503,569.6608239,5467610
9/4/2020,566.4277344,569.4183017,559.3554702,561.8611019,3354824
9/7/2020,572.8939209,575.8036827,556.930807,562.8310873,4238823
9/8/2020,586.71521,597.2225766,568.3677214,572.8939519,11522742
9/9/2020,583.522583,590.7565108,574.02554,575.5612024,5514179
9/10/2020,583.8861084,589.1801931,576.9350539,588.9377253,3366359
9/11/2020,583.2800293,593.2620065,573.9850524,575.4803115,7221661
9/14/2020,644.3110962,668.7477974,603.1374434,603.826353,32312474
9/15/2020,642.4874878,656.3876224,634.6660928,641.1501344,14024028
9/16/2020,639.6912842,645.4053364,631.5862315,640.3396785,7471292
9/17/2020,655.1312256,662.587882,639.8937405,644.3110029,19972637
9/18/2020,656.9953613,667.8561486,651.6460479,655.1312096,8847382
9/21/2020,650.5113525,688.8482821,643.0952608,667.0456758,24911507
9/22/2020,665.4248657,673.9351716,640.7449689,659.7108131,21882919
9/23/2020,659.8321533,684.7146687,656.6306979,674.3402138,18070370
9/24/2020,638.9212646,657.6844806,635.436102,657.3197433,10553627
9/25/2020,670.8552246,677.5824085,642.4064598,644.5543186,19813100
9/28/2020,676.9744263,684.6742252,665.262617,679.5275373,11145837
9/29/2020,658.7380981,681.7159007,656.6713198,678.717071,10554255
9/30/2020,657.8059692,665.019485,654.158696,662.9932221,9470272
10/1/2020,658.9002686,665.3843107,657.4818843,664.5332901,4321350
10/5/2020,668.0182495,680.1758249,660.6426241,671.7465528,11889998
10/6/2020,672.0303345,676.366517,666.8025666,672.719244,7848500
10/7/2020,671.1387329,673.205511,667.0456921,672.7192277,6980002
10/8/2020,688.5646362,712.4340227,684.4715951,695.008162,25860257
10/9/2020,693.5897827,699.0606925,688.3620146,691.2798628,7286954
10/12/2020,701.7354126,706.7200395,694.7245721,697.6828865,8717550
10/13/2020,729.7789917,734.804085,699.7092154,702.1407313,18948618
10/14/2020,721.7144775,738.1272104,714.8656976,732.6968148,15441198
10/15/2020,697.0344238,732.4535085,675.5155221,729.4141142,15648823
10/16/2020,670.4094238,710.8130899,665.100575,696.2239957,28982990
10/19/2020,684.6742554,698.4123282,675.1508194,680.6622448,15671485
10/20/2020,712.9607544,718.1074414,683.7420091,686.4572306,21563969
10/21/2020,705.9906006,722.6870387,697.0345273,714.0551379,11161929
10/22/2020,705.3391724,714.9065435,693.3697704,699.3544962,9607794
10/23/2020,694.1026001,712.83022,692.5962182,709.2068227,5447267
10/26/2020,690.3162842,700.982914,685.6343796,694.5503643,6612856
10/27/2020,689.8685303,698.1738326,682.906751,691.2527556,5807904
10/28/2020,675.4971313,693.7362257,668.9831762,693.7362257,6853002
10/29/2020,684.0059814,686.0008901,666.8254449,671.7516135,6690978
10/30/2020,685.5531006,700.0059391,678.2656031,686.2451885,8727274
11/2/2020,669.6345215,687.1000217,667.0289298,685.5529874,5953172
11/3/2020,662.8355713,677.4512666,661.451346,674.1942894,7011687
11/4/2020,663.7313232,685.3902038,660.0264716,661.3292924,10077502
11/5/2020,686.3264771,693.0032399,675.8634089,679.0796836,8903859
11/6/2020,692.1890869,696.8302895,681.0339793,688.850705,5871913
11/9/2020,696.178833,710.6723707,689.7462836,705.7869052,7505062
11/10/2020,659.2936401,690.88631,656.0773651,690.88631,10397497
11/11/2020,672.6065063,675.008537,655.7516391,661.980628,9779484
11/12/2020,671.5073242,681.5225198,669.3088545,673.5022328,4699639
11/13/2020,674.2758179,677.0035666,666.1741252,670.0417864,3918289
11/14/2020,676.2298584,679.0797133,675.008492,679.0797133,475390
11/17/2020,663.6090698,682.2959855,662.7948256,682.2959855,5977903
11/18/2020,663.0391846,667.5989829,651.599061,666.8661431,5816221
11/19/2020,655.1002808,668.0467858,653.838212,663.6091441,7170339
11/20/2020,667.0696411,670.5301794,654.6524156,662.7541563,7455575
11/23/2020,683.3139038,685.5937782,664.6269851,671.7516235,7116516
11/24/2020,684.3723755,698.1331249,680.1789972,687.1408262,8465615
11/25/2020,671.5073242,688.8507189,669.7159767,684.372375,5610232
11/26/2020,685.6343994,688.03643,667.354605,671.0187044,8414555
11/27/2020,669.3901367,690.3162226,663.0797442,685.5936162,11723771
12/1/2020,679.1611328,680.4639535,663.6904915,670.9372855,8078785
12/2/2020,686.5302124,690.0314535,676.8813861,680.8305014,7062229
12/3/2020,702.0415039,703.5071338,686.6522655,690.8863461,9633229
12/4/2020,699.0287476,706.6419121,695.731068,705.1355799,5577388
12/7/2020,696.4231567,700.2094127,692.4333894,698.6216263,5314265
12/8/2020,703.3442993,713.0338275,696.993203,699.4359362,8722526
12/9/2020,708.8404541,716.5350736,703.5885678,705.2170566,5952003
12/10/2020,705.7462769,714.7436668,704.3213493,708.8403954,4641898
12/11/2020,702.0822144,718.000682,696.3418014,709.2068527,5637035
12/14/2020,710.8352051,712.9929721,698.7029463,705.2169001,5143894
12/15/2020,721.4205933,723.8633266,708.3926819,712.2196408,7527270
12/16/2020,720.6469116,726.3059195,715.2729191,721.6240147,4378179
12/17/2020,716.0056763,722.2346648,714.0922221,722.2346648,4863371
12/18/2020,725.2067261,736.8911122,721.9497488,728.5451079,11568187
12/21/2020,708.7590332,741.3695108,692.1077256,721.9498021,8875855
12/22/2020,744.0565186,748.4941604,710.0211128,715.8429801,10251896
12/23/2020,751.2218018,761.3184514,744.8707059,749.1047864,10723068
12/24/2020,748.5755005,755.8222949,741.5323169,755.5780315,4390561
12/28/2020,750.5703735,755.2115759,743.8121559,753.1759652,3884750
12/29/2020,762.0514526,769.4610578,753.3797288,756.4331457,6760167
12/30/2020,765.9597168,773.5321798,758.0615362,763.761247,6382809
12/31/2020,770.3972168,773.4098808,761.3183735,764.6160528,3468390
1/1/2021,773.9391479,778.0103691,767.0180719,767.0180719,3142822
1/4/2021,798.2850952,801.7863356,775.6898169,780.8602481,5259092
1/5/2021,807.2012329,810.8246307,787.5372588,787.5372588,7150252
1/6/2021,796.4937134,812.6157391,786.6413284,812.5343346,5995748
1/7/2021,783.7509766,804.6363663,781.1861364,804.4735075,5261000
1/8/2021,809.8882446,817.094288,789.8170995,793.8069171,8034775
1/11/2021,859.1091919,862.3255167,820.758303,826.4580134,13384331
1/12/2021,864.8088989,867.2109794,845.7555614,856.5850509,6700542
1/13/2021,859.8012085,868.7986476,847.6282963,866.3559147,6691409
1/14/2021,836.7990112,854.1424584,819.6184726,854.1424584,15021108
1/15/2021,805.9389648,857.2770559,801.216358,853.0430255,23769415
1/18/2021,799.1808472,818.2748875,795.435343,814.244368,12947569
1/19/2021,801.0942383,811.8015708,797.4301389,804.473372,6387923
1/20/2021,813.633667,822.1018281,804.1069982,807.5268344,7444118
1/21/2021,812.0393677,833.8670746,803.5780894,824.8743905,8857975
1/22/2021,805.9081421,820.7869595,802.3110977,810.7315117,5379466
1/25/2021,774.597229,815.0643138,769.2833694,815.0643138,7731883
1/27/2021,781.1373291,787.4730845,770.5096103,778.3577519,7531736
1/28/2021,763.5199585,778.6031561,760.3724883,775.6600651,6960905
1/29/2021,747.2104492,776.2322993,743.5316232,769.2834056,7692663
2/1/2021,758.9418335,763.3564449,732.7812913,751.29807,8651478
2/2/2021,780.4425049,787.2687508,764.8279026,774.1884808,7690178
2/3/2021,784.734375,795.6890699,778.7255967,789.7212074,6354619
2/4/2021,782.8949585,793.3591632,776.7635827,788.6584418,4623148
2/5/2021,773.4935913,788.0045155,768.5067086,785.4701833,4631703
2/8/2021,782.9766846,788.413191,769.5693896,780.7285135,6509526
2/9/2021,777.9489746,802.7197738,773.8613906,788.9037198,7557977
2/10/2021,784.3665771,788.9855176,773.4936127,780.7694829,4896963
2/11/2021,793.3182983,795.0350636,779.1343524,784.3664797,3745595
2/12/2021,785.1431885,806.4803579,782.8541014,797.0789143,8045740
2/15/2021,780.4425049,794.0132651,776.7227632,792.991369,4643228
2/16/2021,778.5213013,786.6556041,771.817653,782.3636405,3277086
2/17/2021,771.0819702,783.5082374,769.283423,778.2761091,3643176
2/18/2021,775.0877686,782.1593098,767.1169786,771.7359692,5133094
2/19/2021,776.7636719,783.1811593,772.1038157,776.6410244,5494816
2/22/2021,752.2380371,777.8263007,748.8861886,776.2321331,5043203
2/23/2021,743.899353,760.2905534,741.1197762,755.385453,5916942
2/24/2021,748.845459,751.6659022,740.2615318,750.4804927,3435827
2/25/2021,759.6774902,763.6015609,753.8731409,756.9388289,6234947
2/26/2021,743.4906616,756.2030378,739.9344336,742.3052523,9198218
3/1/2021,760.5767212,763.9285699,748.5592644,748.8453753,5397960
3/2/2021,779.706604,783.0993185,759.1460377,763.4380006,6715548
3/3/2021,789.1082153,791.3563869,774.1885314,788.9038361,5742015
3/4/2021,783.1810303,792.9094994,777.744524,778.2759299,6268541
3/5/2021,769.6920776,794.6263404,765.4409802,781.6278031,5992152
3/8/2021,786.3695068,795.4439242,771.7359347,778.6848282,5621823
3/9/2021,795.5664673,798.6321552,775.905149,788.1679006,5440319
3/10/2021,808.1153564,813.5109474,800.9212186,805.8263194,7694950
3/12/2021,800.5534058,819.8059183,795.9344154,808.1154369,6447010
3/15/2021,811.2628174,812.8978511,790.8248964,799.1227123,5321071
3/16/2021,823.4439087,832.886219,809.7096346,811.7942927,8094575
3/17/2021,807.256958,837.0554548,803.3737533,827.3269851,6758901
3/18/2021,774.8015137,817.3123854,762.2526513,813.4291808,8269566
3/19/2021,785.1841431,792.1739028,766.585633,776.6410812,9004154
3/22/2021,800.1447144,803.169537,772.2264906,785.1841642,4745254
3/23/2021,801.8614502,811.712569,794.4629321,804.1505375,5158305
3/24/2021,797.6103516,805.0497351,789.5577805,793.849744,3874331
3/25/2021,782.404541,796.6702209,776.6410568,792.9913949,4879437
3/26/2021,783.6306763,797.0788369,779.7474717,788.9036693,4271178
3/30/2021,814.0831909,818.1707748,788.4540601,788.9036843,5475000
3/31/2021,803.3330078,817.5169062,800.0629402,817.5169062,4445140
4/1/2021,819.642334,828.5532872,809.8321323,810.9766758,5269079
4/5/2021,844.9036865,850.2175462,819.6423952,823.2394894,9452833
4/6/2021,840.7341919,850.7078557,834.0714108,849.3998489,4260257
4/7/2021,847.9283447,854.3050154,837.7093852,842.8597807,3551106
4/8/2021,848.173645,861.9896983,843.3911919,853.487504,4852068
4/9/2021,854.6321411,862.3168195,845.4350765,851.9342956,3708082
4/12/2021,825.2015991,852.6292319,818.4979504,852.6292319,5976427
4/13/2021,803.946106,834.5212068,794.7899071,827.7358268,7773994
4/15/2021,810.8950195,813.1840568,783.7943148,791.356346,7430279
4/16/2021,827.9401855,831.2511188,813.0205031,817.5168458,4677808
4/19/2021,813.1022949,840.7752222,807.5840558,814.2468385,6239343
4/20/2021,785.8789673,822.4219818,782.3636547,822.4219818,9742418
4/22/2021,786.3695068,794.5446756,780.9738655,789.7213061,4970596
4/23/2021,781.2601318,796.9564181,776.8046543,788.0863787,6023490
4/26/2021,759.3098145,780.3200123,754.6090915,768.4660153,19619972
4/27/2021,759.3505859,767.2805102,754.8951586,761.1082673,6406825
4/28/2021,755.222168,765.0732375,753.5462682,761.2718135,6845677
4/29/2021,756.6778564,773.4411762,754.6396287,773.4411762,8588734
4/30/2021,747.8595581,761.2119544,744.9062323,752.892698,10921664
5/3/2021,755.138855,757.4266503,741.2456877,747.6931109,6871176
5/4/2021,749.5232544,761.211797,748.108971,757.0521697,6217026
5/5/2021,756.5531006,757.7177659,749.2321153,752.0190963,2696835
5/6/2021,762.0438232,768.6160556,749.7729211,758.716121,6319104
5/7/2021,762.3766479,766.536276,760.1304387,763.7077086,3651558
5/10/2021,760.3383789,766.702579,757.218658,763.7492534,4029147
5/11/2021,754.8061523,759.0905899,752.9759057,755.8044733,3818154
5/12/2021,753.8076782,756.1786964,744.5733254,753.8493151,4076940
5/14/2021,757.3434448,758.7161424,745.8212956,756.2203656,5184569
5/17/2021,767.1601563,771.3613701,757.1354129,760.8790778,7956551
5/18/2021,775.0219116,781.5941445,769.1152598,772.0269996,5913426
5/19/2021,774.8554688,782.8419336,769.6559341,772.0269016,4178834
5/20/2021,769.0320435,777.6840392,767.0769878,775.3546577,4753782
5/21/2021,774.2315674,777.5592697,767.8673163,769.9471303,4161547
5/24/2021,776.0202026,781.1781516,771.7774023,774.9387095,4191877
5/25/2021,782.5091553,785.1713272,777.9752016,780.3461691,5032874
5/26/2021,786.8352051,789.455791,775.8121911,782.0100469,5017674
5/27/2021,784.0067749,796.0696972,780.4294539,789.497464,9078274
5/28/2021,784.1315308,790.1214057,779.847144,782.0517166,4098094
5/31/2021,786.3362427,788.5408155,775.8539476,783.2996933,4171524
6/1/2021,790.9117432,791.9932364,783.7155658,788.6655337,2944472
6/2/2021,785.1296387,790.9115307,780.0132769,787.8333964,3657189
6/3/2021,781.5526123,790.163023,779.5143842,786.1697898,4164240
6/4/2021,779.1400757,785.5043282,777.6426194,782.093402,3550303
6/7/2021,789.996582,791.9516378,779.5975113,781.1781904,3282517
6/8/2021,804.6383057,808.6315377,791.5354798,791.9930287,6385642
6/9/2021,808.0494385,819.446831,802.8914889,810.2124758,5521459
6/10/2021,805.7616577,816.6599153,804.0978063,814.8712546,3878256
6/11/2021,818.0740356,823.6063613,807.3838118,811.9594027,4777035
6/14/2021,818.78125,822.3169341,811.9594494,817.782929,2236373
6/15/2021,819.821106,826.1021342,817.9492733,819.5299015,2559001
6/16/2021,814.7879639,820.2786526,810.2955453,818.6563875,3138753
6/17/2021,820.6113892,822.7327892,814.0807431,815.2870453,3609989
6/18/2021,811.3355103,829.180326,807.0510727,823.6064139,5622783
6/21/2021,816.9509277,818.15723,799.6884718,805.3039695,1639495
6/22/2021,815.3702393,822.1088669,812.1673461,817.0340904,2529648
6/23/2021,809.3803711,819.4466497,807.7996923,819.4466497,2395543
6/24/2021,823.3568115,827.4332167,806.219113,808.6317176,4686567
6/25/2021,828.3067017,840.2448131,822.9823578,827.7659297,5196000
6/28/2021,819.6962891,831.9256056,818.7811912,831.9256056,1844159
6/29/2021,818.2819214,826.8507949,815.7029726,821.0689023,1895170
6/30/2021,818.1987915,824.8126099,816.1189776,816.1189776,2682591
7/1/2021,819.8627319,821.9425461,811.2523217,821.1106204,2861509
7/2/2021,819.1554565,821.6095961,812.9991876,818.240308,1646631
7/5/2021,815.0790405,828.5146582,813.6231708,825.0205608,2598033
7/6/2021,808.6731567,817.1172207,807.1341149,815.2869745,2486069
7/7/2021,811.4185791,813.2904116,798.8981095,806.9677976,3014899
7/8/2021,812.625,816.9510237,806.9679155,811.1275439,2555624
7/9/2021,812.6665039,814.8711271,804.1392665,808.631685,3218471
7/12/2021,814.8294067,817.8243181,811.1273283,815.2869556,2037878
7/13/2021,805.2623901,817.7828602,801.9762739,817.7828602,2997764
7/14/2021,823.1487427,826.0604821,805.3871018,805.5119109,4371180
7/15/2021,864.9946289,875.6016801,824.2718613,826.1021077,12701032
7/16/2021,836.0852051,872.4819491,830.3033122,869.2790559,8665827
7/19/2021,832.0919189,847.1497506,825.6860823,836.0851513,4644600
7/20/2021,812.9576416,842.0750353,806.4269957,831.0936081,10216774
7/22/2021,814.1223755,816.53498,806.9678356,806.9678356,6156400
7/23/2021,826.93396,835.1700429,817.4499888,819.1970628,5265839
7/26/2021,832.1750488,835.2531833,821.3184315,826.9339285,2477027
7/27/2021,830.2501221,838.7869783,823.4289943,836.9456876,2883514
7/28/2021,822.8013916,833.5561757,817.9471162,832.761067,2952249
7/29/2021,843.3065796,844.4783242,824.8519347,824.8519347,4732101
7/30/2021,857.8275757,878.7512211,845.2316024,847.826114,9330054
8/2/2021,866.5736084,869.5865925,856.2372982,865.401864,2536478
8/3/2021,869.9631348,872.8924446,857.032365,862.0540391,3359006
8/4/2021,870.3817749,876.9099932,865.9041351,871.344283,3122161
8/5/2021,888.125061,898.0428484,865.1508374,870.4236368,7896314
8/6/2021,878.7510986,895.5319008,872.9343669,888.1249518,11584782
8/9/2021,879.253418,892.8118986,873.3529094,885.3212748,6321578
8/10/2021,890.2590332,897.4568474,877.1190276,880.8852829,5871606
8/11/2021,892.979248,903.0644854,884.7772408,896.3270311,5011239
8/12/2021,917.7109985,921.6028166,893.8580451,896.3688823,6540144
8/13/2021,936.9187622,940.6850176,912.4381021,919.8032646,7270809
8/16/2021,940.434021,945.2045704,932.6503854,938.1742064,3159376
8/17/2021,956.586853,964.1193628,931.1437906,936.7512848,5295838
8/18/2021,949.3057251,969.0995127,947.0877984,969.0995127,4871006
8/20/2021,935.161377,954.7459293,926.6663566,926.9174812,3467046
8/23/2021,973.4514771,986.0893361,942.4427016,944.9116505,9383780
8/24/2021,964.9146118,981.7371981,962.4874491,977.5105819,3947317
8/25/2021,966.128479,979.1430286,954.3694504,970.7735696,3447912
8/26/2021,977.0922852,980.9004292,966.6723513,970.773406,4654833
8/27/2021,973.3260498,979.017322,970.4386277,977.0923058,3050466
8/30/2021,973.7026978,979.5194298,966.2957484,974.2048448,2956868
8/31/2021,989.520813,998.8108886,972.5726648,975.878559,7199002
9/1/2021,974.7489624,996.3839913,972.3217991,995.9655183,3200410
9/2/2021,981.5281982,989.269947,965.8354643,980.9004889,5224479
9/3/2021,983.2021484,988.0982613,969.3925418,982.1559661,4533364
9/6/2021,1004.460571,1012.788142,982.5744171,983.411363,4331916
9/7/2021,989.4371948,1016.847167,987.6796292,1016.05211,3721585
9/8/2021,994.9608154,996.9276169,976.7572515,991.7803818,3118518
9/9/2021,1003.121216,1008.477586,990.1066705,997.6391811,3388292
9/13/2021,1011.365234,1016.889056,984.6247572,997.6393041,3723138
9/14/2021,1036.682861,1038.314865,1010.193508,1017.72602,5593286
9/15/2021,1065.641113,1078.78112,1029.652448,1036.682812,6063895
9/16/2021,1057.146118,1084.095832,1050.534227,1077.31649,3616292
9/17/2021,1057.313354,1072.12725,1053.295975,1058.736121,4817180
9/20/2021,1068.068726,1087.025574,1046.182566,1052.878134,5453683
9/21/2021,1087.611206,1100.583868,1068.779923,1078.823274,4645597
9/22/2021,1101.001953,1112.007808,1087.694497,1088.029296,5367303
9/23/2021,1111.71521,1118.536237,1099.663169,1110.501577,3037295
9/24/2021,1136.739502,1153.10183,1118.996296,1121.507133,7951730
9/27/2021,1084.012085,1144.899888,1079.701896,1143.267884,7653504
9/28/2021,1062.084229,1092.172389,1049.530041,1092.172389,8572321
9/29/2021,1072.2948,1089.24295,1053.547298,1062.921049,4639821
9/30/2021,1070.91394,1080.873513,1061.95856,1080.873513,3589722
10/1/2021,1066.059448,1074.638141,1055.095481,1066.268685,3372796
10/4/2021,1070.160767,1082.673065,1066.059712,1072.546042,2706626
10/5/2021,1092.339722,1099.411872,1056.392842,1062.921059,3710314
10/6/2021,1067.482544,1104.64296,1064.427773,1098.072956,2861608
10/7/2021,1093.302368,1102.969031,1074.680324,1074.680324,2421641
10/8/2021,1106.567871,1119.833441,1083.049715,1093.302301,5197831
10/11/2021,1090.456421,1108.869224,1034.17183,1088.029258,5264998
10/12/2021,1046.475098,1095.561986,1034.716071,1093.846207,12811641
10/13/2021,1059.029053,1063.590467,1040.699924,1057.062251,5705730
10/14/2021,1047.144775,1082.380174,1041.202481,1079.157953,10360519
10/18/2021,1022.245544,1065.013451,1016.889071,1037.812715,23861603
10/19/2021,1031.200928,1048.693116,1025.258633,1029.443362,10189780
10/20/2021,1031.870117,1057.396955,1021.408299,1036.975464,8222562
10/21/2021,1021.576233,1045.371166,1003.266036,1045.371166,5998795
10/22/2021,1007.484497,1032.249694,1000.734182,1015.289549,3812305
10/25/2021,983.352478,1004.109683,976.3912134,999.0891756,6690819
10/26/2021,984.5336304,997.3591896,973.1002414,987.2337156,5126660
10/27/2021,993.2670898,996.8109655,980.0617601,987.2339727,3536653
10/28/2021,972.0455933,999.8906493,967.6579287,998.4562482,4096585
10/29/2021,965.0841064,989.7649459,960.2323175,972.0453689,3558520
11/1/2021,1003.434509,1005.333036,964.8733674,964.8733674,4511112
11/2/2021,987.7822876,1008.412902,986.2634252,1004.953385,3016082
11/3/2021,992.59198,1002.168972,988.6683373,991.4528845,2063067
11/4/2021,998.2875366,1001.704926,993.9842299,999.8907576,256369
11/8/2021,998.0765381,1006.472307,986.0104082,1001.95795,3808317
11/9/2021,989.5966187,1004.95355,987.6136304,1002.422181,3565461
11/10/2021,986.5167847,991.452934,980.5680259,982.171247,2401325
11/11/2021,979.3865967,985.3775855,972.2566154,983.858723,2861259
11/12/2021,989.2168579,994.1108795,981.3274446,986.3058246,3812518
11/15/2021,987.9509888,997.0217266,981.7491561,988.0775778,3619915
11/16/2021,981.664917,991.8747513,979.1756757,987.9933395,3141207
11/17/2021,972.425354,982.804008,970.3581105,979.217902,3172985
11/18/2021,945.2131958,974.577119,939.5598459,968.670591,5384530
11/22/2021,936.6907959,949.9804818,929.8561209,945.2130501,3961223
11/23/2021,938.800293,945.0443566,919.7306685,932.3875126,4545069
11/24/2021,944.5801392,955.7182227,939.0955073,945.0442646,2675632
11/25/2021,949.0944824,954.3259362,937.450146,942.0909883,3106454
11/26/2021,936.6489258,950.1073321,930.9533445,945.0445932,2207274
11/29/2021,956.1401367,966.1390222,928.2528513,929.0966408,3661152
11/30/2021,960.7811279,977.0240791,956.0136957,956.0136957,7421904
12/1/2021,976.0114746,981.3273908,966.3078934,966.9829663,2918586
12/2/2021,999.6376343,1001.072139,972.8895415,980.3992906,4011279
12/3/2021,988.4147949,1003.856077,986.9381637,1002.421677,2571036
12/6/2021,959.0090332,989.4698147,957.5745292,987.1493935,2493755
12/7/2021,970.0629883,974.5772432,954.663824,970.3582941,2299958
12/8/2021,988.5839844,997.0218813,976.3069061,976.6022119,2525711
12/9/2021,986.010498,995.5031322,974.5771064,995.5031322,1734844
12/10/2021,980.6522827,984.7025142,974.7457552,974.7457552,957733
12/13/2021,978.036438,990.1447973,973.1002898,983.8586064,2225682
12/14/2021,980.7791748,983.7746702,966.5613355,975.4211295,1972685
12/15/2021,969.4299927,980.4413863,963.8610013,977.3194057,1604301
12/16/2021,978.5848999,985.4618051,969.978288,975.4206892,2121810
12/17/2021,988.4147949,998.1183718,983.0145229,988.9210479,6373455
12/20/2021,978.7119141,989.217057,966.561319,978.7962725,3091768
12/21/2021,1016.766541,1025.162206,983.0571848,986.3057544,6217986
12/22/2021,1031.785889,1034.485974,1021.0697,1027.735658,3809814
12/23/2021,1035.709595,1038.451911,1025.710708,1037.776941,2814281
12/24/2021,1067.562622,1083.257192,1051.488491,1064.989125,15952929
12/27/2021,1069.250122,1077.519301,1058.154371,1069.925195,3372907
12/28/2021,1083.341553,1087.644859,1071.612856,1071.612856,3446067
12/29/2021,1090.091797,1096.082682,1077.60367,1082.582049,2254162
12/30/2021,1111.31311,1119.24465,1082.328856,1090.091782,4518139
12/31/2021,1113.042847,1121.776048,1104.478362,1113.802278,2231508
1/3/2022,1118.991699,1130.593807,1108.823992,1110.722519,2661272
1/4/2022,1125.151367,1127.893684,1103.044118,1121.818439,3367100
1/5/2022,1105.997437,1122.24039,1098.614276,1121.3966,3510253
1/6/2022,1084.185669,1095.070579,1077.519708,1088.488977,4409632
1/7/2022,1088.952881,1095.660968,1081.907154,1094.859409,3898684
1/10/2022,1086.885742,1101.019223,1080.051065,1101.019223,2529949
1/11/2022,1133.758057,1137.428521,1080.050821,1087.349623,6772189
1/12/2022,1140.930054,1145.106771,1123.421421,1142.491044,3162044
1/13/2022,1125.826416,1147.047748,1114.772791,1130.678207,4598005
1/14/2022,1128.31543,1133.16722,1091.01997,1113.80229,5636243
1/17/2022,1062.120361,1074.144365,1049.168209,1074.144365,11973283
1/18/2022,1029.21228,1071.570474,1026.891859,1071.570474,7799487
1/19/2022,1011.872559,1029.84532,1004.953524,1029.423425,8464215
1/20/2022,1000.087708,1022.253304,995.5354933,1021.062044,6172404
1/21/2022,993.7911377,1003.91669,982.772218,1000.087708,5514748
1/24/2022,957.1604004,990.8554201,945.3330801,989.1536504,5878438
1/25/2022,956.1395264,969.7112058,926.1033453,948.7368677,4725254
1/27/2022,917.0414429,949.5452131,910.6172186,948.7369138,8304735
1/28/2022,919.3388062,937.8455579,916.6160153,918.1050642,7654724
1/31/2022,935.4629517,947.8432656,929.8896136,936.5265579,7572995
2/1/2022,963.8828735,967.0311075,937.0374018,950.1835376,6783774
2/2/2022,996.3439331,998.8115208,964.30819,972.4766668,6982539
2/3/2022,984.2613525,996.2588118,979.3687631,988.7284994,4169794
2/4/2022,990.2599487,993.0678068,967.7539794,987.0265444,3625482
2/7/2022,984.7719727,996.6843655,975.1144463,984.4741836,3824483
2/8/2022,988.6859131,995.4079262,977.2841357,986.1332578,3267641
2/9/2022,1004.810181,1011.702329,992.1319726,997.2372829,3772972
2/10/2022,1012.851074,1014.169988,999.0241911,1008.256274,2053245
2/11/2022,990.1749878,1003.193572,985.3675699,1003.193572,3912397
2/14/2022,975.4971313,990.7279946,964.5632791,966.052328,3243813
2/15/2022,994.3018188,998.9391011,976.9011563,981.4959566,3000492
2/16/2022,993.6636353,1006.299258,987.0266901,1002.342621,1885868
2/17/2022,989.6217651,998.9389136,987.0265245,998.9389136,1644055
2/18/2022,991.281189,995.6206824,978.6029796,980.9429137,2166690
2/21/2022,991.0684204,995.1101246,978.6880007,981.1555882,1706058
2/22/2022,978.1350708,982.0491217,963.2019948,963.2019948,3254855
2/23/2022,981.0705566,986.1758674,976.8587168,983.623212,1937649
2/24/2022,934.7400513,965.7121919,929.1667112,941.079105,5469084
2/25/2022,961.244812,970.8598547,948.7368432,949.2473534,3213276
2/28/2022,958.9049683,964.308172,941.9298512,952.6509832,4571884
3/2/2022,949.2050781,956.9481131,943.6317382,956.9481131,3867328
3/3/2022,969.7536621,980.2195899,953.4167105,957.2456933,3969380
3/4/2022,968.6901855,982.6447232,955.2462621,959.798477,3522375
3/7/2022,982.0914917,988.2179264,944.9078562,945.3332988,5249845
3/8/2022,1000.045044,1003.703787,982.7720393,983.6229242,3805165
3/9/2022,1006.341675,1016.807602,987.9625791,1004.044327,3781326
3/10/2022,1014.382568,1019.53036,999.7898699,1019.53036,3834327
3/11/2022,1015.488892,1027.146081,1000.896294,1004.044527,2770879
3/14/2022,1023.487183,1033.655322,1002.044918,1015.488841,5740660
3/15/2022,1001.363953,1033.229657,993.9187092,1027.018155,3003066
3/16/2022,1020.636475,1023.571986,1008.298643,1012.680721,1894018
3/17/2022,1018.424622,1033.825625,1013.234242,1033.825625,6987787
3/21/2022,993.8765869,1029.486115,991.366413,1020.977262,4046440
3/22/2022,1000.981262,1005.533477,988.983803,995.5355767,4516870
3/23/2022,1004.639893,1013.276396,995.5354645,1012.553165,2338886
3/24/2022,1014.339844,1015.956546,994.6844238,994.6844238,2351703
3/25/2022,1003.491394,1020.211308,1000.130439,1020.211308,2489854
3/28/2022,990.3876343,1010.511087,985.4950451,1008.213739,3406258
3/29/2022,993.5786133,999.7901168,990.1325905,992.9830352,2443230
3/30/2022,991.4511108,1005.703434,988.8133882,1001.789384,3073672
3/31/2022,990.2174683,999.6197895,987.8775344,999.6197895,3006639
4/1/2022,995.237915,998.939245,980.262356,987.8777371,2479745
4/4/2022,1010.04303,1011.659628,993.8336298,998.25819,2282137
4/5/2022,1017.190491,1023.614714,1007.532966,1012.553209,2634464
4/6/2022,995.9611206,1016.72274,993.408465,1012.553382,2838968
4/7/2022,998.3435059,1004.682558,989.579348,991.7916284,3391918
4/8/2022,991.5789185,1004.044406,989.1965025,1003.193521,2656091
4/11/2022,964.4781494,990.430142,962.9891007,990.430142,5679058
4/12/2022,962.4786377,971.4554126,952.608392,961.3299637,2906617
4/13/2022,957.3306274,972.6465564,955.5437898,965.7544091,1971580
4/18/2022,937.4627075,946.8224441,922.8700065,944.48251,4391701
4/19/2022,910.65979,949.5451981,900.8746113,949.5027161,3422431
4/20/2022,926.9542236,931.5490238,905.9372999,914.7014578,2573318
4/21/2022,935.2927856,940.2705462,919.8917873,931.7191101,2547848
4/22/2022,937.7180176,965.7120558,919.8919114,924.5717797,9567571
4/25/2022,927.3372192,934.2719544,916.6586722,933.3360015,3565801
4/26/2022,931.1237183,941.9299188,923.2530301,939.3772632,3213714
4/27/2022,932.2297363,935.888584,914.3611484,924.9121449,3288792
4/28/2022,945.119751,953.5977553,928.5099083,944.6872019,5202061
4/29/2022,933.6570435,952.0403765,929.418042,946.4172393,2988180
5/2/2022,922.9732666,936.036228,918.7342644,928.2503444,2584604
5/4/2022,903.9841309,930.8454665,896.0685685,930.7589779,3385725
5/5/2022,927.4284668,930.1534413,905.8442057,916.1388943,2982126
5/6/2022,908.526001,914.1059472,890.142666,908.2665349,4075606
5/9/2022,930.9318237,936.8145317,894.5977121,903.1622024,4207192
5/10/2022,927.8609009,938.6313287,922.7135044,928.2501527,2473518
5/11/2022,917.7826538,933.700481,911.8567526,924.7899277,2895668
5/12/2022,916.4849243,926.4767437,902.9461183,908.43947,3195189
5/13/2022,910.2130127,932.5757781,904.1140287,925.6549931,2496626
5/16/2022,903.6384277,923.0165442,899.8751658,911.813564,1415370
5/17/2022,936.8148193,939.4966025,904.3303412,915.4468314,2620776
5/18/2022,928.8555908,949.3151777,926.3468913,937.3768898,2865869
5/19/2022,873.2299805,915.5332956,869.0774676,912.7649186,4729354
5/20/2022,890.0562134,894.9440391,879.6317912,890.1859992,2005622
5/23/2022,880.9293823,897.1067273,877.8582946,884.9953539,2285466
5/24/2022,857.9609375,884.4762122,853.851722,884.1733962,3418456
5/25/2022,842.994873,858.8694024,833.089489,858.1773345,3904551
5/26/2022,848.4017334,852.9867429,838.3233192,845.2008598,4278059
5/27/2022,868.4719238,874.1383053,855.5819422,855.5819422,2795530
5/30/2022,899.6155396,911.2510668,878.6369105,881.5349681,3562969
5/31/2022,900.350769,904.7195563,882.7892897,904.0274356,5185485
6/1/2022,880.5834351,904.4168259,875.0900301,900.3509068,2554081
6/2/2022,899.4424438,907.4014097,871.4132974,874.9602312,3560227
6/3/2022,902.2973022,925.3521873,899.8749854,911.770084,3556955
6/6/2022,897.3664551,906.0606291,883.3950972,897.9719816,1997494
6/7/2022,884.9088135,894.2951062,876.4741075,891.0509885,1839248
6/8/2022,891.223938,894.3383753,878.9395883,885.0817632,1665512
6/9/2022,889.8831787,892.5216645,875.2197554,886.6822524,1654005
6/10/2022,878.3773193,885.6441644,872.1918997,875.4792619,2260855
6/13/2022,858.0042725,866.8282835,849.9588708,861.637695,1738804
6/14/2022,862.4163208,865.9199576,846.1957314,854.7169266,2461791
6/15/2022,856.3605347,871.1536894,854.7168273,855.5819253,2408630
6/16/2022,834.7764893,871.1538567,831.9216759,871.1538567,3198618
6/17/2022,829.4127808,833.2192334,816.6958285,823.9194291,4302066
6/20/2022,830.5374756,835.6848202,823.6599347,834.819722,1305407
6/21/2022,853.5057983,865.0116458,833.6518384,840.6158678,2128325
6/22/2022,831.6188354,846.9310832,829.7589061,846.0227407,2575065
6/23/2022,840.2265015,845.6333644,829.2829897,832.310833,2169033
6/24/2022,836.2903442,851.7323242,830.4941764,851.2565308,1922313
6/27/2022,858.4800415,870.9807191,851.429524,853.1164758,3626024
6/28/2022,866.7850342,871.1537689,850.6076895,856.3606128,2702471
6/29/2022,854.3275757,865.3143316,852.1215862,852.2080749,3150015
6/30/2022,841.9568481,862.1136262,839.1020346,856.4472434,3741119
7/1/2022,843.7734375,849.0505678,834.1276251,834.3871439,2827579
7/4/2022,851.7756958,856.0146982,842.1298822,843.7735372,2738846
7/5/2022,849.656189,867.3907015,846.4553152,854.1979544,2476050
7/6/2022,853.5057983,864.2330363,847.8394161,849.526368,2998254
7/7/2022,856.3172607,865.8766362,852.0783121,862.5027328,2985141
7/8/2022,850.8673096,864.2330871,847.0609092,864.2330871,3141642
7/11/2022,816.2633667,847.0608932,813.1922788,843.4707147,5787815
7/12/2022,802.6380005,820.5887859,799.6966987,808.8667173,5305354
7/13/2022,793.9437866,809.7318271,782.9137858,804.5412384,12874342
7/14/2022,781.1835938,802.4217418,771.9270334,801.2106361,4916497
7/15/2022,764.0113525,782.9137235,758.9937417,775.1278412,5591590
7/18/2022,778.8479004,785.076618,768.9425154,774.2628905,5156225
7/19/2022,778.322937,785.1464835,774.2112957,778.5853708,4636293
7/20/2022,802.5553589,803.7800679,783.0469403,791.3576834,4827089
7/21/2022,808.7228394,810.9098771,799.1873333,805.7047165,3498709
7/22/2022,805.0484619,815.2400775,795.2067937,813.0530401,3514659
7/25/2022,814.1466064,815.3275853,799.5809152,805.048509,2120224
7/26/2022,799.1436768,813.2719634,797.0440989,812.2659046,2780103
7/27/2022,812.2219849,813.0092863,797.0439128,797.9187278,1742497
7/28/2022,827.6624146,830.1993993,815.9399261,818.7393447,2843497
7/29/2022,829.6746216,844.8089114,828.5811028,837.1980097,3617725
8/1/2022,832.9552002,836.7606244,826.8752247,834.5735867,2489519
8/2/2022,831.9927979,834.4422692,823.2446478,832.9551264,2545241
8/3/2022,837.3729858,841.3971138,831.1180368,831.9491218,4119614
8/4/2022,838.1601563,848.5267451,827.3999434,844.1964006,3513266
8/5/2022,837.8539429,844.1526206,835.448202,842.3592608,2565683
8/8/2022,845.1149902,846.8208901,831.1179507,837.8540367,1746911
8/10/2022,832.8676147,845.9461097,829.4120848,845.1150248,3271939
8/11/2022,841.8782349,847.2583687,838.7289221,844.1965161,3594584
8/12/2022,836.6729736,843.3215454,834.5733966,843.3215454,3022304
8/16/2022,838.2477417,847.695733,833.3925291,847.695733,2784861
8/17/2022,857.843689,859.8558065,835.4484432,842.4469641,4649125
8/18/2022,851.6325073,860.3369283,846.9084844,860.3369283,2829269
8/19/2022,848.6141968,863.4860503,845.7710483,852.5071338,2880969
8/22/2022,839.3411865,848.5704733,835.6232231,844.1963987,3616799
8/23/2022,828.3624268,831.9491473,821.4513662,831.0306021,3753715
8/24/2022,830.3306885,834.3985462,825.9566134,830.9867997,1494361
8/25/2022,825.6504517,834.4861159,824.6444464,834.4861159,3316314
8/26/2022,827.2689209,836.3232358,825.6067509,829.8058527,2195046
8/29/2022,802.6426392,806.5793061,787.4208391,798.356025,4974880
8/30/2022,821.4075317,826.9188554,808.0666034,810.866022,2998417
9/1/2022,810.1223145,814.4526588,801.5491392,802.4676842,2953921
9/2/2022,808.7228394,819.7017583,803.9550863,814.6278413,1750283
9/5/2022,818.8269043,824.3382286,807.0169009,810.0787536,2279812
9/6/2022,820.4015503,824.8631391,810.9972884,818.8268939,2108615
9/7/2022,815.0651855,815.808757,807.5417441,810.9535442,2709547
9/8/2022,814.496582,823.1135427,811.8284067,819.1768748,3214686
9/9/2022,829.7619019,833.6985688,817.3395201,821.4511606,2206526
9/12/2022,835.9294434,842.8842331,834.1360833,835.5795494,2517615
9/13/2022,835.7983398,839.6474941,831.4679946,835.4483925,2442828
9/14/2022,815.3276978,820.970266,810.5599446,816.4649467,6761712
9/15/2022,804.7422485,819.4391282,801.5928829,819.2641545,2995215
9/16/2022,784.621582,803.0801569,781.5597296,800.5431721,5095937
9/19/2022,785.4089966,793.5885499,776.3984116,785.5402402,2686561
9/20/2022,799.5808716,805.5733327,789.0830921,789.3455259,1836721
9/21/2022,788.1646118,799.3622335,786.3274682,795.2068621,1819649
9/22/2022,785.277771,791.6201803,778.3667106,785.2339875,2315711
9/23/2022,783.7030029,798.3561543,780.3349865,784.271654,2569608
9/26/2022,793.1947632,802.5552943,771.5868222,779.6788609,4182702
9/27/2022,803.7363281,806.0983394,793.9821189,797.1752152,3545337
9/28/2022,805.5296631,810.9097968,797.7000579,798.7061166,4154139
9/29/2022,807.4979248,814.4527143,801.8553577,810.9534545,2928360
9/30/2022,815.6337891,818.4332079,796.1254242,806.4920145,3229901
10/3/2022,813.7966919,816.0711896,801.3305776,815.6337821,1598950
10/4/2022,827.5750122,831.9490873,819.7454071,824.5131596,2331351
10/6/2022,843.8027954,846.7771878,835.8857304,835.8857304,3713623
10/7/2022,837.8103027,851.151231,835.4482916,844.1964413,2174327
10/10/2022,842.6655273,846.0773271,824.2506827,824.2506827,2758812
10/11/2022,821.1012573,850.3200968,818.8267599,846.9082973,3134969
10/12/2022,832.8239136,843.2342339,825.2130121,825.2130121,3502390
10/13/2022,859.1557617,865.2357364,847.9581408,850.3638819,9698562
10/14/2022,877.0457764,894.935754,869.5661187,879.1890838,7424383
10/17/2022,870.0909424,880.7636956,867.02909,879.8014205,2136170
10/18/2022,882.8633423,886.7562799,874.0276784,874.8150333,2487826
10/19/2022,879.7266846,889.3133996,878.2687722,889.3133996,2517099
10/20/2022,898.9442749,900.6230258,872.9672914,874.7344317,3931399
10/21/2022,907.6032104,909.9889146,893.8195377,903.4504739,2071897
10/24/2022,911.4909668,917.8968505,910.0772761,914.4951269,398105
10/25/2022,906.9848022,916.4831818,902.0368307,915.3787191,3068136
10/27/2022,911.8886108,916.6598033,900.8880978,910.960819,3313674
10/28/2022,910.0772705,918.6920796,906.1012048,911.8001892,2423629
10/31/2022,919.9290161,929.957515,915.7320582,918.0293189,2418565
11/1/2022,936.6286011,938.2189627,923.3308269,926.8651076,2275488
11/2/2022,923.5074463,942.1949759,921.1218501,940.9579562,2799322
11/3/2022,923.4633789,927.0417734,912.8163153,913.61155,2396164
11/4/2022,923.6400757,926.8651284,913.1255689,923.4634048,1709158
11/7/2022,925.2305908,932.7850516,917.7202438,926.0699394,2213508
11/9/2022,930.796936,937.8654973,927.0417629,937.3795984,2307691
11/10/2022,929.913269,938.7048559,925.142077,927.7485655,2321667
11/11/2022,963.6658325,970.7785077,944.6248521,946.303657,3923101
11/14/2022,971.0436401,974.5336992,963.1357301,967.5093594,2170007
11/15/2022,975.3729858,977.3167968,962.1194353,966.1838359,2172420
11/16/2022,976.5218506,982.9277352,971.3529859,978.5541054,2213697
11/17/2022,965.3447266,972.4574024,962.2963445,967.597766,2460883
11/18/2022,974.7103882,977.2285414,957.789999,970.2042022,2623894
11/21/2022,967.9509888,977.5377022,965.3886141,970.9551485,1733741
11/22/2022,974.9313965,977.140322,961.3243936,964.0634397,2529146
11/23/2022,974.9313965,982.0882937,971.7063436,979.8351465,2217599
11/24/2022,998.0807495,1002.85205,975.0195918,977.228517,3295202
11/25/2022,996.843811,1005.105278,990.172921,1003.028802,1977441
11/28/2022,988.5383301,1000.864091,986.9478607,994.0164219,2368293
11/29/2022,997.5066528,1006.165685,987.8758228,988.5385005,1785948
11/30/2022,990.305542,998.3460094,986.947932,995.7836342,6053488
12/1/2022,1004.089417,1016.680295,997.0208534,998.4345444,3919684
12/2/2022,1003.338074,1007.623367,993.0002388,1004.089087,2944923
12/5/2022,999.1852417,1008.992848,995.9601892,1001.305832,2646466
12/6/2022,990.4378052,994.016307,978.1120461,991.0121473,2807894
12/7/2022,977.1402588,986.5944163,973.6943136,984.2971555,2399879
12/8/2022,973.1199341,984.0762252,970.866895,984.0762252,1752350
12/9/2022,907.8684692,949.8380578,901.8602021,949.8380578,12415478
12/12/2022,908.6635742,918.1619534,894.5706194,905.6594141,4275785
12/13/2022,923.0656128,925.0095317,911.0490814,911.9326514,2284909
12/14/2022,933.2268066,934.1988202,923.3308635,923.3308635,2425507
12/15/2022,920.9893188,929.3391214,916.3505756,929.1182289,1906369
12/16/2022,909.7680664,924.6119809,903.3179609,910.0772944,5159215
12/19/2022,912.9487305,916.7039031,904.2013656,909.7678999,3328172
12/20/2022,909.8121948,913.0372476,893.7312603,907.4265984,2629849
12/21/2022,919.222229,930.6203061,914.49515,914.49515,2878658
12/22/2022,918.1177368,931.857296,913.2581009,924.2143925,2623451
12/23/2022,910.6073608,922.5355577,907.5148654,909.6354553,2177675
12/26/2022,911.5792847,920.4592079,909.1936884,910.9608287,1680715
12/27/2022,915.6878662,919.5755963,910.3864455,918.0293486,554319
12/28/2022,914.8927002,917.4109615,906.9847902,910.0772859,1397806
12/29/2022,922.8449097,924.2144867,908.3985576,910.0773626,1277244
12/30/2022,918.2944946,932.3873953,913.8766439,927.748652,1860560
1/2/2023,918.427124,921.1220566,911.4027831,918.117896,701880
1/3/2023,920.105835,924.0377872,913.1698302,918.0294665,2484372
1/4/2023,915.9086914,920.6799912,911.4025057,915.5552418,1219170
1/5/2023,922.5355835,927.5719981,912.8163117,920.5034368,2294943
1/6/2023,912.5514526,925.8933426,905.8804537,922.4473969,1887689
1/9/2023,943.1670532,946.3037709,918.9573138,923.2867219,4562242
1/10/2023,939.986145,947.7173843,933.3152547,937.4679915,2297082
1/11/2023,931.9899292,953.9024064,928.2347557,944.5365834,3594167
1/12/2023,946.8778076,949.3959605,937.4677656,937.4677656,4748542
1/13/2023,952.3120117,957.7901039,919.796585,922.3589601,8253765
1/16/2023,966.3606567,972.3247554,952.9746549,960.4407797,4508538
1/17/2023,981.6905518,984.2528186,967.5092092,970.071584,4390338
1/18/2023,985.3132324,994.7673895,984.3854407,988.6707341,6905092
1/19/2023,990.885437,992.6239454,979.6071171,982.8167296,2298287
1/20/2023,987.6759644,999.8012292,987.0072905,990.5735512,4747128
1/23/2023,999.6228027,1001.138529,987.9879428,990.5288817,1696834
1/24/2023,1014.467407,1019.683042,999.6228254,1003.813247,4861107
1/25/2023,1001.004883,1011.792801,995.6554913,1011.792801,2692236
1/27/2023,994.6298828,1011.302213,985.1793157,1001.004594,3864525
1/30/2023,1011.703613,1016.339709,985.8928442,994.6301179,3508427
1/31/2023,1000.514221,1014.333479,992.3118665,1012.817862,4582858
2/1/2023,1009.340881,1013.709572,993.6047347,1013.709572,2393911
2/2/2023,1024.943115,1030.203371,1011.926288,1014.422713,3048359
2/3/2023,1021.867554,1031.228989,1015.136192,1028.866319,1814055
2/6/2023,1021.466309,1025.166326,1005.685647,1012.104873,2070175
2/7/2023,1005.908447,1027.974686,1003.813291,1023.383104,1931191
2/8/2023,1020.842163,1024.408424,1009.875867,1010.945811,2848255
2/9/2023,1022.045593,1027.082958,1014.601047,1019.950437,1501083
2/10/2023,994.6744995,1007.468435,980.7214857,1003.723906,3185163
2/13/2023,992.3120117,999.6674242,985.1794905,999.6674242,2009185
2/14/2023,1003.411987,1018.524082,996.7698703,999.4445658,3938046
2/15/2023,1010.054321,1011.569939,998.1964596,1003.010934,1648954
2/16/2023,1005.819214,1027.216777,1002.119197,1015.136026,2369355
2/17/2023,989.2363281,1000.06876,987.4531975,1000.06876,1958807
2/20/2023,994.7191772,1011.658915,987.4975214,989.2361387,1706036
2/21/2023,985.357666,1000.380624,983.4854011,999.4444376,1313278
2/22/2023,974.1241455,985.6699805,971.8507195,976.2639238,2212194
2/23/2023,975.6843262,991.3758515,974.0349524,985.0012475,2139983
2/24/2023,976.1303101,984.7339375,964.673717,978.0471973,1684570
2/27/2023,966.4121704,971.806184,959.3242698,971.806184,1834553
2/28/2023,960.7506714,977.9579239,952.2808017,966.010928,20793703
3/1/2023,981.7024536,984.2880145,960.5277794,960.5277794,1655100
3/2/2023,986.0264893,995.8783282,972.0735809,972.0735809,4074162
3/3/2023,997.661377,1007.20108,990.5734777,994.0951164,3253621
3/6/2023,1004.526489,1023.516872,1001.495255,1006.577133,4091674
3/8/2023,999.1325073,1002.119229,987.2301343,991.420447,3209393
3/9/2023,995.5664673,1004.526634,993.2484191,1000.291698,1834324
3/10/2023,995.2545776,996.903952,985.1798443,985.1798443,1193681
3/13/2023,979.4735718,1010.678356,976.2639586,999.4000335,3028387
3/14/2023,966.5010986,983.7528599,950.4083066,979.4287914,3683544
3/15/2023,962.5784912,978.8495578,958.8784735,976.3086185,1528510
3/16/2023,956.114563,969.6217978,953.6627586,966.412076,1812907
3/17/2023,988.2553101,995.9673701,966.5012083,970.2011164,5350523
3/20/2023,972.5637817,988.1216583,968.462604,985.1794499,2066169
3/21/2023,966.3675537,982.8615101,960.3048667,979.8301666,2421127
3/22/2023,964.1831665,985.8482449,962.043497,973.5446013,1382329
3/23/2023,950.319519,963.2472165,945.9508271,960.2158726,2178855
3/24/2023,937.7036743,971.8060423,933.5133615,956.6494343,2688253
3/27/2023,937.480835,949.9627481,931.5073915,939.0856959,1459887
3/28/2023,928.2084351,948.4470288,926.6481961,942.2060729,2965015
3/29/2023,951.7459106,953.9748238,929.1001314,932.5772576,2478745
3/31/2023,967.571167,977.9579237,953.4398798,965.9217931,3131614
4/3/2023,979.0722656,980.0529655,970.0228578,971.7613663,1540702
4/5/2023,990.7072144,992.3120753,950.5422671,967.6602755,3342291
4/6/2023,973.4554443,988.7904311,967.7494053,988.7904311,2378264
4/10/2023,983.4855347,985.1795303,973.1434003,973.4554263,711625
4/11/2023,969.1312256,989.5480873,967.3480955,984.2878317,2318905
4/12/2023,975.8179932,978.4480667,962.9794341,973.5890804,2715967
4/13/2023,955.6240234,970.9143866,947.7336941,970.9143866,3071057
4/17/2023,929.1891479,940.6012253,906.053076,940.6012253,9509446
4/18/2023,948.4915771,950.7651118,931.8638651,935.7422606,3686404
4/19/2023,926.0686646,957.4963356,924.062643,957.4963356,4322881
4/20/2023,924.9989624,933.6471019,919.9615969,927.2278756,3057560
4/21/2023,935.2072144,957.5409647,925.2217283,939.7096619,7708194
4/24/2023,939.7543945,944.0784642,932.5772507,942.3844685,2033625
4/25/2023,939.2193604,943.9893215,931.1507602,936.5446646,1237595
4/26/2023,950.0073242,951.3000502,934.3603117,940.601268,1647101
4/27/2023,955.0892334,958.4326029,945.95069,950.0073552,1654910
4/28/2023,964.9280396,969.1446912,955.5426605,961.1647889,2629188
5/2/2023,968.0563965,974.6307101,964.8372055,964.9278636,1905168
5/3/2023,960.2578125,964.8372063,956.6759893,963.0236025,1649820
5/4/2023,967.3765869,968.4193208,950.600747,957.6284637,1403672
5/5/2023,957.1748657,970.2327256,954.0463325,967.3763879,1641673
5/8/2023,975.4921875,977.0790909,956.6760472,959.3964531,1389075
5/9/2023,978.4393921,981.7038573,966.6963501,971.1849758,2981949
5/10/2023,977.8046265,987.3260473,972.1823877,983.1093959,2091411
5/11/2023,986.6911621,990.7717708,979.391473,981.2957349,2653108
5/12/2023,993.4017944,1000.565554,977.0339707,984.7871737,1585037
5/15/2023,997.2555542,1002.877683,990.9533242,996.5300683,1523466
5/16/2023,989.0488892,1002.288287,986.6912261,997.6635081,1166324
5/17/2023,974.4040527,991.9959215,963.6583614,988.8674992,3602382
5/18/2023,979.2554932,983.8801612,972.9985373,981.1143708,1515743
5/19/2023,993.2654419,1001.1093,981.5676752,987.1445291,1984436
5/22/2023,1015.4823,1017.341288,987.462093,993.2656486,1864932
5/23/2023,1004.147217,1025.910466,1001.109452,1015.618285,2138096
5/24/2023,1008.318542,1011.084333,995.6686976,996.620884,1302744
5/25/2023,1011.991089,1014.031393,1000.248047,1005.824791,1124803
5/26/2023,1033.029053,1034.071897,1010.177681,1011.084483,1635167
5/29/2023,1021.240234,1040.963175,1019.608057,1039.194956,1288914
5/30/2023,1029.990845,1037.381302,1022.917857,1023.779274,1983735
5/31/2023,1038.379028,1045.860145,1026.590601,1029.039033,5967930
6/1/2023,1035.477295,1047.492422,1031.623386,1041.008765,1445692
6/2/2023,1031.079102,1043.819601,1026.136965,1041.008538,1336554
6/5/2023,1032.212646,1041.461982,1030.126958,1037.381373,1435758
6/6/2023,1023.416748,1026.771982,1009.95076,1024.686293,1943605
6/7/2023,1023.824707,1028.132016,1012.172214,1028.132016,2459039
6/8/2023,1021.739075,1025.819683,1014.076643,1023.824763,1385218
6/9/2023,1006.323486,1025.593028,1002.877595,1023.870082,1824218
6/12/2023,1033.43689,1034.615666,1007.910392,1009.225211,1670970
6/13/2023,1025.865234,1038.242994,1024.05163,1038.242994,2014656
6/14/2023,1029.990845,1032.303234,1021.104253,1031.940491,836964
6/15/2023,1037.018677,1040.101825,1030.625789,1033.754212,2109652
6/16/2023,1041.190063,1046.67626,1026.907931,1042.822351,2909817
6/19/2023,1031.532593,1046.358782,1029.62822,1041.189945,1278608
6/20/2023,1059.734009,1061.638271,1026.9531,1027.406501,3504867
6/21/2023,1061.366333,1066.127043,1053.386542,1065.492326,2019683
6/22/2023,1054.973511,1061.366399,1050.847517,1061.094424,972005
6/23/2023,1056.560181,1061.456933,1043.728913,1053.613075,1699790
6/26/2023,1058.691284,1066.353716,1054.65606,1058.464584,1190307
6/27/2023,1060.958496,1064.993721,1052.071791,1058.23809,1504039
6/28/2023,1061.185303,1064.540427,1057.784794,1064.087026,1424076
6/30/2023,1077.235229,1082.721425,1056.424171,1061.275539,3036648
7/3/2023,1071.477051,1083.628218,1065.03878,1079.094209,1749952
7/4/2023,1079.63855,1081.814897,1068.711651,1071.840074,1094468
7/5/2023,1083.447021,1090.52001,1076.917981,1082.721536,1653610
7/6/2023,1070.615967,1086.348962,1065.447128,1083.447239,2334220
7/7/2023,1049.713867,1072.701273,1046.268086,1068.348691,2159585
7/10/2023,1019.698792,1053.613207,1015.618183,1051.890261,3960400
7/11/2023,1010.993408,1026.272997,1008.363661,1026.272997,4982603
7/12/2023,1007.049133,1019.698979,999.7039476,1015.346284,3824027
7/13/2023,1005.462097,1019.608186,985.7391538,997.4821953,12294227
7/14/2023,1043.683594,1049.260448,1007.955688,1010.358624,6605038
7/17/2023,1046.222778,1062.771914,1037.064101,1044.59049,3159479
7/18/2023,1058.419189,1060.958279,1039.557775,1050.938073,2431478
7/19/2023,1060.096802,1065.401571,1049.169795,1056.42421,2242397
7/20/2023,1057.12439,1063.526769,1049.990265,1060.965773,1990001
7/21/2023,1020.219116,1042.58178,1001.515067,1015.234451,5259150
7/24/2023,1017.886963,1031.423356,1016.149152,1024.380783,2672505
7/25/2023,1016.652039,1023.465954,1010.752637,1023.008641,2506726
7/26/2023,1019.807495,1025.158032,1015.325808,1015.417248,1969964
7/27/2023,1021.957092,1026.850318,1014.274213,1019.807744,1769815
7/28/2023,1009.335205,1023.008814,1003.755899,1018.938775,2031899
7/31/2023,1021.362549,1023.923546,1002.42984,1013.405349,2526624
8/1/2023,1041.30127,1044.502459,1016.97225,1024.380696,2710536
8/2/2023,1034.350098,1039.929291,1025.752595,1039.929291,2701150
8/3/2023,1029.411133,1038.603165,1019.85334,1029.868446,1608187
8/4/2023,1046.651978,1053.968984,1029.868617,1033.938657,3315303
8/7/2023,1052.55127,1057.078622,1045.554361,1055.981116,1655404
8/8/2023,1043.907959,1058.130432,1039.92936,1056.301181,1667697
8/9/2023,1046.468994,1048.161029,1028.95389,1043.542125,1559337
8/10/2023,1037.460083,1047.063654,1032.292425,1042.673405,1676669
8/11/2023,1071.438354,1085.615054,1055.752611,1060.965934,7391806
8/14/2023,1071.026733,1076.514488,1055.478096,1070.706637,1720940
8/16/2023,1076.651611,1084.974682,1070.203456,1075.371113,2567226
8/17/2023,1076.23999,1080.127149,1064.578513,1076.377206,2331256
8/18/2023,1073.496094,1077.291813,1059.731045,1072.8559,3406088
8/21/2023,1078.572266,1087.398425,1069.151577,1072.81008,1661946
8/22/2023,1078.801025,1085.660718,1075.737052,1081.08759,1805887
8/23/2023,1081.544922,1092.977743,1078.023635,1091.102716,2347850
8/24/2023,1071.255249,1087.489854,1069.197341,1087.444078,2464221
8/25/2023,1055.432251,1070.843783,1051.819524,1065.538909,2105159
8/28/2023,1048.572632,1060.691423,1042.033147,1056.392727,2571967
8/29/2023,1058.725098,1063.984196,1050.264809,1055.386691,1794652
8/30/2023,1070.569458,1074.82249,1062.475042,1066.453642,1497356
8/31/2023,1072.078369,1086.666602,1066.361959,1078.800845,4483967
9/1/2023,1084.56311,1086.575242,1071.118047,1072.855858,1669640
9/4/2023,1127.276367,1129.562932,1083.831639,1084.746265,4517935
9/5/2023,1130.06604,1135.6909,1120.599573,1131.163546,2842400
9/6/2023,1130.340454,1136.331299,1118.313101,1133.998958,1767709
9/7/2023,1146.940552,1149.684429,1125.263969,1132.306542,2582004
9/8/2023,1154.303467,1161.16316,1147.215117,1151.513814,2280777
9/11/2023,1172.138428,1174.653648,1161.94033,1167.5653,2691836
9/12/2023,1172.915894,1181.467621,1157.458699,1175.293898,2140769
9/13/2023,1166.376221,1172.915816,1158.007375,1172.549943,2275523
9/14/2023,1174.013428,1180.507247,1166.696423,1171.498207,2655172
9/15/2023,1193.220825,1198.159827,1180.827712,1183.525814,4286280
9/18/2023,1193.586548,1199.348734,1179.59273,1190.842671,2761885
9/20/2023,1182.976929,1192.671939,1172.09286,1172.09286,2220756
9/21/2023,1168.891724,1175.294104,1151.788267,1174.379478,3112700
9/22/2023,1164.958618,1174.013434,1157.09286,1163.815336,1321467
9/25/2023,1155.583862,1170.720963,1149.318698,1161.574706,1246703
9/26/2023,1153.754517,1160.614209,1149.775917,1156.086857,903152
9/27/2023,1153.434448,1159.425291,1146.300435,1151.056444,1670373
9/28/2023,1135.873657,1157.916114,1132.809684,1153.434426,1807072
9/29/2023,1129.379761,1143.007593,1122.474293,1129.654081,2338327
10/3/2023,1132.946777,1149.410039,1118.312767,1127.276143,2162636
10/4/2023,1133.724243,1138.526028,1120.416396,1128.648026,2253785
10/5/2023,1129.974243,1146.894818,1122.977446,1142.367466,2995200
10/6/2023,1132.031982,1148.769674,1125.080851,1145.111172,2497711
10/9/2023,1142.91626,1158.510673,1126.04146,1130.477372,3430211
10/10/2023,1154.074707,1156.772808,1141.635709,1148.358297,1532394
10/11/2023,1139.257568,1165.644493,1135.050313,1157.915952,2186131
10/12/2023,1119.273193,1141.955955,1111.407435,1138.708989,3921609
10/13/2023,1148.678467,1158.373477,1105.370961,1107.61175,5740821
10/16/2023,1162.169067,1170.080601,1152.702715,1155.172159,2527113
10/17/2023,1168.114136,1169.806171,1162.489166,1169.714731,1687345
10/18/2023,1161.071411,1172.092694,1159.196496,1168.891505,1743126
10/19/2023,1159.150879,1165.919132,1156.910091,1158.647902,2279726
10/20/2023,1162.151733,1164.690997,1150.009413,1156.057523,1625449
10/23/2023,1141.883789,1163.906107,1137.867158,1152.364,1646367
10/25/2023,1134.82019,1156.888726,1131.403771,1136.851557,1420065
10/26/2023,1137.405396,1143.314864,1119.168867,1121.892759,4617424
10/27/2023,1171.477661,1172.678085,1138.928919,1142.206923,2675348
10/30/2023,1167.830444,1177.110344,1159.750969,1172.67813,1158770
10/31/2023,1178.218262,1181.773208,1160.397204,1174.524788,2525870
11/1/2023,1162.474976,1187.40593,1159.10477,1181.911932,1572719
11/2/2023,1175.817749,1177.295116,1168.061429,1168.984798,1368604
11/3/2023,1169.215576,1188.652532,1166.214628,1184.312631,2052536
11/6/2023,1172.401245,1181.450304,1168.199985,1178.449355,1175823
11/7/2023,1176.325439,1179.788072,1170.000387,1171.75481,1385282
11/8/2023,1170.508179,1182.650498,1168.892284,1181.911758,937671
11/9/2023,1170.369751,1178.033756,1165.106595,1170.508279,1483749
11/10/2023,1159.243042,1173.601469,1154.81094,1165.568207,1469902
11/13/2023,1164.367798,1166.768534,1157.257905,1163.444429,730991
11/15/2023,1178.818848,1184.682217,1171.201055,1177.295267,2410620
11/16/2023,1210.582642,1216.953796,1180.065259,1185.420843,3936945
11/17/2023,1208.828247,1224.156146,1206.288983,1212.752564,2882039
11/20/2023,1223.833008,1229.650164,1213.306581,1214.183736,2831858
11/21/2023,1224.940918,1233.620606,1220.508816,1233.251236,1514256
11/22/2023,1227.803467,1233.389893,1219.216204,1224.941046,1535630
11/23/2023,1227.15686,1232.927914,1224.109699,1231.72749,1307344
11/24/2023,1208.828247,1230.527413,1205.596456,1227.06478,1795933
11/28/2023,1215.753296,1218.754244,1196.039399,1208.828031,2152951
11/29/2023,1231.727539,1236.205967,1220.231645,1222.540066,1835524
11/30/2023,1238.144897,1243.592794,1227.803102,1234.543738,4104385
12/1/2023,1234.266846,1245.624325,1226.233583,1242.854219,1854324
12/4/2023,1235.420776,1246.547411,1229.003411,1246.547411,1547057
12/5/2023,1216.584229,1243.777386,1208.04307,1243.777386,3932040
12/6/2023,1227.665039,1237.267984,1218.431351,1223.463666,2077245
12/7/2023,1226.233765,1234.544084,1223.786815,1229.003871,1985003
12/8/2023,1259.567261,1264.968945,1227.157041,1230.850516,4509751
12/11/2023,1269.908691,1277.018583,1261.367533,1265.107108,2824656
12/12/2023,1269.908691,1280.712057,1265.014793,1271.478373,2730422
12/13/2023,1264.276123,1276.834025,1253.057286,1273.648336,1896931
12/14/2023,1306.197266,1310.490952,1276.09547,1284.405788,5145574
12/15/2023,1377.019653,1382.282809,1313.030164,1313.030164,7374290
12/18/2023,1389.023438,1394.194279,1367.508904,1375.680694,3075527
12/19/2023,1374.249756,1389.346812,1364.461957,1386.438178,2590417
12/20/2023,1329.604614,1387.869265,1325.033985,1371.202416,4368383
12/21/2023,1313.076416,1336.160632,1311.27578,1312.245362,2841508
12/22/2023,1350.611328,1354.905015,1313.953636,1321.340586,2303438
12/26/2023,1346.409912,1354.904858,1331.636015,1350.611172,1363265
12/27/2023,1359.244995,1362.892257,1345.856148,1353.150671,1402329
12/28/2023,1359.614136,1369.078664,1355.920661,1357.905926,1928616
12/29/2023,1353.750854,1368.293912,1345.85612,1360.999276,1481617
1/1/2024,1370.04834,1381.128764,1343.547703,1348.118333,1222315
1/2/2024,1356.936401,1374.711247,1349.364711,1370.325246,1440888
1/3/2024,1327.57312,1352.734913,1325.495541,1348.11807,1651716
1/4/2024,1311.137207,1334.083007,1308.551843,1326.880687,3392241
1/5/2024,1323.002686,1328.588998,1312.937944,1315.800365,1776925
1/8/2024,1336.945557,1341.285344,1320.925132,1325.034078,2025264
1/9/2024,1348.487671,1367.46283,1341.054508,1348.6723,3119270
1/10/2024,1377.758301,1392.439884,1353.704616,1361.876406,4368914
1/11/2024,1371.017944,1385.053104,1361.045517,1385.053104,2271368
1/12/2024,1422.726318,1435.838107,1383.667783,1389.669679,5862043
1/15/2024,1466.494141,1495.487941,1454.767403,1486.623624,9712071
1/16/2024,1436.253662,1465.385987,1420.140925,1465.385987,4459799
1/17/2024,1455.136963,1463.539597,1400.335045,1403.520623,3846289
1/18/2024,1447.426514,1462.800511,1419.263771,1456.152302,3205598
1/19/2024,1458.964478,1479.481866,1449.7527,1460.872031,2374099
1/23/2024,1417.743896,1458.91816,1411.602673,1450.543733,3196630
1/24/2024,1466.827148,1471.29344,1417.790167,1423.745337,2136023
1/25/2024,1442.494873,1460.872086,1429.933234,1460.872086,2641656
1/29/2024,1465.105957,1478.179299,1442.49496,1456.219715,2521598
1/30/2024,1450.915894,1481.761606,1446.914733,1470.177028,1939386
1/31/2024,1466.454956,1471.386608,1438.865854,1450.91579,7025931
2/1/2024,1467.757813,1485.995429,1457.475833,1466.455101,2845408
2/2/2024,1473.666382,1501.720732,1465.524579,1474.643444,2337374
2/5/2024,1447.240479,1478.086306,1443.611538,1474.783015,1452864
2/6/2024,1510.886108,1513.910207,1449.752841,1457.150205,4988311
2/7/2024,1503.069946,1516.608648,1487.809858,1514.840691,3320199
2/8/2024,1520.237549,1533.171294,1504.884434,1512.979667,3496692
2/9/2024,1517.259766,1532.28723,1502.418468,1526.00641,3341297
2/12/2024,1551.083374,1567.878798,1525.076172,1525.076172,4885445
2/13/2024,1549.827271,1558.573917,1534.008908,1558.573917,3129897
2/14/2024,1555.317139,1560.341817,1512.467943,1535.078941,1386643
2/15/2024,1546.989258,1578.57941,1535.404566,1561.365311,2555162
2/16/2024,1551.548462,1560.434704,1535.357996,1558.57372,1776881
2/19/2024,1558.806519,1565.971261,1544.290868,1553.921436,762624
2/20/2024,1547.454346,1556.48007,1530.658924,1545.546792,2240414
2/21/2024,1522.563721,1549.082736,1518.609131,1540.475687,2890991
2/22/2024,1569.181274,1573.833733,1525.075944,1529.728402,3820901
2/23/2024,1549.966675,1579.370192,1547.826498,1579.044543,2191549
2/26/2024,1535.125366,1552.851166,1525.541256,1549.966664,1844253
2/27/2024,1543.499878,1557.085036,1533.450521,1534.381013,2049420
2/28/2024,1537.079346,1555.782207,1529.914491,1548.989572,936575
2/29/2024,1548.198608,1561.132466,1522.889279,1528.006984,3532888
3/1/2024,1529.821655,1562.481897,1525.169196,1558.992553,2371138
3/4/2024,1524.098999,1539.033438,1521.354094,1534.380979,1788071
3/5/2024,1506.791992,1516.655183,1495.34701,1511.118802,3339546
3/6/2024,1529.914429,1535.311326,1492.369111,1500.883133,2366177
3/7/2024,1523.819702,1539.545034,1516.794445,1535.311252,3181239
3/11/2024,1524.750244,1544.430166,1518.609022,1539.963761,2970902
3/12/2024,1521.912598,1549.269083,1519.539911,1522.191791,2414182
3/13/2024,1518.097534,1536.474749,1498.417608,1524.8436,2564135
3/14/2024,1562.528442,1566.017787,1498.091882,1520.423686,3513306
3/15/2024,1532.799316,1560.43488,1528.658559,1560.43488,3931561
3/18/2024,1529.170288,1547.687098,1520.656265,1535.218485,1183544
3/19/2024,1487.99585,1527.448721,1483.296821,1527.448721,1915379
3/20/2024,1476.783447,1506.559184,1468.409021,1493.20665,1815178
3/21/2024,1484.878906,1507.350193,1473.294215,1496.230861,2684744
3/22/2024,1449.56665,1462.221316,1403.367709,1451.567231,7468824
3/26/2024,1453.660767,1481.854713,1447.426517,1453.660767,4496344
3/27/2024,1438.726563,1467.246163,1432.957558,1459.941824,2589697
3/28/2024,1436.26062,1452.544226,1424.582903,1441.331755,5301493
4/1/2024,1448.496704,1459.9418,1440.40147,1441.331962,1014857
4/2/2024,1422.070801,1456.219808,1419.093159,1450.636856,2031775
4/3/2024,1429.095947,1450.125041,1412.48669,1419.325782,3343884
4/4/2024,1432.631714,1444.588511,1413.137843,1433.701802,3388449
4/5/2024,1437.842407,1440.122067,1417.883404,1435.236985,2773570
4/8/2024,1433.003906,1445.984221,1430.770703,1445.984221,1820136
4/9/2024,1433.422729,1453.242252,1427.886348,1432.957484,2432095
4/10/2024,1432.166382,1444.262774,1429.421363,1433.934339,1829986
4/12/2024,1415.743408,1435.702414,1410.811756,1430.166032,4319991
4/15/2024,1400.43689,1424.117863,1390.154909,1402.34433,3295684
4/16/2024,1374.615479,1397.226359,1365.310561,1383.036361,2446933
4/18/2024,1364.891846,1377.965301,1351.167092,1374.38293,5180223
4/19/2024,1346.886963,1354.330898,1335.255815,1341.769258,5219506
4/22/2024,1364.007935,1370.893597,1349.678338,1351.260129,1939632
4/23/2024,1383.315674,1397.086884,1368.846481,1372.382395,2783858
4/24/2024,1376.429932,1392.89959,1373.685026,1386.432718,1321471
4/25/2024,1399.599365,1409.741749,1377.081394,1377.081394,4558032
4/26/2024,1371.405518,1425.00183,1363.124117,1411.416671,4328477
4/29/2024,1290.964355,1336.186235,1285.009185,1316.645907,11493223
4/30/2024,1271.609985,1300.734422,1267.748422,1280.72885,7606726
5/2/2024,1266.120361,1282.124891,1263.608078,1263.608078,6555505
5/3/2024,1254.349365,1274.773612,1240.857236,1274.773612,5964228
5/6/2024,1264.352295,1270.121299,1254.768184,1263.607856,2504082
5/7/2024,1255.063843,1271.990466,1250.537591,1271.094562,5096525
5/8/2024,1238.750244,1257.939935,1232.762322,1255.063789,6832455
5/9/2024,1244.785645,1262.655139,1239.552039,1240.023531,5653762
5/10/2024,1241.154785,1247.472843,1229.273217,1244.832444,3357203
5/13/2024,1238.042969,1246.52982,1227.434405,1241.154745,2316566
5/14/2024,1245.728271,1251.291781,1234.082334,1246.62406,3200462
5/15/2024,1256.90271,1263.880811,1243.087979,1244.030962,2975965
5/16/2024,1271.283203,1280.383017,1252.753555,1268.312782,5055915
5/17/2024,1257.185547,1273.970699,1254.356596,1273.970699,2487831
5/21/2024,1265.389648,1272.886322,1239.080384,1239.080384,4966721
5/22/2024,1266.474121,1275.762486,1263.597975,1272.037632,2390777
5/23/2024,1276.375366,1280.995893,1261.711927,1269.868757,3326149
5/24/2024,1268.501221,1282.457421,1264.399266,1282.457421,1769966
5/27/2024,1276.139648,1282.080376,1261.711954,1273.97074,1942325
5/28/2024,1280.94873,1285.569372,1268.878496,1280.430044,2147233
5/29/2024,1275.95105,1288.681328,1270.151678,1288.115561,3845920
5/30/2024,1255.912476,1274.489318,1249.547337,1269.255714,4150461
5/31/2024,1248.60437,1264.446538,1240.730481,1255.912492,10319045
6/3/2024,1239.504639,1277.50692,1235.166938,1273.546436,5384064
6/4/2024,1229.226074,1249.453022,1164.584515,1249.453022,5447244
6/5/2024,1267.086914,1279.534366,1241.060592,1244.738251,3005139
6/6/2024,1317.819336,1319.988244,1273.876331,1276.799557,5936709
6/7/2024,1349.880859,1356.623214,1318.290913,1326.777764,5884025
6/10/2024,1337.857788,1359.782154,1317.819389,1357.896187,3293739
6/11/2024,1347.334839,1355.963046,1334.698837,1343.751456,2269082
6/12/2024,1356.717529,1388.071731,1352.709849,1388.071731,5990861
6/13/2024,1361.80957,1374.586927,1355.161491,1365.204288,4232861
6/14/2024,1349.456543,1363.5541,1343.18568,1361.809603,3065114
6/18/2024,1355.255859,1357.660513,1345.684669,1349.456603,2223029
6/19/2024,1363.412598,1369.117694,1348.749274,1357.943363,3117522
6/20/2024,1361.149536,1366.335946,1348.042157,1366.335946,3163919
6/21/2024,1365.298584,1397.454297,1357.141754,1378.641823,6489262
6/24/2024,1358.697754,1361.62098,1345.260239,1355.868803,1988692
6/25/2024,1365.392944,1367.420382,1345.118799,1358.79206,2079037
6/26/2024,1361.385376,1370.438111,1356.198966,1365.393056,1917424
6/27/2024,1371.946655,1377.274535,1342.336952,1353.181261,6613193
6/28/2024,1376.378784,1384.959912,1359.782297,1384.299869,4943575
7/1/2024,1385.101196,1394.295285,1372.040899,1381.470733,3723295
7/2/2024,1396.369873,1407.355538,1389.014556,1390.900523,3811366
7/3/2024,1396.55835,1404.102216,1387.317067,1404.102216,2070876
7/4/2024,1435.550781,1447.055248,1400.330374,1400.330374,6822557
7/5/2024,1432.769043,1442.057407,1419.708746,1436.16376,3061687
7/8/2024,1445.970947,1452.194615,1420.321727,1440.878813,2939620
7/9/2024,1443.802002,1458.13542,1438.049826,1445.97091,2658608
7/10/2024,1423.85791,1445.21651,1403.017998,1443.802034,3507096
7/11/2024,1425.696777,1446.53669,1422.066314,1428.620003,3304053
7/12/2024,1471.24292,1476.712271,1424.376683,1442.764862,6430647
7/15/2024,1480.106812,1543.098153,1478.032294,1489.913863,10337489
7/16/2024,1480.059692,1492.742774,1466.339237,1475.769072,3540650
7/18/2024,1503.634277,1508.066253,1468.225203,1469.215382,4399468
7/19/2024,1503.634277,1524.285522,1498.023457,1518.674817,5633838
7/22/2024,1487.179199,1503.587135,1481.332748,1498.023509,2704495
7/23/2024,1518.773804,1521.101897,1473.876213,1495.636127,2907674
7/24/2024,1504.853271,1518.441373,1498.344331,1514.640518,2484299
7/25/2024,1508.559204,1514.640595,1485.041416,1491.835467,2934731
7/26/2024,1553.931763,1558.350279,1514.640454,1523.00238,2814159
7/29/2024,1551.080811,1563.101033,1539.345698,1558.539962,1639491
7/30/2024,1549.085693,1551.698781,1537.445577,1547.897926,1783877
7/31/2024,1560.820679,1563.101214,1538.58566,1540.29609,1984986
8/1/2024,1558.872803,1573.078448,1554.644283,1558.397696,1785188
8/2/2024,1529.178711,1557.400007,1521.434447,1539.393507,1692851
8/5/2024,1484.61377,1516.255813,1460.478321,1496.586438,3279717
8/6/2024,1503.950439,1525.09269,1485.183723,1485.183723,2138704
8/7/2024,1515.210571,1534.594952,1510.839612,1525.092816,1897787
8/8/2024,1480.290039,1522.241987,1477.154404,1517.49092,2373805
8/9/2024,1510.791992,1522.242112,1497.394004,1505.993483,2021762
8/12/2024,1506.32605,1520.816807,1495.493592,1510.839564,1273739
8/13/2024,1513.357666,1528.32353,1499.104462,1499.437014,1973825
8/14/2024,1545.189819,1548.610565,1518.678838,1520.436709,3932148
8/16/2024,1585.193848,1590.657576,1551.413708,1553.599245,3101056
8/19/2024,1594.933472,1601.10986,1576.451864,1582.105589,1631947
8/20/2024,1602.772827,1610.659647,1586.096532,1596.358885,2786109
8/21/2024,1593.745605,1604.768059,1590.419858,1602.059974,1410370
8/22/2024,1592.700439,1603.010233,1589.707244,1603.010233,1749127
8/23/2024,1578.7323,1602.012532,1574.646451,1592.605511,2158185
8/26/2024,1633.844604,1647.670258,1584.100949,1587.806805,2672708
8/27/2024,1626.385376,1669.382536,1620.208988,1639.925918,3556487
8/28/2024,1633.844604,1651.233558,1608.75906,1627.288224,2516461
8/29/2024,1664.631592,1668.575001,1612.749955,1628.666032,5112407
8/30/2024,1665.961792,1678.362124,1655.461887,1664.63147,4792561
9/2/2024,1716.703247,1721.786866,1672.375764,1676.366614,4445349
9/3/2024,1701.309814,1726.680586,1698.079181,1716.085682,2553290
9/4/2024,1696.368652,1706.250896,1677.126829,1677.221827,2644961
9/5/2024,1701.404663,1708.198596,1679.312201,1702.782426,2878565
9/6/2024,1668.670044,1706.346036,1653.419186,1698.98188,3351716
9/9/2024,1659.785522,1678.362244,1654.46435,1670.807976,1418238
9/10/2024,1690.524902,1700.21715,1660.165626,1662.351047,2307528
9/11/2024,1690.192261,1707.391102,1685.393636,1689.669597,2303930
9/12/2024,1717.606079,1723.877466,1688.624564,1710.384479,3349489
9/13/2024,1722.547241,1729.388733,1706.251055,1715.135529,1599349
9/16/2024,1721.644287,1733.426958,1718.175985,1728.438337,836199
9/17/2024,1723.449829,1736.990372,1717.225884,1721.739398,830317
9/18/2024,1669.050171,1718.081169,1653.466645,1718.081169,2629136
9/19/2024,1650.045776,1687.57921,1635.792574,1687.57921,4167373
9/20/2024,1672.42334,1678.172062,1635.697564,1660.973221,4644317
9/23/2024,1665.53418,1676.176524,1646.2448,1676.176524,1541597
9/24/2024,1687.199097,1694.705807,1651.803643,1662.873654,1907389
9/25/2024,1693.660645,1695.22852,1667.62477,1690.239899,2240579
9/26/2024,1695.03833,1718.366118,1690.33482,1693.518012,4303250
9/27/2024,1718.366333,1737.513161,1707.106325,1719.886652,4099016
9/30/2024,1706.678467,1730.053696,1700.074529,1717.986031,2117894
10/1/2024,1726.062866,1731.71659,1700.882208,1700.882208,1642542
10/3/2024,1690.002441,1719.22151,1681.878069,1689.479778,3552386
10/4/2024,1688.149414,1717.891145,1679.26494,1689.479736,2982759
10/7/2024,1688.481812,1714.375129,1679.882449,1696.083519,3419048
10/8/2024,1700.359619,1704.683137,1656.222245,1685.678866,2353030
10/9/2024,1719.601318,1734.139631,1701.024714,1703.780356,2499596
10/10/2024,1718.60376,1748.345374,1707.533749,1729.38866,3753869
10/11/2024,1748.060425,1760.555757,1711.002095,1714.185288,2977110
10/14/2024,1763.501221,1772.623247,1741.171204,1754.141641,1751092
10/15/2024,1776.994385,1789.01461,1738.843287,1738.890844,5696544
10/16/2024,1772.385986,1791.152706,1761.74364,1775.949287,2144442
10/17/2024,1774.80896,1783.598436,1759.272875,1776.804385,2399099
10/18/2024,1765.21167,1780.605199,1751.243577,1774.048702,2366406
10/21/2024,1751.813721,1794.478333,1748.392975,1781.935561,1284980
10/22/2024,1743.349243,1771.325085,1740.240816,1750.092185,2089660
10/23/2024,1765.34729,1783.758741,1715.373352,1715.373352,2522186
10/24/2024,1764.534302,1781.797955,1757.647871,1764.629922,1621637
10/25/2024,1771.659668,1790.023366,1760.038911,1778.976449,4078295
10/28/2024,1790.214844,1795.044908,1764.725719,1764.725719,2418907
10/29/2024,1790.214844,1794.184089,1770.559974,1790.214844,1719955
10/30/2024,1758.699951,1788.014711,1755.352415,1779.932849,1732047
10/31/2024,1689.119019,1763.577766,1680.032849,1759.847631,3616088
11/1/2024,1680.845947,1703.704863,1674.724714,1699.592129,242223
11/4/2024,1686.154053,1704.469883,1668.98602,1686.201921,2843690
11/5/2024,1696.29248,1705.665513,1684.767344,1691.940636,1818350
11/6/2024,1758.317505,1772.281491,1705.33076,1713.077893,3477029
11/7/2024,1752.148438,1781.415565,1735.171645,1769.460077,2173869
11/8/2024,1757.456787,1773.381521,1748.418485,1758.843577,1521324
11/11/2024,1785.958618,1792.366713,1754.109152,1766.255881,1679869
11/12/2024,1791.266846,1810.491247,1783.232734,1808.626238,2711052
11/13/2024,1783.519653,1797.722749,1778.11575,1784.715202,1254074
11/14/2024,1777.97229,1814.364842,1765.921182,1790.453866,2462563
11/18/2024,1755.065552,1783.80659,1735.936772,1777.972219,2483933
11/19/2024,1741.244995,1783.75866,1738.136568,1756.978369,2354204
11/21/2024,1756.356567,1759.417242,1740.910056,1755.065398,1841245
11/22/2024,1815.703857,1819.147015,1756.500259,1765.92116,2765950
11/25/2024,1809.295776,1836.315181,1796.670827,1835.40661,6531524
11/26/2024,1816.803711,1831.532778,1806.856722,1807.765293,2079873
11/27/2024,1808.674194,1833.493742,1804.89619,1814.12585,1631975
11/28/2024,1760.708618,1817.71236,1755.065605,1802.983176,3631255
11/29/2024,1767.547241,1790.740888,1754.061357,1761.760738,2482280
12/2/2024,1789.975586,1796.718528,1755.495913,1767.547138,2014744
12/3/2024,1808.387085,1813.695368,1790.501722,1801.931122,2954648
12/4/2024,1814.98645,1827.754887,1795.809802,1800.018157,3730643
12/5/2024,1840.188721,1853.674488,1801.931159,1802.887598,3881814
12/6/2024,1838.94519,1854.869923,1831.867635,1842.101486,2250408
12/9/2024,1826.702881,1842.149394,1818.19055,1831.580696,1379520
12/10/2024,1852.000732,1858.169834,1828.902706,1832.967572,2695207
12/11/2024,1846.788086,1850.518221,1832.537122,1842.340621,1387117
12/12/2024,1851.857178,1864.099644,1837.797571,1841.097239,2306173
12/13/2024,1883.037109,1888.966984,1829.046059,1854.535181,2569918
12/16/2024,1869.264404,1893.749219,1865.295159,1884.997779,1371189
12/17/2024,1865.630005,1877.681114,1853.578896,1860.560948,1987909
12/18/2024,1874.955078,1886.049747,1861.947532,1864.099519,3460812
12/19/2024,1849.992188,1861.421587,1826.798541,1826.798541,1916115
12/20/2024,1828.0896,1872.372771,1813.790884,1869.455585,3786921
12/23/2024,1820.103394,1854.917796,1816.421127,1834.928198,2058339
12/24/2024,1814.316895,1839.853886,1806.952361,1825.459432,1310301
12/26/2024,1817.951416,1825.746417,1804.130919,1822.590122,1065107
12/27/2024,1809.582764,1820.007973,1800.687833,1817.234276,1328546
12/30/2024,1844.922852,1883.180409,1784.380337,1805.756724,6262203
12/31/2024,1833.876099,1843.823087,1796.718468,1831.771863,1968650
1/1/2025,1828.663452,1852.574427,1824.789944,1833.876115,880695
1/2/2025,1886.289063,1890.210556,1826.846468,1828.663609,3487645
1/3/2025,1861.851929,1905.322033,1856.448025,1893.749145,2853344
1/6/2025,1867.973145,1887.436654,1845.92718,1866.251508,1789037
1/7/2025,1832.441528,1894.705685,1825.746455,1874.620465,2494547
1/8/2025,1848.079346,1854.05709,1812.02164,1823.259799,2372138
1/9/2025,1850.518188,1859.747731,1836.362845,1842.866677,2742139
1/10/2025,1908.191528,1915.125711,1850.948674,1851.666004,4802079
1/13/2025,1902.739746,1924.546485,1879.78521,1908.000161,5694121
1/14/2025,1734.549927,1854.535148,1719.438144,1851.761452,15819311
1/15/2025,1746.170654,1763.243184,1733.593575,1756.022023,3350594
1/16/2025,1714.177734,1757.886948,1707.53053,1753.152622,5362008
1/17/2025,1728.331909,1732.389659,1690.797306,1712.970224,2424374
1/20/2025,1735.384644,1738.089889,1702.922288,1729.491199,3401004
1/21/2025,1741.374756,1759.103442,1730.747191,1730.747191,4005357
1/22/2025,1765.818115,1769.441149,1742.968946,1746.978342,3009261
1/23/2025,1745.81897,1767.025744,1743.113724,1755.528746,3750930
1/24/2025,1732.148071,1767.460617,1730.457322,1739.056012,3171259
1/27/2025,1653.987061,1719.491548,1649.494594,1714.902372,4174844
1/28/2025,1635.920288,1671.909085,1633.746468,1653.9871,5079829
1/29/2025,1660.798462,1665.725764,1638.577191,1638.577191,3733620
1/30/2025,1655.098267,1674.276167,1640.364597,1663.696956,2543744
1/31/2025,1667.030029,1679.348342,1651.185391,1651.185391,2033832
2/1/2025,1636.644897,1673.309947,1630.848044,1667.561448,569018
2/3/2025,1634.712646,1643.021446,1605.245309,1608.626806,2659929
2/4/2025,1673.889648,1677.126201,1634.760891,1637.707554,3647768
2/5/2025,1654.856812,1687.657413,1652.10333,1671.426176,2681942
2/6/2025,1665.146118,1669.928475,1654.85668,1665.484244,2057798
2/7/2025,1667.223267,1672.392104,1643.069712,1664.807911,2428098
2/10/2025,1675.14563,1681.087428,1654.132037,1665.580799,1823071
2/11/2025,1664.856201,1689.782717,1656.933882,1683.792683,1702553
2/12/2025,1659.156128,1683.406275,1641.620623,1665.532643,2214307
2/13/2025,1645.43689,1671.377786,1642.683408,1654.03558,1838463
2/14/2025,1653.310913,1665.049565,1642.393459,1653.069378,1460459
2/17/2025,1652.006714,1661.909672,1636.741619,1653.310982,1127023
2/18/2025,1667.078369,1669.976796,1643.649421,1648.238596,1511900
2/19/2025,1654.325317,1672.971791,1645.774865,1664.856173,1294110
2/20/2025,1630.41333,1656.49917,1626.548761,1647.465646,1681532
2/21/2025,1643.11792,1646.451181,1628.09448,1632.780246,1222563
2/24/2025,1588.386108,1632.780295,1582.154421,1627.949584,4455420
2/25/2025,1580.705322,1596.018653,1576.019556,1580.608732,1951519
2/27/2025,1574.038818,1603.796045,1560.512828,1565.150357,2266866
2/28/2025,1521.72229,1560.271269,1509.548804,1557.421196,4910121
3/3/2025,1519.161987,1549.112395,1515.345655,1521.722288,1784684
3/4/2025,1483.511353,1507.181837,1471.434575,1507.181837,3246644
3/5/2025,1519.693359,1527.857332,1479.212095,1480.129883,3112003
3/6/2025,1531.770142,1540.706957,1521.818947,1526.504714,2011489
3/7/2025,1505.201294,1533.267774,1502.930883,1529.065079,2091986
3/10/2025,1496.844238,1519.210337,1494.622064,1504.283486,1855766
3/11/2025,1514.766113,1520.659557,1471.048176,1478.149298,1846190
3/12/2025,1488.438721,1512.012615,1456.072955,1503.317335,3113860
3/13/2025,1482.786865,1495.539896,1477.376492,1488.438774,1983351
3/17/2025,1492.834717,1495.153482,1467.618428,1476.265354,2029100
3/18/2025,1492.834717,1492.834717,1492.834717,1492.834717,0
3/19/2025,1492.158325,1508.486153,1473.463497,1505.732671,4522829
3/20/2025,1509.114136,1528.533571,1494.670357,1495.4432,4608677
3/21/2025,1513.654907,1538.146706,1469.985328,1483.124838,8109210
3/24/2025,1549.837036,1556.358496,1507.181834,1537.132243,2487843
3/25/2025,1569.884521,1602.781593,1564.135904,1567.082685,4906013
3/26/2025,1578.09668,1589.255551,1567.082635,1569.884471,3096513
3/27/2025,1574.956787,1589.303976,1558.91885,1570.609147,3383080
3/28/2025,1538.581543,1570.512592,1528.050569,1561.382477,2211077
4/1/2025,1478.535645,1531.335338,1474.42954,1523.6062,4126827
4/2/2025,1475.830566,1486.458131,1455.396635,1463.705435,3167863
4/3/2025,1420.325684,1449.21336,1415.398382,1449.21336,3966161
4/4/2025,1373.950806,1406.896231,1371.052379,1399.940055,4421312
4/7/2025,1327.57605,1336.899346,1258.641823,1299.461334,6484139
4/8/2025,1355.835693,1376.02809,1325.547158,1333.276296,3938359
4/9/2025,1333.276245,1341.681635,1311.103329,1333.904261,3306801
4/11/2025,1343.469238,1376.752794,1313.953543,1313.953543,4859622
4/15/2025,1378.202026,1380.424201,1358.396109,1371.922101,3265147
4/16/2025,1383.22583,1387.47688,1357.91295,1367.091301,2553111
4/17/2025,1389.312378,1393.273537,1337.140703,1371.92182,3549969
4/21/2025,1431.822754,1448.247171,1381.583359,1386.41407,2840104
4/22/2025,1429.793945,1449.11679,1414.915331,1439.551958,2608145
4/23/2025,1540.030762,1545.827615,1491.433759,1502.351214,13293318
4/24/2025,1532.977905,1549.015961,1522.736821,1540.996933,3193118
4/25/2025,1524.765625,1563.218133,1515.007612,1536.166151,3800415
4/28/2025,1514.113281,1533.756758,1502.190289,1529.456665,2618810
4/29/2025,1533.365723,1544.897775,1512.940368,1519.683683,2231069
4/30/2025,1531.89978,1551.83649,1518.706385,1535.32029,3682256
5/2/2025,1536.688599,1545.093257,1521.736036,1531.411216,1370848
5/5/2025,1532.974976,1561.414052,1527.795417,1544.11609,1012225
5/6/2025,1543.23645,1547.829778,1529.554409,1540.988758,2055057
5/7/2025,1527.795288,1542.552322,1509.910859,1516.751879,5469936
5/8/2025,1544.800049,1561.707189,1520.465658,1526.427095,2789018
5/9/2025,1533.756714,1541.868137,1521.931546,1530.433909,2035161
5/12/2025,1632.365112,1636.958321,1557.797948,1562.488981,4028207
5/13/2025,1582.81665,1649.760922,1578.516557,1646.731351,3118470
5/14/2025,1600.505493,1605.001116,1580.275667,1592.980419,1569126
5/15/2025,1657.481445,1663.931526,1588.093956,1612.52617,4961582
5/16/2025,1622.201416,1655.03829,1620.344544,1653.474652,2586263
5/19/2025,1612.135254,1626.208234,1600.896435,1623.276368,1642018
5/20/2025,1601.091919,1628.162765,1599.235047,1623.080912,2421580
5/21/2025,1614.480713,1619.8558,1591.416727,1607.639693,1420835
5/22/2025,1595.912354,1603.437428,1577.343869,1601.189736,2202093
5/23/2025,1610.766968,1632.853785,1585.650699,1595.912229,1459454
5/26/2025,1635.59021,1637.740317,1608.226129,1614.871739,1078813
5/27/2025,1614.578491,1637.447069,1604.219256,1635.785726,2740015
5/28/2025,1619.6604,1628.944642,1609.59428,1626.208186,1775441
5/29/2025,1626.892212,1637.446976,1617.99891,1632.071889,2374051
5/30/2025,1599.430542,1626.892329,1590.341829,1626.892329,4408910
6/2/2025,1594.446411,1598.062331,1569.232317,1588.19174,1883100
6/3/2025,1593.37146,1614.187637,1580.275768,1609.496723,2380133
6/4/2025,1589.168945,1607.248784,1585.357496,1593.957683,1659720
6/5/2025,1595.32605,1616.337756,1587.70315,1597.769271,1409322
6/6/2025,1600.505493,1602.557895,1585.16211,1594.153117,1261281
6/9/2025,1610.864746,1620.344397,1601.775915,1610.571512,1299786
6/10/2025,1630.215088,1646.633584,1611.5489,1615.751288,3055223
6/11/2025,1682.793335,1686.213845,1628.162876,1637.935762,5085821
6/12/2025,1662.563354,1686.80016,1656.504213,1685.822871,3607962
6/13/2025,1656.797485,1672.140869,1626.794652,1628.16288,1988422
6/16/2025,1683.868164,1690.122835,1645.167562,1653.572219,2116100
6/17/2025,1690.318359,1699.309486,1680.936413,1688.754721,1777245
6/18/2025,1676.929565,1705.36864,1671.163539,1688.657029,1794428
6/19/2025,1674.974976,1680.643178,1658.654184,1680.643178,2514527
6/20/2025,1700.384521,1703.023153,1670.283984,1674.975017,2719770
6/23/2025,1664.517822,1690.513793,1660.608668,1689.927325,2221446
6/24/2025,1653.376953,1693.250258,1650.835907,1680.83874,3601071
6/25/2025,1678.102173,1681.620388,1662.367851,1663.345139,1307518
6/26/2025,1684.943237,1687.679693,1664.029238,1671.163492,2971055
6/27/2025,1684.161621,1712.698403,1671.945513,1695.595851,6478283
6/30/2025,1689.341064,1695.400325,1674.38862,1685.822849,1855229
7/1/2025,1679.275024,1705.368582,1675.072636,1689.341025,1639826
7/2/2025,1679.568115,1699.016182,1672.140746,1682.89092,2069447
7/3/2025,1673.020508,1691.198053,1667.743125,1677.027368,1839063
7/4/2025,1686.702393,1689.731963,1667.449736,1676.049923,768500
7/7/2025,1671.554443,1686.311477,1664.615718,1686.311477,1366412
7/8/2025,1669.306641,1679.861405,1649.174519,1661.390627,2139193
7/9/2025,1635.981201,1675.365982,1633.049335,1671.163593,2894808
7/10/2025,1625.914917,1641.747063,1611.548823,1636.958325,2740853
7/11/2025,1601.091919,1617.901235,1592.980376,1605.880538,2548153
7/14/2025,1583.012085,1605.098783,1570.502743,1602.753266,3334703
7/15/2025,1530.824951,1584.575826,1514.797394,1553.888939,14685607
7/16/2025,1527.306641,1538.252225,1524.570185,1530.824856,5218099
7/17/2025,1508.835938,1531.215871,1507.370005,1528.088476,4966082
7/18/2025,1525.481445,1526.66333,1506.964448,1520.753666,3902458
7/21/2025,1507.358521,1527.352814,1503.024742,1525.481517,3368842
7/22/2025,1497.213501,1516.616972,1495.440674,1510.017774,3218227
7/23/2025,1506.767578,1512.874184,1495.145189,1501.153324,3471536
7/24/2025,1484.50769,1514.745546,1478.992028,1506.964464,4654421
7/25/2025,1467.665161,1489.432401,1464.217857,1478.499546,2733655
7/28/2025,1444.026489,1471.703394,1441.465659,1467.665147,4404841
7/29/2025,1450.231689,1455.25488,1439.003303,1444.026494,6223556
7/30/2025,1454.269897,1461.952509,1446.685876,1458.209674,1642426
7/31/2025,1445.799438,1460.376539,1437.525884,1442.943077,2306285
8/1/2025,1430.237305,1444.814525,1428.168946,1442.943108,2152783
8/4/2025,1452.201538,1453.186482,1418.910381,1430.237238,2384774
8/5/2025,1460.376587,1463.036008,1449.04973,1457.618816,2614394
8/6/2025,1441.170166,1461.36152,1434.472618,1458.603749,1735697
8/7/2025,1453.285034,1456.929279,1429.153903,1436.048512,1495363
8/8/2025,1453.481934,1459.88407,1437.033416,1452.59558,2815614
8/11/2025,1465.596802,1507.949398,1443.53403,1452.792529,2374556
8/12/2025,1476.529663,1487.167107,1466.581752,1467.566696,3422656
8/13/2025,1478.499512,1484.803178,1466.581713,1477.416097,2916128
8/14/2025,1467.369751,1493.372179,1463.429975,1478.401077,4227538
8/18/2025,1462.641968,1479.287547,1453.679001,1475.544711,2795155
8/19/2025,1453.875977,1460.278113,1447.079838,1454.073038,2515817
8/20/2025,1473.47644,1477.711748,1436.048563,1445.898004,10219330
8/21/2025,1471.014038,1482.340895,1463.725428,1477.416175,2157601
8/22/2025,1444.223633,1469.044177,1441.958213,1467.172759,2802805
8/25/2025,1481.552856,1486.970049,1453.974422,1457.717257,2764914
8/26/2025,1470.324585,1483.818271,1462.641973,1479.287552,4092265
8/28/2025,1427.972046,1465.596864,1424.22921,1465.596864,4367902
8/29/2025,1432.896729,1440.57922,1417.531504,1427.972008,3404604
9/1/2025,1446.291992,1450.330239,1424.22922,1424.22922,2105254
9/2/2025,1443.632568,1455.156487,1437.722904,1446.882932,1295198
9/3/2025,1444.026489,1452.792516,1430.729744,1452.792516,1800307
9/4/2025,1421.569824,1443.829536,1419.205934,1443.041533,2192155
9/5/2025,1397.63562,1430.434305,1381.679574,1426.198998,3895199
9/8/2025,1381.876587,1407.091132,1379.906699,1402.461943,2929976
9/9/2025,1405.613647,1410.242957,1387.884654,1388.968069,2906889
9/10/2025,1441.859741,1449.739294,1410.53847,1413.296361,3205017
9/11/2025,1445.602417,1448.261838,1436.344039,1441.859702,1982922
9/12/2025,1445.109863,1457.717195,1440.973146,1452.792475,2110883
9/15/2025,1444.420532,1446.19348,1430.138843,1445.109945,1725617
9/16/2025,1460.77063,1462.838989,1439.101859,1441.85975,1724524
9/17/2025,1459.194702,1476.431224,1453.088097,1468.35473,2656774
9/18/2025,1471.309448,1480.272415,1463.725307,1470.127443,2792406
9/19/2025,1445.307007,1471.309555,1441.958173,1471.309555,3197957
9/22/2025,1418.221069,1427.380978,1393.695937,1401.57549,4457129
9/23/2025,1408.273071,1422.45617,1399.014573,1422.45617,3106480
9/24/2025,1420.584839,1422.948608,1398.620539,1403.643729,2894044
9/25/2025,1402.363525,1420.781933,1394.680913,1418.516513,2713246
9/26/2025,1374.292603,1405.022812,1371.042239,1398.620675,2568054
9/29/2025,1366.511353,1381.482453,1362.177575,1376.065261,2990852
9/30/2025,1364.246094,1383.846506,1361.094321,1371.140703,2782077
10/1/2025,1368.579834,1375.769974,1361.192753,1365.231,2253527
10/3/2025,1372.519653,1378.724849,1359.616909,1375.474486,2793839
10/6/2025,1396.355103,1399.605466,1369.860204,1372.519505,1970901
10/7/2025,1411.81897,1420.190995,1395.862802,1400.590582,1592836
10/8/2025,1431.320679,1436.737871,1405.712133,1411.621797,1735807
10/9/2025,1464.119385,1468.650104,1430.631286,1431.320699,2681316
10/10/2025,1472.983887,1475.938719,1451.709118,1468.551638,2129445
10/13/2025,1472.195923,1479.583004,1454.269988,1467.566734,1820492
10/14/2025,1472.885498,1511.889262,1467.763716,1492.584381,5802489
10/15/2025,1473.180786,1486.674592,1463.725347,1475.347735,1710696
10/16/2025,1492.190308,1497.016558,1475.446258,1477.317676,2021043
10/17/2025,1475.511108,1490.502605,1468.561453,1488.219098,3210161
10/20/2025,1484.64502,1499.040735,1478.390281,1479.184576,2354881
10/21/2025,1475.312622,1492.190357,1470.348582,1491.892466,274400
10/23/2025,1512.940063,1536.370307,1494.672373,1499.140009,5011470
10/24/2025,1512.84082,1521.577458,1505.494017,1514.032141,1491451
10/27/2025,1522.470947,1538.355874,1515.819183,1520.386075,1394846
10/28/2025,1511.152954,1530.909857,1501.125618,1523.960201,1936466
10/29/2025,1546.099854,1547.787579,1511.053685,1518.996148,2596355
10/30/2025,1538.653809,1548.681145,1527.037883,1546.496894,2183395
10/31/2025,1530.413452,1546.993296,1526.541477,1538.653807,1723467
11/3/2025,1532.399048,1538.554409,1517.209038,1529.023477,2252136
11/4/2025,1518.102539,1530.810529,1514.032051,1525.350085,1666863
11/6/2025,1515.421997,1520.88244,1503.409046,1518.10253,2474769
11/7/2025,1501.522705,1507.8767,1479.780188,1504.203238,2238714
11/10/2025,1529.420654,1533.789034,1500.529967,1507.082475,1558896
11/11/2025,1558.708496,1561.190516,1530.115578,1536.668208,2270763
11/12/2025,1582.535889,1588.492736,1562.183325,1563.672537,2331564
11/13/2025,1587.003418,1593.456669,1568.636472,1587.896969,1944022
11/14/2025,1583.13147,1586.507041,1562.778908,1578.564578,2543918
11/17/2025,1594.84668,1596.137257,1574.09697,1582.535837,2000978
11/18/2025,1583.727173,1592.463931,1578.663877,1592.463931,1640123
11/19/2025,1650.642456,1657.492855,1577.174669,1583.826554,6342672
11/20/2025,1633.566162,1656.400744,1630.786251,1650.64241,2724035
11/21/2025,1596.435181,1631.679863,1594.449565,1624.233803,2958835
11/24/2025,1598.817871,1628.204961,1591.371812,1602.689846,6392688
11/25/2025,1589.584717,1607.256746,1581.14585,1606.661086,2285950
11/26/2025,1606.263916,1615.794848,1589.584695,1589.584695,1243303
11/27/2025,1617.284058,1621.453802,1602.391939,1607.455235,2106176
11/28/2025,1612.518555,1625.127288,1607.356002,1617.284081,1841289
12/1/2025,1631.084106,1634.658191,1616.291245,1618.27686,2034350
12/2/2025,1623.737305,1641.012186,1612.320014,1639.125827,2326220
12/3/2025,1628.701416,1642.699984,1617.085612,1623.737376,2371611
12/4/2025,1642.699951,1659.974833,1633.268276,1638.133059,3935708
12/5/2025,1670.895752,1678.838215,1639.125898,1650.741702,3391204
12/8/2025,1676.455444,1683.206587,1664.83964,1670.895744,2702407
12/9/2025,1645.678345,1674.866921,1644.487024,1674.866921,2817704
12/10/2025,1654.017944,1658.981984,1645.082673,1651.337412,1482249
12/11/2025,1660.371948,1665.335988,1637.140219,1655.507165,1408684
12/12/2025,1661.166138,1665.832408,1648.061122,1665.336004,1284337
12/15/2025,1671.88855,1675.859782,1648.06116,1661.166176,1689723
12/16/2025,1639.820801,1669.902929,1633.566184,1668.910121,1929309
12/17/2025,1643.097168,1652.528844,1634.459787,1639.125936,1394918
12/18/2025,1649.45105,1661.861148,1639.324337,1645.082671,1822056
12/19/2025,1630.587769,1668.91013,1620.758946,1662.953283,3487150
12/22/2025,1658.287109,1661.464046,1632.176213,1640.019419,1339691
12/23/2025,1667.818115,1674.767771,1644.288494,1663.052589,1614314
12/24/2025,1662.655396,1667.917326,1653.124464,1663.946094,989858
12/26/2025,1648.954712,1664.343235,1638.629485,1656.003624,921138
12/29/2025,1619.071167,1648.855404,1613.70998,1647.763218,1516288
12/30/2025,1603.583252,1623.935814,1599.512764,1619.071152,3323273
12/31/2025,1611.625122,1619.964612,1605.171871,1612.816443,1359963
1/1/2026,1622.744507,1633.863907,1606.760324,1611.227959,773806
1/2/2026,1628.403564,1631.183475,1613.412189,1620.262588,950573
1/5/2026,1596.037964,1621.751713,1568.735746,1613.312846,3245802
1/6/2026,1604.675537,1614.305726,1585.812186,1588.79061,2112043
1/7/2026,1635.849609,1642.600752,1605.072563,1609.143172,3816569
1/8/2026,1634.856812,1648.656866,1623.638154,1641.409441,3266398
1/9/2026,1649.45105,1662.953213,1635.253849,1635.253849,3281306
1/12/2026,1655.606445,1665.137377,1629.694183,1647.266835,4175707
1/13/2026,1653.025146,1685.39066,1614.305639,1672.881304,7149266
1/14/2026,1656.5,1665.832419,1637.338759,1653.025172,2470615
1/15/2026,1656.5,1656.5,1656.5,1656.5,0
1/16/2026,1698,1700.900024,1664.800049,1670,3098089
1/19/2026,1716.800049,1719,1685.099976,1698,2087629
1/20/2026,1687.300049,1720,1681.800049,1720,1739341
1/21/2026,1682.5,1694.900024,1668.900024,1687.599976,1728435
1/22/2026,1703.099976,1709,1681.5,1690.599976,1853439
1/23/2026,1707,1721,1698.800049,1712.699951,1874357
1/27/2026,1720.199951,1725.5,1700.5,1720,2671530
1/28/2026,1729.599976,1734.400024,1691,1705.099976,2713867
1/29/2026,1721.599976,1725,1696.099976,1722.800049,2235602
1/30/2026,1695.599976,1713.199951,1683,1713.199951,4448681
2/2/2026,1676.800049,1688.5,1653.599976,1670,1916380
2/3/2026,1695.300049,1780.099976,1689.099976,1780,3200948
2/4/2026,1621.800049,1645,1586,1642,5834470
2/5/2026,1610,1631.800049,1600.199951,1613.699951,3184531
2/6/2026,1593.699951,1612,1574.099976,1612,3342992
2/9/2026,1602,1619.900024,1594.400024,1600.400024,1863558
2/10/2026,1573.099976,1602.400024,1567.800049,1595,3234785
2/11/2026,1551.599976,1578.099976,1546.099976,1574,2944646
2/12/2026,1476.099976,1535,1469.5,1529,5397659
2/13/2026,1455.199951,1476.800049,1396,1423,7214938
2/16/2026,1461.800049,1467,1446.800049,1451.099976,2388700
2/17/2026,1482.599976,1510.699951,1458,1464,2840341
2/18/2026,1467.199951,1483.199951,1443.400024,1483.199951,2036245
2/19/2026,1450.400024,1501.800049,1443,1470,2397127
2/20/2026,1436.5,1455,1431,1443,2392491
2/23/2026,1426.199951,1441.599976,1415.5,1438.199951,2629763
2/24/2026,1339.199951,1406.699951,1322.5,1402.300049,10004684
2/25/2026,1378.199951,1391.400024,1354,1355,5703505
2/26/2026,1373.5,1405,1368,1391,2329520
2/27/2026,1389.099976,1404.800049,1382,1398,8651443
3/2/2026,1371,1386,1350,1351,2088590
