Date,Close,High,Low,Open,Volume
3/2/2016,231.5467072,232.3973085,228.7420282,229.4317027,6358976
3/3/2016,233.5352325,234.4892877,232.1903731,232.3627917,4610400
3/4/2016,234.6157379,235.6157742,228.3052142,233.443297,5704624
3/8/2016,233.1444244,235.4088497,232.0754236,235.4088497,1913688
3/9/2016,235.5927734,236.7652142,231.4432215,232.8800431,6528172
3/10/2016,234.7766418,235.8111534,232.2133466,235.5927677,2671392
3/11/2016,236.4893036,236.972098,232.8800194,234.4662758,4730856
3/14/2016,236.2249908,238.6158397,235.6962292,236.3284308,3008656
3/15/2016,236.0295258,237.5698152,234.8685908,236.3054123,7690036
3/16/2016,236.8916473,237.7652461,234.2479095,236.098533,4803548
3/17/2016,234.1214905,238.8572494,232.4547772,237.9261777,5113484
3/18/2016,236.4203491,237.2479526,233.4202548,235.167438,4135068
3/21/2016,240.3745117,240.7768218,237.3054663,237.4778849,5318796
3/22/2016,242.2711334,242.903335,239.2480548,240.5814366,4120264
3/23/2016,241.236618,242.0872334,239.2135899,242.0872334,8464300
3/28/2016,240.8112946,242.0756975,239.4664352,240.2365659,11270868
3/29/2016,242.2596436,243.5700137,240.0641688,240.8113161,6733952
3/30/2016,244.8229065,245.9608861,242.2826226,243.225172,7814380
3/31/2016,246.24823,248.0298887,244.8458978,245.2596855,20080392
4/1/2016,244.7079773,247.4551973,242.9493299,245.7080277,5158648
4/4/2016,245.7654724,246.6275654,244.6045093,244.8803679,6179960
4/5/2016,243.0987244,247.5701303,242.6849366,245.7539821,6663028
4/6/2016,244.0297699,245.2826671,242.9377855,243.9148242,4295376
4/7/2016,242.6504059,244.7769016,240.7078345,244.6044831,3911692
4/8/2016,243.5354462,244.4550118,242.3630057,242.5354242,2962796
4/11/2016,246.2022095,246.9263731,239.7422661,243.7538883,4049620
4/12/2016,244.3746185,246.2137502,243.5125256,245.8918965,4941480
4/13/2016,248.6850739,249.4207153,245.8689036,246.4436322,4974604
4/18/2016,250.0759583,251.0414912,246.3516995,249.0874137,4117068
4/20/2016,252.386322,252.8805943,249.0988911,251.0184791,3821352
4/21/2016,250.8460693,254.0645497,250.3517971,251.7311458,8191728
4/22/2016,251.075943,253.0759873,249.4781806,250.4667251,7809320
4/25/2016,251.3288269,252.8805942,249.3172767,252.8805942,5561960
4/26/2016,256.0646057,256.3289865,251.1564285,251.7311572,7053796
4/27/2016,258.4439697,258.6278941,254.9496307,255.1450329,5763636
4/28/2016,256.0875549,261.3175851,255.2599514,258.4439422,8089584
4/29/2016,260.3176575,261.1567671,254.3059886,256.0531866,5611940
5/2/2016,256.9382019,259.7773559,256.5588754,259.2601001,3862716
5/3/2016,257.0187073,260.9268629,255.9037391,257.9152898,4695296
5/4/2016,259.1681213,260.8118508,256.1565489,256.9036962,5292328
5/5/2016,260.3061218,260.8693447,258.0991413,259.3175773,5214248
5/6/2016,257.3980103,260.2946374,256.8462651,260.2371645,2733152
5/9/2016,262.3980713,263.214169,257.2484979,257.4783893,6953180
5/10/2016,263.2026978,263.8004098,261.179642,262.8808441,5453000
5/11/2016,261.8003845,263.2257002,259.70835,260.8578072,6147372
5/12/2016,264.1683044,264.8349954,260.3521113,262.9958635,4221688
5/13/2016,262.2831421,263.9153657,259.7773199,263.9153657,5045316
5/16/2016,267.3177795,268.0304374,260.3635634,263.2257007,4518768
5/17/2016,265.1683044,268.8006009,264.6740602,267.8350679,4295424
5/18/2016,262.225708,264.6050791,260.1221955,264.6050791,4162644
5/19/2016,261.9153442,262.6969527,260.2371254,262.0992406,3855796
5/20/2016,262.2831421,264.0303114,260.6049234,262.0647284,2016632
5/23/2016,261.3291016,264.3636574,260.5129757,262.5245259,3463532
5/24/2016,262.0647888,262.9154042,261.0532887,261.7084739,3259468
5/25/2016,269.7316589,270.3408488,263.5245896,263.5245896,5767348
5/26/2016,272.019043,273.3179352,268.1108885,270.3753136,13705560
5/27/2016,272.8352051,273.5708465,270.5132788,272.0190791,5775184
5/30/2016,271.214386,274.7202299,270.8350596,272.8810987,3814532
5/31/2016,271.7087097,272.6282755,270.6741982,272.6282755,5515640
6/1/2016,270.1570129,271.9501499,269.2029576,271.9501499,5675632
6/2/2016,270.1109314,271.4098236,269.2028714,270.0534585,7910616
6/3/2016,269.3753357,272.4213977,268.7546399,271.2949239,4524420
6/6/2016,269.2258606,271.8236451,268.9844914,270.3523343,5547308
6/7/2016,269.8236084,271.2719359,268.4327818,270.5707557,5628504
6/8/2016,267.2717896,270.8121234,266.9039688,270.3063735,4742812
6/9/2016,266.5361023,267.6395642,264.949846,267.24876,4648184
6/10/2016,266.984436,269.5936984,265.8004894,266.3062675,6322312
6/13/2016,265.0418701,267.8120454,264.6165765,265.4671637,3323236
6/14/2016,264.8005066,265.9844534,263.0533369,265.5246704,3828768
6/15/2016,268.8695679,269.1799157,265.1108201,265.5246359,3045824
6/16/2016,267.1683655,268.708627,265.6050923,268.1798935,4727768
6/17/2016,268.9730225,270.8121542,267.9500166,268.283348,3761652
6/20/2016,269.4442749,271.0994821,266.3982133,266.4441804,2742764
6/21/2016,268.2029114,270.2259396,266.9499859,270.1224997,2670968
6/22/2016,269.3178406,270.1224607,268.0534376,268.0534376,3803840
6/23/2016,273.593811,273.9961211,268.3982698,268.9270314,3926732
6/24/2016,267.1109009,269.4098155,263.6855124,266.6396121,11173964
6/27/2016,266.6625671,268.7430959,265.0763386,267.1338558,4163788
6/28/2016,268.2718201,269.6856581,264.3751712,266.96145,4034980
6/29/2016,270.7866516,271.0647743,268.7933352,270.0217718,5420668
6/30/2016,272.6755981,273.4984225,269.3611851,271.4124176,16278892
7/1/2016,272.2236633,274.6573359,271.5978731,273.4984442,4304876
7/4/2016,271.8296509,273.3825545,271.5051555,273.0812313,7249852
7/5/2016,270.1608582,272.1773469,269.3264617,271.8296794,2136328
7/7/2016,274.8079834,275.5264906,269.0714697,270.693918,4832616
7/8/2016,272.304718,274.7963346,271.4703218,274.6804455,3118868
7/11/2016,278.0759888,278.5743177,273.7417463,274.8890375,5102532
7/12/2016,278.6323547,280.428637,277.1026233,280.428637,7046032
7/13/2016,277.6124573,278.5859148,276.5810552,278.0876141,6687072
7/14/2016,278.2150879,278.6323002,276.326089,278.3657495,3459668
7/15/2016,283.6271362,284.1602377,276.9982815,279.01477,5774216
7/18/2016,284.4963379,287.0575001,283.3838187,283.9284922,4438484
7/19/2016,282.387146,285.2612032,281.3441434,284.8555911,2586004
7/20/2016,285.597229,287.0574437,283.1751569,283.4648798,4690332
7/21/2016,284.7628479,287.3819543,283.3490058,285.2495767,9112904
7/22/2016,285.2727661,286.165107,283.1172164,285.8637839,5620272
7/25/2016,289.0159302,289.5953759,284.3919646,285.7826343,9872884
7/26/2016,287.1270142,288.7146901,286.2810176,287.9614105,5665992
7/27/2016,286.6982117,289.1550848,285.0873635,287.6369253,10734736
7/28/2016,289.3636475,290.0126381,286.3737296,286.9415752,10646528
7/29/2016,288.8421326,289.7229015,286.2462267,289.2593449,3395676
8/1/2016,287.9382324,291.797319,284.5426742,289.4911359,5560864
8/2/2016,288.1700134,291.2178759,287.4978506,289.0275819,5329396
8/3/2016,287.5093994,289.7112934,285.3191057,287.660061,4733876
8/4/2016,287.6369324,288.9580577,285.9217669,288.9348855,4662880
8/5/2016,289.5490112,291.0323979,287.8106742,289.1202271,5784912
8/8/2016,289.630188,290.8817966,288.4597244,290.3950678,4728776
8/9/2016,289.0738831,290.3950363,286.8719892,290.3950363,4210856
8/10/2016,284.3688354,289.9430872,282.7116148,288.5640175,3619720
8/11/2016,284.6817322,286.2462359,283.2331176,284.3456649,2856072
8/12/2016,284.7860107,286.2462255,282.6304893,285.3307124,4641496
8/16/2016,284.4615479,287.0458535,281.3325405,285.782673,3468568
8/17/2016,286.2230225,286.8256404,284.16019,285.875355,5511036
8/18/2016,290.3023376,290.8586113,286.1419282,286.9415521,6111656
8/19/2016,289.0507507,289.7229136,287.7411975,289.7229136,4110636
8/22/2016,289.79245,290.7543074,287.6369002,288.5756137,5501292
8/23/2016,290.05896,290.650006,288.8073797,289.954671,5314524
8/24/2016,292.4579163,293.0141616,289.0391858,290.1980775,5570936
8/25/2016,291.7046509,293.6168222,290.7195929,292.9678316,8729888
8/26/2016,291.3685608,292.4811082,290.6268814,292.0407237,2521136
8/29/2016,286.9647827,290.9977318,286.5243982,290.9977318,2944184
8/30/2016,294.0455322,294.4743164,288.3205915,288.5871422,9867608
8/31/2016,299.2721558,300.1529247,293.3154642,294.1266884,11161364
9/1/2016,297.5338135,298.9940282,295.6100704,298.5304716,5224676
9/2/2016,297.8583069,298.762248,296.9427939,297.9510239,3955188
9/6/2016,301.4045715,302.2157958,299.0056713,299.0056713,5508884
9/7/2016,298.2407532,302.4707075,297.3947566,301.5435942,4016444
9/8/2016,298.85495,300.2108474,297.5106245,298.9940113,2905380
9/9/2016,299.0867615,300.037047,296.2822494,298.9940445,4013768
9/12/2016,296.6531067,297.6961092,294.706163,295.4478423,3985728
9/14/2016,294.230957,295.9808945,293.2922719,295.5173379,3849508
9/15/2016,296.5835876,297.5802459,294.3237486,294.8220777,3501812
9/16/2016,300.8135071,302.3548387,297.5570384,297.5570384,6525816
9/19/2016,299.0288391,301.891296,298.53051,300.6165151,5894832
9/20/2016,298.6347656,300.1529249,297.6149636,299.6082515,3778248
9/21/2016,299.6893921,300.8482838,298.5073282,299.4576138,4256400
9/22/2016,302.9111023,305.2404575,301.4393156,302.4707178,6555800
9/23/2016,304.2554626,305.5881883,301.6595562,302.7141591,4876808
9/26/2016,300.4194641,303.3746376,299.8515903,302.725647,5576772
9/27/2016,300.8598633,302.737262,300.1181557,301.0800414,4056812
9/28/2016,300.2108765,301.3118235,298.7622619,301.2886513,4989652
9/29/2016,296.0968018,302.7024838,293.8833075,300.8366571,16450012
9/30/2016,295.0190125,296.9080113,293.755832,296.0040703,4138428
10/3/2016,298.3450012,298.9708196,295.8418127,296.9079872,3900548
10/4/2016,298.8897705,300.1529511,297.2093775,298.6695641,2775512
10/5/2016,298.0901184,301.3234432,295.8418798,300.8482863,3647020
10/6/2016,297.1282654,300.2920457,296.4561308,298.3219296,2895712
10/7/2016,296.8153076,298.4725282,295.8070776,297.6033596,3337464
10/10/2016,297.6844788,298.5073031,296.3865258,297.8351403,4719312
10/13/2016,292.6780396,296.4444368,291.217825,296.4444368,4519356
10/14/2016,292.4579163,293.8949306,290.6500339,293.3734294,4067116
10/17/2016,286.8720398,293.5240951,285.7247483,293.315489,5135360
10/18/2016,291.5423889,292.040718,287.1733727,288.1468305,2610968
10/19/2016,291.6582336,292.7360085,289.2593338,292.295624,3044904
10/20/2016,290.9976807,293.7674203,289.9546782,292.0986277,3200356
10/21/2016,294.5206909,295.0421921,289.7228912,291.113561,3956408
10/24/2016,292.8635254,295.9461603,292.2840796,294.7640964,3255664
10/25/2016,289.79245,293.894915,288.3438354,293.894915,5501796
10/26/2016,287.2429199,293.1996122,286.2578619,288.1816053,5366540
10/27/2016,290.2095947,291.345314,283.7314028,287.1733047,11623860
10/28/2016,291.8205566,292.4811193,287.4283397,290.7659538,5320536
11/1/2016,291.9943542,292.9330395,289.0391805,291.1135853,3402416
11/2/2016,288.8305664,291.0440324,287.7527915,289.9778578,6474432
11/3/2016,290.8702393,292.0407313,285.4929927,288.5640559,6315812
11/4/2016,288.2626953,290.3719007,287.8107389,290.3719007,5734920
11/7/2016,289.5953674,290.8469758,287.405074,290.1864134,5671392
11/8/2016,290.719574,291.5771425,287.4283047,289.9778663,5348164
11/9/2016,290.0126343,291.4380767,277.05622,278.1339949,13645468
11/10/2016,296.3401794,297.3715816,290.6731826,292.909849,10700736
11/11/2016,295.7027893,297.1398036,293.3386335,295.285577,7139320
11/15/2016,290.8238525,298.7622601,289.8735671,296.0968094,12512524
11/16/2016,288.4133911,293.8949549,287.4167612,293.8949549,8647744
11/17/2016,285.1336975,289.4679694,283.9632339,287.0111247,4815624
11/18/2016,280.7762756,286.4780169,280.2663463,286.4780169,6879900
11/21/2016,277.8326721,282.6536727,275.4337721,282.6536727,5552520
11/22/2016,277.6820374,279.7100977,275.6655489,279.7100977,10017784
11/23/2016,274.5993958,278.8293506,273.7533991,278.8293506,3532692
11/24/2016,270.1376343,274.9586347,269.0714597,274.4255332,15285996
11/25/2016,275.6539612,276.557874,268.3992886,270.9488501,5969960
11/28/2016,274.5298157,277.8790293,273.058029,273.5563581,4130180
11/29/2016,273.2086792,276.4999198,272.687178,274.5877488,3932644
11/30/2016,278.0412903,278.597564,273.753391,274.6573322,6442840
12/1/2016,277.4966431,279.9650883,276.511585,278.6671351,4476984
12/2/2016,275.6076355,278.5859817,272.7335782,275.5844633,4062672
12/5/2016,277.2879944,277.8906124,272.6872003,275.259934,4551936
12/6/2016,276.8475952,278.7945387,275.8625374,276.9750846,2702964
12/7/2016,273.8692627,279.5014873,270.4853048,278.5627738,5628192
12/8/2016,278.0180969,279.4203671,275.1208679,275.1208679,4309696
12/9/2016,277.7399902,278.6671036,275.3526621,277.9253959,4387952
12/12/2016,274.5298157,276.3145257,273.753364,276.2797533,3425272
12/13/2016,274.9470215,275.8973069,273.1623398,273.5563516,2526868
12/14/2016,272.50177,275.3526548,271.9686968,275.1208765,4314144
12/15/2016,272.7104187,276.8592571,269.6973,269.8363613,4941488
12/16/2016,274.0315247,274.6573148,271.5399077,272.7103712,3255828
12/19/2016,272.7451477,273.3825381,271.2965332,272.7567479,3160436
12/20/2016,273.9387817,274.6572888,271.5746261,272.5712841,4189992
12/21/2016,273.4984131,274.6573047,272.3395215,274.4255264,2658876
12/22/2016,271.8991699,273.382557,270.809823,272.6640498,2805716
12/23/2016,274.9470215,275.6423564,271.0183904,271.4124022,4752516
12/26/2016,272.3395386,274.9122724,271.2038191,273.162363,4183864
12/27/2016,274.7036743,275.0977145,272.0845961,273.3362048,4899296
12/28/2016,275.0628967,276.9634675,273.7301715,275.793004,6507840
12/29/2016,279.3392334,279.9766238,273.834498,274.6573224,8100816
12/30/2016,279.5709839,280.9153094,278.1223695,278.1339697,4066540
1/2/2017,277.4618225,280.4749407,276.291359,280.3242791,3708656
1/3/2017,275.7930603,278.5859724,274.8311745,278.3194499,3847500
1/4/2017,274.7732239,276.2797831,274.379212,275.781454,6967120
1/5/2017,274.9354858,276.8592576,274.2169786,275.5844766,6776384
1/6/2017,276.6621704,277.7631173,275.3989617,275.8393461,5525260
1/9/2017,277.0214233,279.0958562,276.3145165,277.8674198,4573796
1/10/2017,281.4599915,282.0278653,277.0446315,277.2532094,5546116
1/11/2017,286.0144348,286.9647202,281.7265361,282.1900927,9343404
1/12/2017,286.2462158,288.2626758,284.0443219,286.2462158,2916316
1/13/2017,285.6668091,287.3356018,284.7628679,287.1733683,3850412
1/16/2017,289.1781921,289.5953761,285.7362902,285.8985236,3765864
1/17/2017,287.0574951,290.2792199,286.5359938,289.0276112,3559612
1/18/2017,288.0077515,291.1135868,287.6021394,287.6137396,4612888
1/19/2017,286.5475769,288.540865,286.2462537,288.540865,3512412
1/20/2017,286.5591431,288.5640314,285.0873563,286.4780263,13942068
1/23/2017,288.4828491,289.7228573,286.431617,286.4779613,4793848
1/24/2017,293.7905884,294.7061013,289.5490343,289.722868,10261864
1/25/2017,299.1331482,300.29204,294.3816918,294.9611377,15636984
1/27/2017,299.4344482,301.3118472,298.530507,301.0800688,6852236
1/30/2017,297.8235779,299.6778047,296.8037758,299.6778047,5319628
1/31/2017,298.2175903,299.6198322,295.9809238,297.2325324,6101040
2/1/2017,302.6329346,303.6295926,296.7921323,298.1132574,10910664
2/2/2017,301.010498,302.6329463,299.5966559,302.6329463,5971636
2/3/2017,303.8729553,305.0202466,300.5005697,301.0800155,8005104
2/6/2017,304.579895,305.9473928,303.9656768,304.162711,4310220
2/7/2017,302.9690247,305.4838137,301.9955388,305.0202571,3411920
2/8/2017,302.6213989,305.6460893,300.8830614,303.0617834,4940960
2/9/2017,300.7672119,305.9242807,299.5851479,303.4906078,4465376
2/10/2017,302.1461792,303.3398431,300.8482264,300.9293432,3296736
2/13/2017,303.6759033,304.7884504,301.1263421,303.0617135,2795792
2/14/2017,303.8845825,304.5567454,302.2389619,304.5567454,2446060
2/15/2017,306.4573059,306.8745182,303.0385754,304.0931782,6126940
2/16/2017,307.7784424,308.9605062,306.0053325,306.6427229,5043700
2/17/2017,319.1703796,337.0057119,315.3228365,334.9197068,402259960
2/20/2017,326.5988464,328.0706332,315.0215299,315.4966585,10566716
2/21/2017,328.093811,329.5424255,323.8870289,325.891917,6260028
2/22/2017,324.2926636,328.8471135,323.2960054,327.9663445,5296776
2/23/2017,323.1685181,329.4381046,321.4881253,325.3704121,34494980
2/27/2017,323.0063171,324.1072643,319.5296417,322.3805269,4681376
2/28/2017,322.1950073,323.6204495,320.8970545,322.8439979,2928008
3/1/2017,322.5543518,323.6784712,321.3375154,323.6668709,3481736
3/2/2017,319.8772888,323.5625702,318.9849478,323.2265029,4601988
3/3/2017,319.1587219,320.8970592,317.3044955,320.8970592,2492824
3/6/2017,320.0279236,322.1487009,318.2548137,319.1124105,3679124
3/7/2017,321.2911072,321.5924303,318.9733239,320.3755941,3112876
3/8/2017,322.6817627,324.3042109,320.0974571,321.6851329,3782144
3/9/2017,323.1453552,324.1883578,320.236554,320.236554,3509316
3/10/2017,324.5128479,326.3439024,322.9019998,323.330784,5860704
3/14/2017,326.969696,330.0871317,326.0310107,329.6119748,7155020
3/15/2017,328.3371582,329.1252101,326.9349164,327.0276051,4271860
3/16/2017,328.5110168,329.7857977,327.6534483,328.6848506,4980108
3/17/2017,330.4811401,330.8635801,327.4680217,328.7891752,3390464
3/20/2017,332.856842,333.7260107,330.5042864,330.6665482,8142344
3/21/2017,333.9809265,334.9196399,332.3700787,332.3700787,5557280
3/22/2017,331.6516418,333.0654841,330.4695779,330.9099342,5636544
3/23/2017,331.6516418,332.6019274,329.7974151,332.4628661,4922472
3/24/2017,330.1334534,332.4744088,329.58878,332.1383416,3810364
3/27/2017,326.7726746,330.0523436,325.4283772,330.0523436,5864084
3/28/2017,329.1715393,330.2145417,327.525919,328.7311832,8061400
3/29/2017,331.1184998,332.5555423,329.1252119,329.3106458,8575772
3/30/2017,339.833374,343.020326,330.2957184,330.9794532,34321092
3/31/2017,334.3518066,337.0056569,332.9611368,336.9593126,9651392
4/3/2017,332.1847229,336.1017827,330.5159301,335.1514971,4149052
4/5/2017,331.9876709,335.2673398,330.8751519,332.6598337,5744080
4/6/2017,333.4131775,334.4561801,330.2957698,331.7907289,6124416
4/7/2017,333.4942627,334.9197052,331.1185347,331.6864086,4648360
4/10/2017,332.4048767,334.4561091,332.0572092,334.4561091,3393876
4/11/2017,333.6448364,334.0388482,331.7906102,332.3700559,4356260
4/12/2017,334.6183777,336.0669923,332.7178066,333.5290308,3565092
4/13/2017,333.8303223,335.8236101,333.0770427,334.4561124,4804236
4/17/2017,333.019104,334.6415523,331.037388,333.8303281,7137056
4/18/2017,335.4527893,337.2374711,333.2972395,333.7607962,3638860
4/19/2017,335.8468018,337.6430838,333.2972401,335.3832451,4338144
4/20/2017,338.8946838,339.798625,336.7623063,336.7739065,5781372
4/21/2017,346.8794556,347.4357292,336.8434705,339.7870441,17258032
4/24/2017,355.3277283,356.7067978,346.9721094,347.2270598,20206952
4/25/2017,356.2548523,358.2133676,354.528087,355.7912957,9057780
4/26/2017,359.4071045,359.951778,340.3549071,357.6223942,7795852
4/27/2017,363.5675049,364.8075134,358.3524921,358.3524921,16180420
4/28/2017,358.4451904,361.5510257,356.2664685,361.5510257,5437728
5/2/2017,357.0776978,359.4650259,354.7019698,358.5610848,4007040
5/3/2017,357.9352722,360.2414552,356.7879526,360.2414552,2507964
5/4/2017,355.733429,357.610828,352.9057161,356.7648313,5131028
5/5/2017,355.1307678,357.6108131,353.7632982,357.4253791,2757896
5/8/2017,355.733429,356.9386651,354.2848142,356.4751084,3747252
5/9/2017,355.9535828,358.2365937,355.2350756,355.7334047,3345836
5/10/2017,359.673645,360.4153244,356.2549145,356.9386492,2342244
5/11/2017,358.4219666,361.5741458,357.1703581,359.4881411,3875744
5/12/2017,359.6388245,360.8556606,356.0578326,358.3060992,6147604
5/15/2017,360.0444641,360.9252048,357.4601301,359.2564121,2804780
5/16/2017,361.493103,362.0377765,358.8508242,360.4153281,3590376
5/17/2017,360.9136658,362.8258372,359.6041124,361.2961057,3472472
5/18/2017,360.9020386,361.9218689,358.8160336,359.0246397,3107280
5/19/2017,361.8638916,363.8687797,358.1554386,361.4582796,2854136
5/22/2017,365.2826233,366.2097365,362.2926774,362.756234,2860052
5/23/2017,363.6833801,367.032594,362.7330946,366.2097696,3080172
5/24/2017,363.1387024,365.1551626,362.0377553,363.6718039,3467388
5/25/2017,374.820343,377.6596276,363.2198259,363.2198259,20090804
5/26/2017,376.871582,378.2622521,371.1002957,372.3866768,5443156
5/29/2017,378.2390442,381.9706695,374.9362031,375.4345322,5916340
5/30/2017,377.5784607,378.6098628,374.5885149,377.7986388,4434184
5/31/2017,379.2356567,380.8117606,376.2109668,376.639751,5318912
6/1/2017,377.4741821,380.0816883,375.6083836,379.8846824,3359540
6/2/2017,378.7837219,381.5302894,376.9178951,378.7257773,3213544
6/5/2017,379.085083,379.8731067,376.6398102,378.6562704,2899900
6/6/2017,379.8730774,380.9972249,377.7986727,378.9575643,5002632
6/7/2017,380.3018494,381.2521347,377.8797491,380.2091324,2554276
6/8/2017,381.2174072,384.6129654,380.4989001,381.0204013,4248768
6/9/2017,386.3280945,387.0697737,380.1395967,380.1395967,5305272
6/12/2017,386.7801514,388.4605445,384.7520906,385.6792041,3971412
6/13/2017,388.6227112,392.1457587,384.9838027,385.1576365,5051620
6/14/2017,387.3479309,389.3759913,386.3744732,388.2286999,3858360
6/15/2017,385.7602539,388.3677601,383.2686369,386.6062505,3526692
6/16/2017,386.8959961,388.1591767,384.3116619,385.9109381,3755104
6/19/2017,392.3775635,393.0960707,386.6989941,387.3016121,3825532
6/20/2017,390.9057312,392.6324683,389.3527995,391.7053551,3660264
6/21/2017,393.7218018,394.3128478,389.2948417,389.9901766,3410932
6/22/2017,393.5596008,397.7316107,391.9834969,392.8526656,6675460
6/23/2017,389.0746765,394.6605283,388.2750243,394.4866945,5217468
6/27/2017,386.525116,392.8642473,383.8828375,391.4735774,6000432
6/28/2017,386.2469788,388.2286948,384.2421189,385.9109115,4449036
6/29/2017,388.0202026,392.4182491,385.2320305,388.941799,9187708
6/30/2017,385.4537354,387.3086055,383.3421921,385.8620426,4330432
7/3/2017,386.9819336,389.0584733,384.3337752,385.582023,3504332
7/4/2017,385.7569885,388.8717836,385.4420144,387.3668913,3766080
7/5/2017,384.6838074,387.1919808,383.8088632,385.698737,4014200
7/6/2017,386.8769531,388.0085418,385.2903764,385.5703756,4571676
7/7/2017,388.9884644,389.5484343,386.8419463,387.5068981,5517396
7/10/2017,391.1233521,407.8406236,387.5535971,389.1751488,1309252
7/11/2017,392.0683289,394.4948464,388.9651821,391.403377,4410280
7/12/2017,392.2666321,393.1415762,386.9703148,391.974984,5738892
7/13/2017,392.8032227,395.0780772,391.8932752,393.8414782,4481004
7/14/2017,391.9632874,393.3865526,390.1084172,392.8849122,2443252
7/17/2017,392.5232544,393.7598535,391.2750065,392.5699352,2399340
7/18/2017,392.8032227,393.8064747,391.3566314,391.904924,2322188
7/19/2017,394.8447876,395.7547067,392.4065929,393.1415517,3987244
7/20/2017,399.1845398,400.1411397,393.8765451,395.2181262,3698476
7/21/2017,397.3529968,400.1994705,396.6413642,399.9311486,3873508
7/24/2017,404.8308105,405.9740766,395.474747,398.9745235,19678176
7/25/2017,405.8924255,410.4071316,404.3525295,410.4071316,11160468
7/26/2017,407.7356262,409.4738371,404.2241725,406.4406976,3895344
7/27/2017,417.5583496,419.693219,408.6689228,409.7071784,17961712
7/28/2017,414.9567871,416.8233344,410.8970411,413.4402175,9255396
7/31/2017,416.3334045,417.8733005,412.1686763,414.735179,7369140
8/1/2017,419.3198547,422.108027,413.4868942,415.7384227,8516860
8/2/2017,418.0249634,421.6063955,415.7851122,421.6063955,7397916
8/3/2017,415.2950745,418.1065726,414.0001744,417.173299,4256784
8/4/2017,417.6983337,419.2149036,412.0753651,414.6068644,3545068
8/7/2017,417.3016663,419.144859,416.4733745,416.7066929,1918660
8/8/2017,414.816864,419.3315702,412.063695,418.1299745,4035372
8/9/2017,411.6786804,414.6185153,410.2554437,413.2069275,3270056
8/10/2017,410.7454224,412.0403511,408.972208,410.6404405,7788444
8/11/2017,408.0856018,410.1737903,403.9091963,407.1406508,6359836
8/14/2017,409.9871216,414.1285236,407.8406035,409.0071956,3577084
8/16/2017,415.5984802,417.5933643,407.9689785,411.1887559,4426832
8/17/2017,411.9003601,415.5284446,409.1821947,414.4318594,5454868
8/18/2017,408.8088684,410.8737307,406.6739992,410.6404123,3707464
8/21/2017,406.7207031,410.407146,405.5541109,409.2405537,4009724
8/22/2017,407.6072693,409.2404982,405.2274329,408.6105499,6609556
8/23/2017,413.5452576,414.828509,408.30727,408.30727,3360524
8/24/2017,411.2237549,414.1285581,410.4421438,414.1169093,7878276
8/28/2017,411.1654053,413.241945,410.2554577,411.2004087,1507784
8/29/2017,407.4089661,410.4071021,405.5074152,410.4071021,4918596
8/30/2017,412.6352539,412.9735542,408.3188637,408.7621458,2694320
8/31/2017,414.4785461,415.2718346,409.8005283,413.4402904,7303436
9/1/2017,412.4136353,415.6450897,410.8970655,415.5401078,2295172
9/4/2017,408.5172424,411.8070266,407.3973026,411.8070266,3642524
9/5/2017,409.555542,411.7837446,408.5406124,409.9405231,3682436
9/6/2017,410.6170654,411.2936945,405.5073867,406.8489675,5751632
9/7/2017,412.1687012,414.5485379,410.6637801,410.6637801,6946420
9/8/2017,417.0916748,417.6399674,413.2069175,413.7668874,8311664
9/11/2017,425.4212036,426.7394586,417.6866911,418.3399941,11477676
9/12/2017,428.1859741,429.2825878,424.2429154,426.4360859,6687680
9/13/2017,429.7375183,431.4057507,425.5727903,428.1392929,4995376
9/14/2017,429.1659241,432.2223898,427.3227028,429.3409129,8154016
9/15/2017,431.394104,432.0590843,427.7776683,428.3726417,3767332
9/18/2017,434.0772705,435.0105442,432.2224003,432.4673961,4084928
9/19/2017,431.5690918,435.8388305,431.06748,435.115549,4241468
9/20/2017,431.3707581,434.3105645,430.5308174,431.1724431,3446128
9/21/2017,429.0958557,431.2890543,427.1359755,431.1723951,7712496
9/22/2017,425.5961304,429.0609033,424.6395305,428.0926546,8243524
9/25/2017,419.914856,425.2111731,418.2466234,425.2111731,10149228
9/26/2017,418.1766663,419.1799185,416.4734302,417.4183813,11438732
9/27/2017,414.4902039,421.2797647,412.973634,419.0399134,7337220
9/28/2017,418.8765869,419.7398537,411.4103972,413.906893,27646464
9/29/2017,421.3030701,425.1061718,419.0982223,419.9964926,6213632
10/3/2017,422.0380249,424.8728494,419.2965334,421.8397099,4394424
10/4/2017,419.2731934,422.7496435,418.4215754,421.8163698,6625104
10/5/2017,419.6465149,421.1397585,418.3632636,418.8065743,3336196
10/6/2017,419.996521,421.0114505,418.5732842,419.506558,3030660
10/9/2017,418.9232483,420.6731365,417.7566561,419.6932105,3062492
10/10/2017,420.6030579,423.4612082,418.2582251,419.7397912,3798180
10/11/2017,417.6750183,423.5313056,417.0800449,420.7314842,5267440
10/12/2017,424.3595276,424.9777986,417.1733093,418.8298643,5381560
10/13/2017,431.8257446,433.1673255,425.1061627,426.2027479,6433464
10/16/2017,433.307312,437.0637329,429.7725322,433.9722638,3274544
10/17/2017,431.9307251,432.5023438,429.0959006,431.6390771,2613288
10/18/2017,435.9554749,437.4720446,429.0725814,429.5392182,3926720
10/19/2017,431.2657776,435.1388577,429.4575598,434.3922501,570008
10/23/2017,434.7422791,436.2354943,428.3843513,433.9489906,4162892
10/24/2017,435.6288452,438.5453257,432.339061,434.6722453,11328872
10/25/2017,418.8298645,434.67219,416.4733543,433.9722347,21367208
10/26/2017,418.8882446,422.3063654,410.1388034,412.5069912,28571464
10/27/2017,417.8850098,421.7230868,415.0735111,420.9998053,7472088
10/30/2017,423.4729309,423.7062493,418.1999403,419.5648474,5422352
10/31/2017,421.9564209,422.6563763,419.7982252,422.6563763,4682460
11/1/2017,424.9194946,425.806116,422.7729766,423.496258,4190612
11/2/2017,425.129425,426.9259937,423.9278297,425.3394173,4737944
11/3/2017,427.1360474,429.3059202,425.0128553,425.9694552,3810488
11/6/2017,426.6460571,429.3058928,425.2461466,425.8061165,6148244
11/7/2017,425.5028076,430.4608242,424.8145296,428.8392725,7446376
11/8/2017,426.027771,427.8126627,424.4062193,425.8527822,3283144
11/9/2017,426.4710999,428.1393324,424.8962004,426.2727849,3113308
11/10/2017,425.1061707,428.0926579,422.8546422,425.0361637,7744360
11/13/2017,423.1346436,425.3744948,418.8065754,425.1061729,3335872
11/14/2017,420.5214844,424.4062421,419.9731917,423.6829606,4712468
11/15/2017,420.0314941,420.8247825,417.1733434,419.5065277,6148368
11/16/2017,421.7697449,423.7062994,418.8532643,420.906478,4012972
11/17/2017,425.9345093,428.9093195,423.0413548,426.6694396,6358772
11/20/2017,428.8742371,429.2358635,426.7393679,426.7393679,2392424
11/21/2017,430.7641296,431.6390737,428.395942,428.7109162,2275532
11/22/2017,432.8639832,433.9722456,430.3674875,431.5690546,5660796
11/23/2017,429.9708557,433.9722724,428.839267,433.738954,3232580
11/24/2017,431.9656982,433.4589417,429.5391811,430.005818,5203684
11/27/2017,433.4006042,434.4388597,430.6124323,431.4057205,3870472
11/28/2017,435.22052,436.5387748,433.003995,433.0389984,5090540
11/29/2017,437.0754089,437.5886981,432.9923366,435.1388547,3274584
11/30/2017,432.5023193,437.2270171,429.3058686,436.0020954,5796312
12/1/2017,431.2190857,433.9722544,430.2624859,432.7823362,3858148
12/4/2017,427.9292908,432.7823251,426.9960171,432.7823251,3641932
12/5/2017,424.7444763,426.6343782,421.6063552,426.0394049,3893360
12/6/2017,420.743103,424.9544833,419.7398225,424.6278318,6395120
12/7/2017,422.2247009,423.8462526,420.6964538,421.5247456,4231304
12/8/2017,429.399231,432.3390374,423.2396189,423.2396189,8956400
12/11/2017,430.7991333,432.0473811,429.3058897,431.1724371,3198232
12/12/2017,424.6161804,431.6157327,423.6945556,431.4290666,2410588
12/13/2017,424.9544678,430.4724537,423.4962278,424.6511709,2907460
12/14/2017,428.8509827,429.3059422,422.7730257,425.5728471,3683092
12/15/2017,437.1103516,440.5051457,432.9222976,433.0389568,12450124
12/18/2017,438.3936462,443.0716921,422.1430406,432.8056813,12297988
12/19/2017,439.6885681,441.8234374,437.740365,438.5919829,4952112
12/20/2017,435.8738098,444.0282772,434.8238769,443.0483512,9343504
12/21/2017,435.908783,439.8051889,435.1854731,438.6152707,6854544
12/22/2017,437.8570557,438.6386667,434.3806052,438.4053483,4470904
12/26/2017,435.9205017,439.2919703,433.2023362,438.8719857,6785696
12/27/2017,433.2140198,436.3754961,431.9074422,436.3288153,3489384
12/28/2017,438.1836853,438.8486371,433.5056394,433.7156317,8700520
12/29/2017,436.865387,438.451935,435.8737837,437.8919936,6345872
1/1/2018,432.6890259,438.8136346,431.7557522,436.9354099,6580516
1/2/2018,436.8537292,437.4720287,433.6339522,433.6339522,4776316
1/3/2018,432.2573853,438.2303312,431.9190564,437.4720464,4531288
1/4/2018,433.9489441,435.2555216,432.3390413,432.3390413,2373776
1/5/2018,434.8121948,435.8504789,432.9339987,434.6722095,2870868
1/8/2018,434.1122742,436.4687847,433.4473223,435.138881,4570308
1/9/2018,434.8355408,436.2704548,432.8056819,434.4389108,5305528
1/10/2018,434.9522095,435.8155048,433.3423351,435.1855279,4615888
1/11/2018,436.9004211,437.7053583,433.0973195,434.9521895,4059096
1/12/2018,435.2088928,438.207029,433.9722937,437.0054334,4336708
1/15/2018,442.7800598,444.3316331,433.9372854,436.2937959,12576444
1/16/2018,443.3400269,445.6382077,439.8635765,444.1099606,6445384
1/17/2018,441.088501,443.8999995,440.2718865,442.6050708,2905496
1/18/2018,451.3078613,455.9042231,447.5164368,448.90467,16649540
1/19/2018,455.4842224,457.2807914,447.7963916,451.5061603,11455988
1/22/2018,458.0857544,463.8370596,455.7059177,457.3041433,8849768
1/23/2018,455.2742615,458.8673425,453.407714,458.4707126,5047796
1/24/2018,456.7557983,459.4039566,455.1108921,455.5658801,4790568
1/25/2018,460.7922058,461.9704752,455.0875818,455.8808701,8723668
1/29/2018,466.5552063,468.2584138,461.5038566,461.5038566,8235892
1/30/2018,465.5868835,467.0801271,462.9387253,466.1235273,6397560
1/31/2018,467.9667358,469.7866309,463.6036929,464.1636627,6943348
2/1/2018,464.571991,470.1366297,463.2070839,468.0367639,6521420
2/2/2018,454.5043335,464.2803821,452.9877636,463.3704345,7346124
2/5/2018,446.536499,451.5295194,444.6699515,447.5047763,7926784
2/6/2018,442.5584106,446.1048394,428.4426456,433.972281,10749804
2/7/2018,436.9587402,444.9382187,434.532223,444.9382187,8364972
2/8/2018,438.86026,442.9783357,435.4888203,439.5718926,5171444
2/9/2018,431.5224304,435.0688591,430.2625052,431.1491266,6408952
2/12/2018,437.8570557,440.0385774,432.8407092,433.9722979,4381108
2/14/2018,439.3736267,442.8150737,437.39042,440.9252,3577188
2/15/2018,439.0819397,442.0800757,437.4720369,440.9018063,4915224
2/16/2018,438.3120117,442.1034363,437.6237337,439.5486108,3583520
2/19/2018,438.2187195,440.4119187,433.7506938,439.2453264,3654552
2/20/2018,434.7188721,440.00354,433.6922938,439.7468955,4084068
2/21/2018,433.3656311,435.9671371,432.1523583,435.8271233,2753072
2/22/2018,432.3856812,433.9722578,429.6675444,431.6390736,13253596
2/23/2018,438.7669983,439.7702505,431.7324417,433.2490116,4076748
2/26/2018,445.9998474,446.7581323,439.4669315,440.5285132,4788884
2/27/2018,443.8999939,448.3796964,443.3050205,446.7464674,4787328
2/28/2018,439.6185608,442.243393,438.171998,440.8668371,4066364
3/1/2018,437.3204041,441.7418055,435.8388377,438.4753474,3909840
3/5/2018,436.2937622,438.1719869,433.5639481,437.2737166,3781464
3/6/2018,430.7641296,438.6153001,429.1892303,436.3054421,4576828
3/7/2018,427.5793762,432.4324113,426.6227763,429.3059384,5628164
3/8/2018,432.3040161,433.6222708,427.4393329,429.2592279,5518724
3/9/2018,431.8840942,435.1972046,430.2391879,432.7940133,4108108
3/12/2018,435.6638489,436.177138,432.4323942,434.0189425,6557116
3/13/2018,434.0306091,439.7469107,432.8056874,435.7104904,5124200
3/14/2018,435.0221863,435.8154746,431.1724324,433.0389797,3680392
3/15/2018,438.8253174,440.3885395,435.1855271,435.1855271,5870924
3/16/2018,432.3390198,438.8952615,430.8341274,438.6386169,7896336
3/19/2018,430.997467,433.972277,430.0408672,432.339048,7838740
3/20/2018,429.1893005,433.0157289,428.1976971,430.4958782,3657372
3/21/2018,433.7156372,434.7188894,430.0758754,431.1724606,5921140
3/22/2018,435.7804871,438.6386378,432.8290033,433.7156247,6673224
3/23/2018,429.6676025,432.3624135,428.6643218,430.8575209,7190152
3/26/2018,441.7767639,443.305011,427.7893356,429.2825792,10501768
3/27/2018,441.5784302,443.0716737,437.7053502,441.8584294,6136836
3/28/2018,440.0618591,443.2349839,437.7170261,439.3269004,8837508
4/2/2018,450.5845642,451.6461745,441.088515,441.088515,4596368
4/3/2018,447.014801,449.3013046,445.871535,448.8929974,4079884
4/4/2018,439.3969421,449.1263095,438.2770023,446.3264883,3714108
4/5/2018,445.3815308,446.571449,441.0184593,443.6083165,4858892
4/6/2018,448.764679,449.4762831,444.6582802,446.1514954,3720008
4/9/2018,452.4161072,453.1043851,447.1314391,447.691409,4003536
4/10/2018,448.1696777,453.3376864,446.4547931,453.3376864,6067236
4/11/2018,447.7030029,447.9713248,444.5648819,447.014725,2870812
4/12/2018,450.0245972,450.981197,444.6815994,447.0381099,4712516
4/13/2018,449.13797,452.6377464,447.7613856,449.8379252,3297172
4/16/2018,453.127655,454.9708761,447.9363207,447.9713241,2847744
4/17/2018,454.6209717,455.2042678,451.2611805,453.4543795,2667832
4/18/2018,450.9111938,455.7875547,450.3162489,455.2042587,2712720
4/19/2018,452.4044189,453.7576772,451.0045084,452.6377374,3169032
4/20/2018,456.3475037,457.5374219,450.8061912,452.8710535,9361380
4/23/2018,451.6461487,461.7371707,434.0422846,461.7371707,15304620
4/24/2018,451.4712219,454.5160392,449.3713558,451.4712219,5037416
4/25/2018,448.1463623,452.1711051,446.1048261,449.8145947,4020592
4/26/2018,450.3628845,452.451073,445.9298345,447.2247631,7847480
4/27/2018,448.764679,451.5878263,446.2215023,451.0045302,5777008
4/30/2018,453.6410217,456.0908652,450.0245862,450.3045569,4609552
5/2/2018,459.5206299,461.5038365,454.037647,454.9709207,7100048
5/3/2018,459.1473694,460.7805985,454.0376898,459.1823728,4152772
5/4/2018,463.9536743,464.3036519,458.7740168,459.6372836,6881436
5/7/2018,461.3638306,463.6736885,460.8038607,462.3554338,5264128
5/8/2018,458.9490356,461.9471718,456.0442041,461.7955091,7100564
5/9/2018,461.5971985,462.0871615,456.4058633,456.4058633,4327332
5/10/2018,464.9335938,466.4035112,462.4370981,463.9769939,7171672
5/11/2018,469.3783264,470.6032481,463.3703772,464.9335992,6057068
5/14/2018,471.7115173,473.0297721,469.5299958,470.6499071,4742916
5/15/2018,475.4563293,481.8025795,472.8664719,472.9481561,9826684
5/16/2018,472.0848083,478.0694314,470.6382456,473.764718,6841604
5/17/2018,473.1114197,477.0078258,469.5533138,472.2014722,6615476
5/18/2018,469.4716187,472.3997474,467.4534088,472.3997474,5217460
5/21/2018,465.0152893,471.5365278,463.3820604,470.3932618,4848108
5/22/2018,464.280365,469.8916563,463.2537582,466.3335502,3960372
5/23/2018,459.0539551,465.2368927,458.0973553,463.79033,5726292
5/24/2018,463.3703918,464.3619952,456.4524949,458.9606679,4520744
5/25/2018,468.6667175,470.3699535,464.2803481,464.3036743,4759588
5/28/2018,476.4829102,478.7694423,468.036794,468.4567785,5103940
5/29/2018,474.243042,478.9327368,473.356449,475.5029672,3351244
5/30/2018,477.9178467,479.0027546,470.4399793,471.2332392,4866996
5/31/2018,502.3614197,507.1867495,488.4020551,493.0982287,39639192
6/1/2018,495.5872192,502.0209541,493.333033,496.8551632,21151356
6/4/2018,480.4654236,506.4822321,478.5282523,504.8385717,88796324
6/5/2018,484.551178,485.3377526,475.0179234,481.3577572,17105460
6/6/2018,483.0836182,484.8329312,480.1837083,483.7527884,9782000
6/7/2018,484.2223816,488.3550367,482.1091038,486.8052767,10563896
6/8/2018,481.2051697,483.9993699,477.8356423,483.4710504,6180888
6/11/2018,479.5497437,484.3985196,478.7279133,481.8038724,7091188
6/12/2018,479.9136658,481.9917166,478.6339701,481.8038583,5234256
6/13/2018,477.0020447,482.4848499,475.2762067,481.8273741,7897960
6/14/2018,478.3991699,480.18371,475.4875368,476.6615801,16927576
6/15/2018,476.567627,478.7513588,474.853541,475.7223216,10880816
6/18/2018,474.1139221,478.7279181,471.7540836,476.6850655,7487404
6/19/2018,475.1353149,479.1740124,474.1491301,475.475776,10981152
6/20/2018,482.8017883,483.2362073,475.4875217,475.7223304,9051712
6/21/2018,483.1423035,486.2417662,480.6650607,483.7058213,13510704
6/22/2018,489.1886597,490.4683554,481.3225693,482.9896765,7848980
6/25/2018,491.9123535,492.5815811,486.7700672,489.1181536,6992336
6/26/2018,491.6188965,493.8026286,488.3668308,489.8226331,9161932
6/27/2018,496.0567932,497.67695,490.7500946,491.4545206,19126804
6/28/2018,500.3420105,502.4904866,495.7279864,496.6202706,37533540
6/29/2018,495.0823059,502.4905306,494.2957313,498.1935206,19458120
7/2/2018,486.8171082,495.0706105,484.4690213,495.058916,9864876
7/3/2018,486.1009216,489.5761016,485.0208361,486.8170996,6863100
7/4/2018,493.9317627,494.9884017,485.8191121,487.5214749,6097992
7/5/2018,498.6749878,499.9077335,491.3489677,494.2723246,9735968
7/6/2018,496.6555481,501.4456795,495.763321,496.2211864,8121344
7/9/2018,499.1209717,500.1424122,494.9179199,498.2287447,6182296
7/10/2018,503.9932861,504.7447197,498.9684037,500.1189432,10950736
7/11/2018,504.4277039,506.1770169,501.2695388,503.6763276,5857920
7/12/2018,508.5838318,511.8477067,505.3082623,505.5195672,8020668
7/13/2018,512.0942383,514.4188787,507.9146895,509.1591297,7161188
7/16/2018,509.2647705,514.2427025,508.0672234,511.7419559,9017336
7/17/2018,511.119751,512.1176878,507.9498341,507.9498341,6361924
7/18/2018,510.9905396,521.2751692,510.3917661,513.5264843,17460272
7/19/2018,513.3153076,515.052869,509.7696734,512.5873777,5304776
7/20/2018,514.0079956,517.2483671,509.7931909,513.3153214,10006964
7/23/2018,506.3531189,511.4132569,502.0326625,504.8386145,16880132
7/24/2018,507.1279907,509.2999708,504.1341804,504.1341804,5208792
7/25/2018,509.6170654,511.13157,507.1867725,508.27861,7038616
7/26/2018,514.8414917,517.3891313,508.3607497,508.3607497,21281092
7/27/2018,517.0838013,519.3849373,512.9864021,517.036851,10554596
7/30/2018,509.5113525,516.3443083,507.0458613,516.3443083,7169120
7/31/2018,511.7654114,513.2681637,504.8503087,507.1866431,8860944
8/1/2018,506.8814392,510.7088318,505.2377786,507.8441776,6071560
8/2/2018,500.1893921,505.7073956,498.1113699,505.6604453,8905704
8/3/2018,498.1818237,504.1459987,496.3855602,500.9760815,13604008
8/6/2018,496.4559937,501.8800397,494.530574,498.0292003,5744632
8/7/2018,500.3537292,501.1990633,494.9766341,498.9683811,7428456
8/8/2018,501.6335144,505.2612968,500.8586343,501.5161101,9945380
8/9/2018,497.4421082,502.9601112,491.8418991,502.9601112,8944408
8/10/2018,496.4911499,498.6866338,492.628559,498.6161797,5442940
8/13/2018,491.1374817,494.0256395,488.4019839,489.3412185,10054252
8/14/2018,490.5387878,494.2722226,490.092617,492.628562,4935964
8/16/2018,487.3923645,489.97526,485.2086323,489.1064793,10625160
8/17/2018,487.7798462,491.4663311,486.4413908,489.0829885,6065328
8/20/2018,492.2058716,494.8827245,487.2279398,487.2279398,7811136
8/21/2018,492.1706848,495.9158713,491.372301,492.6285502,7776320
8/23/2018,488.378479,494.7418162,487.6623585,494.2721989,12574552
8/24/2018,486.0187378,491.5954436,485.1264534,486.2887448,9714628
8/27/2018,488.5076294,490.3978504,486.1125927,487.697551,12574788
8/28/2018,491.8889771,492.6873036,488.1202863,490.2805147,9973532
8/29/2018,488.0498352,491.7011216,486.6996853,491.2549507,9873692
8/30/2018,485.1382446,490.2570281,484.1403077,489.2473966,21827460
8/31/2018,483.9875793,488.1084826,483.2949053,485.8660486,15771500
9/3/2018,487.2397461,488.155477,484.5276945,485.9130427,7661608
9/4/2018,481.7803955,487.9206187,481.1229198,487.6740582,7130536
9/5/2018,480.3833313,483.7528301,477.9648191,482.2500775,5641508
9/6/2018,481.8743591,483.4710696,477.2721148,481.1229828,10402412
9/7/2018,482.9896545,483.7058324,479.1857658,481.5925545,5919300
9/10/2018,479.2797241,482.5318185,475.5110335,482.5318185,8598592
9/11/2018,469.7112732,480.8881602,468.243719,480.488997,18186536
9/12/2018,472.3998108,474.6304931,467.1635947,470.063476,12246008
9/14/2018,476.567627,478.3991459,474.0669091,474.2782426,10334672
9/17/2018,467.7858276,475.0061943,466.7996427,474.618783,9338220
9/18/2018,467.0813599,471.9301643,465.1441885,468.4197864,9325736
9/19/2018,460.5419312,469.1476737,459.403115,468.4080208,16712264
9/21/2018,462.6318054,469.5821367,448.5315326,463.4888628,22610148
9/24/2018,452.171051,463.0896543,449.6586097,461.9273629,13390792
9/25/2018,458.4403687,460.6945257,449.6585203,452.1709611,16682552
9/26/2018,462.1504211,464.4515576,459.1214122,460.9176756,14726724
9/27/2018,464.0171509,466.3300105,459.0861689,462.4321924,18352208
9/28/2018,471.0379333,473.2451119,464.2519572,465.0737875,14460716
10/1/2018,477.9412842,479.4792924,469.1007609,471.9184649,12449588
10/3/2018,476.9316101,481.8743151,471.2609753,476.7672268,15332148
10/4/2018,459.6966248,473.7968954,456.2331972,471.4957592,17970584
10/5/2018,461.4694519,467.2692141,455.5640086,458.8043508,15729180
10/8/2018,456.7028198,462.3382274,453.1806901,461.3989928,20128020
10/9/2018,455.6696472,461.3989838,453.1806813,456.5619315,12459364
10/10/2018,461.9038696,465.4494747,454.4721697,456.702852,15939932
10/11/2018,454.9534912,457.4776841,450.2690417,452.0066313,14359904
10/12/2018,465.3555298,468.9363618,455.9984106,456.7028365,9600320
10/15/2018,471.5075684,472.1532922,462.6435409,467.2692603,12585968
10/16/2018,467.9149475,473.8908163,466.6822021,470.3217362,9406004
10/17/2018,463.6531677,472.6698259,461.0467974,471.0496404,7940796
10/19/2018,462.0447693,465.1207572,459.7553847,459.9667183,9867348
10/22/2018,469.3590088,474.3134655,466.9404683,472.9046136,20331160
10/23/2018,466.059906,469.3589787,463.2774295,463.2774295,19428564
10/24/2018,467.7975464,471.6836411,463.1835505,470.5565481,18072336
10/25/2018,462.2913208,470.4626453,460.8002628,463.4183852,29847056
10/26/2018,460.5067139,464.2636523,457.6420598,462.2912825,15155712
10/29/2018,452.3119202,461.3872517,445.0093481,461.1876701,17044280
10/30/2018,449.130249,453.6503156,445.9720841,452.006655,13828704
10/31/2018,448.8954773,450.3395564,442.6143453,446.6178446,23449404
11/1/2018,449.0011292,453.180735,445.1972401,453.180735,19629052
11/2/2018,457.7477417,460.2249846,448.9541686,452.24149,30092868
11/5/2018,459.2857361,460.1427934,455.0591802,457.853409,5705296
11/6/2018,457.066803,463.9819065,456.2214689,459.0509247,8485588
11/7/2018,459.7436218,461.3872825,457.8769044,460.4597997,958760
11/9/2018,456.7967529,460.2014784,454.6599999,459.8022864,10101620
11/12/2018,451.0791931,460.6945964,450.1634336,458.2291054,7907764
11/13/2018,452.6523743,454.9887089,448.0618537,450.5977986,13350420
11/14/2018,459.6966248,460.2249442,454.7304162,455.1883102,26110636
11/15/2018,463.7823486,464.287193,453.4624904,460.6711338,10392524
11/16/2018,470.6270142,472.6698381,464.9211522,465.1559609,15813216
11/19/2018,472.881134,474.5482697,470.0634303,472.2001832,12286428
11/20/2018,472.5406494,474.219537,469.3942365,472.6698056,5705168
11/21/2018,474.019989,475.2409826,470.5565612,472.611137,6545604
11/22/2018,470.908783,477.8356387,469.6525623,472.7285501,12974552
11/26/2018,481.310791,481.8273586,472.4467643,472.8811546,18184436
11/27/2018,484.6451111,485.560842,479.1858093,479.2562634,12895440
11/28/2018,490.5740051,492.7694891,483.7293554,484.879895,13021108
11/29/2018,500.3890076,501.8800082,491.6893352,493.3329959,31908636
11/30/2018,499.7785034,501.9152853,495.4462949,500.1424683,13040924
12/3/2018,496.2211914,502.960189,494.7183815,500.3772935,10799856
12/4/2018,489.7052307,495.6810999,488.0733219,494.3661484,8157420
12/5/2018,492.9103394,494.3426951,487.4510379,487.9324071,11798844
12/6/2018,492.4055176,493.485603,489.5760617,490.679651,11730252
12/7/2018,494.8827515,497.3247386,488.4724636,494.6713893,9903920
12/10/2018,490.456604,494.2252946,485.091203,485.091203,10915056
12/11/2018,483.6001587,486.3591603,477.131169,482.7665765,18905780
12/12/2018,489.6465149,490.7031539,483.7293481,485.337753,11370488
12/13/2018,493.4034729,498.9684269,491.0553862,491.9241668,7064236
12/14/2018,492.0885315,497.3247764,490.2922681,494.2487599,6158284
12/17/2018,500.1893921,500.7529673,492.8633734,494.0374167,8437324
12/18/2018,501.4220581,502.2556402,493.7086293,498.7335109,7413968
12/19/2018,498.6044922,507.045853,496.2799091,500.8704304,9009896
12/20/2018,501.8917236,502.5961496,493.7203714,496.0450113,7980476
12/21/2018,495.7162476,504.6272815,495.2231838,501.081648,10220308
12/24/2018,488.5546265,494.0374317,487.7798037,494.0374317,5601488
12/26/2018,498.3462219,499.4380593,485.819156,487.6976254,7601916
12/27/2018,494.2839355,502.067819,492.7341756,500.8468255,11639868
12/28/2018,498.4751892,501.9621201,496.7376284,497.1720472,9415612
12/31/2018,498.1935425,501.7861266,497.0194991,501.7861266,5866528
1/1/2019,504.3924255,505.0733476,494.4130591,499.5905433,6373440
1/2/2019,499.7902222,504.2515866,497.7238945,503.1479974,8134232
1/3/2019,495.868927,499.7315179,493.8025994,498.7805314,12771664
1/4/2019,497.1956482,499.7902957,495.5285409,496.6790805,7287120
1/7/2019,497.9469299,501.3986629,497.32471,499.6023423,5387012
1/8/2019,493.8025513,498.6161282,492.3114935,498.2639153,8343460
1/9/2019,497.0429993,498.1113902,493.7087277,497.3247582,8568628
1/10/2019,495.0941162,498.6867006,491.3723756,497.08999,7691540
1/11/2019,495.892334,498.7335414,494.9766032,496.3385048,6408040
1/14/2019,493.4856262,495.4227978,492.7342499,495.4227978,4855160
1/15/2019,498.2404175,499.3205601,493.5677486,494.2839264,5087556
1/16/2019,497.8412781,498.968371,495.0353262,497.8060797,5252452
1/17/2019,500.6824951,501.5277719,496.2328827,499.0270827,8240228
1/18/2019,500.2010803,502.2556558,496.5145963,501.3164213,5207976
1/21/2019,504.4042664,508.7130288,499.3206811,502.4788466,17561512
1/22/2019,501.5160522,504.0871954,499.919342,503.899337,8796976
1/23/2019,494.3661194,501.5160888,493.4386367,501.0816698,7624288
1/24/2019,493.6264954,498.1817603,492.6050548,495.4462624,10111572
1/25/2019,492.1589966,495.4463181,490.7501445,491.4545705,11262236
1/28/2019,489.3764954,493.5796052,487.638934,490.7501491,15360436
1/29/2019,483.1423035,489.1064203,482.0621607,487.9910792,14762788
1/30/2019,477.7651672,483.060114,476.1919607,483.060114,18514160
1/31/2019,488.3901978,490.6913338,474.7830491,476.8963268,16579404
2/1/2019,490.8556824,497.0898629,487.6036173,488.3901918,15654188
2/4/2019,494.2487488,496.1507219,489.0242558,491.9241659,7938288
2/5/2019,496.3973083,497.5595999,492.3938088,494.9767044,8690288
2/6/2019,498.416626,499.4380667,496.2916533,496.9138733,10875684
2/7/2019,497.1486511,500.1424616,494.4718552,498.9801702,7217308
2/8/2019,498.416626,503.6528711,494.6596871,495.9159364,12235644
2/11/2019,502.4082642,503.1713922,496.2210911,496.2210911,7036364
2/12/2019,500.0719299,504.3689393,498.9213906,502.020853,9772388
2/14/2019,495.4932556,502.4905656,494.4131701,502.4905656,7441388
2/15/2019,493.2507935,495.0001639,487.9793505,494.8240574,8416524
2/18/2019,490.726593,497.3247393,489.8108622,494.6948937,7138744
2/19/2019,489.3530273,495.011882,487.9793737,490.6796734,5268636
2/20/2019,495.0588074,495.6810273,488.8480731,490.397833,4892500
2/21/2019,496.831604,497.7825905,491.5954169,493.4973326,5261544
2/22/2019,491.0905457,499.6963172,490.5387797,497.653436,8890708
2/25/2019,499.0623474,500.1307384,491.9593848,491.9593848,8140596
2/26/2019,495.5988464,498.9683734,493.3564697,495.7397546,9607428
2/27/2019,491.2784119,498.8392391,490.3156734,496.8786213,7030092
2/28/2019,487.8267822,494.4718793,486.8053415,491.4780686,11645376
3/1/2019,489.1886597,493.3095059,487.6976017,489.8695819,9352928
3/5/2019,494.7653809,495.7046156,486.0539561,490.4918171,11837276
3/6/2019,494.0960999,495.5167036,490.8792328,495.4462496,8458044
3/7/2019,499.3206177,500.142448,491.9241449,495.3523742,10204852
3/8/2019,499.7198181,500.1424852,495.3171554,496.6321069,7053460
3/11/2019,499.7785034,503.3593356,498.3109492,500.6120857,9224108
3/12/2019,509.7696228,510.7088575,501.786128,504.1342147,15097292
3/13/2019,522.8132324,524.5625455,510.0279124,510.7088346,57166348
3/14/2019,522.3905029,527.7323993,519.0679837,527.1101794,15379864
3/15/2019,529.0240479,530.6442051,523.1655817,523.858256,12763088
3/18/2019,531.0081177,538.0993289,527.6151435,531.1137701,14358720
3/19/2019,532.4873657,534.4010335,528.5543205,532.8982809,11957992
3/20/2019,539.8251343,540.0599429,530.9141567,532.7808742,11711992
3/22/2019,534.4595947,541.7034633,533.2034031,540.059803,30403880
3/25/2019,535.6691284,537.207137,529.0240304,530.6676914,9199260
3/26/2019,542.7250977,543.5821265,533.6262608,534.4010836,11786848
3/27/2019,539.9307251,546.6462752,535.1406517,544.4155931,13885300
3/28/2019,540.7174072,545.9301481,537.2070291,539.7781726,19554328
4/1/2019,542.8307495,547.5738737,541.1401384,545.988915,9647076
4/2/2019,538.850647,544.7560615,536.6434113,544.7560615,10910496
4/3/2019,538.3574829,543.8167835,537.3008441,538.2048802,7659452
4/4/2019,536.2911987,543.1124014,535.363716,538.3575263,9211552
4/5/2019,541.3748169,543.2884844,535.8333101,537.1952117,8351180
4/8/2019,537.5708618,545.4487029,535.3871874,544.5212203,6398132
4/9/2019,537.065979,540.7642145,532.3111048,539.2614624,10777600
4/10/2019,525.3491821,536.3029833,523.8581242,528.3194888,108128700
4/11/2019,530.0805054,531.3719529,525.2551763,527.1218936,8793300
4/12/2019,531.9003906,533.5322996,528.8126792,528.8126792,9170444
4/15/2019,537.4301147,538.3927959,531.689054,533.0157001,10219780
4/16/2019,541.2457275,542.3845152,535.4342131,537.9349024,8273776
4/18/2019,538.5688477,543.5937873,537.2422017,543.1124181,10614856
4/22/2019,532.7103271,545.9300645,530.9023122,545.9300645,20980420
4/23/2019,527.2158813,537.7118167,526.3471008,534.7884604,15282400
4/24/2019,535.3049927,536.2794256,527.6267617,528.3194357,12354128
4/25/2019,531.4776611,539.7781704,530.1862135,536.9839129,18086636
4/26/2019,535.586853,536.5378397,529.9396927,532.0529709,11707568
4/30/2019,544.1574097,544.7561833,534.9881185,536.5378788,12536836
5/2/2019,553.1622314,554.0662104,544.1690486,545.5779006,17169300
5/3/2019,556.0151367,558.3749751,553.3265891,555.1346043,12351520
5/6/2019,546.7402344,552.2464862,544.0634385,551.3307553,13748092
5/7/2019,545.3079224,553.6788283,544.2864817,552.2464725,9924204
5/8/2019,541.7623291,545.6484242,537.242262,545.3549134,12064208
5/9/2019,537.9230957,540.0598773,533.3913348,540.0598773,9027724
5/10/2019,539.2380981,545.9066413,538.0288565,538.0288565,10594200
5/13/2019,537.0543823,543.1946635,535.3637714,539.132462,11071632
5/14/2019,537.21875,542.6428534,534.3188972,539.2850778,10494744
5/15/2019,536.9370117,541.7505898,535.8803726,539.120744,8956348
5/16/2019,542.5606079,544.5212832,535.3637454,535.4929016,8050136
5/17/2019,554.6416016,556.3322126,542.7837633,543.1124725,14758780
5/20/2019,571.1368408,572.6278413,558.8445851,565.4192273,17699632
5/21/2019,564.4094849,575.1402276,563.4115482,572.4634322,10325176
5/22/2019,564.8909912,569.6458671,562.1906913,566.3233471,11386660
5/23/2019,547.597168,572.9094896,544.5446561,565.6539267,33081996
5/24/2019,557.2831421,560.288647,549.4874489,554.0779696,13692800
5/27/2019,565.5014648,568.6830764,557.0248492,558.5863039,12049024
5/28/2019,567.3447876,568.2370722,560.5001367,567.4152417,7364840
5/29/2019,567.5089722,570.7728466,565.9357658,565.9357658,7475216
5/30/2019,572.8274536,574.7880714,566.6050244,567.2976984,9359200
5/31/2019,569.4932251,578.8033658,553.3970795,576.8779462,19785080
6/3/2019,576.9484253,577.5823973,569.3992919,569.8806612,8480860
6/4/2019,575.8212891,578.9794541,573.1796916,576.455261,6442988
6/6/2019,569.0236816,579.9774845,566.6755947,576.0326869,15634924
6/7/2019,574.7293701,576.2791301,565.6540387,569.5635798,7970932
6/10/2019,572.9801636,579.9657222,571.0782475,579.9657222,7077140
6/11/2019,574.9055786,577.6058786,573.0154145,575.6335085,7103292
6/12/2019,569.892334,574.9054642,569.0939502,574.1071377,7308620
6/13/2019,574.0366821,575.7507967,567.2859336,571.9821065,11107948
6/14/2019,571.7825317,577.3826833,569.4109416,573.6257451,11956920
6/17/2019,568.706665,572.9097178,567.6030756,571.7591781,12810020
6/18/2019,567.5911255,571.0545526,564.4799113,567.7672319,12419652
6/19/2019,570.1976318,574.0836693,567.4620766,569.8806172,10744276
6/20/2019,573.269043,575.7852748,570.4928932,573.7415791,11171492
6/21/2019,570.3984375,574.0605931,568.3783337,573.1864126,13250260
6/24/2019,571.2843628,574.2731885,569.4060432,569.8667544,6915000
6/25/2019,573.8243408,576.8485841,567.752262,571.7334027,8899800
6/26/2019,583.0859985,583.5821846,572.2413162,572.8792285,10533636
6/27/2019,581.7629395,589.3707605,580.3098561,583.2868571,19879236
6/28/2019,577.380188,584.7635664,575.7972032,582.1646172,12756844
7/1/2019,587.2561035,588.0712168,578.8685872,580.2743706,8524160
7/2/2019,589.4888916,590.0795618,582.9206271,587.835015,7246828
7/3/2019,588.2247925,591.4498863,586.6536328,590.4339221,7463256
7/4/2019,586.8427734,590.1741194,584.0547981,589.4417228,7993964
7/5/2019,584.1491699,589.4770266,581.2194688,587.1498206,7583060
7/8/2019,569.3115845,584.6690096,566.3464086,584.6571846,14607140
7/9/2019,562.1172485,569.5951688,560.6642227,567.953117,16482688
7/10/2019,564.385437,566.570917,559.0694046,562.022756,11569148
7/11/2019,568.7327271,570.3511866,566.0156439,567.7522375,9097596
7/12/2019,565.6021729,571.296257,563.5112348,571.296257,8976272
7/15/2019,565.8029785,567.7521902,561.691937,566.0983136,8233184
7/16/2019,564.9642944,571.2962913,562.7906394,571.2962913,12770568
7/17/2019,566.4408569,569.7840846,564.9878314,565.3776506,7759736
7/18/2019,569.8549805,573.8951879,567.4922996,567.7522176,10802584
7/19/2019,561.2902222,571.9341103,559.2465264,570.5873939,8939228
7/22/2019,542.7669067,555.1946322,538.986617,554.0487088,22171296
7/23/2019,534.7927856,542.1170959,529.724847,542.1170959,27802864
7/24/2019,538.9038696,541.7627366,531.8394767,533.1980183,17363740
7/25/2019,540.1207275,547.0669869,538.750361,539.8726345,19462008
7/26/2019,538.0532837,541.916232,537.0019023,538.2659019,12829828
7/29/2019,530.2565308,537.167373,525.2358334,537.167373,9976492
7/30/2019,532.1348267,536.6120956,529.2168926,532.7845639,10394136
7/31/2019,531.993042,535.6197804,527.8820001,529.2405417,13891840
8/1/2019,526.1086426,530.4182795,520.2361429,527.8372494,18241676
8/2/2019,524.3446655,526.6297038,516.6843587,523.5513827,27825536
8/5/2019,516.0332031,520.9466775,512.0669046,520.2481469,19822440
8/6/2019,518.3656006,523.3737689,513.1324318,513.1324318,24890940
8/7/2019,517.1578369,521.4201268,512.6587532,518.5786002,18750136
8/8/2019,528.7962036,531.1286463,516.9210142,520.4729223,19711600
8/9/2019,540.3637085,542.0212659,530.3710169,532.0759216,30436112
8/13/2019,525.7653809,538.3036068,521.562289,538.3036068,15440068
8/14/2019,527.920166,529.3290782,521.66883,529.3290782,14254052
8/16/2019,527.5057373,528.7607565,521.9174362,524.2616726,15247560
8/19/2019,522.5687866,530.8920714,521.349263,530.0632925,8498200
8/20/2019,525.824646,527.5295508,522.5687293,523.1370117,10270592
8/21/2019,527.067688,530.7024394,524.3090046,526.8426876,10472712
8/22/2019,514.8135986,525.8837125,513.1441902,525.8837125,13992044
8/23/2019,512.1141968,515.5003614,506.6442919,511.7116587,20099616
8/26/2019,534.2426147,536.6105541,513.1324585,519.7389862,25280244
8/27/2019,535.142334,538.2088033,530.44201,534.2070097,20660832
8/28/2019,532.1943359,534.5267792,527.1861676,532.7863207,13662588
8/29/2019,527.328125,533.6623614,525.7534688,531.83906,14783716
8/30/2019,527.5650024,535.1542591,526.1560902,528.8792203,19233320
9/3/2019,523.5394897,525.9192801,520.0349283,525.6824862,11428676
9/4/2019,532.25354,538.4693805,520.7098363,522.6041877,15060704
9/5/2019,529.2698364,538.0904088,526.8664016,532.5494549,17296252
9/6/2019,531.8154297,534.3491708,525.9903341,527.5768417,12870004
9/9/2019,532.6916504,535.3673756,524.7590537,531.8391691,10643404
9/11/2019,533.0941162,538.4693262,530.6906235,538.4693262,15209116
9/12/2019,537.7235107,541.9739502,532.3482424,532.9520784,18132300
9/13/2019,534.550354,536.9182929,529.9447244,533.023045,15371340
9/16/2019,531.401062,535.7817496,530.6551843,533.2362149,11030184
9/17/2019,523.6342163,532.4310866,520.4966971,532.2889871,10656556
9/18/2019,518.0458984,526.665174,516.2107456,525.0431703,12959884
9/19/2019,521.4438477,524.2853743,513.3691529,520.8992101,10623310
9/20/2019,568.1159058,572.9938832,523.5039587,524.7352754,46150034
9/23/2019,595.4182739,607.4710606,582.0394183,596.507549,41920410
9/24/2019,593.7844238,597.6441183,581.3527437,591.984767,23379048
9/25/2019,587.1067505,591.9373806,582.5603193,591.9373806,15608976
9/26/2019,588.4328613,603.8244653,585.5202847,587.1541973,30671560
9/27/2019,589.2379761,593.6423662,586.1123078,591.15603,14873170
9/30/2019,581.3054199,587.2489709,576.1196558,581.9448098,18218458
10/1/2019,591.4165649,594.3527867,578.298146,583.2234715,18768352
10/3/2019,579.4584351,589.048589,576.0485679,587.2252295,16298876
10/4/2019,563.4273682,587.0594103,561.3436281,585.6623495,18403632
10/7/2019,562.1013794,577.7060745,559.3782495,568.8736503,22513220
10/9/2019,581.6369629,582.4657417,563.5695738,566.9320362,17427270
10/10/2019,568.565918,580.5950031,566.9793524,578.6296598,11556858
10/11/2019,567.7371216,579.6715119,563.0722351,574.6514924,17186318
10/14/2019,570.3892212,577.7298329,567.0741062,572.5677138,12267802
10/15/2019,579.2215576,580.1450307,571.5494009,571.6204506,8400374
10/16/2019,578.2980957,584.8809782,573.0886295,583.2944705,10586816
10/17/2019,577.7771606,582.4419893,574.509393,581.3290694,12243614
10/18/2019,582.0394897,584.3363793,577.9429431,580.3582297,11233806
10/22/2019,586.9174194,595.2999009,583.7443463,595.2999009,20006228
10/23/2019,588.0065918,591.8663439,583.9337483,590.4929277,10190214
10/24/2019,585.4019165,593.9502001,580.7844351,591.0376234,13107494
10/25/2019,582.0394897,590.4930216,577.7771989,587.2489563,12993542
10/27/2019,586.1596069,588.1487104,584.880943,587.2251795,1750082
10/29/2019,588.4328613,595.4656288,586.1596167,586.3017162,14232568
10/30/2019,591.2033081,597.9992814,588.669625,590.5166289,12011366
10/31/2019,582.6787109,598.567604,581.1395507,595.6313251,13217706
11/1/2019,587.272522,589.0247736,581.3763197,586.7752317,11512260
11/4/2019,585.7570801,591.9847714,582.0631298,590.3035116,9935176
11/5/2019,587.0120239,589.5220622,582.063055,587.7224056,12367810
11/6/2019,595.1341553,596.2470751,581.589555,588.4091734,12130336
11/7/2019,598.4730225,601.3145499,591.9848912,597.1943582,16963034
11/8/2019,594.6369629,600.0358766,592.6715615,596.2471733,13251496
11/11/2019,598.9701538,600.746108,592.2215278,593.1924059,14286610
11/13/2019,595.5603638,601.4565088,593.6896573,597.6441039,9293496
11/14/2019,603.3035278,604.7716385,595.3945767,598.5203025,11055218
11/15/2019,605.197876,608.5603379,601.9774557,608.0157003,9279012
11/18/2019,597.6915283,605.9319101,596.1049629,604.7716431,9130292
11/19/2019,602.3563843,603.824495,597.2416125,599.2307161,10570578
11/20/2019,603.0429688,607.5893997,600.035698,602.8772246,11054258
11/21/2019,607.7788696,609.5074766,600.6750529,601.5748812,12019526
11/22/2019,598.9701538,607.9209745,597.6677874,607.9209745,7688010
11/25/2019,601.977478,605.9556274,598.6860657,598.6860657,7893556
11/26/2019,603.8481445,606.0739841,600.0120371,605.4582968,8716002
11/27/2019,605.4346313,608.91549,602.0247646,604.2980091,9580666
11/28/2019,599.2307739,607.6369589,597.6679108,606.2871872,12366040
11/29/2019,603.8007813,606.1450757,592.9319637,600.3672695,15567626
12/2/2019,599.4437256,603.3271222,596.0575614,603.3271222,8946204
12/3/2019,594.5421143,600.9828965,593.7843854,600.6040032,6991906
12/4/2019,592.7661743,595.2525102,584.5020326,593.1687124,11395614
12/5/2019,589.9009399,596.1286309,587.6040507,594.6368178,12772494
12/6/2019,590.1140747,596.7206011,586.3963644,591.487433,13774650
12/9/2019,588.645874,591.9136411,586.0885464,591.7478969,8265350
12/10/2019,591.7479248,593.7133256,589.664127,592.4583065,9788900
12/11/2019,591.3927002,593.8790359,588.4327768,592.0320321,11054642
12/12/2019,598.4255981,601.1960755,593.4055785,593.4055785,12913148
12/13/2019,598.5440063,602.5695032,596.3655138,599.0886439,11775186
12/16/2019,595.4656372,601.4565347,591.1322971,601.1013439,11327576
12/17/2019,601.977478,603.7297877,594.5184697,596.7206647,12427354
12/18/2019,612.0411987,615.1905692,603.1851297,607.6131642,17447172
12/19/2019,610.3599854,618.2688786,609.0812636,618.0320847,13018376
12/20/2019,614.1012573,615.4746735,606.216067,610.3362576,15026044
12/23/2019,616.8007813,617.5585102,610.3599985,615.1905711,10195782
12/24/2019,610.5256958,616.1850466,609.483768,615.0010772,7179208
12/26/2019,601.6695557,611.8043454,598.9227813,610.7861202,14949758
12/27/2019,603.8244019,605.7187529,601.456463,602.4036386,7092992
12/30/2019,607.2106323,610.3363004,603.3745826,607.1395826,9334190
12/31/2019,602.4510498,607.1158782,600.817195,607.1158782,8357056
1/1/2020,605.5293579,606.1923924,601.7406555,604.3453884,3673698
1/2/2020,609.3890991,609.9810839,605.7187937,605.7187937,6137166
1/3/2020,600.6988525,608.5603994,598.4256077,607.2343303,10855550
1/6/2020,587.6987915,597.573144,585.3545549,596.7206627,10890186
1/7/2020,597.0047607,602.1431767,593.0503142,596.1996846,14724494
1/8/2020,595.4419556,597.7388448,587.2725661,590.5402757,11332110
1/9/2020,602.1195068,604.2033046,598.1887052,599.0885335,9546316
1/10/2020,607.4710693,609.4601729,603.8718135,608.1341038,9214580
1/13/2020,609.0339966,614.0066692,604.2981179,607.4711335,7451568
1/14/2020,610.6915283,612.1359944,605.0084742,610.4547344,7886290
1/15/2020,608.2051392,609.9573909,603.3982114,609.2233645,11787448
1/16/2020,609.8153687,611.4018763,605.8845666,607.1632884,7150400
1/17/2020,605.3162842,608.513002,602.3563603,607.0211888,16918814
1/20/2020,594.3054199,617.9611105,593.1687975,617.9611105,22178450
1/21/2020,589.30896,591.9847426,586.4911357,591.9847426,14984804
1/22/2020,587.6513672,594.3526456,584.5967492,591.0612338,18368310
1/23/2020,589.5457764,590.492952,582.9865967,587.248887,11508920
1/24/2020,589.4038086,593.8791909,586.82272,590.0904879,11831756
1/27/2020,574.5567627,584.8810011,573.8700834,584.8810011,18888552
1/28/2020,579.2926025,581.4711528,574.5804268,577.2088624,13412158
1/29/2020,585.2835083,588.196085,578.8427254,580.2871914,13788350
1/30/2020,580.642395,586.7516319,576.4510964,586.7516319,12111984
1/31/2020,580.7607422,586.2070019,577.8955129,583.1996731,11178268
2/3/2020,564.8956299,567.3345611,557.7444069,566.8846758,13077010
2/4/2020,582.4182739,584.4073195,567.3581594,567.3581594,20897704
2/5/2020,589.4511108,591.0376185,581.2343735,584.8336294,18020682
2/6/2020,587.1541748,591.36906,585.9228003,589.4510641,11827550
2/7/2020,588.2907104,590.5639549,583.2706916,590.0903671,6815448
2/10/2020,587.3909302,588.6458915,580.6423045,588.6458915,9219834
2/11/2020,587.532959,594.3526342,586.3253449,588.8116806,11613520
2/12/2020,591.5111694,593.3581734,589.1669329,589.7115126,6297930
2/13/2020,587.9118652,596.6732389,584.2178575,596.6732389,9112140
2/14/2020,577.4692993,591.2270487,575.4092039,588.7643573,14688858
2/17/2020,576.4273682,583.9337228,575.1486465,580.1450206,10152690
2/18/2020,574.5803833,577.0667192,569.9629024,576.3089903,10529116
2/19/2020,581.1869507,582.5130197,574.8882674,578.961111,10012268
2/20/2020,576.4037476,582.5130422,574.982984,582.5130422,11123414
2/24/2020,573.0175781,575.2908229,568.3054023,572.5439903,16568084
2/25/2020,568.4474487,572.5676394,567.3581737,570.1997004,13886680
2/26/2020,567.9501953,570.5312258,561.5094125,567.1214166,13814786
2/27/2020,568.0448608,569.4893267,559.3071891,565.9374183,20655098
2/28/2020,557.7207642,561.2016234,554.1451526,556.7025387,24313056
3/2/2020,558.644165,568.8500054,552.2744322,568.4000623,14664898
3/3/2020,559.6860962,561.3672982,553.1505613,556.465676,22369550
3/4/2020,544.0813599,558.8336321,536.6223516,558.0522007,34288870
3/5/2020,545.2653809,551.7298668,541.1925368,546.0468124,19549708
3/6/2020,537.4747925,540.3163192,521.4201549,532.7862618,23053566
3/9/2020,524.4038086,529.6606218,504.371021,525.6824726,34420590
3/11/2020,527.4821777,530.4183993,517.1579393,523.3145815,35538240
3/12/2020,483.6752014,511.4748103,475.221671,509.1068714,59000770
3/13/2020,506.6442566,512.1615083,435.3219159,464.1397222,66342364
3/16/2020,473.3510437,491.1105876,471.2198984,490.1634119,31986322
3/17/2020,461.7954712,478.3236977,452.134297,477.376522,42676838
3/18/2020,415.2891846,470.2727207,409.6534778,466.484018,61181406
3/19/2020,424.121582,435.6771368,376.5023308,401.1288983,67220048
3/20/2020,418.1069946,433.1434079,390.4968305,414.3893418,88637464
3/23/2020,365.396698,397.2218071,362.2947034,376.3128921,50276954
3/24/2020,363.5733643,383.6061227,349.8629915,376.6207025,61057272
3/25/2020,405.7463379,410.813733,357.6771773,364.8757175,47228042
3/26/2020,426.75,444.0833327,398.2873818,412.0687767,57043156
3/27/2020,428.3364868,468.2125849,413.0159043,447.5167925,55235936
3/30/2020,393.859314,420.0723877,392.1307069,416.757273,39268444
3/31/2020,408.1853333,413.7262873,396.8665734,404.3492548,35211092
4/1/2020,392.9121399,409.1088199,388.3420059,409.1088199,29103504
4/3/2020,385.4294128,399.7080963,383.6061114,399.2345085,34996280
4/7/2020,424.382019,429.6862082,400.347438,413.9157402,60412638
4/8/2020,420.972229,447.5404944,410.1744035,416.7336122,56219352
4/9/2020,438.0924072,440.8629133,421.4931599,432.3856798,44457146
4/13/2020,424.026825,448.3455758,419.6935139,442.331005,34158056
4/15/2020,408.8483582,440.6734654,399.2345312,440.6734654,57978752
4/16/2020,416.638855,421.824647,405.509542,409.6534351,53854396
4/17/2020,431.1069946,435.7008023,420.190801,433.3328632,55883462
4/20/2020,447.4694214,455.0942023,442.8045931,450.3819979,66232986
4/21/2020,436.4822388,442.331037,430.0177533,438.0687465,33178006
4/22/2020,439.7736511,441.8574492,429.686236,435.2982692,38289354
4/23/2020,452.2526855,453.9339165,432.1725508,442.8046029,40901222
4/24/2020,444.249054,453.8865835,438.5423264,441.8574412,33284568
4/27/2020,440.2946167,453.4130055,438.6844065,447.6115545,27421072
4/28/2020,441.0997009,446.9721725,436.6479639,446.9721725,29441436
4/29/2020,462.7426453,470.1306326,442.3783691,442.8046097,55877778
4/30/2020,474.4402771,482.5859935,469.8464694,474.2508593,43793134
5/4/2020,437.121521,454.6442689,434.5167882,453.4602994,26722324
5/5/2020,431.6516113,447.0668886,430.0414012,444.2253618,29672858
5/6/2020,448.2035217,449.9084263,428.9048182,435.227204,33785846
5/7/2020,438.0687256,446.7353768,436.3401185,445.4093367,21831730
5/8/2020,439.9867859,447.0432564,438.1634842,446.1197543,20807484
5/11/2020,433.711731,451.8027919,432.8592786,443.7517988,28550784
5/12/2020,426.9630737,430.6807553,412.5423195,426.7026062,49568418
5/13/2020,439.3237305,454.6442841,436.6952951,450.3819939,44346966
5/14/2020,423.2454224,431.4384855,421.4931417,425.2818441,39554890
5/15/2020,420.6170349,422.6297832,414.3893435,421.7299547,24349628
5/18/2020,396.2272644,420.5459876,393.6935522,420.5459876,46649964
5/19/2020,393.3856812,410.7426551,391.2308337,407.6880083,47460692
5/20/2020,405.9120789,409.1798461,394.1197604,396.1325084,40014306
5/21/2020,407.0723877,418.6516152,403.6388761,407.9722161,48478908
5/22/2020,397.269104,412.1634457,394.5223006,402.5496194,42047432
5/26/2020,403.6862488,412.8501611,401.9576418,405.8647411,38005152
5/27/2020,427.9576416,430.8701893,405.9358082,407.2381746,56025754
5/28/2020,447.658905,449.9084473,432.8356114,435.7008121,75488806
5/29/2020,450.6898804,452.2763881,437.3346975,447.0669218,53025166
6/1/2020,467.7389832,471.2198418,457.5331434,461.7480862,39190230
6/2/2020,474.0613403,475.9556913,461.8427821,467.2890413,41623594
6/3/2020,484.1251221,495.4912291,480.9047309,483.0595495,50546088
6/4/2020,474.3929443,492.0340624,469.3728959,486.8720012,54275882
6/5/2020,489.381958,493.6679509,474.913856,475.0559266,35195984
6/8/2020,481.1178284,505.1524078,476.6187445,502.0030375,49812664
6/9/2020,467.5732727,486.2563189,463.9029669,483.059601,61844146
6/10/2020,469.7280884,473.5167911,463.2636317,468.8519624,36497730
6/11/2020,458.7171631,468.0942253,457.0122585,466.4840151,30897714
6/12/2020,465.418457,467.2654612,439.4895224,439.4895224,42644876
6/15/2020,449.8373718,461.2745291,446.5933069,458.4330022,32009936
6/16/2020,469.0413818,470.7226128,450.8555982,461.7481179,45399970
6/17/2020,463.7608643,473.0668763,460.9193374,468.3783454,36957838
6/18/2020,483.0358887,485.3801541,460.3273476,464.11605,40870126
6/19/2020,489.381958,493.952092,479.3419194,482.088723,47877752
6/22/2020,487.2034607,495.3491479,484.8591952,492.2708271,29694474
6/23/2020,493.620575,494.8992389,481.4256605,492.0577121,28830512
6/24/2020,488.9794006,500.8190956,487.8191337,496.5568054,39429246
6/25/2020,487.2034607,496.7936139,476.9029258,483.9593957,70646790
6/26/2020,500.3218079,503.4238311,486.8482581,493.0048995,39969138
6/29/2020,509.6042175,512.7061832,491.1105893,491.1105893,46005956
6/30/2020,504.7735291,510.7881286,500.2508004,508.6332811,35746130
7/1/2020,513.6533813,519.0522945,502.6188189,504.773609,34846718
7/2/2020,515.9266968,526.2745814,513.9375928,516.3529375,36954496
7/3/2020,508.6095886,518.9575282,506.73894,517.6314592,27597254
7/6/2020,522.3673096,530.3709544,520.9465463,524.7115459,35558216
7/7/2020,523.3856201,526.4875858,517.6552187,525.3983685,24349850
7/8/2020,525.8481445,532.7388694,523.3144616,524.2616371,30056350
7/9/2020,532.7626343,535.0121766,524.3801524,529.4712218,20114484
7/10/2020,523.3619385,530.4184092,520.7335605,529.4238863,17562978
7/13/2020,511.5931702,527.1031691,507.3545829,525.6350586,29922114
7/14/2020,501.4584656,506.2180464,497.2672248,503.23442,26612674
7/15/2020,498.7590027,511.0012357,497.3145368,506.83364,20974394
7/16/2020,503.2107239,504.6077847,489.7371167,498.995781,23662456
7/17/2020,520.2125244,522.84096,501.1980194,501.5532103,28405738
7/20/2020,536.5986938,545.9994004,532.3837508,537.522167,65124096
7/21/2020,539.2034302,548.3909875,537.0485825,545.5968657,47512422
7/22/2020,533.4256592,542.0212902,529.2581208,539.1797631,24718012
7/23/2020,535.34375,541.7371864,528.6424699,532.7863639,20149122
7/24/2020,529.9921265,531.7917833,521.5385953,531.7917833,19598440
7/27/2020,511.2380676,522.3673817,509.2726666,520.8755685,37970094
7/28/2020,514.6241455,518.2944506,501.7662264,511.0011876,35596450
7/29/2020,504.1815186,515.5002776,499.895584,511.9483694,33592086
7/30/2020,497.5750122,513.2034089,495.7043058,508.6332753,26956266
7/31/2020,489.121521,500.9138114,483.0832474,500.9138114,37726696
8/3/2020,474.5349731,486.3509656,470.272683,485.8773778,31783542
8/4/2020,493.3127441,502.500359,475.0085641,477.3765031,60306168
8/5/2020,486.6351624,500.0140176,483.0595514,496.2963071,33221360
8/6/2020,492.8628235,499.6351525,486.0195026,491.1105717,33646888
8/7/2020,494.3546143,495.9411218,483.3436979,490.0923241,24836784
8/10/2020,497.5750122,503.8973975,494.3309475,494.4256419,22172854
8/11/2020,505.1524658,507.2125613,496.5568352,496.5568352,20136148
8/12/2020,503.7554016,504.8446769,496.3200951,504.371089,20666432
8/13/2020,501.5531921,507.3782875,500.3455201,505.7680774,19892740
8/14/2020,489.9028625,504.7972331,486.5167561,504.7972331,20924512
8/17/2020,489.0978394,495.846466,483.1543178,495.846466,19561012
8/18/2020,500.3454895,502.7844781,484.0067111,486.8482378,24040824
8/19/2020,505.1287537,506.6442694,500.2271313,504.3710247,17715624
8/20/2020,501.529541,506.2417171,498.214426,499.6114871,19216734
8/21/2020,514.1506348,515.642448,504.1815879,504.5604813,28924302
8/24/2020,529.0212402,531.8153618,514.1505727,514.3163169,36779740
8/25/2020,530.2761841,533.7333978,523.8827494,529.9446958,27601738
8/26/2020,529.6842651,535.9830062,525.4456773,530.8919372,25190062
8/27/2020,526.677002,535.1068883,523.9065248,533.1651898,20645996
8/28/2020,527.8135986,532.7862705,518.5786366,526.6059266,38696610
8/31/2020,528.4529419,544.0576948,521.2780751,534.917427,38501166
9/1/2020,533.8755493,541.5949958,524.7352817,534.2070377,28877884
9/2/2020,537.119751,539.4166408,530.7499588,532.3601693,19761682
9/3/2020,535.5804443,542.7079059,534.2070282,538.5877152,19833362
9/4/2020,530.086792,532.9756657,523.030323,525.6824028,23661370
9/7/2020,525.9192505,530.1815407,520.4729908,528.6660828,17615466
9/8/2020,526.8427124,529.8500411,522.3673309,527.5767966,14624918
9/9/2020,519.2890625,525.6824983,516.8027264,521.4202078,15728872
9/10/2020,516.4711914,523.2434622,513.3691682,522.3673363,15188088
9/11/2020,510.8355103,523.2434879,507.2125519,519.2653387,20794730
9/14/2020,501.0321655,518.105028,498.3800855,515.2635013,21650590
9/15/2020,506.9757385,509.6515212,501.1032383,505.791769,16505110
9/16/2020,517.9393311,519.0522509,505.9575361,506.833662,18710112
9/17/2020,513.1797485,518.1050734,510.5276683,513.3691952,18318686
9/18/2020,500.7244263,517.252595,495.941143,517.1579005,23481778
9/21/2020,496.9356384,507.3782134,493.2416309,499.6350654,19842878
9/22/2020,490.3528442,501.1269672,487.5586645,499.1852687,18620678
9/23/2020,495.9648132,499.6351186,489.8555192,495.3728285,16079828
9/24/2020,487.9848938,495.8464399,485.427508,491.5841496,19809510
9/25/2020,494.4257202,498.1907205,485.7353946,497.2672473,20321544
9/28/2020,499.2562561,501.5295008,493.7863515,496.7699201,16152422
9/29/2020,503.2107239,506.6915825,497.7407618,501.0558763,12644446
9/30/2020,510.8117981,514.7426,498.214374,502.0030764,18813842
10/1/2020,524.2380371,525.6825031,516.2580936,516.2580936,21203080
10/5/2020,527.7426147,536.101452,526.156107,526.6296948,16940126
10/6/2020,541.8317261,543.6787298,533.3544939,537.5457917,19371990
10/7/2020,550.4273682,551.6586848,538.7534184,542.2106322,21248778
10/8/2020,564.4219971,569.7261576,550.9483887,558.8336376,35060674
10/9/2020,584.1942749,585.8281297,564.3509338,568.7789683,44972388
10/12/2020,574.7698364,588.5512296,570.9574316,583.2470695,19220546
10/13/2020,567.5712891,578.9373965,565.9374342,574.6514615,18353952
10/14/2020,573.751709,575.0777782,556.7025455,566.1980055,22582918
10/15/2020,553.7425537,576.3563719,551.2562177,575.0303029,28246896
10/16/2020,567.9975586,569.9629597,555.5185307,558.8336455,25822848
10/19/2020,569.9866333,584.8809468,564.8008121,584.8809468,42359556
10/20/2020,579.6477661,581.2816787,571.099541,571.8572699,27411978
10/21/2020,590.4219971,592.4584481,578.5822999,582.7972436,35640752
10/22/2020,584.0758667,591.98476,579.1978892,587.2251794,21913060
10/23/2020,585.2598877,591.2507277,583.0813373,588.906491,15866230
10/26/2020,573.4674683,588.196037,570.4838421,582.4182891,19571976
10/27/2020,583.9810791,585.3544952,567.2871099,580.6186174,24317780
10/28/2020,572.8518677,583.4602474,569.0158175,581.5658959,16571186
10/29/2020,562.2434082,570.4127977,558.1232175,568.5894962,23060024
10/30/2020,560.5148315,567.973839,557.1049649,560.0412438,11522716
11/2/2020,575.5275269,580.1450075,557.6495889,565.6295311,21926080
11/3/2020,591.013916,592.3399851,580.3818922,580.8317776,28164230
11/4/2020,595.4892578,598.9938188,582.5129417,592.9318724,23404822
11/5/2020,601.0776367,604.298057,593.0976935,599.5621788,21433928
11/6/2020,619.2871094,620.4000292,599.3253717,599.6805625,35705724
11/9/2020,634.8682251,637.4255533,622.8627267,622.8627267,26288440
11/10/2020,660.015686,660.655018,640.0776501,642.6586806,41517356
11/11/2020,658.2633667,670.0320703,649.0521067,662.9756002,36116194
11/12/2020,649.6203613,657.600362,644.0794072,652.3198465,27053948
11/13/2020,643.5111694,648.2470478,637.9228099,648.2470478,22472480
11/14/2020,648.6732788,651.1596151,646.5421334,647.7735081,1835066
11/17/2020,667.0248413,668.9902426,653.8354301,656.2981218,31059900
11/18/2020,667.1430664,672.0210435,662.5729907,664.4436393,18862776
11/19/2020,650.8753662,662.7624082,647.8680953,658.1449272,20266882
11/20/2020,664.7515259,667.0010679,646.4710484,650.0703041,20405362
11/23/2020,660.4655762,674.2233258,651.3490104,670.1267795,25246636
11/24/2020,681.1139526,684.3343728,663.9937999,666.8116242,40154400
11/25/2020,664.348938,693.5219327,661.6021058,687.3179445,24152602
11/26/2020,675.644043,678.1777261,656.8662752,670.1267336,27943126
11/27/2020,682.3689575,684.8079462,670.3872211,678.0830227,17994580
12/1/2020,678.793335,686.2286394,675.0993274,682.3688877,17147574
12/2/2020,666.31427,678.082972,660.560225,677.7040787,17892150
12/3/2020,652.2250977,678.1777323,650.7333423,676.7569689,37933222
12/4/2020,656.2032471,663.7096022,650.3781518,654.0247547,26912322
12/7/2020,649.8808594,653.5274623,643.1795804,651.1832258,24316318
12/8/2020,651.7988892,657.7187365,646.5183738,651.1832019,19457896
12/9/2020,666.4327393,667.7825108,651.2069375,652.1304106,22069074
12/10/2020,656.3217163,663.9701717,651.5384905,662.0758203,19727966
12/11/2020,654.8772583,660.6550066,650.2360746,658.31077,21356384
12/14/2020,649.8334961,657.339851,647.8680952,654.971912,17222050
12/15/2020,658.902771,660.6313203,646.9209758,653.9300988,21561436
12/16/2020,668.090271,670.9792028,660.4181719,664.9172559,16832092
12/17/2020,682.8189087,684.3343665,665.1540607,671.8316371,21924478
12/18/2020,668.3981934,681.8243972,666.0066094,679.5985575,22995918
12/21/2020,650.0703125,674.317985,647.2524304,671.310714,23761824
12/22/2020,650.2833862,655.8243981,636.9755808,655.8243981,22851558
12/23/2020,651.4910278,654.0010083,644.5766579,647.6312759,15467394
12/24/2020,661.6494751,664.9172423,652.1303723,658.0028723,14952188
12/28/2020,669.1085205,672.9682727,664.91728,665.3908678,11699194
12/29/2020,675.90448,679.480091,672.494671,672.9919613,14495346
12/30/2020,678.4145508,681.9191122,669.1795883,681.9191122,16216726
12/31/2020,680.2142334,683.8608366,674.8863702,679.5985461,22145750
1/1/2021,674.8863525,683.3872309,672.778852,681.9664674,8810938
1/4/2021,670.6003418,681.0192737,662.549349,681.0192737,15740192
1/5/2021,675.6677246,677.5857784,667.2852433,672.1158159,14386824
1/6/2021,672.755188,681.9664478,669.2269241,679.5985087,22134050
1/7/2021,670.71875,678.4618993,668.9664982,678.4145521,19894842
1/8/2021,678.012085,682.9137078,673.9628856,678.1778292,13768764
1/11/2021,687.3889771,693.7587675,680.2141683,686.7022979,17331392
1/12/2021,701.3835449,704.5565601,686.2760823,687.8625899,20388156
1/13/2021,696.4819336,708.9136138,692.4327346,707.0192625,16934650
1/14/2021,695.5820313,704.6985957,689.5437872,696.7186535,12297166
1/15/2021,694.5875854,696.9555245,684.3343976,695.7478525,14165236
1/18/2021,702.3781128,711.7314726,694.7533601,696.1267764,42825632
1/19/2021,712.2050171,715.8990251,694.7533178,706.4983187,17360254
1/20/2021,706.5930176,710.8553079,703.7514907,710.8553079,13346052
1/21/2021,698.4473877,707.7059955,695.2980169,706.5930756,26333054
1/22/2021,683.6477051,695.1795567,682.037495,695.1795567,15392364
1/25/2021,692.7879639,701.3835948,689.1413606,693.8535365,20344718
1/27/2021,667.5693359,697.0738783,665.9354812,695.2268744,23556276
1/28/2021,649.5019531,663.6385949,635.5548158,658.2396826,42704446
1/29/2021,658.5238647,667.1668425,646.2105814,658.9264028,28704502
2/1/2021,699.3707886,702.0939184,663.4965125,667.8771997,26370544
2/2/2021,739.0574951,747.5583734,709.1504127,710.8553173,42420206
2/3/2021,745.8060913,749.0738009,730.2723883,747.7951369,20237254
2/4/2021,747.8425903,752.0575339,730.9591713,741.6386008,24484684
2/5/2021,756.6039429,766.3835436,733.1139969,733.1139969,27054716
2/8/2021,760.2268677,772.729598,755.7040808,767.2122882,17447580
2/9/2021,763.352478,771.0009325,751.4417334,762.4763522,18421366
2/10/2021,749.0975342,764.7732795,742.1121138,761.6949586,19788006
2/11/2021,744.645752,756.6985959,740.7859999,749.2158857,13648618
2/12/2021,749.1921387,754.1885127,744.9535513,745.3797919,9910106
2/15/2021,765.6020508,769.5802,756.1776417,757.7878518,10355244
2/16/2021,770.3616333,777.1576069,761.7423004,767.780545,13897358
2/17/2021,751.3470459,768.0647184,749.6894886,767.2122372,12794426
2/18/2021,736.0976563,760.5584237,733.1140295,760.5584237,14720560
2/19/2021,728.8989868,740.7860293,726.0101127,731.6931665,17139508
2/22/2021,733.1138916,745.3798268,729.0646929,731.7168308,29451838
2/23/2021,724.1868286,737.7077262,721.1085078,735.8370775,18239906
2/24/2021,760.795166,764.3470748,718.0775658,722.9318412,14314332
2/25/2021,760.7715454,774.9081314,758.6877473,762.3580532,20109570
2/26/2021,726.6730957,752.4836295,720.3270079,751.6075037,27912846
3/1/2021,738.276001,744.7404857,729.6566687,740.6912871,13536018
3/2/2021,742.6803589,751.8206265,734.5346719,746.2322674,16110038
3/3/2021,751.5128174,755.8461575,741.1649351,750.1631037,11222410
3/4/2021,735.0320435,744.0065101,728.8990461,733.374486,16291438
3/5/2021,724.5893555,731.9773138,720.3744124,725.0629433,17445822
3/8/2021,719.6167603,736.4291294,716.3016452,730.2724872,15117050
3/9/2021,739.9810181,741.4964761,728.4965127,731.6932307,15066696
3/10/2021,736.7842407,745.9008061,735.0793362,744.4800427,11055016
3/12/2021,734.9846191,757.7405378,726.981031,757.7405378,15631204
3/15/2021,723.9500122,733.3033714,717.6276266,733.3033714,12230386
3/16/2021,716.1358032,729.5146586,715.1175779,725.0155745,13722366
3/17/2021,708.1794434,728.8515606,705.7404548,721.8661411,21064428
3/18/2021,706.1194458,720.8243709,701.4546173,715.9463932,18065540
3/19/2021,709.1978149,715.6859454,698.0922028,703.2779667,21235020
3/22/2021,695.7714844,707.9663695,691.6275914,707.9663695,14015632
3/23/2021,710.4527588,713.9099151,695.7478343,696.1740749,19761428
3/24/2021,700.3416748,713.4363315,696.6476668,706.0720757,16368900
3/25/2021,693.0247192,708.2742816,686.8207304,705.7405405,23964356
3/26/2021,706.2614746,709.9080774,698.0683829,707.5401385,12021258
3/30/2021,735.8133545,740.0046528,711.1157965,713.5310828,25607644
3/31/2021,707.3744507,733.1139368,704.698668,733.1139368,30774506
4/1/2021,704.1066284,710.0975254,693.8060943,710.0975254,35763762
4/5/2021,686.5128174,703.2778359,677.7040965,700.9098971,16006586
4/6/2021,682.0848999,692.6932793,678.4856438,691.4382599,15075734
4/7/2021,685.3762817,689.8753661,673.2288002,681.6349841,25088180
4/8/2021,678.5566406,691.8644466,677.4673655,688.1230913,17613592
4/9/2021,673.3234253,678.5565934,670.174055,675.3361734,28157816
4/12/2021,647.418335,662.5494446,640.7644021,659.7079173,22549128
4/13/2021,663.1887207,666.077595,644.5530507,647.8681656,18600682
4/15/2021,677.2779541,680.4036223,658.7606812,665.390911,34444984
4/16/2021,676.5912476,684.3343968,674.1522587,679.5748161,15606526
4/19/2021,668.8953857,671.4053663,649.9045275,658.287008,24069242
4/20/2021,658.9501343,675.5257087,655.4218702,674.8626742,23186270
4/22/2021,673.6786499,675.7151006,649.3125806,653.5511683,38485312
4/23/2021,669.7241821,679.4090293,663.1175978,667.2851935,22713528
4/26/2021,665.2962036,676.7570059,664.3253254,669.1796007,30170952
4/27/2021,681.350769,682.913632,665.2961883,666.4564553,20592906
4/28/2021,699.3944702,700.4363402,677.7041263,680.1904622,24103940
4/29/2021,697.3580322,712.1103037,691.9117726,703.8461619,24078552
4/30/2021,668.8480835,688.5019775,666.5748389,684.3343817,35232902
5/3/2021,669.866394,673.3946586,652.2726495,659.7079565,22473700
5/4/2021,657.5056152,673.9154442,655.1140315,667.7351002,21486328
5/5/2021,664.2542725,667.5693872,654.3562753,663.4965435,14421612
5/6/2021,663.4492188,668.1377499,660.6550389,666.6222342,11477044
5/7/2021,670.0083008,674.8388729,667.8771558,669.1558197,12048334
5/10/2021,672.423645,677.2305729,669.0848856,675.8098094,11060050
5/11/2021,664.7042236,674.4837661,660.6787271,661.1286124,14519034
5/12/2021,662.7860718,667.0957088,657.7423506,662.9044687,13774926
5/14/2021,656.7952881,662.5020447,654.6641428,660.3471969,10604142
5/17/2021,682.0848999,683.1978198,654.1669193,660.7260995,15120692
5/18/2021,699.3471069,702.2123364,689.0702744,690.9409232,22165280
5/19/2021,690.5858154,700.3654166,687.9100902,696.2688699,10130916
5/20/2021,678.5566406,694.2323857,676.5201899,690.6567745,10684184
5/21/2021,709.1030273,711.2815196,683.387187,683.387187,19341646
5/24/2021,715.0939331,720.0666054,709.6713755,711.9209177,22146102
5/25/2021,700.4125977,716.8934749,696.4108042,715.3543147,19236974
5/26/2021,699.5128784,704.2250539,696.1740613,700.9099393,12283990
5/27/2021,702.164978,705.1722491,692.5984696,697.6421913,20439496
5/28/2021,712.0155029,716.5382892,700.3179082,706.0720112,17750020
5/31/2021,717.8880615,719.6166686,704.4618588,710.3817064,15661054
6/1/2021,715.9226074,723.1685234,713.815165,719.9955085,11030162
6/2/2021,712.276001,715.212222,707.0665355,715.1175276,10624016
6/3/2021,720.1140137,722.1977539,704.5803094,714.1704632,10287260
6/4/2021,710.831604,720.1613186,710.0028253,717.9591237,9424476
6/7/2021,710.3106689,717.0119481,708.4873674,715.1175968,8091668
6/8/2021,702.3544922,710.9974705,701.6204079,708.7479282,9872540
6/9/2021,701.052063,711.3288954,697.1449635,702.7569676,10223442
6/10/2021,701.4072876,705.1722878,697.902726,701.9045201,11483540
6/11/2021,703.9172363,708.7478667,701.4072556,706.1194312,7205974
6/14/2021,700.6494751,703.7514984,692.6458872,700.0811928,8881964
6/15/2021,705.7642212,708.4873511,698.4473128,703.751473,7569602
6/16/2021,703.088501,707.5402383,700.01018,704.6987112,7702098
6/17/2021,694.3271484,700.3180464,691.4382741,694.2798012,9283802
6/18/2021,700.8152466,705.645819,689.0702461,695.9372691,11938060
6/21/2021,705.0301514,706.4983198,690.9646165,692.0775363,7260472
6/22/2021,702.7096558,714.1704583,700.9099989,708.9609921,14366824
6/23/2021,703.5147095,709.3398628,700.2469419,705.6458547,7844868
6/24/2021,713.3416138,716.7514228,704.6986365,705.6458121,14785024
6/25/2021,717.532959,720.8007268,713.6969089,715.6386075,10383176
6/28/2021,714.3361206,721.2741932,712.7496131,719.8534298,9356786
6/29/2021,714.4313354,717.3564596,709.7225126,716.7857179,10971692
6/30/2021,712.4573975,717.7369619,710.6499518,712.5049496,9679022
7/1/2021,707.1541138,714.4075863,705.370473,714.4075863,16911442
7/2/2021,704.1337891,708.3431695,702.5166099,706.32171,14827036
7/5/2021,711.2920532,715.5965957,706.1076511,708.6760471,7373882
7/6/2021,729.9608765,732.4817785,711.5537277,712.0293652,17669032
7/7/2021,732.2439575,735.0264254,726.6314116,729.6279512,9629190
7/8/2021,723.1829834,731.3877299,719.853521,725.3471572,8420922
7/9/2021,714.4075928,721.0665184,712.2672238,719.4255921,10695842
7/12/2021,707.2730103,714.4075732,705.8460977,714.4075732,14458978
7/13/2021,714.3361816,716.3576411,705.8936159,711.601266,18178142
7/14/2021,713.052063,716.9522678,709.2231574,712.2672494,9788494
7/15/2021,723.3019409,726.1795711,713.2898061,715.8344552,10438802
7/16/2021,724.086792,727.7016257,722.3983136,726.7503506,5170628
7/19/2021,699.6627808,708.1528987,697.2845932,707.272981,25111600
7/20/2021,686.4161987,691.5768535,683.0867366,685.869204,24174250
7/22/2021,689.0560913,698.473738,687.2962556,692.5758208,13207114
7/23/2021,686.2259521,693.2177997,682.6824763,690.38778,13126684
7/26/2021,682.3258057,686.8205569,679.2579089,680.1616318,13167166
7/27/2021,684.7990723,689.6268044,683.0629838,683.0629838,22401430
7/28/2021,674.1210938,684.2996904,667.7950914,682.5636599,20670342
7/29/2021,674.572876,680.1378114,672.2184936,679.3292509,13702230
7/30/2021,678.4731445,680.9940467,669.6738501,674.9296681,11655488
8/2/2021,676.6657104,682.539822,673.6216188,682.539822,13258786
8/3/2021,682.3970947,684.8704446,670.6488718,670.6488718,12033120
8/4/2021,696.9516602,701.327502,684.918008,685.3936455,22053948
8/5/2021,706.2503052,716.8094921,693.1940795,697.8077399,18822408
8/6/2021,709.9603882,713.4563125,701.0897364,705.6320982,13339270
8/9/2021,715.3112793,716.9522055,702.0409809,709.6511812,10998048
8/10/2021,717.0949097,722.850112,708.2242584,708.2242584,14838346
8/11/2021,711.0542603,722.4220082,709.1993204,720.5432633,12585786
8/12/2021,714.1222534,717.0711831,708.3670505,712.0294365,8597674
8/13/2021,725.9179077,728.2009909,713.9318663,714.0269706,16658428
8/16/2021,728.0107422,730.1035588,723.6586475,725.8941785,6252778
8/17/2021,720.4243164,724.8715152,715.9771176,721.6371571,8282666
8/18/2021,719.6395264,744.5391375,717.4278004,740.4248616,22985932
8/20/2021,720.4719238,722.8739165,706.8211504,706.8211504,13150406
8/23/2021,725.1569824,729.2237066,717.5705869,727.6540795,10843054
8/24/2021,741.4475098,744.1348733,726.5124806,727.7253794,18381314
8/25/2021,740.7578125,744.2775414,736.2868086,738.2369107,7727974
8/26/2021,739.5211792,747.2264832,734.1226473,737.2380961,11119002
8/27/2021,736.5008545,741.3523918,734.9788377,738.1893908,6382138
8/30/2021,745.9185181,746.7508837,737.999142,739.901692,9049166
8/31/2021,752.1731567,753.1006266,743.0408819,743.6592338,12062576
9/1/2021,751.0792236,760.0687847,748.8913026,749.1291213,12422558
9/2/2021,755.7880249,757.2149375,747.3454589,748.7010142,9618524
9/3/2021,749.62854,760.0687604,745.9423492,754.4086623,10735334
9/6/2021,744.7055664,751.9590379,742.9219259,751.4834004,7876896
9/7/2021,746.3942261,752.4586048,739.7114953,743.1836726,7245496
9/8/2021,749.7949219,751.7450239,744.658014,747.6783003,6724080
9/9/2021,746.085022,751.2456776,742.4701883,748.6534763,8250948
9/13/2021,739.8778687,753.4097311,738.9741459,742.945707,8959164
9/14/2021,736.5485229,744.1349184,735.6209949,741.9945495,9758506
9/15/2021,735.7160645,739.5211642,730.1035191,730.1035191,14822998
9/16/2021,741.9707642,744.0398339,730.7219827,731.4116339,10260550
9/17/2021,752.5298462,755.7879513,741.6139313,746.2752018,20498102
9/20/2021,741.9231567,752.3158247,741.043239,743.897064,8781610
9/21/2021,738.1656494,746.1088311,727.2259861,742.9458299,14774996
9/22/2021,729.4852295,737.3095014,727.7253939,736.7625067,10582202
9/23/2021,746.7509155,747.7021906,733.4330648,733.4330648,13664304
9/24/2021,761.7572632,764.8012967,749.1290643,751.0316143,20806702
9/27/2021,772.9584351,777.9050763,764.825046,768.4874313,16415462
9/28/2021,768.1784058,776.2404386,752.4585624,776.2404386,12773790
9/29/2021,758.0948486,764.159227,753.9568254,759.5931184,16263036
9/30/2021,758.617981,764.0402599,752.9816884,754.3610487,15975348
10/1/2021,752.7914429,755.7879823,744.4915918,752.9341573,11128596
10/4/2021,754.2421875,761.6621211,753.2195552,755.7880094,7051028
10/5/2021,758.855896,759.8309762,749.7236784,757.2149697,10257178
10/6/2021,768.1070557,773.7909009,754.836757,759.1174948,18600830
10/7/2021,766.0142822,774.1952249,764.3495508,773.6720352,11265724
10/8/2021,762.2805176,771.4840924,761.0914237,766.727717,7245562
10/11/2021,777.0965576,782.4236743,760.5443497,760.972435,13080848
10/12/2021,775.098877,780.7827801,772.910956,772.910956,8176946
10/13/2021,779.7601929,783.8506641,775.2891884,778.6186512,6225644
10/14/2021,802.5907593,803.8274052,779.0942543,779.0942543,14757288
10/18/2021,794.4572754,820.4746213,792.9114536,810.9618721,28856456
10/19/2021,803.2090454,804.9926861,794.7902847,796.9068484,8987540
10/20/2021,796.145874,807.9892602,791.6748696,803.3993464,10908568
10/21/2021,797.3111572,799.9984626,789.9625231,795.1707885,9738190
10/22/2021,799.4277344,812.3888564,794.6713593,799.1185584,12175554
10/25/2021,788.1314087,803.8274476,767.5838901,803.8274476,16426766
10/26/2021,786.1099243,796.1458645,783.0658325,784.8019211,12090656
10/27/2021,781.3773193,791.9602539,778.761313,786.1098893,13249642
10/28/2021,757.9759521,784.8019203,754.9081133,784.8019203,17797750
10/29/2021,752.862854,761.9713243,741.994548,756.263674,12406874
11/1/2021,763.5408936,766.2520041,753.195778,753.8854292,8122320
11/2/2021,764.2305908,771.4840631,761.0438426,763.8738627,13237722
11/3/2021,752.1968384,765.728759,749.3906238,763.4456759,10207338
11/4/2021,758.142395,759.9973929,756.3112022,758.6418376,1096808
11/8/2021,761.138916,763.2554797,746.9648952,757.2624587,18943580
11/9/2021,747.8210449,758.4515312,746.2990282,758.4515312,12695476
11/10/2021,739.7352295,746.2752452,737.2381326,745.7996077,13714126
11/11/2021,736.4295654,739.5687613,730.3889343,737.2619311,7999404
11/12/2021,738.6650391,741.5426692,734.8837442,737.2381266,14914092
11/15/2021,740.6864624,747.630758,739.3309072,742.9932926,9533594
11/16/2021,736.2868652,740.6627071,733.2427736,739.6163278,8245406
11/17/2021,728.105896,734.3842877,727.0119065,731.0072731,7598878
11/18/2021,732.1964722,734.1465746,725.4661891,725.8467223,9152874
11/22/2021,720.7572632,738.5223119,713.0044069,735.335564,15261272
11/23/2021,720.852478,726.6790377,711.7202027,714.4075663,11235214
11/24/2021,722.041626,730.7457585,720.1390757,724.8716463,30802286
11/25/2021,725.7990723,729.2950546,716.7857642,720.4957602,10251652
11/26/2021,708.6522827,716.6429574,706.3216475,713.4562096,18624936
11/29/2021,714.0508423,717.0949341,695.3820692,710.9830034,12990996
11/30/2021,710.3884277,727.2497543,707.0589652,711.0780789,25221542
12/1/2021,715.6679688,716.8095104,708.2717825,711.0780553,8677634
12/2/2021,725.7039185,727.1546361,713.4562528,715.5966215,11203110
12/3/2021,719.9011841,730.555418,716.8095402,725.7277436,8124694
12/6/2021,715.2636719,722.3982341,712.1957753,719.6395135,7029532
12/7/2021,725.6801147,728.6766542,718.165077,720.0913741,12427534
12/8/2021,739.0456543,739.6402012,729.6280075,730.5792826,15295534
12/9/2021,726.2271118,739.4736047,723.9202815,734.9550484,11747744
12/10/2021,724.1818848,726.7740859,717.4753497,725.2996213,7779384
12/13/2021,718.7595825,731.3639756,716.8807797,725.8227874,10322142
12/14/2021,714.621521,721.0664322,712.053125,714.6453261,9191100
12/15/2021,713.4562988,724.5624236,711.3872872,714.8832114,10115148
12/16/2021,713.5039063,721.5421928,710.6025287,719.5445382,13210432
12/17/2021,700.6378174,716.3100492,698.0931104,712.0293119,14994768
12/20/2021,678.0925903,693.4794513,672.5989542,690.6256264,21156668
12/21/2021,685.774231,690.0311637,680.1616847,684.6802414,9118750
12/22/2021,687.3913574,692.5282661,682.8728007,690.7684304,8577484
12/23/2021,686.868103,693.3843716,683.4197311,691.2201978,9779166
12/24/2021,684.3948364,690.6256763,679.2103759,687.5340324,5561024
12/27/2021,690.0548706,691.5768873,676.4278454,679.6383983,4705098
12/28/2021,694.8112793,697.7126564,691.2915502,694.7636691,5450678
12/29/2021,691.5056152,694.9064352,688.4377764,692.5520526,7668702
12/30/2021,695.144165,697.6888139,687.2961468,693.7172526,7215918
12/31/2021,703.6582031,706.2266575,695.1442794,695.1442794,6325736
1/3/2022,722.8024902,724.3958641,704.1812717,706.3216403,9069184
1/4/2022,727.0357056,729.104717,717.1662277,722.9689818,8857352
1/5/2022,744.3012695,747.702089,726.8215928,730.9596736,14332638
1/6/2022,732.362793,739.497355,727.7491327,733.9086147,9628930
1/7/2022,737.4997559,745.2050602,730.5316548,734.384307,11179384
1/10/2022,741.590271,747.7022017,735.0978071,741.0432762,8856496
1/11/2022,744.8007202,746.1324703,736.1916937,742.7317088,8389198
1/12/2022,740.401123,749.913873,738.1893971,745.799597,21085530
1/13/2022,726.7741699,739.6163837,723.1593362,739.6163837,41963896
1/14/2022,734.9313354,736.6198138,722.4934025,727.7254153,11208968
1/17/2022,723.6824341,740.0919273,722.5646976,727.7253527,22989372
1/18/2022,727.3686523,737.6662159,724.3959179,729.152293,12341152
1/19/2022,722.2317505,732.3628526,719.8060108,729.627937,14317626
1/20/2022,717.7370605,727.0119927,713.5038748,726.9881876,15197846
1/21/2022,723.7299194,727.6301813,706.6069715,713.4561623,11537694
1/24/2022,707.1065063,723.5635524,698.0218416,718.1888253,11868508
1/25/2022,707.7724609,711.0781186,686.8206042,693.7887057,13594248
1/27/2022,701.5415649,706.3217454,682.5398685,689.6744316,28617838
1/28/2022,695.9766235,707.1303005,694.4308015,702.7544584,24925208
1/31/2022,706.6546631,709.4371891,697.6651601,700.4951802,12842546
2/1/2022,712.0293579,721.5421082,700.8280712,717.4991893,14739484
2/2/2022,728.2960815,730.1035272,716.1197737,719.1400601,13969290
2/3/2022,720.7572632,732.4579339,717.7369767,727.1308172,10564762
2/4/2022,724.871521,729.0809011,720.1626983,726.9643375,11579958
2/7/2022,698.307251,722.4934078,694.4307935,719.2114972,12268042
2/8/2022,695.3106689,703.2062398,687.082175,702.2312178,13981130
2/9/2022,712.3147583,713.3135855,697.7602614,701.0897241,11308342
2/10/2022,725.3947754,730.3414172,714.2410987,720.1152105,14314530
2/11/2022,722.4220581,725.3472406,713.2184834,713.5752116,10711104
2/14/2022,700.9469604,713.1946261,698.8542019,708.6998749,14656620
2/15/2022,721.9226074,725.299622,700.6378297,702.0409371,13135066
2/16/2022,720.9475708,729.9846837,716.7857425,729.7944171,10032264
2/17/2022,716.5479126,723.920294,714.4075438,719.6871086,7351208
2/18/2022,719.3303833,721.5421094,708.9139101,712.6477111,7796128
2/21/2022,723.9678955,728.0583668,711.3397535,715.3588676,7468066
2/22/2022,718.5455933,723.9678727,707.7248395,708.6048153,9536196
2/23/2022,713.8843384,725.6801136,711.3872415,725.3947427,9029562
2/24/2022,675.119873,701.5415011,669.2933137,689.6268167,23630766
2/25/2022,692.5758057,697.2370767,681.5172329,684.8942478,18318654
2/28/2022,678.3779907,684.2283553,672.5752364,678.2590813,24880832
3/2/2022,653.6448364,665.1314937,644.2034436,659.4713958,38505560
3/3/2022,652.098999,662.0873863,648.246347,656.8553739,17527922
3/4/2022,649.9586792,659.233611,635.87982,646.8670353,21219364
3/7/2022,630.1246338,633.7156624,616.9256921,627.1280941,27054458
3/8/2022,631.5515137,634.500443,614.5236675,619.3751469,39212492
3/9/2022,652.1703491,653.8588274,627.2944854,632.597855,23134694
3/10/2022,662.4204102,678.7348018,656.4987457,678.7348018,22273206
3/11/2022,664.3704834,670.1494326,652.9075732,660.1848502,15150780
3/14/2022,686.1309204,689.6743967,673.0270836,673.0270836,25018126
3/15/2022,677.3078003,689.4365565,671.4812409,686.5827315,18867928
3/16/2022,688.7944946,692.0526001,683.1105914,688.2474999,13364108
3/17/2022,703.9673462,708.6048121,699.4487897,700.1384409,14823954
3/21/2022,707.0350952,710.4359147,700.5188851,707.2729139,12257876
3/22/2022,710.6737061,712.5048986,693.0988675,704.5617764,10461814
3/23/2022,703.586731,722.3982162,700.8993676,716.7856708,31188256
3/24/2022,686.1784668,699.0206796,682.3258146,697.2845911,20160044
3/25/2022,680.5897217,690.6256615,674.9296237,690.150024,16366462
3/28/2022,681.4934082,683.9666999,666.6534839,680.5896854,15754886
3/29/2022,690.5305176,694.5496311,680.1615973,685.3936096,12377448
3/30/2022,702.4927368,705.2514574,691.6006852,700.1383546,20109742
3/31/2022,699.3535767,706.1789631,697.237013,699.6627526,14295714
4/1/2022,716.3100586,718.2126086,699.3298235,702.2312005,14568556
4/4/2022,788.0362549,819.0953496,743.2074193,751.5072707,97450970
4/5/2022,764.9440308,792.7450202,761.9712963,792.7450202,30922582
4/6/2022,737.642395,756.1685102,735.9776638,755.169625,27027860
4/7/2022,721.4232178,733.1238893,719.9725001,733.1001423,40781732
4/8/2022,720.4243164,725.7038808,712.1720178,719.2114176,41256322
4/11/2022,711.625061,718.2126288,710.2457007,716.3100788,20799066
4/12/2022,710.364624,716.7143732,704.0148749,705.8460677,27435402
4/13/2022,696.7851563,714.5502639,695.6912248,708.6998993,28892520
4/18/2022,663.7283325,680.946445,661.1599364,674.8582617,45620376
4/19/2022,638.4006348,660.922117,631.1709679,656.807841,74096022
4/20/2022,644.1559448,646.8195034,635.1425786,644.227244,49325736
4/21/2022,653.6923828,656.284642,643.6802483,649.2451838,52446270
4/22/2022,644.7741699,654.1680104,641.7063313,646.8669865,20659148
4/25/2022,649.6018677,651.9325029,628.911638,642.1105776,20935488
4/26/2022,652.5983887,657.307153,645.511379,652.5745836,17016842
4/27/2022,652.8363037,655.9041425,645.0120316,646.8670296,18054334
4/28/2022,652.2655029,655.9041416,647.8658559,652.5746789,20773722
4/29/2022,658.567688,668.1517955,652.3606533,656.5462286,28401476
5/2/2022,667.6524048,668.960408,647.8421473,647.8421473,19494316
5/4/2022,644.9644775,667.6048119,642.1106524,665.8925284,29055916
5/5/2022,643.5137939,654.001625,640.445955,654.001625,17862912
5/6/2022,626.6999512,634.9760552,624.5120303,632.5978677,26731268
5/9/2022,627.7700806,630.9330812,616.1883202,618.3286887,32762434
5/10/2022,637.8537598,643.5376053,625.4871835,625.4871835,20113812
5/11/2022,641.4447632,644.488855,631.9558177,643.5375799,17102924
5/12/2022,626.9856567,638.4133907,622.1498974,635.6706993,22382290
5/13/2022,621.355957,634.1790892,619.2628891,630.3538291,16768238
5/16/2022,627.9719849,631.2920539,618.4448992,625.0368735,9804356
5/17/2022,632.2544556,633.6979589,624.6519812,631.5808089,16641444
5/18/2022,632.2063599,641.5410266,630.3297938,637.0902246,15732384
5/19/2022,619.2869873,623.7858941,615.0767694,618.8779477,20537506
5/20/2022,635.5984497,637.1622447,621.8370652,626.961513,13919350
5/23/2022,627.442749,639.9290287,625.0850153,632.2544265,19486320
5/24/2022,634.6361694,637.5472578,624.026456,625.5180642,12870796
5/25/2022,639.3757935,642.8160962,636.6812068,639.9531713,12887112
5/26/2022,657.6119385,659.6809833,644.7647831,645.7993055,26992428
5/27/2022,669.8095093,671.0845567,659.5606139,660.0658635,24031718
5/30/2022,674.3807373,683.4988434,672.8890702,678.5668736,12624674
5/31/2022,668.3179321,675.9444881,664.0115042,671.6620833,13485388
6/1/2022,671.1568604,673.8513881,663.6025498,664.0115306,12091896
6/2/2022,666.4654541,667.8608524,663.3378637,667.4999765,11475020
6/3/2022,664.1558838,673.995741,662.2312127,672.8169035,6957244
6/6/2022,663.265686,667.3796939,654.700935,662.2312223,6173266
6/7/2022,655.6391602,661.268858,651.5492343,655.3504713,10253966
6/8/2022,657.9487915,664.4926611,652.9446352,660.787693,5986588
6/9/2022,662.9048462,664.9979731,653.0168833,655.4708273,7311816
6/10/2022,650.1057739,658.2134392,646.4970156,654.4362839,9155430
6/13/2022,638.3171997,639.953182,629.5118641,636.8736963,10892572
6/14/2022,631.2921143,638.028463,627.9239399,630.9312384,11870356
6/15/2022,629.1027832,633.1205811,624.7482501,626.3120454,11810470
6/16/2022,616.5203247,635.4061608,614.9324475,630.3298171,12169192
6/17/2022,620.5861816,625.0369839,611.8529742,613.4889565,14723922
6/20/2022,636.1759644,637.5472807,622.7032671,627.7795517,15936840
6/21/2022,643.1047974,651.5011513,637.0902003,643.2731943,13220684
6/22/2022,640.0734253,643.2972259,636.681169,641.0357608,8159698
6/23/2022,642.4312134,648.614208,634.4197576,640.1937713,15372244
6/24/2022,651.4049072,655.1820622,644.0670992,644.0670992,8013432
6/27/2022,652.5838013,662.0868649,650.5388382,659.1998582,9804164
6/28/2022,647.6036987,650.0576426,643.9949405,646.6894682,9770574
6/29/2022,646.6654053,649.9373696,640.554598,640.554598,9994046
6/30/2022,648.6141357,651.5011423,642.8401227,642.8401227,12475822
7/1/2022,651.3808594,654.3881579,639.9772069,646.6653918,11472452
7/4/2022,652.2950439,654.4843219,645.8473846,651.3567316,8487480
7/5/2022,650.8275146,663.6987525,648.7585285,656.312839,14325718
7/6/2022,659.8012695,660.8357919,648.1810568,648.6141195,15049078
7/7/2022,671.6139526,672.6724982,661.3409744,664.0114789,17743142
7/8/2022,672.2394409,678.4465165,671.1087085,678.4465165,12474030
7/11/2022,676.5940552,678.3984343,670.3869793,670.7478552,7462880
7/12/2022,669.6893311,676.1610141,668.5345167,676.1610141,9876974
7/13/2022,653.3535767,670.8440115,651.6213846,668.8231306,15945610
7/14/2022,650.0817261,660.4749379,649.2156006,655.3504896,10372410
7/15/2022,655.3745728,656.7458891,648.0367644,651.019981,13595646
7/18/2022,648.397644,657.3232708,645.7512213,648.614146,20332220
7/19/2022,648.6381836,653.6904448,643.3212567,643.3212567,15792538
7/20/2022,656.8179932,659.7290225,652.1025262,654.3399678,20347862
7/21/2022,654.7490845,658.9593027,653.4739781,654.6528744,12640278
7/22/2022,670.026062,672.1913168,655.5429251,657.2751172,12729592
7/25/2022,671.9989014,675.8482436,665.5994052,671.2290447,10143126
7/26/2022,670.6275635,674.5971975,667.0428872,671.7101909,8527964
7/27/2022,675.7520752,676.5219319,666.0565322,668.2939742,9212778
7/28/2022,681.7424927,685.1828537,678.9276732,680.876426,17420406
7/29/2022,690.0907593,692.2079091,680.9967358,691.9192202,20019736
8/1/2022,695.8407593,696.9474099,688.0939702,692.4003981,13193036
8/2/2022,688.1901855,695.0949311,684.7258012,693.8439067,15036510
8/3/2022,689.802063,690.8365854,681.8146902,685.6399503,10975498
8/4/2022,688.9841309,696.1053785,679.8659665,692.881578,12012206
8/5/2022,686.6504517,691.4139653,683.8115502,689.5133762,9268982
8/8/2022,703.491333,704.6701705,686.6744849,687.1075476,15357736
8/10/2022,705.536377,708.038426,697.2362323,703.1545611,17353102
8/11/2022,714.8709106,717.4211232,709.5059372,715.2558683,18301766
8/12/2022,714.6063232,716.6031812,710.1795445,714.5341363,8850370
8/16/2022,722.7861328,725.8415362,716.0016794,719.2495617,12563756
8/17/2022,726.5151978,727.8865141,714.8949848,721.7516253,12384350
8/18/2022,727.3812256,728.4398298,721.5831897,721.7515867,8342138
8/19/2022,718.4075317,727.5256371,716.9399466,726.5633016,8063702
8/22/2022,707.4850464,716.1460666,706.20994,714.4379562,8234066
8/23/2022,705.2957153,710.179521,697.8857202,699.2811184,14966884
8/24/2022,708.6879272,709.9630336,702.1199755,703.4191637,13455520
8/25/2022,704.838562,715.4002293,701.0614069,712.0801601,11823040
8/26/2022,704.9588623,712.994399,703.0822963,708.3030134,7706176
8/29/2022,692.5929565,695.7686523,687.3963207,691.4381421,8653178
8/30/2022,715.0634155,716.9158997,694.3732013,695.9851016,10135400
9/1/2022,708.3511353,716.6753023,702.0237674,704.7904821,22403136
9/2/2022,714.7746582,717.1804968,705.0069299,708.3510808,12038086
9/5/2022,719.369873,721.2704622,714.1010509,715.0633864,12131932
9/6/2022,716.6271973,724.9514231,715.231799,721.2223729,12238696
9/7/2022,713.2349854,716.9399536,707.9421401,707.9421401,9776206
9/8/2022,720.5968018,721.7516161,713.1627836,716.9880437,11164690
9/9/2022,721.078064,726.0822209,718.8887857,719.9232495,15128888
9/12/2022,718.6480713,723.6762505,716.9399024,721.7515796,11080492
9/13/2022,728.0549316,729.4022249,721.0539759,721.2223729,13001966
9/14/2022,735.5371094,740.4690789,718.0706962,718.8887166,20219760
9/15/2022,731.711792,741.4554392,727.525656,736.1866757,13539372
9/16/2022,718.2631836,728.8247926,713.5717979,723.2432582,20560046
9/19/2022,723.0026245,728.4879484,712.1282455,716.4587551,12076038
9/20/2022,731.711792,733.2996691,726.5152154,728.4879915,10781668
9/21/2022,730.5810547,732.0967449,724.1574769,725.6009801,9072304
9/22/2022,715.0153198,726.6355334,713.4515245,722.7140043,12048144
9/23/2022,695.8407593,709.7224372,691.4380626,708.4473309,15806252
9/26/2022,686.4579468,691.1733552,682.2958342,685.8324052,8923486
9/27/2022,680.2990723,692.8816218,677.0030846,689.2247583,12639700
9/28/2022,668.6066284,678.7351737,666.8503545,676.5218139,11816132
9/29/2022,665.1422119,674.6933798,663.4341017,671.8545371,14410388
9/30/2022,683.9078369,688.7676199,656.7940433,663.4341824,15781756
10/3/2022,679.9862061,682.2236477,674.1640883,678.4224109,11541112
10/4/2022,699.1367188,701.5425574,686.2173768,687.829277,11538526
10/6/2022,691.4381104,703.755994,690.0908171,702.4808876,12549198
10/7/2022,688.454834,690.4516331,683.4265958,688.1901682,13297994
10/10/2022,680.852356,686.1452011,672.7687144,677.4841818,13109302
10/11/2022,673.9476318,681.8147129,673.3701953,674.1641338,14521620
10/12/2022,678.3503418,680.7802038,672.3357447,675.1745875,9225050
10/13/2022,670.5553589,676.6421426,665.9361603,674.6212616,14714234
10/14/2022,692.4003906,696.2497326,680.9726566,681.8147001,12849920
10/17/2022,696.0332031,701.3500713,686.6263505,690.4756924,18410500
10/18/2022,694.7340088,703.9002775,692.8815248,701.5666257,10561108
10/19/2022,701.8553467,710.8772419,699.329216,704.4295824,12967040
10/20/2022,697.1159058,699.0886819,694.0845252,694.8062769,7898078
10/21/2022,692.2079468,701.3742164,689.9945868,698.6556067,10492606
10/24/2022,703.0101318,703.9483854,699.7622497,699.7622497,2167794
10/25/2022,698.1262817,706.2580282,695.2873803,703.0341692,13773394
10/27/2022,699.8104248,706.041524,698.2947346,704.6702076,15937276
10/28/2022,701.8793335,705.8730491,696.4421735,697.6931978,10474278
10/31/2022,720.1636963,720.7892378,705.9933306,708.2788772,12830528
11/1/2022,728.1270752,735.705467,721.2223299,723.4356898,19073756
11/2/2022,728.5841675,735.3445977,727.3331431,729.9314606,12720406
11/3/2022,725.3844604,731.4952673,720.3081172,720.6449112,10332352
11/4/2022,720.3803101,729.4984154,716.74747,723.2913397,10818060
11/7/2022,725.9859009,727.5256141,717.9503645,726.5632787,9835834
11/9/2022,725.7693481,730.3885467,723.6762802,728.9932072,9269790
11/10/2022,733.6605225,734.7431499,719.3698639,720.3562225,12774182
11/11/2022,775.2333984,787.6715725,740.0359673,743.4041414,56722338
11/14/2022,777.1100464,783.3411456,768.9061122,775.6424612,19195390
11/15/2022,779.0106201,781.0074781,772.3945633,781.0074781,11030202
11/16/2022,785.6988525,790.0774674,775.6424345,778.8422119,13578150
11/17/2022,778.6016235,785.0492833,776.5566606,778.5775417,12100930
11/18/2022,776.5567017,780.9353168,772.3945886,779.9729812,10459232
11/21/2022,768.5933228,775.6424423,765.1529615,773.5493743,8344816
11/22/2022,767.4625244,771.9614309,765.5378535,769.868363,8546314
11/23/2022,769.4594116,772.2742312,766.981386,772.2742312,10185738
11/24/2022,781.9697876,785.265775,769.459426,772.7313315,17197960
11/25/2022,778.3610229,785.1213946,776.6528539,784.1590591,8410496
11/28/2022,769.9886475,773.4530316,767.0054311,771.2637537,16105980
11/29/2022,768.8339233,775.8108561,766.4280844,768.5452344,12638236
11/30/2022,773.9342041,776.0754357,768.4729622,768.4729622,15184806
12/1/2022,779.2511597,787.6715952,777.0859048,780.454079,20446366
12/2/2022,773.284729,778.8181585,772.3464753,774.6801273,7811078
12/5/2022,776.0994873,776.8934258,768.0399276,774.6559841,11592622
12/6/2022,775.2333984,776.4603409,769.8683665,770.3495342,12353092
12/7/2022,774.8966064,778.8181355,772.0095998,776.6769624,11674720
12/8/2022,779.2511597,782.37875,772.2742274,774.6800661,14803634
12/9/2022,784.8087158,786.6371181,779.4917885,782.3787951,11963384
12/12/2022,790.9194946,795.6589853,780.1654071,781.8975993,14434808
12/13/2022,793.1088257,797.2949616,791.5209486,793.9267874,17031702
12/14/2022,799.821106,801.3849012,793.9268009,795.3703042,14227640
12/15/2022,785.1695557,803.2614513,782.8840089,797.3190413,18182648
12/16/2022,788.9467163,791.5690571,774.198913,779.5158401,14647958
12/19/2022,791.4006958,792.3149263,782.4750101,791.03982,9604542
12/20/2022,785.9394531,787.3829564,779.5880033,779.5880033,7174698
12/21/2022,778.3369141,791.4247117,773.0200458,789.5962508,9269198
12/22/2022,775.6665039,783.1005222,774.1989188,780.5503096,9747096
12/23/2022,768.7376709,771.8652613,762.8673891,763.6132226,10693152
12/26/2022,784.0388184,788.6339942,765.0567729,769.6278668,9907322
12/27/2022,784.8327637,787.1664157,776.3642224,785.7469942,7926772
12/28/2022,784.2072144,785.7469276,780.9833552,780.9833552,8691870
12/29/2022,789.7406616,790.7992072,775.1612551,779.5398699,11012896
12/30/2022,783.413208,791.5208721,779.4916795,791.5208721,7122640
1/2/2023,783.6778564,788.9947833,778.794051,782.8598948,4381378
1/3/2023,788.8023682,790.5586423,780.5503292,780.5503292,8378030
1/4/2023,774.7041626,791.8818278,773.2365775,786.7092745,10351600
1/5/2023,769.7240601,778.5535356,764.7680673,777.0859505,10941436
1/6/2023,767.1738892,774.2470317,759.3789362,770.8307524,9092462
1/9/2023,768.6655273,775.4259581,765.056769,767.9437757,10729340
1/10/2023,754.6154175,769.8684119,753.0275404,769.8684119,16371766
1/11/2023,765.4897461,768.9060252,750.6216516,754.4469116,15195798
1/12/2023,769.5797119,771.7449668,762.2419037,763.9981778,9250070
1/13/2023,770.1812134,774.6320153,763.1320937,769.2669829,9244546
1/16/2023,762.7952271,780.1172654,760.3893884,777.0858852,14748094
1/17/2023,774.1507568,775.1611973,759.0420787,764.9604651,10786354
1/18/2023,787.815979,789.8849651,769.7240247,772.2742372,19090642
1/19/2023,791.0878906,793.9267921,785.7469403,787.6716113,11172162
1/20/2023,799.1955566,803.0689806,790.7510978,791.0878917,18843404
1/23/2023,805.0418091,809.612903,799.4121695,801.7458215,15444400
1/24/2023,815.8199463,819.1400156,805.9560071,805.980089,24983940
1/25/2023,793.2772217,814.5929177,791.6653215,813.847143,14704142
1/27/2023,777.4708862,787.6716192,765.0326527,785.2657804,35179948
1/30/2023,776.6769409,782.0419731,761.2073859,767.4625667,18512822
1/31/2023,771.5524902,780.7908876,767.4625643,779.3473843,18596244
2/1/2023,783.1246338,801.1443434,772.7554448,781.4164647,17302790
2/2/2023,771.4803467,781.657057,764.4553089,773.7658936,17497106
2/3/2023,798.1610718,798.9790334,773.2365593,775.1612303,14411100
2/6/2023,794.7688599,803.2614827,792.0983553,798.7384939,11167672
2/7/2023,795.9476318,801.0961618,785.5544207,798.4497393,10264588
2/8/2023,795.8514404,802.6839988,793.9267695,795.9717324,8444826
2/9/2023,794.1914673,799.5324177,786.9739509,798.7384791,11777336
2/10/2023,797.3430786,798.0167252,790.1736673,793.3494215,8172116
2/13/2023,797.944519,799.5805011,791.3044394,796.3326188,5736944
2/14/2023,805.3304443,807.1589053,797.7520522,801.1443084,10908592
2/15/2023,803.694519,807.3994872,797.1746725,807.3994872,11438712
2/16/2023,800.7835083,809.2761317,799.219713,805.0899366,8062500
2/17/2023,796.7657471,802.6600524,790.534589,799.219691,8956270
2/20/2023,789.2835083,803.2854781,786.6130625,798.7384664,8086706
2/21/2023,792.2426758,799.8691726,786.2280791,789.1150855,12389296
2/22/2023,776.7009888,790.0533944,774.2230217,788.6339729,10359102
2/23/2023,771.432251,778.9384567,766.0672184,776.1236369,27882010
2/24/2023,764.5515137,778.481356,762.7471345,778.481356,17061740
2/27/2023,766.4521484,769.3872601,758.945943,763.0839741,14312972
2/28/2023,769.6759033,772.4185947,764.4311632,766.0190403,18993992
3/1/2023,768.9302368,776.123672,767.8235274,775.6425042,14137256
3/2/2023,762.3862305,772.7313373,761.207393,766.9814061,17391814
3/3/2023,777.5189819,779.491758,764.0943899,767.9437319,14986234
3/6/2023,783.0042725,788.8504134,778.5534709,779.4917245,27004710
3/8/2023,784.5681152,788.8745432,779.4917719,779.4917719,20099774
3/9/2023,784.6402588,791.9780673,782.8599615,784.279383,20700166
3/10/2023,764.4072266,776.4845264,762.6509524,774.8966492,27387000
3/13/2023,754.7357178,771.6968814,753.0034668,764.0463022,26443550
3/14/2023,752.7147217,761.9772004,750.2848599,755.553623,33185612
3/15/2023,741.9125977,761.6404763,739.362385,759.2827424,37264754
3/16/2023,746.7242432,750.1886275,737.1730751,740.5171674,21753342
3/17/2023,756.7084961,759.8601097,740.9983568,749.4187927,22950876
3/20/2023,751.4636841,754.5190873,743.5966036,754.4469004,26503114
3/21/2023,759.9804077,761.4479929,748.7932571,756.3716495,33050494
3/22/2023,758.2241821,763.1561517,753.1719206,762.1697343,14177324
3/23/2023,752.1374512,765.2251917,749.9240911,754.3508113,28364178
3/24/2023,750.9344482,757.3099208,748.1917569,750.6216775,31477748
3/27/2023,754.2063599,759.9803728,750.0924109,751.6802292,31872006
3/28/2023,760.3412476,761.6404357,752.5944586,753.3643153,39276302
3/29/2023,763.9981689,770.8307274,761.1592675,762.169708,39763612
3/31/2023,774.463562,776.0994853,766.2115235,767.7512368,34711228
4/3/2023,774.9447632,777.4227302,771.1916311,773.5012599,40025398
4/5/2023,795.7311401,796.8137675,777.5670582,778.8180825,43365392
4/6/2023,801.7938843,803.1652006,792.5314049,793.2291334,44637344
4/10/2023,797.9926758,804.0313549,795.8515027,800.3023046,31813286
4/11/2023,800.326355,803.2614666,794.4560731,798.2573101,42361542
4/12/2023,810.7196045,812.3074229,802.4916472,802.5878573,26955504
4/13/2023,814.352356,816.5657747,807.4716922,812.3555567,35330086
4/17/2023,801.9382935,827.6085828,795.5147153,827.6085828,32405148
4/18/2023,798.5460205,807.0386434,797.0063071,803.5501771,29637226
4/19/2023,801.4811401,803.6945589,797.3671909,801.1443462,24741168
4/20/2023,804.4644165,807.1348624,801.8179937,804.3681477,32922716
4/21/2023,805.7635498,806.8942823,800.3023073,803.069022,20128618
4/24/2023,812.2833252,813.8711435,805.522895,811.7299706,35675852
4/25/2023,800.7352905,812.0667553,799.6526631,812.0667553,50353068
4/26/2023,804.4162598,805.9559731,796.3326182,798.7384569,27392750
4/27/2023,808.8429565,810.8879194,801.5532537,803.7906954,47790392
4/28/2023,812.0186768,813.6546588,803.5501362,810.6232785,27916272
5/2/2023,811.8502197,817.5039403,809.3240892,812.5478894,32221184
5/3/2023,814.689209,816.0605254,808.1934442,810.7435981,29407270
5/4/2023,831.3616943,834.561413,811.7781309,811.7781309,56854638
5/5/2023,782.2103271,799.1955127,780.5021582,788.6339046,62770416
5/8/2023,791.2562866,794.0951881,784.3034361,786.7092749,37244524
5/9/2023,791.2803345,796.8137634,789.0909978,793.878652,43688938
5/10/2023,794.9371948,796.164196,785.795008,791.2803318,46340550
5/11/2023,795.4665527,812.211215,793.5659635,801.216543,35734618
5/12/2023,802.4916382,804.8974771,791.1601136,792.483325,22478760
5/15/2023,806.3410034,808.7227605,801.1924728,804.5125423,18512260
5/16/2023,801.7174072,813.6412073,800.1113206,813.6412073,32722086
5/17/2023,797.4102173,803.0314613,791.0346461,803.0314613,30466868
5/18/2023,800.5980225,804.953836,798.1645938,802.0580796,49646942
5/19/2023,801.5227661,803.03148,794.0521518,802.0581086,30460332
5/22/2023,798.6757202,804.4429348,794.6118464,800.5981053,28334032
5/23/2023,796.8018799,802.836795,794.9768083,802.5447955,22470074
5/24/2023,786.3868408,795.6095118,785.3160965,792.1053983,33588112
5/25/2023,783.3693237,788.4552252,777.4074237,786.3380947,29776930
5/26/2023,786.3868408,787.9442114,779.7922253,787.9442114,26635066
5/29/2023,795.9744873,798.6512587,790.7912726,792.5676873,21816292
5/30/2023,796.5828857,799.4543435,792.5920864,795.0498138,37125928
5/31/2023,783.9777222,795.7068368,780.9602943,793.2491094,43334270
6/1/2023,780.6439209,788.382236,778.697178,788.382236,50366938
6/2/2023,781.8606567,785.9001722,779.1838851,784.7564132,17859710
6/5/2023,780.838623,786.7275087,779.8895502,785.7541372,18697242
6/6/2023,778.4051514,783.4909934,774.9253366,782.4203086,32182852
6/7/2023,782.4445801,784.8050533,776.7503811,780.3761658,24949026
6/8/2023,782.9312744,791.3509609,780.2788611,780.2788611,37395522
6/9/2023,783.8560181,787.7008472,782.1039613,786.4354762,18212578
6/12/2023,779.0864868,786.3867723,778.4294136,784.8050438,13408292
6/13/2023,780.4005737,783.0773453,773.878973,773.878973,27926108
6/14/2023,779.5488892,784.537418,778.7945025,783.7830314,20113968
6/15/2023,769.9611816,781.592923,768.4767664,780.6439096,35377476
6/16/2023,780.0355835,783.1746828,770.9102257,772.4432977,15779272
6/19/2023,780.71698,785.6324943,777.8941788,784.0507656,24829146
6/20/2023,782.34729,784.05069,774.1466476,780.7169048,20005626
6/21/2023,796.0231323,796.8261756,784.0506758,786.4841043,24308946
6/22/2023,799.916626,806.7059273,797.7022416,798.1645693,56596140
6/23/2023,799.867981,807.8496386,795.2688247,796.9722247,21339218
6/26/2023,795.9989014,803.396501,792.6650565,800.5980579,16130314
6/27/2023,807.21698,814.17661,797.4589663,799.600336,33831864
6/28/2023,815.7583618,817.5834334,808.1417177,812.7652325,59562950
6/30/2023,828.0471191,831.6486055,819.2137612,829.3124902,40699016
7/3/2023,837.0021973,855.3502267,832.232653,833.4493674,44104116
7/4/2023,841.090271,850.2399867,834.0820439,838.7785137,38795188
7/5/2023,814.3712769,837.0994773,812.0595196,835.2744057,37165754
7/6/2023,815.1986084,821.4525082,808.0930085,814.2252369,52156544
7/7/2023,808.0930176,815.1986175,806.0976179,810.3317601,19926336
7/10/2023,806.1705933,816.0503378,802.8854644,808.3850372,38398442
7/11/2023,802.2527466,815.6852605,800.8413461,809.3583462,50670426
7/12/2023,794.7335205,810.9645388,791.9107786,805.6352939,70958358
7/13/2023,798.6999512,806.6572511,797.2155953,806.2922368,41913546
7/14/2023,800.3546753,804.7835035,795.7311609,804.7835035,24727214
7/17/2023,817.0966797,818.6053936,794.7577929,803.0314503,49252928
7/18/2023,816.4152832,829.3124546,812.7651404,826.3923403,81076818
7/19/2023,820.1141357,821.8905506,815.1986216,818.1673928,32935134
7/20/2023,821.890564,823.4722927,817.6320636,818.1917641,56210948
7/21/2023,815.5635986,822.4015568,814.3468843,817.632013,42154248
7/24/2023,816.8533325,819.8951183,812.8138172,816.9019892,32179444
7/25/2023,825.7109985,826.8790562,816.853342,819.8951278,55992596
7/26/2023,822.8395386,827.1710534,821.5255109,827.1710534,24794358
7/27/2023,814.2982178,828.8257745,811.5240735,827.3170607,59741302
7/28/2023,799.867981,812.2298101,798.6999233,808.6283239,41015684
7/31/2023,803.6154175,806.340905,797.5318461,803.0557764,34565006
8/1/2023,808.9933472,811.5240892,803.031447,805.1971747,35394188
8/2/2023,798.40802,803.7615636,794.8308914,799.1380487,28116322
8/3/2023,792.6407471,803.6884897,789.8909607,798.1646184,57673946
8/4/2023,804.1021729,806.1949453,792.9327586,795.8042165,37388304
8/7/2023,803.6397705,809.4069842,801.8390572,809.4069842,28300918
8/8/2023,802.9828491,805.7569342,799.1623778,803.8588478,43773828
8/9/2023,803.2748413,805.2215843,793.8331257,804.4915557,33361236
8/10/2023,796.1448364,805.0998657,793.7844225,801.5957522,50781118
8/11/2023,787.8468628,797.385891,786.5814324,797.385891,28225822
8/14/2023,784.0020752,785.9974749,778.8188602,784.0507319,31304410
8/16/2023,781.7145996,783.393701,769.5961724,770.4721711,34137542
8/17/2023,777.3831177,783.5153458,775.777031,777.5290877,52884040
8/18/2023,774.1953125,776.896442,771.6402125,772.637942,25633366
8/21/2023,773.5870361,778.9405796,772.3703217,778.9405796,21837270
8/22/2023,770.2774658,777.7237811,768.9634381,776.9207378,32273570
8/23/2023,772.1755981,774.0980425,765.6783553,768.9634841,36498588
8/24/2023,768.6228027,776.8477441,767.0897308,775.436403,43145792
8/25/2023,759.9598389,767.7468113,758.4511248,766.311112,30069756
8/28/2023,767.8684082,770.2531802,759.9597651,759.9597651,28867238
8/29/2023,773.9763184,775.1200179,769.6691022,773.6842594,35538932
8/30/2023,768.3307495,780.6195644,765.8973208,780.6195644,28084204
8/31/2023,764.8023071,770.4965661,760.738493,768.4768083,100075772
9/1/2023,766.3839722,768.4767445,758.9133583,764.5832588,43226776
9/4/2023,771.1779175,774.5360016,766.4813882,773.830331,25073638
9/5/2023,766.4813843,773.0516418,764.3886118,773.0516418,38712082
9/6/2023,776.5070801,778.6971659,766.4813659,767.4060807,56320910
9/7/2023,783.9777222,785.5107942,772.4432938,776.5071078,34208342
9/8/2023,790.0856934,794.7092082,782.3960344,782.7367501,34502210
9/11/2023,794.1738281,796.4612274,790.3776555,792.7624276,31573022
9/12/2023,796.6559448,799.5760594,790.8887304,798.1646588,39033340
9/13/2023,800.0626831,803.8101395,792.6163677,793.9304548,46420094
9/14/2023,799.5759888,803.0314455,795.7798164,800.2330026,23538848
9/15/2023,808.75,812.7651572,803.0314428,803.0314428,173411202
9/18/2023,792.8353882,805.4648587,791.3996297,804.8565016,37056288
9/20/2023,761.0304565,778.2104867,759.4244293,778.2104867,115474648
9/21/2023,755.9932861,763.5855718,748.0603442,755.822958,72841442
9/22/2023,744.4588623,761.371192,741.5874045,758.743077,61704250
9/25/2023,745.1158447,749.8366725,742.1957304,742.1957304,40208754
9/26/2023,748.352356,749.4960556,742.1957693,742.1957693,27575308
9/27/2023,743.0961304,745.8459168,737.3289161,741.2224021,39338538
9/28/2023,741.5630493,748.3279931,738.9592925,746.5759363,55354188
9/29/2023,742.8284302,747.2815569,740.8816873,741.5629998,32053782
10/3/2023,733.9464722,743.1691434,732.9487426,743.1691434,38971694
10/4/2023,744.4102173,747.0626309,724.7967577,727.5952008,54649430
10/5/2023,747.4276123,755.1172706,745.8945404,747.0869561,48512674
10/6/2023,746.6003418,751.9295273,744.5562259,751.4428415,17759356
10/9/2023,737.9372559,744.6291848,735.8688415,743.6558133,16454972
10/10/2023,742.1227417,744.1424994,737.4262124,740.0300287,33266292
10/11/2023,749.3013306,750.5424029,743.8991309,744.6778162,31333360
10/12/2023,754.289856,755.3362421,745.4078415,747.5979273,22025336
10/13/2023,747.4276123,753.7788849,744.6048113,749.4960267,39745300
10/16/2023,744.4344482,746.794862,740.0056202,745.359163,17856084
10/17/2023,750.0800171,757.1613182,747.0625894,757.1613182,32902558
10/18/2023,739.640625,750.08001,738.8375817,750.08001,31216200
10/19/2023,737.3045044,742.8040768,731.5859472,732.6566914,30252364
10/20/2023,741.125061,743.1691174,732.4620312,732.4620312,21094010
10/23/2023,732.9730225,744.0207641,730.0772069,741.4656642,22376136
10/25/2023,728.3251953,741.1250538,725.8674086,740.2489957,28311996
10/26/2023,712.2158813,726.1350808,710.6828095,725.7700665,55561798
10/27/2023,715.0143433,719.3215,713.9193004,715.1846714,31940532
10/30/2023,722.7769775,725.1373915,711.4858922,712.142906,23310982
10/31/2023,718.5914917,731.9753495,717.3747774,731.9753495,32634824
11/1/2023,717.6181641,719.0538633,711.6562634,711.6562634,33877466
11/2/2023,718.7131348,725.4050634,714.0409638,722.7282919,45225154
11/3/2023,722.1199951,725.8431531,721.0979669,724.1884096,18095340
11/6/2023,727.3518066,729.0552067,721.7549209,729.0552067,25593730
11/7/2023,723.8233032,727.1084317,718.9320882,727.1084317,41952848
11/8/2023,725.9161377,726.8407931,720.7815794,722.2172786,31399546
11/9/2023,723.0446777,726.4271198,721.9982915,723.2150059,22116740
11/10/2023,725.8917847,728.0818705,720.3192567,720.3435553,14015186
11/13/2023,724.5777588,728.0575143,723.1663583,726.1837861,20605914
11/15/2023,732.1700439,735.3577999,730.2963157,732.0240145,41245460
11/16/2023,734.0924072,739.2756221,731.8536648,734.7494211,29713838
11/17/2023,732.5106812,733.6787388,724.6750528,725.1617385,23701874
11/20/2023,732.5593262,736.3554986,730.7829708,736.3554986,19331452
11/21/2023,738.7646484,740.7357496,735.9175485,739.2756923,24959972
11/22/2023,736.1365356,739.7623206,731.756364,739.7623206,29123650
11/23/2023,740.3950195,741.6360325,734.1654185,734.1654185,13046220
11/24/2023,745.6511841,746.1622279,739.689284,740.3462978,16469192
11/28/2023,743.972168,748.1576534,742.5851255,747.1599239,28489338
11/29/2023,758.81604,760.6897681,746.0891968,746.5272258,34042488
11/30/2023,758.645752,765.2889647,750.5424225,763.6829375,69491440
12/1/2023,756.9909668,762.028152,755.3848802,758.2076811,22153536
12/4/2023,783.2720337,784.5374047,765.8730187,772.8569471,50662456
12/5/2023,790.2316284,797.6779442,786.7275148,796.4612298,52230820
12/6/2023,792.2270508,797.4102062,786.800493,797.4102062,38613060
12/7/2023,793.5167236,795.2444817,786.581452,790.8643102,20450386
12/8/2023,804.5888672,805.4649253,793.5167663,793.5167663,33728038
12/11/2023,803.5181885,809.6990739,801.5714454,803.0558608,23187620
12/12/2023,795.536499,806.0732572,794.1981132,805.0755276,36581476
12/13/2023,793.7357788,796.2178642,786.0461204,794.4901061,29346914
12/14/2023,803.1044922,807.3872911,800.5980487,801.0847345,35172366
12/15/2023,806.2192993,811.7918274,801.3767405,803.0314839,138837130
12/18/2023,805.805542,810.1857136,803.4937848,808.2389707,18014754
12/19/2023,804.4428101,807.2412528,800.1356535,803.0314096,24008446
12/20/2023,806.4382935,812.2541644,800.3303635,806.9249792,34232520
12/21/2023,820.8927612,822.3771764,803.1530909,806.4382194,36589240
12/22/2023,813.178833,820.5034769,811.3537615,819.384076,48578850
12/26/2023,818.8244019,820.527802,812.0595176,814.3469168,18045856
12/27/2023,828.9718628,830.5292334,816.9506891,818.3620897,27009078
12/28/2023,829.9208374,837.7808238,828.3391088,831.8919384,44076470
12/29/2023,831.8676147,834.6174011,825.4190286,825.9057143,25011426
1/1/2024,826.44104,831.8189412,823.4722689,830.2858693,14239686
1/2/2024,826.9277344,828.7285073,821.8661908,826.7817643,29242092
1/3/2024,814.1765747,829.6531454,812.2541304,828.3391177,28389762
1/4/2024,822.9125366,824.9079362,813.1058075,816.658637,26734056
1/5/2024,818.7026978,829.7504993,811.840441,821.1118277,31889470
1/8/2024,809.5773926,818.7757652,807.8983505,816.9020369,17998470
1/9/2024,803.2748413,816.5613862,801.4497697,811.378171,25326888
1/10/2024,805.9271851,807.8739279,798.8459436,799.6246288,16115824
1/11/2024,802.5447998,809.3097436,799.6246853,807.898343,18314010
1/12/2024,798.7485962,805.9515688,795.0497965,804.0048258,19773552
1/15/2024,814.1279297,818.0700723,799.9166704,801.9120701,28320356
1/16/2024,817.2183228,819.4084085,806.9735648,814.2251938,25322500
1/17/2024,748.2792969,777.1397839,743.8504687,764.0965828,170145236
1/18/2024,723.2879639,737.3288344,720.319193,727.1084347,161070930
1/19/2024,715.7443848,735.0171279,714.6493419,732.9243555,109600538
1/23/2024,694.6708984,717.715457,693.5271988,712.9946289,115469402
1/24/2024,708.5657959,709.8068089,671.748007,671.748007,86004404
1/25/2024,698.3453979,709.2714693,690.8017688,706.9110553,98941852
1/29/2024,707.9573975,711.923898,703.6502407,704.7452836,65645498
1/30/2024,702.9202271,712.1185399,701.2654837,707.9087558,41728768
1/31/2024,711.8022461,717.8371017,699.2700884,700.5841161,65761040
2/1/2024,713.6516113,717.1800829,708.6387839,713.0189555,32690740
2/2/2024,703.8206177,720.7085896,701.825218,717.8614898,44867754
2/5/2024,703.1878662,706.6190244,697.931696,703.7475667,38605046
2/6/2024,702.822876,705.5483043,697.2259899,703.528606,41075740
2/7/2024,695.9362793,707.5437822,694.3302519,707.1544098,54837086
2/8/2024,682.8444824,700.3164538,681.60341,695.8876252,69106124
2/9/2024,683.1121216,688.2709788,675.0331498,677.5395934,56642124
2/12/2024,676.4931641,688.0032934,673.2566921,681.1896932,34447812
2/13/2024,678.6589355,683.4771365,673.7434212,677.4422211,57580994
2/14/2024,673.5974731,677.2232584,663.6204147,669.6796289,91320810
2/15/2024,688.197998,688.9036686,673.7433958,674.0597535,41584944
2/16/2024,691.045105,694.8412182,685.4725175,692.991848,32175742
2/19/2024,689.682373,695.4739454,688.7576582,695.4739454,34451756
2/20/2024,707.7870483,709.2227474,687.1029058,688.6602763,56133508
2/21/2024,700.4138184,712.5079475,698.3940606,712.5079475,45893136
2/22/2024,690.8747559,695.3765989,687.2975682,689.9986978,50560882
2/23/2024,691.3858032,697.8587478,690.1204321,692.3348761,29833452
2/26/2024,692.2131958,698.3210666,687.9546953,687.9546953,23506870
2/27/2024,691.1668091,694.3545652,687.711352,687.9546949,32087150
2/28/2024,685.9348755,693.1377886,683.3067607,691.1667471,25321986
2/29/2024,683.0148315,686.421632,680.0460602,682.3821163,53295700
3/1/2024,696.3256836,697.2990552,681.3600958,681.3600958,34738898
3/4/2024,697.2745972,699.3673695,693.1864847,696.4228972,35616474
3/5/2024,701.2410889,702.287475,691.8967471,692.0670752,37991672
3/6/2024,702.0927734,707.0813018,697.6883035,697.6883035,42409530
3/7/2024,703.7962036,706.2053336,701.5088045,703.5042041,49348046
3/11/2024,694.8899536,703.7232527,692.5538382,695.9606385,50531094
3/12/2024,710.3422241,712.507952,695.5956218,697.9073792,65418454
3/13/2024,710.7558594,716.2067158,705.7429725,713.2379447,63067454
3/14/2024,708.3467407,713.4812991,702.9202422,711.5832128,52432158
3/15/2024,706.9840698,710.220542,701.9225261,705.6943407,143613804
3/18/2024,703.7719727,708.6144722,698.7834436,704.2343004,21437856
3/19/2024,705.3779907,706.862406,698.6374049,698.6374049,36183594
3/20/2024,696.4716797,706.4973944,693.3568789,705.2320234,43606094
3/21/2024,703.6259155,706.3026871,700.0001305,702.0928435,28922860
3/22/2024,702.2144775,706.0593066,699.7323923,701.3141208,45980326
3/26/2024,693.7218628,699.8297332,692.1401341,694.5978615,56844290
3/27/2024,701.1681519,704.6966236,691.7021376,692.8215386,62168668
3/28/2024,704.6723022,710.8045308,701.1681292,701.1681292,55592142
4/1/2024,715.6713257,717.2774123,708.4196968,709.5877544,25199570
4/2/2024,720.3679199,727.5221766,712.1429189,713.0676337,41225446
4/3/2024,721.4143066,727.9115495,716.1094201,716.4500764,45584386
4/4/2024,743.4611816,744.6292394,731.9754092,731.9754092,88935066
4/5/2024,754.1439209,756.5529916,744.7022056,749.0093625,59055902
4/8/2024,752.7081299,757.8913447,750.2504026,756.7719438,20482940
4/9/2024,753.6572266,756.7233111,749.6420692,756.7233111,21884494
4/10/2024,747.7196655,754.3142814,746.064922,754.3142814,27807400
4/12/2024,739.2513428,744.5562297,736.574571,740.2490724,41084208
4/15/2024,727.4490967,734.8954117,726.1594271,728.8361985,23415248
4/16/2024,734.5304565,736.3068714,721.3899415,723.7016988,20744886
4/18/2024,727.4490967,739.2025683,725.6727414,734.7980983,34234884
4/19/2024,745.2619019,747.0382573,720.4165709,723.4827149,34576434
4/22/2024,735.9661255,757.9643558,734.0680987,757.9643558,42298438
4/23/2024,733.727417,742.9257895,731.6103459,742.8284761,26827060
4/24/2024,735.7227783,740.6139936,734.4331087,737.328865,22441580
4/25/2024,735.2605591,739.6163731,733.070473,733.070473,35445204
4/26/2024,734.7981567,743.6558135,732.7297423,739.6650142,24854694
4/29/2024,744.3858032,746.7948738,733.2163898,737.3288603,36093350
4/30/2024,739.8109741,749.2526893,737.2802321,744.2398024,52307382
5/2/2024,745.7242432,748.0360005,739.9326708,740.7357142,33475006
5/3/2024,739.567688,749.7880892,733.5327725,746.2109607,31865242
5/6/2024,741.052063,746.8192772,738.3752914,740.7357054,28793396
5/7/2024,733.0217285,741.733415,732.048357,740.7113274,28480602
5/8/2024,721.5845947,728.5441649,720.4651938,728.0574792,41687862
5/9/2024,704.4776611,723.5800779,703.4069762,717.8371619,46281278
5/10/2024,709.3615723,716.2928456,703.8856031,709.904225,27276608
5/13/2024,717.9208984,720.1655816,705.6122976,706.4509373,27047202
5/14/2024,720.7328491,722.9775322,715.4789152,716.4408879,25665142
5/15/2024,709.6575928,720.1161999,708.3256214,720.1161999,38931996
5/16/2024,720.3875122,721.522199,708.1775544,713.3822272,34945236
5/17/2024,722.2868652,724.2108707,713.4562166,713.4562166,20920190
5/21/2024,719.6721802,725.0494466,715.380159,715.380159,43769978
5/22/2024,719.8695068,723.0268414,714.4182283,719.2035212,39996278
5/23/2024,736.3468018,737.8514874,718.8088979,719.5982165,40861920
5/24/2024,748.4827881,749.8148197,733.090864,733.8308615,31060206
5/27/2024,753.6627808,762.1974429,749.3955099,751.5168,29385440
5/28/2024,755.0440674,757.782082,752.2321012,754.8467227,27908904
5/29/2024,744.0921631,751.7634342,740.6141508,748.8774561,35147706
5/30/2024,747.3234253,751.6400772,738.8381451,739.6027731,33755350
5/31/2024,755.5620728,757.7573744,746.9040787,749.3707368,74079588
6/3/2024,775.6159668,788.8372786,764.6640287,788.8372786,72637256
6/4/2024,731.6848755,769.1040705,717.3042453,768.1174071,89531240
6/5/2024,765.552063,769.4000136,731.2901445,737.0621608,81631650
6/6/2024,769.4493408,772.2859978,762.9867083,772.0147015,46422870
6/7/2024,776.1832886,781.6099364,765.6753613,770.1153458,36712216
6/10/2024,770.2387695,779.7847254,768.4134062,776.5040577,22454058
6/11/2024,771.9653931,775.0240252,765.7493661,767.6240504,29545326
6/12/2024,776.5780029,783.5586576,772.7546828,776.9973228,39280436
6/13/2024,779.8340454,782.2760131,776.5040566,780.3273771,24120192
6/14/2024,787.8013306,788.837315,778.3293267,781.4373402,25540554
6/18/2024,793.1785889,794.5105601,784.1259056,787.8012623,32415714
6/19/2024,817.869873,823.8145436,791.3039754,795.941305,90131196
6/20/2024,823.5431519,829.5124526,814.98386,823.7651872,41408742
6/21/2024,821.7672119,825.2698547,810.6179285,825.2698547,51630776
6/24/2024,825.0478516,826.3798229,811.9005512,812.5172158,28544994
6/25/2024,844.2631226,847.0257678,824.4065233,824.4065233,74521548
6/26/2024,839.4038086,844.0411382,834.2731474,842.5857737,47596666
6/27/2024,836.7644653,845.0770913,832.0531241,836.7397747,55074650
6/28/2024,830.671875,841.9198007,828.3038589,837.4798158,26476046
7/1/2024,841.2290649,842.2651095,828.797132,828.797132,21187024
7/2/2024,853.7597046,855.8810547,840.0204308,846.0637432,45921690
7/3/2024,872.5310059,885.0369507,870.5576793,883.5569558,123217802
7/4/2024,852.0578003,868.1404006,850.9231134,868.1404006,45848658
7/5/2024,813.0598755,831.2638253,810.1492067,831.2638253,82242548
7/8/2024,806.7698975,816.4391857,802.724602,811.6785835,39087800
7/9/2024,807.3372192,812.3691778,799.3699013,801.6639054,48550878
7/10/2024,802.206543,809.0638646,799.5672308,804.1058577,45507182
7/11/2024,800.1346436,802.0832796,789.8239997,801.1459373,44177074
7/12/2024,800.5292358,808.2745788,794.8312915,800.1839278,56049960
7/15/2024,800.2332764,804.0319663,796.8292759,800.9239527,33375694
7/16/2024,799.0739136,802.6505679,797.6186093,799.5672452,28950324
7/18/2024,796.632019,801.1459557,788.9113662,793.2773395,33717064
7/19/2024,792.9319458,800.6772282,791.0572615,797.2239069,26002152
7/22/2024,810.3218994,814.4905276,795.5712715,797.7172521,53744822
7/23/2024,798.407959,812.9119216,791.7973028,812.7885887,52002152
7/24/2024,791.3286743,799.6906219,783.4353677,793.3513221,61728206
7/25/2024,797.5198975,801.6638952,785.8772831,785.8772831,25535732
7/26/2024,798.2846069,800.0605888,787.5792742,791.7972838,43810540
7/29/2024,791.8220215,805.0432741,788.4920327,796.7306475,51001148
7/30/2024,797.0020142,806.4739583,788.8373508,790.3173459,54595834
7/31/2024,797.100647,803.0946388,793.8693004,796.2373165,37820484
8/1/2024,808.4719238,814.0219048,798.1859109,800.6279386,26215174
8/2/2024,818.5112305,824.1105327,804.6239323,804.6239323,44119238
8/5/2024,797.100647,812.02393,789.8240048,809.1132611,41333634
8/6/2024,789.9226074,805.5858872,786.0253356,804.1305829,45116050
8/7/2024,800.9239502,804.130606,790.4159617,797.7172944,42346264
8/8/2024,810.395874,815.6252377,798.827271,801.1705963,33976950
8/9/2024,814.0958862,820.1885804,811.9252751,814.9839073,26644618
8/12/2024,818.9797974,826.7990914,812.6898193,814.9838233,39316196
8/13/2024,790.9093018,805.3146225,789.898008,803.1439511,54055042
8/14/2024,793.1785889,796.0891972,790.9092153,792.5372337,32334428
8/16/2024,805.1665649,806.1779189,794.7572793,803.3905831,27849246
8/19/2024,804.8952637,807.9045746,801.0225621,807.9045746,19502164
8/20/2024,807.9291992,812.0238759,802.8725499,802.8725499,31134494
8/21/2024,802.0585938,806.3752455,798.1119407,803.1932204,47630904
8/22/2024,804.7719727,808.2252943,803.1439541,805.1172807,21300638
8/23/2024,801.6885986,806.1038927,800.6772447,806.1038927,20333422
8/26/2024,809.0392456,812.985899,805.2159252,805.2159252,22364266
8/27/2024,807.9539185,812.714581,805.2159037,810.7412544,35773244
8/28/2024,807.6332397,808.9405807,804.2292393,807.9539174,26921188
8/29/2024,808.3485718,811.2345498,804.6979056,810.0505418,49052604
8/30/2024,807.5346069,819.9172196,799.7646333,816.9572296,445342100
9/2/2024,802.6258545,812.4185353,800.7758609,812.4185353,34049680
9/3/2024,807.7565308,809.039181,801.4665525,806.1038818,37282860
9/4/2024,809.9519653,811.4319604,805.1172908,808.5706126,24682744
9/5/2024,811.7525024,813.9478643,810.0505324,812.0238589,22876318
9/6/2024,807.5592041,812.8872099,806.153221,808.22525,26029602
9/9/2024,812.2705688,813.2572322,804.1799177,808.0772498,23792914
9/10/2024,814.1699219,815.9705945,808.0772877,815.9705945,26606646
9/11/2024,810.987915,815.2305552,808.6692201,814.1945708,22226684
9/12/2024,822.1865234,823.8638631,812.5419257,815.9705566,32424046
9/13/2024,821.8658447,825.8371886,817.4752412,825.8371886,23860532
9/16/2024,824.3324585,827.7118283,820.9285184,822.3838227,15172820
9/17/2024,823.2718506,827.8104775,820.9778465,827.8104775,20127122
9/18/2024,836.0985107,838.1211585,824.4065144,824.7765132,40917342
9/19/2024,842.8571167,848.037099,838.2444779,838.2691083,30651776
9/20/2024,858.9890137,860.8390073,842.3884524,846.8037464,60623386
9/23/2024,868.1650391,871.3963252,858.5203815,862.8370333,26965350
9/24/2024,872.2350464,878.9443448,865.4270455,870.7303608,33039036
9/25/2024,877.6863403,882.0770041,868.3377295,868.3377295,31965312
9/26/2024,879.8322754,882.0769584,872.2350164,874.7016746,31899644
9/27/2024,864.6377563,877.2423443,863.3304154,876.6503704,35613502
9/30/2024,854.4750977,864.0456834,850.7010985,862.7384027,26383534
10/1/2024,851.5890503,859.3837143,848.5797393,850.5037448,24572284
10/3/2024,829.7838135,851.5644173,825.5164828,846.3844351,48473398
10/4/2024,817.7712402,834.0511851,815.477236,826.0838667,48683232
10/7/2024,798.1119385,818.4371776,795.7439226,815.0824984,94458296
10/8/2024,814.5151978,817.3518546,800.1838901,804.130543,29734406
10/9/2024,805.6846313,817.3272468,803.4892693,813.7505921,41125642
10/10/2024,820.114502,821.6191273,805.3638744,808.5705299,21754766
10/11/2024,814.4906006,821.1258876,810.6672801,821.1258876,23672594
10/14/2024,832.7931519,834.741848,815.9705545,816.9819085,18527508
10/15/2024,830.8198242,837.6771462,826.5771841,835.7038196,19651130
10/16/2024,838.5651855,842.5857904,828.8465156,828.8465156,20470682
10/17/2024,825.4178467,837.5044719,821.495824,836.1724403,14695732
10/18/2024,829.7098389,834.2238356,816.0198853,820.4598703,24809724
10/21/2024,852.8223877,862.4177243,844.1151324,846.0637683,46548354
10/22/2024,845.8417969,858.3970632,843.9424219,853.4884374,38875280
10/23/2024,856.3251343,861.603759,841.1551855,841.1551855,38036090
10/24/2024,863.1577148,872.531016,857.4597103,857.4597103,30832258
10/25/2024,860.0744019,867.20302,852.8223905,865.7970369,26130478
10/28/2024,855.5357056,863.8237012,852.921084,859.3837164,22012142
10/29/2024,864.243042,870.2370336,851.0464203,851.5644426,35794926
10/30/2024,855.7330933,865.6737383,850.6024319,859.3837596,32715724
10/31/2024,856.2756958,857.8543932,848.2344263,852.4770663,22895912
11/1/2024,857.0651245,860.4197437,851.5397737,854.9437743,1759692
11/4/2024,845.619751,860.8637107,844.0411138,860.8637107,28089248
11/5/2024,867.2030029,869.5956493,837.6277955,840.1437748,44232406
11/6/2024,865.9204102,873.9370498,861.0364146,873.9370498,27787910
11/7/2024,861.628418,868.7323456,857.4104083,860.5184218,18895456
11/8/2024,865.5256958,869.1517316,861.2830556,864.3170573,19902986
11/11/2024,871.3717041,879.5116762,863.9223481,865.5750573,24565362
11/12/2024,847.642395,875.6636561,842.931114,874.1836612,31395406
11/13/2024,829.4631348,853.167744,825.3438276,846.9270867,35728500
11/14/2024,835.0871582,841.0564592,824.8998475,825.3931791,27146470
11/18/2024,841.1797485,847.9877491,836.1971111,838.6637693,27081968
11/19/2024,859.5070801,865.1803941,839.9957889,845.5704608,50981272
11/21/2024,858.9890137,867.7703408,855.5356922,863.0343692,35716512
11/22/2024,861.159729,865.4517506,853.241792,860.1484352,24773612
11/25/2024,880.8929443,889.7482832,870.6810037,880.6216481,427737274
11/26/2024,880.8683472,892.9302819,873.0983737,892.9302819,30935566
11/27/2024,894.0649414,896.55623,880.6709755,883.0143008,32714976
11/28/2024,884.6176147,905.8061839,882.0769448,897.3702252,35722392
11/29/2024,886.0483398,890.2662893,879.5610166,888.638331,27669536
12/2/2024,890.3156128,892.0176431,875.6636867,889.7236389,15110876
12/3/2024,900.9715576,906.4475265,895.939539,899.1955156,43410242
12/4/2024,917.6461792,920.0635163,903.3642522,906.7435619,44669084
12/5/2024,920.4335327,927.4388181,905.3622266,917.5968757,39682714
12/6/2024,915.5494995,919.6688066,909.7035317,916.1168429,17783156
12/9/2024,922.5301514,927.4634677,912.1701871,914.4641912,26947912
12/10/2024,921.5928345,926.3288062,916.8815534,926.3288062,13325480
12/11/2024,919.1261597,923.4675022,915.9935158,918.4354833,14045426
12/12/2024,917.2268677,921.8641972,912.0221947,913.1568816,17293790
12/13/2024,923.3934937,924.9968215,902.426899,918.830176,19009002
12/16/2024,920.1621704,922.5054957,915.2535446,920.1128493,13107082
12/17/2024,904.4002686,918.7562079,901.0702798,915.7962179,21079532
12/18/2024,893.2755737,905.7568883,891.5242825,902.7228867,23422312
12/19/2024,884.7902832,888.5395916,877.6369745,887.7995941,25380770
12/20/2024,873.9370117,886.7883252,871.74171,879.2156362,25692348
12/23/2024,888.4902954,890.9569536,878.7716861,879.1169941,11044592
12/24/2024,887.0596313,892.2889348,882.8416819,889.0083275,14485834
12/26/2024,883.4336548,893.9169524,878.5003383,887.2816658,10481678
12/27/2024,887.133667,890.9322967,882.6196702,885.4316968,7259330
12/30/2024,877.0943604,895.3969527,873.6903599,884.1489669,22222218
12/31/2024,874.6030273,879.0183819,871.0263728,873.3450677,14117236
1/1/2025,879.4869385,885.0369192,868.8062969,874.8989304,7313806
1/2/2025,884.9136353,889.6989281,874.6770037,876.6996513,18558576
1/3/2025,862.9356689,885.6536147,861.5050554,883.5569553,24426194
1/6/2025,843.843811,866.8823756,841.5251763,858.4464162,18816348
1/7/2025,845.2744141,849.0237223,838.6637583,846.0637326,13527906
1/8/2025,835.8518677,844.4111601,830.4498498,842.7338203,19738190
1/9/2025,822.7785645,833.2371715,817.9932112,830.844525,40420222
1/10/2025,817.3272095,826.2811909,815.9705474,824.3571855,17453280
1/13/2025,804.5499268,812.3939122,801.3186405,809.0639235,21669066
1/14/2025,812.3198853,817.0558571,807.5839134,809.0145873,26661432
1/15/2025,810.5685425,820.2624606,807.238554,817.2038287,14022892
1/16/2025,815.0085449,819.2018638,810.4698578,815.4031741,21212454
1/17/2025,807.4605713,814.2438814,803.3905852,810.7905599,23112076
1/20/2025,814.6138306,819.3991232,802.1572073,802.1572073,17557618
1/21/2025,810.2478638,819.4485105,805.6352252,818.0671579,31158144
1/22/2025,821.9152222,824.8012003,801.8859089,810.2479166,30619306
1/23/2025,821.3479004,832.2505181,814.6139111,832.2505181,34909158
1/24/2025,813.8986206,824.0119199,811.2839386,818.9305796,24236200
1/27/2025,804.0319214,810.8398618,802.1572371,809.6065327,22804166
1/28/2025,824.0611572,830.9184788,812.5171852,812.5171852,30179312
1/29/2025,827.4651489,829.3644636,823.2964606,826.3304621,12619890
1/30/2025,834.470459,837.6277935,825.1218486,829.2904768,25744846
1/31/2025,838.0471191,840.9824183,830.7457868,832.3738053,15821686
2/1/2025,834.1990967,845.0770832,826.8485036,837.4304429,5587528
2/3/2025,827.8104858,832.1518283,820.6324864,823.8638327,20276540
2/4/2025,848.9744873,851.3918245,828.8219005,833.0891713,28616502
2/5/2025,857.3117676,860.469042,847.9877873,854.9437516,23675506
2/6/2025,860.2963867,862.8370568,850.5037655,856.1770795,26760716
2/7/2025,854.8203735,871.7169817,850.9970534,863.3303441,23509600
2/10/2025,846.4337769,850.2324065,842.8571224,847.198465,17195950
2/11/2025,839.3544922,844.090464,833.089144,840.1438108,22724704
2/12/2025,842.0184937,844.5837942,829.3891551,835.2104927,22809570
2/13/2025,837.5291138,845.6937766,835.4818356,838.170469,12602434
2/14/2025,836.1231079,839.60112,828.7971452,839.60112,19959892
2/17/2025,847.2230835,848.5304244,829.4138233,831.3624592,12938946
2/18/2025,850.0350952,854.2284141,841.6977786,845.1017789,16350910
2/19/2025,852.0823975,857.3610822,844.8057557,847.0504387,11884112
2/20/2025,832.2998047,845.915746,831.4118439,844.090443,26390510
2/21/2025,834.9638062,836.1724446,827.4404986,829.2411711,15680940
2/24/2025,827.3665161,830.8691589,819.4732095,829.3398428,20693646
2/25/2025,829.9564819,832.7438178,824.4065009,824.4065009,24138708
2/27/2025,839.0090942,843.9671013,830.0551732,830.0551732,35786800
2/28/2025,854.6477661,857.0404126,831.2638338,831.2638338,54516728
3/3/2025,839.4285278,859.9017922,835.7531708,858.2984642,21205364
3/4/2025,843.5971069,845.7184571,835.3338019,837.6771272,19920958
3/5/2025,833.7304688,843.9917909,832.8671384,839.6257577,21583872
3/6/2025,834.3224487,838.6144701,824.9738382,832.2504799,32966088
3/7/2025,833.3604736,839.2311322,827.613148,829.7838192,13372914
3/10/2025,832.4971313,838.6144556,830.3018297,833.2371288,15604050
3/11/2025,831.510498,835.7038171,823.8885481,829.981182,19898430
3/12/2025,844.1644897,847.7904654,834.4952012,834.4952012,18784106
3/13/2025,841.9197388,848.925084,838.6884528,846.5817588,15736264
3/17/2025,843.7944946,850.5037933,841.1304916,841.1304916,18950652
3/18/2025,843.7944946,843.7944946,843.7944946,843.7944946,0
3/19/2025,860.4197388,863.8237393,854.54908,855.9304327,15221406
3/20/2025,872.5803223,875.1703133,862.9850461,865.3036807,17833978
3/21/2025,873.3696899,875.2196837,866.0684175,866.0684175,33508264
3/24/2025,887.9969482,890.1676195,874.9976716,877.6369838,17393736
3/25/2025,898.5789185,909.5555478,888.736976,890.4143157,39101416
3/26/2025,891.2283325,901.5636067,888.9836494,900.3302775,24478442
3/27/2025,900.5029297,908.2235822,887.059642,887.9969842,41658100
3/28/2025,901.9088745,905.7568854,890.8829245,902.3035639,28773648
4/1/2025,872.1363525,892.8809727,870.9030234,888.9836406,28511006
4/2/2025,886.4676514,887.602278,873.542326,873.542326,11573564
4/3/2025,885.4562988,889.9702955,876.6503409,878.6729886,11250038
4/4/2025,896.5316772,908.6922549,893.4729847,894.410327,33540454
4/7/2025,867.1289673,878.0562747,857.5090007,869.6450067,37995450
4/8/2025,872.77771,879.1170097,863.4784203,870.7303715,35563872
4/9/2025,870.7303467,875.6636631,865.0570328,870.7303467,22454608
4/11/2025,891.3269653,897.5676228,875.5403524,875.5403524,32775766
4/15/2025,920.0142212,925.88488,915.1302257,920.0635423,49298344
4/16/2025,926.4768677,929.3382154,917.8435635,929.3382154,19136820
4/17/2025,940.635437,947.0487485,925.8354874,928.4501693,35703084
4/21/2025,950.6994019,962.3420166,942.2634428,949.1700858,34247298
4/22/2025,967.7686768,972.1593405,954.5967457,954.5967457,45961750
4/23/2025,949.1207275,976.253967,947.443388,976.253967,30570642
4/24/2025,945.618103,949.1207456,939.8460868,942.2634238,25931754
4/25/2025,942.8554077,953.6100616,933.2848221,949.5647662,18500878
4/28/2025,947.2954102,951.9820608,941.4741328,942.8554253,13920492
4/29/2025,941.6714478,951.5380804,937.4287475,946.6047641,18918308
4/30/2025,949.6633911,955.5340496,942.4114402,943.7434115,31936870
5/2/2025,948.1341553,958.0007887,947.196813,952.0314875,17840404
5/5/2025,955.4847412,962.983358,953.2647488,956.5700467,15068024
5/6/2025,952.968689,957.1126867,949.3180831,952.1300493,17490156
5/7/2025,959.8260498,961.3553659,948.3807796,954.1034147,21420778
5/8/2025,951.3900757,964.364722,946.7527462,964.364722,34803430
5/9/2025,932.2487793,946.7034205,930.8181657,942.3127568,17188796
5/12/2025,965.5487061,966.8807377,943.3981626,946.0127843,18618972
5/13/2025,948.4793701,967.7686246,947.1967199,961.9966687,24242102
5/14/2025,942.5594482,952.2287366,938.8101397,948.2327623,15445308
5/15/2025,954.0047607,959.4314088,935.8501321,943.9901042,32241458
5/16/2025,954.4487305,958.9380967,951.3407772,954.0047802,15868010
5/19/2025,956.4220581,959.5300716,952.6234284,955.5834184,10202964
5/20/2025,944.6807861,954.3993955,943.743444,951.1927398,23879090
5/21/2025,950.5514526,960.4674068,947.7394261,950.6500949,15132040
5/22/2025,947.1474609,949.2687509,939.8954494,944.828766,21306670
5/23/2025,953.9060669,955.5834065,944.4834444,947.2460896,9566072
5/26/2025,957.1619873,961.9473402,950.6007129,954.596687,10802860
5/27/2025,950.3047485,961.0100209,945.3714322,952.9193701,26162148
5/28/2025,948.9234009,954.3500489,946.0620533,947.2953824,18157594
5/29/2025,950.8967285,957.4580634,940.9314536,951.1433943,28917794
5/30/2025,959.4807129,961.4047183,949.860746,953.0674016,28748078
6/2/2025,953.1660156,955.090021,941.2767356,952.1793524,14668822
6/3/2025,949.4660645,962.9833635,947.1967509,956.0767205,24377584
6/4/2025,957.6553345,958.6913791,947.6407385,947.6900597,12961542
6/5/2025,961.7993164,966.3873246,957.1619871,961.0099979,22255418
6/6/2025,976.1552734,984.8379583,958.3953347,959.0366899,30127008
6/9/2025,976.2540283,984.196656,974.7740333,984.196656,13202588
6/10/2025,969.5447388,978.1780428,967.4727097,978.1780428,15533126
6/11/2025,962.1940308,970.6793108,960.5166912,970.6793108,11096394
6/12/2025,958.7407227,967.4233475,954.7447484,961.9966994,16349130
6/13/2025,946.0127563,953.6100758,943.7434428,947.1967643,12117762
6/16/2025,954.7940674,956.5207281,947.2460692,949.1700746,16513746
6/17/2025,951.9327393,957.8527191,946.7527569,955.5834055,16978736
6/18/2025,954.0540771,955.2380851,945.7167603,945.7167603,18433816
6/19/2025,954.744751,960.4180649,949.9593979,954.0540746,16876220
6/20/2025,969.2486572,971.8140179,952.9193918,952.9193918,32900408
6/23/2025,961.2073975,965.8940481,957.9514206,961.2073975,11739518
6/24/2025,967.3740234,976.3033141,964.7593417,969.3966711,22625322
6/25/2025,976.8953247,977.7833458,968.8540548,969.8900393,18405932
6/26/2025,997.4179077,1000.032529,976.7966216,977.4872979,50084830
6/27/2025,1004.949158,1007.393088,994.2258431,1004.001504,28213384
6/30/2025,998.2658081,1004.400566,995.2732551,1003.253396,13649020
7/1/2025,1003.552612,1005.497784,999.512678,1000.011437,14389386
7/2/2025,990.5350342,1007.442971,986.4950998,1007.442971,18878250
7/3/2025,991.0836182,1001.507689,989.68713,994.9739612,16860506
7/4/2025,992.1809692,999.2633203,987.5424877,991.0836633,7863944
7/7/2025,991.2332764,996.7196233,989.4377568,992.0312783,11349426
7/8/2025,998.2159424,1000.011462,986.0462147,986.0462147,15224316
7/9/2025,1003.103699,1004.40052,996.5699705,1001.008936,13861428
7/10/2025,1000.609924,1005.996544,997.517644,1005.497785,17030310
7/11/2025,989.3878784,999.9117386,987.9913902,996.5201541,12516922
7/14/2025,989.0387573,991.8816583,982.8541357,989.0387573,13088850
7/15/2025,995.2732544,999.3131888,984.0511806,984.0511806,14498168
7/16/2025,995.6722412,1008.839425,993.8267971,1006.495283,17994612
7/17/2025,990.9838867,999.9116815,988.8890632,999.5126501,22529158
7/18/2025,976.2705078,996.0213445,974.0759569,990.9838927,16129446
7/21/2025,997.7670288,998.515167,985.796817,986.6446827,22309078
7/22/2025,1001.058838,1006.495321,999.0139389,1004.051391,14836814
7/23/2025,1009.637512,1012.380686,999.0139249,1003.003995,13634916
7/24/2025,1004.599976,1016.320808,1001.707211,1016.320808,19107176
7/25/2025,1002.299988,1007.5,999.5,1007.5,9306598
7/28/2025,1004.25,1010.700012,1000.25,1001.5,12059580
7/29/2025,1010.799988,1013.25,998.1500244,999.9500122,19895696
7/30/2025,1012.900024,1016.299988,1008.5,1014,15154036
7/31/2025,1009.099976,1015.700012,1004,1007.299988,22183032
8/1/2025,1006.099976,1014.150024,1004.650024,1007,11317258
8/4/2025,996,1009.25,994.0499878,1005.049988,13933946
8/5/2025,988.7999878,997.2000122,982.75,993.25,23978058
8/6/2025,992.6500244,994,985,985.5499878,14080204
8/7/2025,997.7000122,1000.799988,988.4000244,990.0499878,13081186
8/8/2025,986.9500122,996.4000244,985,993.5499878,13895264
8/11/2025,997.7999878,998.7999878,986.5499878,987.9500122,9105854
8/12/2025,984.9500122,998,983.75,995.9500122,12937802
8/13/2025,990.1500244,997,984.5499878,997,13577396
8/14/2025,995.5499878,998,985.5999756,989,17511716
8/18/2025,1001.799988,1013.299988,997.7999878,1005,19284796
8/19/2025,995.5499878,1003.049988,993.3499756,999.1500244,12352438
8/20/2025,994.0999756,996,989.5,993.5,9950228
8/21/2025,995.5999756,998.75,991.5999756,998.75,12439850
8/22/2025,982.2999878,998,978.5499878,994.9500122,19833502
8/25/2025,982.0499878,988.7000122,978.5,980.0999756,17518044
8/26/2025,973.4000244,985.7000122,968,979.5,16917731
8/28/2025,957.7999878,972.2000122,955,967,25438255
8/29/2025,951.5999756,963.2999878,950.0999756,954,14823813
9/1/2025,950.5999756,957.4500122,946.3499756,949.5999756,20178344
9/2/2025,944.5,954.7999878,944,951,14196320
9/3/2025,954.4500122,956.2999878,940,945,16083481
9/4/2025,961.25,965.7000122,956.25,960.2000122,17597657
9/5/2025,963.4000244,967.5,954.0499878,967.5,11602111
9/8/2025,966,973.1500244,960.4500122,969,11711307
9/9/2025,965.1500244,974.4000244,962.7000122,974,13985539
9/10/2025,965.9000244,973.9000244,961.7000122,973.9000244,18091100
9/11/2025,967.7999878,969.25,959.9000244,960.2999878,15113633
9/12/2025,967.2999878,970.75,962.25,969.9000244,14363519
9/15/2025,967.0499878,972.3499756,965,969.5999756,14486377
9/16/2025,966.8499756,969.3499756,961.2000122,961.2000122,18661794
9/17/2025,966.5,974.4000244,964.3499756,965.1500244,17361476
9/18/2025,976.9000244,979.6500244,969.25,973.2999878,17791598
9/19/2025,966.9000244,976.7000122,962.0999756,974.9000244,31243267
9/22/2025,964.2000122,971.2000122,961.9500122,964,10854415
9/23/2025,957.2000122,968.2000122,955.5,967,21022298
9/24/2025,951.0499878,956.4500122,943,952.2000122,15117220
9/25/2025,949.8499756,958,947.4000244,952.5,31413279
9/26/2025,945.0499878,951.4500122,941.2999878,945.0999756,14874656
9/29/2025,950.2999878,956.7999878,939.0999756,946.0499878,32398179
9/30/2025,951,960,946.2999878,958.0499878,28296687
10/1/2025,965.25,969.5999756,946,952.7000122,25350832
10/3/2025,965.1500244,966.75,952,952,26658296
10/6/2025,973.4500122,977.4000244,962,971.9000244,18542683
10/7/2025,982.5,989.8499756,971,974,25535736
10/8/2025,978.7000122,985.9000244,974.5499878,976,15939710
10/9/2025,977.0999756,979,970.1500244,974.5,15370950
10/10/2025,980.9000244,986.2000122,978.0999756,979,13757080
10/13/2025,977,981,972,974.2999878,18634254
10/14/2025,977.1500244,980.4500122,967,970,22934382
10/15/2025,978.25,984.9000244,973.3499756,975,23310447
10/16/2025,994.3499756,996.5999756,981.5,982.6500244,22936566
10/17/2025,1002.549988,1009,986,993.9500122,25210511
10/20/2025,1002.950012,1020,997,997,22195202
10/21/2025,1007.700012,1010,1004,1006,3471600
10/23/2025,1008.799988,1020.5,1006,1016,43526526
10/24/2025,994.75,1011.950012,991.2999878,1011,17707768
10/27/2025,1002.950012,1009.049988,996.2000122,996.5,15700796
10/28/2025,1003.549988,1008,995,997.6500244,33904289
10/29/2025,1007.849976,1012.5,1000,1004.900024,17769445
10/30/2025,998.1500244,1009.5,997.0999756,1000,19962917
10/31/2025,987.2999878,1004.450012,981.1500244,994,23221330
11/3/2025,992.6500244,994.5499878,983.2999878,985,16607180
11/4/2025,985.25,997,983.7000122,987,20024544
11/6/2025,984.6500244,991.0499878,974,981,22279516
11/7/2025,982.2999878,984.9000244,974.75,980,15004568
11/10/2025,984.5,990.9500122,980.2000122,982.2999878,15988262
11/11/2025,991.7000122,993.5,978,983.5,10200530
11/12/2025,989.5,999,987.7000122,998.7999878,13137263
11/13/2025,986.6500244,990.0999756,982.5999756,984,14124839
11/14/2025,989.5999756,991.6500244,976.0499878,976.0499878,21386965
11/17/2025,996.5499878,997.9500122,985.5999756,991.25,18396408
11/18/2025,992.4500122,999,990,997.6500244,20002640
11/19/2025,994.5999756,996.5499878,984,990,19813847
11/20/2025,1008.849976,1011.599976,992.4500122,995.2999878,19850865
11/21/2025,998.0499878,1008.299988,996.5499878,1003.099976,17499897
11/24/2025,999.1500244,1011.450012,993.5999756,1000,32204053
11/25/2025,989.7999878,1006.099976,988.4000244,1004,24989383
11/26/2025,1003.900024,1006.950012,981.2999878,981.2999878,19494356
11/27/2025,1009.5,1016.799988,1001,1002.099976,25536848
11/28/2025,1007.599976,1012.049988,1004.200012,1007,15988807
12/1/2025,1002.099976,1017.5,999.2999878,1017.5,16746566
12/2/2025,989.7999878,994.4000244,985,988,27316662
12/3/2025,1000.5,1002.299988,986,986,15448777
12/4/2025,997.2000122,1004.700012,993,1000,14528169
12/5/2025,1003.299988,1008,990.2000122,992,12843366
12/8/2025,1003.099976,1006.5,997.5,1000,12901022
12/9/2025,997.0999756,1002.799988,994,994.9000244,15294322
12/10/2025,989.7999878,998.5,985.2999878,997.5,15322830
12/11/2025,1000.299988,1002.700012,988.5,990,11844809
12/12/2025,1001.5,1004.700012,998.2000122,1003,11988618
12/15/2025,996.0999756,1001.799988,992,992,9790060
12/16/2025,994.2999878,998.7000122,990.0999756,990.0999756,20049088
12/17/2025,984,996,980.7999878,996,19080922
12/18/2025,979.7000122,987.4000244,973.2999878,973.2999878,14912404
12/19/2025,985.5,988,978.7000122,987,25952384
12/22/2025,987.7000122,992.9000244,983.9000244,988,13540411
12/23/2025,996.5999756,998.9000244,987.7000122,990.5,17927849
12/24/2025,997.2000122,999.4000244,993,993,13699996
12/26/2025,992.0999756,997.2000122,987.7000122,996,9360853
12/29/2025,991.7000122,997.4000244,987.2000122,993.0999756,13545749
12/30/2025,990.9000244,995,982.2000122,990.2000122,33155849
12/31/2025,991.2000122,997.5999756,987.5999756,991,10963454
1/1/2026,991.1500244,997.5499878,989.5,993.5,7132074
1/2/2026,1001.599976,1003.200012,988.7999878,991.1500244,11751459
1/5/2026,977.5,1006.400024,976.2999878,1005.75,27647379
1/6/2026,962.2000122,966.7000122,956,962.7000122,31988783
1/7/2026,949.0499878,956.4500122,946,956,52884712
1/8/2026,946.7000122,953,941.4000244,944.7000122,21928849
1/9/2026,939,950.5999756,933.2999878,945,38183839
1/12/2026,936.9500122,942,929.5999756,937.5,21071666
1/13/2026,937.3499756,947.7000122,932.5999756,947.7000122,32042827
1/14/2026,925.4500122,940.0499878,920.2000122,930,36688248
1/15/2026,925.4500122,925.4500122,925.4500122,925.4500122,0
1/16/2026,931.0999756,935.9500122,919.2000122,922,37780235
1/19/2026,927.9000244,936.1500244,919.5,935.9000244,38191942
1/20/2026,931.2000122,934.5,919.5999756,929.2999878,36022727
1/21/2026,920.3499756,932.1500244,915.5,925,32766854
1/22/2026,918.7000122,928.2999878,913.2000122,928,44444755
1/23/2026,916.0999756,926.0999756,909.25,920,30985247
1/27/2026,926.4000244,931.2000122,905,906,44753093
1/28/2026,932.7000122,941.4500122,928.4000244,932.5,35347138
1/29/2026,935.5,939.2999878,924.3499756,930.0999756,37175628
1/30/2026,929.25,938.9000244,927.75,930,29691233
2/2/2026,928.0999756,929.7999878,909.2999878,915,28032106
2/3/2026,948.7000122,994,945,983.75,50336968
2/4/2026,953.0999756,957.2000122,947.9500122,952.5,24366770
2/5/2026,949.7000122,956.0499878,946.7000122,956,28103169
2/6/2026,941.0999756,948.0999756,937.5999756,945,18120272
2/9/2026,937.25,950,935.3499756,945,23947829
2/10/2026,932.4000244,940.9000244,929.9500122,930,31525385
2/11/2026,927.0999756,936,925.2999878,931.25,24869804
2/12/2026,920.5999756,928.5999756,918.5,927,33872203
2/13/2026,903.9000244,928.2000122,901,913,50188359
2/16/2026,925.7999878,929.5,902.0999756,903.9000244,18806989
2/17/2026,925.7000122,928.0999756,918.5999756,923,22599629
2/18/2026,924.7000122,925.5,919.5499878,923.2000122,12738702
2/19/2026,915.5999756,929.2000122,912.4500122,929,21209234
2/20/2026,911.8499756,917.8499756,908.4000244,911,22654907
2/23/2026,923.5999756,925.6500244,915.25,916.5,23270122
2/24/2026,910.5,927.9500122,909.1500244,927.9500122,31313985
2/25/2026,907.5999756,916,903.0999756,910.5499878,27884303
2/26/2026,898.5999756,912,895,912,41165937
2/27/2026,887.75,898.9500122,885,898.5999756,34620755
3/2/2026,879.4000244,887.75,871.5499878,876.2000122,38376749
