Date,Close,High,Low,Open,Volume
3/2/2016,722.4309082,727.3222567,706.0555241,706.0555241,1221727
3/3/2016,722.1333008,728.2580791,719.4536713,727.7476983,746384
3/4/2016,722.0056152,728.0879219,715.7957393,721.7929479,1331537
3/8/2016,702.8655396,721.3675976,700.9515335,721.3675976,1342346
3/9/2016,714.2645874,717.8799324,703.120787,703.120787,1929618
3/10/2016,712.4779663,715.4127854,705.2047552,712.0101086,1140147
3/11/2016,724.4299316,729.8317127,707.3315,716.2635274,1527676
3/14/2016,729.1513062,731.5756932,718.815652,727.3648692,825367
3/15/2016,715.2428589,728.85357,710.7768443,724.8554132,1330602
3/16/2016,718.0925903,719.5386868,706.906267,718.7305924,1511400
3/17/2016,722.7713013,727.3223619,717.1143288,721.4527221,1970969
3/18/2016,721.6653442,724.7703082,712.860937,723.0689695,1848223
3/21/2016,748.2913818,751.1411036,720.6020505,720.6020505,1587554
3/22/2016,740.2099609,749.1419892,733.6172734,745.228879,2024654
3/23/2016,743.1447754,746.3347857,732.04355,740.0823863,1373555
3/28/2016,734.680603,745.2713949,731.7457834,745.1863487,2033190
3/29/2016,732.5540771,741.2308647,730.3848283,731.8309769,1389839
3/30/2016,732.979248,747.6958171,730.6399074,733.2769615,1453623
3/31/2016,739.6571045,744.9312656,727.7477319,727.7477319,2635929
4/1/2016,738.2108765,744.2506602,728.1729882,737.6153975,1096484
4/4/2016,741.9538574,744.2931983,732.6815402,734.2127348,960124
4/5/2016,738.8063354,751.0134199,733.5321751,740.2524837,1096886
4/6/2016,741.5285645,742.5493782,734.1277299,739.2317466,1041648
4/7/2016,731.5756836,744.2081034,727.3648597,740.0823776,848064
4/8/2016,723.4092407,734.1276538,719.4961305,732.4263151,712487
4/11/2016,735.2334595,738.2533251,718.9005987,725.6209068,943737
4/12/2016,742.2089233,743.8252157,731.7457019,737.4451963,867406
4/13/2016,763.6459351,765.2621758,743.0597251,744.3357292,1897529
4/18/2016,764.8794556,769.813328,754.1184663,765.7726481,1091523
4/20/2016,769.0899658,770.706258,759.7751801,764.83662,1424850
4/21/2016,769.0477295,771.4721687,762.1998506,769.8558759,1162870
4/22/2016,752.1618652,769.2602988,751.1410516,763.7309479,1078366
4/25/2016,752.1193237,756.2450493,744.7610131,749.0143598,828061
4/26/2016,753.4804688,762.1998307,749.1845984,749.9501697,1214609
4/27/2016,758.9671021,760.4982963,749.3545501,752.3318924,778693
4/28/2016,745.3991699,762.8804182,740.9331549,759.8180287,2715410
4/29/2016,738.2958374,748.0359584,730.8950048,745.1862373,1581281
5/2/2016,734.9359131,737.5304446,727.3224108,737.5304446,787156
5/3/2016,723.9194946,739.2315403,721.367487,734.9356712,1305303
5/4/2016,725.9611206,728.0877936,717.9648093,723.0688245,568460
5/5/2016,723.1965942,733.1919595,720.3468207,730.7249975,760873
5/6/2016,725.9611206,728.5981744,720.3041496,721.3674861,411253
5/9/2016,719.2409668,739.8271763,713.88176,723.9196484,3215773
5/10/2016,733.6599731,738.2961326,719.3261599,722.0483129,1523285
5/11/2016,733.744812,737.3601566,724.0046379,727.322269,697299
5/12/2016,725.6209106,733.2769343,722.5159469,730.2145456,730642
5/13/2016,707.586731,725.5784079,699.2076589,725.5784079,2369627
5/16/2016,719.8789063,721.7929122,694.9968288,708.6075379,1940183
5/17/2016,709.5007935,723.3666941,706.9062622,723.0689806,1434067
5/18/2016,702.2276001,709.9261479,700.1009266,709.2030997,1428456
5/19/2016,693.3805542,705.9279269,689.3398749,702.7379169,1866764
5/20/2016,691.0838623,698.3995986,685.7671784,697.5489292,1624617
5/23/2016,697.208374,702.4400098,691.6365018,694.9966551,1118741
5/24/2016,700.1859741,701.334409,693.6783843,696.6982503,946784
5/25/2016,714.6472778,715.7957126,703.5460535,704.3541998,1127694
5/26/2016,723.3667603,726.4717246,707.7569963,714.7324963,2479387
5/27/2016,732.5963745,736.6370535,723.4942031,724.2172512,1531278
5/30/2016,726.7693481,737.7004806,722.8562899,734.9783283,776274
5/31/2016,721.5376587,731.4904992,718.8155067,729.7040626,12132028
6/1/2016,727.4500122,734.4680353,719.7088889,724.8980038,1223721
6/2/2016,738.5511475,743.4424963,710.3089144,727.3223015,3409326
6/3/2016,752.7148438,755.3944733,739.5720423,741.7837621,1752265
6/6/2016,748.0361328,758.7971217,744.3782647,755.0541555,1941227
6/7/2016,763.0929565,764.581628,748.9293425,751.9917315,2185954
6/8/2016,763.22052,772.4077382,758.4567407,761.3490371,1470489
6/9/2016,745.5692749,764.7518613,743.8679359,764.7518613,1376923
6/10/2016,744.0380859,752.6723501,741.0607427,745.186469,793113
6/13/2016,743.6550293,749.3970464,737.8279141,737.8279141,1071858
6/14/2016,736.4245605,744.5059204,731.8309247,741.8688139,826228
6/15/2016,744.0380859,745.6968499,734.1277657,738.3811131,863255
6/16/2016,748.1210938,749.3119996,730.8525181,741.6559762,803719
6/17/2016,749.7374268,752.5872003,742.2090236,751.9491983,849716
6/20/2016,748.0787354,750.5881687,740.5502796,744.335769,526386
6/21/2016,740.2950439,747.7384012,736.8073202,745.6117277,1214022
6/22/2016,739.0050659,746.3155612,737.0699348,742.187292,723156
6/23/2016,747.6915283,750.8307616,734.7476637,739.6500057,574726
6/24/2016,738.8760376,741.5422497,728.5553384,738.403016,1157925
6/27/2016,738.6608887,751.5617604,735.5647005,737.9298603,815766
6/28/2016,763.5165405,765.4086788,738.7898714,740.5099875,1607560
6/29/2016,760.1192627,769.0208946,754.2708787,765.3656481,857945
6/30/2016,772.8051758,776.5464599,765.9247112,766.3117478,2029009
7/1/2016,771.9879761,777.9653892,762.0973099,772.848034,1099564
7/4/2016,768.074707,776.4172793,763.7314251,774.05212,674938
7/5/2016,765.6236572,770.7840053,762.7424314,769.9239473,631452
7/7/2016,789.7912598,791.2533689,764.2475264,765.4516286,1689043
7/8/2016,791.8555298,796.6718343,785.6201084,790.3934205,1579861
7/11/2016,799.3380737,804.0683936,792.4145636,797.2739132,746028
7/12/2016,795.8116455,803.2081757,785.7920014,803.2081757,813346
7/13/2016,797.6608887,799.6390118,789.0603077,793.9196045,598072
7/14/2016,802.3912354,804.154344,793.0165808,797.273879,757072
7/15/2016,809.7446899,818.3022784,801.6171305,804.1543124,1284879
7/18/2016,792.9307251,814.1311298,782.6530184,811.8949993,3013256
7/19/2016,769.8811646,779.986849,763.7317271,777.5786439,2602482
7/20/2016,779.9867554,782.9109216,771.6441808,773.5793117,897886
7/21/2016,782.6958008,785.7920412,774.4822571,780.0726343,876194
7/22/2016,776.8044434,786.9531179,771.4720729,783.6849078,967993
7/25/2016,780.0297852,782.0509009,770.3541305,774.4823993,1297630
7/26/2016,776.3744507,784.2869956,773.1922252,784.2869956,1094799
7/27/2016,777.3634644,782.179821,772.5471602,774.0522618,1168069
7/28/2016,782.1368408,785.2330289,769.8379683,778.2665795,1760367
7/29/2016,793.4466553,795.5538083,776.2454919,778.6966891,1284438
8/1/2016,795.553772,799.897055,787.9422785,799.8540626,1270582
8/2/2016,797.6178589,809.1855977,794.8656626,798.907946,1442265
8/3/2016,785.9211426,797.1018988,782.2658954,797.1018988,1067729
8/4/2016,789.5762329,793.188487,781.6636888,792.9734725,685515
8/5/2016,795.9838867,798.6930911,788.1573779,792.2426544,936293
8/8/2016,799.4240723,803.5953334,793.3176802,796.8868902,640018
8/9/2016,803.5092163,804.9283331,794.8226512,799.4239407,912239
8/10/2016,795.5108643,804.4554383,793.6617181,804.1544389,675289
8/11/2016,804.7133179,806.8204181,793.4465262,795.467694,859803
8/12/2016,804.1542969,814.4749937,796.4137742,803.9822748,664203
8/16/2016,796.5858154,811.8088542,792.4145022,800.9290983,847402
8/17/2016,785.4050293,796.155755,782.9108399,795.4677191,685242
8/18/2016,779.9867554,788.4153147,778.5676384,785.2330891,1047855
8/19/2016,783.2119751,787.5552583,775.1274075,781.7928582,1232642
8/22/2016,799.8969727,803.2082276,784.2869507,784.2869507,1405730
8/23/2016,792.7156372,801.2732266,790.436462,800.7141678,923109
8/24/2016,790.7373657,795.5106772,781.1476978,792.1134376,929753
8/25/2016,783.3410034,792.9736658,780.2448149,792.1136076,1760911
8/26/2016,777.9224854,786.7810725,774.0522242,786.7810725,753284
8/29/2016,778.5246582,780.9328106,774.9124034,779.2126942,488018
8/30/2016,795.3815918,796.6716787,780.5885844,780.9326286,921470
8/31/2016,788.7161865,796.8437452,784.2438744,795.5536582,2185015
9/1/2016,796.2417603,799.4239856,785.5340267,788.7592445,654587
9/2/2016,791.8985596,796.8868865,789.1463629,794.2637195,968873
9/6/2016,806.6054688,808.2396001,793.2315758,794.9086996,811241
9/7/2016,802.4343262,807.5086907,797.6180211,805.8745591,728867
9/8/2016,818.3882446,820.1513532,801.1440909,802.434178,1528195
9/9/2016,799.8109741,820.4953592,797.6178366,817.0551271,888951
9/12/2016,789.9204102,795.4247508,784.7600613,795.4247508,677577
9/14/2016,781.3197632,795.1236847,778.3525523,788.6732492,1349809
9/15/2016,786.0931396,791.9845169,779.2126745,782.8249292,964711
9/16/2016,784.1150513,798.650003,782.136928,788.0283055,1542460
9/19/2016,784.3301392,793.4037433,781.8789416,787.3403431,793036
9/20/2016,776.5465088,788.5012853,774.8263925,784.5020465,1133099
9/21/2016,785.276062,786.5661492,774.5253354,775.7724302,1102665
9/22/2016,782.7819214,789.4903642,776.8474993,785.233066,1250220
9/23/2016,783.1259155,784.8030394,774.9123709,783.5129522,1498875
9/26/2016,767.6876831,786.0069589,762.4413508,781.7926541,1153660
9/27/2016,771.7301636,774.8693968,764.9357357,769.7520403,849724
9/28/2016,763.0005493,774.7833031,757.9261856,774.0522747,1877866
9/29/2016,755.3890381,767.8598809,751.2607696,766.3117867,3307074
9/30/2016,746.4014893,756.7221877,743.9503444,754.3570276,3104818
10/3/2016,747.1754761,755.1310135,739.8219898,755.1310135,2066037
10/4/2016,739.9939575,749.9706098,738.6178332,749.9706098,1465854
10/5/2016,749.067688,751.432848,741.714201,743.9503313,1781339
10/6/2016,760.6784668,762.7425749,751.6908483,751.6908483,1360160
10/7/2016,754.4858398,765.1935719,746.6593335,765.1935719,1088191
10/10/2016,753.539917,761.6244315,752.0778077,756.5931127,734544
10/13/2016,741.4130859,752.3358345,733.1995415,747.8205294,2130773
10/14/2016,724.3839111,735.822673,719.8686063,735.134637,2077909
10/17/2016,730.4044189,731.9095208,721.5888225,725.8891134,1136539
10/18/2016,735.8656616,737.0697639,730.1892994,731.3073644,1146943
10/19/2016,727.6091309,736.1667192,725.9320071,735.3496535,1171167
10/20/2016,722.7068481,730.5764012,721.2447388,729.8023278,818580
10/21/2016,732.081543,732.9845936,719.9116986,722.4488807,1247395
10/24/2016,729.630249,735.3496562,726.1040319,732.5974599,1639740
10/25/2016,715.8692017,730.8772231,713.4610499,728.5550562,1925999
10/26/2016,724.8999634,728.2972034,710.8810266,714.7942805,1928005
10/27/2016,722.7068481,731.0494226,703.8716063,731.0494226,3193498
10/28/2016,719.4385986,728.4262163,717.1164313,723.3088601,1396899
11/1/2016,724.4257202,730.8872353,721.3034037,724.2088912,891827
11/2/2016,729.4995117,735.8743165,721.650312,724.208905,1085441
11/3/2016,728.0250854,735.91764,723.9486896,726.9409404,1975240
11/4/2016,735.4838867,751.4425205,730.7136492,736.3512026,2273336
11/7/2016,726.5072021,738.7363355,723.818491,737.2185326,803129
11/8/2016,732.5350952,734.3998458,725.162909,727.2011334,797363
11/9/2016,718.3977051,724.5122712,692.9853614,711.1989941,2122893
11/10/2016,709.9414063,730.1932639,705.8216558,728.5453425,1017007
11/11/2016,695.3704834,706.8624184,692.2047594,706.8624184,1758762
11/15/2016,698.5797119,702.3525155,679.3252853,697.3220931,2007604
11/16/2016,701.4416504,705.5614004,692.1180056,701.6584793,2677282
11/17/2016,703.9570923,707.7298959,696.4547873,701.4418546,665671
11/18/2016,696.324646,706.689083,689.9932496,705.1279248,1462211
11/21/2016,691.9013062,698.883189,687.4780159,696.3245964,993597
11/22/2016,711.1123657,713.367366,696.2812313,699.3168371,1226008
11/23/2016,721.3466797,723.3414958,706.9492033,711.502612,1254013
11/24/2016,715.7958374,723.7751547,711.6760867,718.8314432,1588843
11/25/2016,722.9943848,726.8105952,716.0992669,719.8720693,788448
11/28/2016,726.6806641,730.2366913,719.0049389,720.2625576,930063
11/29/2016,722.2141113,729.4128242,720.0891763,725.9435599,1157881
11/30/2016,732.0146484,737.4787282,720.7828965,724.425634,2734453
12/1/2016,735.5704956,742.1621273,729.3258643,732.0145221,951938
12/2/2016,721.1298218,735.830837,718.2676899,732.8819417,623704
12/5/2016,732.7952271,738.4327804,721.6068307,722.3874362,760110
12/6/2016,725.0761719,737.045122,722.6476977,733.2289634,611314
12/7/2016,723.0813599,732.0147041,721.6502673,728.4153215,394177
12/8/2016,731.1472168,734.4430062,725.0760062,725.0760062,609858
12/9/2016,732.925293,734.6165696,725.379634,728.4586478,463868
12/12/2016,722.1271973,733.6191329,720.1757365,732.8819356,317031
12/13/2016,720.8696899,725.4230988,715.4489651,723.3415193,716723
12/14/2016,712.7601318,722.3439611,710.1581844,720.739448,418711
12/15/2016,707.7733765,714.4083666,705.6918493,709.4646536,552176
12/16/2016,708.5537109,717.2702248,705.648171,709.0307241,907271
12/19/2016,702.309082,709.2909648,700.7912791,708.5971226,709550
12/20/2016,695.0668335,704.9108457,692.5082416,701.4415828,1057366
12/21/2016,691.0775146,698.1895178,690.2969619,695.5875693,1024157
12/22/2016,682.6210938,696.0211375,679.8456718,690.3835831,1147406
12/23/2016,684.7459106,693.3323593,678.1976861,682.1439629,893290
12/26/2016,695.4138794,698.1025905,680.886338,683.4449305,686679
12/27/2016,699.7071533,701.2249563,690.9038751,695.5006921,552306
12/28/2016,702.7860718,712.2398364,699.0566239,700.7912558,811567
12/29/2016,709.8981934,712.8904443,699.5337559,703.6101519,1295881
12/30/2016,716.7064819,719.395193,709.8980732,710.7220339,709395
1/2/2017,715.8392334,718.137642,710.4185084,718.137642,439748
1/3/2017,719.7421265,722.3007191,710.7654275,716.793284,617599
1/4/2017,712.586792,726.2904269,708.2068569,719.7421489,1298675
1/5/2017,722.604126,724.8591257,712.9335344,715.4487712,800848
1/6/2017,723.1246338,758.727941,721.3466468,722.3874364,545826
1/9/2017,720.7828979,727.2877675,718.4411343,726.8107543,323290
1/10/2017,720.3493652,725.0328933,719.0050359,723.1681425,337793
1/11/2017,729.8464355,732.8820416,719.9590117,721.6936437,867646
1/12/2017,716.3162842,731.7544979,715.2754944,731.7544979,985100
1/13/2017,718.0942383,724.7291734,715.6223561,719.8722254,567779
1/16/2017,717.7040405,721.0431862,713.324105,718.1376986,472383
1/17/2017,729.109314,731.1474857,717.0535988,717.0535988,1081184
1/18/2017,750.1848755,752.6133493,726.4637546,729.1524656,2032995
1/19/2017,746.1519165,759.7254326,744.6341136,750.5752597,1350359
1/20/2017,746.2819824,756.2994706,741.1214422,741.7285739,1032081
1/23/2017,747.9732666,751.7894249,738.5628572,741.2081601,1615902
1/24/2017,746.1953125,747.9733527,730.3667952,742.422509,1843785
1/25/2017,753.8710327,754.5215197,742.3790964,743.2897676,1360342
1/27/2017,742.3790894,759.5085792,740.5143389,753.6975518,1272497
1/30/2017,740.2974854,748.6671051,738.2159589,743.2463806,600766
1/31/2017,741.9019775,748.4068462,738.3025957,742.4223459,1210100
2/1/2017,740.7312012,752.4399669,736.5247398,743.2897939,1750447
2/2/2017,733.1422729,744.85104,730.1066667,743.7235397,1617828
2/3/2017,737.001709,739.3434726,727.3311152,732.8819583,999913
2/6/2017,746.3687744,747.6263932,737.2186012,737.2619564,1007603
2/7/2017,741.7720947,748.7539787,738.0860013,748.4937945,866921
2/8/2017,739.7771606,745.8050172,734.9201595,745.8050172,995337
2/9/2017,737.8690186,742.5091375,731.5809781,742.4224271,884351
2/10/2017,737.9992676,744.5041381,735.1804903,735.7008588,648644
2/13/2017,747.8864746,750.0114091,739.3434343,741.5117241,688095
2/14/2017,735.6141357,752.8736935,732.882069,748.493758,1294385
2/15/2017,737.2619019,739.3868365,731.4942826,735.9609279,863541
2/16/2017,733.8360596,739.3869032,732.0580723,738.9532452,529692
2/17/2017,729.6295166,735.4405438,726.3770819,734.6165831,917969
2/20/2017,741.0783081,744.1572699,735.0504502,737.8258725,1511663
2/21/2017,748.2767944,751.6159395,738.9965037,740.2541223,1061217
2/22/2017,749.4912109,753.6976727,738.9532994,751.0957245,1996095
2/23/2017,744.3740845,756.2996815,742.6394522,755.3456549,1313518
2/27/2017,751.4859619,755.0419364,740.9046961,745.0678023,1194357
2/28/2017,751.0089722,753.2206175,744.2872729,750.6620246,1409380
3/1/2017,759.335144,764.0186715,748.450339,753.1772217,1199589
3/2/2017,761.0698242,765.8400624,757.4704415,761.5034822,1116347
3/3/2017,760.7662964,763.0212969,755.3455711,761.5034939,909059
3/6/2017,757.25354,765.9701077,751.3124469,760.6360934,620823
3/7/2017,756.3428345,758.8580718,752.9603342,758.1208215,581168
3/8/2017,755.6923828,759.898897,748.7104999,754.5648827,689050
3/9/2017,754.8251953,756.2996433,747.799956,753.6109845,649123
3/10/2017,759.0750122,761.2866575,752.3099577,755.4322742,1533750
3/14/2017,792.5100098,793.5941548,762.4141334,764.278884,2763421
3/15/2017,781.0180054,795.5021922,779.7170315,789.2575068,1247829
3/16/2017,785.961731,791.3391005,776.5513211,787.5228891,1052674
3/17/2017,782.7960815,790.1249127,780.5844362,787.1326617,2071209
3/20/2017,779.2400513,793.8109491,777.1151165,781.0613936,849554
3/21/2017,783.5765991,786.7422706,770.4367414,779.5435588,1016256
3/22/2017,784.8775635,787.5228665,775.4237986,775.4237986,928431
3/23/2017,782.3189697,788.3901812,778.9798246,784.9209175,737393
3/24/2017,780.7576904,785.0942694,777.9822693,781.4515325,809976
3/27/2017,779.5435181,792.1629538,776.3344387,780.4541892,2830764
3/28/2017,783.2730713,784.9209929,778.4161228,780.5844128,565803
3/29/2017,791.4691162,793.5073403,780.8878516,784.2270496,1067420
3/30/2017,797.2368164,801.2264485,788.5636571,790.2115256,2105056
3/31/2017,790.7753906,798.1475769,785.0944812,797.2369056,1454650
4/3/2017,798.4944458,801.7034724,784.4005617,792.7267736,832000
4/5/2017,811.2438354,813.0652304,796.3260456,796.3260456,2246395
4/6/2017,810.6369629,812.0246474,798.7980777,807.3411196,1588953
4/7/2017,801.8335571,808.9455582,798.9714252,802.8743468,770117
4/10/2017,803.0912476,806.3436825,794.4614429,800.359181,460843
4/11/2017,801.1398926,802.9612352,795.5456931,800.4894055,715100
4/12/2017,801.1830444,802.874321,796.5862809,798.1040836,2006885
4/13/2017,801.2697754,805.9099472,796.6296565,799.5351436,1200252
4/17/2017,792.7702026,801.2265339,791.0789258,800.5326917,449115
4/18/2017,791.6426392,798.7546406,790.1681914,793.5941001,605252
4/19/2017,787.9998779,796.5863268,785.7882329,793.2471287,1245002
4/20/2017,794.2011108,795.8489791,786.0049657,790.9920317,1955164
4/21/2017,786.1351318,801.3131597,783.6198946,797.4969486,761841
4/24/2017,784.5305176,789.170689,779.3266226,789.170689,789135
4/25/2017,801.3999634,804.0019113,783.2296831,786.6555918,1105317
4/26/2017,816.4478149,819.6135392,798.1908255,801.399905,1296199
4/27/2017,821.6082764,824.8173555,811.9810918,816.2309076,1096343
4/28/2017,810.8970947,820.0472678,808.4686205,818.7462938,3585324
5/2/2017,804.9558716,812.8918333,801.3998975,806.7772667,1615426
5/3/2017,810.0731201,812.6317128,800.1856968,809.2058041,977037
5/4/2017,829.7612305,832.6233627,809.8996728,810.2899756,1234682
5/5/2017,827.3328247,832.1464183,823.343139,826.9858771,571239
5/8/2017,828.1566772,832.6233759,820.5243069,828.2867958,672197
5/9/2017,825.7281494,830.88869,821.7818724,830.021374,1292861
5/10/2017,864.1502075,866.4486159,827.5061094,827.5061094,2928370
5/11/2017,848.885437,863.8466363,846.4569631,862.458952,1354465
5/12/2017,850.1431274,856.9081814,841.5133229,848.4952059,890243
5/15/2017,852.7883911,857.6453392,845.2427319,851.0971145,734446
5/16/2017,867.6629639,869.4843063,851.7476832,852.571644,1503815
5/17/2017,875.4686279,877.7236279,859.5967057,870.7851012,1999387
5/18/2017,858.8594971,875.1216688,852.5714573,874.254353,2690943
5/19/2017,874.2544556,887.0473655,867.3159281,867.3159281,3059815
5/22/2017,883.447998,891.7742099,875.1217862,877.1599575,1788720
5/23/2017,888.8251953,895.0698262,879.4581432,883.621248,2640069
5/24/2017,900.3175659,902.00879,887.6980737,890.3434303,1992083
5/25/2017,905.0007324,910.6816939,893.595613,900.1871927,1918721
5/26/2017,902.8326416,908.0365381,895.4171526,903.786774,716421
5/29/2017,929.9795532,934.0993041,900.9244681,902.875929,1771026
5/30/2017,930.2831421,932.3213136,913.5440064,928.9821681,890684
5/31/2017,925.4261475,931.8876091,920.2656597,924.3854106,2226704
6/1/2017,950.0144653,953.5704394,920.3956057,925.4260803,1782269
6/2/2017,942.2520752,956.6494989,907.2991998,954.0909592,2216247
6/5/2017,952.0960693,955.1750833,943.639739,947.1090027,612171
6/6/2017,946.718811,955.6087999,942.7724809,952.2695487,1203091
6/7/2017,959.5550537,966.4068714,946.675432,958.5576191,2392047
6/8/2017,948.4102173,967.0575147,944.1170447,959.8587482,935574
6/9/2017,950.0144653,958.7310326,945.3743464,946.2416623,691085
6/12/2017,953.7440186,958.3841378,939.3031866,950.5782941,1059705
6/13/2017,956.4326172,962.156881,949.754327,950.5782348,1040661
6/14/2017,965.9296875,971.0468725,949.0170272,958.3840814,1139136
6/15/2017,957.5168457,972.6948754,955.4352662,969.2256115,1051935
6/16/2017,946.9356079,963.4579134,944.0300147,957.5168203,1550451
6/19/2017,950.2748413,954.914961,945.6347217,949.1906963,859068
6/20/2017,948.0198975,954.915018,946.3285676,953.0502673,1272735
6/21/2017,974.3860474,979.1996932,948.8002272,949.0604643,1411671
6/22/2017,957.4091187,977.8428087,955.6589078,977.4927451,1000211
6/23/2017,960.7783813,965.0226218,940.7384434,957.2779592,1600881
6/27/2017,955.7025757,975.6987125,951.2395596,959.5530608,1809437
6/28/2017,953.8646851,966.9474653,948.8328301,958.2402111,1084236
6/29/2017,952.2020874,957.93407,948.8329532,957.93407,1771369
6/30/2017,944.763916,956.2277772,931.112291,949.4895073,1501780
7/3/2017,960.6469727,962.703449,946.0764461,956.4902219,823810
7/4/2017,952.2020874,973.1171261,948.4828898,966.466347,938993
7/5/2017,959.7282104,960.8658904,946.9079996,951.2397294,364842
7/6/2017,956.0527954,959.7281959,950.714673,959.7281959,653440
7/7/2017,960.6031494,971.2794993,953.6899023,954.739986,780216
7/10/2017,959.3344727,966.9478483,953.8650629,964.8038824,123910
7/11/2017,968.2603149,973.9485,959.9906117,964.3661387,1088867
7/12/2017,990.3130493,996.2200108,966.991469,971.366996,1749266
7/13/2017,992.9821167,997.5327292,989.7442692,992.9821167,1390586
7/14/2017,997.0078735,1001.952135,984.7563949,993.2448766,1430776
7/17/2017,1008.95282,1011.621934,988.9129898,997.6202466,1177146
7/18/2017,1013.240723,1023.698296,1004.008425,1009.215259,3322231
7/19/2017,1010.177795,1045.794646,993.6820816,1041.375321,4799441
7/20/2017,1008.90918,1016.041311,1001.995825,1011.140635,1295206
7/21/2017,1013.940735,1018.797505,1001.995527,1014.159511,1690899
7/24/2017,1014.553467,1018.885303,1009.915472,1016.872518,1102676
7/25/2017,1006.021179,1015.997402,1000.245505,1011.228121,1686360
7/26/2017,1019.104187,1021.248153,998.8016746,1009.871781,1563285
7/27/2017,1025.536133,1043.519486,1017.003854,1018.4478,2090566
7/28/2017,1009.740234,1022.648038,999.0201944,1022.648038,860381
7/31/2017,1011.403198,1017.39765,999.4579866,1015.078599,955459
8/1/2017,1027.329956,1029.911581,1009.871646,1009.871646,1359063
8/2/2017,1022.779419,1028.248828,1014.859672,1027.373722,587711
8/3/2017,1023.785767,1032.274246,1013.371992,1019.935282,597333
8/4/2017,1043.213135,1046.888642,1016.872483,1016.872483,1116836
8/7/2017,1038.137451,1044.088103,1025.054563,1026.498508,868190
8/8/2017,1042.25061,1058.002509,1033.499556,1034.112087,1329938
8/9/2017,1037.306152,1046.188493,1029.430204,1040.937861,833002
8/10/2017,1024.48584,1035.774721,1020.547866,1028.117549,699787
8/11/2017,1008.821655,1028.073976,1000.726929,1015.16617,861457
8/14/2017,1011.359436,1023.785999,1003.921039,1010.309352,526828
8/16/2017,1038.181152,1041.90035,1007.246201,1007.246201,1366648
8/17/2017,1030.261597,1036.999865,1019.497758,1036.999865,961319
8/18/2017,1052.051758,1055.639776,1023.392054,1023.873404,1407292
8/21/2017,1042.644409,1057.127448,1034.68097,1052.139389,965962
8/22/2017,1049.776489,1056.558557,1039.669085,1055.63976,916218
8/23/2017,1039.75647,1046.144675,1035.249656,1045.838409,831796
8/24/2017,1032.362061,1041.113117,1028.511681,1039.62548,780599
8/28/2017,1049.863892,1052.620495,1031.530476,1033.805729,630713
8/29/2017,1041.769165,1048.857604,1035.249673,1045.882224,1002082
8/30/2017,1053.889648,1058.527644,1038.969056,1047.938888,666156
8/31/2017,1067.409912,1070.079027,1045.13852,1051.745503,1425125
9/1/2017,1064.259766,1069.379112,1056.383815,1064.347255,622867
9/4/2017,1047.632446,1063.121769,1044.657067,1063.121769,586791
9/5/2017,1054.677246,1060.190454,1043.388469,1046.976381,699191
9/6/2017,1055.727051,1060.627619,1050.38893,1051.876566,670064
9/7/2017,1057.783691,1069.160062,1053.364366,1058.002468,781792
9/8/2017,1056.733643,1066.184717,1051.964254,1059.096385,663219
9/11/2017,1067.541016,1078.129769,1055.37703,1055.37703,794869
9/12/2017,1093.706665,1098.25717,1070.2538,1071.128905,1164498
9/13/2017,1094.713257,1101.757899,1089.6814,1093.881949,848136
9/14/2017,1092.000244,1104.470496,1076.467123,1104.470496,1239363
9/15/2017,1090.38147,1099.832652,1081.280351,1086.968537,1333125
9/18/2017,1120.178833,1125.34187,1090.381448,1093.88187,781532
9/19/2017,1119.522461,1126.785772,1114.490605,1126.785772,563558
9/20/2017,1102.063965,1121.316284,1098.344767,1120.134913,1179496
9/21/2017,1099.744995,1104.295608,1092.13162,1103.507991,913615
9/22/2017,1084.430664,1095.850833,1079.967647,1095.807035,1208698
9/25/2017,1091.387573,1101.757549,1082.942786,1085.04306,1271436
9/26/2017,1065.309326,1103.59518,1051.045175,1103.59518,1751337
9/27/2017,1055.289673,1065.440875,1039.625264,1065.003322,2299025
9/28/2017,1052.577026,1061.459262,1043.257131,1055.202343,3007522
9/29/2017,1027.286377,1058.702686,1022.998339,1058.702686,2274339
10/3/2017,1038.181152,1042.994231,1024.748307,1029.561386,1970990
10/4/2017,1047.938599,1054.064336,1031.486576,1042.337903,2448425
10/5/2017,1039.31897,1054.064475,1035.424687,1053.933187,2305862
10/6/2017,1056.514771,1060.27766,1043.256903,1044.000721,508700
10/9/2017,1067.847412,1070.560218,1054.545852,1065.440872,720819
10/10/2017,1058.17749,1076.685992,1054.50209,1071.216583,802675
10/11/2017,1065.922241,1068.066207,1048.901376,1063.253127,1096016
10/12/2017,1086.005737,1089.506159,1064.34688,1067.672323,982442
10/13/2017,1092.656738,1096.507224,1077.429881,1083.380641,840717
10/16/2017,1121.272705,1126.698316,1093.838063,1093.881861,1276141
10/17/2017,1122.016357,1127.704542,1112.258911,1124.510386,654497
10/18/2017,1106.089478,1122.410215,1102.632854,1117.509646,697765
10/19/2017,1100.620117,1111.383957,1097.119695,1107.00843,67835
10/23/2017,1093.838013,1118.0347,1083.905587,1107.883498,791883
10/24/2017,1111.427734,1114.884358,1097.382249,1098.169865,1055569
10/25/2017,1113.527954,1123.110423,1107.09595,1121.010149,1332232
10/26/2017,1114.621704,1124.510438,1096.944618,1124.510438,2321903
10/27/2017,1102.763916,1114.621528,1090.381155,1114.621528,875032
10/30/2017,1080.054932,1110.902394,1076.379532,1102.632691,1063165
10/31/2017,1082.899292,1093.79442,1076.773553,1086.005959,722440
11/1/2017,1108.046021,1112.450019,1090.430027,1091.046543,1243886
11/2/2017,1093.512939,1110.732618,1090.474223,1110.688535,762274
11/3/2017,1091.751099,1096.595496,1085.145102,1096.595496,656886
11/6/2017,1092.719971,1100.559109,1087.743431,1091.310713,532305
11/7/2017,1087.083008,1102.937403,1080.168751,1087.875749,949224
11/8/2017,1088.051758,1099.149811,1082.150336,1092.499731,872203
11/9/2017,1103.553833,1132.752361,1093.248413,1100.559093,1417669
11/10/2017,1136.804321,1144.379178,1095.979271,1105.095527,1933002
11/13/2017,1126.983154,1158.251542,1117.954958,1140.635549,1413270
11/14/2017,1130.858765,1135.350822,1126.763025,1132.796481,1131348
11/15/2017,1114.21167,1131.827665,1108.530555,1130.858806,1195740
11/16/2017,1124.340698,1133.589094,1097.608452,1118.615501,911479
11/17/2017,1125.794189,1142.749584,1119.760733,1129.185247,1134503
11/20/2017,1122.579346,1128.436686,1115.224689,1127.423745,707096
11/21/2017,1125.089478,1131.827617,1120.377221,1123.01962,828746
11/22/2017,1119.011719,1124.780999,1113.022346,1123.0194,646368
11/23/2017,1116.413574,1123.900371,1111.569176,1123.019572,891839
11/24/2017,1115.048462,1118.615744,1103.642148,1118.087286,971523
11/27/2017,1110.071899,1115.885156,1101.484102,1110.688416,763155
11/28/2017,1116.722046,1121.214104,1111.92173,1112.450188,975006
11/29/2017,1124.032471,1128.392386,1112.890334,1116.721791,819468
11/30/2017,1120.773315,1124.032338,1108.045805,1121.257798,2308732
12/1/2017,1101.440063,1126.322656,1096.815865,1120.773575,470360
12/4/2017,1117.382568,1122.138909,1093.248633,1106.857054,833814
12/5/2017,1110.688354,1122.13875,1105.403557,1122.13875,862459
12/6/2017,1123.547974,1129.449396,1105.931981,1108.266122,1516859
12/7/2017,1137.949097,1144.026636,1120.421269,1124.957301,1407824
12/8/2017,1168.512573,1172.344029,1137.376335,1141.868391,1267860
12/11/2017,1166.2229,1170.582816,1155.300962,1170.582816,597953
12/12/2017,1157.943481,1166.178938,1152.658683,1161.862998,873443
12/13/2017,1158.295654,1177.629164,1150.500491,1162.127111,917877
12/14/2017,1164.064819,1168.689018,1148.782967,1157.370763,834383
12/15/2017,1166.663208,1175.867521,1154.375988,1169.966207,1420357
12/18/2017,1173.004883,1184.675478,1145.876212,1162.655487,918171
12/19/2017,1188.815063,1190.840945,1168.380558,1174.193813,1227087
12/20/2017,1200.221558,1204.889731,1174.546229,1185.73234,1198943
12/21/2017,1187.714355,1202.423776,1184.763698,1202.291634,557871
12/22/2017,1194.805054,1197.447453,1181.416938,1181.416938,561400
12/26/2017,1187.406128,1192.51481,1180.271671,1189.43201,913529
12/27/2017,1191.237549,1201.410829,1182.605776,1189.784315,569851
12/28/2017,1193.043091,1217.969763,1188.022576,1196.12589,2608574
12/29/2017,1204.802124,1211.011806,1189.079867,1197.007066,799006
1/1/2018,1184.235229,1204.053223,1180.315714,1204.053223,746852
1/2/2018,1179.038452,1188.903473,1170.18648,1184.675592,695988
1/3/2018,1189.387939,1195.069162,1175.867685,1184.411399,832810
1/4/2018,1191.061401,1194.496542,1181.548722,1189.16766,640189
1/5/2018,1194.849121,1200.486154,1187.538439,1189.960639,568451
1/8/2018,1205.286133,1207.57619,1187.846259,1187.846259,801796
1/9/2018,1199.032593,1211.892246,1194.364312,1210.218705,708386
1/10/2018,1202.99646,1206.695776,1193.483779,1199.076836,939525
1/11/2018,1214.314819,1218.058219,1195.24548,1195.24548,629248
1/12/2018,1210.218628,1219.378965,1195.245035,1216.208108,872539
1/15/2018,1204.229492,1211.628232,1201.410976,1211.628232,1324592
1/16/2018,1217.264893,1223.870889,1201.190302,1206.078782,896453
1/17/2018,1207.752563,1225.192441,1203.392648,1223.430842,1409691
1/18/2018,1195.201294,1239.19731,1189.608236,1233.11977,2465412
1/19/2018,1200.045532,1209.205871,1189.123702,1207.047954,1491194
1/22/2018,1193.571777,1202.291717,1185.952838,1200.530117,1014403
1/23/2018,1205.242188,1208.765386,1189.123618,1198.504049,1284895
1/24/2018,1203.084595,1208.457453,1175.91194,1204.934253,1819330
1/25/2018,1209.117798,1213.741996,1197.491285,1205.72674,2125894
1/29/2018,1230.741821,1233.119938,1204.229657,1206.695939,1406390
1/30/2018,1233.339844,1241.927641,1224.399705,1230.741528,1310365
1/31/2018,1206.122925,1233.119454,1200.177527,1233.119454,1491912
2/1/2018,1207.796753,1219.731633,1189.960557,1209.338153,1563429
2/2/2018,1208.633545,1213.654169,1190.84143,1190.84143,1699619
2/5/2018,1194.144165,1199.16468,1181.37257,1190.929225,1585136
2/6/2018,1167.367798,1187.758331,1144.158749,1145.039548,1540401
2/7/2018,1156.181763,1171.463616,1151.249306,1164.417218,1561287
2/8/2018,1171.067383,1178.113781,1149.663905,1167.676218,1146084
2/9/2018,1174.150146,1180.271662,1155.433152,1161.774867,810004
2/12/2018,1184.191284,1188.991708,1174.238311,1180.271768,1166428
2/14/2018,1188.551147,1191.898122,1173.225211,1188.903489,857401
2/15/2018,1196.257935,1201.806907,1179.170402,1191.721795,844856
2/16/2018,1190.929077,1201.410614,1187.31782,1201.410614,1091144
2/19/2018,1176.660278,1197.006729,1170.406622,1197.006729,495950
2/20/2018,1173.049194,1183.222367,1169.569971,1173.357453,688130
2/21/2018,1171.992065,1179.390804,1165.298009,1179.390804,1406451
2/22/2018,1168.33667,1174.810633,1156.710157,1171.55161,2173259
2/23/2018,1165.430298,1172.873013,1162.831874,1168.380956,896708
2/26/2018,1174.370239,1178.862296,1159.352562,1159.352562,1109668
2/27/2018,1185.864868,1191.281809,1175.07507,1180.271811,1316559
2/28/2018,1160.673706,1178.950298,1154.728309,1178.86224,1862621
3/1/2018,1166.399048,1170.582847,1157.591051,1162.655649,961945
3/5/2018,1144.819336,1163.492245,1139.534538,1162.655529,842790
3/6/2018,1139.050049,1151.997868,1135.52685,1145.039529,738512
3/7/2018,1139.622437,1151.73343,1137.200238,1138.917861,917890
3/8/2018,1139.005737,1149.927671,1131.122518,1145.039192,739272
3/9/2018,1145.700317,1147.682117,1132.796579,1140.635719,852176
3/12/2018,1166.355103,1169.658102,1139.799073,1149.443789,874857
3/13/2018,1163.140137,1172.740768,1157.106572,1166.971594,1067772
3/14/2018,1159.925171,1167.059627,1154.860573,1160.365571,760665
3/15/2018,1144.995239,1162.655312,1139.974725,1157.282456,536838
3/16/2018,1144.290771,1154.463942,1128.392296,1147.681828,3646692
3/19/2018,1153.319092,1161.070064,1147.902152,1152.085951,1244199
3/20/2018,1156.710327,1163.096126,1150.324529,1150.324529,1249242
3/21/2018,1158.780273,1165.386272,1149.443816,1156.710415,1698614
3/22/2018,1155.477173,1163.096112,1153.010998,1156.049714,950972
3/23/2018,1146.493164,1157.371021,1130.770908,1136.231824,1301609
3/26/2018,1166.443115,1171.375572,1143.27804,1147.682038,1032138
3/27/2018,1173.929688,1180.271401,1163.668351,1179.390602,1040328
3/28/2018,1174.414429,1179.743311,1164.593489,1167.984654,1337677
4/2/2018,1190.224609,1198.372006,1158.251539,1158.251539,708747
4/3/2018,1187.670288,1193.923944,1179.082491,1186.525206,979726
4/4/2018,1195.641479,1197.887562,1179.875251,1187.317966,912607
4/5/2018,1217.441406,1218.850772,1200.265811,1215.50369,588716
4/6/2018,1210.923584,1217.221216,1200.045621,1217.221216,633937
4/9/2018,1225.720947,1229.948829,1204.493694,1204.890011,923543
4/10/2018,1225.632935,1235.586015,1221.669335,1232.062816,969036
4/11/2018,1241.178711,1251.175764,1220.391863,1226.953777,1015714
4/12/2018,1244.349731,1247.21233,1230.565195,1240.165933,510556
4/13/2018,1242.412231,1245.318806,1232.415067,1243.689348,534981
4/16/2018,1250.295044,1253.553959,1237.391308,1240.95859,325041
4/17/2018,1273.23999,1277.599906,1250.559399,1251.175916,1176082
4/18/2018,1277.600098,1282.576638,1268.3517,1277.600098,765225
4/19/2018,1280.858765,1292.925784,1275.706108,1278.39259,682820
4/20/2018,1292.837769,1296.669226,1269.408412,1270.113095,674146
4/23/2018,1279.581665,1295.656258,1277.159466,1295.656258,395622
4/24/2018,1285.65918,1294.555234,1273.371961,1289.490637,1218174
4/25/2018,1285.262939,1288.610021,1276.322908,1285.086823,504777
4/26/2018,1313.492432,1319.966287,1285.835302,1288.609842,1321586
4/27/2018,1298.254883,1318.997762,1294.687708,1313.492763,818770
4/30/2018,1329.038574,1333.134314,1298.783129,1299.179445,612159
5/2/2018,1296.493164,1333.530837,1290.06339,1331.769237,1047583
5/3/2018,1279.097412,1293.850809,1269.760956,1290.900151,1243694
5/4/2018,1289.666748,1295.656228,1275.089579,1281.563435,586841
5/7/2018,1319.349854,1322.961111,1290.371523,1296.889462,887065
5/8/2018,1317.720459,1325.427457,1302.262381,1315.914777,906975
5/9/2018,1317.676392,1330.888388,1309.088594,1318.469133,759263
5/10/2018,1309.308594,1327.232844,1303.583396,1315.914591,932116
5/11/2018,1324.811035,1326.484576,1308.075838,1311.510979,591179
5/14/2018,1324.326538,1339.872568,1315.95894,1334.411652,1479249
5/15/2018,1334.851929,1358.545462,1330.44793,1347.623524,3239290
5/16/2018,1386.466797,1393.777477,1327.012817,1329.126757,2420630
5/17/2018,1382.679199,1406.108446,1374.26752,1386.466573,2082393
5/18/2018,1414.388062,1420.289376,1376.954078,1376.954078,2041908
5/21/2018,1390.474487,1426.367076,1385.54203,1420.729936,1510806
5/22/2018,1386.643066,1399.546697,1372.462105,1379.112186,1137466
5/23/2018,1381.182007,1397.212626,1374.92835,1380.213149,891664
5/24/2018,1375.016479,1384.30896,1365.283707,1382.943677,915840
5/25/2018,1387.92041,1401.572808,1371.669695,1379.332611,968884
5/28/2018,1394.173828,1396.684086,1388.140371,1396.067569,563972
5/29/2018,1385.233643,1407.341801,1377.306445,1387.744008,944652
5/30/2018,1396.772095,1404.699291,1371.405022,1382.415018,1089156
5/31/2018,1419.364624,1424.825647,1391.399234,1404.875512,3315162
6/1/2018,1399.458618,1430.771091,1392.63242,1420.729953,1444570
6/4/2018,1376.865967,1400.47144,1372.285852,1400.47144,857157
6/5/2018,1376.513916,1385.498031,1362.64132,1377.570833,1531015
6/6/2018,1383.868408,1390.782664,1371.801388,1375.016329,1085135
6/7/2018,1411.96582,1415.180653,1387.259349,1387.259349,1479204
6/8/2018,1405.404297,1410.380838,1392.98504,1409.191779,760059
6/11/2018,1410.512573,1424.253026,1395.538979,1405.756234,905198
6/12/2018,1443.145996,1448.915276,1400.823642,1413.507177,1707972
6/13/2018,1427.952515,1448.695392,1426.455198,1448.034792,845842
6/14/2018,1417.734985,1448.034512,1407.782015,1424.957606,1348038
6/15/2018,1428.040771,1434.734829,1400.471694,1400.471694,2101892
6/18/2018,1416.810425,1443.630733,1412.362343,1435.659453,846403
6/19/2018,1410.160156,1419.848952,1400.207078,1412.450214,1118708
6/20/2018,1411.393555,1424.781668,1406.637214,1406.637214,1535703
6/21/2018,1414.099976,1429.230965,1409.263441,1414.588114,1185462
6/22/2018,1427.10144,1429.408778,1403.051683,1412.813586,1098709
6/25/2018,1433.358032,1445.649134,1426.480328,1434.112339,1082199
6/26/2018,1439.215088,1447.246515,1432.559245,1433.224829,759142
6/27/2018,1428.166138,1470.186662,1418.448544,1445.648771,2251405
6/28/2018,1422.353516,1438.105676,1416.363257,1428.787497,1177218
6/29/2018,1456.431519,1459.848163,1424.749642,1424.749642,1722592
7/2/2018,1458.472412,1462.288471,1442.1435,1456.209491,1099574
7/3/2018,1458.516846,1474.135867,1450.973558,1459.848014,1381265
7/4/2018,1487.358643,1493.038315,1455.100021,1457.185496,1244751
7/5/2018,1498.008301,1501.868668,1480.614387,1490.02129,1449303
7/6/2018,1489.400146,1506.572199,1484.164195,1498.895772,1458899
7/9/2018,1501.469116,1505.107621,1485.58382,1492.683384,773248
7/10/2018,1497.120728,1507.636936,1489.22244,1502.667263,1093651
7/11/2018,1524.764648,1527.293847,1490.065548,1495.345806,1158397
7/12/2018,1546.240723,1552.497257,1524.853307,1526.406336,1471465
7/13/2018,1546.50708,1553.074199,1529.956198,1545.930219,976456
7/16/2018,1554.138916,1578.765528,1547.571798,1552.852163,2218046
7/17/2018,1492.416992,1579.652925,1489.310933,1568.116134,6188478
7/18/2018,1458.73877,1508.39131,1443.874055,1502.445467,2372869
7/19/2018,1462.022217,1482.034158,1458.649989,1465.971415,1457149
7/20/2018,1469.476807,1483.320937,1445.471468,1469.521222,1734748
7/23/2018,1499.472534,1511.275496,1473.647888,1481.102345,1382893
7/24/2018,1480.17041,1517.265568,1475.333767,1508.65739,1084438
7/25/2018,1466.903198,1490.420507,1453.857791,1482.921635,1526620
7/26/2018,1481.989502,1490.597788,1459.892197,1468.722236,2088548
7/27/2018,1472.272461,1486.294147,1456.697745,1482.034364,1030665
7/30/2018,1498.629395,1501.558008,1465.172738,1478.706283,1237254
7/31/2018,1536.745239,1541.892359,1492.417265,1499.783107,1877744
8/1/2018,1539.096924,1546.817657,1525.163963,1537.898786,1191134
8/2/2018,1551.69873,1561.682494,1543.267997,1546.152195,1127209
8/3/2018,1564.566528,1568.426895,1550.278676,1556.579518,758933
8/6/2018,1535.547241,1561.904334,1522.013695,1561.904334,1629015
8/7/2018,1535.325317,1545.930249,1529.956228,1535.990902,863577
8/8/2018,1559.374878,1564.566412,1527.604286,1533.50582,1423256
8/9/2018,1556.756958,1566.341413,1542.557829,1563.235354,939345
8/10/2018,1555.425903,1565.099082,1545.486556,1553.029843,730724
8/13/2018,1534.260376,1558.79827,1531.509316,1543.267971,691024
8/14/2018,1547.92688,1561.282979,1534.393335,1534.393335,850399
8/16/2018,1541.8479,1554.760168,1535.813227,1545.042683,638454
8/17/2018,1583.86853,1587.285174,1536.833914,1545.131508,1420289
8/20/2018,1576.990723,1605.078396,1573.618386,1588.527515,924623
8/21/2018,1555.248169,1576.990583,1553.029555,1576.990583,1169476
8/23/2018,1573.26355,1582.759174,1559.685589,1566.297015,1375102
8/24/2018,1580.496216,1587.640196,1563.901026,1573.662928,866648
8/27/2018,1590.569092,1595.627489,1578.499743,1589.415369,627163
8/28/2018,1571.843628,1589.370679,1568.870707,1587.640203,991764
8/29/2018,1558.221313,1579.1207,1554.139085,1575.215918,777922
8/30/2018,1573.307739,1579.475551,1557.466859,1557.466859,1586926
8/31/2018,1579.741943,1588.483261,1566.341536,1576.990884,1335542
9/3/2018,1507.858765,1589.858758,1504.974567,1589.858758,1744229
9/4/2018,1465.349976,1506.838053,1441.078363,1505.995023,3852609
9/5/2018,1430.296143,1462.111157,1416.363289,1458.073235,2693195
9/6/2018,1427.545166,1452.304923,1418.715124,1440.723713,2008264
9/7/2018,1454.301392,1459.581649,1420.800322,1430.4735,1571003
9/10/2018,1429.053711,1455.765802,1423.46276,1448.932406,1423511
9/11/2018,1411.615356,1441.211645,1398.658672,1431.449744,2381214
9/12/2018,1443.740845,1452.659716,1408.819882,1419.868537,1789295
9/14/2018,1445.915161,1463.397796,1431.006032,1453.547172,1920969
9/17/2018,1424.74939,1442.986439,1415.475627,1437.661766,904395
9/18/2018,1477.552734,1482.877409,1435.8872,1439.436983,2932792
9/19/2018,1461.71167,1489.577484,1452.881629,1482.921642,1589108
9/21/2018,1438.815796,1470.408842,1425.50411,1465.172891,3032792
9/24/2018,1411.437622,1454.966866,1388.053455,1439.480986,1817390
9/25/2018,1447.290527,1455.410676,1399.546023,1419.912854,1229970
9/26/2018,1429.453003,1463.397797,1418.138072,1459.315569,980726
9/27/2018,1437.750488,1442.098993,1422.752637,1428.78731,1572603
9/28/2018,1427.367432,1444.140174,1419.957283,1437.750501,1735076
10/1/2018,1457.451904,1466.415083,1421.332805,1425.68131,1721675
10/3/2018,1436.641235,1457.230038,1425.814443,1457.185622,1213562
10/4/2018,1396.795044,1422.397938,1386.278835,1419.913047,1544573
10/5/2018,1383.12854,1397.59384,1356.549476,1383.97157,1638027
10/8/2018,1383.838379,1393.644697,1364.092713,1376.428229,1998863
10/9/2018,1342.217285,1393.289832,1324.512786,1387.077711,1562134
10/10/2018,1355.706177,1369.50589,1322.781969,1342.261355,2294071
10/11/2018,1354.330688,1366.666204,1310.934578,1322.293924,1823960
10/12/2018,1392.93457,1399.945412,1366.754926,1380.421609,1728063
10/15/2018,1354.508301,1413.656465,1331.168438,1375.274442,3913322
10/16/2018,1372.168457,1382.241052,1354.685821,1362.850277,1374834
10/17/2018,1386.189941,1400.211624,1372.035228,1382.728882,1223188
10/19/2018,1400.744263,1407.266967,1369.37308,1376.605676,932433
10/22/2018,1406.512573,1411.038524,1390.272275,1409.263633,614209
10/23/2018,1377.359863,1403.938813,1373.321943,1398.214833,989355
10/24/2018,1407.444336,1411.92598,1377.6706,1386.190057,690618
10/25/2018,1402.624756,1420.653422,1385.756288,1404.811363,2397242
10/26/2018,1390.754395,1409.720241,1383.346514,1398.65309,1049382
10/29/2018,1385.979614,1391.825493,1358.401017,1391.825493,1478828
10/30/2018,1421.813721,1431.22964,1376.652608,1386.871917,1366068
10/31/2018,1447.384399,1449.437217,1394.056891,1421.769389,1478902
11/1/2018,1434.844604,1449.883385,1413.335122,1449.883385,1037308
11/2/2018,1462.33374,1471.035717,1435.379968,1437.566575,1332970
11/5/2018,1463.761963,1469.964868,1436.941977,1459.254741,764645
11/6/2018,1456.532227,1476.212123,1445.956001,1472.642082,656676
11/7/2018,1467.15332,1469.920081,1458.71914,1463.717177,114827
11/9/2018,1492.81311,1499.41771,1462.200064,1472.642394,1125863
11/12/2018,1476.47998,1501.157806,1471.92809,1492.277371,805817
11/13/2018,1491.474243,1498.168072,1460.638071,1467.37646,673435
11/14/2018,1531.101563,1552.521812,1488.751988,1492.277361,1780843
11/15/2018,1522.667358,1542.614943,1514.277739,1533.109686,997169
11/16/2018,1507.539673,1533.333252,1502.363177,1521.641384,1071547
11/19/2018,1518.517212,1523.515248,1496.739936,1511.287899,910054
11/20/2018,1511.912842,1526.103781,1503.924916,1518.160416,740827
11/21/2018,1508.298096,1522.622933,1498.257352,1508.387434,932133
11/22/2018,1495.044312,1520.57009,1484.244956,1510.931042,808599
11/26/2018,1556.538208,1561.893271,1497.721748,1497.721748,2314140
11/27/2018,1546.988281,1554.306823,1525.523363,1551.986318,1592918
11/28/2018,1546.006592,1560.108301,1532.217349,1544.935623,1205956
11/29/2018,1578.404785,1588.668656,1550.73696,1558.23407,1936534
11/30/2018,1565.463501,1605.001762,1554.976502,1580.591511,2373749
12/3/2018,1629.366943,1640.701891,1560.152828,1579.297132,4310053
12/4/2018,1613.34668,1650.207299,1607.411463,1637.756821,3155914
12/5/2018,1649.44873,1655.428617,1595.808868,1609.196526,2847336
12/6/2018,1607.857422,1648.466643,1604.421279,1642.219071,2399579
12/7/2018,1628.206787,1635.748457,1599.467886,1607.679048,1774240
12/10/2018,1602.770142,1619.906297,1597.593538,1603.662652,1216028
12/11/2018,1601.967041,1624.279802,1579.832738,1589.561124,2237806
12/12/2018,1641.415894,1646.726396,1602.904047,1602.948716,1449484
12/13/2018,1656.097778,1666.718565,1639.586335,1649.359281,1586900
12/14/2018,1660.560547,1665.290787,1635.74871,1639.54188,1573884
12/17/2018,1651.769043,1668.548283,1646.726446,1664.531986,1179613
12/18/2018,1642.888794,1650.162777,1635.971837,1650.162777,1521255
12/19/2018,1646.503296,1658.28439,1644.004223,1651.099637,1687085
12/20/2018,1637.087402,1655.517766,1625.261638,1641.326827,1500656
12/21/2018,1609.6427,1644.539839,1606.518913,1635.97176,1439522
12/24/2018,1592.81897,1619.014132,1586.482167,1619.014132,1023418
12/26/2018,1599.021729,1605.313971,1554.083848,1570.81842,2212019
12/27/2018,1619.817139,1627.046451,1600.405038,1608.928446,1516851
12/28/2018,1626.19873,1637.667468,1620.531202,1622.49479,963189
12/31/2018,1624.056396,1639.452199,1616.559288,1633.293856,757071
1/1/2019,1607.500488,1628.653051,1605.046085,1628.653051,807345
1/2/2019,1592.77417,1614.417549,1580.903846,1599.735795,1598707
1/3/2019,1596.165527,1609.597743,1590.988924,1590.988924,1182624
1/4/2019,1590.185913,1608.30392,1581.662503,1605.537159,1454134
1/7/2019,1593.086426,1610.088793,1590.85515,1598.932413,909032
1/8/2019,1580.501953,1600.717335,1571.799977,1599.378569,1262707
1/9/2019,1593.131226,1603.841351,1582.778126,1586.437397,1324628
1/10/2019,1594.202393,1605.715801,1587.77636,1593.131423,1313981
1/11/2019,1579.208008,1602.413279,1569.524291,1602.056253,1113837
1/14/2019,1574.299194,1589.337974,1570.907611,1580.635997,1018068
1/15/2019,1597.459839,1600.628295,1577.423022,1577.423022,1614600
1/16/2019,1582.019287,1601.877643,1576.887353,1597.593549,2054033
1/17/2019,1563.232056,1587.999221,1555.199462,1585.901843,1941204
1/18/2019,1556.627441,1578.717075,1541.633331,1561.893275,3234056
1/21/2019,1559.126587,1569.033432,1549.44287,1561.000837,1628067
1/22/2019,1562.071777,1566.355871,1554.083852,1558.323277,1776472
1/23/2019,1577.244507,1592.283396,1561.357885,1563.678391,2321782
1/24/2019,1570.372314,1592.283492,1567.873241,1576.887685,1350870
1/25/2019,1567.96228,1587.55284,1561.893166,1572.603291,1131790
1/28/2019,1555.645874,1581.127094,1553.102241,1569.836813,1289774
1/29/2019,1567.873047,1574.254518,1540.562249,1557.430718,1319822
1/30/2019,1547.032959,1571.487767,1542.347279,1570.818384,1259978
1/31/2019,1573.718994,1584.116762,1548.728702,1549.308856,1880257
2/1/2019,1605.894165,1635.52547,1572.112556,1573.719118,2342251
2/4/2019,1608.839355,1627.046591,1601.788501,1606.429621,1116390
2/5/2019,1625.663208,1637.7121,1610.936785,1610.981454,1278708
2/6/2019,1633.249634,1639.050952,1624.369197,1631.866308,859789
2/7/2019,1641.371582,1646.681976,1631.821654,1636.86436,927434
2/8/2019,1621.959106,1648.46662,1616.336248,1641.415767,1222765
2/11/2019,1610.803101,1620.263691,1602.725836,1616.381292,797453
2/12/2019,1601.609985,1617.228918,1596.701178,1615.443897,990035
2/14/2019,1593.175903,1605.180126,1585.99115,1602.94885,1341658
2/15/2019,1582.242432,1597.593566,1559.661876,1597.593566,1177218
2/18/2019,1563.589111,1584.295311,1548.505663,1584.295311,1513430
2/19/2019,1551.13855,1570.461424,1544.444721,1561.893345,1598381
2/20/2019,1547.16687,1558.278582,1536.903,1555.377923,1430235
2/21/2019,1566.088135,1569.033463,1549.710589,1550.290742,1225418
2/22/2019,1578.449585,1582.421213,1563.633823,1570.818576,1360163
2/25/2019,1579.877319,1584.920025,1569.925807,1581.528442,1490746
2/26/2019,1581.751465,1593.934253,1572.603234,1573.85277,2190515
2/27/2019,1549.844238,1587.775929,1542.748825,1587.775929,1491740
2/28/2019,1546.408203,1567.828453,1541.900982,1561.000727,1895136
3/1/2019,1548.193359,1561.000863,1544.980343,1548.505716,761115
3/5/2019,1539.223633,1552.789858,1532.88683,1552.789858,1406843
3/6/2019,1517.089722,1544.043501,1515.43849,1540.562688,2193045
3/7/2019,1522.087402,1535.118034,1517.089365,1522.935244,1566441
3/8/2019,1518.696045,1533.333241,1512.894726,1522.623113,1419614
3/11/2019,1530.610596,1540.472879,1519.94514,1525.077075,1427771
3/12/2019,1548.327148,1552.075649,1534.046981,1534.136211,1861116
3/13/2019,1559.751221,1566.802075,1553.949903,1561.000757,1744331
3/14/2019,1550.558594,1563.410658,1544.221682,1562.562817,867427
3/15/2019,1515.8396,1558.769326,1512.314118,1557.43056,3571762
3/18/2019,1515.081055,1527.040607,1505.575797,1526.192765,1621113
3/19/2019,1516.955566,1525.657544,1506.736255,1515.125876,1456211
3/20/2019,1506.156128,1531.994263,1502.496748,1521.730392,2312268
3/22/2019,1497.677368,1520.704075,1493.79486,1506.156218,1636228
3/25/2019,1493.928589,1506.111378,1481.567341,1494.062487,2039945
3/26/2019,1502.809082,1509.726038,1494.062436,1499.32827,1452899
3/27/2019,1500.13147,1524.22925,1494.954866,1502.987459,1520533
3/28/2019,1502.898315,1510.127628,1493.526956,1503.880055,1852958
4/1/2019,1508.342651,1536.322832,1504.77261,1526.19286,1283162
4/2/2019,1505.799194,1514.590401,1499.506951,1511.154258,1227869
4/3/2019,1491.206299,1505.307897,1489.28738,1501.202371,1233102
4/4/2019,1487.413452,1505.308223,1479.782444,1488.707549,1212398
4/5/2019,1480.763916,1491.831066,1472.642094,1490.492301,1468074
4/8/2019,1485.940796,1499.194555,1478.800712,1485.940796,1647502
4/9/2019,1499.863892,1502.898449,1483.575575,1489.421562,1232434
4/10/2019,1512.046631,1521.417991,1494.955034,1503.612342,1720236
4/11/2019,1526.549805,1531.994096,1515.527323,1519.945206,2026954
4/12/2019,1536.59082,1539.312912,1526.371509,1531.90514,1437818
4/15/2019,1536.947632,1545.114015,1528.959598,1539.580494,1035378
4/16/2019,1551.673706,1554.752823,1531.681455,1540.472659,1625738
4/18/2019,1552.879028,1556.627529,1543.37377,1551.674161,1475552
4/22/2019,1552.834473,1557.430924,1544.132495,1552.968371,717781
4/23/2019,1556.716797,1560.10838,1546.809952,1554.753317,802947
4/24/2019,1564.213867,1566.355914,1548.505704,1557.073783,1169461
4/25/2019,1547.791626,1573.138945,1541.544053,1567.248398,1704890
4/26/2019,1559.52832,1562.607547,1540.60714,1551.183368,772993
4/30/2019,1568.765747,1572.603586,1557.386238,1561.893459,1171594
5/2/2019,1538.286499,1573.049739,1535.341171,1567.694676,793819
5/3/2019,1511.510986,1541.365415,1501.202448,1535.117842,1442888
5/6/2019,1489.51062,1505.665036,1477.997214,1505.665036,2373878
5/7/2019,1515.036621,1526.996284,1492.723858,1498.346718,2212617
5/8/2019,1507.182617,1515.036754,1494.955265,1515.036754,1243338
5/9/2019,1520.614624,1528.870345,1496.73997,1499.506731,1204995
5/10/2019,1506.06665,1525.300293,1498.078726,1525.255624,1000696
5/13/2019,1519.052734,1532.440391,1507.182302,1510.12763,1160287
5/14/2019,1515.929077,1526.192948,1499.596091,1517.267843,1442817
5/15/2019,1491.429688,1519.945354,1487.770307,1517.267822,1235429
5/16/2019,1506.736328,1517.267997,1492.456159,1494.687435,714690
5/17/2019,1550.112305,1554.931774,1504.058675,1508.431998,1502484
5/20/2019,1581.974854,1585.678794,1548.371812,1570.818472,1279236
5/21/2019,1593.35437,1604.242955,1582.331887,1582.331887,1337466
5/22/2019,1578.226196,1593.131077,1559.528038,1593.131077,1162653
5/23/2019,1565.329468,1610.892171,1557.430772,1593.979032,1551172
5/24/2019,1561.536255,1570.639927,1541.45477,1565.463323,1603085
5/27/2019,1581.483765,1585.053806,1549.398059,1561.000694,1373845
5/28/2019,1585.901611,1594.023433,1565.909358,1584.20582,2863139
5/29/2019,1589.427246,1597.013585,1580.100555,1584.206082,899619
5/30/2019,1592.461792,1599.378748,1589.561133,1595.808706,1038433
5/31/2019,1596.254883,1608.883927,1574.388378,1594.64832,1329926
6/3/2019,1641.951416,1646.681765,1599.378712,1601.163732,1415582
6/4/2019,1620.442017,1647.128102,1612.855677,1634.1867,842283
6/6/2019,1640.211182,1651.055206,1617.318265,1626.28804,1626007
6/7/2019,1633.963501,1646.458647,1619.906461,1635.971649,698970
6/10/2019,1653.375488,1664.487199,1637.756557,1642.04065,814577
6/11/2019,1642.040649,1657.213326,1635.168254,1655.695993,591026
6/12/2019,1648.555908,1654.044869,1626.198588,1640.434085,709916
6/13/2019,1647.12793,1649.983919,1627.091115,1648.511364,697830
6/14/2019,1627.001953,1654.045065,1621.111406,1644.896832,632971
6/17/2019,1622.628662,1634.98991,1610.624331,1634.98991,669276
6/18/2019,1615.086914,1622.717922,1600.271262,1615.890195,995083
6/19/2019,1616.96106,1628.786822,1608.303752,1621.51295,600455
6/20/2019,1622.669312,1626.624651,1610.488348,1617.230555,603514
6/21/2019,1588.149536,1628.917397,1582.441156,1627.119475,2512357
6/24/2019,1586.171509,1597.992867,1579.204562,1590.261825,762144
6/25/2019,1578.980103,1590.891337,1568.687042,1590.891337,941132
6/26/2019,1583.070435,1586.666279,1569.945625,1575.878746,1075017
6/27/2019,1595.116333,1606.937691,1582.396014,1589.362961,1235049
6/28/2019,1606.982788,1609.724663,1584.643627,1597.678563,1008229
7/1/2019,1600.330444,1617.141082,1593.543354,1617.141082,553283
7/2/2019,1608.420898,1616.331799,1591.160892,1603.746345,763979
7/3/2019,1604.375488,1615.297885,1597.363659,1611.836908,815571
7/4/2019,1612.376465,1616.961144,1600.645089,1600.645089,646633
7/5/2019,1610.398804,1632.513223,1605.544392,1618.129847,1098940
7/8/2019,1576.373291,1604.420834,1572.013242,1604.420834,776755
7/9/2019,1564.41687,1578.575506,1549.898628,1574.979662,1462668
7/10/2019,1544.954346,1577.586674,1531.02045,1563.293172,648476
7/11/2019,1556.011597,1566.574388,1535.425368,1535.425368,813618
7/12/2019,1540.100098,1562.619117,1535.650284,1552.326056,1107445
7/15/2019,1543.470825,1550.437772,1530.031404,1541.717895,725180
7/16/2019,1565.360718,1573.720989,1539.695339,1549.359169,1259786
7/17/2019,1582.800293,1587.160341,1551.47153,1564.191848,1278232
7/18/2019,1563.428101,1587.565182,1536.324404,1587.565182,1006299
7/19/2019,1546.57251,1583.924273,1536.459199,1571.383811,983217
7/22/2019,1510.883545,1550.437825,1491.421129,1548.280406,1729722
7/23/2019,1522.255493,1529.627039,1498.837626,1512.951269,1556691
7/24/2019,1553.988892,1557.000389,1508.995851,1514.749224,2621818
7/25/2019,1561.180542,1573.091774,1553.404508,1555.20243,1297267
7/26/2019,1555.786865,1565.990051,1545.58368,1556.191354,771408
7/29/2019,1540.189941,1564.012408,1528.233716,1554.303585,688427
7/30/2019,1546.123169,1559.113113,1532.728627,1541.718238,747251
7/31/2019,1552.191162,1575.923756,1529.177781,1545.314088,1371879
8/1/2019,1556.371582,1568.417574,1537.223664,1547.112238,1072498
8/2/2019,1561.899902,1565.990219,1533.62762,1548.190746,1051529
8/5/2019,1565.270996,1576.283269,1535.1558,1553.31488,1539739
8/6/2019,1567.87793,1582.171432,1553.00019,1556.551043,1409075
8/7/2019,1597.678467,1606.353463,1564.192169,1567.877887,2507314
8/8/2019,1620.916748,1624.422718,1600.600249,1600.600249,1761732
8/9/2019,1655.301636,1660.066172,1618.938711,1622.624429,1730596
8/13/2019,1640.379028,1652.290261,1620.062532,1652.290261,1907934
8/14/2019,1653.234375,1666.808665,1625.950819,1641.502889,1910376
8/16/2019,1643.88501,1660.875394,1632.558123,1652.290273,1468390
8/19/2019,1636.918091,1658.583029,1628.018355,1645.23348,905742
8/20/2019,1657.144531,1662.807919,1629.816098,1637.906746,1231835
8/21/2019,1663.077759,1668.246784,1650.492305,1656.695158,1933855
8/22/2019,1682.944946,1690.04676,1655.796367,1663.482418,2543055
8/23/2019,1672.067505,1687.664457,1663.662241,1685.32718,1278546
8/26/2019,1686.945313,1693.372796,1663.077854,1678.809672,855849
8/27/2019,1673.325928,1698.137228,1655.841071,1693.642423,2510386
8/28/2019,1643.390625,1661.639578,1629.366855,1649.593478,2519453
8/29/2019,1647.750732,1657.369682,1630.805337,1633.412347,2837369
8/30/2019,1691.754639,1695.799963,1642.536527,1648.874135,1766858
9/3/2019,1655.751221,1686.271011,1649.59336,1674.764267,1195923
9/4/2019,1660.021484,1671.213616,1633.681991,1660.381091,1147464
9/5/2019,1644.874023,1657.639227,1634.446097,1655.886297,1059065
9/6/2019,1635.344849,1657.09966,1630.894926,1645.997514,631575
9/9/2019,1648.739624,1670.269698,1631.973978,1635.210216,1175372
9/11/2019,1639.974487,1660.875329,1633.681761,1645.997482,1055039
9/12/2019,1622.984131,1648.334786,1616.781278,1641.502705,862635
9/13/2019,1623.119263,1640.604012,1612.376612,1623.523751,1299932
9/16/2019,1632.782959,1640.379136,1618.12985,1619.028811,945889
9/17/2019,1646.17749,1655.886314,1628.917481,1631.389624,1424258
9/18/2019,1644.379517,1657.639192,1634.895543,1653.638859,751391
9/19/2019,1629.591675,1657.324602,1625.54635,1645.098753,644684
9/20/2019,1770.728394,1790.730275,1627.344117,1638.80587,4539742
9/23/2019,1833.655762,1888.402401,1783.538684,1783.538684,3783357
9/24/2019,1843.274414,1858.961239,1806.102401,1838.375121,1784798
9/25/2019,1844.218384,1854.061962,1808.57456,1834.779294,1874109
9/26/2019,1828.846313,1865.344109,1813.159378,1847.364888,3907951
9/27/2019,1807.720703,1838.060637,1802.866292,1821.294992,1458672
9/30/2019,1781.695801,1814.013516,1772.211828,1805.023906,2169407
10/1/2019,1789.202148,1815.811372,1782.639689,1788.033455,1080409
10/3/2019,1763.806641,1784.707486,1760.480419,1784.213013,1423468
10/4/2019,1747.759888,1777.515584,1743.175209,1767.357281,1723988
10/7/2019,1744.029419,1764.615539,1732.88228,1747.535279,880275
10/9/2019,1751.175903,1764.390585,1745.107917,1752.973825,1066739
10/10/2019,1769.82959,1782.190304,1740.029009,1751.176148,1492290
10/11/2019,1802.102051,1813.114322,1775.897318,1785.201541,1934337
10/14/2019,1810.7323,1826.194386,1803.540611,1818.058854,2135148
10/15/2019,1855.814941,1867.41167,1821.11518,1842.869991,5761733
10/16/2019,1861.748169,1869.838818,1845.207375,1856.624135,1661705
10/17/2019,1891.279175,1895.009775,1853.612577,1858.601855,2001245
10/18/2019,1893.975952,1902.201357,1879.457601,1887.817982,2202270
10/22/2019,1912.405029,1931.86745,1898.605888,1905.797577,1737401
10/23/2019,1927.676025,1931.471242,1895.822947,1915.20584,1535786
10/24/2019,1927.766602,1942.812011,1913.940965,1934.67931,973453
10/25/2019,1938.384155,1948.685488,1924.106703,1940.598013,1612038
10/27/2019,1933.549805,1941.004781,1928.805729,1941.004781,85187
10/29/2019,1952.028931,1955.417556,1907.931574,1929.257412,1229516
10/30/2019,1960.342163,1969.920765,1935.582697,1969.920765,1195298
10/31/2019,1965.719116,1976.472266,1951.215755,1956.366422,1752830
11/1/2019,1969.333374,1973.806315,1939.558479,1956.456599,1609685
11/4/2019,1950.176514,1976.110971,1942.631306,1969.33372,1523698
11/5/2019,1962.827393,1966.080561,1936.622021,1945.974716,2167085
11/6/2019,1969.423706,1973.535282,1947.329914,1957.269881,1093243
11/7/2019,1932.19458,1978.95762,1922.932336,1978.95762,1970785
11/8/2019,1885.340454,1938.428911,1882.268189,1929.257121,1537851
11/11/2019,1880.777588,1897.675489,1868.759219,1880.732362,1050170
11/13/2019,1889.497681,1893.021763,1872.735235,1883.172246,868433
11/14/2019,1869.662842,1889.136187,1862.795139,1889.136187,1291198
11/15/2019,1859.406494,1896.7266,1852.945603,1863.51807,958290
11/18/2019,1858.051147,1875.355861,1841.605062,1861.304316,1200573
11/19/2019,1841.37915,1861.530221,1834.375991,1861.530221,1413218
11/20/2019,1831.213135,1855.023964,1822.673843,1847.02672,989673
11/21/2019,1851.228516,1861.439617,1822.628606,1831.66494,1397175
11/22/2019,1832.88501,1855.34028,1814.49609,1852.448697,835864
11/25/2019,1863.653687,1867.765263,1827.237322,1827.237322,862520
11/26/2019,1859.994141,1880.235443,1836.454443,1860.581414,3188224
11/27/2019,1891.530884,1897.539959,1857.735078,1863.789379,1259986
11/28/2019,1886.018433,1896.139304,1867.810307,1895.777718,1026831
11/29/2019,1839.165527,1883.624257,1835.279859,1883.17244,1298616
12/2/2019,1846.303833,1863.292186,1833.69819,1841.604983,1600494
12/3/2019,1832.97522,1855.249917,1825.475128,1844.315864,1199012
12/4/2019,1850.641479,1854.256014,1827.147008,1831.665175,1046309
12/5/2019,1841.10791,1850.460605,1831.936119,1850.460605,961085
12/6/2019,1830.806763,1851.545108,1827.147003,1847.02694,657658
12/9/2019,1814.631714,1836.228578,1799.315059,1834.376085,964222
12/10/2019,1830.174072,1844.858117,1817.206954,1820.731146,1610623
12/11/2019,1816.709839,1834.375917,1805.459646,1832.478309,967708
12/12/2019,1813.908691,1838.442363,1809.074274,1816.303342,955318
12/13/2019,1812.869507,1828.954227,1807.267023,1823.939017,1212988
12/16/2019,1784.450195,1817.206909,1778.486236,1807.26694,1683941
12/17/2019,1772.341431,1802.703492,1762.085213,1788.290583,2189167
12/18/2019,1742.702515,1777.085705,1723.545417,1771.121745,3986106
12/19/2019,1763.079102,1776.904737,1744.057685,1745.729384,2035095
12/20/2019,1755.850098,1771.031183,1745.322746,1762.08519,2169685
12/23/2019,1762.446655,1772.928781,1757.024855,1761.407455,807062
12/24/2019,1758.832153,1775.459031,1753.410353,1763.892479,790621
12/26/2019,1757.521851,1765.925686,1751.693459,1762.808195,862164
12/27/2019,1761.994629,1766.106094,1747.626837,1759.283729,937907
12/30/2019,1750.564087,1765.925857,1741.75366,1761.995073,1117498
12/31/2019,1737.687378,1759.013108,1735.066818,1753.049149,706593
1/1/2020,1749.931396,1752.958546,1733.168952,1744.012553,543035
1/2/2020,1751.287109,1764.434912,1744.012815,1753.049151,663275
1/3/2020,1741.708374,1753.049019,1733.846807,1751.15141,1598825
1/6/2020,1730.864624,1743.470377,1727.069408,1741.617884,683129
1/7/2020,1735.608765,1744.916234,1733.168998,1734.29854,808935
1/8/2020,1743.425171,1749.479581,1722.731943,1725.939886,1889685
1/9/2020,1748.57605,1759.64556,1744.91629,1754.449668,1544334
1/10/2020,1765.699829,1768.862546,1745.503643,1753.862253,1003336
1/13/2020,1802.613403,1805.324304,1768.410895,1772.025429,2040089
1/14/2020,1815.218872,1820.776129,1791.362928,1803.200503,1610737
1/15/2020,1826.830566,1831.664983,1804.87223,1817.342415,1559491
1/16/2020,1851.770752,1856.69551,1821.815283,1827.146742,2468958
1/17/2020,1861.756226,1865.009174,1843.457646,1856.966924,994719
1/20/2020,1864.060425,1875.852665,1852.448646,1861.936798,829399
1/21/2020,1857.328003,1875.039306,1854.391194,1861.258896,750000
1/22/2020,1853.984741,1864.64766,1831.845721,1864.195844,983169
1/23/2020,1858.683594,1862.253122,1838.894109,1854.02997,708017
1/24/2020,1873.864746,1878.654048,1852.493902,1858.774111,914993
1/27/2020,1862.704834,1869.391633,1858.548032,1866.906641,429312
1/28/2020,1862.0271,1866.002998,1845.851929,1863.292098,777052
1/29/2020,1874.316772,1884.79901,1863.337712,1863.337712,873433
1/30/2020,1859.768188,1877.750407,1851.951626,1874.949055,952768
1/31/2020,1838.216431,1868.939969,1825.384879,1865.099527,1930834
2/3/2020,1968.972412,1983.972818,1874.949291,1874.949291,4012542
2/4/2020,1947.872437,1991.788892,1933.775666,1967.210105,1932121
2/5/2020,1952.119385,1973.535453,1946.335998,1958.53505,1514368
2/6/2020,1948.595093,1984.604974,1928.399017,1957.270062,1302116
2/7/2020,1951.803223,1962.692051,1935.22168,1956.366616,908152
2/10/2020,1951.21582,1978.550733,1944.348118,1951.938771,1389847
2/11/2020,1945.206543,1969.604647,1940.733601,1959.981039,777506
2/12/2020,2042.528198,2053.055441,1947.330315,1949.228034,4753325
2/13/2020,2063.356445,2068.371655,2017.858635,2038.596978,2950407
2/14/2020,2037.738892,2076.188543,2029.786872,2053.95907,1728651
2/17/2020,2035.525146,2068.417321,2027.030858,2031.368344,1420851
2/18/2020,2019.078491,2044.87727,2007.963976,2035.524796,1194605
2/19/2020,2071.263672,2085.767035,2025.26881,2033.356286,1299800
2/20/2020,2031.59436,2069.27584,2026.398467,2062.272679,1555224
2/24/2020,2001.683716,2044.019035,1997.120543,2021.247514,1409245
2/25/2020,2018.355713,2060.013082,2011.262102,2024.048427,2237493
2/26/2020,2020.705322,2038.326177,1990.117459,2023.054858,2896154
2/27/2020,2037.648315,2041.940575,1987.993699,2025.90108,2446802
2/28/2020,1965.176758,2014.560235,1947.329998,1979.951252,3837330
3/2/2020,1951.35144,2025.901209,1935.447622,1978.95749,1707337
3/3/2020,1957.857788,1978.596357,1935.312172,1962.601865,1753148
3/4/2020,1966.171143,1974.484527,1944.619394,1969.0175,1515878
3/5/2020,2004.259155,2040.99177,1971.592892,1974.439249,2272645
3/6/2020,1977.963379,2033.175477,1951.170733,1974.439296,2479414
3/9/2020,1917.058472,1960.523331,1908.473953,1933.775691,2485118
3/11/2020,1947.3302,1960.38766,1866.906818,1866.906818,2861629
3/12/2020,1857.825195,1918.413864,1835.866968,1899.798926,3655780
3/13/2020,1837.267456,1915.702882,1706.150267,1780.157867,3667035
3/16/2020,1754.765869,1842.68934,1747.536801,1807.266952,2948679
3/17/2020,1810.926636,1886.786619,1763.847245,1767.100414,3732382
3/18/2020,1738.409912,1864.918583,1725.352344,1838.035491,3910994
3/19/2020,1661.149292,1715.999794,1587.954988,1711.752761,5095006
3/20/2020,1853.984741,1878.563527,1671.721915,1671.721915,4252245
3/23/2020,1689.523438,1793.757645,1671.721902,1762.085249,3574673
3/24/2020,1832.433105,1871.379686,1744.012593,1784.676099,5788124
3/25/2020,1886.922119,1932.826743,1808.757935,1816.348478,3959038
3/26/2020,1983.38501,2033.175302,1861.484943,1887.690314,3201540
3/27/2020,1934.272705,2049.124389,1916.15481,2023.235378,2918646
3/30/2020,1973.851563,1999.740569,1900.205446,1918.413569,2809606
3/31/2020,2077.000977,2090.103658,1974.438605,2019.439584,2809269
4/1/2020,1969.604492,2100.857246,1950.086143,2072.212111,2774626
4/3/2020,1946.517456,2036.880827,1922.887302,2018.717701,4121436
4/7/2020,2209.293457,2222.938411,2006.066371,2006.066371,8510114
4/8/2020,2223.706787,2362.369316,2184.443732,2197.63687,9791862
4/9/2020,2143.644775,2259.083966,2119.02076,2259.03874,4770068
4/13/2020,2120.330322,2189.503496,2091.911099,2151.550897,3249551
4/15/2020,2247.833496,2274.084093,2152.003122,2192.169586,29485531
4/16/2020,2201.342041,2282.714075,2187.787536,2228.360599,5388243
4/17/2020,2155.166016,2257.999558,2127.198601,2257.999558,4540936
4/20/2020,2111.385254,2186.793438,2097.333706,2186.793438,2985268
4/21/2020,2094.079834,2148.840103,2062.091302,2062.994935,3227335
4/22/2020,2156.205078,2168.675265,2056.353572,2094.577315,2837815
4/23/2020,2094.170654,2180.467654,2085.631362,2158.78045,4095570
4/24/2020,2063.085693,2112.695083,2060.284341,2088.296979,2169013
4/27/2020,2096.836182,2104.923657,2063.221062,2082.875089,2013715
4/28/2020,2069.275635,2113.282545,2048.537289,2113.282545,2164023
4/29/2020,2016.68396,2070.856741,2006.9699,2069.320609,3642151
4/30/2020,1983.475586,2053.055367,1951.848413,2053.055367,8448047
5/4/2020,1881.952271,1951.848412,1866.906861,1924.739406,8474573
5/5/2020,1844.7677,1916.60656,1837.177157,1898.714573,4304136
5/6/2020,1816.484009,1873.232236,1807.266991,1852.40344,5127656
5/7/2020,1800.08313,1813.592406,1718.71089,1762.175639,185669922
5/8/2020,1888.09668,1895.822789,1839.797521,1874.993996,16100226
5/11/2020,1850.641479,1912.585602,1839.752651,1882.268653,11158755
5/12/2020,1817.703979,1832.433139,1793.712466,1825.339638,14881008
5/13/2020,1803.426514,1875.039467,1785.037594,1875.039467,8432979
5/14/2020,1812.734131,1831.258619,1789.781817,1796.423501,8510002
5/15/2020,1836.273804,1841.289014,1812.688989,1820.821691,5491136
5/18/2020,1812.010864,1850.505625,1796.965346,1844.767575,7675561
5/19/2020,1785.172974,1829.676918,1778.440839,1823.532167,5963193
5/20/2020,1798.998413,1816.303014,1784.675847,1785.172889,3926496
5/21/2020,1780.971313,1810.339403,1766.784201,1806.363393,4261625
5/22/2020,1796.333008,1802.794009,1769.314345,1784.676114,5339946
5/26/2020,1787.206421,1825.339711,1784.676203,1811.739983,4628932
5/27/2020,1805.550049,1811.875483,1772.025269,1798.23064,4261645
5/28/2020,1816.258179,1820.821572,1798.230734,1807.267069,5500796
5/29/2020,1859.090576,1868.714185,1807.267104,1815.399806,8778345
6/1/2020,1905.356445,1936.486575,1871.605646,1875.039498,6592547
6/2/2020,1904.317017,1920.221053,1888.593883,1917.510153,3268728
6/3/2020,1916.154541,1941.908092,1884.075557,1911.184558,4895117
6/4/2020,1916.244995,1926.907692,1902.374135,1911.18456,3264730
6/5/2020,1886.425293,1922.931996,1884.075758,1919.317463,2981853
6/8/2020,1908.203003,1919.769557,1877.841047,1903.955969,4298456
6/9/2020,1903.504028,1938.113237,1893.157469,1897.63041,3127904
6/10/2020,1915.341553,1924.739252,1894.015715,1911.997932,2421659
6/11/2020,1903.865479,1932.149253,1893.699601,1911.184999,2566927
6/12/2020,1904.181396,1914.799088,1866.002887,1866.228795,2338438
6/15/2020,1883.443237,1926.275374,1858.593318,1911.049283,2830788
6/16/2020,1876.259521,1915.703036,1858.774125,1906.486018,2806772
6/17/2020,1877.97644,1896.726837,1863.563529,1875.943265,2293301
6/18/2020,1866.319336,1883.940187,1856.108234,1870.747051,2326907
6/19/2020,1903.985107,1910.581161,1871.459738,1891.47535,4673528
6/22/2020,1911.309204,1927.776462,1898.753911,1919.679325,2487234
6/23/2020,1961.484375,1976.086718,1912.03685,1924.228088,4308814
6/24/2020,1938.148438,1980.545016,1933.326449,1976.087082,3023015
6/25/2020,1977.133545,1992.372709,1921.499314,1923.5919,8208033
6/26/2020,1959.892334,1983.319699,1945.244678,1983.319699,3176048
6/29/2020,1986.049194,1997.831068,1946.973303,1957.299628,3295039
6/30/2020,1983.365234,2001.515711,1974.267229,1995.920527,2373109
7/1/2020,1974.630859,1994.100723,1965.260092,1986.094434,1532931
7/2/2020,1957.663208,1981.226952,1951.522055,1972.220016,2588838
7/3/2020,1977.633667,1990.643861,1961.848759,1970.173346,1946252
7/6/2020,1966.625244,1983.365488,1958.800869,1983.365488,2375516
7/7/2020,1959.846924,1979.271256,1957.572422,1979.271256,2014667
7/8/2020,1988.869385,1996.102254,1933.326021,1959.346404,3349938
7/9/2020,1979.589844,2019.711919,1975.222756,1986.09483,3039571
7/10/2020,2023.21521,2030.675533,1971.947842,1974.267879,3179516
7/13/2020,2060.926025,2069.796582,2033.404554,2037.043757,4556662
7/14/2020,2033.177124,2065.202064,2025.762337,2060.51668,2403256
7/15/2020,2069.932617,2084.353045,2033.449749,2035.451265,2474512
7/16/2020,2081.487549,2084.626317,2036.133897,2070.023972,2495150
7/17/2020,2123.975342,2128.933711,2075.255468,2078.894671,3088712
7/20/2020,2120.699951,2131.936079,2093.087632,2123.975323,2816219
7/21/2020,2108.917969,2138.03159,2099.819962,2136.211989,3037810
7/22/2020,2045.686646,2119.835394,2039.090591,2119.835394,6950011
7/23/2020,2011.887573,2062.654267,2006.610686,2056.149282,3936886
7/24/2020,2010.022461,2019.757283,1972.493187,2001.561271,4203314
7/27/2020,2021.121948,2034.268522,1987.686778,2017.710196,2209409
7/28/2020,2040.273438,2042.411336,2011.614718,2029.719661,1567837
7/29/2020,2030.037842,2058.150588,2015.20805,2033.404059,2404978
7/30/2020,2006.099487,2044.885615,2001.074188,2038.718202,2044966
7/31/2020,2019.164917,2030.174934,1990.018274,2007.835242,1715659
8/3/2020,2014.231079,2031.180086,1999.657758,2019.073684,1683773
8/4/2020,2008.109375,2027.388114,1987.368642,2019.164898,1981720
8/5/2020,2005.140137,2019.165156,1992.805311,2011.947088,1715477
8/6/2020,2028.804443,2036.616543,2002.855717,2010.119513,1824483
8/7/2020,2019.758911,2041.915909,2014.687883,2031.134315,1777905
8/10/2020,2016.287231,2034.561048,2009.023434,2026.566253,1476289
8/11/2020,2019.85022,2040.271296,2015.601647,2018.388448,1665204
8/12/2020,2005.642456,2018.388396,2000.982544,2010.16518,1170430
8/13/2020,2008.886353,2025.652669,2001.850977,2010.119924,1453227
8/14/2020,1986.272339,2024.738811,1978.186309,2013.774521,1341664
8/17/2020,2006.510742,2013.454658,1981.247058,1992.759651,1559579
8/18/2020,2023.231323,2025.469821,2000.069172,2013.774534,1339001
8/19/2020,2004.272095,2029.763977,2000.982719,2015.601771,1585107
8/20/2020,1997.053833,2008.10958,1988.328042,1997.327985,1768939
8/21/2020,2011.992798,2018.068752,1998.652823,2009.205996,1374411
8/24/2020,2005.00293,2020.764095,2002.079164,2015.601832,1665474
8/25/2020,1991.023438,2008.200644,1987.277217,2005.002726,1774886
8/26/2020,1994.404175,1997.327941,1973.571981,1993.764636,2148146
8/27/2020,1983.851318,1999.155641,1978.14075,1993.764954,2172203
8/28/2020,1966.216797,1994.038636,1959.866691,1990.932177,1939520
8/31/2020,1934.603149,1980.42465,1919.344336,1966.262444,3534275
9/1/2020,1975.079346,1987.185747,1929.486271,1964.389209,1738003
9/2/2020,1956.805664,1996.414246,1952.145975,1983.622576,1667810
9/3/2020,1954.521362,1968.500875,1944.379529,1967.176068,1590711
9/4/2020,1941.272827,1956.120301,1931.542111,1932.455801,1590491
9/7/2020,1975.947998,1986.363985,1922.1772,1942.506822,2362992
9/8/2020,1957.353882,1983.94237,1947.211826,1968.089747,1804209
9/9/2020,1948.216919,1959.135478,1927.887302,1938.85159,2009898
9/10/2020,1949.724609,1958.587588,1935.379709,1957.125594,2137794
9/11/2020,1972.886719,1981.795203,1941.135966,1941.592811,1934110
9/14/2020,1940.222656,1982.435132,1932.456283,1979.968211,2096908
9/15/2020,1941.09021,1952.557073,1926.973733,1952.465615,1224058
9/16/2020,1958.496094,1972.612571,1930.354374,1941.592815,2087841
9/17/2020,1944.516357,1959.912134,1939.079943,1950.729498,1741644
9/18/2020,1917.562988,1943.923059,1909.613922,1937.024648,4475166
9/21/2020,1861.918945,1917.836771,1847.573934,1917.562619,3483963
9/22/2020,1851.868652,1877.406267,1827.427422,1864.431901,2345687
9/23/2020,1875.396118,1882.20307,1851.000507,1859.3608,2410295
9/24/2020,1883.025146,1901.390419,1859.406375,1867.583862,3798089
9/25/2020,1899.608887,1928.801263,1892.116667,1902.30423,2528873
9/28/2020,1885.218262,1911.761024,1882.203037,1903.217926,1523704
9/29/2020,1857.715942,1890.654538,1849.9953,1886.771352,2298844
9/30/2020,1889.741089,1916.009701,1858.447177,1862.969903,2417367
10/1/2020,1914.182129,1926.882341,1891.33986,1909.613675,2131531
10/5/2020,1928.846802,1940.039513,1902.486736,1918.750475,1646110
10/6/2020,1933.278198,1955.298235,1926.10586,1936.110729,1679499
10/7/2020,1954.704102,1964.434817,1930.628265,1939.765171,2428544
10/8/2020,1974.302979,1978.140435,1961.008734,1961.694002,1617365
10/9/2020,1954.978271,1979.922073,1938.029487,1964.43506,2001026
10/12/2020,1953.836182,1962.242315,1940.039585,1960.049323,1741166
10/13/2020,1953.653564,1967.404655,1944.333963,1953.425142,1679160
10/14/2020,1971.881714,1978.140585,1947.075098,1948.537092,2123033
10/15/2020,1966.765137,1991.571752,1956.257693,1973.572088,2344437
10/16/2020,1964.937622,1984.444785,1958.998632,1984.444785,1640399
10/19/2020,1989.835571,1996.414099,1966.353766,1967.678573,1605969
10/20/2020,1985.541504,2017.886068,1948.491299,1993.764721,5855290
10/21/2020,1976.450317,2007.15042,1951.643699,2000.983006,3954242
10/22/2020,1991.251709,1998.469776,1967.358566,1973.571707,2632958
10/23/2020,1958.815796,1999.977381,1955.297998,1999.977381,2805684
10/26/2020,1979.739502,1984.536379,1957.399807,1964.435181,1646050
10/27/2020,1988.830566,2000.069007,1966.673566,1970.830904,2334808
10/28/2020,1990.3479,2008.37203,1971.725892,2008.37203,1555483
10/29/2020,1951.494751,1986.347707,1945.885068,1969.794809,1934367
10/30/2020,1904.778809,1949.563549,1901.744066,1947.908214,2414313
11/2/2020,1905.422363,1919.814098,1890.708677,1905.422363,1486077
11/3/2020,1890.432983,1923.630832,1878.754038,1923.630832,2227402
11/4/2020,1894.433228,1917.377338,1885.145123,1885.191148,1479878
11/5/2020,1933.332642,1942.206745,1895.582792,1919.216608,2083827
11/6/2020,1925.791504,1953.195789,1918.29681,1935.769312,2127821
11/9/2020,1961.104492,1965.794345,1938.57416,1949.5634,2194404
11/10/2020,1964.829102,1971.817968,1924.274411,1967.95567,2471703
11/11/2020,1959.816895,1966.668134,1935.401552,1964.828923,2759942
11/12/2020,2015.866821,2026.810034,1952.551908,1957.839638,3010512
11/13/2020,2009.659546,2040.052322,2003.130258,2027.7297,2799165
11/14/2020,2011.820801,2020.373176,2006.579095,2020.373176,258276
11/17/2020,2002.533081,2041.846217,1997.3832,2041.846217,2733542
11/18/2020,1960.690552,1995.543503,1954.988819,1995.543503,3315051
11/19/2020,1959.449341,1974.760682,1944.505752,1954.897339,2704650
11/20/2020,1949.793579,1969.794999,1931.63137,1963.35776,2827038
11/23/2020,1958.207642,1967.955549,1926.573306,1967.955549,3244576
11/24/2020,1983.910767,1987.267236,1951.770379,1960.59868,1989749
11/25/2020,1964.139526,1996.46357,1956.920533,1988.187121,1786536
11/26/2020,1981.014038,1988.187006,1951.908615,1967.955685,1630887
11/27/2020,1966.300293,1993.244777,1955.081152,1992.784974,5687861
12/1/2020,1961.564453,1985.42817,1958.391859,1985.42817,2226742
12/2/2020,1967.312012,1977.059695,1951.494843,1972.553718,1634682
12/3/2020,1956.690186,1983.036788,1949.655295,1979.910219,3469163
12/4/2020,2008.601929,2018.901464,1962.070033,1968.875023,3712143
12/7/2020,2074.767578,2077.940396,2011.176956,2013.246068,4147649
12/8/2020,2078.308105,2095.044878,2060.053849,2077.848303,2768211
12/9/2020,2107.919678,2111.414224,2062.905034,2078.308426,2123890
12/10/2020,2161.486328,2168.337343,2092.148175,2105.89623,3041370
12/11/2020,2183.832764,2193.258718,2145.439241,2176.016118,2611218
12/14/2020,2180.154297,2199.144057,2166.727969,2189.534226,1575632
12/15/2020,2133.530273,2173.900855,2121.805306,2171.188065,2207176
12/16/2020,2155.509033,2165.578667,2117.851237,2130.817763,1748634
12/17/2020,2129.162598,2153.716019,2124.288644,2153.716019,1912868
12/18/2020,2145.853271,2155.463103,2126.12778,2135.323834,2229891
12/21/2020,2120.563721,2161.072378,2082.99798,2154.635141,2003069
12/22/2020,2125.207764,2145.715006,2097.619606,2124.288158,1764488
12/23/2020,2179.787354,2186.178568,2118.081724,2133.485119,1559556
12/24/2020,2209.12207,2216.249012,2170.314767,2190.959864,2489444
12/28/2020,2196.845703,2223.054462,2185.028906,2211.651443,1532477
12/29/2020,2192.615723,2209.812303,2164.935504,2202.455458,1749013
12/30/2020,2213.122559,2220.525203,2184.982542,2197.857018,1924886
12/31/2020,2202.822998,2222.686567,2195.098401,2203.374851,1709836
1/1/2021,2195.604004,2210.731468,2190.500149,2202.822772,830096
1/4/2021,2231.422607,2234.641226,2207.696742,2211.65109,1614486
1/5/2021,2253.539307,2259.424692,2211.651231,2211.651231,2356303
1/6/2021,2222.962402,2253.033457,2208.524641,2249.171159,1641627
1/7/2021,2178.407471,2237.124144,2174.8669,2236.480465,2403881
1/8/2021,2198.959961,2207.052532,2171.004052,2197.85648,2797948
1/11/2021,2233.813965,2245.630762,2208.984615,2230.043492,2787672
1/12/2021,2184.890381,2237.491989,2181.30401,2234.457247,2036708
1/13/2021,2181.626221,2205.214012,2174.499278,2190.408274,1702740
1/14/2021,2205.719727,2212.570742,2162.130293,2175.786524,2120413
1/15/2021,2162.130371,2213.490428,2154.4518,2200.156148,2042957
1/18/2021,2145.071777,2183.603156,2134.082313,2183.603156,1733797
1/19/2021,2173.165527,2190.59223,2136.47336,2153.715962,1495269
1/20/2021,2166.544189,2183.097086,2157.670088,2167.50982,1380562
1/21/2021,2177.303711,2206.960986,2161.072765,2184.982506,1521133
1/22/2021,2215.651611,2227.284531,2167.510173,2169.349384,2548089
1/25/2021,2206.685059,2236.802133,2193.258731,2225.444918,2124424
1/27/2021,2199.052734,2230.043396,2147.278898,2230.043396,2460297
1/28/2021,2115.460449,2217.674738,2105.896642,2177.533822,3867335
1/29/2021,2081.894775,2135.599871,2070.031954,2128.978756,4472694
2/1/2021,2067.824951,2101.2985,2047.225654,2093.619705,2717591
2/2/2021,2051.133789,2092.102254,2027.729877,2088.469858,4215607
2/3/2021,2053.341064,2075.549446,2039.317082,2052.099507,2353429
2/4/2021,2065.066406,2077.389031,2047.225923,2058.99692,2908003
2/5/2021,2087.090332,2101.29819,2060.835555,2065.065829,4036942
2/8/2021,2056.835449,2104.700958,2050.996089,2104.057279,2780672
2/9/2021,2038.075317,2073.434098,2032.787587,2066.353181,3131481
2/10/2021,2055.778076,2060.835906,2034.857051,2041.524191,2055520
2/11/2021,2081.066895,2085.664921,2054.444365,2061.755182,1824480
2/12/2021,2061.341797,2089.573641,2052.559519,2085.665318,1222094
2/15/2021,2037.110107,2079.917789,2035.08702,2070.03203,2449407
2/16/2021,2019.545654,2049.84661,2013.981996,2047.961373,2396356
2/17/2021,1989.93396,2024.557237,1986.347589,2019.453382,2447956
2/18/2021,1974.255127,1994.210521,1970.898432,1990.026271,3205806
2/19/2021,2005.751587,2017.614408,1977.151767,1979.818533,3364030
2/22/2021,1993.336914,2027.730069,1987.819281,2027.730069,2678023
2/23/2021,2004.049805,2016.096724,1995.727332,2009.337535,2062144
2/24/2021,2003.682495,2012.556598,1982.255642,2012.556598,924143
2/25/2021,1989.382813,2009.338209,1986.348069,2001.981364,2099460
2/26/2021,1960.644775,2006.946773,1949.563485,1984.508491,3413194
3/1/2021,1971.082031,1980.829938,1956.920199,1963.541312,1229276
3/2/2021,2002.854492,2008.326099,1968.461341,1988.186831,2095135
3/3/2021,2017.154419,2027.729881,1998.762311,2027.729881,2031893
3/4/2021,2020.281006,2026.350491,1999.222132,2009.337791,2290915
3/5/2021,2024.143921,2032.282296,2000.372027,2008.970429,2129837
3/8/2021,1999.728271,2037.937927,1994.624416,2032.328243,1440724
3/9/2021,2021.752563,2027.729999,1988.23299,2001.061441,1711842
3/10/2021,2048.743164,2057.065414,2016.878699,2032.787919,2696085
3/12/2021,2027.5,2059.82404,2023.131874,2056.237669,2038930
3/15/2021,2033.109497,2039.178757,2007.774326,2028.741372,1632022
3/16/2021,2063.640869,2066.813463,2036.282604,2042.765868,2633605
3/17/2021,2047.317383,2080.147248,2040.83412,2072.790405,3703365
3/18/2021,2037.110107,2069.020374,2027.730176,2058.077158,2597091
3/19/2021,2126.174072,2138.312821,2015.315578,2026.902697,5382214
3/22/2021,2164.015625,2167.050368,2116.931868,2124.380763,2471516
3/23/2021,2149.393799,2182.177642,2145.807203,2173.027613,1970612
3/24/2021,2132.19751,2161.900589,2129.392668,2149.394089,1762743
3/25/2021,2057.203613,2135.324059,2051.68598,2132.19749,2495833
3/26/2021,2131.553467,2138.082756,2068.008862,2073.710372,1929236
3/30/2021,2205.903564,2212.570704,2138.082663,2138.082663,3327203
3/31/2021,2236.020752,2242.550041,2190.178328,2194.178702,2709756
4/1/2021,2206.22583,2250.090971,2199.742566,2250.090971,1532653
4/5/2021,2182.407227,2222.869859,2157.85381,2207.052693,2545447
4/6/2021,2214.685791,2217.168681,2186.224048,2190.77605,3683538
4/7/2021,2211.880859,2239.23912,2195.420013,2222.686223,1713970
4/8/2021,2216.156982,2242.91759,2203.006805,2212.570611,1814515
4/9/2021,2276.942871,2283.380109,2229.123392,2229.123392,2604858
4/12/2021,2264.068359,2288.208,2241.630079,2245.21645,2261945
4/13/2021,2257.079346,2304.439023,2251.92969,2271.425279,1811781
4/15/2021,2262.826904,2296.25465,2226.456691,2296.25465,3352379
4/16/2021,2261.217773,2279.655908,2243.83732,2271.333433,1225517
4/19/2021,2240.756348,2261.953296,2219.973401,2243.837115,1746316
4/20/2021,2204.70752,2258.550451,2192.154998,2258.550451,1589508
4/22/2021,2160.520752,2197.85682,2144.519708,2197.85682,1721265
4/23/2021,2122.219238,2161.072564,2115.092297,2151.876511,1949756
4/26/2021,2170.866455,2179.280979,2125.208136,2137.163006,1946867
4/27/2021,2188.523193,2194.592455,2163.785671,2173.027751,1668456
4/28/2021,2213.076416,2248.435199,2176.062299,2188.660848,1951215
4/29/2021,2214.041992,2252.06754,2192.477067,2237.399879,3151150
4/30/2021,2164.52124,2246.503973,2142.910513,2216.249045,4010778
5/3/2021,2214.410156,2220.847395,2151.876979,2154.635796,1692239
5/4/2021,2214.087646,2223.789527,2181.487683,2215.51308,1453111
5/5/2021,2202.133057,2238.31962,2178.223315,2238.31962,1256857
5/6/2021,2197.856689,2222.272255,2185.947846,2207.052743,1377740
5/7/2021,2217.352539,2229.123533,2204.432038,2215.145576,1169518
5/10/2021,2237.308105,2250.228607,2221.766863,2228.204101,988495
5/11/2021,2208.984375,2230.962856,2201.765382,2230.04325,1019077
5/12/2021,2141.714844,2196.93719,2138.128473,2196.93719,2053932
5/14/2021,2185.76416,2190.86779,2139.002136,2141.668902,1388970
5/17/2021,2185.212158,2202.454758,2176.246006,2193.258705,811243
5/18/2021,2183.373291,2214.731927,2176.660126,2208.984393,1153722
5/19/2021,2170.038818,2188.660828,2155.555033,2170.26872,1323590
5/20/2021,2155.693115,2172.108163,2151.876842,2170.268952,856235
5/21/2021,2172.338135,2175.924506,2151.876912,2151.876912,771492
5/24/2021,2148.704102,2170.222779,2138.312515,2165.670777,1194864
5/25/2021,2155.601074,2179.280913,2150.037417,2165.670708,1098457
5/26/2021,2164.751221,2179.648784,2156.704673,2166.36053,811095
5/27/2021,2139.369629,2163.831219,2136.15101,2163.831219,3755182
5/28/2021,2135.048096,2161.072977,2132.887157,2145.761635,1215325
5/31/2021,2151.922607,2156.474609,2133.622326,2138.082502,1178704
6/1/2021,2168.705566,2173.027667,2143.23254,2158.31398,1141451
6/2/2021,2169.165527,2182.821534,2161.072954,2166.590587,1113091
6/3/2021,2173.257568,2180.430536,2156.474769,2178.5453,868532
6/4/2021,2153.762207,2179.465137,2146.313312,2179.465137,1283795
6/7/2021,2151.23291,2164.751064,2143.600141,2164.751064,1128300
6/8/2021,2169.348877,2172.107693,2147.416201,2151.232698,1106664
6/9/2021,2166.590576,2181.258239,2157.026769,2172.108209,1072858
6/10/2021,2187.557617,2207.007184,2165.900863,2173.947411,1944339
6/11/2021,2176.246582,2196.52393,2170.269146,2189.580863,1128097
6/14/2021,2190.232666,2199.958388,2164.297408,2184.489678,1761632
6/15/2021,2215.565674,2218.39081,2185.971737,2185.971737,1215463
6/16/2021,2230.3396,2240.482319,2207.877812,2209.128353,2153668
6/17/2021,2239.416748,2247.012028,2210.424791,2221.169488,1555777
6/18/2021,2299.809326,2312.591751,2227.653811,2241.547702,3937751
6/21/2021,2328.94043,2342.51004,2285.081956,2291.519414,2506277
6/22/2021,2306.617432,2347.094922,2298.65151,2332.413846,1945883
6/23/2021,2297.586182,2328.615868,2276.930554,2311.016941,1035668
6/24/2021,2306.524414,2320.094248,2291.658134,2306.385566,759681
6/25/2021,2268.084961,2306.339519,2264.704205,2304.533358,1112942
6/28/2021,2278.782959,2283.229049,2257.571713,2269.427876,694906
6/29/2021,2308.747314,2313.332252,2264.703646,2273.966238,1354397
6/30/2021,2289.064697,2320.279591,2281.3767,2308.747708,1447245
7/1/2021,2295.270752,2300.828308,2281.376861,2300.828308,735043
7/2/2021,2303.884521,2308.886231,2271.187527,2295.270266,860231
7/5/2021,2314.768311,2328.059996,2301.800681,2314.721952,761700
7/6/2021,2290.17627,2313.749525,2286.934362,2306.385808,461782
7/7/2021,2298.651611,2307.127021,2265.491705,2276.745666,623145
7/8/2021,2267.066162,2287.629075,2258.637111,2280.635771,1114426
7/9/2021,2270.678467,2282.766197,2258.637095,2260.072842,538094
7/12/2021,2263.916748,2278.505333,2250.810268,2272.114234,543898
7/13/2021,2257.016113,2274.476192,2250.810221,2273.966705,994396
7/14/2021,2236.777344,2261.323215,2231.358636,2259.887468,1377829
7/15/2021,2234.461426,2246.178514,2223.948294,2246.178514,693792
7/16/2021,2239.138916,2250.809872,2228.579652,2241.54728,545405
7/19/2021,2231.034424,2238.76878,2221.632982,2223.068729,463873
7/20/2021,2255.349121,2278.598325,2225.801534,2225.801534,1061476
7/22/2021,2202.783447,2323.058307,2200.328951,2269.335268,3546044
7/23/2021,2184.211914,2215.380446,2181.062497,2206.349419,1517589
7/26/2021,2175.505371,2185.972147,2165.594441,2183.424934,1311535
7/27/2021,2169.670166,2185.462936,2160.037158,2175.505646,1656945
7/28/2021,2187.268799,2193.798973,2170.318433,2176.709532,912373
7/29/2021,2162.583984,2196.531299,2158.184253,2187.268705,1012663
7/30/2021,2161.241211,2182.776743,2147.069396,2167.447104,1708251
8/2/2021,2160.777832,2179.858639,2153.182551,2169.299373,1229936
8/3/2021,2210.842041,2216.538445,2154.57179,2158.184111,1733476
8/4/2021,2201.811035,2218.159421,2192.965214,2210.842063,1588974
8/5/2021,2183.841797,2214.686281,2180.414682,2214.686281,921757
8/6/2021,2196.623779,2205.191677,2183.65615,2183.841357,1432661
8/9/2021,2208.665283,2218.391006,2199.726971,2203.987629,921476
8/10/2021,2206.164307,2217.464624,2185.138267,2217.464624,1061370
8/11/2021,2214.176758,2218.391283,2188.00993,2213.759986,1300594
8/12/2021,2215.889893,2235.526542,2202.134853,2218.390747,1226064
8/13/2021,2227.190186,2231.96033,2211.906909,2223.948278,1033159
8/16/2021,2247.475342,2257.154932,2216.214092,2226.727225,1146309
8/17/2021,2300.643066,2304.023823,2251.782885,2253.589045,1921902
8/18/2021,2302.726563,2315.647832,2273.039912,2301.753945,1545643
8/20/2021,2426.243652,2436.062092,2293.418152,2306.385783,5779927
8/23/2021,2439.905518,2475.751929,2403.179432,2431.430337,2163220
8/24/2021,2438.840576,2461.997057,2417.536614,2439.766835,1482854
8/25/2021,2449.955811,2469.824027,2427.401306,2437.91444,1746570
8/26/2021,2469.777588,2498.862264,2436.988101,2436.988101,2117291
8/27/2021,2480.47583,2491.637299,2455.605906,2472.185855,1176229
8/30/2021,2489.507324,2506.226351,2474.594684,2493.119872,1168190
8/31/2021,2523.2229,2535.588326,2478.345459,2489.692135,2535891
9/1/2021,2531.373535,2570.369136,2514.793587,2542.581361,1775792
9/2/2021,2594.498779,2602.788755,2528.826856,2545.360676,1946183
9/3/2021,2562.681641,2601.630891,2552.770711,2595.563847,1561823
9/6/2021,2575.556885,2616.68271,2570.647665,2584.263632,1444978
9/7/2021,2572.870361,2601.584399,2565.73821,2582.966723,1219915
9/8/2021,2594.359863,2602.788914,2561.199958,2583.24475,946711
9/9/2021,2603.390625,2615.431996,2576.853386,2576.853386,879454
9/13/2021,2580.882813,2614.320639,2570.369678,2591.210514,1341412
9/14/2021,2558.837891,2597.231297,2548.185908,2595.378778,1755061
9/15/2021,2570.786133,2579.631954,2546.33298,2569.443102,1362350
9/16/2021,2564.117188,2591.025064,2549.065475,2549.065475,1259196
9/17/2021,2521.509521,2577.779777,2499.973992,2565.831122,3095032
9/20/2021,2593.850342,2601.862394,2510.209081,2519.425316,2671330
9/21/2021,2605.058105,2648.453447,2590.423162,2602.788815,2277437
9/22/2021,2579.169189,2630.483868,2569.443466,2619.368755,1580594
9/23/2021,2577.131104,2609.92059,2568.377999,2592.599587,1054473
9/24/2021,2544.110107,2575.000947,2529.984653,2565.83107,1635284
9/27/2021,2509.699707,2561.107101,2505.06841,2561.107101,1465932
9/28/2021,2522.991699,2551.335101,2510.0702,2524.056807,1078052
9/29/2021,2487.284424,2542.072577,2479.596426,2514.747925,1503894
9/30/2021,2502.567871,2505.809779,2484.18153,2487.28459,1620199
10/1/2021,2504.651611,2512.015328,2482.467745,2506.457772,956111
10/4/2021,2488.117432,2523.130075,2482.096747,2500.899854,1025005
10/5/2021,2508.912354,2514.747833,2487.932669,2488.117876,562784
10/6/2021,2487.97876,2532.392847,2478.669809,2495.388834,862471
10/7/2021,2472.556396,2504.836622,2469.407205,2499.047502,1082816
10/8/2021,2445.371094,2481.032079,2431.801258,2473.575646,1579941
10/11/2021,2450.048584,2468.944183,2441.156404,2447.362296,1086252
10/12/2021,2478.808838,2489.83146,2431.430763,2431.430763,1174337
10/13/2021,2451.576904,2494.972245,2447.733018,2489.877818,1660007
10/14/2021,2454.17041,2479.364618,2426.799402,2451.576839,2158809
10/18/2021,2458.292236,2481.356003,2448.149742,2475.705957,1758177
10/19/2021,2358.996826,2530.539974,2334.636166,2473.019191,5431133
10/20/2021,2295.872559,2393.454068,2287.860506,2379.560178,4864654
10/21/2021,2265.398926,2320.279795,2248.957821,2318.79769,3254632
10/22/2021,2273.132813,2314.027066,2250.809875,2277.671392,1845622
10/25/2021,2274.753906,2281.886057,2232.284828,2273.132953,1560381
10/26/2021,2271.026123,2300.894987,2252.573438,2300.894987,1595060
10/27/2021,2233.515137,2288.12736,2228.435819,2287.941015,3083879
10/28/2021,2227.037598,2251.594608,2206.860941,2236.683386,2015791
10/29/2021,2230.299561,2238.547422,2211.52083,2236.683519,2453400
11/1/2021,2243.300781,2246.842015,2207.094371,2230.160173,1941114
11/2/2021,2254.297607,2262.778458,2238.547717,2250.663087,1350154
11/3/2021,2247.26123,2268.36984,2223.822515,2268.36984,1591607
11/4/2021,2257.97876,2264.642122,2255.322607,2263.71017,245719
11/8/2021,2266.412842,2282.349304,2236.776965,2282.349304,2555533
11/9/2021,2265.713867,2279.739783,2252.014225,2273.775384,1696949
11/10/2021,2236.822998,2255.322324,2232.955491,2246.981405,1794509
11/11/2021,2214.503174,2243.160683,2205.183659,2239.199889,1282647
11/12/2021,2241.296631,2249.358148,2214.503026,2225.500099,1651974
11/15/2021,2259.749512,2264.642257,2240.504803,2240.504803,1007999
11/16/2021,2242.880859,2268.9755,2236.776759,2268.9755,1245209
11/17/2021,2228.435791,2246.049811,2224.754628,2240.411459,956809
11/18/2021,2236.124512,2242.601757,2208.725227,2227.364258,1236943
11/22/2021,2226.012695,2245.909722,2215.388312,2245.443747,1629290
11/23/2021,2231.278076,2236.68344,2177.504524,2225.313678,1932539
11/24/2021,2213.151855,2242.27534,2205.929231,2242.27534,999070
11/25/2021,2189.200928,2224.568445,2181.698672,2224.568445,1363272
11/26/2021,2176.199951,2204.065209,2166.973495,2184.494228,2450902
11/29/2021,2170.888184,2182.863854,2129.229988,2175.547942,1724612
11/30/2021,2159.844482,2200.337734,2145.352589,2163.991622,3931035
12/1/2021,2185.286865,2196.376999,2165.156619,2180.766809,1263139
12/2/2021,2221.119873,2225.499999,2185.426088,2196.609505,1673117
12/3/2021,2184.168457,2227.271222,2178.809735,2221.120478,1890178
12/6/2021,2149.546387,2203.086961,2144.420653,2184.494572,1079171
12/7/2021,2163.618896,2182.304344,2154.67207,2169.490009,895313
12/8/2021,2181.325928,2184.913805,2160.496719,2160.496719,839769
12/9/2021,2180.533691,2188.781554,2163.572218,2181.698631,716666
12/10/2021,2174.056641,2187.290307,2162.127615,2187.290307,724539
12/13/2021,2147.542969,2191.950376,2144.42084,2191.950376,1804894
12/14/2021,2160.543213,2166.740599,2147.216261,2148.148212,1219031
12/15/2021,2163.013184,2166.601289,2143.954817,2158.400068,755122
12/16/2021,2152.342285,2167.067166,2147.169908,2163.013086,926493
12/17/2021,2078.485107,2151.829655,2074.524313,2146.284588,2439222
12/20/2021,2114.691162,2119.583907,2051.364878,2074.523963,2175705
12/21/2021,2118.185791,2146.004403,2099.453477,2134.168666,1591415
12/22/2021,2122.659424,2159.704499,2114.598134,2143.488633,1661605
12/23/2021,2144.094482,2148.148563,2119.817324,2142.51021,1423081
12/24/2021,2140.645996,2155.603863,2127.924949,2152.808009,895503
12/27/2021,2144.793213,2151.03747,2123.218625,2140.646074,584302
12/28/2021,2151.969238,2160.636205,2141.391498,2152.807904,783710
12/29/2021,2149.872559,2163.851832,2142.603291,2157.374587,1410236
12/30/2021,2167.34668,2171.447176,2140.366499,2150.944241,963711
12/31/2021,2199.54541,2209.051498,2171.447161,2180.766677,1123597
1/3/2022,2200.617432,2216.180978,2192.882188,2216.180978,879278
1/4/2022,2237.848389,2244.232347,2195.071909,2207.746312,1484275
1/5/2022,2251.408691,2255.322843,2229.228198,2240.225272,1202512
1/6/2022,2228.668945,2247.867239,2206.581738,2234.819917,1198901
1/7/2022,2251.734375,2257.093096,2225.500033,2225.500033,1026186
1/10/2022,2243.254395,2259.982882,2238.547993,2259.982882,919447
1/11/2022,2240.084961,2253.738186,2229.227818,2252.666305,1321335
1/12/2022,2248.938477,2251.594629,2235.285479,2243.393411,1487554
1/13/2022,2249.91748,2257.093462,2239.712656,2253.458942,1586299
1/14/2022,2202.854004,2256.254877,2200.151435,2255.322926,1596037
1/17/2022,2226.94458,2231.278063,2185.426098,2203.133176,912205
1/18/2022,2208.259277,2244.791734,2196.982572,2244.791734,1667579
1/19/2022,2152.7146,2207.420333,2148.194772,2203.133265,2145255
1/20/2022,2107.887939,2167.299847,2090.367206,2166.787229,2829711
1/21/2022,2167.160156,2175.501305,2096.891097,2110.684026,4596050
1/24/2022,2129.136475,2185.379611,2112.454406,2179.741259,2231103
1/25/2022,2168.884521,2174.895564,2088.410404,2128.111636,1843543
1/27/2022,2139.154785,2167.346316,2120.189483,2152.807782,2620474
1/28/2022,2128.157715,2160.915716,2123.031982,2138.455824,1967721
1/31/2022,2119.024902,2154.532349,2116.462036,2134.169115,1639875
2/1/2022,2148.753906,2162.127501,2123.358228,2146.563957,1270508
2/2/2022,2169.489746,2174.24279,2140.273204,2165.948513,1246111
2/3/2022,2141.764404,2173.264413,2134.16909,2170.515201,1448039
2/4/2022,2149.639893,2155.371305,2127.645741,2149.080631,1014561
2/7/2022,2103.974121,2159.052327,2084.775826,2139.062009,1207402
2/8/2022,2110.264404,2113.665936,2093.675623,2113.665936,1190660
2/9/2022,2122.659424,2125.175875,2102.110074,2113.246849,1049611
2/10/2022,2127.785156,2129.509358,2102.34306,2124.8496,1195100
2/11/2022,2104.34668,2123.917663,2095.959115,2123.917663,2100036
2/14/2022,2076.900635,2084.076616,2056.817034,2068.932404,1661501
2/15/2022,2134.262207,2147.355943,2071.308838,2094.980315,1533070
2/16/2022,2130.907471,2146.983637,2120.190027,2134.262588,995668
2/17/2022,2150.524902,2155.603993,2121.121785,2126.713494,869374
2/18/2022,2155.18457,2169.396831,2137.896824,2137.896824,890713
2/21/2022,2138.642334,2147.262885,2129.276176,2141.624533,737919
2/22/2022,2115.483643,2124.849802,2096.984538,2124.849802,902667
2/23/2022,2106.583496,2119.211487,2098.988181,2115.530323,1324411
2/24/2022,2023.639526,2089.435398,2013.295001,2050.293432,2997629
2/25/2022,2022.986938,2046.565355,2015.018708,2045.633404,2193728
2/28/2022,2024.29187,2031.56091,1975.737108,2016.742972,2334036
3/2/2022,2002.8573,2008.169378,1978.579915,1984.078338,2034688
3/3/2022,1948.710693,2020.42432,1944.610198,2011.058161,2372998
3/4/2022,1882.076172,1936.548695,1840.837315,1933.799483,6320118
3/7/2022,1811.667236,1845.403952,1795.870702,1844.798161,2976453
3/8/2022,1816.373657,1824.761222,1772.1526,1793.587486,3211938
3/9/2022,1861.946045,1870.473424,1818.237494,1830.352864,2879079
3/10/2022,1958.915527,1970.145589,1909.568738,1912.271306,4879791
3/11/2022,1951.879395,1966.604276,1929.139866,1957.098415,2481643
3/14/2022,1919.167847,1952.438471,1906.866018,1952.438471,1730325
3/15/2022,1899.50354,1939.204766,1887.201825,1905.840856,2391023
3/16/2022,1931.143311,1938.459221,1893.77219,1919.82019,2808685
3/17/2022,1959.008667,1972.661665,1940.649268,1955.327504,2995889
3/21/2022,1911.618896,1967.256356,1906.772794,1963.155861,1674982
3/22/2022,1857.845337,1913.995415,1835.012525,1913.995415,5356303
3/23/2022,1843.912598,1879.326753,1840.837112,1875.086328,3212162
3/24/2022,1832.123535,1855.841656,1818.563595,1835.944514,3054664
3/25/2022,1820.10144,1842.468278,1812.645828,1840.511203,2233647
3/28/2022,1840.697632,1846.009824,1799.878219,1826.578542,1794533
3/29/2022,1851.834351,1859.103504,1839.718981,1845.264047,1249125
3/30/2022,1878.720947,1881.609974,1859.289782,1863.902896,1476829
3/31/2022,1909.242432,1914.228463,1880.678208,1881.982963,2540524
4/1/2022,1936.734985,1943.911194,1899.690026,1915.067112,1714996
4/4/2022,1983.612061,1987.339866,1929.325887,1936.595154,1693019
4/5/2022,1994.189941,2011.151414,1982.260916,1998.570068,1277652
4/6/2022,1996.286987,2017.115969,1976.948991,1989.716683,1736115
4/7/2022,2017.48877,2026.99463,1989.809854,1994.329682,1824732
4/8/2022,2034.496826,2044.235674,2016.277128,2029.510794,1693462
4/11/2022,2015.857788,2044.794928,1993.351022,2039.109933,1380107
4/12/2022,1987.153687,2017.6751,1980.397038,1995.214976,1370233
4/13/2022,2005.699585,2017.675254,1985.709268,1992.23293,1071601
4/18/2022,2029.464111,2034.356857,1989.763114,2001.83184,1828131
4/19/2022,1969.260376,2056.677482,1958.076957,2036.966569,1775996
4/20/2022,2017.628662,2021.076838,1950.295156,1970.518461,1511804
4/21/2022,2048.383057,2053.788422,2020.471151,2036.314328,2244813
4/22/2022,1982.214478,2040.042122,1975.737459,2033.51846,3520828
4/25/2022,1957.797119,2014.879149,1907.704726,1957.098156,2437310
4/26/2022,2002.158203,2011.104801,1976.669237,1996.426565,1447088
4/27/2022,1999.129272,2005.932336,1960.359999,2001.645496,2214481
4/28/2022,2089.295654,2096.890968,2017.675087,2078.251938,5865359
4/29/2022,2082.772217,2134.169259,2071.309166,2091.672173,2678692
5/2/2022,2078.717773,2098.75473,2055.791676,2068.932283,1543544
5/4/2022,2023.779419,2097.683222,2002.437592,2089.388717,1608395
5/5/2022,2019.166382,2052.110734,2007.051011,2029.790539,1101451
5/6/2022,2002.950073,2022.33471,1962.87616,1980.396893,1585602
5/9/2022,1972.615112,1993.81701,1966.557427,1977.135168,1341414
5/10/2022,2032.026978,2048.336129,1974.805246,1988.784519,2162232
5/11/2022,2016.277344,2040.694431,1972.009641,2036.314304,1858636
5/12/2022,1993.258057,2017.53544,1965.672199,2017.53544,1531515
5/13/2022,2044.795288,2067.068842,2007.563636,2022.335161,2057239
5/16/2022,2066.369873,2070.75,2024.47869,2050.293706,1396818
5/17/2022,2092.231201,2122.05365,2070.143995,2085.614254,2055096
5/18/2022,2135.473877,2145.352655,2083.937134,2083.937134,2137455
5/19/2022,2110.450684,2128.390749,2092.65032,2092.790249,1734602
5/20/2022,2167.672607,2188.222184,2127.365704,2134.168996,2599505
5/23/2022,2217.858398,2225.500356,2149.406601,2151.876182,2363306
5/24/2022,2152.481689,2218.044568,2145.398995,2218.044568,3078655
5/25/2022,2142.276855,2171.40034,2130.907093,2171.40034,1884260
5/26/2022,2125.036133,2139.761015,2104.346851,2134.309006,2299127
5/27/2022,2172.006348,2176.013557,2125.315485,2140.692685,1011303
5/30/2022,2189.107422,2204.065289,2172.378938,2182.816749,939562
5/31/2022,2193.115234,2206.768235,2147.123329,2199.405908,3123979
6/1/2022,2151.363525,2249.544713,2145.352483,2208.725189,2197599
6/2/2022,2129.322754,2149.965388,2103.554159,2138.828613,1460335
6/3/2022,2135.986084,2166.740482,2111.00974,2128.577115,1845303
6/6/2022,2125.315674,2145.305991,2094.654556,2117.58043,2131405
6/7/2022,2061.10376,2106.070414,2056.863335,2096.890602,2034730
6/8/2022,2047.544189,2067.953837,2037.246079,2064.272674,1506843
6/9/2022,2048.150146,2058.075568,2023.034094,2047.497826,1497867
6/10/2022,2050.199951,2058.541099,2015.624688,2015.811033,1641981
6/13/2022,2047.404175,2066.136491,2009.287449,2020.470867,1519441
6/14/2022,2023.266968,2063.294244,2013.0155,2041.766298,1592475
6/15/2022,2018.142822,2029.753904,2003.522982,2029.565914,1432377
6/16/2022,2018.283936,2034.549092,2007.330933,2016.685676,1353485
6/17/2022,1984.202515,2031.164452,1974.377681,2030.788472,3252189
6/20/2022,2064.540527,2071.121785,1982.039758,1984.719362,2022000
6/21/2022,2073.096436,2098.48129,2042.211438,2063.694638,1606187
6/22/2022,2071.074951,2091.80573,2055.279886,2058.241361,1741378
6/23/2022,2117.848877,2122.314731,2060.968005,2075.916771,1585753
6/24/2022,2166.079834,2180.088649,2124.853093,2129.506937,1930048
6/27/2022,2181.828125,2192.358322,2160.5802,2177.315446,1450391
6/28/2022,2179.007324,2184.977557,2141.588357,2181.827863,1404108
6/29/2022,2099.844482,2162.319383,2091.900009,2158.840764,1682914
6/30/2022,2097.165039,2114.464255,2080.993764,2091.805831,2387212
7/1/2022,2145.819336,2155.832158,2071.780181,2092.840115,1235612
7/4/2022,2233.114746,2236.029395,2139.848967,2139.848967,2410245
7/5/2022,2257.842041,2267.71393,2229.730754,2241.858983,2463079
7/6/2022,2348.945068,2359.005176,2256.43147,2256.43147,4770394
7/7/2022,2325.017578,2379.595061,2318.013285,2355.150386,3333262
7/8/2022,2347.488037,2354.022241,2306.073071,2328.308231,1346970
7/11/2022,2341.611816,2373.953909,2331.645819,2338.227077,1587197
7/12/2022,2303.017334,2341.611758,2298.222325,2326.944863,1116476
7/13/2022,2348.333984,2368.641959,2314.158358,2316.602918,2528792
7/14/2022,2348.380615,2371.978985,2320.551208,2353.034458,1663307
7/15/2022,2414.851563,2419.928441,2352.376667,2378.654644,2996964
7/18/2022,2400.748535,2449.167783,2381.521909,2426.603473,1566888
7/19/2022,2414.334473,2420.962786,2371.838395,2397.411238,1473121
7/20/2022,2448.698242,2461.390669,2383.919947,2420.962939,4012897
7/21/2022,2451.47168,2472.578669,2436.663848,2460.450442,1990695
7/22/2022,2482.638672,2485.083001,2454.856315,2460.450339,1905780
7/25/2022,2466.655762,2495.237135,2455.749584,2487.245607,1253821
7/26/2022,2394.731934,2467.971844,2386.270316,2467.971844,1685576
7/27/2022,2427.497314,2435.535898,2373.954118,2383.685071,1404133
7/28/2022,2463.365234,2467.972024,2430.364831,2467.972024,1442054
7/29/2022,2479.630127,2486.775585,2440.706775,2482.074686,1463059
8/1/2022,2437.885742,2480.193825,2425.663407,2479.723735,1559918
8/2/2022,2477.608398,2481.228182,2443.526886,2444.467066,1359934
8/3/2022,2469.241455,2504.639135,2442.493155,2458.805367,1767904
8/4/2022,2470.745117,2485.317902,2458.569836,2476.43325,1189384
8/5/2022,2487.151367,2498.668569,2470.369297,2480.194129,1176666
8/8/2022,2491.80542,2498.997703,2468.959007,2487.151347,1024511
8/10/2022,2484.707275,2516.579279,2473.801098,2491.805679,1098949
8/11/2022,2457.347656,2508.164415,2450.672518,2497.164359,810674
8/12/2022,2439.719482,2469.00622,2430.458849,2467.877821,1473527
8/16/2022,2486.305176,2489.924959,2435.582528,2451.941562,1584117
8/17/2022,2524.053711,2532.844484,2486.305582,2492.416751,1711381
8/18/2022,2521.609619,2552.588502,2505.250351,2524.383104,1465489
8/19/2022,2476.950684,2537.49817,2469.38219,2528.143427,1324508
8/22/2022,2469.570068,2507.271368,2463.36502,2489.595943,1410895
8/23/2022,2437.650879,2472.390472,2430.599531,2446.394596,1305045
8/24/2022,2433.420166,2453.869075,2408.082368,2421.902964,1242489
8/25/2022,2420.210693,2471.16839,2411.98412,2445.595547,1106593
8/26/2022,2417.719238,2458.287902,2408.740476,2444.373196,1048791
8/29/2022,2421.715332,2451.894968,2397.458646,2397.458646,1450034
8/30/2022,2500.737305,2507.459498,2430.928955,2433.843375,2227943
9/1/2022,2450.108398,2496.177206,2438.826242,2491.476307,1702269
9/2/2022,2447.851807,2466.0912,2430.364373,2458.569763,937600
9/5/2022,2445.03125,2465.526982,2431.398645,2441.646512,1274074
9/6/2022,2419.176758,2463.271099,2409.68085,2436.193875,1250776
9/7/2022,2411.185303,2441.552928,2407.612573,2417.954552,1344964
9/8/2022,2422.984375,2440.706857,2409.680922,2425.663979,1004533
9/9/2022,2433.843262,2488.655787,2428.907318,2442.586979,1785443
9/12/2022,2426.040283,2449.168802,2420.023223,2436.006283,1595709
9/13/2022,2431.868896,2452.92883,2424.723439,2442.586853,1342130
9/14/2022,2417.577881,2450.108189,2394.355489,2397.458128,1610054
9/15/2022,2407.236328,2443.339371,2398.39873,2425.663944,1199906
9/16/2022,2376.915771,2410.480378,2367.984062,2402.159694,2516820
9/19/2022,2424.95874,2433.185313,2358.017985,2379.595065,1166725
9/20/2022,2429.001709,2464.681489,2425.288044,2443.151462,1253333
9/21/2022,2466.655762,2488.420832,2425.663832,2427.544191,1960049
9/22/2022,2531.669189,2539.660718,2463.318163,2466.185757,2620240
9/23/2022,2521.609619,2560.815076,2514.041125,2536.511333,1789791
9/26/2022,2501.39502,2565.750271,2484.941876,2508.869402,2678551
9/27/2022,2518.976563,2551.412763,2494.672824,2515.920978,1898501
9/28/2022,2540.459961,2546.712065,2493.403915,2510.233042,1526197
9/29/2022,2539.002686,2563.870396,2530.118032,2548.921629,2019666
9/30/2022,2535.147949,2552.494222,2508.305768,2545.066893,1340054
10/3/2022,2465.621582,2570.451632,2460.967738,2560.109654,1683197
10/4/2022,2508.352295,2516.390877,2476.574176,2491.476116,1327939
10/6/2022,2457.630127,2531.246255,2449.215563,2520.904277,1752351
10/7/2022,2444.185547,2456.689985,2420.96315,2455.655695,1025923
10/10/2022,2449.732666,2454.527445,2389.937137,2416.262172,1043728
10/11/2022,2398.069336,2454.386239,2392.757412,2453.869095,1129783
10/12/2022,2436.334961,2448.792343,2401.407144,2410.103807,882873
10/13/2022,2412.877441,2451.18977,2409.586812,2428.484519,753331
10/14/2022,2421.715332,2467.878025,2416.450233,2435.06584,1001536
10/17/2022,2435.582764,2453.82216,2414.381664,2419.646762,778918
10/18/2022,2446.582764,2483.954909,2441.64682,2463.270954,1123374
10/19/2022,2428.484375,2460.920577,2424.159456,2458.852228,1241979
10/20/2022,2445.313477,2453.869204,2414.522589,2414.522589,1428125
10/21/2022,2495.143066,2507.224469,2450.108546,2450.108546,2458302
10/24/2022,2419.176758,2482.074695,2397.458512,2453.963411,719908
10/25/2022,2355.526123,2431.304699,2350.449244,2431.304699,2923789
10/27/2022,2368.312988,2378.654966,2339.167414,2344.808493,1846329
10/28/2022,2373.248779,2398.304478,2361.731577,2374.988204,1164951
10/31/2022,2398.116699,2418.142576,2389.984235,2392.75772,1324443
11/1/2022,2415.248047,2438.011129,2411.272844,2431.527594,1280132
11/2/2022,2383.541016,2426.795475,2367.545228,2426.795475,1338284
11/3/2022,2410.089844,2412.597945,2374.075929,2381.079848,730444
11/4/2022,2385.481201,2409.758527,2380.65402,2408.764668,889055
11/7/2022,2397.264404,2415.436924,2382.30985,2395.655421,1283685
11/9/2022,2374.549072,2408.717149,2359.263153,2375.684812,1436444
11/10/2022,2379.092041,2402.186253,2367.213572,2370.005665,1459152
11/11/2022,2369.106445,2410.515289,2361.487172,2408.811564,1162847
11/14/2022,2326.278076,2379.23403,2323.769745,2372.655985,2137131
11/15/2022,2325.994141,2336.878752,2313.358434,2326.278133,1558333
11/16/2022,2345.255371,2350.129692,2298.167593,2331.720547,1330395
11/17/2022,2328.360352,2364.326894,2322.918046,2347.24274,960476
11/18/2022,2350.792236,2355.382796,2317.807268,2337.825397,1075675
11/21/2022,2367.544922,2377.577787,2337.872663,2350.792131,1354881
11/22/2022,2381.07959,2388.935486,2363.380312,2371.803962,921265
11/23/2022,2373.17627,2389.881687,2368.112467,2386.095736,734152
11/24/2022,2412.739502,2423.008988,2376.772962,2382.310009,999929
11/25/2022,2401.665771,2418.655184,2383.445879,2418.276681,783480
11/28/2022,2390.071045,2406.445331,2386.853079,2391.774769,830905
11/29/2022,2493.238281,2498.680586,2391.96408,2391.96408,2542932
11/30/2022,2540.705322,2553.624792,2482.638187,2493.049556,3698270
12/1/2022,2520.355957,2539.4276,2505.212147,2536.588136,1675569
12/2/2022,2475.160889,2517.658108,2467.636124,2517.658108,2101890
12/5/2022,2479.65625,2484.53057,2446.812937,2460.868374,1640511
12/6/2022,2512.499756,2517.610699,2464.512861,2467.304954,1484562
12/7/2022,2562.474121,2574.257849,2514.108497,2517.705197,2368561
12/8/2022,2560.675781,2565.976206,2542.030015,2550.832399,1314703
12/9/2022,2576.57666,2594.891293,2566.165293,2578.895509,1883397
12/12/2022,2571.844238,2578.233032,2544.774592,2557.599549,1163204
12/13/2022,2565.266357,2574.447244,2553.435258,2571.607781,1265839
12/14/2022,2540.98877,2574.447211,2528.400665,2574.447211,886858
12/15/2022,2520.734131,2539.663891,2506.726062,2525.561312,990722
12/16/2022,2528.353271,2543.875581,2511.316489,2525.229815,1793864
12/19/2022,2572.64917,2574.447405,2528.353485,2528.353485,1546941
12/20/2022,2531.429199,2561.243567,2511.268961,2561.196197,827567
12/21/2022,2523.526367,2550.92715,2508.288048,2544.112482,779092
12/22/2022,2503.791748,2544.632607,2500.620921,2533.274752,852567
12/23/2022,2480.839355,2507.766888,2468.487643,2491.15598,1189702
12/26/2022,2477.384766,2496.693258,2467.257391,2480.697473,605144
12/27/2022,2454.480225,2493.901361,2437.443439,2484.531221,870960
12/28/2022,2445.346436,2463.802951,2440.140752,2454.24333,822651
12/29/2022,2430.628418,2445.062359,2403.5114,2442.175525,1345863
12/30/2022,2424.003174,2448.043877,2418.466127,2441.891705,696432
1/2/2023,2421.494385,2441.985985,2402.233496,2436.164946,681703
1/3/2023,2406.019775,2424.902164,2399.346989,2413.591679,821843
1/4/2023,2400.388184,2421.49468,2391.822421,2414.017518,1672649
1/5/2023,2445.440674,2453.249199,2401.71298,2401.760351,2008493
1/6/2023,2438.578857,2472.131809,2437.111755,2441.938936,991782
1/9/2023,2483.631592,2488.742534,2432.473875,2450.788508,1267078
1/10/2023,2502.372314,2511.36395,2475.160785,2483.631806,1413088
1/11/2023,2454.480225,2506.158566,2449.605903,2502.514495,1471687
1/12/2023,2451.451172,2463.329642,2435.076884,2447.712591,1703829
1/13/2023,2483.584473,2498.018414,2429.303294,2451.593133,1348015
1/16/2023,2458.123779,2487.322792,2445.724696,2487.322792,930068
1/17/2023,2524.803955,2531.855244,2462.572373,2466.026961,1892865
1/18/2023,2542.455811,2549.365219,2517.657873,2525.229777,2038075
1/19/2023,2507.956299,2535.925062,2472.13164,2527.21742,1649842
1/20/2023,2412.361084,2465.601029,2400.340734,2413.544194,4569549
1/23/2023,2457.461182,2464.654582,2415.43721,2423.009113,1388360
1/24/2023,2461.341797,2470.333432,2442.696031,2464.654505,1462462
1/25/2023,2482.022705,2500.6211,2455.18968,2461.341851,1591810
1/27/2023,2472.368408,2504.927732,2440.235188,2494.468994,1581382
1/30/2023,2430.7229,2470.333513,2394.803729,2470.333513,2744039
1/31/2023,2438.862549,2451.592764,2405.21486,2430.58078,2366794
2/1/2023,2436.496582,2463.70811,2410.562905,2461.057898,2014615
2/2/2023,2493.853516,2498.491213,2425.848274,2432.000444,1980667
2/3/2023,2507.01001,2515.244409,2490.351729,2498.72824,1638238
2/6/2023,2496.456787,2503.460706,2460.632125,2490.209874,1697446
2/7/2023,2462.00415,2503.980979,2456.419965,2503.460364,1495745
2/8/2023,2444.589355,2467.967564,2440.37753,2453.959495,1061956
2/9/2023,2448.280273,2460.773868,2428.68802,2448.564266,1102484
2/10/2023,2439.57251,2448.232781,2418.607896,2446.671169,1523011
2/13/2023,2442.885254,2452.113511,2413.544129,2423.009008,1146525
2/14/2023,2441.560303,2462.761539,2432.663178,2446.671245,1944364
2/15/2023,2412.077148,2434.177734,2401.239908,2413.544251,2009134
2/16/2023,2391.869873,2424.80747,2387.847299,2423.009235,1982857
2/17/2023,2380.890381,2409.994885,2372.750492,2389.882016,1395341
2/20/2023,2377.056885,2406.918623,2373.980799,2383.256426,632091
2/21/2023,2381.505615,2407.818027,2377.861775,2392.72159,862797
2/22/2023,2360.588379,2388.509774,2349.893019,2381.505624,885515
2/23/2023,2357.370117,2381.268938,2347.384854,2358.647968,757215
2/24/2023,2351.265137,2376.86768,2339.67066,2358.83704,732783
2/27/2023,2336.074219,2353.91561,2324.574482,2353.91561,853991
2/28/2023,2328.975586,2341.942656,2305.313386,2337.588719,1780454
3/1/2023,2334.275879,2337.825209,2317.002474,2326.467353,967339
3/2/2023,2323.959229,2337.825184,2313.216498,2334.275855,827174
3/3/2023,2338.771729,2356.660258,2324.243046,2334.039289,1176008
3/6/2023,2351.880371,2365.131201,2343.125359,2349.135418,1214503
3/8/2023,2352.117432,2367.545001,2335.175158,2353.915666,1448340
3/9/2023,2329.685059,2358.600308,2325.425863,2351.880383,1038910
3/10/2023,2333.518555,2338.298365,2314.257665,2318.895363,772024
3/13/2023,2323.7229,2355.335509,2314.163279,2334.039528,1314549
3/14/2023,2311.749512,2339.718278,2309.19404,2330.253398,1250763
3/15/2023,2277.344727,2327.88709,2264.945642,2320.693689,1738040
3/16/2023,2327.745605,2337.163116,2278.906727,2295.186276,1628035
3/17/2023,2316.43457,2350.318886,2309.2414,2339.386904,2127178
3/20/2023,2376.820557,2381.97887,2295.233339,2316.434578,1561128
3/21/2023,2330.821533,2388.22594,2327.177462,2380.417414,1595161
3/22/2023,2343.835205,2348.614784,2323.059613,2340.285876,1063244
3/23/2023,2352.117432,2366.267381,2334.039418,2342.55781,1578627
3/24/2023,2348.047119,2364.231923,2337.825004,2339.907231,1449326
3/27/2023,2365.273438,2370.952365,2332.146359,2352.022606,1387736
3/28/2023,2349.940186,2378.997318,2339.623329,2375.495359,1412387
3/29/2023,2395.418945,2403.889966,2347.337315,2352.022384,2613254
3/31/2023,2423.34082,2431.007235,2381.884597,2421.873718,2146167
4/3/2023,2400.388184,2432.474033,2380.464566,2432.474033,918048
4/5/2023,2444.541748,2450.031424,2368.112846,2378.05097,1489612
4/6/2023,2427.978027,2446.671163,2416.383551,2437.206284,797414
4/10/2023,2396.649414,2431.480217,2389.882118,2427.978258,853322
4/11/2023,2411.414795,2418.276833,2397.454097,2404.079513,913184
4/12/2023,2393.62085,2419.223397,2383.871977,2419.223397,1109809
4/13/2023,2400.482422,2425.233218,2389.881804,2389.881804,1261711
4/17/2023,2415.29541,2440.992466,2405.404426,2435.313538,1566977
4/18/2023,2405.073242,2423.009143,2394.614504,2423.009143,1474786
4/19/2023,2396.128906,2411.651216,2375.921297,2411.651216,1320243
4/20/2023,2359.21582,2396.885854,2347.28998,2383.067269,1401364
4/21/2023,2364.279541,2375.211523,2352.637693,2358.647984,1206288
4/24/2023,2365.983154,2370.857475,2342.65232,2368.112752,1735797
4/25/2023,2357.180908,2365.983293,2345.44455,2357.559642,1701098
4/26/2023,2376.442139,2383.256806,2349.372489,2356.755142,1245903
4/27/2023,2336.831299,2387.042529,2325.520814,2379.423255,2743893
4/28/2023,2325.804932,2335.743055,2289.554396,2305.692062,3761927
5/2/2023,2320.504395,2345.397073,2318.895411,2339.528894,1760370
5/3/2023,2352.968994,2356.754946,2321.403529,2325.473474,1258140
5/4/2023,2372.608643,2375.069604,2347.431971,2353.868135,1150227
5/5/2023,2366.929688,2385.14958,2361.203389,2366.219822,1354871
5/8/2023,2381.647705,2391.633199,2363.522322,2371.662211,972810
5/9/2023,2381.174072,2389.881714,2366.266889,2389.881714,1651327
5/10/2023,2387.704834,2399.346681,2371.756652,2386.095851,2025658
5/11/2023,2453.675293,2459.922206,2388.557106,2401.192582,1749356
5/12/2023,2483.016357,2498.72815,2447.996304,2455.189705,2170011
5/15/2023,2519.787354,2527.8325,2482.685075,2496.787652,1561055
5/16/2023,2532.707031,2535.073251,2508.761071,2527.122845,1477905
5/17/2023,2519.314209,2530.908686,2505.400883,2529.01571,839404
5/18/2023,2486.94458,2526.365713,2481.549645,2522.863753,1434067
5/19/2023,2500.100586,2507.246616,2461.483831,2487.985494,1174757
5/22/2023,2496.929932,2513.351359,2482.685242,2493.995727,768232
5/23/2023,2487.654053,2508.003541,2484.530597,2491.156012,703864
5/24/2023,2475.018555,2496.835148,2468.44051,2479.798365,628872
5/25/2023,2458.265625,2485.619032,2442.459324,2470.333345,1072231
5/26/2023,2510.41748,2514.534565,2463.802948,2464.418072,947073
5/29/2023,2508.476807,2536.161576,2503.507745,2527.122571,698267
5/30/2023,2514.392578,2522.390355,2508.997643,2513.39872,948051
5/31/2023,2524.803955,2536.587684,2496.83519,2514.392588,3388305
6/1/2023,2553.529541,2585.095004,2512.45206,2524.283158,1541080
6/2/2023,2571.32373,2591.673221,2547.614161,2564.982308,1509260
6/5/2023,2551.542236,2576.340174,2540.515513,2571.08712,1000190
6/6/2023,2547.140869,2562.994542,2527.264623,2555.51738,655372
6/7/2023,2570.850342,2581.072457,2535.972402,2546.052405,1428490
6/8/2023,2536.49292,2575.914281,2531.76048,2562.142835,923536
6/9/2023,2495.131592,2545.058833,2479.893274,2545.058833,1413808
6/12/2023,2501.993408,2514.818366,2492.102656,2503.460511,775484
6/13/2023,2532.707031,2552.67802,2486.897107,2488.884824,1787924
6/14/2023,2554.333984,2557.504811,2510.085679,2528.068948,1536248
6/15/2023,2545.768799,2572.081212,2534.836816,2568.721133,1830192
6/16/2023,2570.329834,2578.233101,2539.616347,2545.768519,1748145
6/19/2023,2560.406006,2587.267155,2552.533706,2578.297597,1068263
6/20/2023,2553.583496,2557.686448,2526.865386,2547.762672,1129279
6/21/2023,2554.060547,2582.925648,2546.283529,2562.982347,1201840
6/22/2023,2532.829346,2555.396514,2527.437873,2546.474481,830052
6/23/2023,2520.663086,2538.745476,2507.160758,2529.918957,991214
6/26/2023,2530.682129,2551.770211,2521.187472,2521.187472,758700
6/27/2023,2529.966309,2539.747044,2515.318967,2530.681972,687747
6/28/2023,2539.413086,2564.556828,2521.044386,2531.493029,1397573
6/30/2023,2555.539551,2562.934742,2529.966688,2543.898135,1160181
7/3/2023,2577.390869,2581.971163,2537.695303,2563.984058,980665
7/4/2023,2576.38916,2582.782376,2552.533705,2577.391136,721907
7/5/2023,2629.682129,2633.069417,2572.667596,2576.341196,1717547
7/6/2023,2630.875,2638.41323,2610.406834,2633.546624,1265020
7/7/2023,2574.576172,2642.850296,2567.80113,2627.058172,1178930
7/10/2023,2534.928467,2587.219672,2529.632509,2585.835869,1518183
7/11/2023,2561.598877,2592.372415,2524.861475,2535.45339,2476367
7/12/2023,2551.245361,2581.112437,2521.521558,2581.112437,2395826
7/13/2023,2533.16333,2564.41398,2529.823566,2562.028434,1495067
7/14/2023,2554.34668,2563.507268,2529.680278,2533.449394,1419016
7/17/2023,2558.927002,2579.442694,2547.762695,2547.762695,912701
7/18/2023,2559.976563,2577.438802,2554.728363,2562.600662,1215904
7/19/2023,2549.289307,2573.43084,2539.078986,2559.928746,1166542
7/20/2023,2579.490234,2591.942828,2536.50266,2546.85602,1430764
7/21/2023,2484.78418,2553.821959,2473.333561,2528.678217,5198952
7/24/2023,2462.121338,2486.644697,2457.111693,2484.784019,1777469
7/25/2023,2450.575439,2468.180952,2444.993403,2462.073816,1653775
7/26/2023,2465.031738,2479.822119,2454.535339,2461.405663,1300033
7/27/2023,2452.197998,2464.745876,2436.119326,2443.753073,2276136
7/28/2023,2466.272461,2475.003464,2447.760488,2452.340782,966450
7/31/2023,2443.562012,2464.650094,2437.073281,2457.159621,2003252
8/1/2023,2434.306152,2455.966859,2428.485328,2452.340783,1758897
8/2/2023,2451.338623,2455.632605,2419.897182,2421.805618,2082908
8/3/2023,2434.496826,2443.800453,2421.042257,2440.842284,1475310
8/4/2023,2429.439453,2441.796532,2418.990811,2434.496856,1359318
8/7/2023,2451.577637,2456.157931,2422.521736,2423.714509,803823
8/8/2023,2448.380615,2466.844596,2438.552122,2451.577106,1002061
8/9/2023,2435.355469,2451.338622,2424.668272,2448.380686,1212549
8/10/2023,2420.565186,2434.592146,2411.88194,2432.349873,1313334
8/11/2023,2387.262939,2420.517301,2384.591082,2418.942934,1472199
8/14/2023,2417.130371,2423.714384,2374.190549,2387.263293,1060479
8/16/2023,2435.737793,2438.075581,2408.82865,2417.989239,1155882
8/17/2023,2426.81543,2443.418733,2417.034693,2435.737463,1532873
8/18/2023,2437.789063,2450.1939,2416.176112,2416.176112,1970819
8/21/2023,2445.422607,2457.016265,2422.807683,2437.788862,977004
8/22/2023,2448.333252,2457.112013,2436.119212,2455.776201,960025
8/23/2023,2456.205566,2465.222882,2445.184299,2457.112027,1136112
8/24/2023,2463.075684,2473.094975,2449.430317,2466.654002,1143934
8/25/2023,2446.186279,2462.551029,2434.687903,2449.478286,802955
8/28/2023,2438.695557,2450.432488,2422.760158,2447.569833,619841
8/29/2023,2410.498291,2441.748938,2406.633894,2441.748938,958564
8/30/2023,2416.032471,2419.897101,2404.629611,2410.497959,1227377
8/31/2023,2390.364258,2423.523339,2377.052961,2416.128148,3235414
9/1/2023,2390.125977,2399.381847,2385.545682,2390.364531,813413
9/4/2023,2386.881592,2398.904836,2377.912033,2398.904836,1143301
9/5/2023,2392.272949,2407.922036,2387.549615,2395.087847,844088
9/6/2023,2407.969727,2410.450787,2392.654477,2398.379787,1094146
9/7/2023,2392.654297,2406.395178,2385.545418,2395.0876,1894798
9/8/2023,2398.713867,2405.631949,2387.024694,2389.362482,1018234
9/11/2023,2420.135986,2422.664571,2394.181297,2398.713834,1121083
9/12/2023,2384.448242,2432.302192,2374.094882,2432.302192,3946716
9/13/2023,2391.795654,2394.133442,2377.911733,2379.820169,1231305
9/14/2023,2386.309082,2398.904717,2378.961648,2396.042062,2081195
9/15/2023,2356.632813,2376.00349,2353.102251,2361.499419,3750697
9/18/2023,2374.714844,2378.818028,2349.285024,2358.207057,1499641
9/20/2023,2353.91333,2366.461207,2333.063569,2337.50059,1795159
9/21/2023,2360.115723,2369.323835,2331.059592,2353.102126,2223720
9/22/2023,2368.798828,2376.003222,2345.468241,2355.010422,1176741
9/25/2023,2362.501221,2385.259185,2347.376769,2368.798921,1122778
9/26/2023,2365.458984,2375.048923,2348.56937,2360.735651,1263548
9/27/2023,2387.215332,2390.125744,2355.964687,2362.644214,1086791
9/28/2023,2347.710938,2386.499816,2340.888137,2385.545597,1612346
9/29/2023,2352.720459,2359.590783,2338.311671,2352.672701,1249567
10/3/2023,2355.869141,2384.591201,2349.094331,2376.003237,1585626
10/4/2023,2393.036133,2396.089584,2352.290831,2354.103985,1587335
10/5/2023,2404.200684,2409.21033,2381.108648,2402.721599,1909928
10/6/2023,2384.9729,2404.629889,2379.820215,2404.582131,1083342
10/9/2023,2396.328125,2401.290013,2367.415268,2371.232141,1468771
10/10/2023,2401.003906,2405.441161,2388.742342,2397.187033,1092373
10/11/2023,2439.363281,2446.567675,2401.051514,2403.055466,1697398
10/12/2023,2439.935791,2450.002839,2422.950661,2438.027355,1625010
10/13/2023,2451.815918,2458.734,2426.290581,2436.166833,1531977
10/16/2023,2441.176514,2463.791439,2435.737516,2442.798638,954899
10/17/2023,2439.124756,2452.340771,2429.868886,2441.176465,1253538
10/18/2023,2431.58667,2453.53369,2423.285018,2452.388674,1084689
10/19/2023,2431.443604,2437.454992,2409.401069,2409.401069,1272343
10/20/2023,2380.917725,2427.102031,2371.280259,2404.630143,3608160
10/23/2023,2369.801025,2395.040052,2366.795331,2379.820317,922707
10/25/2023,2363.884766,2376.00329,2352.147835,2361.737775,1435836
10/26/2023,2363.025879,2376.00334,2343.225851,2348.331012,2650560
10/27/2023,2368.417236,2380.774315,2351.050512,2354.342518,1784812
10/30/2023,2365.411621,2377.911974,2349.667019,2357.87339,875135
10/31/2023,2370.277832,2377.911577,2354.819545,2357.109575,920414
11/1/2023,2359.065918,2379.772406,2353.865475,2371.2322,1267131
11/2/2023,2390.35376,2399.196907,2367.765167,2379.011356,1595123
11/3/2023,2411.932861,2415.056815,2389.392378,2400.157957,1125583
11/6/2023,2400.54248,2420.103334,2394.487003,2417.459988,1338677
11/7/2023,2399.62915,2408.039796,2388.863571,2399.19665,1473411
11/8/2023,2421.641357,2427.072138,2400.830875,2401.119287,745022
11/9/2023,2380.64502,2424.188177,2377.136673,2422.313851,1823094
11/10/2023,2390.113281,2392.083822,2369.735535,2380.933615,771062
11/13/2023,2382.039063,2390.738121,2375.166457,2381.125954,760809
11/15/2023,2389.968994,2405.973392,2379.972435,2404.867852,1457029
11/16/2023,2394.582764,2408.61662,2379.347621,2384.009381,1420578
11/17/2023,2430.724609,2435.242281,2369.398943,2369.398943,1756043
11/20/2023,2409.241699,2436.203876,2403.041898,2436.155768,944231
11/21/2023,2408.087891,2419.382186,2401.11907,2407.847586,1088806
11/22/2023,2424.092285,2426.351238,2406.8866,2410.491163,816610
11/23/2023,2422.169678,2429.715322,2409.001057,2409.001057,1023670
11/24/2023,2417.652344,2422.074035,2410.202914,2417.556363,735137
11/28/2023,2413.182617,2433.560364,2403.041734,2433.560364,1880641
11/29/2023,2427.120361,2430.580601,2410.827785,2414.576436,1265214
11/30/2023,2446.825195,2455.428038,2418.565284,2418.565284,3095684
12/1/2023,2464.2229,2481.813212,2443.412654,2448.699346,1345599
12/4/2023,2501.374023,2507.237304,2475.132763,2477.055196,2188039
12/5/2023,2463.838867,2534.728603,2457.158458,2534.728603,3108717
12/6/2023,2468.068115,2483.495691,2463.598551,2470.327068,1573754
12/7/2023,2420.583984,2460.522586,2401.69617,2452.160047,3925967
12/8/2023,2424.476807,2435.674887,2411.019774,2421.304745,1605805
12/11/2023,2406.550049,2431.830094,2402.080485,2424.476881,2012243
12/12/2023,2405.684814,2420.343367,2400.157819,2403.041469,1677929
12/13/2023,2414.480225,2419.094112,2401.167514,2410.587485,1513205
12/14/2023,2418.757568,2426.879802,2404.194996,2423.563652,2166569
12/15/2023,2425.053711,2433.800877,2409.770458,2422.266276,2543337
12/18/2023,2437.165039,2445.81599,2417.460096,2422.410268,1969036
12/19/2023,2461.387451,2467.395055,2436.68423,2436.732338,1656220
12/20/2023,2458.311768,2473.162519,2448.218992,2473.162519,1468642
12/21/2023,2454.178223,2479.938875,2437.645344,2443.652948,1945695
12/22/2023,2475.709473,2479.698428,2448.026389,2459.94538,1174984
12/26/2023,2484.504883,2491.137184,2467.491394,2475.709844,893776
12/27/2023,2507.141602,2510.698056,2480.804123,2485.706422,1073278
12/28/2023,2531.652344,2537.61184,2505.747603,2512.476119,1635216
12/29/2023,2560.633301,2563.661274,2519.589393,2531.65271,1305681
1/1/2024,2551.790039,2565.87177,2535.689659,2560.537205,526353
1/2/2024,2512.427979,2551.020731,2505.891659,2545.301539,1310629
1/3/2024,2505.459473,2526.654348,2494.886089,2498.20224,1008270
1/4/2024,2492.002441,2521.271443,2487.676966,2505.459475,1376844
1/5/2024,2518.436035,2527.903879,2494.357508,2494.357508,1150738
1/8/2024,2478.256836,2524.154931,2466.96254,2523.145607,1189828
1/9/2024,2479.69873,2488.589985,2471.816801,2482.390184,1017205
1/10/2024,2477.439697,2493.684399,2465.520705,2479.938954,881278
1/11/2024,2437.837646,2488.589933,2433.656495,2479.938983,2399600
1/12/2024,2445.335449,2455.908834,2414.432424,2435.242673,2979841
1/15/2024,2473.402832,2478.737632,2432.839533,2447.257784,1391204
1/16/2024,2469.461914,2484.360773,2457.206401,2473.402762,1599406
1/17/2024,2463.501953,2471.624421,2441.249882,2450.141136,3047652
1/18/2024,2449.179932,2470.326697,2439.135265,2470.326697,1273095
1/19/2024,2465.905273,2474.123723,2433.800729,2465.520881,1323064
1/23/2024,2283.418213,2384.297851,2273.709831,2355.941961,4369332
1/24/2024,2346.95459,2351.039761,2275.343948,2295.385409,1551469
1/25/2024,2334.122559,2372.282815,2326.336609,2359.594801,2364765
1/29/2024,2349.5979,2354.019591,2316.532141,2316.532141,1587091
1/30/2024,2363.29541,2397.803231,2352.385741,2358.825846,1793711
1/31/2024,2385.307129,2389.48828,2347.050661,2354.980698,1445004
2/1/2024,2377.665527,2414.143651,2372.61914,2379.107352,1727534
2/2/2024,2357.47998,2390.449523,2347.29099,2380.933572,1956115
2/5/2024,2325.663574,2369.158626,2319.175362,2368.437713,1315445
2/6/2024,2332.248047,2346.666296,2324.269902,2330.902203,1557511
2/7/2024,2331.383057,2345.272591,2318.022238,2345.272591,1149076
2/8/2024,2323.309082,2347.099198,2305.959072,2347.099198,1758661
2/9/2024,2330.133301,2334.266579,2312.783528,2323.308803,886474
2/12/2024,2293.126465,2335.61243,2289.618118,2330.085434,1292460
2/13/2024,2301.152588,2307.832996,2287.791771,2297.307721,957865
2/14/2024,2295.337402,2301.15281,2278.083609,2292.50186,1397975
2/15/2024,2259.676025,2292.213065,2255.734944,2276.497315,2553695
2/16/2024,2283.129883,2289.618095,2266.164503,2278.035388,2363302
2/19/2024,2294.568115,2302.065652,2281.736014,2296.827068,576683
2/20/2024,2310.861084,2315.042236,2276.353265,2278.179717,1032995
2/21/2024,2313.744873,2328.835929,2301.249056,2310.861223,1127778
2/22/2024,2295.481689,2326.43282,2273.998402,2326.43282,2258516
2/23/2024,2301.249023,2312.2068,2291.492533,2295.914224,1210775
2/26/2024,2311.005371,2313.216217,2287.695865,2298.365465,831596
2/27/2024,2312.014404,2315.522751,2296.490615,2310.812884,1120424
2/28/2024,2327.634277,2330.950428,2307.881228,2317.58961,629152
2/29/2024,2318.743164,2334.60324,2304.276805,2330.95057,2848084
3/1/2024,2316.243652,2344.21515,2310.764765,2323.212473,2326244
3/4/2024,2328.06665,2333.737735,2311.149144,2322.491547,1501261
3/5/2024,2306.775879,2326.144301,2298.365233,2311.726051,1587199
3/6/2024,2307.689209,2315.427051,2283.178182,2310.765056,1354111
3/7/2024,2325.71167,2331.91147,2309.803488,2311.677814,1820704
3/11/2024,2297.163818,2319.415891,2291.108106,2315.571024,2040761
3/12/2024,2285.91748,2292.501909,2269.240511,2287.695825,1012157
3/13/2024,2222.909668,2282.889492,2214.499022,2282.889492,2322669
3/14/2024,2244.056396,2250.880894,2212.576552,2215.460202,2292515
3/15/2024,2237.424072,2246.315327,2226.081668,2239.683025,2751403
3/18/2024,2210.750244,2234.828769,2207.914702,2230.791706,2487402
3/19/2024,2179.030029,2214.546937,2159.709716,2194.697908,4220638
3/20/2024,2154.999756,2177.588349,2153.12543,2162.737597,2995013
3/21/2024,2155.384521,2171.532776,2147.358268,2147.358268,3504486
3/22/2024,2169.033447,2178.116898,2145.48364,2152.212156,3507809
3/26/2024,2153.125488,2171.532695,2145.435754,2145.53197,3027027
3/27/2024,2152.836914,2175.233309,2149.280459,2162.737493,2168861
3/28/2024,2176.531006,2199.16747,2153.221502,2157.93137,3186360
4/1/2024,2197.245117,2205.992283,2174.272132,2181.961866,1427873
4/2/2024,2198.01416,2208.875956,2188.738513,2208.875956,1221495
4/3/2024,2177.347656,2193.352052,2173.358701,2193.352052,1175309
4/4/2024,2177.107666,2193.496457,2162.016611,2181.961857,1890255
4/5/2024,2179.030029,2192.054562,2170.523403,2177.107596,1153449
4/8/2024,2180.952637,2200.176971,2179.270507,2188.690478,1127294
4/9/2024,2176.338623,2186.383525,2168.264497,2182.923051,1189343
4/10/2024,2173.2146,2188.594066,2170.138753,2188.594066,2308993
4/12/2024,2145.724121,2177.011772,2142.167666,2173.214778,3388551
4/15/2024,2108.957275,2141.350227,2105.064301,2141.302119,4909564
4/16/2024,2134.670166,2144.714834,2087.81085,2098.336127,2821129
4/18/2024,2128.902588,2150.914354,2123.375592,2129.142892,3392171
4/19/2024,2145.051025,2156.729713,2110.831621,2133.900819,2337694
4/22/2024,2154.567139,2166.149846,2142.600038,2162.73748,1804108
4/23/2024,2174.99292,2185.325999,2161.487779,2165.621058,1991778
4/24/2024,2172.590332,2180.376282,2158.556472,2178.165437,1404398
4/25/2024,2144.330322,2152.981272,2129.19116,2151.251035,4951866
4/26/2024,2136.448242,2167.543697,2132.555502,2157.93153,2307512
4/29/2024,2139.764404,2147.357922,2133.900889,2147.357922,1395292
4/30/2024,2143.945801,2153.365772,2138.707217,2145.483841,2119102
5/2/2024,2139.956543,2156.201009,2119.53069,2119.53069,2140383
5/3/2024,2131.06543,2148.943919,2118.521505,2145.435572,2595307
5/6/2024,2168.697021,2173.791517,2126.211291,2138.707108,1619256
5/7/2024,2287.118896,2296.923494,2171.388501,2178.117018,8277810
5/8/2024,2250.256348,2280.246261,2234.828773,2274.62305,1813439
5/9/2024,2235.453613,2270.490151,2229.494116,2249.823991,1558987
5/10/2024,2270.922363,2279.044597,2230.983766,2230.983766,2610266
5/13/2024,2269.095947,2289.281497,2256.840435,2281.928283,1170617
5/14/2024,2258.474609,2280.294179,2255.735048,2269.047992,689430
5/15/2024,2233.194824,2264.434367,2227.763809,2258.426763,812282
5/16/2024,2252.274658,2257.032868,2212.095991,2246.36327,1880021
5/17/2024,2230.359131,2260.685328,2225.312743,2260.685328,1264582
5/21/2024,2221.083252,2234.6365,2212.48041,2217.526797,1663959
5/22/2024,2275.103516,2281.928247,2221.083189,2221.371601,1914851
5/23/2024,2290.098633,2294.231911,2263.665175,2275.103559,1614718
5/24/2024,2277.17041,2290.81964,2272.989024,2286.253861,974100
5/27/2024,2292.02124,2306.871991,2270.874473,2277.170489,1116934
5/28/2024,2303.0271,2315.571024,2286.302023,2297.307907,1631747
5/29/2024,2281.351563,2302.113937,2277.506696,2288.849099,1592495
5/30/2024,2260.20459,2280.438246,2243.527623,2276.160879,1837380
5/31/2024,2238.72168,2285.244472,2227.715796,2261.742771,5529186
6/3/2024,2264.530029,2294.856459,2253.380058,2288.656659,1207445
6/4/2024,2399.485352,2412.702081,2251.26578,2281.928499,7826048
6/5/2024,2501.806396,2618.305796,2427.071809,2435.290258,11061076
6/6/2024,2450.718018,2499.163242,2420.343478,2499.163242,4102547
6/7/2024,2477.824219,2495.798922,2427.071935,2456.196845,3974253
6/10/2024,2465.857422,2493.059667,2447.257784,2478.977936,1449122
6/11/2024,2457.206299,2476.766917,2452.352108,2466.481946,1402423
6/12/2024,2430.628418,2468.404278,2419.38223,2468.404278,1754677
6/13/2024,2390.930176,2408.616703,2351.568401,2391.458892,3123098
6/14/2024,2406.799316,2436.547543,2397.724285,2400.247892,1729552
6/18/2024,2413.10791,2424.512241,2400.3932,2406.944624,1820933
6/19/2024,2384.718506,2421.600599,2379.380308,2421.600599,986976
6/20/2024,2409.177246,2416.747829,2374.673028,2384.718641,2163310
6/21/2024,2369.480469,2405.100759,2355.164393,2402.189015,3646215
6/24/2024,2370.354004,2395.249561,2355.64979,2363.365865,1945519
6/25/2024,2360.648193,2374.721625,2356.474646,2367.587993,833789
6/26/2024,2373.654297,2394.424647,2360.842431,2365.307201,1738656
6/27/2024,2389.717041,2410.147828,2364.336431,2377.875995,3402726
6/28/2024,2400.296387,2417.232985,2390.396504,2390.541996,2129791
7/1/2024,2431.403564,2448.776877,2378.021587,2388.649406,3312865
7/2/2024,2412.040283,2441.012233,2406.411101,2441.012233,1305210
7/3/2024,2436.499268,2445.719791,2401.509758,2413.496297,1406405
7/4/2024,2422.522461,2462.21938,2419.56214,2441.060659,1977010
7/5/2024,2472.070801,2478.864871,2422.522573,2422.522573,1754286
7/8/2024,2511.039795,2518.658954,2461.637292,2484.688602,2818809
7/9/2024,2513.951416,2537.099878,2492.453132,2511.039672,1479529
7/10/2024,2533.654297,2548.746886,2497.306069,2505.070721,1764036
7/11/2024,2532.101563,2540.060283,2513.854583,2540.011707,1432671
7/12/2024,2545.107178,2561.849708,2524.482322,2524.482322,1912642
7/15/2024,2543.2146,2551.901256,2536.760091,2550.688029,920101
7/16/2024,2609.359619,2644.834418,2547.33956,2548.698279,3298003
7/18/2024,2657.840088,2670.263578,2576.893692,2620.569856,5569762
7/19/2024,2646.775391,2662.304693,2636.050419,2658.422367,1668862
7/22/2024,2654.831299,2669.050221,2626.053419,2626.101995,1911629
7/23/2024,2684.968262,2728.595853,2651.628692,2665.216833,3906259
7/24/2024,2637.118164,2676.329557,2596.402323,2667.15761,3611927
7/25/2024,2627.557861,2644.688765,2591.452281,2637.118183,2166670
7/26/2024,2631.294922,2646.775649,2608.195036,2643.863904,2135309
7/29/2024,2631.828857,2639.981647,2613.581878,2631.440483,957011
7/30/2024,2612.2229,2673.321194,2606.399412,2635.711162,1560399
7/31/2024,2626.053711,2629.936037,2596.35406,2625.422928,1751085
8/1/2024,2635.662354,2644.785724,2615.910927,2634.157905,1886392
8/2/2024,2613.339111,2678.319492,2602.274341,2632.216873,1738872
8/5/2024,2636.001953,2661.334223,2587.764105,2597.227273,3118731
8/6/2024,2669.147461,2690.20903,2628.965248,2640.078595,2296031
8/7/2024,2663.324219,2700.012247,2655.0257,2699.866518,1713875
8/8/2024,2652.793213,2678.076907,2640.369723,2672.981355,1464161
8/9/2024,2666.381348,2676.863675,2638.62286,2674.922512,1284031
8/12/2024,2667.837158,2682.104658,2642.310819,2657.451984,1297178
8/13/2024,2660.751709,2676.523656,2649.784329,2661.334153,1051237
8/14/2024,2641.971436,2661.868356,2626.975999,2660.363908,946995
8/16/2024,2667.400391,2672.593096,2630.955011,2657.354778,1727926
8/19/2024,2661.868164,2678.562117,2656.529966,2669.147525,1130327
8/20/2024,2670.118164,2675.16514,2654.588861,2661.868222,1097889
8/21/2024,2709.086914,2712.872324,2662.256359,2668.613715,1417729
8/22/2024,2710.639648,2727.3336,2700.254475,2720.490954,1552947
8/23/2024,2732.769287,2738.010332,2689.821057,2716.851609,2111401
8/26/2024,2738.155762,2751.549833,2721.122247,2732.769224,1152244
8/27/2024,2685.501709,2741.019157,2678.368078,2726.363283,1357212
8/28/2024,2683.026855,2699.914877,2664.973946,2678.804731,1723549
8/29/2024,2703.312012,2727.333903,2664.246108,2688.462068,2129934
8/30/2024,2696.275391,2733.448709,2678.902077,2713.454636,4029712
9/2/2024,2707,2726.265898,2697.24561,2711.80433,957950
9/3/2024,2712.095703,2744.755673,2693.363434,2698.216341,2022116
9/4/2024,2757.664551,2760.188157,2690.111987,2698.216437,1640986
9/5/2024,2754.946777,2771.009947,2740.582125,2756.499802,1945173
9/6/2024,2755.432129,2782.123118,2744.901462,2744.901462,1672730
9/9/2024,2835.844971,2851.762412,2759.557173,2769.166071,3342754
9/10/2024,2813.327393,2851.180068,2802.553844,2847.68588,1536584
9/11/2024,2818.714111,2863.215367,2812.842283,2825.945133,1913665
9/12/2024,2869.426758,2876.220828,2809.056642,2825.362457,2454564
9/13/2024,2846.666748,2869.426835,2832.641894,2869.426835,1902001
9/16/2024,2782.75415,2824.392,2724.810249,2824.392,1489057
9/17/2024,2788.96582,2828.177216,2775.960124,2782.754194,1098661
9/18/2024,2791.246826,2808.426071,2777.512956,2789.451156,464796
9/19/2024,2826.090576,2847.977236,2788.820343,2791.634934,1713010
9/20/2024,2890.003418,2901.40775,2810.221433,2838.75667,3641632
9/23/2024,2939.45459,2945.714793,2882.57842,2892.332812,1300470
9/24/2024,2863.749268,2931.156105,2859.430227,2931.156105,1929308
9/25/2024,2862.196045,2873.260815,2819.636192,2863.74907,1055354
9/26/2024,2898.253418,2904.804843,2854.674168,2864.283067,1902889
9/27/2024,2878.987305,2940.861874,2865.884455,2898.253442,2977081
9/30/2024,2871.27124,2909.706125,2856.033158,2876.997576,1627702
10/1/2024,2837.737549,2875.541649,2806.339144,2875.541649,1184642
10/3/2024,2808.231934,2837.106732,2776.930682,2823.178793,1233447
10/4/2024,2764.944092,2828.274536,2734.176705,2805.951161,2456486
10/7/2024,2750.04541,2782.123175,2741.941197,2761.30425,1280975
10/8/2024,2735.875244,2801.098275,2716.366461,2760.333851,1761488
10/9/2024,2687.491211,2742.717433,2679.483915,2740.339319,1476282
10/10/2024,2673.660645,2705.39861,2652.793144,2688.510588,2065078
10/11/2024,2701.322266,2707.922267,2656.530026,2683.463662,679307
10/14/2024,2707.048828,2722.189757,2683.65772,2709.475282,874010
10/15/2024,2699.623779,2716.948753,2683.900407,2710.931196,1082666
10/16/2024,2699.429688,2715.250213,2674.534368,2707.097186,1170797
10/17/2024,2658.082764,2700.157564,2643.329973,2697.682534,1368242
10/18/2024,2637.166992,2659.393213,2614.212598,2658.082833,1137277
10/21/2024,2614.30957,2657.451866,2601.594859,2635.128494,792345
10/22/2024,2602.80835,2630.275853,2595.092274,2606.108469,1272253
10/23/2024,2581.067383,2613.824508,2543.894065,2543.894065,1431962
10/24/2024,2431.403564,2569.128971,2380.448041,2569.128971,9216267
10/25/2024,2453.678467,2465.276868,2426.550763,2428.685995,2761166
10/28/2024,2500.023926,2513.417998,2445.962583,2469.159386,852829
10/29/2024,2472.70166,2509.632331,2461.394481,2509.632331,1695654
10/30/2024,2479.786865,2487.891315,2458.870789,2481.776604,1200637
10/31/2024,2453.872559,2488.085555,2449.84474,2479.787036,1901355
11/1/2024,2462.850586,2471.051952,2437.469974,2469.110789,118532
11/4/2024,2450.523926,2472.070785,2429.850495,2472.070785,1097260
11/5/2024,2447.175537,2455.813617,2433.247599,2445.865157,702046
11/6/2024,2455.374023,2476.386286,2449.777386,2469.611207,1219166
11/7/2024,2430.630859,2464.407254,2421.401333,2455.374054,1322446
11/8/2024,2462.247314,2469.660517,2422.57967,2438.927789,1700877
11/11/2024,2445.89917,2469.316739,2430.189174,2463.523774,1175577
11/12/2024,2416.884766,2451.692179,2411.484454,2449.777571,1624222
11/13/2024,2420.272217,2427.98003,2405.985891,2417.474017,1262017
11/14/2024,2345.89502,2420.02656,2340.494709,2415.804451,2443393
11/18/2024,2378.984375,2381.046408,2332.689074,2357.628598,1374215
11/19/2024,2366.661865,2395.970682,2361.507023,2387.821074,1133370
11/21/2024,2339.611328,2380.800928,2333.032815,2380.800928,1291829
11/22/2024,2400.929199,2407.655137,2334.750938,2347.613353,1696471
11/25/2024,2426.654297,2460.283507,2413.055475,2425.230626,4368045
11/26/2024,2434.263916,2449.728444,2415.804622,2441.186181,982442
11/27/2024,2441.824219,2447.764609,2413.448134,2430.28719,948232
11/28/2024,2417.571777,2493.126986,2408.734905,2440.940443,2540530
11/29/2024,2450.906494,2462.050868,2410.600729,2410.600729,1795164
12/2/2024,2434.214844,2445.359219,2415.952116,2439.958907,1006993
12/3/2024,2437.8479,2446.29188,2421.303214,2435.049461,1641588
12/4/2024,2419.830322,2447.813753,2412.024466,2436.129539,1321495
12/5/2024,2449.384766,2469.414914,2405.642199,2420.910399,2071795
12/6/2024,2438.780762,2450.56326,2430.140215,2449.777712,1308086
12/9/2024,2357.23584,2432.054649,2340.102173,2420.321293,3385021
12/10/2024,2353.897705,2369.26395,2345.01169,2365.041841,2063838
12/11/2024,2357.824951,2365.679949,2341.771204,2361.408698,1718225
12/12/2024,2302.447021,2356.45013,2295.62304,2341.820293,3231056
12/13/2024,2346.779053,2351.148348,2291.155702,2302.447262,2260902
12/16/2024,2323.262939,2349.626373,2320.17013,2346.975359,1247552
12/17/2024,2320.415527,2336.86193,2310.695063,2310.695063,2131569
12/18/2024,2316.438965,2339.807633,2307.454906,2307.454906,988403
12/19/2024,2317.077148,2343.685809,2293.659341,2304.459962,1655915
12/20/2024,2291.597412,2330.479749,2282.515071,2309.467725,2069691
12/23/2024,2296.506836,2309.124023,2273.285593,2294.64137,1066199
12/24/2024,2293.217529,2314.229552,2288.848235,2288.848235,683646
12/26/2024,2290.468262,2299.403418,2282.564122,2289.977324,1033769
12/27/2024,2298.814209,2303.134362,2286.049838,2300.53249,556816
12/30/2024,2301.023438,2316.389681,2282.858755,2299.059688,924180
12/31/2024,2284.675537,2310.007716,2281.140692,2297.587095,1878762
1/1/2025,2280.011475,2294.788498,2278.19491,2282.858816,559893
1/2/2025,2327.042969,2336.517963,2273.530799,2287.767982,1650744
1/3/2025,2362.635986,2370.834736,2321.937328,2338.67834,1274239
1/6/2025,2333.130615,2375.105759,2318.84429,2374.173026,900419
1/7/2025,2347.466309,2358.708727,2332.198108,2334.063574,922768
1/8/2025,2357.481201,2365.336199,2325.079335,2347.662454,953351
1/9/2025,2391.257813,2428.814524,2343.145947,2361.458056,2425267
1/10/2025,2397.787109,2411.484213,2370.04915,2391.257499,1651911
1/13/2025,2406.575195,2415.903006,2365.385594,2373.240593,2595013
1/14/2025,2325.030273,2423.26689,2321.250199,2420.321266,2052741
1/15/2025,2329.989014,2341.673228,2307.504176,2330.872605,1215150
1/16/2025,2302.496338,2336.861955,2283.889859,2333.867189,2762596
1/17/2025,2311.333008,2336.174485,2300.532386,2307.405509,1333005
1/20/2025,2302.692627,2325.079419,2293.315675,2313.738718,1382273
1/21/2025,2298.077881,2334.21092,2290.173741,2310.842253,1842885
1/22/2025,2300.483398,2319.18816,2289.928245,2300.090744,2658047
1/23/2025,2279.618408,2298.863248,2212.998355,2273.039896,3408925
1/24/2025,2325.17749,2337.647251,2280.894847,2290.566408,1688664
1/27/2025,2349.479004,2366.023449,2318.353384,2322.133697,2477358
1/28/2025,2345.551514,2363.372444,2336.321748,2357.481196,1892156
1/29/2025,2340.740234,2352.571873,2321.151881,2341.918436,699576
1/30/2025,2365.09082,2381.046285,2340.78942,2340.78942,1419960
1/31/2025,2424.05249,2434.067565,2357.97227,2357.97227,2116148
2/1/2025,2460.627197,2554.838029,2391.012136,2430.139939,2970999
2/3/2025,2397.688965,2474.324336,2372.700301,2459.596215,2528480
2/4/2025,2393.859863,2405.593219,2359.297919,2405.593219,1992474
2/5/2025,2347.71167,2408.538763,2343.735029,2408.538763,1357416
2/6/2025,2329.694092,2365.28705,2317.518941,2356.499319,1132113
2/7/2025,2321.004883,2338.776673,2293.757857,2336.862065,855602
2/10/2025,2318.648193,2354.535765,2309.418666,2327.926862,1326354
2/11/2025,2273.2854,2334.848896,2254.924391,2328.024915,1389260
2/12/2025,2290.2229,2297.488678,2263.319628,2283.546104,1341909
2/13/2025,2279.422363,2303.085642,2271.420179,2287.866583,1334967
2/14/2025,2276.329346,2323.11558,2271.468874,2279.913093,1135380
2/17/2025,2287.178955,2293.659424,2258.311933,2276.329431,1409168
2/18/2025,2254.384521,2296.163342,2246.529523,2287.179044,1035705
2/19/2025,2209.611084,2263.908812,2207.25468,2257.084829,1521343
2/20/2025,2207.303711,2213.587614,2186.144261,2209.610973,2206196
2/21/2025,2201.019287,2212.70374,2186.045698,2207.303429,1781509
2/24/2025,2200.822998,2210.199949,2178.583632,2189.580581,1627949
2/25/2025,2218.349609,2228.462967,2197.386488,2202.345003,1988040
2/27/2025,2204.259766,2228.512025,2192.624693,2228.512025,1699658
2/28/2025,2150.551025,2208.825384,2146.230873,2204.357806,3683249
3/3/2025,2137.394287,2159.142718,2119.376788,2159.142718,1306470
3/4/2025,2118.247559,2140.486925,2097.284437,2140.437784,1800330
3/5/2025,2131.109863,2152.171027,2111.030574,2112.994323,1145673
3/6/2025,2178.730957,2189.384394,2124.531518,2135.577609,1856868
3/7/2025,2164.592041,2186.340471,2149.520168,2186.340471,1738356
3/10/2025,2207.008789,2226.057062,2154.871148,2167.979271,1242387
3/11/2025,2176.76709,2221.442389,2171.170452,2199.39935,1325891
3/12/2025,2153.153076,2189.531584,2145.396361,2177.160106,1526212
3/13/2025,2135.381348,2169.894151,2125.218848,2145.396423,1845629
3/17/2025,2131.895508,2155.656828,2117.412856,2121.831292,1111886
3/18/2025,2131.895508,2131.895508,2131.895508,2131.895508,0
3/19/2025,2160.173584,2172.741629,2153.693115,2166.997566,1341405
3/20/2025,2201.755859,2208.138045,2148.783764,2163.953681,1426689
3/21/2025,2205.487061,2214.323933,2185.456911,2204.308859,2152415
3/24/2025,2215.305664,2224.928084,2200.381216,2209.463558,1454404
3/25/2025,2230.132324,2250.457085,2202.688971,2209.954749,2229340
3/26/2025,2205.241455,2238.576054,2197.239272,2230.819339,1416907
3/27/2025,2203.965088,2219.920553,2160.124476,2203.523292,3752627
3/28/2025,2217.907715,2254.384263,2199.693892,2206.272404,2280152
4/1/2025,2193.361084,2243.240131,2179.762022,2218.055139,2495962
4/2/2025,2197.337402,2203.032324,2150.354839,2203.032324,1351493
4/3/2025,2203.866943,2212.065453,2180.351092,2185.11304,1310088
4/4/2025,2203.866943,2225.959124,2181.725621,2189.580618,1120226
4/7/2025,2208.628906,2220.60797,2111.030655,2111.030655,3435185
4/8/2025,2247.756592,2264.39932,2211.525512,2227.186365,2774874
4/9/2025,2307.405762,2311.480446,2248.002337,2252.371632,2989089
4/11/2025,2323.262939,2351.442938,2301.858261,2351.197469,3836083
4/15/2025,2318.697266,2356.499444,2302.692659,2356.499444,3042779
4/16/2025,2323.704834,2332.934361,2308.387492,2308.387492,1131979
4/17/2025,2331.952393,2336.763483,2300.630686,2314.376931,1962402
4/21/2025,2308.387451,2329.399474,2306.227375,2325.177605,1478430
4/22/2025,2355.2229,2362.390634,2312.413305,2327.043143,2352346
4/23/2025,2379.86792,2393.810493,2350.018786,2366.318001,2226066
4/24/2025,2283.153564,2442.315329,2275.102239,2379.868234,7065430
4/25/2025,2289.928223,2299.45236,2252.81331,2289.633612,2859858
4/28/2025,2276.574707,2306.423601,2273.039862,2302.496102,1555660
4/29/2025,2279.618408,2290.222703,2270.683492,2285.804267,1896387
4/30/2025,2299.648926,2309.860327,2274.021899,2277.949398,2083807
5/2/2025,2276.574707,2302.496102,2268.130489,2291.793764,1424284
5/5/2025,2306.03125,2312.216869,2277.065943,2281.975317,2074103
5/6/2025,2338.62915,2346.778758,2297.783068,2297.783068,1888125
5/7/2025,2327.828613,2343.636652,2312.609555,2326.061191,1610400
5/8/2025,2312.216797,2328.908668,2298.568833,2318.893593,2323073
5/9/2025,2290.615479,2300.237899,2260.570255,2287.768138,1805685
5/12/2025,2339.31665,2343.735087,2303.576504,2317.224468,1274873
5/13/2025,2317.224609,2354.535853,2310.155159,2332.541953,1929665
5/14/2025,2307.896729,2327.043287,2296.114231,2327.043287,1568111
5/15/2025,2312.51123,2326.944741,2297.586783,2308.976625,3236681
5/16/2025,2338.236572,2343.735167,2306.423924,2317.224547,1473000
5/19/2025,2339.512939,2361.408795,2331.952552,2331.952552,936655
5/20/2025,2298.666992,2351.197289,2296.114022,2351.197289,1617408
5/21/2025,2321.053467,2332.639636,2302.496131,2303.478006,1570754
5/22/2025,2288.455566,2320.268454,2271.174714,2312.315172,2423653
5/23/2025,2316.438965,2321.642949,2287.375615,2294.543109,844118
5/26/2025,2350.706299,2353.84825,2321.250058,2325.079273,892618
5/27/2025,2337.05835,2365.827329,2317.519137,2350.706553,1865258
5/28/2025,2319.187988,2344.71673,2309.369242,2344.71673,897517
5/29/2025,2323.802979,2332.934462,2312.806029,2326.061338,1111275
5/30/2025,2305.736328,2331.85405,2301.023282,2317.224214,3288892
6/2/2025,2328.614258,2340.789409,2301.121765,2305.343634,1178205
6/3/2025,2309.664063,2336.371008,2300.139925,2322.232107,1643913
6/4/2025,2321.642822,2324.68673,2299.648924,2316.733449,3287896
6/5/2025,2333.327148,2336.861994,2306.325592,2321.642934,1787978
6/6/2025,2346.484131,2353.062643,2327.141248,2330.283199,997488
6/9/2025,2349.822754,2355.517676,2335.192915,2350.608302,1293622
6/10/2025,2351.786377,2356.695751,2335.290833,2350.018954,1778782
6/11/2025,2333.327148,2359.34683,2328.319731,2351.786442,1977707
6/12/2025,2290.419189,2344.716911,2281.97521,2343.636753,3339584
6/13/2025,2276.967529,2282.760494,2260.275659,2263.221283,1740682
6/16/2025,2285.215088,2294.248527,2271.174471,2277.949311,1105297
6/17/2025,2286.393555,2290.811991,2271.174497,2277.949336,1119284
6/18/2025,2255.660889,2289.142673,2244.074719,2285.509785,2056563
6/19/2025,2252.616943,2265.970535,2248.787728,2258.410148,1214549
6/20/2025,2264.399414,2271.07621,2250.849495,2253.402465,2685864
6/23/2025,2257.35498,2268.169867,2241.08275,2265.590049,842856
6/24/2025,2245.44873,2283.053027,2242.670521,2277.099825,2440747
6/25/2025,2260.926758,2272.63477,2253.683647,2261.224466,1047270
6/26/2025,2263.010498,2273.130893,2253.882304,2271.047175,1874722
6/27/2025,2288.906738,2292.478756,2261.522156,2263.010456,1050745
6/30/2025,2276.702881,2298.92807,2270.154262,2291.883351,1403754
7/1/2025,2277.595703,2284.640422,2268.765218,2282.060604,759914
7/2/2025,2289.105469,2290.990552,2269.757562,2277.099748,1128034
7/3/2025,2295.356201,2308.750906,2286.029615,2291.982817,1060039
7/4/2025,2321.054199,2323.137674,2292.280391,2299.920284,1242346
7/7/2025,2391.599609,2396.85832,2322.741002,2322.741002,2701583
7/8/2025,2374.037598,2399.636414,2367.389904,2386.638493,1471046
7/9/2025,2404.498047,2420.67096,2378.403373,2380.288457,1741690
7/10/2025,2389.615234,2415.01566,2378.899664,2404.49824,1053695
7/11/2025,2499.947998,2510.266784,2441.804963,2480.500775,7242235
7/14/2025,2496.971436,2512.747324,2470.57881,2480.500813,2427712
7/15/2025,2507.190918,2510.167519,2490.422829,2501.039324,1700294
7/16/2025,2497.963623,2513.144094,2487.942303,2506.595717,1284379
7/17/2025,2490.224365,2505.702545,2486.652347,2493.399358,807474
7/18/2025,2470.181885,2495.284358,2462.144966,2495.284358,771112
7/21/2025,2445.674561,2474.150905,2436.248657,2471.47177,1169960
7/22/2025,2460.359131,2465.617841,2433.470647,2450.734836,861632
7/23/2025,2431.287598,2467.602227,2422.953212,2461.649025,1320795
7/24/2025,2418.785889,2446.765888,2402.116876,2436.744568,693984
7/25/2025,2396.560547,2409.657785,2386.638544,2407.177284,769388
7/28/2025,2422.556396,2429.20409,2393.484879,2396.560554,987995
7/29/2025,2434.462891,2438.332375,2410.749157,2425.731479,732282
7/30/2025,2418.388916,2433.768021,2379.792421,2422.953134,1224146
7/31/2025,2501.5354,2529.118618,2401.224093,2401.224093,5505507
8/1/2025,2533.781982,2706.226452,2517.112968,2530.11089,4259653
8/4/2025,2523.859863,2563.051775,2515.327086,2527.134173,1293028
8/5/2025,2514.930176,2533.087491,2497.665987,2517.708385,756361
8/6/2025,2515.823242,2543.108751,2506.893439,2518.898918,885487
8/7/2025,2497.864258,2524.157566,2475.539751,2515.922255,847151
8/8/2025,2479.111816,2510.167493,2467.205413,2496.376005,839794
8/11/2025,2498.75708,2504.809599,2459.168386,2470.678006,992436
8/12/2025,2464.427246,2516.815472,2460.756153,2498.360449,1406211
8/13/2025,2475.63916,2481.989145,2454.108219,2465.61784,969803
8/14/2025,2461.252197,2489.430589,2453.90977,2479.409269,1104362
8/18/2025,2548.069824,2576.744318,2501.634799,2519.196697,3089136
8/19/2025,2584.483398,2594.603793,2538.445159,2552.137572,1400717
8/20/2025,2648.976563,2659.096958,2568.310625,2578.728729,3156954
8/21/2025,2627.346436,2646.297558,2606.807937,2646.297558,2235686
8/22/2025,2609.387451,2637.764476,2598.572565,2626.354173,1223445
8/25/2025,2611.074463,2622.38545,2594.802232,2622.38545,667598
8/26/2025,2671.598633,2683.90182,2604.129012,2604.129012,4348648
8/28/2025,2633.696533,2726.566584,2626.155956,2726.566584,3198743
8/29/2025,2639.054443,2701.761455,2620.797812,2644.015445,1972773
9/1/2025,2628.834717,2652.449133,2618.714322,2639.054428,1096729
9/2/2025,2656.120361,2671.40015,2624.469267,2628.338751,1525106
9/3/2025,2643.916016,2665.942813,2637.566031,2660.088929,1010692
9/4/2025,2645.801514,2728.550925,2634.787993,2728.550925,2494678
9/5/2025,2612.860107,2652.052018,2603.33513,2646.793551,944879
9/8/2025,2603.434326,2623.973067,2598.37425,2609.486845,903410
9/9/2025,2621.393311,2625.560504,2590.932808,2616.432309,1610956
9/10/2025,2622.881592,2632.208178,2598.572684,2621.393291,1031486
9/11/2025,2601.549316,2636.97082,2593.611714,2623.179332,1212707
9/12/2025,2560.372803,2608.395199,2548.9625,2604.525715,1368380
9/15/2025,2560.868896,2573.172083,2548.367076,2560.372796,752745
9/16/2025,2560.769775,2569.798895,2552.534706,2568.012886,1040928
9/17/2025,2549.656982,2570.890214,2546.48199,2566.822096,970247
9/18/2025,2566.623779,2589.543461,2550.847649,2550.847649,1550153
9/19/2025,2539.635986,2584.384075,2534.873376,2579.720782,2214708
9/22/2025,2552.137695,2567.020701,2540.231291,2548.962703,1174161
9/23/2025,2502.527588,2555.213522,2498.558787,2548.863294,1430474
9/24/2025,2529.614746,2555.908055,2490.422833,2502.527629,1882881
9/25/2025,2518.502197,2547.474399,2512.052895,2526.142092,1624258
9/26/2025,2492.20874,2525.546525,2479.905311,2515.227739,885612
9/29/2025,2478.416992,2497.764898,2423.945293,2475.539708,2403556
9/30/2025,2494.78833,2506.595659,2472.166357,2478.417025,1678088
10/1/2025,2516.418457,2530.11087,2478.417136,2495.780641,1483899
10/3/2025,2525.050537,2528.721872,2488.73615,2516.418443,1242611
10/6/2025,2521.974854,2529.714065,2500.543229,2515.426234,818923
10/7/2025,2497.56665,2539.437456,2488.736164,2520.188867,1291750
10/8/2025,2480.600098,2505.305789,2466.709293,2491.414984,1225128
10/9/2025,2497.963623,2503.321408,2478.814108,2481.493001,1259173
10/10/2025,2509.175293,2515.128495,2486.950103,2490.422804,1018875
10/13/2025,2473.356934,2511.854353,2466.014506,2499.550924,1114750
10/14/2025,2482.782959,2489.629044,2462.938952,2473.555447,1461017
10/15/2025,2499.352539,2512.052751,2483.080551,2483.080551,881070
10/16/2025,2541.520996,2548.466398,2487.545398,2498.161893,1446646
10/17/2025,2583.391846,2594.603757,2540.032741,2545.489843,2050690
10/20/2025,2574.164307,2604.228024,2565.433138,2588.650528,1011485
10/21/2025,2571.485596,2586.368601,2564.937219,2573.767705,82020
10/23/2025,2581.30835,2646.396543,2575.851248,2580.712933,3386744
10/24/2025,2496.772705,2563.845541,2455.19961,2563.845541,3110800
10/27/2025,2492.20874,2505.305736,2486.45393,2496.772716,2127832
10/28/2025,2477.623535,2506.298028,2462.541896,2499.352625,2294976
10/29/2025,2468.693604,2493.994711,2464.625485,2493.00251,1870143
10/30/2025,2450.337891,2477.524081,2435.752353,2471.57088,1195631
10/31/2025,2446.269775,2460.160579,2433.767955,2449.742476,1401937
11/3/2025,2440.812744,2455.596432,2421.266447,2436.94326,1049185
11/4/2025,2426.624268,2444.08709,2422.258683,2440.812781,1251588
11/6/2025,2417,2444.682292,2413.626616,2444.682292,1329256
11/7/2025,2414,2425,2400.600098,2417,817896
11/10/2025,2408.800049,2429.300049,2404,2405,780558
11/11/2025,2427.5,2433.699951,2403.100098,2422.199951,1422399
11/12/2025,2424.5,2434.800049,2416.199951,2430.600098,1680827
11/13/2025,2407.600098,2431,2405,2429,1256059
11/14/2025,2427.699951,2430.199951,2392,2405.100098,975973
11/17/2025,2425,2438.399902,2416,2431.399902,920038
11/18/2025,2404,2422.899902,2401.899902,2415.800049,1229034
11/19/2025,2441.600098,2450.699951,2411,2412,1465143
11/20/2025,2428.399902,2459,2425,2445.100098,1396929
11/21/2025,2433.699951,2443.199951,2413,2436.199951,1840712
11/24/2025,2424.199951,2444.899902,2413,2441.899902,4092327
11/25/2025,2414.100098,2424.199951,2406,2422,1240672
11/26/2025,2425.199951,2427.699951,2409,2412,1242683
11/27/2025,2451.699951,2459.699951,2425,2426.100098,1872248
11/28/2025,2466.600098,2470,2447.199951,2450,973225
12/1/2025,2464.5,2488,2458.800049,2466.600098,1924828
12/2/2025,2477.800049,2484.399902,2460,2471,2179406
12/3/2025,2448,2484.899902,2403.100098,2478.199951,3535932
12/4/2025,2462.199951,2483,2423.199951,2440,2587753
12/5/2025,2338.600098,2422,2286.699951,2422,4008271
12/8/2025,2314,2355.100098,2302,2350.100098,1898154
12/9/2025,2306.5,2330.399902,2298.100098,2318,1471488
12/10/2025,2301.699951,2316.899902,2295,2306.5,2857290
12/11/2025,2305.600098,2313,2292,2296.300049,1108032
12/12/2025,2260.600098,2309,2244.699951,2306.899902,3203114
12/15/2025,2293.5,2299,2252,2260.600098,1274115
12/16/2025,2281.100098,2302.699951,2276,2293.399902,1256042
12/17/2025,2275.600098,2286.199951,2268.300049,2281.199951,808100
12/18/2025,2265.5,2278.300049,2255.300049,2270,1057295
12/19/2025,2280,2284.800049,2263.699951,2263.699951,1237214
12/22/2025,2289.5,2295,2280,2280,790773
12/23/2025,2302.600098,2310,2280.699951,2289.300049,1128801
12/24/2025,2282.199951,2305,2278.100098,2302.600098,519380
12/26/2025,2285.399902,2290,2275,2282.300049,533626
12/29/2025,2293.300049,2298.699951,2280,2288.899902,1086695
12/30/2025,2290.199951,2298,2283,2293.300049,1556717
12/31/2025,2315.899902,2325.5,2286.800049,2290,1324220
1/1/2026,2323,2326,2300,2322,758866
1/2/2026,2348,2357.699951,2322,2326,973413
1/5/2026,2384.100098,2394,2336.399902,2341.5,1344113
1/6/2026,2424.699951,2428.100098,2367.800049,2398.800049,1584720
1/7/2026,2399.399902,2421.899902,2382,2416,892690
1/8/2026,2386.699951,2418.100098,2368.100098,2389,1163828
1/9/2026,2372.600098,2386,2361,2382,1189464
1/12/2026,2406.199951,2413.899902,2361,2362,1057665
1/13/2026,2389.5,2422.199951,2365,2415.100098,1519683
1/14/2026,2353.5,2398.899902,2341,2398.899902,1027639
1/15/2026,2353.5,2353.5,2353.5,2353.5,0
1/16/2026,2360.399902,2372.899902,2348.899902,2370,1367606
1/19/2026,2413.899902,2425.399902,2353,2353,1505238
1/20/2026,2379.100098,2439,2368.5,2423,1460806
1/21/2026,2368,2400.5,2360,2379.100098,1020245
1/22/2026,2390.600098,2402,2365.699951,2368.899902,1745964
1/23/2026,2409.5,2434.300049,2376.800049,2400,1378097
1/27/2026,2400.899902,2421.600098,2380.5,2412,2060117
1/28/2026,2378.399902,2420.199951,2340.600098,2403.100098,1797593
1/29/2026,2352.600098,2374.699951,2312,2370.5,1478536
1/30/2026,2373,2385,2340,2341,2090462
2/2/2026,2357.300049,2360,2303,2356.100098,1375089
2/3/2026,2368.600098,2399.899902,2343.300049,2390,1553270
2/4/2026,2371,2393.5,2356.800049,2360.600098,1232755
2/5/2026,2354.399902,2423,2351.600098,2362.5,1962066
2/6/2026,2424.199951,2429,2337.5,2354.399902,1421995
2/9/2026,2435,2439,2402,2425,958484
2/10/2026,2453.600098,2458.100098,2430.100098,2435,792532
2/11/2026,2462.899902,2470.600098,2447,2460,1137856
2/12/2026,2409.699951,2479.600098,2350.100098,2475,4656164
2/13/2026,2305.199951,2400,2300.300049,2400,2791519
2/16/2026,2319,2327,2288.100098,2308.100098,2036833
2/17/2026,2312.300049,2326,2303.399902,2309.300049,1233244
2/18/2026,2323.5,2328.899902,2306,2312.600098,830787
2/19/2026,2279.300049,2337.399902,2275.600098,2336,940180
2/20/2026,2314.5,2331.199951,2278.300049,2285,1716316
2/23/2026,2345.399902,2350,2320.800049,2325,1300035
2/24/2026,2358.600098,2372,2330.300049,2331.100098,1544803
2/25/2026,2374.899902,2380,2349,2368.899902,1158620
2/26/2026,2383.300049,2387.300049,2355.199951,2378,1470677
2/27/2026,2338.100098,2378.899902,2330.600098,2369.300049,3053227
3/2/2026,2320.600098,2354,2290.199951,2303,2273111
