Date,Close,High,Low,Open,Volume
3/2/2016,186.7658997,187.9544035,179.2103675,179.7197303,40766551
3/3/2016,185.0680542,187.0205954,181.8420844,185.5774028,22903720
3/4/2016,187.1903839,190.5012356,185.9594319,188.2515578,24493722
3/8/2016,184.0917664,186.7234626,181.9269706,186.7234626,18883002
3/9/2016,183.6672974,184.9831455,178.3189944,180.6535683,17300650
3/10/2016,182.9457092,185.7896462,182.181672,185.068057,13551255
3/11/2016,181.5449524,185.5349592,180.4837786,181.1204857,14879621
3/14/2016,188.1666718,189.1429495,185.6198572,185.9169939,16726756
3/15/2016,187.9119568,190.8832377,187.1903677,189.1429229,13475557
3/16/2016,192.1990967,193.0480301,185.5349597,186.6810155,17144832
3/17/2016,193.3451691,200.5611171,190.968147,195.2552763,32391146
3/18/2016,195.4250641,196.486238,191.9868823,193.7271972,18370981
3/21/2016,199.3725891,200.0092962,196.4862046,196.5711007,14818419
3/22/2016,198.3114319,199.1603652,195.7646318,199.1603652,12269251
3/23/2016,198.8208008,199.499956,195.9344159,196.4862269,16987529
3/28/2016,191.3926086,198.6510045,190.0767605,198.6510045,20214214
3/29/2016,189.652298,192.6660129,188.8033646,189.5674018,20447782
3/30/2016,201.6222839,202.895684,192.5386771,193.9818553,23016348
3/31/2016,200.9006958,204.8906883,198.3963296,202.2165439,30614104
4/1/2016,202.3014526,203.2777303,197.5474084,200.3488972,15677352
4/4/2016,202.6834412,204.6359963,199.2027976,203.9568411,16716587
4/5/2016,191.5199432,201.6222754,191.0105804,200.6884459,26547328
4/6/2016,188.9306946,193.5573943,186.8508092,192.9631495,19185947
4/7/2016,187.0205841,190.3738837,186.0443065,189.1429318,17724531
4/8/2016,187.8270721,189.9918535,186.3838798,187.2328131,9986871
4/11/2016,190.7558899,191.1803565,186.0018605,188.6335566,19813955
4/12/2016,194.1940918,196.0193027,189.991859,190.4163256,20594261
4/13/2016,204.2964325,207.3101616,197.8445218,197.8869699,26283492
4/18/2016,201.3251648,207.0979202,199.160369,206.7159016,17531597
4/20/2016,202.0892181,203.4050664,198.7359183,202.9805997,18650423
4/21/2016,214.8232422,218.8556827,209.0504726,209.0504726,36699098
4/22/2016,213.9318542,218.1765351,212.4037657,217.539828,25884500
4/25/2016,214.738327,216.7757783,213.2102386,214.8656713,18121694
4/26/2016,215.6721802,216.2239911,209.2627175,212.9555877,30185498
4/27/2016,207.6497345,213.0829338,206.5036787,212.9980376,36932788
4/28/2016,203.8294983,210.5360969,202.8956688,208.3288675,41386507
4/29/2016,201.1553802,207.4799611,196.358888,204.3813357,71191415
5/2/2016,192.4962311,195.6797383,191.3501611,192.9631459,36440547
5/3/2016,187.6997223,195.2552542,186.7658928,191.6472663,29305611
5/4/2016,182.0543213,187.4450583,181.2053879,185.4500691,36781786
5/5/2016,182.2241211,186.6810287,181.4600696,181.9269844,27512684
5/6/2016,185.5774078,186.9781523,180.9931559,181.6723112,22266141
5/9/2016,191.2652435,191.8595025,186.0018516,186.4263182,19006901
5/10/2016,191.4350433,193.1329099,188.9731254,191.3501472,22357177
5/11/2016,190.1192169,192.3264466,185.6622952,186.7659172,32481385
5/12/2016,196.7833405,197.71717,193.7696257,193.9818519,23932051
5/13/2016,192.2839966,195.6372963,189.6523002,195.6372963,23963285
5/16/2016,189.9494019,193.3027012,184.8133397,193.3027012,21535308
5/17/2016,191.8170776,193.1329258,188.6760185,191.3077148,18859442
5/18/2016,192.2415466,193.09048,188.2940021,189.3127136,17541869
5/19/2016,191.4775085,193.9818606,190.3314385,192.2415457,16422069
5/20/2016,186.8508148,192.1142076,186.4263481,191.4350666,14666521
5/23/2016,187.6997223,190.076744,187.0630152,188.5486556,14239474
5/24/2016,190.6285706,191.1803673,188.1242043,188.9731377,10907585
5/25/2016,199.4999695,200.0093324,192.368903,192.6660254,20767970
5/26/2016,204.7208862,206.2914228,197.8020612,200.2639792,33650773
5/27/2016,206.4187775,210.7059066,202.1316483,202.8956855,26582685
5/30/2016,207.5648346,209.3476118,202.7259087,206.503675,15860236
5/31/2016,207.6921844,211.3850547,204.8482476,210.9181399,18249239
6/1/2016,203.7870636,208.3713293,202.9805783,207.055467,11862710
6/2/2016,204.8907013,205.7820828,201.7071939,202.980594,15349530
6/3/2016,206.9281311,209.1778087,205.4424907,206.2065278,16566716
6/6/2016,206.7158966,208.8382442,205.4424966,206.6310004,11592082
6/7/2016,215.7146149,216.351322,207.734616,208.4137712,25311345
6/8/2016,218.728363,221.7420925,214.6110258,216.6484775,25139392
6/9/2016,216.0966644,220.0866716,214.9506086,218.1765642,13787240
6/10/2016,214.4412231,218.728338,213.5073936,214.7807936,13236448
6/13/2016,206.9281311,210.8756753,205.8245092,210.8756753,14297870
6/14/2016,207.9468689,210.0692023,207.3950579,209.6871837,11988708
6/15/2016,210.4936523,211.5548261,205.1029159,208.4137672,15761615
6/16/2016,207.1146851,211.1434861,206.2482803,211.1434861,17042021
6/17/2016,206.5948486,209.8438884,203.7357041,209.1940776,15150943
6/20/2016,206.2916107,207.4612674,202.4360963,202.4360963,17780316
6/21/2016,206.0750122,208.8042064,204.6887616,208.1543955,12191664
6/22/2016,207.0713501,209.973816,204.2988492,205.4251841,13478056
6/23/2016,208.7175446,209.1940686,204.5154713,207.1146856,7979235
6/24/2016,200.0967865,201.7862743,191.562675,198.4072987,33755632
6/27/2016,201.6130066,203.0859005,198.6672187,198.6672187,13172968
6/28/2016,202.0028839,202.9126104,199.2737046,199.7935503,11302737
6/29/2016,205.0353241,206.4648964,202.955941,204.3855132,7959976
6/30/2016,208.4143066,210.3637101,207.3312934,207.5045656,16851065
7/1/2016,208.2410278,210.2337676,207.5478953,209.4106699,9108853
7/4/2016,214.9989929,215.6921109,209.5839415,210.623633,10389222
7/5/2016,212.3564453,217.5548883,211.8799212,217.2949727,10375132
7/7/2016,212.1398315,214.0459276,211.4033774,212.2697821,8365966
7/8/2016,209.6272888,211.8366226,207.5479056,211.8366226,7658211
7/11/2016,216.4719086,217.2083483,213.6560856,213.6560856,9682385
7/12/2016,226.7388306,227.172033,217.2516702,217.9881099,28558549
7/13/2016,226.2622986,231.937266,224.4861673,228.9481563,28248930
7/14/2016,232.7170563,233.5834611,224.9627053,226.1323475,14269365
7/15/2016,230.2477722,233.8000347,228.2117108,233.4967974,11510449
7/18/2016,228.2117157,235.013018,227.475276,230.2910988,14310274
7/19/2016,233.193573,234.3632151,228.0817584,229.5979741,14880049
7/20/2016,231.7639923,232.3704669,229.9878465,231.3307754,7892214
7/21/2016,226.9120941,233.0635852,226.3922484,231.2441323,12060367
7/22/2016,228.2550201,229.0781032,224.269541,227.301972,8537587
7/25/2016,232.7603455,234.7530852,225.9157361,226.912106,11311554
7/26/2016,226.6954651,233.4967663,225.3525364,232.58704,11896758
7/27/2016,234.4498291,237.22233,227.6918491,227.6918491,26003949
7/28/2016,235.6628113,237.3956354,234.3198824,234.7097631,9781546
7/29/2016,227.7785187,235.0996669,227.0420644,233.9733319,21115025
8/1/2016,216.1686249,226.392238,215.0423046,221.7136411,42583051
8/2/2016,212.5297241,216.125308,212.269794,216.125308,20758831
8/3/2016,209.7572327,214.2192215,208.4143038,212.0098879,17910406
8/4/2016,208.2410278,212.3131362,205.0353243,212.1398639,29931529
8/5/2016,213.0928955,215.4321941,211.4900366,211.4900366,16307350
8/8/2016,212.4864197,214.6091245,211.8799305,213.2228594,11906856
8/9/2016,212.5730591,215.3022385,211.8366049,212.6163808,12642014
8/10/2016,207.3746338,213.612769,206.3349422,213.1362449,12527824
8/11/2016,210.2770844,210.8402373,205.8150809,207.9377856,9477854
8/12/2016,213.0928955,214.5224677,208.9774512,210.9701908,11727486
8/16/2016,215.3455811,216.1253425,211.2734724,213.1362472,13111524
8/17/2016,214.5224915,217.9881107,212.4431082,214.9556939,12875115
8/18/2016,219.1144409,219.8942023,214.6524373,214.7390807,20725328
8/19/2016,219.980835,221.5403723,217.9447881,219.2010736,14519513
8/22/2016,218.5512695,220.8905683,215.4755311,220.2840937,9076842
8/23/2016,216.7751465,218.3346839,215.5188609,216.991755,10995821
8/24/2016,215.2589111,218.0747338,214.7390654,216.7751267,9228359
8/25/2016,213.9593353,216.7751584,213.222881,214.8257402,14901359
8/26/2016,212.5297241,215.5621552,210.7102713,215.0423094,11490424
8/29/2016,217.0350494,218.8978386,211.9232497,212.2698087,9206563
8/30/2016,222.0168915,222.5800589,218.3346641,218.3346641,15251016
8/31/2016,223.5330963,226.0023599,222.6666916,222.7533204,16906022
9/1/2016,226.0890045,228.731555,224.1829082,224.1829082,18098850
9/2/2016,226.3922882,228.9915029,225.4825616,227.4319799,8034006
9/6/2016,236.2693024,237.3089939,227.6052255,227.6052255,23274042
9/7/2016,240.9912109,245.8431095,235.7927679,237.3956269,35379184
9/8/2016,239.4316711,243.2005565,238.7385532,241.3810891,13116475
9/9/2016,237.4822693,239.1284354,234.0166358,237.87215,16649877
9/12/2016,232.3704529,233.4534661,227.6052123,231.3307614,20617372
9/14/2016,235.1863098,237.2223714,230.7676421,231.0708795,16807794
9/15/2016,234.4498291,237.1790083,232.3704462,235.4028772,12135372
9/16/2016,231.6340332,238.7818947,230.7243067,235.446226,32955498
9/19/2016,235.3162537,236.0093862,232.0239068,232.1971935,15144399
9/20/2016,235.7494507,237.5689036,233.3668303,235.5761785,11030397
9/21/2016,233.8433533,236.5292255,231.2874607,236.3559387,12736748
9/22/2016,238.6952362,240.7746192,235.9227352,239.1284386,14886284
9/23/2016,235.0130005,238.9984651,233.8433439,238.9551434,17977571
9/26/2016,227.4752808,232.8036747,226.8254699,232.6304024,15868805
9/27/2016,225.2659302,228.9914795,224.3995254,228.3416832,17356843
9/28/2016,225.915741,227.3886349,224.442847,225.6124891,17881785
9/29/2016,216.9050903,228.2983461,210.7969209,227.8651437,48140661
9/30/2016,218.4646149,219.4609847,213.9593044,214.9123525,15104920
10/3/2016,221.9302521,222.5800629,216.6884873,217.4682632,18062317
10/4/2016,223.7063599,225.2225753,220.8472157,222.5367179,16201324
10/5/2016,221.3237762,225.7857799,220.5873365,225.2226124,16039581
10/6/2016,217.6848602,222.7100312,215.908729,222.6667095,13854468
10/7/2016,217.1216888,219.9808333,215.0423203,217.381619,10506728
10/10/2016,216.6884766,219.3743486,215.8653935,218.2480138,6611211
10/13/2016,208.9341278,215.2155838,207.1579967,214.6957381,20736801
10/14/2016,209.4539948,210.537008,207.6778634,208.9774707,10761830
10/17/2016,224.1829224,225.1792923,212.7463439,213.1362391,69082439
10/18/2016,234.2332611,235.1429877,224.8327437,224.8760654,41861705
10/19/2016,229.6412659,235.402876,228.0817287,235.0996388,19968759
10/20/2016,240.5146942,241.6410291,231.4607367,231.4607367,36280178
10/21/2016,240.3414307,242.6374078,237.4822861,239.3450608,26362877
10/24/2016,246.5362396,248.1824058,241.8576276,241.8576276,22219428
10/25/2016,250.6083374,252.6443841,246.5795221,250.5650012,25090671
10/26/2016,241.2078552,246.4496207,239.9948768,246.4496207,30017739
10/27/2016,246.3196259,246.9261004,238.2620242,240.3414071,19868027
10/28/2016,239.8648834,244.7600744,238.7385486,244.3268866,18314125
11/1/2016,238.5652771,242.3774697,237.8288374,242.1175541,11675305
11/2/2016,235.5761566,236.7457986,232.846963,233.9299761,15140657
11/3/2016,233.7134094,239.4750205,232.5437673,235.6628276,12484687
11/4/2016,233.7567139,236.0960126,229.9011995,235.5761813,16361493
11/7/2016,241.4677277,243.633754,236.0959981,238.9551423,18741014
11/8/2016,245.3665771,249.0487899,241.0778462,247.6192178,35153751
11/9/2016,243.8503723,246.7095314,212.2698169,220.8472506,51055067
11/10/2016,253.5107727,258.5359429,248.3989591,249.9585108,29137485
11/11/2016,239.4750214,254.9404015,237.8288551,248.8755386,33036653
11/15/2016,233.7134094,243.2872134,230.5943491,239.9948663,37961485
11/16/2016,230.6376495,241.0345357,228.90484,239.6482852,26473183
11/17/2016,231.8939514,234.4931804,228.7315695,232.1538816,14654093
11/18/2016,229.2513885,233.0635809,227.258649,232.5870569,9983933
11/21/2016,226.3056335,231.3307903,220.8039526,230.6376723,21625818
11/22/2016,227.6052246,230.9842149,224.6594367,229.5979643,23906788
11/23/2016,229.5546417,230.3344177,225.6991274,228.818202,17154845
11/24/2016,224.6594391,228.5582752,223.5331187,228.5582752,22563160
11/25/2016,225.3525848,227.3453247,222.7100486,227.3453247,16611698
11/28/2016,221.1938019,222.3634439,219.6342647,222.3634439,32939718
11/29/2016,221.3237762,224.7460883,220.3274209,221.3670979,32329662
11/30/2016,230.0744781,230.8975612,221.7569752,223.0565823,20731093
12/1/2016,224.5294952,232.1972026,223.3165169,230.6809869,15792045
12/2/2016,224.8327179,229.2513996,221.6703362,223.5331108,12275345
12/5/2016,226.0023804,226.4789045,223.3598298,224.9193671,8305074
12/6/2016,226.1323395,227.5619118,224.876054,227.2153528,8335181
12/7/2016,224.1396027,229.0781157,217.4682656,227.6918651,13635680
12/8/2016,227.6485443,228.2117118,223.8796734,225.742448,11336250
12/9/2016,232.5870667,233.7567087,227.8651477,228.6882307,17533272
12/12/2016,229.4679871,232.4570965,228.6015823,231.7639785,7515935
12/13/2016,229.078125,229.9012081,227.4319588,228.2117202,10265621
12/14/2016,225.7424469,229.3380456,225.2659228,229.1647588,14369017
12/15/2016,225.5258636,226.7388275,223.3165154,224.139613,24089601
12/16/2016,221.4537354,225.265928,220.803939,225.265928,24984316
12/19/2016,222.7533264,224.3561853,220.7172797,221.2804471,7417692
12/20/2016,217.9881287,222.4068111,216.8184864,222.4068111,11590031
12/21/2016,219.4176788,221.2371464,217.6415475,219.2010849,7685724
12/22/2016,219.1577454,220.7606043,217.1650057,218.9411369,8951470
12/23/2016,218.2046967,220.717282,216.7318028,219.1577448,6932571
12/26/2016,214.9989929,218.724542,214.0892665,218.5512552,6767153
12/27/2016,219.677597,220.370715,213.7426997,215.7354394,9094498
12/28/2016,218.1180573,220.7606077,217.5115681,220.0674752,9176829
12/29/2016,217.5548859,219.2010665,216.6451594,218.4213051,6379633
12/30/2016,221.1938019,223.0998981,217.7714902,218.3346576,11565801
1/2/2017,218.2913513,222.0602223,214.9556827,222.0602223,10404350
1/3/2017,220.4140472,221.2804666,215.9953799,218.421322,10236706
1/4/2017,217.5548859,221.5836868,216.9484113,220.2840797,6901181
1/5/2017,222.883316,223.9663293,218.5079557,219.3743751,13830668
1/6/2017,223.6630707,226.4788933,222.8399731,223.7496995,9055143
1/9/2017,224.1396027,225.135958,221.8002894,223.4464701,7875294
1/10/2017,225.4392242,226.9121183,223.7930434,225.2659375,14784040
1/11/2017,229.3380432,232.2838165,226.652171,227.4319469,19565679
1/12/2017,232.5004425,233.4968124,229.9878569,230.9842268,11711279
1/13/2017,232.240509,233.9299969,229.4246718,233.9299969,7810375
1/16/2017,233.3235016,234.6664304,229.4246657,231.6773355,8863676
1/17/2017,232.5437469,235.2296046,230.0311615,233.4967951,6968061
1/18/2017,232.5870667,235.7494484,231.1141728,231.6773402,10085606
1/19/2017,233.6700897,234.5364945,230.6376584,232.8903138,8605687
1/20/2017,228.2550201,232.1538559,227.4752588,231.3307584,12207059
1/23/2017,223.143219,226.8254463,221.063836,226.8254463,43793368
1/24/2017,222.7966614,224.0096397,221.4970542,224.0096397,26520047
1/25/2017,225.22258,225.9590341,221.4537094,224.399497,41078083
1/27/2017,235.6628113,237.3956354,225.8724141,227.9084755,89433645
1/30/2017,234.6231384,238.7818901,233.6700903,236.5292348,17037472
1/31/2017,233.0202789,237.3956391,230.8542524,232.8903138,20535165
2/1/2017,243.460495,245.626507,227.6918779,230.3344286,44647342
2/2/2017,247.6192322,249.0921406,243.0705999,244.3268999,28910922
2/3/2017,243.9370117,246.8827851,241.5543913,246.8827851,20058936
2/6/2017,251.5180969,253.2075995,245.6698568,245.6698568,22521926
2/7/2017,249.6119843,253.5974638,247.1860566,249.5253409,12829302
2/8/2017,247.6192322,249.9585454,244.9333745,249.5253285,16662978
2/9/2017,246.9261169,250.1751421,241.3811002,248.3123529,16631183
2/10/2017,243.9803162,247.9224591,242.6807091,247.4459351,16771421
2/13/2017,244.0236511,246.1463706,242.2042126,244.7601054,13144434
2/14/2017,246.6228943,247.705893,243.7204134,245.193322,12889195
2/15/2017,243.243866,248.1390862,241.3810914,247.0993947,14420745
2/16/2017,241.5543976,243.8503747,236.3992759,243.7204096,20257845
2/17/2017,245.1932983,247.879156,238.998471,242.3341394,28496342
2/20/2017,244.6301422,247.9224746,243.547129,245.2366168,9947581
2/21/2017,246.7528076,247.6192123,243.6337478,245.193285,11288626
2/22/2017,247.9224701,249.4386857,243.5904463,249.4386857,30787289
2/23/2017,246.4929199,250.1751623,244.3702295,246.6662067,25499159
2/27/2017,241.597702,247.4026342,240.0814864,246.9261101,15037984
2/28/2017,239.4316711,242.6807107,238.8685182,241.6843409,18179839
3/1/2017,241.8143005,243.4171595,240.2114561,240.5146934,19983162
3/2/2017,241.4244385,246.4929169,239.9948661,244.3702265,20040929
3/3/2017,239.0851288,241.641036,238.3053674,241.3811059,9256168
3/6/2017,239.778244,242.0308992,238.6952308,239.0851115,12565060
3/7/2017,239.1284485,241.9442713,238.2620437,239.9948533,9116307
3/8/2017,237.7422028,239.6049775,235.749463,239.3017401,12969749
3/9/2017,236.9624329,239.0851231,236.1826569,237.3956352,11647809
3/10/2017,234.4065399,239.5616617,233.41017,238.3920196,15749231
3/14/2017,248.8755341,249.6986317,243.54714,243.54714,43486006
3/15/2017,247.056076,248.6589351,246.1463641,247.7058869,13414846
3/16/2017,246.4929199,249.0488273,244.7168031,248.2690658,10712223
3/17/2017,243.1139221,248.3989941,242.2908245,247.8791629,25016303
3/20/2017,238.3053589,242.3341454,237.3956324,242.3341454,12153226
3/21/2017,235.7061462,239.821591,234.8830631,239.1284584,16304076
3/22/2017,229.5979767,232.847002,229.1647743,232.1105623,24534011
3/23/2017,231.2874603,232.4137807,229.4246712,230.8975651,13209523
3/24/2017,238.0454102,239.8648775,233.6267433,233.6267433,19227304
3/27/2017,236.6591644,242.5940614,235.8360814,242.5940614,12341637
3/28/2017,239.9948425,240.4713666,238.3486764,239.9948425,13884032
3/29/2017,244.5001526,245.0200129,239.6916048,241.6843444,18910842
3/30/2017,243.7637329,245.4099137,242.3774823,243.6771041,16543030
3/31/2017,239.8648834,245.106648,238.8685136,242.8972999,19741901
4/3/2017,248.3990173,249.0055211,239.8649194,241.5544074,20449617
4/5/2017,246.7961884,248.2257607,245.1066858,248.2257607,10569529
4/6/2017,243.3305359,245.7997999,241.9442852,244.240277,17014957
4/7/2017,240.2980957,245.1933015,238.9118452,242.680716,18994042
4/10/2017,240.5579987,241.7276552,239.2150699,241.2078095,10395338
4/11/2017,245.7565002,246.2763315,239.7782805,241.1212095,13734771
4/12/2017,243.2872009,247.749219,240.9912239,245.8864298,18252914
4/13/2017,245.019989,247.619203,242.0742015,242.8539628,15178825
4/17/2017,244.6734314,247.5325757,243.0272653,245.1932917,8250861
4/18/2017,245.5398407,252.6443944,244.8034156,245.5398407,19072022
4/19/2017,243.0706024,246.9261167,241.5977085,245.5398517,15189575
4/20/2017,236.3126373,239.3450688,235.4895542,238.2187338,31912290
4/21/2017,233.193573,237.2223598,231.3307837,236.2259899,18165879
4/24/2017,232.7603455,235.0996587,229.7712504,233.7567153,24418208
4/25/2017,236.0960083,236.7891408,233.9299964,235.6628059,13685114
4/26/2017,239.9082336,240.8179748,236.5292575,237.3956624,15205419
4/27/2017,237.5255585,240.0381437,236.8324405,239.9515003,14909618
4/28/2017,241.2944794,242.0742408,236.442595,236.9624408,9367499
5/2/2017,238.7819061,243.3305389,238.2620603,242.7673713,16780204
5/3/2017,236.3126373,240.0381868,235.0130301,239.0418169,24205196
5/4/2017,258.0160522,259.7055542,245.9296667,252.6443383,122120948
5/5/2017,258.6659241,261.4384251,255.1136617,259.9222095,48189321
5/8/2017,262.4781494,266.9834605,259.922242,259.922242,30347849
5/9/2017,260.4420776,264.5575076,258.5359813,263.6477666,15194182
5/10/2017,258.7525635,262.2181824,257.6262286,260.8752536,15054831
5/11/2017,260.0954895,262.0882291,259.5323221,261.3951111,10261128
5/12/2017,256.933136,260.3987553,254.1172985,259.9222312,16605029
5/15/2017,261.4817505,262.9546298,258.3626761,259.4890109,17095696
5/16/2017,262.2182312,265.0340689,260.831995,262.391518,19569431
5/17/2017,268.3696899,268.7595706,263.8210432,264.7740914,23363685
5/18/2017,266.8101501,271.0555302,263.9943131,263.9943131,27753950
5/19/2017,266.030426,270.665717,263.127974,266.7668804,16728969
5/22/2017,263.2579041,269.9292416,261.8283317,268.196432,14850717
5/23/2017,265.1639709,268.3696888,262.3481628,262.6514001,29771017
5/24/2017,265.7271423,268.2830494,262.7813546,265.8137857,20506719
5/25/2017,275.2576904,277.12048,265.120732,265.4239694,41775676
5/26/2017,278.5932922,279.8495777,273.3948637,274.6511492,21336089
5/29/2017,272.8317261,277.5969673,271.8786778,276.6005828,11266657
5/30/2017,278.4633484,281.1492061,272.4418221,272.7883666,15573191
5/31/2017,282.8387451,283.6618138,276.0807638,279.8496206,128437479
6/1/2017,277.3369751,282.1455224,274.4345239,282.0155718,19883562
6/2/2017,275.647522,279.8062883,273.4815245,278.9831907,13469524
6/5/2017,277.033783,278.6799492,275.6475178,275.9507552,9831353
6/6/2017,276.3406067,278.1600593,275.2575791,277.7268424,10757211
6/7/2017,281.3225403,282.4055392,277.9002278,278.160158,15076040
6/8/2017,277.423645,283.3152205,276.8171704,282.3621724,20130322
6/9/2017,279.1131287,279.9361971,273.8713644,276.3406279,10190305
6/12/2017,273.5681763,277.8568937,272.7884147,277.250419,10376913
6/13/2017,272.7883301,276.1239982,271.9652617,272.9616168,9305516
6/14/2017,276.4273071,279.3297882,273.264925,276.4706434,22264301
6/15/2017,274.4345398,276.7305166,273.5247989,276.3839431,11206355
6/16/2017,274.2179565,276.6005771,273.4815313,275.907459,23228635
6/19/2017,277.7702637,278.7233119,274.6944958,275.5175935,10719809
6/20/2017,280.9094543,283.7430249,276.6350469,279.2765274,16849368
6/21/2017,279.6127319,281.1015547,278.1238798,280.4772106,7142413
6/22/2017,278.1719055,281.7739242,276.8751729,279.9969225,9180870
6/23/2017,280.3330994,281.9659968,273.3691969,278.1238438,14937649
6/27/2017,276.539032,281.533844,272.2646532,281.4377843,18053262
6/28/2017,278.8922729,281.7258431,277.355406,277.355406,17157094
6/29/2017,281.6778564,285.1838154,278.6521667,279.9969144,34774280
6/30/2017,278.7001648,280.4771664,276.1547443,280.4771664,12435467
7/3/2017,278.6041565,280.7173527,277.3554683,279.9008892,6106230
7/4/2017,278.0758362,281.2456008,277.2113576,280.8613914,8335899
7/5/2017,281.2936707,282.1581493,277.1153228,278.5561304,6958589
7/6/2017,282.1581421,283.4548747,280.8133943,282.3982767,9967582
7/7/2017,278.2679749,281.9180089,277.7877057,281.9180089,8477468
7/10/2017,279.9489136,281.6778709,278.5561212,279.5166596,1114874
7/11/2017,278.2199097,281.3897036,277.3074159,281.0054648,10893055
7/12/2017,280.8134155,282.974627,277.2113964,278.2679946,8091465
7/13/2017,286.1443481,287.6812153,283.4068082,283.9351218,13747313
7/14/2017,286.4805298,287.5851429,282.8785114,287.5851429,6196683
7/17/2017,291.523407,292.5319606,287.0088647,288.1615226,12506474
7/18/2017,291.9076233,293.9247599,289.6023369,289.8424715,11772154
7/19/2017,290.3227539,292.868175,289.5062903,291.0431578,10780451
7/20/2017,288.737854,291.8596039,287.9213905,290.0826019,8458004
7/21/2017,290.1305542,291.9075557,284.5114291,287.6811935,9705981
7/24/2017,291.0911255,294.5010541,289.6983625,290.2746914,15604131
7/25/2017,292.1477356,294.6931564,289.8904646,294.6931564,18129742
7/26/2017,298.1030579,298.7274019,292.5319183,294.6931294,26050717
7/27/2017,295.0773926,302.0412956,293.3003908,302.0412956,28535869
7/28/2017,284.4634705,292.0037035,282.2542436,292.0037035,30571846
7/31/2017,290.658905,294.3569835,284.5594808,287.0568863,21526493
8/1/2017,290.658905,293.1563106,289.5062473,291.9075931,10722862
8/2/2017,289.9384766,292.4358819,287.8733252,290.2746708,8348096
8/3/2017,284.031189,289.6022994,282.9265465,289.4582245,14389817
8/4/2017,284.5595093,285.7601823,282.3022381,283.3588362,10099985
8/7/2017,288.305603,291.0431434,284.991763,285.5200475,11870705
8/8/2017,283.8390808,289.6503261,282.2541984,287.969384,10288608
8/9/2017,279.1324463,282.7824802,278.4120425,282.7824802,12959158
8/10/2017,277.3554077,281.8219045,251.2287567,277.5955423,17225844
8/11/2017,275.6264648,278.2199006,269.238862,272.7448501,17211539
8/14/2017,280.2850952,281.2936781,276.202807,276.202807,8428420
8/16/2017,283.310791,284.1272251,275.9626494,280.1890415,8605873
8/17/2017,281.5817871,286.0963287,279.8047855,286.0963287,8168684
8/18/2017,281.5817871,282.7344448,279.3245163,280.477174,6700778
8/21/2017,281.9179688,287.9213327,280.717296,283.5989106,10623264
8/22/2017,282.3502808,285.6161055,280.621294,285.2799112,7549155
8/23/2017,286.8167419,287.3930708,283.646948,284.3193365,9142592
8/24/2017,285.9522705,288.3055718,284.9436877,288.1614969,12766567
8/28/2017,289.026001,290.3227337,286.3365052,287.8733725,8827300
8/29/2017,287.6812439,290.8510088,286.336496,288.1615131,12737088
8/30/2017,288.4496765,290.3707534,287.5851978,289.8904841,8552010
8/31/2017,286.2884216,289.0259616,285.2798682,289.0259616,14865124
9/1/2017,286.5285645,287.8733415,285.4239513,287.8733415,7472688
9/4/2017,285.375946,288.1615014,282.8785405,288.0654417,6244661
9/5/2017,285.8562012,287.2009489,284.9917226,284.9917226,7683590
9/6/2017,283.6950073,284.3193514,282.6864245,283.2627533,4854030
9/7/2017,281.1015625,286.7207181,280.5732781,283.8871181,15630577
9/8/2017,280.4772339,283.1667299,278.6041721,283.1667299,8077662
9/11/2017,279.3245239,282.1101084,277.6435819,281.4377199,7639794
9/12/2017,279.7088013,281.8219682,279.0364126,281.1015644,8497603
9/13/2017,280.4772339,281.677907,279.7088148,280.5732936,8297426
9/14/2017,282.1100769,283.9350936,280.1890005,280.1890005,12267908
9/15/2017,280.0930176,283.8871269,279.4686734,282.830558,22632513
9/18/2017,281.4377136,282.7824613,280.6212502,282.3021922,11181986
9/19/2017,283.022644,283.8391076,278.1719367,280.3811633,7558625
9/20/2017,279.0844116,281.2936675,278.1719178,280.477204,14617079
9/21/2017,273.7053833,278.9402991,272.456666,278.0278054,14496834
9/22/2017,266.1651611,272.7448542,264.8684286,272.4086599,23451953
9/25/2017,268.4704895,269.6231473,264.676351,267.9422051,13358067
9/26/2017,271.5922241,272.7928971,265.8289939,268.4704744,11325047
9/27/2017,265.4927673,273.5132676,264.5322291,273.5132676,17853590
9/28/2017,265.0605469,266.8375192,258.5288691,265.0605469,32223724
9/29/2017,265.684906,270.5356128,264.8684426,266.5013694,9980756
10/3/2017,267.4138794,269.6231353,264.2921297,268.4704775,6752832
10/4/2017,265.2046814,268.3744467,264.2441429,268.2303718,7417758
10/5/2017,261.0742798,266.4532997,260.4019206,265.1085521,10975305
10/6/2017,261.2184448,263.619791,259.8736675,261.4105349,25447787
10/9/2017,261.0262451,265.396682,260.545976,262.563112,20478222
10/10/2017,259.1532593,262.226994,258.5289152,261.1223807,18594444
10/11/2017,257.0400391,261.2664015,255.6952914,260.4019229,12687990
10/12/2017,256.9920044,257.3762432,253.6301204,257.0400489,11831125
10/13/2017,260.5940857,263.8118956,257.0401108,257.0401108,14402254
10/16/2017,263.4276428,265.1085849,259.6815491,263.7638371,12848154
10/17/2017,263.0914307,265.6368513,262.4190715,263.9078941,9183764
10/18/2017,252.7656555,257.8084817,251.9011769,257.8084817,30669948
10/19/2017,247.6748047,250.7004944,246.4741318,249.3557467,3822821
10/23/2017,252.1893158,254.014362,246.3780709,248.1550726,22939775
10/24/2017,256.0314636,257.5683307,244.9372584,252.8616991,15126641
10/25/2017,293.6365967,298.535319,273.1290963,281.6298668,123615362
10/26/2017,287.4411316,302.2334179,283.3588432,287.969416,43256025
10/27/2017,289.2661133,293.3964457,274.2336942,280.3811337,36889009
10/30/2017,288.6897888,296.2780652,283.5989473,286.8167566,38047961
10/31/2017,288.2575378,291.2832275,286.5285514,288.4016127,19050731
11/1/2017,301.0327454,306.3637514,290.4668224,291.0431513,38829935
11/2/2017,304.1544495,307.7564681,299.1116233,301.0807445,27736221
11/3/2017,303.434021,306.0755011,301.6570194,305.2590378,14258432
11/6/2017,303.6261902,307.6124186,299.3517826,302.3774727,16349376
11/7/2017,300.1202087,305.4031695,297.1425341,304.586706,12752869
11/8/2017,293.444458,301.6090338,291.9075908,299.6879571,11942186
11/9/2017,299.0155334,302.3774172,294.6931115,294.6931115,12716330
11/10/2017,305.9314575,311.4065377,298.7754352,300.1682276,21000915
11/13/2017,301.8491821,309.1012351,300.6485092,304.4906626,13679015
11/14/2017,301.7050781,304.586693,297.574746,300.9366299,12362405
11/15/2017,303.0498352,306.9880481,300.3122952,300.6004743,14408468
11/16/2017,306.3637085,307.372262,303.5301087,303.6741836,8983382
11/17/2017,312.2710266,319.2349297,311.0223092,311.2144286,20440466
11/20/2017,305.9794312,311.1183164,304.682728,310.5900321,13606336
11/21/2017,307.2762146,309.4854704,305.0189436,306.1716014,13102056
11/22/2017,306.3156738,309.3894083,305.4992104,306.795943,9342622
11/23/2017,306.8439941,307.8525477,302.7617061,307.1321439,9998609
11/24/2017,304.6827698,308.3808189,303.4820969,307.2762057,7867381
11/27/2017,304.4906616,306.0275289,301.1287773,302.6176001,9334428
11/28/2017,300.8406372,302.9057889,299.4478448,300.7445775,13929413
11/29/2017,302.4254761,303.818239,299.9760859,300.264265,12384876
11/30/2017,295.4135132,303.3379534,294.1648252,302.5215194,23832543
12/1/2017,293.2043457,297.7188879,292.3878822,297.4787533,6602231
12/4/2017,292.2438049,295.3655547,290.3707433,295.1254201,8763567
12/5/2017,293.2043457,295.4616168,291.7155229,292.7720917,8219441
12/6/2017,287.6812439,292.964205,286.3845112,291.8115472,6751957
12/7/2017,293.7326355,294.6451587,288.3536438,289.602332,7414305
12/8/2017,298.4872742,299.5918873,294.8852556,295.1253901,10732806
12/11/2017,299.159668,299.9280869,296.0859337,298.727414,6829121
12/12/2017,295.4615784,300.0241352,294.212861,299.7359561,11995276
12/13/2017,290.9950867,296.2300028,288.3536064,295.8457933,14805881
12/14/2017,292.3398743,293.9247568,289.458259,291.8596051,11140346
12/15/2017,291.1871948,298.439277,290.610866,298.1510979,23227021
12/18/2017,296.7102966,299.9761212,275.6745122,286.2404343,16300443
12/19/2017,301.3209229,302.3774917,296.3261112,296.9984998,13135113
12/20/2017,303.3380127,305.307134,299.2077093,301.705115,14003657
12/21/2017,303.0018311,304.0583998,299.7840218,302.9537865,9705688
12/22/2017,304.1064453,306.6038509,301.4169204,302.5695781,7628532
12/26/2017,305.5952759,306.4117394,300.8406285,303.7702588,7632721
12/27/2017,300.4563904,305.3551419,299.7840311,303.4821097,6354635
12/28/2017,302.8576965,306.6038191,298.2471247,300.4563509,22689602
12/29/2017,301.6090088,303.2899507,300.1682014,301.5129491,9637881
1/1/2018,298.0550537,301.6090575,296.9024252,301.6090575,7739502
1/2/2018,297.4786682,299.3997445,295.3654726,298.6793409,7046560
1/3/2018,302.5695801,303.8663127,300.1682342,300.1682342,8898342
1/4/2018,302.2814331,303.193927,299.2076986,302.5215677,6385367
1/5/2018,300.5524292,302.7136404,299.3037411,302.0412812,6366054
1/8/2018,301.7531128,305.6433106,300.2642901,301.1287687,7329648
1/9/2018,300.2643127,303.3380181,298.4873108,302.3774797,9190909
1/10/2018,299.6879578,300.6004809,298.2951655,300.2162421,6736971
1/11/2018,297.2865906,300.1682053,296.3740675,300.1682053,8366713
1/12/2018,305.1630554,306.2196242,297.3826887,297.3826887,11699345
1/15/2018,316.3052979,317.6500751,307.6124367,308.1407211,30242005
1/16/2018,320.9158936,327.3034682,313.6638109,316.7375455,26707100
1/17/2018,329.7048035,330.6173267,320.8678385,320.8678385,43305353
1/18/2018,332.4903564,339.2621697,329.4646664,336.1884351,31504669
1/19/2018,339.6463623,340.9911101,327.351454,333.7390574,18812611
1/22/2018,337.6292114,338.9739592,331.1935931,338.49369,15269782
1/23/2018,348.0030212,350.0682021,336.6206656,336.6206656,22485663
1/24/2018,338.829895,345.025379,337.9173719,343.6325867,12815095
1/25/2018,346.5622253,350.4043787,336.8608114,338.5897688,30183655
1/29/2018,343.536499,351.2688495,341.5674073,345.7937698,17855095
1/30/2018,339.3101807,342.7200802,336.6687001,342.7200802,13358981
1/31/2018,339.0220032,339.9825415,330.0409642,335.0837903,22638319
2/1/2018,332.5383606,341.8555642,330.2330453,333.8350638,29472295
2/2/2018,321.8764038,330.1370394,320.531656,329.0323969,16957983
2/5/2018,316.6894836,321.0599211,314.1440337,314.6723474,17339547
2/6/2018,317.6500549,324.6139582,300.6485138,302.8097252,18491736
2/7/2018,319.427002,323.1250803,316.8815813,322.1165268,11819190
2/8/2018,320.6757202,325.0461578,316.4973727,319.4270028,10294899
2/9/2018,313.855896,315.6809129,309.917683,312.1749539,9493398
2/12/2018,313.3756409,316.2092408,310.4940258,315.8730465,8356351
2/14/2018,306.3637085,314.0960302,304.0583931,314.0960302,15189066
2/15/2018,315.6809082,318.706598,309.4374092,309.4374092,23779772
2/16/2018,308.3808289,320.8198123,306.2196175,317.3138532,17585994
2/19/2018,307.1321411,316.5934498,302.7617033,316.4973901,19044107
2/20/2018,304.7307739,311.4065268,303.8182508,307.8525234,16030558
2/21/2018,306.6038513,308.0446588,303.2419671,306.4117319,9974873
2/22/2018,305.787384,306.6998779,301.5610212,304.4906514,25530698
2/23/2018,310.0137329,311.262421,305.7873703,306.4597295,7949765
2/26/2018,314.144043,314.8644467,310.3979494,312.1749512,7133735
2/27/2018,309.4374084,314.1440403,307.0360627,314.0960251,9623651
2/28/2018,300.8886414,304.4906602,298.8234897,302.7136584,17481687
3/1/2018,292.9161682,301.6090282,292.2437797,300.3122956,18986889
3/5/2018,291.379303,294.4049928,287.4891052,292.435901,14456193
3/6/2018,283.4068298,295.5576635,282.5903957,295.2694844,18951451
3/7/2018,275.3863831,282.2061825,274.0896503,281.7259133,31472773
3/8/2018,285.231842,286.2403955,277.8356859,278.7962241,21413552
3/9/2018,281.1495667,287.6812152,279.2284901,287.2009461,12489587
3/12/2018,288.7858582,289.9865311,282.1581492,283.9351511,12163952
3/13/2018,292.3398743,294.8852952,287.7773168,288.257586,15966647
3/14/2018,293.9727173,295.3174943,286.0482768,291.1871622,12964285
3/15/2018,289.5542603,293.6845629,288.5456775,293.6845629,13282019
3/16/2018,286.3364868,289.9385056,285.6640982,289.3621767,28835112
3/19/2018,282.9265442,288.1614896,279.7567795,286.3364727,13601784
3/20/2018,280.4772339,285.4720457,278.7962916,281.4377724,10880002
3/21/2018,277.7876892,283.4068148,276.0106875,283.3587996,13618228
3/22/2018,272.0724792,278.2199186,269.8152083,278.0758438,24593489
3/23/2018,264.6763611,266.8856171,262.7552842,266.1652133,31922568
3/26/2018,270.535614,271.9764215,265.0605631,265.204638,24618534
3/27/2018,272.6968384,275.962663,270.2954924,273.2731673,22377328
3/28/2018,267.3658447,272.1204918,266.1651718,271.832342,27172599
4/2/2018,251.516983,263.0434437,248.5873234,262.2269802,73359584
4/3/2018,259.3933411,260.7861332,251.0846911,251.0846911,40773239
4/4/2018,258.0486145,262.5151118,255.0229246,256.7038667,33486876
4/5/2018,267.6540222,268.9507549,257.1361442,257.2321746,26759108
4/6/2018,269.5750732,271.784329,266.0691142,267.413862,31577015
4/9/2018,269.7672119,272.2646176,263.5237124,266.7895371,31712527
4/10/2018,277.4034424,282.8305071,268.0381942,268.422433,44741783
4/11/2018,273.321167,276.5389762,271.2080003,276.3949013,16811454
4/12/2018,275.4343567,278.4600465,272.3606224,274.0415644,22954325
4/13/2018,276.8752136,279.6127541,274.5218826,276.635079,17497198
4/16/2018,276.250824,277.5475566,272.8889399,273.7534185,16874313
4/17/2018,280.2370605,281.6778681,275.482384,276.2508323,15406113
4/18/2018,278.6041565,283.2627737,277.5956029,282.1101452,20755245
4/19/2018,278.1719055,279.5166533,275.9626498,279.5166533,17282341
4/20/2018,271.0158997,278.7002067,268.6625982,277.8357281,19745690
4/23/2018,268.3744202,271.6402448,264.3881917,268.9507491,11620499
4/24/2018,272.888916,275.2902616,268.3263594,268.3263594,15412234
4/25/2018,267.8941345,274.3777683,265.9250427,272.8409011,7961352
4/26/2018,267.8461609,269.3349838,264.4842762,268.7586549,14112673
4/27/2018,276.539032,280.1890959,265.1086295,266.4533776,16488361
4/30/2018,272.9849854,279.5166338,271.1599392,277.5475421,9737559
5/2/2018,265.973053,272.5527463,264.6763204,272.4566866,14211445
5/3/2018,270.7757568,272.456699,266.3572745,266.3572745,14724116
5/4/2018,271.6882324,274.3297124,267.3658106,269.3829466,11861951
5/7/2018,278.3639832,281.4377174,271.6882597,272.7928728,19673100
5/8/2018,297.0944824,302.0892933,288.161488,290.0825646,87176185
5/9/2018,294.6931458,297.5747607,292.2437848,292.9641885,20140490
5/10/2018,294.7411804,300.5524254,293.6365672,296.2780475,16239386
5/11/2018,298.6794128,299.5438915,295.413559,295.7977978,16671145
5/14/2018,297.8629761,298.7274548,293.1082991,297.7669164,10425585
5/15/2018,296.085907,304.9708855,293.0121729,298.4392374,16400700
5/16/2018,285.519989,292.8681006,283.6469277,291.9075624,25515791
5/17/2018,284.3193359,288.1134739,282.4462745,287.2009508,10668400
5/18/2018,274.8100281,283.6469633,273.3692205,282.5423501,17469524
5/21/2018,277.8836975,281.4377007,276.394875,278.0758169,23155638
5/22/2018,278.8442383,282.2541666,275.530399,278.0758194,11284988
5/23/2018,280.525238,286.624663,277.4034881,277.4515326,15887229
5/24/2018,285.9522705,287.2009586,279.7087714,282.1101172,11489424
5/25/2018,283.9831543,289.0740251,282.9746008,286.6246347,13541580
5/28/2018,287.4411316,290.3707621,281.7739606,282.1581701,19063427
5/29/2018,278.460083,286.9608539,276.9232157,286.9608539,12969969
5/30/2018,273.6573792,276.7791289,271.5922275,274.6179175,25142319
5/31/2018,274.5218506,277.5475699,268.2783513,273.7534316,23698686
6/1/2018,277.8836975,288.1134531,275.5303964,283.3587771,29675949
6/4/2018,275.4343567,281.7258708,274.281699,281.7258708,17188567
6/5/2018,272.888916,276.6350092,271.9283778,276.6350092,12376050
6/6/2018,272.6968384,275.5784535,270.0073427,274.425825,16873633
6/7/2018,279.4205933,281.4857448,275.8185745,276.1547688,20297969
6/8/2018,276.8752136,279.4206347,274.2337328,278.6522157,11340014
6/11/2018,275.098175,278.8923132,272.0244699,274.1376367,16876061
6/12/2018,276.0587158,277.7396579,273.9935642,277.1633291,14257648
6/13/2018,279.2765503,281.3417021,275.0982022,277.595608,10927770
6/14/2018,273.5132751,279.3725645,272.8889311,279.3725645,11400592
6/15/2018,271.3520508,277.1152802,268.9507052,275.8665922,47186222
6/18/2018,281.4377136,282.5903713,272.2165404,272.7928692,27792317
6/19/2018,281.245575,283.8390398,276.9711975,283.8390398,27176748
6/20/2018,281.6298523,282.9746001,279.5166562,281.0535234,20364143
6/21/2018,286.1924133,288.4976995,282.9265595,283.1666941,30192796
6/22/2018,288.7858582,290.7549794,283.9831663,286.4325567,17490606
6/25/2018,278.2679749,288.6417774,277.4034669,287.9693888,15461874
6/26/2018,276.7311401,277.6916786,273.4653152,276.2028264,11614686
6/27/2018,268.0382385,276.5390095,263.1875312,276.5390095,25318055
6/28/2018,260.6901245,267.4138935,259.1532572,267.029684,34197884
6/29/2018,264.5322571,265.108586,258.9611463,261.2664325,20930477
7/2/2018,266.4533386,268.8546846,260.3058989,263.187514,69733139
7/3/2018,262.1309204,265.8770143,261.4585611,265.0125356,14020388
7/4/2018,262.4670715,264.0039386,260.3058605,263.3795946,8233522
7/5/2018,260.8341675,264.6283055,260.0657486,262.2269598,7505990
7/6/2018,259.3933411,261.2183872,256.5117263,260.4019238,26025797
7/9/2018,260.4980469,263.8599315,259.345389,263.0914832,18374471
7/10/2018,262.6111755,265.0605659,261.170368,261.2664277,14450561
7/11/2018,258.1446838,264.0519889,256.9440109,263.7157946,12717543
7/12/2018,261.5545349,262.8993118,258.4327858,259.7295182,15837704
7/13/2018,257.1841125,262.515088,255.5511858,262.2269383,19159840
7/16/2018,249.0195618,256.0795243,246.3780814,254.8308069,29794402
7/17/2018,255.9354706,256.9440242,249.7399861,249.9801207,15128995
7/18/2018,252.3334503,256.799948,250.7005233,255.5032153,22908592
7/19/2018,250.8926239,253.9183138,249.1636373,253.5341043,15145144
7/20/2018,255.3110657,257.1361119,251.4689125,251.4689125,13794388
7/23/2018,264.6763611,265.3967649,254.8788864,254.8788864,16917863
7/24/2018,263.5237122,266.9336117,262.5631738,262.8513236,12012225
7/25/2018,263.8118591,265.6849207,261.5065729,262.2269767,17947377
7/26/2018,274.3777466,275.19421,262.4670781,264.14802,36630780
7/27/2018,281.6298523,283.5028845,271.0639306,273.6573665,30926969
7/30/2018,295.2214661,296.2780641,282.6384079,288.1615034,56119080
7/31/2018,292.2438049,296.3260931,290.274713,292.2918201,20824059
8/1/2018,287.4891052,293.5885294,285.0877594,290.6588992,15581508
8/2/2018,286.7686768,288.8818726,282.4942992,283.3587778,14089168
8/3/2018,292.9642334,294.6451757,285.8082101,288.161541,14478297
8/6/2018,302.6656494,305.4512049,294.6931633,294.8372675,25849864
8/7/2018,300.7926025,305.5952947,298.1511219,301.5610509,20751115
8/8/2018,306.1235657,307.3722537,296.0859288,300.6484857,17916047
8/9/2018,319.8592834,332.2022076,307.612419,307.612419,76423347
8/10/2018,315.6329346,326.8712166,312.5111847,320.8678514,36321097
8/13/2018,312.0788574,314.5282474,309.2933025,311.2143789,15332907
8/14/2018,319.3309937,320.3395472,311.8868213,311.8868213,15314006
8/16/2018,321.1079407,325.8146018,315.7769649,316.5453838,37463597
8/17/2018,326.5830078,328.6962037,322.5967799,323.5092737,24090696
8/20/2018,325.0942078,328.9363611,323.4132657,326.5830304,13032778
8/21/2018,325.4784241,328.3600391,320.8678224,324.9501104,16009673
8/23/2018,323.8935242,325.3343316,321.5401936,323.2691508,18867868
8/24/2018,318.5387573,323.700606,315.7889847,322.6392866,17805968
8/27/2018,327.9458008,330.2613875,319.3105876,319.3588173,28083933
8/28/2018,326.9810181,331.4192438,324.4724531,329.9719982,16427306
8/29/2018,328.6694031,330.5990635,323.9899707,324.520645,18868248
8/30/2018,332.2393188,333.3006381,325.8232033,327.2704487,22349447
8/31/2018,330.5508728,334.6031425,326.5950626,330.936799,19809916
9/3/2018,322.3980408,331.9016252,320.8543064,331.5156989,12859450
9/4/2018,316.9467468,324.6171593,315.740709,323.0251658,15470215
9/5/2018,318.0563049,319.6965282,313.1839237,315.4995105,14548867
9/6/2018,317.0914612,319.6000258,314.0522517,318.3939879,11322771
9/7/2018,323.3146362,324.5689038,311.1095389,315.9336904,16435004
9/10/2018,321.1919861,323.9417582,318.7799104,320.1306669,16673909
9/11/2018,315.0653076,324.8583582,313.6663214,321.9638675,13005562
9/12/2018,311.5437012,315.5477411,307.2984537,315.4995113,15263406
9/14/2018,316.8020325,320.3236571,312.7497335,315.6924835,10736693
9/17/2018,314.2452698,315.9819527,310.0482517,315.7889748,7227361
9/18/2018,307.6361389,316.5125598,306.52659,312.8462165,14825218
9/19/2018,309.662323,313.2804369,305.8512312,308.7457224,15942065
9/21/2018,305.9476929,321.9638817,297.5054278,312.0743711,34169460
9/24/2018,297.8913574,305.6582296,294.8038887,305.6582296,24382310
9/25/2018,300.1586609,302.4742473,289.4972702,296.2028514,30472132
9/26/2018,302.0883484,304.2109572,294.3697066,303.9215199,23224979
9/27/2018,295.8651733,304.8863415,294.5626467,304.5486451,24888615
9/28/2018,294.8038635,300.6411041,291.1857502,298.2290285,26289107
10/1/2018,302.9566956,303.9697555,289.979717,295.5274909,21104376
10/3/2018,293.0190125,303.4391693,291.8129744,300.1587517,19105555
10/4/2018,305.3687744,309.9517181,284.4319462,288.484245,56268976
10/5/2018,296.4923401,310.5306387,288.8219569,303.5838487,36131946
10/8/2018,299.917511,303.0049503,288.0983396,296.4923457,20488368
10/9/2018,295.479248,300.9305328,292.3435499,300.4963769,14852835
10/10/2018,308.6009827,311.5919625,293.7908314,296.2993961,23972064
10/11/2018,300.7376404,304.3557543,293.3084347,299.097417,21691068
10/12/2018,308.1667786,312.8462112,302.5707748,302.8119824,25930022
10/15/2018,302.3295898,306.7195561,298.6632169,305.7547257,23756416
10/16/2018,309.3728333,311.5919606,302.71551,302.71551,18042549
10/17/2018,303.7285461,316.6090357,300.6893368,313.6663152,20203287
10/19/2018,304.3557434,310.1929552,299.2903841,301.8471786,18322589
10/22/2018,315.5960083,318.2492917,304.9828746,308.9386849,33593953
10/23/2018,311.4954834,317.0432579,307.1537468,311.6402021,21509920
10/24/2018,310.6753845,318.3940276,305.1276098,317.1879896,33104174
10/25/2018,308.6974487,310.7235687,300.8340587,307.2984331,26920180
10/26/2018,304.5486755,312.0261103,301.9918812,308.5527154,22952163
10/29/2018,337.1116943,340.5368595,316.7537695,317.4291625,80069836
10/30/2018,333.5418701,341.4052317,330.8403274,335.2303233,34460428
10/31/2018,342.5147705,344.0102458,330.2614134,333.3488823,31233009
11/1/2018,341.2604675,345.8434112,338.751903,344.4443955,22157128
11/2/2018,341.9841003,345.2162582,339.3308171,341.5499149,26714413
11/5/2018,337.3529358,339.4755744,335.7609716,338.6554627,22873951
11/6/2018,340.6815796,345.6986794,335.4232428,336.4363322,21349153
11/7/2018,343.3830872,344.4444063,342.0805604,344.2031988,2074764
11/9/2018,344.2997131,345.5057511,340.0062063,344.3479429,15130936
11/12/2018,339.9579468,345.6022097,339.1378352,343.4795713,10642857
11/13/2018,348.2072754,349.2203649,335.5679916,335.5679916,17684864
11/14/2018,353.7067871,356.8907153,348.593169,352.1630528,31774158
11/15/2018,356.9871826,361.7148448,349.3650297,353.2243506,21967798
11/16/2018,354.6233521,362.1007866,352.6936915,357.0836869,29972926
11/19/2018,349.6545105,357.66262,348.0625463,355.3470036,16002154
11/20/2018,345.3127441,352.5972303,342.1288161,349.2685541,19591217
11/21/2018,344.203186,347.6283216,340.6333024,343.8172598,29323882
11/22/2018,339.6684875,345.8916546,338.6554275,345.071543,12547369
11/26/2018,343.8172607,345.2645061,338.3659758,342.2735265,20673027
11/27/2018,342.177124,343.57614,339.2344028,343.2384434,17933339
11/28/2018,346.3740845,348.83439,340.8263101,344.3961941,18163000
11/29/2018,349.4615784,353.5138483,347.5319176,350.2334309,38692771
11/30/2018,342.6594543,352.1630381,341.3569276,352.1630381,21893877
12/3/2018,342.9971924,346.2776097,339.7167751,346.2776097,23427270
12/4/2018,345.3610229,346.4705719,340.8745384,340.8745384,18651442
12/5/2018,339.0413513,343.8172729,338.1247802,342.8041835,12068267
12/6/2018,335.4232178,337.6423449,331.2744596,335.9538921,17784829
12/7/2018,339.8132629,340.5851154,333.1559099,337.3046981,14979672
12/10/2018,334.1690063,337.1599864,332.1428567,334.313725,14107881
12/11/2018,330.7438049,332.8664433,324.1829709,325.5337274,36885929
12/12/2018,337.6423645,339.3308175,327.4633875,330.7438045,24740214
12/13/2018,337.2564392,341.7429239,335.3750377,340.4886268,19129928
12/14/2018,339.5237427,341.5981217,336.8704596,336.9187188,12104234
12/17/2018,345.8434448,347.8213352,339.9097147,339.9097147,18378122
12/18/2018,349.5097656,350.1368994,342.1288199,344.2031991,15405953
12/19/2018,353.6102905,356.2635737,348.3037241,350.2333846,19442031
12/20/2018,349.4132996,352.6454871,348.4484692,350.281641,12109613
12/21/2018,341.7429199,350.7158304,339.6202814,348.3037545,13555416
12/24/2018,340.3438721,344.5408896,339.1378343,340.9710058,9025217
12/26/2018,343.3348389,344.3478988,335.9056344,338.31771,8695108
12/27/2018,343.1418762,348.0625164,342.4182535,346.8564786,10122458
12/28/2018,348.0625,350.0403902,345.6986542,345.6986542,13004606
12/31/2018,347.4836426,350.7158301,346.8565087,350.0404371,7314108
1/1/2019,350.9570313,351.9700913,343.8655225,348.786163,7759872
1/2/2019,351.7771301,354.9610583,347.6283422,348.7861503,18243156
1/3/2019,350.4746399,354.3821912,349.3168316,352.1630931,12884409
1/4/2019,352.3560486,355.8294142,345.4574882,349.1238611,22896026
1/7/2019,354.768158,357.9520866,353.6585794,354.5751801,12719847
1/8/2019,366.7802429,368.3722071,353.7068038,354.8645825,21501136
1/9/2019,368.8063965,370.0606641,362.3902806,368.2274924,21730142
1/10/2019,366.1531067,368.7099012,362.8244303,367.5521224,14497154
1/11/2019,365.2364807,367.7933044,362.0525527,367.2144004,12537973
1/14/2019,360.2193909,365.3812388,359.5922571,365.3812388,14844029
1/15/2019,359.6405029,362.1972974,357.5661236,360.4123554,12960779
1/16/2019,362.1007996,366.3943062,358.9651011,358.9651011,15106484
1/17/2019,361.4254456,364.657633,359.6887333,362.7762021,13171721
1/18/2019,358.9168701,363.1621175,357.324906,361.4254348,12212121
1/21/2019,358.6274414,362.9209187,357.5661222,359.881709,8908581
1/22/2019,356.0705872,359.3992633,353.2243556,357.5178325,14756076
1/23/2019,354.4786682,360.5571171,353.562097,355.8294248,9726450
1/24/2019,351.9700623,355.5399459,349.0273418,353.7067744,17521254
1/25/2019,344.6373901,351.8253581,342.0805663,349.6062602,22978238
1/28/2019,331.4674072,342.418236,324.8100847,340.7780423,34362360
1/29/2019,334.6513977,337.7870962,329.344831,330.8885654,20738442
1/30/2019,353.0314026,355.6364562,338.6554369,338.6554369,39400056
1/31/2019,351.6323853,363.4032963,341.6463866,359.5922346,85917249
2/1/2019,342.177124,352.0666364,336.4846301,351.6807101,25605469
2/4/2019,342.0805664,344.3479235,333.8312792,338.6554307,17039321
2/5/2019,340.2473755,343.5760516,336.5810324,342.1288062,12197271
2/6/2019,346.6635437,349.1721086,340.7781019,341.1640282,15396216
2/7/2019,346.036377,349.0755865,343.9619977,346.4705624,10247434
2/8/2019,342.6112366,345.7951647,338.414219,344.3479193,9308651
2/11/2019,337.7388611,342.2253459,336.7740307,342.128857,9419635
2/12/2019,332.1910706,339.6202759,331.1780105,336.7257849,14924394
2/14/2019,331.853363,334.6513648,324.3276697,327.8975533,15172596
2/15/2019,330.1166687,335.5197241,328.6211936,331.9498403,20316848
2/18/2019,326.8363037,330.936833,325.6784954,330.1649804,10601490
2/19/2019,331.178009,338.07654,327.1739691,327.1739691,14384763
2/20/2019,333.0594177,335.3750045,330.3096456,332.8664399,9474758
2/21/2019,338.9449158,342.4665704,334.0725339,334.6031789,18631331
2/22/2019,339.6684875,341.6464073,338.9448648,339.0413538,10997730
2/25/2019,343.093689,344.8786311,340.6333538,340.6333538,10344411
2/26/2019,335.9538879,340.2956238,334.4101537,337.6905705,18096382
2/27/2019,333.3970642,342.2252841,331.2261963,338.6554006,17325417
2/28/2019,337.8352966,339.3790309,332.8664269,336.1951029,18347113
3/1/2019,341.7911072,342.5147298,338.3177125,339.6684689,14190221
3/5/2019,350.4746399,351.3429814,340.3921505,342.5147892,17638277
3/6/2019,358.8686523,359.7369938,352.4042774,352.4042774,31436190
3/7/2019,357.7590942,360.8465632,355.5399961,358.4344873,15355303
3/8/2019,357.5661621,360.2676755,354.7199006,356.7942801,16143455
3/11/2019,362.6314697,365.0917752,356.9872067,358.7238894,11449587
3/12/2019,374.5471497,375.3190022,364.0787346,364.7058684,37108265
3/13/2019,378.1170044,379.4195312,370.7842879,374.257683,19574619
3/14/2019,374.2576599,379.1783002,373.1963407,378.21347,13182462
3/15/2019,381.3974304,384.2436918,374.4506695,375.1742922,31466545
3/18/2019,384.0506592,385.835601,379.6606934,382.3139766,21220626
3/19/2019,384.3883667,386.8487015,380.0466306,384.3883667,11670392
3/20/2019,379.0818176,384.1471767,378.4064541,383.6165318,14181408
3/22/2019,378.0204773,382.3622134,376.2837946,380.577301,17409249
3/25/2019,370.0123901,374.3058964,369.0475599,374.3058964,12345034
3/26/2019,380.239624,381.5903805,369.9159281,371.4114327,14063632
3/27/2019,379.3713074,384.4366667,376.4285571,381.4939165,17950017
3/28/2019,386.4627686,387.7652954,378.9371039,378.9371039,23117485
4/1/2019,384.2436218,395.1461912,381.8315464,387.3310902,16106604
4/2/2019,383.1823425,385.9321147,379.6124881,385.9321147,13010810
4/3/2019,378.309967,388.6336336,376.9109513,384.9672902,12317200
4/4/2019,375.0777893,381.7833719,373.6787736,380.5290748,14521564
4/5/2019,376.8144531,378.6958839,372.0385609,375.5601855,10853927
4/8/2019,373.4858093,377.682827,371.4596598,377.682827,6305407
4/9/2019,383.1823425,384.3401507,373.5340397,373.7752472,13206348
4/10/2019,380.3361206,384.7743165,378.8888751,381.638618,14000018
4/11/2019,376.3320313,380.6255377,373.9199556,380.6255377,8704774
4/12/2019,380.7220764,381.6386476,374.5953976,376.8627549,7035256
4/15/2019,378.9370728,382.9893715,378.0204723,380.3360884,9770752
4/16/2019,392.6859436,394.0367002,383.5200555,383.5200555,24487788
4/18/2019,390.1773987,396.5452851,388.4407158,396.5452851,18660434
4/22/2019,380.6255188,390.3703098,379.8536664,390.0326134,10493872
4/23/2019,382.5551758,385.8838518,379.7571741,382.1692496,10203957
4/24/2019,386.9934387,388.4889139,379.6124928,383.1341175,11397163
4/25/2019,381.493866,388.2476776,380.4325468,386.8004322,16524091
4/26/2019,392.8789063,393.6507587,380.3843422,385.9321164,14286163
4/30/2019,393.1683044,395.3874021,389.1160058,393.409512,19375553
5/2/2019,381.6386108,390.7562689,380.5290619,389.5020013,16572948
5/3/2019,387.6687927,390.9492392,380.8185213,383.1823378,24431248
5/6/2019,387.1863708,390.6597657,380.7702555,382.5551974,20751521
5/7/2019,372.9069214,393.0236396,370.7842829,384.0024701,41519416
5/8/2019,368.7581787,376.2838438,366.732029,372.7139597,22509400
5/9/2019,367.9862366,372.1350241,364.2716344,367.5520806,19739885
5/10/2019,371.5561829,375.5119933,368.8064104,370.0124484,18361701
5/13/2019,363.0656738,372.183333,362.0526137,371.4597102,13828080
5/14/2019,367.0214233,373.1481014,363.2585912,364.8023255,21481226
5/15/2019,363.7892456,370.977243,362.5832078,368.9028638,16183425
5/16/2019,369.0476074,371.4596833,364.2716854,365.6707012,13430281
5/17/2019,375.9943542,378.213452,367.3591119,367.7932973,19096980
5/20/2019,393.3613281,399.4397473,387.8617836,390.9974821,33350816
5/21/2019,386.0768738,396.3523115,383.6165681,394.2297023,18286421
5/22/2019,391.0939941,394.036715,387.4276211,388.8266369,15370847
5/23/2019,396.4005127,412.8991158,393.0718366,399.4397221,43279956
5/24/2019,416.5654297,418.3021122,398.1371674,400.8869393,37708344
5/27/2019,420.1835938,423.3675219,414.5393306,417.0478953,23397222
5/28/2019,419.0257874,423.7534794,413.0438572,419.7494101,23389724
5/29/2019,408.4126282,415.3111879,407.2548496,413.5262461,22132254
5/30/2019,411.2106628,412.9473455,404.8427773,406.0488151,18281037
5/31/2019,408.7986145,415.0700115,399.729186,411.9825428,24644955
6/3/2019,408.0267639,411.4036703,404.8428354,411.017744,17125380
6/4/2019,404.3603821,407.8820068,402.8166477,403.0096256,14514451
6/6/2019,397.0758972,403.1543458,395.9181185,402.7201603,17762399
6/7/2019,401.9483337,404.215691,393.5542978,398.9573537,14107696
6/10/2019,401.4658813,407.8819968,398.4749016,404.1673943,13074522
6/11/2019,406.5312195,408.7985764,398.523111,403.7332177,10939138
6/12/2019,403.2991333,407.1584552,400.211664,407.1584552,11136959
6/13/2019,404.8428345,407.4478588,400.6940462,402.0448323,12164077
6/14/2019,403.0578613,407.1583901,401.4658972,405.5181668,8601256
6/17/2019,399.6327209,404.9392876,398.6196315,404.2156649,9539802
6/18/2019,407.3031616,411.0659944,400.5011188,400.8388154,17761348
6/19/2019,405.0357666,411.0177265,402.6719499,408.8468582,17010384
6/20/2019,418.1574707,419.3635086,404.2639195,404.9875422,24315929
6/21/2019,415.6488953,419.8941723,413.7674938,418.9293419,13909654
6/24/2019,414.346405,418.5433935,413.1403671,416.2760657,8545999
6/25/2019,418.3986511,419.5082001,409.6669487,412.8508769,12964387
6/26/2019,423.2227783,424.525305,417.2890782,417.2890782,12261068
6/27/2019,425.4419556,428.2881874,422.209768,422.5956942,18787957
6/28/2019,421.7272949,425.0077118,418.3503892,424.0428816,13459208
7/1/2019,423.5605164,426.4550074,422.3062487,424.0429315,6871979
7/2/2019,421.3896179,424.5253163,418.3504085,423.560486,7787303
7/3/2019,420.6177979,424.5253489,418.9293448,422.4991993,10415896
7/4/2019,420.8589478,425.8760472,418.8327984,422.5956303,11810688
7/5/2019,421.0036926,424.4288283,417.9644832,421.1001815,12154330
7/8/2019,410.9212341,420.0388926,407.1584017,418.7363657,12184946
7/9/2019,413.4297791,414.6840467,409.7151765,411.0177033,11679067
7/10/2019,415.7453613,417.4820735,412.175507,414.87702,16494282
7/11/2019,411.5483704,417.6750489,409.8599173,417.4338413,16535185
7/12/2019,412.0307617,417.7715137,409.0880411,412.2719693,8824728
7/15/2019,407.4478455,413.3333165,406.7724819,413.3333165,7825336
7/16/2019,409.6669617,415.4076844,406.7242115,406.7242115,12149205
7/17/2019,409.7634277,412.0307553,407.6407894,409.6669388,10961022
7/18/2019,403.9262085,410.5353021,402.8166595,410.0528869,10651654
7/19/2019,395.869873,405.5664355,394.1331902,405.1322501,12260757
7/22/2019,397.9976807,399.4001144,390.9855709,396.3051024,17937246
7/23/2019,398.4329224,402.3500201,396.305098,399.2550082,14207080
7/24/2019,395.0961304,398.3362147,388.5192666,398.3362147,16505930
7/25/2019,395.5797119,400.2705775,392.0011061,395.7731612,16852479
7/26/2019,402.1082458,405.6384747,395.1444833,396.788714,17493739
7/29/2019,415.2619629,421.0650879,411.3448358,418.7921914,46754670
7/30/2019,411.393219,424.3051783,408.8785255,418.7921976,23617273
7/31/2019,410.6678772,416.0841339,407.3794451,409.990834,22329888
8/1/2019,403.3656006,412.3604635,397.1756055,409.3621759,18269866
8/2/2019,397.1271973,404.1393067,392.1945351,400.3189042,30939803
8/5/2019,389.4380493,393.3067994,382.7644613,390.4052368,25033370
8/6/2019,396.7887268,397.9977113,387.7455165,387.8422412,30665326
8/7/2019,394.9993591,401.3828024,392.9682595,395.869822,20977349
8/8/2019,400.8025208,402.9303452,390.8888482,397.5140889,19046657
8/9/2019,406.3638611,408.5400332,400.8992571,402.8336323,17664017
8/13/2019,396.7887268,407.863037,395.7248145,403.3172433,18389104
8/14/2019,403.6073914,408.3466344,397.7559179,398.384584,13307755
8/16/2019,405.2032471,406.2187822,398.5780063,404.0909577,15154141
8/19/2019,409.5072021,413.8595461,406.315495,406.315495,12304262
8/20/2019,403.2204895,409.3137889,398.9648701,406.9925151,16181488
8/21/2019,398.5296326,404.9614536,397.0788512,402.3500353,12868183
8/22/2019,386.0045166,398.9648225,384.9406045,397.5140413,18182520
8/23/2019,382.4259338,390.2601585,373.1409279,376.2359397,26883695
8/26/2019,398.1427612,400.4156579,379.9596465,393.6453449,26701988
8/27/2019,404.8647156,406.702366,397.7558812,399.2550101,28793372
8/28/2019,399.4000854,404.5261673,396.2567261,404.2843705,12154347
8/29/2019,391.1306458,397.3206403,386.2463604,396.4501774,30331105
8/30/2019,396.2083435,399.3033552,389.4380312,393.1617089,18314194
9/3/2019,379.2826233,393.065047,378.218711,391.7593378,20194305
9/4/2019,384.4570618,386.5365092,377.1064303,378.1703425,18614965
9/5/2019,376.2359314,381.0718688,375.2687439,376.7678727,25022673
9/6/2019,378.5088196,381.5554542,376.4293724,378.1702981,17564286
9/9/2019,382.4743347,387.2618955,376.3326878,380.1047134,18651819
9/11/2019,381.6522217,385.9078411,380.4432372,381.9423661,17463978
9/12/2019,389.4864502,393.8387943,386.5365104,386.5365104,19577114
9/13/2019,399.8353577,401.2861391,387.5037155,393.4519134,17775449
9/16/2019,398.6263733,402.01153,393.403566,395.0961444,17629622
9/17/2019,387.5036926,398.3845528,385.2307959,392.5330798,20793363
9/18/2019,386.2463379,392.1461876,383.4898476,392.1461876,18477377
9/19/2019,373.9147339,382.716147,371.7385618,382.716147,22647508
9/20/2019,403.8008118,410.087531,373.9630692,376.2359659,75217723
9/23/2019,431.6557617,435.2343672,414.3914888,421.5002932,57490445
9/24/2019,426.4329834,433.9286869,419.1307292,427.0133018,26639931
9/25/2019,419.9528503,426.4813664,415.5037817,424.6920635,19987241
9/26/2019,437.1204224,443.6005612,424.1600857,424.5953319,40909369
9/27/2019,434.4606628,437.023704,428.7542326,434.7508073,19432963
9/30/2019,419.4692688,430.543549,416.8578505,428.754246,27524660
10/1/2019,410.6678772,428.6575732,403.0271008,422.6126504,30623906
10/3/2019,413.2792358,420.3397228,408.443298,410.0875287,23275379
10/4/2019,400.3189087,415.2135906,398.5296059,414.4398524,17952697
10/7/2019,402.4467468,409.6039288,397.9976782,401.4795593,21933703
10/9/2019,422.3708496,424.0150509,403.4139662,406.4606013,34533981
10/10/2019,409.7973938,417.3414452,406.7023817,415.8906638,19074005
10/11/2019,414.4882202,419.0340136,408.2498781,413.9079313,18004922
10/14/2019,414.7784119,422.0806665,412.0219213,415.8906717,17211042
10/15/2019,417.6799622,421.1618433,414.1497334,415.8906592,14971985
10/16/2019,421.0167236,425.0789231,417.0029013,420.2429854,17833051
10/17/2019,426.1428223,428.8025879,419.4692344,421.6937538,12452421
10/18/2019,423.4347229,429.1411534,420.9684063,423.3380278,15988455
10/22/2019,436.3466492,443.6489327,423.1928928,426.0461079,34966169
10/23/2019,440.1670837,443.9391095,433.4934952,437.1687963,25196183
10/24/2019,439.8285522,443.9390995,436.2015988,442.3915934,23542540
10/25/2019,453.7077026,455.2068316,439.4900333,442.6817701,34397573
10/27/2019,454.1429443,457.9633473,449.7422524,455.5453782,8206762
10/29/2019,461.735321,466.1843896,451.5315044,454.7715885,33686172
10/30/2019,455.6904602,463.2828892,454.5782003,463.2828892,22396012
10/31/2019,447.8562012,461.1066829,446.1636229,459.4141047,21198377
11/1/2019,447.082428,451.6282211,445.3898498,451.3380471,13522994
11/4/2019,455.0617371,456.8026628,447.8078305,447.8078305,16254715
11/5/2019,452.9822998,458.4469036,451.579866,456.6092532,14952189
11/6/2019,464.9270935,468.0220761,449.5004394,451.8216837,24922680
11/7/2019,462.8475952,467.1515917,460.0427572,467.1515917,18312032
11/8/2019,473.3899841,479.7250511,464.5401939,464.9754402,52207121
11/11/2019,480.4987488,482.6265731,468.6990787,471.9875104,24766065
11/13/2019,469.8113403,481.1757938,467.4417191,480.4987507,24272664
11/14/2019,482.2880859,483.4487229,467.8769967,473.6801223,35396276
11/15/2019,483.4487305,492.9755343,479.7250523,481.5143553,42074833
11/18/2019,481.9979248,487.8977748,480.3536942,482.3847939,22910109
11/19/2019,477.3070679,485.5281623,473.7768391,481.6110644,27939336
11/20/2019,478.757843,481.6594057,476.3398741,478.9512923,22606112
11/21/2019,481.9012451,487.2691248,475.1309316,481.7561729,25745594
11/22/2019,480.4987488,485.2863388,476.0013327,484.6576728,18462401
11/25/2019,481.4659729,483.5937974,475.4210504,475.8562967,25692878
11/26/2019,493.9427185,500.5679299,484.560987,485.3347253,286857658
11/27/2019,488.9133301,498.9236981,487.7526932,497.0377295,29866539
11/28/2019,502.1154785,502.9375644,491.3313129,492.8304419,35706498
11/29/2019,495.780304,499.5523589,493.5557844,499.0687652,13324549
12/2/2019,494.1361389,497.1344264,490.6059101,496.602485,10130049
12/3/2019,492.6369934,494.4746439,488.0912,493.0238625,12795657
12/4/2019,511.8840637,513.9151342,492.5886583,493.2657015,30992538
12/5/2019,510.771698,519.8632842,508.7889754,515.0756942,32354118
12/6/2019,507.5800171,515.9945606,504.5334117,512.6577518,24868376
12/9/2019,509.2241821,511.9322951,505.065288,506.8545611,12980877
12/10/2019,511.3520508,512.8511796,507.4833007,508.7889803,12021443
12/11/2019,516.0429077,517.6387908,509.9012904,513.1896926,13768156
12/12/2019,517.7838135,519.4763916,512.4159346,517.3002197,12385216
12/13/2019,519.4280396,524.9893677,518.12236,520.2501844,17884861
12/16/2019,521.5558472,523.6353239,519.0895309,521.797644,13070575
12/17/2019,523.3936157,525.1828892,521.0723418,523.2001664,11516163
12/18/2019,523.635376,525.0861573,518.3641919,524.2640125,12906168
12/19/2019,522.4746704,523.4418579,516.187952,519.5731081,12082790
12/20/2019,528.1811523,531.469614,521.5559406,523.2001714,27691592
12/23/2019,523.5386963,530.8409517,519.96009,529.051678,11521942
12/24/2019,523.3451538,526.1016737,521.604228,524.2156462,6715007
12/26/2019,521.0723267,524.6025851,520.0084439,523.3451939,7831074
12/27/2019,531.3728638,532.4367465,520.6853941,523.2484647,11247684
12/30/2019,526.1016235,534.08092,524.7958851,531.5661972,13180302
12/31/2019,521.2174072,525.9565909,520.3469148,525.9565909,12491978
1/1/2020,519.1379395,524.6992681,518.1224043,522.184604,7642793
1/2/2020,522.8615723,524.1189633,518.2674313,518.4125331,10264223
1/3/2020,521.1689453,523.0549727,518.6542815,520.3468596,9594690
1/6/2020,508.450531,519.6215359,506.612851,519.6215359,12534334
1/7/2020,505.7423706,518.0256047,504.5333862,513.8667102,16101835
1/8/2020,508.6923218,510.046349,498.1016059,499.0687935,16094310
1/9/2020,528.3745117,529.4384534,512.8995119,513.2864106,18934019
1/10/2020,522.5231323,528.5680552,520.8305539,527.0205785,12335407
1/13/2020,520.9272461,528.1328059,520.3469571,521.7010434,7901800
1/14/2020,519.960022,521.2657606,516.623272,518.6059948,13939440
1/15/2020,518.0256348,519.3313734,513.2381036,517.542041,12353176
1/16/2020,519.5248413,522.2813023,515.7044385,516.3814816,11249232
1/17/2020,514.5921021,520.3468795,513.1896684,516.9617233,18312609
1/20/2020,517.3002319,526.1500215,513.5765835,515.5109586,19159996
1/21/2020,513.625,522.5231384,512.8029141,515.4626802,13477994
1/22/2020,505.6940002,517.3970053,503.6629299,514.0601964,17527408
1/23/2020,510.3848572,512.8511735,500.0842867,504.2915877,17061293
1/24/2020,516.3330078,519.7665706,509.7077972,511.8839691,17851868
1/27/2020,519.621582,527.1172866,514.0602529,520.8305666,38149166
1/28/2020,510.8684998,522.8615905,507.2415463,520.4436215,24009224
1/29/2020,509.3209839,517.2519343,508.0636518,514.1085745,16400827
1/30/2020,514.7372437,516.4298219,506.9513954,510.336552,14319317
1/31/2020,508.4020996,515.2691068,505.2587404,512.6093413,16292578
2/3/2020,498.6335754,502.1154864,485.5281947,487.46257,22531888
2/4/2020,513.3831177,517.106825,499.6974499,502.9375044,17781475
2/5/2020,521.4107666,522.6681576,508.4504893,511.6905439,18782476
2/6/2020,523.8287964,529.0516332,518.6543662,522.6198119,15296851
2/7/2020,518.8477783,523.9738606,517.5904463,523.2001223,8297149
2/10/2020,516.4297485,524.4573925,513.09294,520.9755413,12536053
2/11/2020,522.0394897,526.9237752,519.8633177,520.056767,11243552
2/12/2020,531.276062,532.6301481,524.8926484,527.8909059,14026335
2/13/2020,523.2484741,530.9859747,520.3469114,530.9859747,9227235
2/14/2020,527.8909912,530.6475113,518.9445057,523.4902993,14458649
2/17/2020,523.8287964,527.45575,520.1051476,525.1828827,7793293
2/18/2020,523.4419556,526.5369678,518.4125681,523.2485062,15918303
2/19/2020,526.9237061,528.5679365,522.7648119,525.6663742,8704234
2/20/2020,529.0516357,531.3245031,524.0222482,527.6008543,13588526
2/24/2020,512.4643555,524.0706073,510.2398357,521.79774,16940750
2/25/2020,513.5282593,521.1206582,508.0636258,514.9790407,14942960
2/26/2020,506.5161743,511.980749,505.0653929,509.5627799,15743918
2/27/2020,498.440094,506.129247,495.8287348,505.6456532,26315054
2/28/2020,480.934021,490.2190276,476.0497356,485.1412928,32737933
3/2/2020,489.4936523,503.4694955,482.0946731,491.5730998,28642076
3/3/2020,497.8597717,502.4539124,491.8148498,493.1205588,19661945
3/4/2020,491.6697998,500.51956,480.7405627,500.51956,21883404
3/5/2020,487.9461365,494.377928,483.5937923,493.0238713,16671516
3/6/2020,470.3916931,480.4987858,461.6386277,469.085984,31024353
3/9/2020,442.7301025,459.4140878,428.4157386,459.4140878,42027175
3/11/2020,450.3708801,456.2707301,434.8475316,435.2344008,31018779
3/12/2020,411.6834106,431.3173373,402.3500559,423.6281838,50757033
3/13/2020,432.5262756,449.500405,382.232524,387.8421999,67104335
3/16/2020,389.6798401,410.2809517,384.4086859,410.2809517,34833637
3/17/2020,355.199646,395.0477869,352.0562863,393.6453531,47232699
3/18/2020,343.3999634,363.1789626,331.0683208,356.9889676,61202289
3/19/2020,327.4413452,357.4725374,312.4015901,325.0717533,57985870
3/20/2020,334.3567505,347.9940714,312.4015811,317.2375189,88640642
3/23/2020,274.6812439,303.4067238,270.812494,300.940378,56867949
3/24/2020,286.7711182,294.9922126,259.4964165,285.6104813,67895418
3/25/2020,306.5017395,323.1857253,272.3600296,274.6812739,66544138
3/26/2020,319.4136963,352.443146,303.9386951,311.4343988,76173940
3/27/2020,328.6987,347.7522773,315.3031463,344.1253239,72889985
3/30/2020,303.1165771,322.9439222,300.8920576,319.2686213,36559880
3/31/2020,313.1269836,323.8627718,305.6312798,314.0458237,46279768
4/1/2020,300.9404297,313.1269999,297.9905192,308.5328586,33141186
4/3/2020,277.2442932,299.3445337,272.2632835,299.3445337,57326314
4/7/2020,315.3998413,318.7849975,287.1096077,298.1838866,57661076
4/8/2020,308.4844666,341.1753924,304.7607888,312.2564919,73931321
4/9/2020,331.4552002,333.6797199,312.0630712,321.4931503,52431174
4/13/2020,319.8005371,334.4534217,318.4464805,329.8592811,30994190
4/15/2020,316.6088562,340.3532992,314.3359595,331.4551913,49132329
4/16/2020,330.7781372,336.3878131,308.8713454,314.6260936,56494027
4/17/2020,363.2272644,372.8507921,337.5967949,350.1218852,69006835
4/20/2020,349.4448547,366.4673617,345.28596,363.6625237,55810736
4/21/2020,320.9611816,334.8403283,317.2375038,329.8109415,50118175
4/22/2020,324.9266968,326.9094196,312.4499527,315.303168,49115085
4/23/2020,341.368866,343.1581394,326.9093999,329.085572,45953398
4/24/2020,323.8627625,331.9871321,320.6226782,326.8126727,38513206
4/27/2020,336.4845581,341.3204961,326.9094068,328.1667389,38980019
4/28/2020,348.04245,350.9440126,338.7574435,342.1425999,32933194
4/29/2020,358.2946472,364.1461202,340.1115032,341.4172123,39341745
4/30/2020,367.6763306,380.0563486,361.8732054,369.4656334,45734705
5/4/2020,326.9577332,347.2203237,324.9750105,347.2203237,38837299
5/5/2020,319.9940186,336.5812797,318.736657,336.5812797,45069968
5/6/2020,330.1978455,334.2116682,314.5777714,320.622694,49952812
5/7/2020,325.7004395,331.6486376,322.7505289,325.9422364,27656346
5/8/2020,326.6192322,340.9335954,322.7504822,332.7125017,42968091
5/11/2020,309.64505,332.27723,307.7590523,329.8109139,83665601
5/12/2020,310.6606445,313.7556269,297.8937574,307.8557771,69072308
5/13/2020,326.9577332,336.96813,321.3964048,332.228917,72816461
5/14/2020,316.657196,323.5242335,314.9646178,319.1718896,33999095
5/15/2020,312.1114502,319.7038492,308.3393949,318.4948647,31828868
5/18/2020,288.7054749,309.9836003,283.6277404,309.5000065,74034133
5/19/2020,290.4464417,301.2789552,287.3514589,296.9749583,61827491
5/20/2020,295.6209106,298.1356045,287.7383369,289.1891184,42238419
5/21/2020,294.4118958,302.5362656,292.0906514,295.9594018,43075357
5/22/2020,281.4999084,297.6036038,276.1803772,291.1234358,80358245
5/26/2020,283.0957947,288.125152,280.4843766,286.3358492,46681705
5/27/2020,308.3877563,311.3860437,285.1752551,286.3842396,80541990
5/28/2020,316.1252747,318.9301128,310.2254244,311.6762058,66136408
5/29/2020,321.0579224,323.3307895,309.5000192,312.3048572,60487477
6/1/2020,328.1183777,336.5812688,325.1684675,327.8765808,44024770
6/2/2020,336.9681091,338.515615,321.5898342,325.9421779,47558213
6/3/2020,345.1408997,360.7609734,342.1909598,346.1564348,69689299
6/4/2020,336.4361877,351.0890729,334.1632911,345.2859477,57061575
6/5/2020,345.4794006,348.1875139,335.6140759,338.5156385,37251097
6/8/2020,347.9940796,361.4863581,341.5622881,354.5225958,46827341
6/9/2020,337.1132202,357.2307396,333.921513,348.2358774,47621969
6/10/2020,341.4172058,345.1408838,333.9698499,337.1132094,36292403
6/11/2020,330.0527649,342.577856,328.9405051,340.8852777,36999490
6/12/2020,332.9059448,334.7919427,313.4654704,313.5621951,47509067
6/15/2020,320.2358093,331.0199448,314.819553,330.0044097,43500660
6/16/2020,331.6970215,336.4845827,315.3515263,331.0199783,57511237
6/17/2020,330.7297668,339.4828016,325.0717142,327.4896829,37107002
6/18/2020,340.4500732,343.0614919,326.135707,328.8438207,39285919
6/19/2020,351.8628235,353.4587066,337.7419087,339.4828345,51367236
6/22/2020,355.4897461,362.9371015,353.168502,354.9578048,40133602
6/23/2020,363.8076172,365.8870647,352.2497428,356.8922316,32493320
6/24/2020,336.678009,367.5312875,333.6797216,367.5312875,57955780
6/25/2020,339.4828186,343.9318871,327.3929746,334.5501564,69902888
6/26/2020,337.6452026,346.7367603,334.7436398,343.9319221,34596104
6/29/2020,331.842041,334.2600098,327.3929726,333.9214883,27384244
6/30/2020,339.9180908,342.8196536,334.9370511,335.6140942,47526095
7/1/2020,352.1046143,353.7488449,340.063147,342.6261881,36922617
7/2/2020,350.9440002,358.729848,349.493219,353.9906351,50964311
7/3/2020,349.1546936,355.1028909,347.9940568,352.6849221,28779044
7/6/2020,349.9768066,355.7799317,348.6710976,355.7799317,33334074
7/7/2020,363.7108765,365.596904,350.2186275,351.0890904,46030825
7/8/2020,356.8438721,366.5640955,355.4897858,365.5001833,46315597
7/9/2020,358.197937,363.6625411,353.3136219,361.1962245,35144463
7/10/2020,348.526062,356.1184907,347.2203528,352.9267538,27864858
7/13/2020,341.9975281,354.9578355,340.9336159,352.1529975,32379935
7/14/2020,334.2116089,340.8852259,329.4240488,339.966386,34031256
7/15/2020,334.4534607,345.0925243,332.4707379,338.0320666,30442553
7/16/2020,333.3411865,337.1615892,329.8109578,336.5329232,35535437
7/17/2020,342.190979,344.3188036,334.1149857,334.6469271,27511781
7/20/2020,351.0891113,354.3291958,343.5934072,346.2531732,36312529
7/21/2020,366.370636,367.4345482,357.9077448,358.8265848,45559912
7/22/2020,368.5952148,376.7195851,362.9855088,374.2048913,45500191
7/23/2020,379.379303,382.6677346,366.4189962,369.9975723,37838027
7/24/2020,369.2722168,375.9458349,359.9388623,375.5589362,52980980
7/27/2020,346.7367249,373.1409323,344.8990745,372.3671941,73275058
7/28/2020,340.5467529,350.8472948,331.9387894,349.2514412,125939354
7/29/2020,339.5311279,345.9145707,336.7746674,341.6106045,50194622
7/30/2020,333.6313782,342.9647327,329.2306568,341.8040958,40820253
7/31/2020,335.4205933,341.4171672,330.8264529,335.0821013,37345191
8/3/2020,331.9871216,337.8869715,329.3273559,335.4206255,32119883
8/4/2020,339.4828186,341.6106429,332.9059553,335.6140685,30811518
8/5/2020,340.6434937,348.1875453,339.2410598,341.8041011,37057881
8/6/2020,346.9785461,351.8144841,337.1615981,341.8524637,48021824
8/7/2020,346.2048035,347.8490046,341.5622854,347.6555848,28510964
8/10/2020,351.6210632,352.9751496,345.6245174,347.703965,22856010
8/11/2020,355.2963257,362.0182609,352.1045893,357.8593666,45446107
8/12/2020,354.8127747,356.6504252,351.8144872,353.7488624,25706005
8/13/2020,355.9733887,360.1323131,354.2324628,356.8438811,26257336
8/14/2020,349.5415649,359.6003093,342.5778325,359.6003093,28893259
8/17/2020,348.3809509,354.3291482,342.7228981,353.9906266,24232497
8/18/2020,357.4241333,357.8593795,349.7350103,350.0251547,26517363
8/19/2020,362.1633606,363.5174172,358.2462336,361.7281144,35790233
8/20/2020,355.683197,357.5208473,350.7021874,354.9578064,68444775
8/21/2020,358.9716492,360.760952,355.0061744,357.8593894,34109928
8/24/2020,367.8697815,368.6918968,361.5830626,362.5502501,32907235
8/25/2020,373.6729126,377.0096919,368.8853225,369.9492347,53072303
8/26/2020,376.5744629,378.7989824,371.5934531,375.4622032,37163882
8/27/2020,379.3309631,384.4086977,374.8818946,377.1547912,36910405
8/28/2020,396.2567749,398.3845699,380.0080054,380.975193,83472297
8/31/2020,381.6522217,408.1531552,374.785184,401.23777,72744175
9/1/2020,378.1219788,386.5364926,372.6573456,381.748932,34872793
9/2/2020,379.524353,381.0718589,368.5951465,374.5433435,31295799
9/3/2020,370.19104,379.6694664,368.5468094,379.5243941,26135555
9/4/2020,360.3257141,367.4829257,356.2635441,362.6953354,33118984
9/7/2020,361.1478271,364.484636,356.8922078,361.8248702,22323904
9/8/2020,363.3723755,368.7886022,357.0372793,360.1806389,32052920
9/9/2020,355.5381775,360.1806663,350.0251962,358.6331602,25285238
9/10/2020,358.536438,362.6953327,353.4587033,359.5036255,24852274
9/11/2020,358.3429871,361.3896219,353.1201802,360.7609559,22678353
9/14/2020,351.7661133,361.5830607,347.5588417,361.2445392,27140598
9/15/2020,359.358551,360.0355942,351.7661518,352.1046438,24967618
9/16/2020,362.4052124,364.3395876,353.0234807,359.165128,22068622
9/17/2020,356.8922119,359.5519777,355.3447059,357.8593995,24084936
9/18/2020,357.4241333,362.3567955,352.5881957,357.8593795,78166508
9/21/2020,339.192688,355.3447025,337.0648636,354.6193118,28932482
9/22/2020,342.7713013,344.4638797,338.0320876,342.3844321,28593292
9/23/2020,340.3049622,345.382697,331.2134046,344.8991032,22740143
9/24/2020,324.684906,335.5657671,322.7988783,333.6313918,25840472
9/25/2020,337.2099609,338.999264,325.5553618,327.9249538,23231600
9/28/2020,351.0891113,352.0079514,337.6452091,339.9664535,18495592
9/29/2020,345.3343201,351.8144888,342.6262066,351.8144888,17080848
9/30/2020,343.1097717,345.7695374,337.886965,345.2375961,19565058
10/1/2020,357.0856934,359.0200687,346.4949768,346.4949768,23237122
10/5/2020,360.8576965,370.0943262,358.5847998,358.5847998,26530105
10/6/2020,368.1115723,369.2721796,362.792041,364.726416,18093629
10/7/2020,370.0943298,371.7385606,361.8248876,366.8542455,21845743
10/8/2020,374.7852173,376.9130419,370.0943512,372.3672481,21085500
10/9/2020,388.3258057,390.2601808,374.2048614,377.8801918,41641237
10/12/2020,390.7921448,396.5469229,387.5520899,390.2118558,25742564
10/13/2020,383.2480469,387.8421875,380.5882812,387.8421875,19922778
10/14/2020,393.4518738,395.821495,376.2359476,381.4104068,23368177
10/15/2020,378.1703491,396.4501887,376.3810462,393.548626,34234586
10/16/2020,383.1030273,388.1323853,377.6867707,381.0719274,25339096
10/19/2020,403.4139404,405.009794,387.9872869,388.8577498,41072871
10/20/2020,400.9959717,403.2204913,397.5140905,399.9320595,26158669
10/21/2020,406.5089111,414.4398608,396.8370357,402.3500165,43124966
10/22/2020,399.3517456,405.8802618,394.2740108,402.7369021,33088074
10/23/2020,403.2688599,406.7023639,398.2394728,403.3172074,22151463
10/26/2020,391.1790161,405.3966554,388.2774535,404.3327432,21712057
10/27/2020,396.4985352,398.8681269,380.3464918,393.0166542,33571163
10/28/2020,383.0545959,396.4501487,381.8456116,396.4501487,28145103
10/29/2020,386.7783203,389.6798831,376.8646473,379.379341,32615425
10/30/2020,379.7178345,389.4864345,375.3171135,386.2946979,27225165
11/2/2020,403.7524414,408.926871,393.64532,403.3171952,72698777
11/3/2020,429.2861633,432.2360733,410.2809355,411.0546737,61813071
11/4/2020,422.7092896,427.4968795,411.3448363,422.9510864,43426662
11/5/2020,424.1117554,431.6074591,421.3069173,430.3984747,30129938
11/6/2020,428.2705994,430.301699,421.8871857,425.417414,27831424
11/9/2020,447.5177002,449.3553507,434.2672187,435.2344063,40995422
11/10/2020,467.9736633,471.0686455,457.4796734,469.8596612,57535138
11/11/2020,470.5851135,474.4538639,456.6092705,468.8441877,45609279
11/12/2020,461.0583191,467.6835302,455.8838598,465.7975322,31071572
11/13/2020,469.6178894,471.1170478,452.208514,457.1895534,34815091
11/14/2020,470.9236145,473.7768296,468.7474425,473.7768296,3636073
11/17/2020,470.440033,476.8234769,462.4607354,474.4055079,36127378
11/18/2020,481.3208618,482.6265709,470.29493,471.9875082,29156543
11/19/2020,463.0410461,477.1619905,460.187831,473.9219062,31896908
11/20/2020,464.4434814,467.586841,452.740506,463.7664383,30089190
11/23/2020,452.8855896,467.4901281,451.1930113,465.9909697,29513544
11/24/2020,462.5090942,464.25002,455.7387814,458.4468948,23135994
11/25/2020,457.1895752,473.8735607,455.6420692,469.0859705,34168305
11/26/2020,459.7042542,461.5419342,450.515972,459.5108343,28707911
11/27/2020,457.8182373,463.8147825,455.8354851,460.7681476,48390771
12/1/2020,469.1826477,472.4710792,458.7370053,463.9598413,20120049
12/2/2020,464.6852417,471.020308,456.7059449,470.391642,21244707
12/3/2020,466.0393066,469.0859414,463.1377441,466.2811035,22701738
12/4/2020,485.5765381,487.4625658,467.1516255,467.8286687,39547014
12/7/2020,493.7008972,498.6818777,487.6075979,488.4297133,37778332
12/8/2020,491.7181702,495.2000514,488.8166074,494.7164576,19339943
12/9/2020,494.7164307,498.1015871,489.4452467,493.2656493,21272782
12/10/2020,490.3157654,497.5213248,482.3848153,491.4280252,20419020
12/11/2020,498.5368347,499.9392685,489.4936252,492.5402601,25335765
12/14/2020,508.5472717,510.4816471,501.0999148,501.0999148,26369591
12/15/2020,501.0514832,507.0480576,496.2638931,506.8062607,26969145
12/16/2020,495.6352844,504.5817695,494.3295753,502.9858864,24263586
12/17/2020,493.6525269,499.5523769,492.3951948,497.134408,23883288
12/18/2020,500.1810608,501.2449435,492.4435309,497.1343964,21735833
12/21/2020,478.274231,497.8114308,472.1809614,497.7146766,29157759
12/22/2020,483.8839111,485.3346924,473.0514285,480.9823485,32328041
12/23/2020,487.0756531,488.9133035,480.2569632,482.6265845,19205951
12/24/2020,496.6991882,499.0204621,488.5264706,490.1223243,17576807
12/28/2020,503.0342712,504.0982131,496.7475515,498.9721304,14470472
12/29/2020,511.4487915,513.3831667,500.8580755,505.403869,19092649
12/30/2020,511.4004211,515.5109683,507.3382216,514.2052887,21365141
12/31/2020,517.4936523,520.830461,509.2242111,512.7060625,27817770
1/1/2021,510.1914978,519.3797807,508.8374114,517.9773468,13592625
1/4/2021,514.2536011,517.445308,507.09639,514.83389,16549750
1/5/2021,519.621582,522.2330006,505.8391576,509.3694162,23311516
1/6/2021,528.7614136,532.5334094,518.2673939,521.0722612,28178838
1/7/2021,523.3451538,536.2087953,522.0394742,534.0326233,21138034
1/8/2021,524.2640381,529.1483238,518.7510568,529.0516286,21937965
1/11/2021,526.8270874,528.0844195,517.4453561,527.2623336,19394393
1/12/2021,530.0187378,532.5818082,519.4763707,523.2484254,16388310
1/13/2021,538.2398071,542.5921506,530.2605108,533.40387,21920297
1/14/2021,535.1447754,540.1258141,532.5333576,535.8701659,13330898
1/15/2021,525.1828613,532.920362,523.7320799,531.9531745,15708956
1/18/2021,515.6560669,530.4056771,511.5455198,526.633622,21580313
1/19/2021,528.5197144,529.7770465,516.3815209,521.3141544,20575358
1/20/2021,532.9203491,536.4022007,528.0844113,528.5196575,16097138
1/21/2021,534.5646362,542.5922821,531.6630732,536.7891561,18189277
1/22/2021,516.284668,535.3382732,513.1896562,534.9513746,24515997
1/25/2021,520.3953247,524.5058724,513.7701126,518.9445432,23415249
1/27/2021,505.2104187,521.5075652,502.067059,520.1534789,28049286
1/28/2021,510.9168091,512.4642855,495.2000118,497.7146758,29836591
1/29/2021,519.3796997,527.0688523,512.0774457,515.8494416,33172808
2/1/2021,583.987854,589.4524875,532.9203611,533.8875487,69354326
2/2/2021,597.0932007,603.5250214,579.0551886,592.8859585,42362384
2/3/2021,601.9291992,606.9102391,593.8532061,602.9447935,27155908
2/4/2021,607.684021,610.9241352,589.0173102,598.4957378,29982222
2/5/2021,593.99823,614.4542103,590.9515657,607.6838978,32015570
2/8/2021,608.9412231,613.1485242,601.9291138,601.9291138,18230551
2/9/2021,612.5682373,622.0950705,607.9740962,610.6338621,27155615
2/10/2021,611.4075928,617.2590653,605.8462647,612.5681705,23967387
2/11/2021,609.9568481,612.8100042,603.6217225,606.1847931,16072702
2/12/2021,626.350647,628.5752256,608.7478804,609.2314742,19049709
2/15/2021,651.8361206,654.5925818,630.6063401,633.5079031,27155194
2/16/2021,636.7479248,657.1072708,628.2366858,651.3041452,24966739
2/17/2021,635.7807007,643.1313613,628.0432004,633.3143843,21684753
2/18/2021,623.4974976,630.9932013,616.6787779,628.6719275,27845347
2/19/2021,603.5733643,614.6476732,598.6890791,614.6476732,24055811
2/22/2021,589.8392334,608.6510408,587.3729172,601.5905843,27092321
2/23/2021,596.0776978,602.606214,589.0655878,594.5785688,23534585
2/24/2021,620.0639038,623.8359588,594.9170279,594.9170279,17762047
2/25/2021,607.3937988,627.124449,605.7495681,621.611468,38571809
2/26/2021,578.1364136,594.8204004,571.5112018,594.8204004,57349273
3/1/2021,588.3885498,591.7737064,580.5060063,587.6148115,21527318
3/2/2021,590.4679565,596.2710814,579.3453005,589.9843628,24051433
3/3/2021,611.3592529,612.9551361,593.7080794,597.7219315,21036174
3/4/2021,600.3816528,610.1986298,595.5940628,598.4472778,25057198
3/5/2021,589.4523926,594.5301266,581.7632407,593.0793455,26645968
3/8/2021,588.0983887,595.7875416,581.4248299,591.5318927,19632433
3/9/2021,604.5889893,607.7323492,592.2089989,594.6753156,23056249
3/10/2021,605.0725098,609.8117524,601.3972089,608.1191742,15838994
3/12/2021,592.7409058,617.0656979,588.3885615,610.7306308,21757862
3/15/2021,583.6976929,592.740873,571.2209497,591.822092,24347946
3/16/2021,575.4282837,587.0828827,574.1709516,586.9377809,17925629
3/17/2021,570.1570435,583.8427705,567.7390747,577.9428912,20214082
3/18/2021,559.6146851,581.6666081,556.6164273,575.2347874,22776537
3/19/2021,567.4006348,569.5768069,551.2969375,556.3263248,29162618
3/22/2021,554.6337891,567.5940686,550.8133859,567.5940686,21755401
3/23/2021,567.1588745,569.9153358,555.4558683,557.1000991,29486417
3/24/2021,548.8789063,561.5006913,546.4609375,560.96875,24434219
3/25/2021,552.7960205,560.0015794,538.8201489,549.4592117,27170186
3/26/2021,559.5663452,565.3211229,555.4557981,565.3211229,20724410
3/30/2021,572.0430908,573.6389149,562.9031566,562.9031566,28011943
3/31/2021,562.9998169,570.3021297,560.0015593,566.7718717,20119972
4/1/2021,574.8962402,576.5404117,561.1621667,568.2709708,15631940
4/5/2021,552.5058594,572.575,545.0101563,572.575,23260127
4/6/2021,547.3314819,559.518022,545.8807005,555.8427209,23284697
4/7/2021,558.6958618,560.9687287,541.0446906,547.9600456,23984399
4/8/2021,557.7770386,566.6267687,554.4885775,562.9031205,19262565
4/9/2021,547.6216431,560.0016328,546.4610061,555.1173471,23239564
4/12/2021,520.8788452,533.839182,513.7216927,533.3072407,26601702
4/13/2021,542.2053223,545.3003343,520.2018053,523.2484697,25445897
4/15/2021,556.3262939,557.8254229,535.9670077,547.3798091,37614884
4/16/2021,548.3469849,558.7925984,545.590465,555.7459341,24045008
4/19/2021,541.3832397,543.8495562,516.8650586,531.953161,28526176
4/20/2021,540.7545776,553.8600172,534.4678581,546.6544576,24425842
4/22/2021,560.1950684,561.5490956,528.9549208,533.8875539,34942633
4/23/2021,551.2485962,561.4524138,548.4437285,551.2002486,33749097
4/26/2021,571.7045898,585.6321155,568.7063318,582.2469587,62584522
4/27/2021,579.1035767,582.1985888,571.7045679,573.7840448,24239685
4/28/2021,600.9619141,602.3643477,578.3781101,578.3781101,33292864
4/29/2021,601.0587769,607.8290904,589.0172788,602.1226597,34537860
4/30/2021,580.7960815,596.1259795,578.474808,590.0810577,23653258
5/3/2021,577.1691895,579.2002598,568.2227043,573.1069898,18010557
5/4/2021,572.1397705,588.0500172,569.6734541,577.0724623,15115127
5/5/2021,583.0206909,584.9550662,565.5146184,575.7667837,17253943
5/6/2021,588.2434692,590.8064808,579.587129,583.0206329,16949763
5/7/2021,587.1795654,594.6269217,583.891163,591.9188083,10941083
5/10/2021,593.1278076,596.7547612,590.9516355,590.9516355,12060808
5/11/2021,589.8392334,592.7892023,583.4558199,586.502484,13818480
5/12/2021,575.2348022,586.7443578,573.7356733,583.4075489,14785569
5/14/2021,577.7010498,582.198495,571.7044758,572.5749681,12675754
5/17/2021,603.1381226,604.008615,581.4731572,583.4558799,20453101
5/18/2021,612.4232178,614.6477375,605.459455,607.3938303,19242627
5/19/2021,604.9274902,613.1969323,602.8963609,606.5233143,13911576
5/20/2021,598.3021851,612.133014,596.4162166,607.4421191,13900762
5/21/2021,621.3696289,622.8204102,601.8807769,601.8807769,23975898
5/24/2021,626.1088867,632.0087667,617.065706,622.1434411,20323003
5/25/2021,628.9620972,630.6063279,621.4180455,628.7686478,14884778
5/26/2021,631.0899048,635.1037569,622.1917671,628.0432403,14487031
5/27/2021,630.8480835,634.9586306,626.8342315,629.7357942,23349546
5/28/2021,621.9500122,638.3438548,618.2747109,636.4578271,14191446
5/31/2021,641.00354,643.179712,622.6269768,622.6269768,21786138
6/1/2021,628.7686157,643.083039,627.0760375,642.7444879,14123196
6/2/2021,627.0760498,628.0432374,620.0639398,627.2211516,16025108
6/3/2021,628.9137573,632.2022189,623.5942254,632.0087696,11805702
6/4/2021,621.6114502,633.4111501,618.4197431,631.5734702,15111572
6/7/2021,626.9310303,628.6719562,623.1106273,624.0294674,7556341
6/8/2021,621.3212891,626.7375156,616.4853514,626.7375156,11912935
6/9/2021,615.2280273,624.4163098,608.1675695,623.2557319,15823094
6/10/2021,619.3869629,621.3213381,610.2953758,614.5993725,10712418
6/11/2021,614.8411255,623.4007115,610.7789261,622.8687702,9015059
6/14/2021,614.3092041,615.2279851,602.8963436,614.8411455,10170497
6/15/2021,624.1260986,624.996591,615.1312664,615.4697585,11039987
6/16/2021,619.0968018,627.8982449,616.6788326,623.7393498,8601339
6/17/2021,612.2297363,616.630428,606.1364664,612.2780839,9720060
6/18/2021,609.7150879,615.7116038,600.3333563,611.8428534,13820690
6/21/2021,610.5371704,612.3264439,596.0293565,602.412771,13407446
6/22/2021,610.1502686,622.9655041,608.8929365,614.1641207,15270093
6/23/2021,604.2020874,614.1641076,602.9931029,612.9551231,10950633
6/24/2021,613.2453003,615.4214724,603.9603227,606.4266394,12815724
6/25/2021,627.7047729,628.6719606,615.2280289,615.2280289,14785922
6/28/2021,628.9620972,631.5735155,624.948304,629.6391403,12093491
6/29/2021,619.0968018,627.4629987,615.5666022,625.0933771,12225470
6/30/2021,610.1986694,619.7737911,609.1347277,617.3558221,14276494
7/1/2021,610.1502686,616.4853945,609.3765303,613.1485855,10517081
7/2/2021,619.2418213,620.305704,611.504321,611.504321,10999396
7/5/2021,626.5924683,627.2211638,620.1607061,621.6598351,7358568
7/6/2021,628.9620972,633.5078908,624.0294639,624.0294639,9209891
7/7/2021,632.5406494,633.2660401,624.706454,629.5423917,7741559
7/8/2021,620.8377686,632.5407154,617.1624083,629.1555586,10782941
7/9/2021,617.5975952,620.1123183,613.0034544,618.5164352,7069698
7/12/2021,625.0449829,628.9137333,621.3213343,624.803186,6992783
7/13/2021,643.1313477,644.4853748,631.5734451,633.6529218,19825411
7/14/2021,642.5510254,646.0812836,636.6028574,640.2781583,11648541
7/15/2021,645.5493164,647.6287341,639.4076403,643.2763903,8244429
7/16/2021,638.6339722,645.8395317,636.119308,645.5493872,9212875
7/19/2021,634.378418,635.3456056,624.3679901,624.4647443,9121737
7/20/2021,620.8377686,629.8809494,618.1295959,627.3662851,13169127
7/22/2021,634.4267578,638.6340005,627.0277486,631.0899486,13123569
7/23/2021,654.4475098,655.6080877,629.3973274,634.4267147,19298083
7/26/2021,654.5441895,665.1832527,641.8256493,657.6875491,31054759
7/27/2021,655.2212524,663.103796,651.2074003,657.8326708,12598869
7/28/2021,662.5718384,664.457866,648.0640247,655.6564826,18367497
7/29/2021,666.8883667,671.7384639,662.6202575,671.7384639,11043138
7/30/2021,662.0383301,667.0339543,657.6732422,666.403418,14536250
8/2/2021,660.9713135,667.4219077,657.3822295,663.5418296,9348206
8/3/2021,669.7014771,671.1565063,656.3637091,662.5233092,10162609
8/4/2021,693.2244873,695.892041,672.4175563,673.1935601,28730606
8/5/2021,681.3902588,695.0190219,678.0921686,694.0490023,17774554
8/6/2021,676.7340698,684.8337083,674.8425201,683.912178,14701949
8/9/2021,681.7781982,685.1247774,673.5330323,676.4916392,8602980
8/10/2021,679.8867188,687.0648278,676.3946129,682.9907339,10843554
8/11/2021,672.7570801,685.9493821,669.3135223,685.0763408,9748084
8/12/2021,680.3231812,681.8752479,672.5145357,672.7085514,8840339
8/13/2021,683.6697998,688.6169353,679.9837372,685.8523439,12787590
8/16/2021,681.5842896,686.1918826,677.7042112,681.3417847,7920846
8/17/2021,680.1777344,681.8267795,670.7685327,678.8196833,8669653
8/18/2021,667.6644287,679.8381619,663.1053251,679.8381619,11069373
8/20/2021,660.2922974,663.8813814,655.1026574,663.3478233,13121808
8/23/2021,662.2322998,669.2649409,653.647592,669.2649409,10917371
8/24/2021,673.6300659,676.3461087,660.0013035,662.7658355,9821388
8/25/2021,670.3319702,679.4501773,666.5489297,678.9651675,9535359
8/26/2021,677.8496704,680.5172243,669.31351,671.3020382,10756731
8/27/2021,678.7712402,679.4502658,668.3920183,675.2306449,9135827
8/30/2021,692.2544556,693.5639582,679.8867067,683.3787533,10797869
8/31/2021,697.4925537,698.3171059,688.0833521,692.5939668,19760246
9/1/2021,698.3171387,712.7703953,695.6980739,705.7862423,13729351
9/2/2021,703.409729,706.2227503,695.9890555,700.6451377,8627956
9/3/2021,702.585144,709.8602906,699.4810697,703.0216647,8993813
9/6/2021,699.5296631,706.1742737,698.4141169,703.6522464,5329995
9/7/2021,695.4070435,700.7906402,690.3144408,699.2871217,6242711
9/8/2021,699.3355713,701.0815946,693.5639434,695.0189727,7118011
9/9/2021,698.6566162,702.1972114,696.0860406,699.1901151,6243422
9/13/2021,686.1918335,696.3770385,684.0577787,696.3770385,6967906
9/14/2021,686.2402954,692.5939112,685.3187651,691.8663966,5241865
9/15/2021,692.9334717,694.5340277,685.1248258,685.9008296,5936741
9/16/2021,705.3981934,707.5322481,691.478378,698.4140411,13557169
9/17/2021,698.5595703,712.3823483,692.5939267,710.927319,17075003
9/20/2021,688.7138672,698.802094,685.3187988,688.7138672,7943459
9/21/2021,690.5083618,693.0789372,673.5815688,689.8293955,10009615
9/22/2021,682.2632446,693.5639964,681.1962468,693.5639964,9740470
9/23/2021,695.5039673,698.4140257,685.9492991,689.6838504,10412491
9/24/2021,701.2756348,702.8761315,695.0674861,700.9360924,11780868
9/27/2021,708.1142578,709.811792,700.6450956,702.7791504,7712240
9/28/2021,695.6494751,713.3523301,685.4157225,712.0912575,13491800
9/29/2021,688.2288818,690.6054416,680.2747096,686.1433161,11453404
9/30/2021,679.8381958,692.4969986,677.8496675,688.3258671,18487517
10/1/2021,671.5929565,674.0180052,667.2764173,672.2234929,10935810
10/4/2021,679.2076416,682.2631674,673.2419982,676.1520566,8976533
10/5/2021,676.2005615,678.0436222,671.1079592,672.2235053,7497208
10/6/2021,668.8284912,683.8637945,667.712945,675.7156065,13200810
10/7/2021,681.1477661,683.81532,672.6600947,676.6371513,10041549
10/8/2021,682.3117065,688.7138112,677.3645718,684.8337334,9383924
10/11/2021,691.914917,697.8320716,679.3046631,680.9537082,9337637
10/12/2021,687.355835,691.6239447,683.2818002,685.3188176,7376091
10/13/2021,688.6654053,694.4370336,686.7253661,692.4484461,6357766
10/14/2021,705.4952393,707.9202882,687.7923817,688.956417,8950350
10/18/2021,723.1010742,726.4476535,710.1027888,716.8444364,15345601
10/19/2021,725.0411377,732.3647736,716.6019556,732.3647736,11349799
10/20/2021,723.4890747,734.7413373,719.6575448,724.362116,12762996
10/21/2021,732.8497314,737.0692926,715.2924022,726.4476264,12166996
10/22/2021,736.5357666,742.8893822,730.764139,735.7597629,13248928
10/25/2021,816.4654541,841.0069365,774.4636201,776.0156277,96124084
10/26/2021,804.5342407,816.4654694,797.6955555,803.8552152,16925115
10/27/2021,809.9663696,823.5466441,799.4901697,803.9037471,22898400
10/28/2021,774.7545776,807.0077256,772.378018,805.2131541,18750423
10/29/2021,778.0041504,784.5032931,760.3983315,774.0755831,15701200
11/1/2021,779.7987671,785.4248688,769.2255299,783.4848297,11406421
11/2/2021,776.9371338,785.7157985,774.0755644,784.745779,9452457
11/3/2021,762.3868408,781.83572,757.0517335,781.83572,11839149
11/4/2021,758.6522827,765.3454414,755.6452457,764.8604317,3149310
11/8/2021,756.7607422,769.2254692,749.9706056,769.2254692,13967995
11/9/2021,762.9688721,764.9574003,755.839252,760.495334,10084357
11/10/2021,757.4882813,760.7863122,749.9220815,759.088778,9507347
11/11/2021,748.3215942,753.7051909,743.1319541,753.4141969,9221059
11/12/2021,753.3171387,756.5182505,748.0790688,749.5340981,15380106
11/15/2021,750.1161499,761.0288705,748.4186156,753.7052343,10934583
11/16/2021,741.1434326,752.4926733,739.1549044,750.1161135,12785837
11/17/2021,738.4758911,748.8066233,733.6257932,738.0879188,11657214
11/18/2021,740.0278931,744.489959,733.7227664,741.967932,20644385
11/22/2021,729.4546509,747.3515222,718.056922,745.2659566,20403786
11/23/2021,729.3091431,735.2262976,709.2782758,718.735966,24913042
11/24/2021,737.4088745,749.0975983,724.3136106,727.7571681,23186419
11/25/2021,728.5331421,732.3162419,722.9555299,732.2677527,17749726
11/26/2021,700.5481567,719.8030218,697.0560507,716.8444739,18987552
11/29/2021,696.8620605,705.9317196,689.1988825,704.9617,15878074
11/30/2021,692.9334717,710.3453352,689.780908,695.2615424,23965914
12/1/2021,705.8831787,710.7817652,693.5639196,694.9219706,15214913
12/2/2021,700.7421265,705.3011709,693.7579741,702.876122,21924640
12/3/2021,694.8250732,707.6293446,693.6610378,698.8991677,20130259
12/6/2021,688.2773438,705.0101806,686.2888156,697.4440401,20129080
12/7/2021,712.6248169,718.7359276,690.6538525,695.5039498,30513303
12/8/2021,730.8127441,736.0508141,721.7915151,725.4776367,33432411
12/9/2021,732.3647461,740.1249023,725.9626409,736.2933134,16007459
12/10/2021,735.2748413,737.0208647,728.5331934,733.8198119,7627774
12/13/2021,731.3947144,746.6240326,729.9396851,740.12489,16855546
12/14/2021,735.9053955,741.4344599,723.9256179,728.533211,17488089
12/15/2021,729.6972046,736.7298463,728.3877019,734.8867855,7358740
12/16/2021,718.9300537,735.1778821,716.7959987,735.1778821,14123215
12/17/2021,706.46521,719.7544893,704.282666,719.7544893,13227787
12/20/2021,688.6654053,698.6081059,677.2676753,696.5710292,16900016
12/21/2021,698.7536011,707.0958052,694.6795661,698.4141179,14563335
12/22/2021,710.8302612,712.9158268,698.4625129,704.4766455,9843359
12/23/2021,709.3752441,717.3294158,706.1257025,716.8928952,9994049
12/24/2021,705.3012085,711.897389,698.0260617,711.897389,8800690
12/27/2021,713.9343872,716.601941,694.6309745,702.2941526,7955163
12/28/2021,713.7404175,720.1910716,710.5393646,718.2025432,17833655
12/29/2021,713.6433716,722.6160521,709.9573093,715.8744046,7143073
12/30/2021,713.6433716,718.2994534,707.144229,711.3153011,14326182
12/31/2021,717.960022,723.8771178,714.4679159,714.4679159,6973055
1/3/2022,741.7739258,743.0349393,720.7244907,720.7729799,9653095
1/4/2022,749.6796265,754.6752511,740.7069451,744.9265659,12114437
1/5/2022,764.4238281,771.9899681,748.0790238,749.825047,19741360
1/6/2022,761.5137939,768.740451,750.7950903,751.813599,13018067
1/7/2022,769.4680176,778.2466828,762.6778806,768.4495089,12250210
1/10/2022,786.4433594,788.4318876,775.0456295,776.258154,10905080
1/11/2022,786.3463745,790.2749419,777.8587034,785.4733332,9982061
1/12/2022,799.0535278,800.7025728,787.7042883,794.0579039,13034848
1/13/2022,799.9750977,803.1761502,792.8939671,796.3860136,9372244
1/14/2022,795.4160767,797.3561159,787.2678883,796.3860963,7552844
1/17/2022,794.7369385,804.0491609,790.129346,795.4159639,6722700
1/18/2022,798.4230347,810.93631,793.6699746,796.3860174,10835146
1/19/2022,784.3577881,796.3860542,779.1682072,791.5359565,16416144
1/20/2022,785.958374,788.5774388,771.5536068,778.925732,13567654
1/21/2022,780.3806763,787.0252861,771.6505009,778.925647,12078277
1/24/2022,774.512085,792.2149409,759.8162658,788.6258569,29612316
1/25/2022,777.6161499,780.186666,762.4838103,765.3453796,19513184
1/27/2022,770.8260498,777.47066,757.6337486,763.3083984,23984679
1/28/2022,757.730835,781.6902717,755.1602593,779.6532543,14072314
1/31/2022,765.1514282,774.7546457,760.4953461,765.2969548,14824509
2/1/2022,786.006897,788.4804352,765.6364847,778.004235,20031583
2/2/2022,789.3533325,794.1549407,784.6002135,790.5658568,11214375
2/3/2022,784.6973267,793.8640232,781.8357571,789.6444027,9755335
2/4/2022,780.9142456,787.6558935,771.9415646,785.5218386,10314067
2/7/2022,762.8233643,780.8657034,758.0217559,774.124056,14659368
2/8/2022,768.7404175,771.8444916,751.0860516,766.3153688,14642455
2/9/2022,778.7316895,780.1382297,770.3895449,773.3480927,8855292
2/10/2022,781.350769,784.5518218,772.4265771,781.7872897,13159771
2/11/2022,767.0914307,773.4935951,764.2784096,772.960037,13138408
2/14/2022,731.1036987,750.7465933,728.6301609,748.8550435,16170656
2/15/2022,752.7836304,754.6751803,720.9185131,730.3762033,18880659
2/16/2022,741.1434326,754.2386967,737.6028967,752.4441842,10549784
2/17/2022,727.854187,744.247542,723.9256195,743.5200273,16683808
2/18/2022,726.4476318,734.1107504,723.198031,724.4590445,8945567
2/21/2022,731.8312378,740.0279146,717.8144439,723.8770659,10967164
2/22/2022,728.7756958,736.9723731,715.6319424,716.2624788,13156371
2/23/2022,722.2766113,733.7228906,720.4336095,731.9768079,11624282
2/24/2022,686.1918335,705.3011707,681.2446984,691.5269409,28023104
2/25/2022,708.1627808,717.1354619,698.6566007,703.2157046,16935750
2/28/2022,720.4334717,722.4219998,693.951952,701.2755872,20547432
3/2/2022,693.418396,703.2156282,686.5312814,695.5039615,25252492
3/3/2022,677.364624,700.3056095,672.660053,696.0859891,23190595
3/4/2022,667.421936,685.3672976,664.4633883,670.2835055,18697223
3/7/2022,634.1502686,647.0030273,622.8980657,643.607959,27799873
3/8/2022,645.0629883,649.379587,623.7225586,624.0135526,26716975
3/9/2022,647.4395142,654.2781397,638.2728182,644.7719606,33728639
3/10/2022,656.3151855,679.9836856,653.4536753,673.1450598,35959638
3/11/2022,657.5762939,664.1724152,650.4951037,654.4237303,20546724
3/14/2022,675.2791138,677.5101468,656.9457211,657.770214,24648981
3/15/2022,676.4431763,686.8708875,667.3735163,680.4687815,27714580
3/16/2022,686.7738647,690.071955,680.2262326,685.7068669,14621688
3/17/2022,698.5110474,703.2641668,694.7280067,696.2800143,18329844
3/21/2022,689.4414063,701.2271677,684.3488035,699.3841068,12866839
3/22/2022,696.6680298,699.3840726,678.528653,687.4043552,11761758
3/23/2022,696.7650146,705.0101806,692.8364474,703.2641573,7140403
3/24/2022,683.0878296,691.3329964,677.0736961,681.3902953,17727969
3/25/2022,678.2861938,684.9308043,675.7641666,683.8638065,15263007
3/28/2022,689.0533447,692.0119516,674.7941051,680.9537054,13806166
3/29/2022,693.8549194,695.4554753,684.6882235,692.8849,11489374
3/30/2022,708.9873657,709.8118587,697.5410868,699.4326369,20154520
3/31/2022,708.4052124,717.7174349,705.9801637,717.7174349,16046383
4/1/2022,714.1769409,716.1654693,701.4211593,703.2642203,12658848
4/4/2022,724.2165527,727.3206271,703.2641547,719.7544866,17192197
4/5/2022,719.5604858,732.8012763,715.8744234,724.4105836,12290391
4/6/2022,719.3665161,722.5676282,710.1513299,710.3453456,13518142
4/7/2022,726.1081543,735.0808355,715.0014181,715.0014181,15087175
4/8/2022,731.685791,733.3348362,721.3065692,727.3691918,15480705
4/11/2022,736.8268433,742.5014933,729.115235,729.7457122,13216391
4/12/2022,740.9493408,745.8479865,727.7570998,734.3047312,14020000
4/13/2022,739.3974609,749.3886513,737.8939424,746.5270815,16119956
4/18/2022,735.0808105,740.0279458,726.738666,728.4846894,17651530
4/19/2022,743.3259277,754.5781894,734.3047583,738.96084,31088359
4/20/2022,732.8982544,746.9150486,731.2007202,743.8109743,15984202
4/21/2022,739.4943237,741.2888953,728.6786421,736.2932713,8953098
4/22/2022,725.2351685,736.0993405,723.5376342,734.3048279,14411607
4/25/2022,729.6486816,739.3488767,721.6945099,725.2351047,35417460
4/26/2022,731.1522827,745.5085611,729.1152652,744.9750622,18727514
4/27/2022,714.6134644,727.5147134,710.5878593,726.5446938,21441480
4/28/2022,724.7501221,729.3577149,712.6248778,716.9414174,18649559
4/29/2022,721.015564,737.1664141,717.9114894,727.6116855,19560317
5/2/2022,718.7844238,721.5004665,709.1812074,710.0542486,10903446
5/4/2022,702.5366821,724.6046276,699.5296451,723.8286238,12212165
5/5/2022,706.9501953,720.724484,704.7191623,708.8902343,9121547
5/6/2022,697.6865845,701.3241579,689.0048974,694.7765257,12455025
5/9/2022,689.0533447,698.4140568,683.3302651,684.154758,13055889
5/10/2022,689.9748535,698.4140349,683.8637426,683.8637426,12797419
5/11/2022,692.7879639,698.2200496,685.949338,696.4740263,13516852
5/12/2022,674.9395142,689.3928275,672.5144656,686.3372426,16685166
5/13/2022,657.0427246,681.3417619,654.7632023,681.3417619,15717043
5/16/2022,662.5233154,670.2349823,655.4906741,656.4122044,9025623
5/17/2022,688.7138672,690.6539063,664.6089055,665.5303767,12765052
5/18/2022,686.1433105,695.504023,684.9307861,690.9934083,11835013
5/19/2022,669.6044922,677.7526802,665.0453884,672.3205351,16661023
5/20/2022,688.2773438,690.5569252,672.9025579,673.9695557,11695528
5/23/2022,689.7323608,704.1856752,686.2403143,688.2773316,17438451
5/24/2022,686.9193726,695.8435051,684.882296,689.7323937,13779981
5/25/2022,691.963501,699.2386484,690.2659666,690.7024873,10457589
5/26/2022,706.6592407,711.0243287,694.0004975,701.3241332,14028733
5/27/2022,717.6204224,718.9784734,709.3267674,711.5578004,8110620
5/30/2022,726.0596313,729.4062106,721.9855374,726.3021362,7628515
5/31/2022,730.2791748,734.0137855,718.2994574,718.7844671,20272212
6/1/2022,730.0852051,732.9467153,721.8885284,725.5745907,10102092
6/2/2022,727.2720947,729.2121337,720.9184791,728.5331082,10949759
6/3/2022,721.9855347,734.3047947,718.9784978,733.4803018,8563791
6/6/2022,724.3620605,728.4361543,717.4263975,718.0084447,9107831
6/7/2022,713.2069702,720.6761336,710.3938895,718.7845834,9938912
6/8/2022,707.6292725,718.7844975,704.6707246,714.5163877,9369224
6/9/2022,710.7817993,712.091302,700.4996161,703.2641481,7444368
6/10/2022,698.4140625,706.4652128,696.4740234,703.0216553,7990818
6/13/2022,667.3734131,681.24468,661.6502744,681.1961909,16622521
6/14/2022,664.9484253,673.8241282,660.243854,661.9413883,13348598
6/15/2022,666.6459351,675.4730893,665.5303889,666.8884399,9199591
6/16/2022,658.1582642,679.0621736,656.0242093,679.0136845,13237239
6/17/2022,666.2578735,671.884034,649.8645794,651.1255929,16335613
6/20/2022,665.3848877,667.1794001,657.2851893,665.4333768,10981042
6/21/2022,675.2305908,686.7738472,667.9554441,669.8469941,13319648
6/22/2022,666.0153809,677.9466684,664.5603516,673.4360539,6838249
6/23/2022,678.1891479,684.8337578,666.4033875,669.5074617,14960412
6/24/2022,692.0604858,693.8065093,685.367327,689.5869477,10856736
6/27/2022,695.8435059,706.9987308,694.6309814,706.9987308,8285225
6/28/2022,689.0048828,695.7950197,685.8038301,689.7323975,8339931
6/29/2022,681.6812134,685.5128023,679.9351901,683.8152682,9570557
6/30/2022,685.9978027,690.5569062,680.1776857,681.6812041,11970404
7/1/2022,682.7967529,685.5612848,673.2905144,682.3602323,9884899
7/4/2022,698.5110474,699.4810669,683.7182494,683.7182494,8303732
7/5/2022,697.8806152,710.199876,696.5710532,701.3726621,11460367
7/6/2022,704.1856079,709.9572353,700.3540194,701.3240388,12163533
7/7/2022,719.7545166,721.6945557,711.0243405,713.8859101,10374018
7/8/2022,733.0437622,734.7897855,722.2280209,728.7756526,9797700
7/11/2022,746.4299927,748.4185208,732.3647102,732.3647102,12440573
7/12/2022,737.1178589,744.4414944,734.9838041,742.4044179,10219829
7/13/2022,730.6186523,741.822365,727.4176,741.822365,8674121
7/14/2022,729.8427124,736.7298273,726.3506066,727.5146419,7044542
7/15/2022,728.6786499,736.2447901,721.8885135,730.667178,6358018
7/18/2022,748.8551025,749.9706487,735.129302,736.4873531,8045363
7/19/2022,757.2457275,758.5552301,744.1504646,744.7809418,12825591
7/20/2022,759.6222534,765.8788911,756.9062106,765.830402,8152179
7/21/2022,762.4354248,765.2969945,756.7122853,761.3684269,8312338
7/22/2022,776.0641479,779.7987588,765.4424218,765.4424218,12267898
7/25/2022,776.8886108,793.2819042,773.2024895,778.925628,21034148
7/26/2022,772.4265137,778.7316404,767.9159585,777.5676052,7374145
7/27/2022,776.5006714,779.7017241,770.8260805,771.1655637,9536564
7/28/2022,790.1778564,791.0508977,781.156687,782.7572428,11124518
7/29/2022,794.0579224,798.7140632,783.7757396,796.0465097,11095993
8/1/2022,798.7141113,800.2661189,792.7969566,796.0950467,7974903
8/2/2022,793.2334595,797.3560424,787.849863,795.4160034,11106772
8/3/2022,800.0720825,803.1761568,787.219324,793.2334568,11073975
8/4/2022,795.6585083,805.0677095,784.1152524,799.2960815,11113742
8/5/2022,813.0703735,815.6894381,798.4230433,798.4230433,16056522
8/8/2022,816.7297974,821.9505207,811.0699338,816.3882174,12142951
8/10/2022,828.2446289,832.3919511,821.8041054,821.8041054,23658553
8/11/2022,838.9301758,845.5658799,837.3687951,839.2716962,22787391
8/12/2022,853.2750854,856.0562075,837.7591953,843.0775388,10792853
8/16/2022,858.0078735,863.1310368,855.2267516,860.1547348,13804836
8/17/2022,861.9111938,864.1068352,857.1783909,860.4962131,9058040
8/18/2022,863.7164917,866.2049329,853.9093056,859.2764289,13137856
8/19/2022,849.3716431,865.4730122,843.4189799,863.6188913,10787199
8/22/2022,831.6601563,846.4441653,829.0741548,844.6388244,13848023
8/23/2022,843.0287476,847.0296703,822.4384744,824.9268561,13254855
8/24/2022,852.2015991,854.2020605,836.3441891,836.3441891,10494109
8/25/2022,851.2745361,860.1547215,845.7610724,852.2015966,9827829
8/26/2022,849.81073,856.3000935,846.3465079,853.0310515,5976725
8/29/2022,835.1731567,840.1987597,826.5369912,829.5132931,7755134
8/30/2022,865.8633423,869.2300042,838.3446258,839.7108264,12544701
9/1/2022,853.2261963,864.3020227,842.1504294,842.1504294,15877583
9/2/2022,851.3233643,860.0083099,846.0538012,852.9822456,8401284
9/5/2022,861.1305542,864.4972162,850.4938678,850.4938678,8744999
9/6/2022,862.3015137,868.4492971,856.885551,861.1792732,9879326
9/7/2022,855.0315552,861.325739,851.420933,857.3247568,8814960
9/8/2022,877.0855713,879.0372526,864.1069025,864.1069025,12163106
9/9/2022,879.4763184,889.9178244,876.0120962,888.1613233,9936230
9/12/2022,885.2825928,886.9415337,880.9888704,883.1845117,6016978
9/13/2022,888.0149536,891.8695359,883.4284908,891.8695359,10400475
9/14/2022,895.9191895,899.9689516,876.3535982,876.5487783,14712947
9/15/2022,895.4313354,914.021147,893.6260541,897.7733768,16253099
9/16/2022,887.1365967,895.4312411,883.3308544,892.7965194,11966860
9/19/2022,877.4758301,890.4544974,873.7188082,883.0869132,11235656
9/20/2022,894.6018677,900.2129511,885.4289422,887.2342831,12090663
9/21/2022,893.1381226,894.8458436,883.7700765,889.9666406,8917640
9/22/2022,881.5744019,889.6738667,873.6700574,884.1115635,11125669
9/23/2022,860.9353638,883.038177,857.5199217,879.9154752,15927517
9/26/2022,840.2474976,856.6904466,838.4422164,848.9812824,14208640
9/27/2022,831.9528809,853.714114,828.0982986,844.053328,12493809
9/28/2022,828.9765625,842.3943703,823.6094394,823.6094394,11411458
9/29/2022,823.5119019,840.7842327,820.7795005,837.2712304,13803629
9/30/2022,841.1746216,846.1026048,817.2665262,823.51193,13175031
10/3/2022,827.8543701,840.1499977,825.2684282,838.9301969,8232026
10/4/2022,846.6880493,851.5672519,839.3204058,844.1020481,8975095
10/6/2022,864.0580444,870.157048,851.9575975,851.9575975,12116698
10/7/2022,861.2280884,863.1309894,851.7136428,856.0073651,9705750
10/10/2022,860.4475098,868.3030152,849.6644823,850.9330632,7357588
10/11/2022,849.5667725,861.9111794,844.5412293,861.9111794,11130051
10/12/2022,847.3711548,850.6402565,840.6866705,846.9808543,14557532
10/13/2022,832.977478,844.5412244,829.9523961,841.5160829,11563124
10/14/2022,849.2252808,862.447909,847.5663398,862.447909,8199540
10/17/2022,863.8141479,866.0585695,847.5663774,850.9330396,8936947
10/18/2022,875.2314453,878.9396276,869.6203619,874.4019451,8097552
10/19/2022,870.5473633,878.8908479,864.1556194,878.3053079,5529462
10/20/2022,867.1807251,871.7183479,858.8372408,868.2053458,8107159
10/21/2022,885.2338257,888.0149476,864.3020329,866.5464543,17022807
10/24/2022,903.9211426,910.9472069,895.4313174,902.6525617,4390050
10/25/2022,902.7012939,920.461604,900.6520526,919.2905834,15838120
10/27/2022,902.0670776,911.1423833,898.0173153,903.6771789,16080842
10/28/2022,885.9168701,905.0921618,879.2323858,895.8216761,9854094
10/31/2022,886.7463989,894.8946444,882.7454166,890.5521417,9000840
11/1/2022,886.6487427,898.7491899,877.8173972,898.7491899,9823761
11/2/2022,882.8429565,898.5051854,880.5496955,898.3587855,7690974
11/3/2022,886.6975708,891.7718942,875.3777843,879.2811466,9022366
11/4/2022,883.4284668,891.3328112,878.4517037,884.4043074,7099336
11/7/2022,895.3338013,897.8709631,881.623252,888.2589565,11100219
11/9/2022,888.5028687,899.6274753,883.8676258,897.7733544,11590409
11/10/2022,888.6980591,890.8937005,882.1111349,885.6241373,10009741
11/11/2022,884.6482544,905.5800465,881.6719526,903.5308051,17921457
11/14/2022,873.3285522,884.6482793,869.7179301,883.1357383,12641308
11/15/2022,889.6738892,891.5767902,877.0855216,878.7932426,15176911
11/16/2022,891.5279541,895.9192368,886.1608308,890.5033334,13008311
11/17/2022,897.578186,900.0177876,888.3564803,890.9424818,12584194
11/18/2022,898.1148682,899.725029,888.5516422,897.5781677,10874061
11/21/2022,899.1394653,902.4572873,891.9670019,891.9670019,9245704
11/22/2022,901.3839722,904.1163139,898.1637101,901.4327523,11256509
11/23/2022,905.043335,909.3369977,901.3839329,904.6041948,10959704
11/24/2022,916.1679077,917.9244684,905.140921,905.140921,10844395
11/25/2022,907.8244629,920.1200897,905.0921212,917.5828685,9815055
11/28/2022,914.7529907,920.9983347,901.6279229,901.676703,9381474
11/29/2022,923.8770752,926.9509969,910.9959675,910.9959675,13096845
11/30/2022,929.87854,935.0504834,918.266013,925.1456773,20858573
12/1/2022,917.4853516,933.8794619,913.6307692,932.9036213,15920653
12/2/2022,908.1172485,911.9230507,903.7259658,905.8240469,14228874
12/5/2022,911.0447388,914.3626206,905.9704154,914.3626206,10984608
12/6/2022,900.359375,907.2878196,897.9685536,902.6525766,18220912
12/7/2022,899.8713989,910.6544252,898.4076381,899.724999,15675663
12/8/2022,909.3858643,910.9959655,901.4815198,902.6525404,10136870
12/9/2022,907.4342041,912.2157873,902.7013414,909.4834456,9575331
12/12/2022,907.8244629,911.3375247,902.7012999,902.7012999,8493863
12/13/2022,910.4104614,913.289203,905.3848587,907.0437996,10415140
12/14/2022,899.4810181,913.4355259,897.7732971,913.3867458,12319827
12/15/2022,886.8439331,897.6757996,883.1357507,893.8699974,8929748
12/16/2022,880.208252,891.6255993,877.9150503,883.6236942,9157260
12/19/2022,884.5507202,888.600423,879.378777,886.0632612,7015083
12/20/2022,887.722168,890.4057295,874.0604001,884.111546,6384331
12/21/2022,870.6937866,893.7236013,865.5706234,888.2589176,11341147
12/22/2022,869.1324463,882.0134944,864.9362841,878.7444523,9788367
12/23/2022,857.6663208,868.1566072,854.1532589,861.7160235,11059215
12/26/2022,871.6208496,875.329032,854.1044987,859.8131424,6943159
12/27/2022,878.8908691,880.9401106,866.7416416,876.0121274,4994381
12/28/2022,877.2319336,882.1111367,874.1580118,874.3531919,8980300
12/29/2022,886.1119995,901.042348,867.8637693,876.2072537,11994220
12/30/2022,869.3275757,886.5511861,867.0831542,886.5511861,9688527
1/2/2023,880.6473389,885.0874016,872.4014741,872.4014741,4315403
1/3/2023,879.5739136,884.0628161,875.0850706,876.7927916,5846855
1/4/2023,877.3782349,885.9656795,873.1821323,877.2806746,12454582
1/5/2023,857.9103394,881.1841153,850.9330548,879.1348737,16547196
1/6/2023,849.0788574,857.7150822,839.7108118,857.7150822,14804613
1/9/2023,852.2503052,857.5198679,841.4672792,853.1285855,16811853
1/10/2023,840.5402832,857.1784132,835.9050403,854.2508914,13470142
1/11/2023,845.3707275,849.8107905,834.1973404,842.0529051,15558460
1/12/2023,839.8572388,848.3470044,834.2949354,844.5900419,16659001
1/13/2023,852.3480225,853.7630033,837.5640129,843.8094168,11223103
1/16/2023,844.3461304,856.2513983,840.2475877,856.0562183,8319812
1/17/2023,844.2484741,846.9808157,837.3687506,846.0049752,12624859
1/18/2023,848.4934082,850.9330097,837.9055614,843.565425,11313898
1/19/2023,845.2244263,849.5180895,841.1746636,847.0297077,6694679
1/20/2023,849.322876,855.3243197,844.6388528,852.3967978,8127162
1/23/2023,850.6401978,861.959924,843.7116943,860.6913433,16882379
1/24/2023,849.7131958,860.3986622,847.0296342,857.7638807,11504090
1/25/2023,834.6364136,855.6169855,827.5127894,852.2015435,14918485
1/27/2023,797.4570313,822.6337094,793.4560486,818.8767465,39718683
1/30/2023,803.6046753,806.2882367,776.7690608,780.6724229,36301441
1/31/2023,811.8018188,818.047163,794.4318085,806.0443355,27291226
2/1/2023,827.4640503,854.0557067,803.2632153,823.0727676,39237711
2/2/2023,837.173645,839.8083669,806.1418674,808.3863483,16798190
2/3/2023,842.9310913,851.5673163,831.5137445,843.7605915,14914366
2/6/2023,833.0750732,846.8344009,829.122931,840.6866175,8463833
2/7/2023,832.1480713,835.3195532,826.7321679,834.3437126,9337066
2/8/2023,838.3446045,839.9059851,831.3186001,831.9040806,8082983
2/9/2023,840.0036011,844.0045834,831.0258554,837.7591795,6299265
2/10/2023,833.2214966,841.0770613,831.4162152,834.8804376,8656405
2/13/2023,830.0988159,838.5398012,828.8301755,832.7823775,9394365
2/14/2023,844.3948364,846.3465176,831.5137289,833.2702896,13402934
2/15/2023,849.7619629,852.1527842,839.8083771,845.4683001,12070288
2/16/2023,848.4446411,856.5928865,843.9557385,854.7876052,10715685
2/17/2023,841.8088989,846.590482,834.4900946,846.590482,9990618
2/20/2023,831.5137329,845.6146412,829.7084517,841.8088987,9013430
2/21/2023,833.5630493,838.6862124,826.3905852,833.7582293,11704445
2/22/2023,818.9742432,833.4654526,814.5829604,830.6843306,13880984
2/23/2023,819.4621582,824.048621,813.4119345,816.3394563,11743574
2/24/2023,819.4133301,825.1707536,815.3635679,823.5606525,8246139
2/27/2023,835.7099609,837.5640224,813.4119662,813.4119662,14422574
2/28/2023,834.1973267,837.2712484,829.4645235,834.2461663,19600146
3/1/2023,835.6123047,843.1262893,831.269802,843.1262893,11015843
3/2/2023,833.3679199,841.0282452,830.5379582,832.3920793,12327141
3/3/2023,847.5664063,851.9089092,829.3181737,836.0514982,12823098
3/6/2023,846.7857056,855.6658315,844.4436642,850.6890681,13904231
3/8/2023,851.0305786,852.5431792,840.6866919,845.7122949,16144568
3/9/2023,835.270752,848.7861201,833.5142508,846.2489584,10624440
3/10/2023,822.2921143,824.9268363,816.0467105,824.2925756,17273189
3/13/2023,808.3863525,834.6364282,804.0438501,821.1210601,16413159
3/14/2023,810.2892456,814.2902279,798.4815978,807.0202033,15456802
3/15/2023,805.9467773,823.5606883,802.3361552,816.2418838,12914488
3/16/2023,803.9951172,811.2163021,790.7236489,809.6549809,14987868
3/17/2023,816.0466919,818.144773,798.8719214,811.7041894,11104490
3/20/2023,816.2418823,817.5592433,805.0684955,816.7785827,14838651
3/21/2023,831.8065796,833.8558211,818.7790714,822.6336538,18755854
3/22/2023,839.4180908,841.7112924,830.4403454,836.9297092,17431520
3/23/2023,834.7828369,846.4929239,832.1968356,836.2953779,17920621
3/24/2023,831.8065796,839.2229446,828.6350975,831.9041398,17295696
3/27/2023,828.1959229,835.7099073,823.6582403,834.2949266,17047675
3/28/2023,834.0997925,838.149555,827.7080482,834.8804531,24469018
3/29/2023,830.4403076,841.2721139,827.512786,836.344131,34881515
3/31/2023,856.0561523,859.7155545,837.7591414,841.1258033,25739021
4/3/2023,862.447876,865.6681379,847.8590477,858.9348738,26416933
4/5/2023,863.2285156,866.3024371,852.8846298,865.1801967,21068934
4/6/2023,853.8605347,868.5957041,851.6161132,860.6914189,26042745
4/10/2023,847.46875,861.4720383,843.5166076,858.7884767,30906205
4/11/2023,860.5938721,864.2044347,844.1021417,852.591967,39504022
4/12/2023,868.6445313,870.4498125,859.0324656,862.1063873,22686032
4/13/2023,877.2807007,879.8667021,865.0826932,869.5715361,34439635
4/17/2023,879.5251465,895.1385965,871.5720811,895.1385965,29957514
4/18/2023,875.1825562,886.0144218,872.4989947,886.0144218,26699379
4/19/2023,870.3522339,875.2314368,865.8145514,874.2555962,24377956
4/20/2023,872.7918701,877.5734534,867.717487,870.693789,16999919
4/21/2023,864.2532349,878.9396237,861.081753,872.9381803,29578071
4/24/2023,882.8917847,884.5995057,873.3773388,883.1357448,30881665
4/25/2023,891.3816528,893.8700346,881.2816664,884.4043684,41383839
4/26/2023,892.8453979,894.7970792,883.8676522,889.4299557,30371555
4/27/2023,896.163208,897.6758086,886.5999819,887.5270424,25835108
4/28/2023,895.4801636,898.2125054,888.2589192,892.9917224,20381002
5/2/2023,899.8225708,903.4331928,896.5047486,901.6766917,17515017
5/3/2023,900.5544434,901.5302839,889.5274569,897.3341814,18715142
5/4/2023,899.432312,901.5791733,889.771466,897.773371,20485002
5/5/2023,904.5554199,919.6809486,901.139978,902.6525189,19002035
5/8/2023,915.2409058,918.9490881,904.6042196,904.6042196,18623913
5/9/2023,911.8255005,922.1693873,909.2882791,918.2660248,21507610
5/10/2023,913.4355469,918.2659696,905.8240024,912.0205661,25910923
5/11/2023,916.5094604,924.1210049,911.2886777,917.3389011,20027372
5/12/2023,921.0959473,925.0968698,912.5085025,917.046185,13873480
5/15/2023,922.9012451,926.0727271,915.5336605,920.9495639,10453762
5/16/2023,923.4866943,929.1953974,920.2176523,927.0485362,19612293
5/17/2023,916.6558838,925.4872893,913.1916614,924.4138288,19273344
5/18/2023,923.6331177,929.2442011,919.3393953,925.0480984,21550141
5/19/2023,931.2446899,932.9036309,918.8515022,928.463568,15427412
5/22/2023,927.3901367,931.1959391,923.2916536,928.0732371,15509525
5/23/2023,930.3664551,935.6847387,922.1693702,929.0002544,16579935
5/24/2023,917.9244385,930.8054861,915.8263575,923.8282619,18049620
5/25/2023,917.1437378,918.8514588,910.4104736,914.362616,19328582
5/26/2023,927.7316284,929.4393494,912.9476202,917.0949425,10957182
5/29/2023,925.2432861,934.4649321,923.9258656,930.8055299,12108079
5/30/2023,926.9998169,929.2930185,921.8278735,922.5109143,18483624
5/31/2023,926.2191162,929.0002381,917.7780713,926.5606366,27254425
6/1/2023,913.484375,931.195906,910.2641129,931.195906,21650700
6/2/2023,915.4848633,921.827827,912.4597217,920.2176663,12494376
6/5/2023,923.8770752,928.8050582,920.217673,920.217673,10751684
6/6/2023,919.3394165,924.9017199,915.4360541,923.633139,11894330
6/7/2023,917.4853516,922.9988153,911.2399478,921.5350543,16486469
6/8/2023,915.2409058,927.5364733,912.6061243,913.9722654,17608140
6/9/2023,915.3872681,921.1935316,913.5819868,918.6563698,12253128
6/12/2023,913.3380127,920.7055972,910.7520113,915.338474,10520125
6/13/2023,920.7543945,923.3891761,911.5326889,913.2892496,13528776
6/14/2023,917.0949707,924.0722547,913.6307485,923.1939744,13489262
6/15/2023,904.2138672,920.1688966,902.0182259,917.9732552,19366819
6/16/2023,911.6303101,915.0945323,904.6042458,906.8486672,11249387
6/19/2023,900.84729,911.3863568,896.5047874,910.9472166,19351375
6/20/2023,903.18927,906.1167919,892.6989834,898.700427,15212286
6/21/2023,902.3598022,905.9704243,897.7733396,905.5800643,9210553
6/22/2023,903.3844604,912.9476867,898.4564772,902.0670994,27291569
6/23/2023,901.1887817,909.3858665,896.7974991,903.6771633,8767733
6/26/2023,905.043335,909.2882176,900.8960126,904.701755,11749040
6/27/2023,913.484375,917.2413971,899.9202262,907.5317711,13422726
6/28/2023,914.8017578,921.1935017,911.7278362,921.1935017,25708001
6/30/2023,912.0205688,919.4369929,908.1660463,917.778052,13843218
7/3/2023,919.7785034,922.9012051,913.87468,914.3626002,12350359
7/4/2023,921.8765869,928.3171108,919.2418055,924.3649684,14041699
7/5/2023,934.8552856,941.4422096,918.2659956,919.2906163,13817767
7/6/2023,936.2214966,940.6127793,930.9519335,931.6350338,16334427
7/7/2023,923.5355225,931.9765075,920.9983013,929.9760463,8593807
7/10/2023,925.4872437,929.8785263,918.6075198,923.1452024,12069184
7/11/2023,922.1205444,929.6833087,919.1442427,925.4872063,16977595
7/12/2023,921.5839233,928.1708477,918.5100015,925.4872859,21511161
7/13/2023,932.6108398,936.0750619,919.4369922,924.8041153,23222286
7/14/2023,936.8557739,941.6861969,928.3659486,936.5630337,12871569
7/17/2023,945.296875,950.2736386,929.8297645,939.637011,16290763
7/18/2023,951.883728,964.0817356,947.6876253,954.3721097,29709508
7/19/2023,949.9320068,956.3237506,944.1745237,956.3237506,15994261
7/20/2023,971.546875,974.0353162,948.614621,952.4692032,26487838
7/21/2023,972.9130249,977.2555272,964.9111205,971.2540841,16903003
7/24/2023,968.0338135,984.3303624,966.1796926,980.6709604,21687719
7/25/2023,970.6686401,974.8647427,964.3744565,974.8647427,29325327
7/26/2023,972.3764038,973.6449847,966.0822199,969.107302,12780537
7/27/2023,966.3261719,982.1835819,963.3498699,978.3289996,25932395
7/28/2023,972.1324463,974.5720479,953.4450744,964.1305412,12584130
7/31/2023,974.1816406,975.255101,964.7159751,971.9372192,14303116
8/1/2023,970.5222778,979.4512433,966.5213551,977.450782,15508569
8/2/2023,963.105896,970.0831206,953.8841904,961.4469551,15787996
8/3/2023,941.6862183,959.2513498,936.8557952,952.9571657,30994707
8/4/2023,947.0533447,952.4204683,938.0268188,945.2480634,20582882
8/7/2023,952.0789185,957.7875622,944.808894,947.4924557,16686062
8/8/2023,956.2261963,962.7642804,948.8097722,952.1764341,23784778
8/9/2023,957.0133057,959.5713515,948.0600251,959.22702,19317331
8/10/2023,948.552002,957.9480378,943.9770282,955.8818683,24858441
8/11/2023,937.4833984,947.9616703,934.6793843,947.863307,17162177
8/14/2023,944.0753174,947.3713279,930.7438504,933.6954693,19026691
8/16/2023,941.074585,944.3213541,931.3342176,939.0576572,17930805
8/17/2023,936.3027954,942.3535785,931.1866436,941.5173105,27077611
8/18/2023,935.3189087,939.5987323,930.7438751,932.6132579,13257508
8/21/2023,939.7955322,943.8293876,933.1052076,935.3681036,13358017
8/22/2023,936.6471558,941.5173394,933.9906865,940.9762213,16872719
8/23/2023,951.2576294,952.4382891,934.5317876,938.6148848,14707331
8/24/2023,953.3237915,966.5568959,951.1592588,956.8165288,28389740
8/25/2023,954.7504272,956.9148999,944.7149102,947.420561,10275758
8/28/2023,954.8979492,959.2761962,949.4866476,954.3076494,10481574
8/29/2023,952.1431274,961.4899213,950.0770181,957.6036108,13209913
8/30/2023,943.4359131,960.1617553,939.9923573,954.7996351,13936165
8/31/2023,943.288269,950.6181351,938.6640538,944.5181103,36675400
9/1/2023,953.0778809,957.3577048,937.4342746,941.4681903,16268147
9/4/2023,951.7495728,953.422169,945.059248,953.0778374,9512956
9/5/2023,952.7826538,954.3568266,946.7318107,948.5519518,16623486
9/6/2023,942.0584717,953.8649486,935.4665101,947.0270187,30802100
9/7/2023,950.0770264,953.8649136,939.3036046,941.9600738,13462347
9/8/2023,954.8979492,959.2761962,945.7479421,951.8971485,13086915
9/11/2023,962.4737549,966.1632786,953.7172612,959.226986,7894110
9/12/2023,974.5262451,979.1012788,966.8028658,974.1326719,20959591
9/13/2023,973.8374634,978.8060099,964.7366383,973.8374634,21997553
9/14/2023,971.7714233,976.8875752,966.4093032,976.2972153,11464188
9/15/2023,976.4448242,981.4133711,972.6568769,974.3786548,13307980
9/18/2023,974.2310791,980.1834989,971.3778233,974.1326558,16713222
9/20/2023,971.2302856,979.9375379,964.8351109,965.7205606,25741856
9/21/2023,943.8294067,966.6552736,942.0092656,964.1464093,19742813
9/22/2023,934.9745483,945.4036387,932.1213525,941.0745733,12701888
9/25/2023,940.9269409,945.6987611,926.3164506,934.9745211,8997098
9/26/2023,933.4003906,943.4850896,931.8261577,943.4850896,10521409
9/27/2023,927.890625,931.2358173,919.3309777,931.0390307,15152973
9/28/2023,927.3987427,931.9737765,919.675363,930.2519986,25991282
9/29/2023,936.5487671,940.5826225,928.4809962,931.4326153,10447334
10/3/2023,925.1358032,936.2535565,923.8567803,936.2535565,11131636
10/4/2023,915.0510864,920.4132064,910.0825397,919.9212699,17334739
10/5/2023,925.6768799,928.7269222,919.478492,920.1180335,10478856
10/6/2023,929.9568481,931.2850528,922.87295,930.7439346,6355755
10/9/2023,923.4632568,926.857631,921.2003607,925.0866715,6725306
10/10/2023,935.8600464,942.0584345,925.1849879,925.2342296,11452715
10/11/2023,937.7293701,946.5350458,935.4172925,939.5003896,12233117
10/12/2023,938.8608398,944.6164731,933.1052066,937.4833936,7836818
10/13/2023,935.958374,941.9600354,929.3172313,934.6301695,6650442
10/16/2023,936.0568237,939.4511376,930.8914903,933.2035679,5763024
10/17/2023,938.5164795,945.4527721,936.1551603,939.992289,7747527
10/18/2023,928.5302124,935.3189606,923.9551786,933.8923327,12000153
10/19/2023,920.6591797,929.7600051,918.9374019,920.9051479,8612676
10/20/2023,917.7075806,924.8406601,915.0019297,916.9696758,6586576
10/23/2023,914.9527588,929.5632496,910.4761484,926.8084171,11856890
10/25/2023,901.3260498,918.7406143,896.7018947,911.1155984,12593434
10/26/2023,893.9962769,901.8180196,884.5018778,899.5551236,21693345
10/27/2023,898.0301514,903.34309,896.6035234,901.2277389,8645505
10/30/2023,909.9841919,911.3615781,893.5535002,894.4389499,7687791
10/31/2023,900.5881348,915.9857714,899.3582935,914.3131753,17211107
11/1/2023,899.309082,902.8018191,894.6356854,899.0631138,12927203
11/2/2023,905.1140137,909.8857739,898.0792974,905.212377,9747311
11/3/2023,918.7406616,919.4293848,911.8535501,913.575328,7146961
11/6/2023,930.2027588,932.4656547,922.282593,925.8245118,10338367
11/7/2023,932.8099976,935.1221352,915.4446746,928.3825689,15704942
11/8/2023,920.6591797,933.1543791,919.0357652,933.1543791,17606074
11/9/2023,922.2333374,927.1527024,917.9535139,918.9373869,9406117
11/10/2023,923.4632568,926.2673312,917.3632917,919.8229744,9560455
11/13/2023,919.380188,925.7261812,916.969687,925.7261812,11470096
11/15/2023,925.9229126,929.1697417,923.6108349,929.1697417,19492138
11/16/2023,920.9051514,930.9406682,918.9374053,923.8567704,19706373
11/17/2023,906.9833374,923.2664842,905.3108013,911.6075527,10956653
11/20/2023,906.5898438,911.804359,902.7035332,907.1309619,10562301
11/21/2023,911.1647949,913.0833594,907.1309395,909.4922588,8989572
11/22/2023,907.8688354,910.2793364,899.9978512,908.360772,12197979
11/23/2023,908.1148071,910.4268847,903.6873785,908.1148071,5534614
11/24/2023,914.4116211,915.3954941,905.3599772,906.6390001,7452002
11/28/2023,910.5745239,916.0350074,906.8358183,913.9197164,14231987
11/29/2023,924.4470825,925.9228921,911.0664332,915.8874351,11680078
11/30/2023,919.8721313,925.6769464,913.2309882,923.8076236,23950292
12/1/2023,931.4326172,936.6471323,917.9535446,920.855982,16986046
12/4/2023,975.2149658,978.8060664,945.8955613,948.1584573,33131257
12/5/2023,997.1062012,999.3690973,979.0029122,986.3327788,31378461
12/6/2023,987.0706177,999.8609671,984.1189986,997.6472528,18786590
12/7/2023,982.8891602,986.0375659,972.2141618,980.2818726,11841945
12/8/2023,994.5480347,996.5157807,977.2318933,978.4617345,16116363
12/11/2023,1000.697266,1003.550522,988.4480941,990.858535,11714606
12/12/2023,999.3198242,1004.534339,992.3342898,1000.69721,12380856
12/13/2023,997.5488892,1004.239214,992.9246739,998.4343389,15887040
12/14/2023,1016.980347,1023.227916,1004.780298,1005.764171,16317672
12/15/2023,1020.669922,1026.86825,1009.158535,1026.819128,14306067
12/18/2023,1004.977112,1013.339972,1001.582738,1013.339972,8592711
12/19/2023,999.0739136,1008.961826,996.2698393,1008.961826,10094256
12/20/2023,990.4158325,1005.51826,985.8407988,1005.51826,16490281
12/21/2023,988.2020874,994.597262,973.2472055,980.4786481,18064916
12/22/2023,978.2649536,993.2690175,975.6084844,986.7754794,20881976
12/26/2023,979.052063,981.4133824,973.9359711,978.8553364,14339699
12/27/2023,986.086792,988.6940797,976.0020929,981.8561498,12996468
12/28/2023,989.6779175,995.3843691,982.9875328,991.7440268,24915990
12/29/2023,980.527832,992.2851267,977.6746363,987.8576981,12280140
1/1/2024,983.2827148,988.6447747,975.0181575,975.5592756,7683792
1/2/2024,966.4093018,981.5609707,964.4415557,980.9214292,16263825
1/3/2024,968.1802368,972.0665473,959.3745612,968.8197783,16826752
1/4/2024,971.2302856,973.1980317,966.0649522,970.4923809,22789140
1/5/2024,977.6746216,982.2004134,967.9342548,972.0665334,14875499
1/8/2024,966.1633301,982.1020854,964.4907339,977.9698066,8393164
1/9/2024,963.949585,978.9536484,959.6697614,970.3447595,14660414
1/10/2024,977.0350952,978.904478,958.587476,958.587476,9409181
1/11/2024,975.1657715,982.3972142,970.9350694,979.2488085,6451345
1/12/2024,987.3165894,992.4327411,975.7560812,978.756882,12255743
1/15/2024,993.5641479,995.3351674,983.1351179,987.3165783,12388044
1/16/2024,992.7770996,999.4182428,988.3988525,989.8746621,11505126
1/17/2024,965.9173584,991.5472391,960.9979932,971.9682016,41914771
1/18/2024,970.4431152,978.2649176,954.5044206,958.243126,17902484
1/19/2024,983.0859375,994.5972639,971.6237928,975.3133166,23271148
1/23/2024,1012.45459,1042.315112,1004.731151,1042.019902,50797448
1/24/2024,983.0859375,1019.243211,980.5770733,1012.848036,34578943
1/25/2024,993.6625977,998.7295078,972.2141772,982.298876,28315035
1/29/2024,1000.008545,1015.35694,993.7117337,1003.550464,14078922
1/30/2024,1000.500549,1007.338419,991.744055,998.5819848,16085742
1/31/2024,1011.569092,1022.24409,987.070629,1000.402097,25627447
2/1/2024,1008.617493,1017.275504,1000.992476,1017.275504,13058880
2/2/2024,1007.485962,1033.06666,1005.173884,1020.374674,14774650
2/5/2024,1006.99408,1009.896457,995.7779027,1006.010207,12948430
2/6/2024,1009.84729,1018.210211,1000.30371,1007.043216,12886927
2/7/2024,1005.665833,1014.914263,996.6633704,1011.421466,16410895
2/8/2024,973.3455811,1011.667448,969.3609073,1007.584351,20565502
2/9/2024,994.4005127,997.4013135,969.6068996,972.9028503,12799837
2/12/2024,980.0358887,995.8762803,969.3608905,994.1053209,8050066
2/13/2024,1003.353699,1010.486838,984.1681747,989.776263,18706292
2/14/2024,1006.20697,1018.99726,991.3012696,993.2690157,17878720
2/15/2024,1000.254517,1010.093247,990.3665448,1006.354481,10069878
2/16/2024,1006.748108,1009.650485,1000.500538,1006.698926,7159395
2/19/2024,1026.91748,1029.131195,1006.846447,1006.846447,9388255
2/20/2024,1031.836792,1035.673921,1016.586761,1024.261018,11293528
2/21/2024,1034.985107,1046.840825,1031.098857,1039.756987,15946325
2/22/2024,1045.56189,1048.808719,1023.523228,1038.969988,13432573
2/23/2024,1044.18457,1052.744218,1040.593409,1052.744218,13142759
2/26/2024,1037.198853,1045.16832,1033.558571,1036.116616,7875941
2/27/2024,1043.102173,1049.005411,1029.62316,1033.80462,10580973
2/28/2024,1029.327881,1047.677136,1025.343267,1045.856995,7730332
2/29/2024,1035.231201,1043.594122,1021.752188,1026.228859,20944844
3/1/2024,1069.371582,1072.372323,1037.002136,1037.986009,14909562
3/4/2024,1074.733643,1077.34093,1062.681198,1063.566708,11424581
3/5/2024,1070.503174,1081.768473,1059.139391,1068.682913,9222544
3/6/2024,1079.407104,1095.591888,1062.878109,1062.878109,21796484
3/7/2024,1070.404663,1077.341016,1065.239329,1077.291775,9963926
3/11/2024,1061.303711,1070.404536,1059.385207,1070.404536,13310362
3/12/2024,1059.483643,1077.144235,1038.625582,1059.680489,21785435
3/13/2024,1066.469116,1072.077265,1055.84336,1059.778852,24855870
3/14/2024,1066.124756,1079.407041,1057.712714,1062.582837,14231421
3/15/2024,1062.927246,1068.732121,1052.744184,1054.71193,66192734
3/18/2024,1063.76355,1067.305589,1042.95473,1057.712826,8769440
3/19/2024,1066.469116,1071.191755,1057.909469,1061.057815,16708715
3/20/2024,1067.010376,1072.421678,1050.284533,1062.582947,18725251
3/21/2024,1064.353882,1082.260323,1061.746594,1074.389339,19992607
3/22/2024,1072.716797,1076.061869,1061.303774,1063.714335,17214415
3/26/2024,1066.223145,1071.585325,1059.582002,1063.566735,13367635
3/27/2024,1066.272461,1074.88135,1062.140242,1066.223219,26907245
3/28/2024,1075.668457,1087.228965,1067.502263,1067.502263,22070566
4/1/2024,1081.916016,1085.162725,1076.799804,1078.374097,10848191
4/2/2024,1063.76355,1076.799868,1061.845045,1076.799868,14380396
4/3/2024,1059.827881,1066.173933,1054.957758,1057.663408,15477184
4/4/2024,1061.451416,1068.289406,1046.299747,1067.256291,21419689
4/5/2024,1065.928101,1068.486147,1050.235253,1052.744178,15340637
4/8/2024,1069.617554,1074.143345,1058.942556,1060.959423,8023461
4/9/2024,1089.196655,1097.264366,1070.749036,1074.340077,12298463
4/10/2024,1091.508789,1098.543505,1087.327329,1093.03372,10598000
4/12/2024,1086.589355,1093.919161,1078.128072,1085.703846,12216657
4/15/2024,1060.959473,1088.311191,1059.237695,1082.457075,10526597
4/16/2024,1049.841797,1057.269966,1045.561853,1053.285353,11278092
4/18/2024,1038.428833,1060.664462,1033.509467,1056.679727,16564216
4/19/2024,1050.038574,1054.711971,1031.19738,1035.969141,11284433
4/22/2024,1069.125732,1071.1426,1053.088553,1061.402353,10346714
4/23/2024,1072.667603,1082.260365,1065.239313,1082.260365,9848215
4/24/2024,1079.062744,1080.686159,1071.437728,1074.635316,5461309
4/25/2024,1095.788574,1107.496687,1072.372348,1072.42159,19905338
4/26/2024,1090.032959,1101.937799,1084.965989,1094.214419,14190059
4/29/2024,1141.440308,1144.687017,1090.032942,1090.131306,28578063
4/30/2024,1131.847534,1150.688726,1128.256374,1141.243449,29568491
5/2/2024,1121.074097,1136.865307,1114.974132,1124.566894,25118334
5/3/2024,1123.632324,1138.734752,1117.138666,1122.894419,19933604
5/6/2024,1127.813721,1139.767682,1119.74589,1123.140324,14970524
5/7/2024,1113.645874,1134.159602,1108.136209,1129.436964,15097728
5/8/2024,1104.889526,1113.744385,1098.051656,1108.382324,19913090
5/9/2024,1097.707153,1110.645108,1092.099125,1102.479034,12229853
5/10/2024,1099.0354,1110.694272,1094.116035,1099.970032,8573656
5/13/2024,1109.808838,1112.416126,1088.852293,1094.460442,9707983
5/14/2024,1102.479004,1109.710447,1100.511258,1107.742701,8944262
5/15/2024,1106.217651,1109.612085,1095.542653,1104.003937,10743423
5/16/2024,1112.809692,1118.220994,1094.854009,1114.728197,14265565
5/17/2024,1112.268433,1125.550718,1102.528066,1112.809611,8641784
5/21/2024,1102.872437,1115.515301,1098.248281,1104.102278,10452900
5/22/2024,1093.181274,1107.742643,1080.390925,1106.857133,17527411
5/23/2024,1116.203979,1118.663662,1093.476536,1097.559633,13787687
5/24/2024,1113.695068,1116.695929,1106.020931,1111.776564,6312670
5/27/2024,1111.579834,1129.289549,1103.462881,1113.645943,11599857
5/28/2024,1108.775635,1116.892587,1106.85713,1114.236178,9311718
5/29/2024,1084.228149,1105.430663,1080.784594,1097.067741,19268547
5/30/2024,1095.73938,1102.921701,1079.210385,1079.308748,15255387
5/31/2024,1102.970947,1112.366863,1093.328943,1099.970086,26197718
6/3/2024,1141.292725,1154.083074,1117.974982,1151.131455,25699977
6/4/2024,1054.170654,1140.702355,1036.559424,1139.226545,43476837
6/5/2024,1090.770874,1105.135396,1034.099811,1067.502253,42172104
6/6/2024,1092.492676,1099.970087,1078.915179,1099.970087,18574162
6/7/2024,1103.610352,1110.10401,1085.802273,1092.492658,17197635
6/10/2024,1105.676514,1114.924824,1097.116747,1098.002256,10851455
6/11/2024,1100.16687,1110.84199,1093.083032,1101.691921,12250002
6/12/2024,1101.495117,1115.121735,1094.066828,1102.921685,16096514
6/13/2024,1089.491699,1105.086062,1087.179622,1104.102189,12494254
6/14/2024,1087.819214,1096.034529,1081.719129,1096.034529,11377979
6/18/2024,1104.741821,1116.745144,1083.440946,1095.985327,18306176
6/19/2024,1125.993408,1146.753225,1107.988604,1109.759504,34309514
6/20/2024,1138.144287,1141.292633,1117.187745,1135.438636,15475933
6/21/2024,1139.964478,1151.033049,1132.093494,1144.785479,69259425
6/24/2024,1151.229736,1156.690279,1134.061201,1136.028947,12210295
6/25/2024,1178.630615,1186.550841,1148.819335,1151.377381,27309845
6/26/2024,1198.357422,1203.129182,1174.596863,1182.615452,25403461
6/27/2024,1200.226685,1215.083143,1189.600808,1208.540363,20516632
6/28/2024,1180.25415,1207.212297,1177.056563,1207.212297,12507092
7/1/2024,1192.306519,1195.750074,1172.825904,1180.254074,8636894
7/2/2024,1171.39917,1197.373441,1166.430683,1197.373441,16153925
7/3/2024,1182.221802,1196.241992,1160.42899,1177.548405,22330897
7/4/2024,1213.115479,1215.033983,1194.7171,1209.179986,15275791
7/5/2024,1213.509033,1222.560617,1201.161378,1205.244476,9535575
7/8/2024,1215.132446,1219.510633,1197.275127,1209.081603,6617190
7/9/2024,1228.119507,1230.038011,1209.475161,1215.033948,13366874
7/10/2024,1223.150879,1232.546914,1216.411373,1232.546914,18226503
7/11/2024,1218.477539,1237.515579,1205.293736,1226.25016,11307116
7/12/2024,1213.01709,1232.694551,1210.262197,1215.968709,12208290
7/15/2024,1210.114624,1218.477545,1204.309869,1213.213848,15612671
7/16/2024,1219.904175,1224.921903,1209.179935,1210.163808,12320605
7/18/2024,1230.136597,1236.18732,1211.836461,1214.984927,10999632
7/19/2024,1228.513062,1230.333203,1220.248504,1223.938028,7958817
7/22/2024,1221.134155,1225.217253,1213.017202,1220.002677,9958965
7/23/2024,1206.966309,1228.513153,1192.946117,1221.134105,19369832
7/24/2024,1203.276733,1213.755005,1182.664641,1205.244479,20122521
7/25/2024,1178.581543,1198.603335,1171.399222,1186.058954,14154461
7/26/2024,1187.731445,1200.325068,1166.824144,1170.808878,19309265
7/29/2024,1193.142822,1222.708256,1184.73078,1195.553383,28458261
7/30/2024,1189.94519,1211.000097,1184.976704,1193.437988,23972277
7/31/2024,1195.307373,1204.900135,1191.470244,1199.341228,22297629
8/1/2024,1190.584717,1202.932371,1187.436371,1192.946036,8725046
8/2/2024,1177.253296,1182.271024,1170.907243,1177.695991,10735395
8/5/2024,1153.689453,1169.726631,1148.179788,1162.937883,14306771
8/6/2024,1148.032227,1168.545955,1142.76853,1156.050816,13575619
8/7/2024,1153.54187,1160.773433,1142.866872,1159.937045,15753644
8/8/2024,1145.818481,1155.460485,1140.210453,1148.130559,10806438
8/9/2024,1152.705566,1161.904755,1150.147521,1157.57581,8687307
8/12/2024,1163.819946,1169.228167,1147.148535,1162.03368,10860455
8/13/2024,1159.403931,1180.143924,1154.690301,1174.1402,13117927
8/14/2024,1152.755249,1161.090954,1144.171458,1158.06426,13431801
8/16/2024,1178.15918,1183.865152,1156.724596,1161.041264,10961370
8/19/2024,1166.896118,1186.594102,1164.316051,1181.880473,6686394
8/20/2024,1170.418945,1180.689793,1161.041352,1165.209144,10427061
8/21/2024,1165.854126,1169.625078,1156.178782,1167.987688,17234142
8/22/2024,1181.979736,1183.468251,1167.590763,1172.949439,8564142
8/23/2024,1194.28479,1195.773305,1179.449311,1183.865189,7518309
8/26/2024,1204.009766,1205.647035,1191.853564,1196.319108,10920226
8/27/2024,1216.959839,1223.062773,1199.643502,1204.009835,16295325
8/28/2024,1214.479004,1217.009527,1207.97923,1213.288241,12291305
8/29/2024,1212.543945,1225.543614,1207.68144,1209.616461,10806748
8/30/2024,1219.787964,1226.089439,1209.566904,1220.581887,21211148
9/2/2024,1220.532227,1229.711399,1213.13932,1229.512979,12516759
9/3/2024,1238.146362,1241.371477,1211.05547,1217.80333,19114907
9/4/2024,1226.883301,1234.176998,1223.360556,1230.356501,13505843
9/5/2024,1226.486328,1235.318205,1221.87203,1228.52068,9142811
9/6/2024,1198.89917,1224.452001,1195.773265,1216.562802,10170479
9/9/2024,1225.543579,1228.818359,1191.258081,1193.689394,13863250
9/10/2024,1227.82605,1231.844966,1217.604868,1227.478633,15545130
9/11/2024,1226.883301,1229.810785,1217.009536,1222.070461,11993242
9/12/2024,1242.562378,1247.375218,1216.959879,1228.5207,15376442
9/13/2024,1240.776001,1246.333097,1232.539627,1242.413391,9877288
9/16/2024,1253.180298,1255.909241,1235.169249,1241.421058,8973335
9/17/2024,1258.390137,1262.508384,1248.764458,1250.302517,11513121
9/18/2024,1278.485107,1285.431509,1252.336893,1252.336893,12466597
9/19/2024,1282.107178,1290.045922,1275.508072,1278.485101,13172268
9/20/2024,1328.201416,1351.918438,1281.660627,1285.084162,73257767
9/23/2024,1311.778198,1321.602418,1298.480778,1320.808495,11380409
9/24/2024,1308.503418,1321.205456,1305.377513,1310.885065,13886037
9/25/2024,1313.713257,1317.583419,1300.068541,1300.713588,8728019
9/26/2024,1318.873535,1323.140537,1306.816543,1309.892782,11100869
9/27/2024,1296.595337,1322.793216,1293.866394,1322.793216,17117379
9/30/2024,1263.252686,1286.870498,1261.168789,1282.206413,12622212
10/1/2024,1264.641968,1270.44715,1257.893987,1260.077214,10972413
10/3/2024,1246.730103,1256.058151,1238.592938,1244.001159,17648551
10/4/2024,1230.257202,1254.718481,1226.734336,1237.550899,13488887
10/7/2024,1224.452026,1253.279517,1215.62015,1232.043474,20667247
10/8/2024,1227.131348,1238.245662,1220.333822,1231.497681,12219259
10/9/2024,1234.623535,1255.413072,1223.211591,1233.531982,14765997
10/10/2024,1233.978516,1245.092709,1228.520629,1237.20363,9118195
10/11/2024,1213.635498,1231.299252,1212.643155,1227.5283,8472512
10/14/2024,1222.318481,1228.421415,1208.078384,1211.650794,11833929
10/15/2024,1245.886597,1248.665205,1225.940527,1229.463272,11657338
10/16/2024,1233.631226,1245.3408,1232.093045,1238.940236,7869727
10/17/2024,1221.822388,1247.325556,1215.024862,1239.882983,8459497
10/18/2024,1254.817749,1259.184083,1215.868285,1218.547563,11018126
10/21/2024,1249.409546,1262.607636,1240.97463,1254.817767,7742775
10/22/2024,1257.7948,1275.061593,1250.104141,1256.901667,20090801
10/23/2024,1242.016479,1258.241263,1233.532019,1251.344528,14055447
10/24/2024,1243.157715,1250.798708,1231.54735,1240.676857,12223031
10/25/2024,1245.837036,1259.184123,1224.749746,1237.699872,13546055
10/28/2024,1282.950684,1297.786285,1270.794481,1275.656986,24096412
10/29/2024,1321.651978,1325.125178,1289.301621,1291.385517,20656117
10/30/2024,1302.102905,1320.709337,1295.60301,1313.862146,15055031
10/31/2024,1282.355225,1308.850734,1278.683604,1297.240369,23497314
11/1/2024,1281.908691,1286.274904,1276.401139,1280.07276,1007022
11/4/2024,1267.42041,1281.908715,1260.325255,1280.221659,14309121
11/5/2024,1286.771118,1291.335993,1253.428418,1263.252638,16431920
11/6/2024,1292.37793,1304.931093,1282.801795,1290.294034,12037405
11/7/2024,1268.908936,1292.824499,1265.485401,1287.217736,9909035
11/8/2024,1249.210938,1265.237301,1243.108004,1260.275586,11195808
11/11/2024,1259.581055,1266.130494,1237.104461,1252.336902,8387780
11/12/2024,1260.870972,1285.084165,1254.817704,1266.378524,13486168
11/13/2024,1244.100342,1266.477724,1240.428721,1260.870962,12260404
11/14/2024,1247.325439,1257.993126,1233.531969,1244.14999,9506892
11/18/2024,1243.852295,1252.932258,1239.833378,1250.35219,6195554
11/19/2024,1239.535645,1251.344551,1231.348815,1247.424844,11537317
11/21/2024,1240.974609,1247.275963,1223.112435,1238.989923,9593870
11/22/2024,1268.264038,1271.588363,1246.382826,1248.367512,11604338
11/25/2024,1290.988647,1301.160164,1280.122539,1286.076598,22717581
11/26/2024,1294.958008,1304.186847,1292.47715,1300.56477,7646955
11/27/2024,1290.740479,1300.812784,1287.912325,1288.557372,21938082
11/28/2024,1276.500366,1300.465473,1272.48145,1291.087881,22803745
11/29/2024,1290.145142,1293.271046,1273.27531,1273.27531,11397228
12/2/2024,1294.660278,1300.515126,1279.278962,1289.946649,9626400
12/3/2024,1298.381592,1302.747925,1286.175725,1293.965593,11509276
12/4/2024,1305.973022,1309.892729,1291.732804,1292.625937,11570281
12/5/2024,1326.266479,1332.617499,1298.580084,1306.171533,19210697
12/6/2024,1318.575806,1336.785276,1316.541454,1332.220522,8942672
12/9/2024,1312.175171,1318.873486,1310.140819,1311.97663,8000764
12/10/2024,1320.262695,1321.800875,1305.17913,1308.900416,8218214
12/11/2024,1317.335327,1321.056613,1305.923383,1314.556718,8138066
12/12/2024,1319.071899,1328.499158,1311.430907,1311.430907,9076896
12/13/2024,1334.602173,1336.834945,1303.442577,1315.201818,13536684
12/16/2024,1335.792847,1340.109514,1329.789244,1334.602084,9071006
12/17/2024,1323.537476,1337.777573,1315.896483,1331.724305,9879257
12/18/2024,1304.087646,1324.728309,1297.438875,1315.10263,8510595
12/19/2024,1277.046265,1293.022963,1274.614952,1276.153132,11517304
12/20/2024,1278.53479,1287.813173,1262.657301,1274.118791,58491181
12/23/2024,1286.870483,1296.992334,1277.195139,1284.736922,6827512
12/24/2024,1287.317017,1294.511504,1280.370615,1286.870511,7138516
12/26/2024,1287.416138,1302.698244,1279.328518,1296.992272,7338444
12/27/2024,1297.538208,1305.873793,1288.607121,1288.607121,4756066
12/30/2024,1284.736938,1316.34304,1279.576682,1294.957999,14207425
12/31/2024,1271.836426,1280.0728,1270.298246,1277.046227,8449607
1/1/2025,1273.821167,1283.09955,1257.397841,1271.836481,4705399
1/2/2025,1280.717896,1283.496504,1268.611359,1275.260009,7433222
1/3/2025,1255.363525,1278.137748,1252.584917,1276.351482,11194997
1/6/2025,1254.420776,1267.966283,1247.375165,1258.340604,7504047
1/7/2025,1269.454834,1279.080513,1256.80246,1256.80246,7539758
1/8/2025,1254.073486,1275.160775,1242.760752,1270.744897,7566309
1/9/2025,1252.733887,1255.065869,1238.543333,1248.367553,8684920
1/10/2025,1240.279907,1255.264263,1233.581592,1249.35987,7854524
1/13/2025,1220.333862,1234.425085,1215.521023,1225.444453,9669336
1/14/2025,1230.803101,1235.318189,1218.051396,1223.906244,10342698
1/15/2025,1228.768677,1234.87161,1220.581847,1224.551219,5355382
1/16/2025,1239.535645,1245.886664,1230.158051,1235.566272,11895924
1/17/2025,1216.06665,1239.436376,1208.673744,1233.829614,9790533
1/20/2025,1223.509277,1232.241944,1205.944854,1214.528646,7676418
1/21/2025,1186.991089,1229.463296,1183.567433,1227.47861,20520898
1/22/2025,1191.258057,1198.254123,1182.674387,1191.803894,10377123
1/23/2025,1192.548218,1198.651152,1176.918815,1188.082674,8770650
1/24/2025,1199.941162,1208.673829,1192.796341,1193.887894,9216792
1/27/2025,1218.547607,1225.196379,1183.964476,1185.849952,16164687
1/28/2025,1237.352539,1254.321581,1226.535976,1237.799045,18066499
1/29/2025,1242.066162,1246.18441,1233.532036,1242.413458,7666777
1/30/2025,1245.98584,1250.203298,1230.009142,1240.428743,11921041
1/31/2025,1243.207397,1246.382847,1229.612225,1244.894332,10195417
2/1/2025,1245.936279,1251.691796,1224.352819,1241.569946,3011914
2/3/2025,1243.405762,1250.352163,1228.322197,1237.302828,6176831
2/4/2025,1258.48938,1270.695248,1250.352216,1253.130824,14839077
2/5/2025,1257.993164,1267.96626,1255.462762,1260.474022,6840709
2/6/2025,1262.657227,1269.206666,1253.527599,1265.237294,8396554
2/7/2025,1247.276001,1265.237386,1239.982304,1262.260357,7382039
2/10/2025,1252.932251,1255.313898,1239.783706,1247.573575,5740361
2/11/2025,1243.157715,1252.188012,1238.841047,1246.233954,6586627
2/12/2025,1242.214966,1260.027473,1235.119689,1247.573521,8809352
2/13/2025,1239.337158,1256.306199,1236.360129,1242.959234,7263785
2/14/2025,1250.451416,1253.825407,1234.921224,1242.512672,10368438
2/17/2025,1241.569946,1248.516347,1223.806983,1241.569946,8386151
2/18/2025,1233.531982,1247.9705,1227.577925,1243.306536,8135042
2/19/2025,1251.989624,1254.768112,1220.830028,1225.394782,10683412
2/20/2025,1240.37915,1254.321619,1237.203701,1245.737827,8398849
2/21/2025,1223.509277,1235.169308,1215.173693,1231.596897,7786428
2/24/2025,1209.021118,1222.467415,1200.983164,1217.307158,11522480
2/25/2025,1214.776733,1222.219306,1211.650829,1217.207925,11059417
2/27/2025,1213.089722,1225.3948,1209.120349,1215.769121,12008162
2/28/2025,1194.880249,1215.620243,1190.910877,1206.689156,20215075
3/3/2025,1196.964111,1207.681464,1194.929881,1201.231235,8158881
3/4/2025,1201.131958,1207.334102,1197.01371,1197.906843,9574490
3/5/2025,1206.391357,1216.562873,1202.025145,1207.681452,9052846
3/6/2025,1208.723511,1218.54761,1199.742758,1218.54761,11949475
3/7/2025,1205.250244,1208.524903,1197.063414,1201.826588,6620284
3/10/2025,1205.547852,1216.41408,1198.750326,1198.750326,7363437
3/11/2025,1235.864014,1238.444081,1207.879868,1207.879868,10927950
3/12/2025,1234.425049,1242.363793,1225.841379,1237.402078,11548372
3/13/2025,1240.478394,1245.985824,1235.764764,1241.470737,8132940
3/17/2025,1259.283325,1264.195375,1245.142437,1247.424874,11164812
3/18/2025,1259.283325,1259.283325,1259.283325,1259.283325,0
3/19/2025,1303.045532,1308.205788,1292.179425,1295.60296,11278014
3/20/2025,1311.579712,1314.110235,1301.011356,1309.892777,10886735
3/21/2025,1332.815918,1338.670766,1301.557112,1305.923446,60494318
3/24/2025,1347.750732,1362.487002,1334.751063,1345.567505,9352280
3/25/2025,1333.411255,1353.357446,1319.86587,1348.594151,16419207
3/26/2025,1325.671021,1347.601776,1321.304687,1333.75864,10859639
3/27/2025,1326.415283,1341.151552,1322.942083,1322.942083,15109614
3/28/2025,1338.025635,1347.552103,1317.037556,1325.770223,8266544
4/1/2025,1308.354614,1341.995067,1305.328041,1329.739655,14288024
4/2/2025,1321.056641,1327.70529,1312.026343,1312.026343,8042214
4/3/2025,1319.369751,1322.793286,1311.133255,1311.827847,4591008
4/4/2025,1325.075684,1328.300798,1311.976683,1319.369711,8648542
4/7/2025,1277.691284,1314.854481,1255.313901,1285.332277,19185012
4/8/2025,1289.946655,1300.018961,1277.492703,1289.89699,13085762
4/9/2025,1290.839844,1295.106846,1274.664604,1294.95797,13005622
4/11/2025,1301.606689,1314.854444,1295.106795,1295.106795,13064247
4/15/2025,1339.86145,1343.930153,1325.968648,1340.655373,15202603
4/16/2025,1346.014038,1349.288697,1332.617408,1346.60942,14039073
4/17/2025,1395.928833,1398.11206,1349.685674,1351.57115,17490424
4/21/2025,1399.005249,1425.004588,1393.944203,1425.004588,16882426
4/22/2025,1405.653931,1407.936368,1388.188717,1401.98231,16135274
4/23/2025,1413.493408,1418.951295,1400.493739,1418.058162,13990764
4/24/2025,1391.959473,1410.317818,1388.089432,1405.455434,15678099
4/25/2025,1394.043457,1403.966887,1377.769008,1399.203592,11705093
4/28/2025,1417.859741,1424.012219,1393.051166,1394.837311,10948561
4/29/2025,1418.852051,1427.286966,1411.707109,1417.859708,10786910
4/30/2025,1416.073486,1422.722136,1389.280225,1422.027544,14192027
5/2/2025,1419.149658,1435.523317,1413.691772,1415.974209,8842434
5/5/2025,1418.455078,1435.72187,1415.081088,1428.973889,4565705
5/6/2025,1420.638184,1422.72208,1409.523991,1418.058116,6301690
5/7/2025,1424.40918,1430.958619,1410.119416,1414.088788,10480453
5/8/2025,1424.508423,1437.805844,1415.180374,1427.584662,15306490
5/9/2025,1378.265259,1409.027893,1376.379783,1404.363808,13491197
5/12/2025,1437.408813,1441.874357,1393.249551,1398.608227,9925445
5/13/2025,1419.645874,1436.813456,1416.470425,1429.073133,12475424
5/14/2025,1415.279541,1429.668515,1406.447785,1418.951283,8026837
5/15/2025,1439.691284,1445.347591,1404.661528,1414.981919,18209264
5/16/2025,1442.866699,1447.530663,1435.920298,1442.172108,6439208
5/19/2025,1437.905029,1448.523051,1432.744894,1435.424172,6005334
5/20/2025,1427.187622,1447.828404,1424.508344,1439.095738,11352383
5/21/2025,1433.637939,1440.1875,1427.485461,1431.851795,5510460
5/22/2025,1431.057861,1434.233432,1416.867429,1430.065518,7245933
5/23/2025,1438.698975,1440.683661,1423.416868,1431.157071,5203706
5/26/2025,1449.416138,1460.331911,1443.859041,1446.83607,5608725
5/27/2025,1435.324951,1451.797821,1424.706808,1441.378219,14842959
5/28/2025,1442.668335,1446.836127,1431.45481,1436.515736,8618343
5/29/2025,1445.347534,1451.698553,1433.93559,1445.446744,15545514
5/30/2025,1434.729614,1449.71397,1433.2411,1448.721627,11803975
6/2/2025,1439.393555,1448.820813,1421.829132,1430.958639,9458990
6/3/2025,1426.890015,1443.859056,1421.035167,1443.759846,11167345
6/4/2025,1420.042847,1429.073144,1415.478093,1426.393866,8025388
6/5/2025,1443.660645,1447.828437,1416.371212,1419.943623,11385668
6/6/2025,1448.523071,1450.210127,1431.057858,1437.508088,11580994
6/9/2025,1423.813843,1455.56882,1422.424538,1453.782554,11022031
6/10/2025,1412.004883,1430.660859,1405.653863,1427.981581,12905272
6/11/2025,1420.042847,1423.516047,1407.737769,1410.913339,7136877
6/12/2025,1414.287231,1425.500756,1409.127096,1419.546698,7953247
6/13/2025,1405.256958,1410.615635,1392.85267,1392.85267,7573103
6/16/2025,1415.974243,1418.058139,1403.371414,1405.753062,5451137
6/17/2025,1412.30249,1418.852051,1406.943935,1415.974232,6970098
6/18/2025,1401.783691,1421.03517,1399.402044,1406.150025,6751745
6/19/2025,1400.493774,1403.867644,1393.944213,1397.218994,8849883
6/20/2025,1416.172729,1422.325329,1399.402108,1400.493782,12408178
6/23/2025,1409.226318,1412.302558,1401.089154,1406.150079,5514384
6/24/2025,1413.195679,1424.905375,1405.653896,1416.768089,11188438
6/25/2025,1414.88269,1417.958929,1404.463089,1411.111739,7527388
6/26/2025,1428.080811,1436.416516,1410.814018,1413.890378,13617435
6/27/2025,1451.003906,1454.774858,1426.096121,1427.882387,22532899
6/30/2025,1434.729614,1450.706313,1431.256414,1450.607103,6325073
7/1/2025,1421.035156,1436.515683,1418.653509,1434.630207,7761449
7/2/2025,1416.867432,1439.889742,1411.707175,1421.233644,13372280
7/3/2025,1414.981934,1435.027214,1412.798706,1421.134412,10177738
7/4/2025,1431.752563,1433.340288,1410.218647,1416.073495,5066503
7/7/2025,1424.706787,1429.867043,1418.653519,1425.996881,5177477
7/8/2025,1430.958618,1433.935647,1419.050502,1421.035188,5315847
7/9/2025,1420.936035,1427.683895,1415.676569,1425.203038,8827347
7/10/2025,1413.195679,1427.981614,1411.210993,1425.798508,7795964
7/11/2025,1411.012573,1417.065841,1403.768421,1411.111783,7158015
7/14/2025,1412.104126,1413.989602,1405.256935,1413.989602,5846154
7/15/2025,1419.844482,1422.821512,1408.134786,1410.218682,6041457
7/16/2025,1415.478149,1418.256637,1408.233997,1415.081188,5649093
7/17/2025,1407.837036,1412.30258,1398.707529,1410.119474,12927394
7/18/2025,1414.88269,1418.05814,1397.715108,1404.95926,11297246
7/21/2025,1454.576416,1456.461771,1425.996889,1436.912662,13867136
7/22/2025,1462.31665,1470.652356,1458.446488,1462.812822,8930165
7/23/2025,1477.201782,1478.591087,1461.324294,1471.545476,11974174
7/24/2025,1472.041626,1477.300971,1466.78216,1476.308628,6700578
7/25/2025,1465.789795,1488.514473,1462.316594,1488.514473,8696077
7/28/2025,1477.003418,1482.362095,1465.789893,1465.789893,7507479
7/29/2025,1474.82019,1478.392722,1464.102958,1468.568502,9776027
7/30/2025,1471.049316,1477.102585,1465.988391,1476.308662,7238625
7/31/2025,1470.057007,1483.056676,1452.790214,1458.645062,12406146
8/1/2025,1460.331909,1473.728539,1458.545764,1469.064576,4416771
8/4/2025,1451.996216,1467.476863,1450.110861,1465.492177,6140054
8/5/2025,1433.34021,1450.309251,1429.96622,1441.874335,14799343
8/6/2025,1432.546387,1442.866779,1430.561701,1431.256413,7805252
8/7/2025,1429.271729,1436.813511,1418.157414,1430.06553,7432535
8/8/2025,1424.905396,1436.515761,1421.035233,1434.828826,5415511
8/11/2025,1425.599976,1427.386241,1409.524067,1416.96664,8492484
8/12/2025,1422,1433.800049,1420.099976,1431,5913947
8/13/2025,1420.800049,1427.699951,1415.199951,1424.599976,9009465
8/14/2025,1427.300049,1431.099976,1412,1412,7577793
8/18/2025,1434.599976,1452.400024,1431,1450,6908844
8/19/2025,1436.300049,1438.5,1426.300049,1431.099976,6709554
8/20/2025,1430.599976,1435.900024,1423,1432.599976,5817858
8/21/2025,1446,1447.800049,1436.400024,1440.099976,6238645
8/22/2025,1436.400024,1446,1429.400024,1444.300049,6657207
8/25/2025,1433.199951,1435.900024,1424,1435.900024,6738427
8/26/2025,1416.599976,1427.900024,1413.099976,1427.900024,8720155
8/28/2025,1399.099976,1411.800049,1396.300049,1408,12990789
8/29/2025,1397.800049,1405,1392.099976,1392.099976,8519507
9/1/2025,1411,1412.400024,1398.099976,1398.099976,4927348
9/2/2025,1394.199951,1413.900024,1390,1413.900024,7163073
9/3/2025,1397,1400,1384.199951,1389,9813382
9/4/2025,1405.5,1415.099976,1401.900024,1409.900024,10564859
9/5/2025,1402.800049,1411.5,1387.699951,1411,6621077
9/8/2025,1402.699951,1410.599976,1397.599976,1402.199951,5880943
9/9/2025,1403.699951,1407.5,1395.199951,1399,6470679
9/10/2025,1403.900024,1413.699951,1402.099976,1410,7452347
9/11/2025,1401.599976,1408,1396,1398,10192026
9/12/2025,1417.699951,1419.699951,1400.099976,1405.099976,7770038
9/15/2025,1419.400024,1426.800049,1416.300049,1422,5845637
9/16/2025,1421.599976,1424.900024,1413.699951,1414,8213151
9/17/2025,1419.199951,1426.099976,1416.400024,1420.099976,7484283
9/18/2025,1421.699951,1432.800049,1415.300049,1431.099976,8130537
9/19/2025,1402.199951,1418,1400.199951,1416.099976,13457344
9/22/2025,1401.5,1409.900024,1397.199951,1403.900024,8847948
9/23/2025,1394.300049,1403.300049,1391,1391,12827524
9/24/2025,1382.699951,1390.900024,1376.5,1386.400024,9735678
9/25/2025,1375.800049,1391.5,1371.800049,1377,21613389
9/26/2025,1359.599976,1372.699951,1357,1368,18342280
9/29/2025,1348.099976,1366.5,1346.199951,1359.599976,20563163
9/30/2025,1348,1356.599976,1342.599976,1353.699951,20166871
10/1/2025,1372,1379.400024,1347.099976,1348,20952632
10/3/2025,1365.199951,1371.900024,1361.300049,1371.900024,12163695
10/6/2025,1363.400024,1372.599976,1359.099976,1371,14314283
10/7/2025,1375.900024,1383.099976,1363.599976,1363.599976,16126464
10/8/2025,1370.300049,1381.599976,1364.300049,1372.300049,8100832
10/9/2025,1376.199951,1378.699951,1365.099976,1369.800049,7909575
10/10/2025,1380.300049,1385,1370.300049,1370.300049,7673816
10/13/2025,1379.400024,1386.400024,1373.099976,1373.099976,8923018
10/14/2025,1384.099976,1389,1375.099976,1389,10610855
10/15/2025,1398.400024,1400.400024,1385.5,1386.5,8988550
10/16/2025,1417.300049,1418.900024,1399.400024,1401,12185032
10/17/2025,1436.599976,1439.599976,1410.900024,1412,17037215
10/20/2025,1390.300049,1445,1389.199951,1442,23330227
10/21/2025,1382,1387.599976,1375.900024,1384.5,3415560
10/23/2025,1363.699951,1389.800049,1360.099976,1385,21124942
10/24/2025,1377.699951,1381.599976,1368.099976,1368.099976,10570263
10/27/2025,1377.599976,1386.800049,1374,1382.099976,11499836
10/28/2025,1363.099976,1375.800049,1356.199951,1373,26477914
10/29/2025,1370.400024,1371.699951,1358.400024,1364.599976,16129382
10/30/2025,1362.400024,1370.199951,1361.300049,1362.400024,9324401
10/31/2025,1345.300049,1362,1343.300049,1357,15926798
11/3/2025,1346.400024,1351.599976,1337.900024,1340.5,11071450
11/4/2025,1336.900024,1349.800049,1333.199951,1342.599976,15211183
11/6/2025,1320.400024,1342.199951,1317.400024,1330,24221853
11/7/2025,1343,1344.300049,1318.599976,1320.400024,7719245
11/10/2025,1348,1349.599976,1341,1342.900024,8542340
11/11/2025,1358.300049,1360.400024,1346.199951,1349,8305184
11/12/2025,1358.900024,1370,1355.400024,1370,9736761
11/13/2025,1385.900024,1390.400024,1358.5,1358.900024,18296626
11/14/2025,1373,1381.199951,1363.199951,1374,9694498
11/17/2025,1379,1382.5,1373.599976,1375.099976,7660717
11/18/2025,1373.400024,1382.800049,1369.099976,1380.199951,9529560
11/19/2025,1383.099976,1384,1371.599976,1373.5,10393918
11/20/2025,1383,1388.300049,1375.400024,1380.099976,10131863
11/21/2025,1369.5,1376,1364.599976,1373,11483595
11/24/2025,1368.400024,1377,1361.5,1373.300049,15896003
11/25/2025,1357.800049,1376.900024,1354.300049,1365,12235000
11/26/2025,1375,1377,1359.900024,1360,9659004
11/27/2025,1392.199951,1394,1375.699951,1379,15158741
11/28/2025,1388.800049,1398.5,1385.599976,1392,7683986
12/1/2025,1390.099976,1400,1385.400024,1394,8867593
12/2/2025,1373,1381.800049,1370.599976,1381.800049,12126396
12/3/2025,1391.5,1394.199951,1367,1367,7955933
12/4/2025,1386.699951,1391.599976,1379.900024,1387,7373909
12/5/2025,1392.5,1395.300049,1381,1381,4942638
12/8/2025,1389.599976,1394.900024,1383.300049,1387,7826227
12/9/2025,1375.199951,1384.300049,1373.400024,1379.900024,10492030
12/10/2025,1363.599976,1379.400024,1357.900024,1377.900024,8725381
12/11/2025,1360,1366.599976,1352.800049,1363.699951,6734750
12/12/2025,1366,1370.699951,1363.300049,1368,3890885
12/15/2025,1365.199951,1370,1356.099976,1356.099976,5342530
12/16/2025,1366,1368.699951,1355.5,1364,12359741
12/17/2025,1352.400024,1365,1343.099976,1365,9440391
12/18/2025,1356.800049,1369.5,1345.5,1346.300049,7314573
12/19/2025,1354.099976,1360.400024,1350.800049,1354,14318512
12/22/2025,1368.5,1371.300049,1354.800049,1358,9375294
12/23/2025,1363,1365,1357,1361.099976,9105467
12/24/2025,1359.800049,1368.199951,1357.599976,1363.800049,8955140
12/26/2025,1350.400024,1362,1348.5,1356.5,2812144
12/29/2025,1343.300049,1355.699951,1341.5,1352.099976,6057201
12/30/2025,1342.5,1347.099976,1338.099976,1343.300049,18621277
12/31/2025,1342.900024,1350,1339.5,1342.800049,6150634
1/1/2026,1338,1348.400024,1336,1343.900024,4179311
1/2/2026,1355.400024,1356.900024,1336.300049,1338,8226205
1/5/2026,1371.5,1375.5,1352.599976,1354.199951,6920565
1/6/2026,1411.199951,1413.599976,1366,1372,17260416
1/7/2026,1427.699951,1429.900024,1404.199951,1408,15813795
1/8/2026,1435,1442.199951,1423.300049,1429,14861699
1/9/2026,1404.300049,1429.5,1401.5,1427.099976,12555636
1/12/2026,1413.099976,1424.300049,1391.699951,1399.900024,10923811
1/13/2026,1437,1441.800049,1411.099976,1420,14295581
1/14/2026,1418.400024,1443.900024,1414.900024,1425.599976,13832255
1/15/2026,1418.400024,1418.400024,1418.400024,1418.400024,0
1/16/2026,1410.800049,1429,1400.199951,1417.900024,12530886
1/19/2026,1380.599976,1400,1360,1399.900024,23302883
1/20/2026,1375.800049,1387.800049,1371.5,1374.699951,15012785
1/21/2026,1349,1371.5,1339.5,1367.5,21766068
1/22/2026,1345.5,1358,1338,1355.099976,17179765
1/23/2026,1343.400024,1355.199951,1335.699951,1340.5,14056524
1/27/2026,1361.400024,1369.099976,1328.599976,1340,25263634
1/28/2026,1367.699951,1380.400024,1362.599976,1362.599976,13242696
1/29/2026,1383.599976,1387.699951,1354.400024,1359,23118234
1/30/2026,1355,1381.900024,1353.199951,1368.199951,24013717
2/2/2026,1352.800049,1354.400024,1329.099976,1329.900024,12800245
2/3/2026,1389.699951,1417,1373.400024,1412,24896698
2/4/2026,1408.400024,1414,1386.900024,1387,11080683
2/5/2026,1396.5,1414,1393.199951,1414,8982761
2/6/2026,1406.099976,1410.5,1394.699951,1396.699951,10851190
2/9/2026,1396.300049,1414,1388.800049,1413.5,7889742
2/10/2026,1406.5,1409.5,1395.5,1401,16497628
2/11/2026,1406.099976,1413,1400.400024,1407.400024,8551341
2/12/2026,1430,1433,1405.300049,1406.099976,19646265
2/13/2026,1414.599976,1434.400024,1410.699951,1425.300049,12228083
2/16/2026,1411.599976,1414,1400.5,1404,5000042
2/17/2026,1407.5,1413.599976,1393.599976,1406.199951,11756187
2/18/2026,1408.199951,1412.300049,1398.900024,1410.099976,4758071
2/19/2026,1388.800049,1412.300049,1384.800049,1408.5,14323091
2/20/2026,1394.5,1403.699951,1384,1388.5,10337877
2/23/2026,1399.400024,1408.300049,1395.300049,1400,10728445
2/24/2026,1384.800049,1400.900024,1382.300049,1400.900024,18274784
2/25/2026,1400.5,1407.400024,1388.199951,1391.800049,16297015
2/26/2026,1404.900024,1410,1392.099976,1405.099976,27288792
2/27/2026,1378.900024,1402.199951,1376.699951,1400,15096898
3/2/2026,1374,1379.199951,1355,1355,16927723
