Date,Close,High,Low,Open,Volume
3/2/2016,441.2060852,444.0685814,429.3744341,433.97353,7214898
3/3/2016,446.2822266,455.270436,440.4427161,445.786042,5814304
3/4/2016,446.7974548,452.2743544,442.3891925,448.6866835,4281680
3/8/2016,444.049408,454.3734947,437.923695,443.8776768,7617746
3/9/2016,449.7934875,451.7972345,436.2252394,437.0076735,6305782
3/10/2016,436.0535278,443.8395257,434.8512703,443.8395257,24381016
3/11/2016,436.2443848,441.1869425,434.4123687,437.4656977,4058548
3/14/2016,435.5572815,440.5380421,434.5268018,437.3892972,4174262
3/15/2016,432.9619751,440.6334534,430.8818672,436.6259598,6720258
3/16/2016,439.8511047,440.824372,431.87432,435.8245551,5588850
3/17/2016,443.4006958,446.4540253,440.4618848,441.5496241,6474622
3/18/2016,455.4803467,457.6176676,443.4960215,443.801373,8477422
3/21/2016,456.052948,457.6177701,450.3852143,453.4194419,5138392
3/22/2016,454.1635437,455.70931,447.312656,454.6597283,7097950
3/23/2016,460.9762878,462.0830821,451.1674421,454.1826133,6333176
3/28/2016,459.8695068,472.1209797,456.3772526,470.3653249,10787510
3/29/2016,456.9496765,465.2127558,454.7741987,457.6175921,6995356
3/30/2016,460.2701416,461.8159077,456.3008521,457.0832395,5756818
3/31/2016,464.9839172,469.4112355,458.1139261,461.9114859,17996320
4/1/2016,460.0793762,466.4722833,456.1291414,464.1059722,5511428
4/4/2016,474.6781006,476.3192834,463.1709052,463.1709052,4577054
4/5/2016,465.5562744,474.1437607,463.3425927,474.0292422,4790716
4/6/2016,458.2663879,468.6858893,456.4725762,468.6858893,4931354
4/7/2016,450.9384766,461.2053035,448.457647,461.2053035,5657890
4/8/2016,444.9272461,449.4118227,443.5151002,448.7820643,4195578
4/11/2016,451.8544312,452.94217,439.3357665,444.9462852,5768678
4/12/2016,451.2055969,456.0527838,449.8316084,450.5567833,5842138
4/13/2016,447.579834,456.071905,445.1562635,456.071905,12511386
4/18/2016,472.7698059,483.9144846,470.7851607,477.0826517,25015990
4/20/2016,474.6400146,475.7277539,467.8463851,474.7926904,8072848
4/21/2016,468.0371399,477.4642736,464.90745,477.4642736,5441100
4/22/2016,462.2930298,468.8767695,460.670949,468.0371228,5143938
4/25/2016,464.0487366,467.4646763,458.4191614,462.5984333,5364134
4/26/2016,470.269989,473.094328,461.2817319,463.8961359,5846744
4/27/2016,473.3232422,474.162889,468.8959246,469.1439703,4486208
4/28/2016,461.4915161,473.1132288,460.6709248,469.83091,12165168
4/29/2016,461.0908203,466.9875897,459.9076647,462.3693925,5036410
5/2/2016,458.4001465,462.2549653,456.529973,461.8160399,3615250
5/3/2016,449.5262756,462.65555,447.2362794,459.0488246,6824810
5/4/2016,453.7437439,455.3276676,446.7974394,450.7476743,5812842
5/5/2016,455.1177673,457.6176992,450.785866,456.1482939,6302668
5/6/2016,450.9384766,454.1063237,449.2400811,454.1063237,2596720
5/9/2016,457.6368103,458.5909757,450.595042,451.1293839,5123678
5/10/2016,462.8846741,464.3540793,456.7016552,458.9534945,3395704
5/11/2016,458.7054749,463.6098758,455.1369055,457.4269025,3709888
5/12/2016,461.8158875,462.9608855,456.7779146,459.487734,3406932
5/13/2016,460.7664185,461.8160003,455.0032694,460.2893358,5652064
5/16/2016,463.7242432,467.0256638,459.9075827,461.8922275,4533878
5/17/2016,463.4381714,467.8273326,461.1100169,465.632752,3796294
5/18/2016,461.758728,463.3426517,457.1978367,457.6176601,4256596
5/19/2016,460.1939087,464.1632455,458.3809947,462.1785538,3954400
5/20/2016,458.6099854,465.441818,457.9993289,459.9076594,3994548
5/23/2016,453.4193726,459.9649562,452.2743741,459.2970404,4585946
5/24/2016,453.3240051,454.8506698,449.4500841,454.5835222,3485060
5/25/2016,461.3007813,462.9991769,455.7475204,455.7475204,3857396
5/26/2016,471.0331421,473.1895645,461.8540554,461.8540554,6136436
5/27/2016,476.1283875,480.70838,470.0598881,470.0598881,6180764
5/30/2016,483.7999573,485.4792975,473.838481,473.838481,5285700
5/31/2016,476.5672913,483.475437,472.8842048,482.8075214,13782038
6/1/2016,480.2122192,484.1433983,475.5559119,475.5750139,4840534
6/2/2016,481.4908142,486.5860466,478.609217,478.990883,5053552
6/3/2016,483.5328064,488.2654755,480.9184028,480.9184028,3998380
6/6/2016,483.4755249,487.3876024,481.3191022,482.7694519,4225768
6/7/2016,479.9070129,485.6701623,479.0291622,483.5709986,5692420
6/8/2016,472.5408936,482.4069551,471.4913115,482.4069551,8741370
6/9/2016,457.733551,473.4675385,455.6292697,473.4675385,12740804
6/10/2016,455.8415222,459.4709662,451.7873666,453.8337688,6383956
6/13/2016,455.9573364,457.5017765,450.2042876,454.3742948,5286722
6/14/2016,453.6792908,456.5365145,450.686938,456.5365145,2940728
6/15/2016,459.4516296,460.494155,455.2430679,457.0384419,6711572
6/16/2016,457.9266052,459.2779907,451.7874449,459.2779907,5302564
6/17/2016,455.4168701,460.532829,453.7179762,459.0849161,8515082
6/20/2016,466.7106018,467.8882565,455.4940841,455.9960461,6229566
6/21/2016,465.6873779,469.046564,461.6525463,467.65653,4761724
6/22/2016,463.1390076,467.9460589,458.7566679,464.8765028,3031258
6/23/2016,467.8109131,469.0657707,460.7644049,462.2895678,3828626
6/24/2016,461.2278137,462.9459847,447.8876916,458.6987739,7808348
6/27/2016,450.2816162,456.8454884,447.8877523,452.5403982,5583778
6/28/2016,447.5594482,452.7140077,445.9956838,448.9687593,7655974
6/29/2016,454.3936157,455.5712703,447.9648738,451.3626612,5459150
6/30/2016,452.0577393,457.347429,450.9572877,455.8029885,9346224
7/1/2016,452.6754456,455.6098726,451.7873736,455.6098726,3991912
7/4/2016,457.1350708,461.2471531,454.1427173,454.1427173,5381322
7/5/2016,453.8530579,458.505703,452.1542113,457.5404278,3596416
7/7/2016,446.8259277,452.1349418,445.95718,451.2468697,5954876
7/8/2016,447.192688,450.5904756,445.3779894,449.0460353,5551648
7/11/2016,453.6986084,455.1078723,447.8876336,450.7448573,6668882
7/12/2016,454.277832,455.7450221,450.976572,455.6098929,6197368
7/13/2016,460.9381409,461.7103609,453.7564571,455.609804,5275420
7/14/2016,454.1619568,461.8069548,449.4321086,461.4015204,7413328
7/15/2016,414.122406,459.4324167,406.1878246,459.2779633,61484126
7/18/2016,417.7518311,418.8908842,407.404108,415.9371323,14332824
7/19/2016,419.682251,420.8599053,414.7207468,420.3193419,10404644
7/20/2016,418.1957703,420.8213374,413.1377382,413.1377382,9822896
7/21/2016,416.9603577,419.7789335,415.3000652,416.6128491,8668002
7/22/2016,414.0837402,416.9602886,411.8636073,413.1377894,9386538
7/25/2016,417.3270874,418.2537611,410.4350316,410.4350316,8469552
7/26/2016,420.3580933,420.8214537,413.2729816,413.2729816,7189610
7/27/2016,419.0646667,423.3698046,416.4391459,418.8136857,7431820
7/28/2016,416.0336914,419.6824135,414.7016302,419.0839711,11258562
7/29/2016,414.6243286,415.7440573,411.7864288,414.141691,8156784
8/1/2016,419.0259705,420.0298473,412.5007006,413.7169568,9096662
8/2/2016,418.4660645,418.9293776,415.0682774,416.9602259,6822502
8/3/2016,418.8907776,419.5085442,413.2535806,419.1803601,7213460
8/4/2016,413.8327942,419.6630469,413.1571016,419.4699918,4237278
8/5/2016,412.3655701,414.4698512,409.2766894,413.9100104,5609968
8/8/2016,416.4969482,417.3850203,410.2613078,412.7516991,4643064
8/9/2016,418.311676,418.7363877,413.7169566,415.8405621,7192664
8/10/2016,417.906311,420.0492412,415.145614,415.454521,5576454
8/11/2016,415.975647,422.7904987,415.1648253,417.6552162,5038552
8/12/2016,410.2612915,416.5355804,409.2766919,415.0876676,7449928
8/16/2016,406.1105957,408.5237837,396.9211571,402.3266981,16429408
8/17/2016,398.9675903,406.4388114,397.8864632,405.3962859,6599316
8/18/2016,395.1450806,401.2069902,394.411462,400.2031134,8434000
8/19/2016,394.334198,401.1683507,393.2337938,397.6933602,5686016
8/22/2016,392.07547,397.6933667,389.6236569,393.0600459,10253518
8/23/2016,401.4194031,402.3267524,393.8709312,393.8709312,7406138
8/24/2016,408.2727661,410.0681872,404.2572123,404.2572123,6129966
8/25/2016,400.0679321,408.3499737,398.5041676,407.346097,4796562
8/26/2016,393.928833,403.8711682,392.693276,400.0100671,6881054
8/29/2016,394.9133911,397.6933884,390.3572968,392.905614,5220282
8/30/2016,401.7089233,403.4850202,395.7628189,398.63932,4375438
8/31/2016,399.9521179,403.7746171,396.84396,400.4347555,11139814
9/1/2016,400.60849,401.7281714,398.4655604,400.7822207,2877826
9/2/2016,398.4076538,401.5544602,396.2261226,401.1876745,3332592
9/6/2016,403.4849548,404.9907933,399.8555114,400.8787123,8215044
9/7/2016,407.0951538,408.8905751,403.0989239,404.6433642,7425470
9/8/2016,400.6471558,403.4850556,395.3767435,403.4850556,9092774
9/9/2016,399.8170471,401.9406529,396.3613802,400.3962123,5053438
9/12/2016,406.960022,408.5044623,395.8593572,395.8593572,6203096
9/14/2016,403.7166748,408.4272459,401.8054488,406.9406844,5152418
9/15/2016,402.4039001,404.1800442,399.7590556,403.7166838,4701722
9/16/2016,409.3345642,411.0141334,400.8208191,405.0294279,9949384
9/19/2016,409.7400513,412.7131276,402.0757746,403.8711961,5809154
9/20/2016,405.4734802,408.1762506,403.7745866,406.6897363,4214004
9/21/2016,407.6357117,409.7593171,405.8210132,406.960019,4231532
9/22/2016,408.8133545,409.6627778,406.1877872,408.8905577,3629514
9/23/2016,402.539093,408.813382,401.5544934,408.118365,5205294
9/26/2016,399.971405,403.098887,398.0794564,402.6162494,6371798
9/27/2016,401.4579773,405.3770042,398.9868632,399.6432787,6525660
9/28/2016,401.1491089,402.4426156,398.9483,401.5545434,5434708
9/29/2016,397.3844604,403.465694,395.376707,403.465694,8902638
9/30/2016,400.0293274,403.0602818,398.1180544,398.1180544,6502354
10/3/2016,400.8208618,401.5544804,396.1875409,399.816985,3656160
10/4/2016,405.1066284,405.9560988,400.8980668,401.554435,5066586
10/5/2016,402.133667,405.3576769,400.3961716,405.1066959,2307574
10/6/2016,396.6895142,403.4850423,396.1296263,403.4850423,3721882
10/7/2016,390.95578,399.1606433,390.0098056,397.6740817,6288558
10/10/2016,397.6741028,398.3691199,389.9712247,392.6739955,5413170
10/13/2016,406.322937,408.5044684,394.3728488,394.3728488,9778690
10/14/2016,396.5929565,418.041342,384.6621463,406.5352906,33461690
10/17/2016,394.7589417,402.2494864,392.809067,399.6045947,8014858
10/18/2016,401.1877136,401.7475544,396.65092,397.6933984,6388134
10/19/2016,402.2495117,403.7553034,400.0100543,402.3267149,3509836
10/20/2016,400.2609863,405.6858042,399.1605821,403.3884683,3535490
10/21/2016,405.1977539,406.2514129,399.0317672,403.9099062,3863620
10/24/2016,400.8268433,406.9147501,400.2024511,404.8854637,2902974
10/25/2016,396.9634705,405.4319251,396.1829682,404.4953128,5636014
10/26/2016,395.7926331,397.9975373,393.8803933,396.8853313,2775216
10/27/2016,391.6169434,397.256076,390.6803313,397.2365682,7227790
10/28/2016,389.2754822,394.1536211,387.5778994,392.2804205,5840706
11/1/2016,386.1339111,392.9047574,384.9436502,392.9047574,6332798
11/2/2016,382.855835,385.3729593,382.4460761,384.3192766,5377194
11/3/2016,377.314209,383.2265218,376.6312697,382.8557785,5225108
11/4/2016,378.9337463,382.1338095,375.0312361,377.3727422,6005548
11/7/2016,381.6460571,384.7875736,380.4948117,384.3973225,4537672
11/8/2016,383.4606628,385.4704652,378.7776504,385.1387614,5261108
11/9/2016,373.9776001,380.3386879,351.6162183,362.9334994,12764158
11/10/2016,366.6018677,375.6166579,364.8847534,375.6166579,7287330
11/11/2016,359.6358337,368.7872252,358.5236278,366.83597,7096782
11/15/2016,360.4163513,366.816478,354.5625856,360.5919691,9235850
11/16/2016,367.1872253,373.4117106,362.3676105,362.9334793,12222616
11/17/2016,362.8554688,370.3482946,361.5286293,364.5920909,5706730
11/18/2016,359.0309448,364.2017709,358.0553173,362.9334551,6040228
11/21/2016,355.5577698,361.7237562,353.938242,361.7237562,7940568
11/22/2016,356.7674866,362.4066186,355.7723512,357.8211691,5483126
11/23/2016,359.1285095,360.1626843,356.0845563,359.8504644,8251786
11/24/2016,363.0505981,366.797023,360.3188404,362.2310804,16780644
11/25/2016,381.4703979,384.3972808,363.109091,363.109091,12631380
11/28/2016,382.3485107,383.7924446,378.7777037,382.172893,7365712
11/29/2016,379.558197,384.2802495,377.411816,381.9777585,6125506
11/30/2016,380.7094421,381.275311,375.0508014,379.7143066,8500918
12/1/2016,380.7289734,383.8314745,377.3728234,380.8850834,4611590
12/2/2016,376.3971558,378.3874267,375.0702926,376.5142263,4453228
12/5/2016,375.2849731,377.9971992,373.8605471,376.9435403,3659576
12/6/2016,377.1777039,382.2509684,375.2849955,375.3435188,3562110
12/7/2016,377.1386414,379.7142889,374.71908,377.7630335,3385980
12/8/2016,384.2607117,384.8265566,378.563032,378.563032,5941662
12/9/2016,386.0949097,393.4316493,383.0314481,384.3973269,8648384
12/12/2016,381.4119568,383.5388303,376.6704195,383.5388303,5345020
12/13/2016,386.4265747,387.4607256,378.9727657,382.641135,4854282
12/14/2016,390.1535034,392.1828137,384.0460647,386.7388066,5382614
12/15/2016,387.265686,397.64638,385.9583543,389.2364732,7966416
12/16/2016,392.2608643,394.0365018,389.3729969,391.734011,6436742
12/19/2016,392.0658264,393.470721,387.9486577,392.6316715,4124134
12/20/2016,394.9926453,397.6658557,390.7584067,391.0315872,7636498
12/21/2016,390.8559265,398.8365651,389.5681028,396.4950588,7343976
12/22/2016,384.2802429,392.9828372,378.3484217,391.2267074,7060054
12/23/2016,385.7436829,392.8267256,379.9484401,384.3582963,7306036
12/26/2016,383.5192261,387.9095505,380.533796,385.5680441,3213828
12/27/2016,389.8413391,390.9925846,382.446076,383.5192666,4912816
12/28/2016,389.665741,394.0755738,388.2998621,391.4023632,5476816
12/29/2016,387.265686,393.3731255,385.6266504,391.7145583,6240124
12/30/2016,394.3877258,394.9340869,387.4217537,389.4705718,7267768
1/2/2017,390.6803589,395.3048486,389.9974195,394.5828698,2335222
1/3/2017,387.8509827,392.1632757,383.2265174,391.8510558,6778482
1/4/2017,389.3731079,391.8902327,387.2267265,388.319425,7073586
1/5/2017,388.7486267,393.9584692,385.8607592,390.8754761,8207074
1/6/2017,379.4215698,389.8022379,377.7825107,388.2607653,14393448
1/9/2017,378.6801147,381.2557861,376.5922811,379.4216013,10545692
1/10/2017,378.7582397,382.8363689,377.7435963,381.2753644,11939854
1/11/2017,378.1923218,381.8411838,376.182543,380.1826166,12241574
1/12/2017,390.2705994,391.9682059,381.4899498,381.4899498,11855740
1/13/2017,380.8070374,405.861164,375.6947572,401.9586528,31276246
1/16/2017,372.9434814,376.7679375,371.6946731,376.5923198,12351372
1/17/2017,372.8458557,376.2020052,371.6751026,373.1775596,5560094
1/18/2017,371.0506897,375.0312551,370.6604387,373.8995176,5952962
1/19/2017,373.8995667,374.4849433,369.9970557,371.1287934,8876480
1/20/2017,370.2312622,371.9678845,369.1775794,370.7385839,9124742
1/23/2017,371.7922668,373.8605931,366.8360726,368.7873283,7948580
1/24/2017,369.0019531,370.7385754,366.8750797,370.7385754,6826010
1/25/2017,365.5091858,369.4897519,364.8067385,369.2165714,9978090
1/27/2017,367.6750793,369.782421,351.6747844,364.4359762,10635138
1/30/2017,370.4848633,371.3239127,362.4847159,365.8603974,11369208
1/31/2017,362.3871765,367.4214254,352.923587,367.4214254,24068534
2/1/2017,357.7626343,360.2797582,353.2357318,359.4602167,11531782
2/2/2017,365.2360229,368.7872985,355.1675253,357.8602675,11828268
2/3/2017,365.3140259,367.1872501,359.4407519,364.4164532,8423958
2/6/2017,364.9823608,368.2994954,363.1481758,365.7628631,6727934
2/7/2017,367.7141113,370.6605025,362.3676663,364.1042885,9268002
2/8/2017,365.4701233,368.4360219,363.8896112,365.2749978,6319962
2/9/2017,369.1775818,370.7385864,365.4897037,365.6653215,11907266
2/10/2017,377.8800964,379.3240301,368.1238199,369.2750653,12252452
2/13/2017,384.1436157,384.8265551,375.7532181,379.6557286,13724268
2/14/2017,385.4509277,385.9582493,379.4605604,382.4459902,9338818
2/15/2017,383.1484985,389.7827668,378.0752346,386.036366,7259486
2/16/2017,394.973114,395.675585,386.3680823,386.7388256,12815858
2/17/2017,390.2901306,395.6170679,387.4022867,395.6170679,4851208
2/20/2017,394.2511902,402.3489008,387.714484,388.8852373,4650662
2/21/2017,395.5584717,399.8122178,390.2705745,398.8756057,7613996
2/22/2017,386.407135,396.1048653,384.9436934,396.1048653,6607838
2/23/2017,393.704834,398.0561435,387.6559416,389.8218544,9542656
2/27/2017,395.0901794,399.2268311,392.9633064,393.0998848,5328696
2/28/2017,395.0901794,399.1097606,393.8608791,394.8755223,5940132
3/1/2017,400.065918,400.787873,394.19262,394.9341066,4282448
3/2/2017,399.3439331,401.178118,396.6902305,399.7732236,2948498
3/3/2017,402.4269714,403.6367881,390.4072645,394.2512288,5401612
3/6/2017,403.4805908,404.2805769,397.9390209,398.0755992,5286386
3/7/2017,397.9781494,400.3196803,395.9878779,398.8367068,4644496
3/8/2017,393.2950439,396.8463432,391.9877123,396.8463432,6179176
3/9/2017,394.7585449,395.3244139,389.8608978,393.2951031,3480630
3/10/2017,398.7780457,401.0415209,395.4804432,396.1048354,4550324
3/14/2017,403.8318176,406.6025906,399.1487811,399.1487811,7878396
3/15/2017,394.9145813,403.8708483,393.1779592,403.8708483,6373978
3/16/2017,401.5097961,402.6220021,395.4413969,395.4413969,6702956
3/17/2017,405.9781799,406.9928231,397.7633764,404.0659403,9507846
3/20/2017,398.64151,400.6122972,396.1438934,400.6122972,4427388
3/21/2017,403.0708008,403.8903185,397.5877781,398.4073196,4869584
3/22/2017,401.0609741,405.8415494,398.2121701,399.01218,3990852
3/23/2017,406.0366821,407.0318414,400.6317147,401.2756384,4501662
3/24/2017,402.5049744,407.4221285,401.0610168,405.080622,4883896
3/27/2017,401.5097961,406.58306,399.8122135,400.8658724,7684824
3/28/2017,403.9684143,405.4708714,401.9781433,402.5439883,4796796
3/29/2017,402.680542,406.4464742,400.3390357,403.6366857,6981186
3/30/2017,400.2025146,404.2611357,398.1536963,403.5196491,12157180
3/31/2017,398.9341431,401.6854321,393.3730655,399.3243941,14153854
4/3/2017,393.6853027,402.9147269,392.63162,402.7976802,4315600
4/5/2017,388.6705627,392.3584402,386.7388152,392.2023302,7398338
4/6/2017,390.0949097,392.5144708,387.1290114,389.5290647,5379008
4/7/2017,383.0509949,390.6023686,382.0558592,390.6023686,6404508
4/10/2017,372.0654602,386.1535174,370.7776123,384.3583716,9528472
4/11/2017,377.431366,379.2070037,373.0995644,373.0995644,8655466
4/12/2017,378.0947876,381.2363282,374.7776531,378.5435859,6696752
4/13/2017,363.4798889,386.3485942,361.6261962,378.543572,30973188
4/17/2017,360.9432068,363.7529953,360.3968458,362.9334776,7213434
4/18/2017,360.0651855,364.494526,358.6797751,360.8847033,4647518
4/19/2017,358.7188416,362.933549,356.1627014,360.2017911,10071702
4/20/2017,361.8797913,362.8164033,358.4650946,359.61634,4549000
4/21/2017,360.4749451,364.8067227,359.4602779,364.8067227,3577466
4/24/2017,361.5871582,362.3481526,356.2992605,358.0553905,5556666
4/25/2017,362.6798401,364.1042661,359.2456353,361.3334929,4737060
4/26/2017,356.7870483,365.0993915,355.2065362,362.913995,9084496
4/27/2017,361.0797729,362.5432143,357.4699508,357.4699508,7797208
4/28/2017,358.6211853,361.9188112,357.3138301,361.7041541,5029702
5/2/2017,360.0455933,361.5285662,357.1187105,360.5919542,3231126
5/3/2017,364.6115723,366.4847726,358.1139062,361.5676187,4659448
5/4/2017,365.9189148,366.6994169,362.504218,365.6652421,5279806
5/5/2017,363.5189209,365.8018804,359.031033,365.275051,4432788
5/8/2017,368.9823608,370.1726218,363.7139718,366.055478,4707098
5/9/2017,369.4312134,371.4995394,367.6555518,370.9726862,5649372
5/10/2017,368.260437,370.7385218,365.723805,369.6263158,3364302
5/11/2017,368.4360046,370.6799482,365.879865,369.509195,3229482
5/12/2017,376.2996521,376.9825916,371.3044424,371.9093269,10979996
5/15/2017,371.3434143,376.0069195,370.3872944,376.0069195,7297164
5/16/2017,372.6897888,374.6995914,369.5482723,371.9483022,6130168
5/17/2017,371.8311462,374.0360739,368.338395,371.3628403,2915508
5/18/2017,375.3239746,380.0655347,367.9482197,368.0067669,8057848
5/19/2017,373.8409424,375.6946346,369.8993931,375.2263286,4257396
5/22/2017,375.2068787,377.3337517,373.294639,374.0166177,5503052
5/23/2017,373.5873413,377.3727814,372.3385331,376.4557009,4039982
5/24/2017,372.6117554,376.787447,370.5824448,374.6410659,5636286
5/25/2017,383.7339478,385.0217718,375.0313519,375.0313519,10438514
5/26/2017,388.572998,390.2510729,382.6801926,385.1778089,4988004
5/29/2017,384.4559021,388.9632978,380.7680242,386.699846,6308434
5/30/2017,388.7681274,390.2510768,381.9192258,383.2265574,3716910
5/31/2017,381.2947693,387.7339114,380.4362122,387.7339114,7763900
6/1/2017,384.9005737,388.1893013,379.8089674,384.0684703,5508606
6/2/2017,384.1278687,386.5052653,382.0476466,385.692993,3917966
6/5/2017,379.8882446,385.1383299,379.2146439,384.3458642,5462698
6/6/2017,388.0505981,391.2799053,382.1269369,382.3646669,7008686
6/7/2017,380.8985901,391.83463,374.4400002,390.2893124,12455046
6/8/2017,378.9768982,381.5524116,375.6881705,381.5524116,6195352
6/9/2017,375.8664551,376.7976167,365.7229042,371.8843199,14757662
6/12/2017,381.9089661,382.4438948,372.4984373,373.7861938,8591676
6/13/2017,379.5117493,381.5523577,377.0551012,377.8079532,4937794
6/14/2017,379.8287354,381.1363229,376.8966273,380.3834709,7438110
6/15/2017,377.2532959,383.5336012,376.2627137,380.2448733,5528062
6/16/2017,372.5579224,377.9466792,370.8739328,376.0645733,10948450
6/19/2017,368.4369812,372.5578111,367.7039604,372.4389461,6855860
6/20/2017,373.865448,375.1928424,370.1012365,370.4776624,5184396
6/21/2017,373.7861938,376.0249188,370.8936993,374.4399876,3735864
6/22/2017,372.51828,383.8307217,370.517285,375.5098329,9465242
6/23/2017,373.7466431,376.0844266,371.6664206,374.4400506,6403018
6/27/2017,367.3276672,375.6287505,366.0201036,374.4400519,6904660
6/28/2017,366.3964233,369.6851503,364.9303573,369.6058989,5905224
6/29/2017,368.5757446,375.6088766,367.1492921,368.5757446,15914040
6/30/2017,370.6955872,371.6663623,368.1002672,368.8134814,4216700
7/3/2017,377.1740112,378.4023232,370.3191645,372.8946777,5088924
7/4/2017,381.2353821,384.3457998,376.1834141,377.9466306,5167726
7/5/2017,376.777771,379.9872469,374.5984906,379.9872469,4226228
7/6/2017,375.2323914,379.1947186,374.1229446,374.4399259,3829720
7/7/2017,370.6361389,374.6182734,369.7049774,373.9842864,5776886
7/10/2017,379.2145996,380.3042398,372.4588351,373.726785,1464376
7/11/2017,386.4656372,392.0723408,379.0561035,379.0561035,11539708
7/12/2017,385.276947,388.9024868,383.8505186,386.3071668,6275976
7/13/2017,387.1392212,389.6751206,382.008002,387.2184726,5170392
7/14/2017,385.1581421,398.9470406,382.780745,396.014932,22478180
7/17/2017,389.9129333,393.0629894,385.930798,386.3270309,7698250
7/18/2017,390.5270081,398.1346821,388.7439606,390.7053176,8260180
7/19/2017,388.2487183,391.7355864,383.9892155,388.8827053,5890278
7/20/2017,384.1278687,388.248675,383.1372867,388.0307518,6809740
7/21/2017,388.3478088,389.3185842,384.9006024,385.5345653,5980754
7/24/2017,392.4883728,393.8553807,389.3383174,389.6949366,6129176
7/25/2017,393.795929,395.8365374,390.7647628,392.2704425,7145614
7/26/2017,393.8751831,395.8365402,392.428948,395.479921,6870024
7/27/2017,384.7619019,397.817779,383.0779123,394.6479162,12676852
7/28/2017,395.1827698,397.4214947,381.2948151,386.7232092,11098428
7/31/2017,400.6705627,404.8310066,390.9826671,393.0232755,19158248
8/1/2017,398.4318848,402.9687551,395.5790038,400.5913583,7689398
8/2/2017,393.5978699,401.2847964,391.1610525,398.6102248,4257584
8/3/2017,389.8931274,395.737562,388.4072542,392.6667574,4640348
8/4/2017,389.7940674,391.8742899,386.7430696,391.478057,5349018
8/7/2017,383.6523743,389.7939821,382.6419856,389.6949239,6073744
8/8/2017,381.9089661,384.4448656,378.4221223,383.7514582,6004648
8/9/2017,384.0882568,385.8911354,382.1863442,383.4146804,3922410
8/10/2017,388.8034363,391.2798913,384.0882563,384.3062037,9140684
8/11/2017,391.3591003,395.0440602,384.1872729,386.7231722,6544156
8/14/2017,388.8826904,391.9534947,387.1788942,391.4780105,3816470
8/16/2017,386.406189,390.7251115,383.949541,389.1005669,6178080
8/17/2017,404.4942627,407.822628,395.4601593,398.2139822,25784260
8/18/2017,365.8218994,403.3253402,350.3490148,403.3253402,164404960
8/21/2017,346.0697021,366.1190701,344.7225011,366.1190701,90407176
8/22/2017,346.8622131,355.440639,340.7602182,354.707618,49242598
8/23/2017,353.7565918,358.0755384,346.2678074,348.6848175,61284190
8/24/2017,361.4237671,363.8407776,357.5406662,360.5718569,42380524
8/28/2017,372.8551025,377.9863227,371.666404,374.0239943,40712108
8/29/2017,367.4860535,373.2512349,366.7332016,373.0333117,13369392
8/30/2017,367.1691284,372.0625938,366.1587154,371.3493796,16149664
8/31/2017,362.5332336,368.0804933,361.7209612,368.0210487,15022452
9/1/2017,364.5143738,366.8719638,360.5718525,362.9294426,8433922
9/4/2017,356.6888123,364.9700642,354.0340474,364.9304506,10177108
9/5/2017,357.3623352,358.5906471,355.5198432,357.4019488,9783392
9/6/2017,354.8660889,356.7283879,352.6471948,356.6095229,7735910
9/7/2017,354.9255676,356.8076736,353.5783663,356.6095572,6241192
9/8/2017,350.3886719,356.2132991,349.5169548,356.2132991,8604542
9/11/2017,348.1698303,353.3604713,346.1688592,352.8057598,13787642
9/12/2017,350.2896118,351.7556781,348.2093896,349.6952626,17241354
9/13/2017,350.1707458,351.6962325,349.0811056,350.8641533,11478228
9/14/2017,353.598114,355.2622722,349.318781,350.4678656,13698006
9/15/2017,359.8784485,361.8596125,353.5189167,353.5585304,13459460
9/18/2017,360.2153015,363.6427256,359.1058543,360.5719208,8475860
9/19/2017,361.4633484,362.9492213,357.9963116,359.7793591,6033330
9/20/2017,361.6416931,363.3454894,359.5614708,363.3454894,5767830
9/21/2017,360.3935852,362.6521173,359.8388737,362.5530591,8204152
9/22/2017,355.9359131,360.6708998,351.8547202,359.8388206,17604088
9/25/2017,354.7669983,357.3821491,352.2905435,357.0057231,9088700
9/26/2017,358.9473267,359.9379087,354.3510114,355.4208448,7366478
9/27/2017,356.5302734,359.7397737,354.6679744,359.0265353,6000138
9/28/2017,355.0245361,358.1547845,354.3509356,355.0641497,17537266
9/29/2017,356.5698853,357.5604672,354.628335,355.8170333,5705832
10/3/2017,358.0161438,361.3643158,357.243485,360.6114638,4947522
10/4/2017,356.4510193,358.7491889,355.4802683,357.7982205,4991492
10/5/2017,357.8180237,358.5708757,356.2132857,356.6095185,8611300
10/6/2017,364.5935974,365.3266184,358.1746216,358.1944284,8574308
10/9/2017,366.0794983,368.1002759,362.1567838,364.5341807,3504832
10/10/2017,370.6559448,372.4389923,368.3181618,372.4389923,7143220
10/11/2017,368.7739258,371.6664208,367.7040922,370.6560319,5982504
10/12/2017,367.4266663,370.2201026,364.3558621,368.4964996,10280972
10/13/2017,368.5361633,369.8833647,367.5257744,369.6059969,7180728
10/16/2017,372.0626221,373.2513205,369.6852251,370.8541168,5758750
10/17/2017,368.6946716,371.1909338,368.2984388,371.1909338,5625102
10/18/2017,366.257782,368.496507,365.7030706,368.0606606,7231852
10/19/2017,367.2880249,369.2889958,366.5946175,368.4965302,1091434
10/23/2017,372.2606812,373.2512631,367.743618,368.4964699,9154096
10/24/2017,367.1096802,375.0937806,365.1681298,374.8362196,14529328
10/25/2017,370.5965576,374.3211559,362.6520943,364.1379674,13984134
10/26/2017,375.3711853,377.1344263,372.4984971,373.2513492,33659258
10/27/2017,374.9749756,379.4722333,374.043838,378.4023997,8524956
10/30/2017,374.0834045,378.2636802,372.8748992,378.2636802,12968326
10/31/2017,370.3670349,373.6414293,369.6237795,371.6326044,9954988
11/1/2017,372.4562683,373.4004308,370.9496494,371.6326549,5633134
11/2/2017,370.7889709,372.0344328,369.6238425,370.849221,4686138
11/3/2017,372.2955322,373.6012684,368.398407,368.4184903,3699086
11/6/2017,373.1192017,375.6503165,370.688528,370.8894106,5066534
11/7/2017,383.8864746,385.6944172,371.974132,372.1348478,13442820
11/8/2017,382.6007996,386.4376504,380.6723325,385.7948362,5369994
11/9/2017,383.4846802,386.8996826,380.973649,382.8820327,4723232
11/10/2017,386.5179749,387.4420294,381.676712,385.2122387,6589428
11/13/2017,382.4601746,389.4709783,381.4155709,386.517991,5021216
11/14/2017,381.3151855,383.6253345,378.9648699,382.4602306,5733710
11/15/2017,382.3999023,383.0829077,379.4670229,379.7281799,7023516
11/16/2017,397.1045837,400.1178216,381.0741485,382.3999683,15687502
11/17/2017,390.09375,395.9394261,387.7635178,395.9394261,8057670
11/20/2017,385.9153748,390.113824,384.5895551,389.310294,5661190
11/21/2017,388.2054749,390.3147413,385.7145267,386.216733,5364656
11/22/2017,388.2254639,390.1338474,387.020169,388.3459884,6084920
11/23/2017,398.2495422,399.5351951,389.3102713,390.3146838,11894618
11/24/2017,405.6018982,409.5191074,397.8277543,398.1089948,18619912
11/27/2017,401.2627869,404.4568235,399.0731627,404.4568235,6017730
11/28/2017,395.6180115,401.7248445,394.2520006,399.515137,4616868
11/29/2017,394.8144836,398.53081,393.8502378,396.8032254,3838070
11/30/2017,392.1627808,397.5263579,389.0491022,397.5263579,17266944
12/1/2017,385.2122498,395.0153249,384.5091611,393.4886229,4085000
12/4/2017,395.8790894,400.479303,389.129443,393.7296567,17811606
12/5/2017,395.4773865,402.9703139,393.3279534,395.8791515,9976738
12/6/2017,397.8678589,399.3945609,395.3367444,395.7385094,7490094
12/7/2017,401.6846313,402.9301175,395.9795636,397.3455744,7549544
12/8/2017,402.5082703,404.5773699,399.7561897,402.1667798,5983244
12/11/2017,403.8943481,404.5371869,399.3343252,399.7360902,5139098
12/12/2017,405.9835205,407.389698,402.5685181,402.5685181,9320434
12/13/2017,403.2716064,409.3985225,400.8208498,406.1442359,5362398
12/14/2017,407.0281372,407.7915006,401.4837848,403.8742916,6023572
12/15/2017,410.9654541,412.3716317,406.525931,406.9879705,10384134
12/18/2017,408.4342651,414.0991415,404.0952083,406.5459894,4035448
12/19/2017,403.3520203,408.9767309,401.5842443,408.7758484,7118898
12/20/2017,408.1329956,409.2378494,402.1667947,403.8140215,4186326
12/21/2017,410.6239624,413.3961265,401.1222337,407.7111658,11059162
12/22/2017,417.5744324,419.764081,408.1932297,408.1932297,12906940
12/26/2017,416.0678101,418.4382333,411.005581,413.8179359,10808906
12/27/2017,415.5254822,417.4740328,412.7734015,413.0144507,6970172
12/28/2017,415.1237183,417.8356322,411.3270338,413.8179819,8433472
12/29/2017,418.6592407,421.3711545,413.8179528,413.8581195,6601768
1/1/2018,415.2442627,419.6435701,413.8179772,416.9115483,5431340
1/2/2018,413.6973877,418.6391167,411.0055819,416.730733,6112248
1/3/2018,410.3225708,414.4607452,409.2378004,413.2152836,6846552
1/4/2018,407.952179,410.2020531,405.6219224,410.2020531,8947614
1/5/2018,406.5861511,412.3715765,404.1755613,407.9119706,11025976
1/8/2018,416.2486572,417.4338444,409.8203926,411.7689676,5594690
1/9/2018,418.3779297,419.8042149,413.3759756,417.8355568,9948236
1/10/2018,422.7572937,424.2639127,415.043424,420.5676937,9468634
1/11/2018,432.2188416,435.272246,423.9625505,423.9625505,16775298
1/12/2018,433.2834778,436.2766567,430.1095733,436.23649,18016528
1/15/2018,434.3682861,439.1090842,427.9199376,433.9062465,10649250
1/16/2018,451.1218262,455.9229474,434.4084118,434.4084118,22646966
1/17/2018,462.8735352,466.7706858,451.1821812,451.9254368,26154088
1/18/2018,463.1145325,468.0160953,454.8381826,460.0209613,13204970
1/19/2018,459.3982239,461.1861078,456.4050939,460.0209793,5988278
1/22/2018,462.0297852,464.8220325,454.7980146,454.8582892,9650214
1/23/2018,472.9176025,477.2968511,464.0386053,464.0386053,15403796
1/24/2018,476.4129944,490.5752118,469.0606747,471.993579,20604718
1/25/2018,472.2345886,475.4487086,466.9513691,474.8862278,13548914
1/29/2018,475.2478027,480.6113554,468.1365332,468.6789551,10823002
1/30/2018,470.3262024,475.328157,467.1321412,473.6407636,8628312
1/31/2018,462.1301575,468.6990049,458.875871,465.7058755,9213698
2/1/2018,459.860199,465.203693,449.3942504,458.8959532,13005454
2/2/2018,459.3178711,467.2125638,454.0346511,456.1037508,10244486
2/5/2018,457.2889404,463.978338,456.3448024,458.0121371,9860220
2/6/2018,445.0552673,453.3316182,439.9930371,441.9214801,10552078
2/7/2018,445.5775146,451.9053137,443.367807,448.3697619,8342056
2/8/2018,455.7019958,460.5834509,448.5907743,451.1018058,8807244
2/9/2018,445.6176453,450.0973347,444.3520757,449.1732556,4382690
2/12/2018,443.0664063,450.2177929,441.0575815,447.8875856,6291972
2/14/2018,441.0375671,448.8920932,438.0042215,444.3521287,8345712
2/15/2018,447.7470093,453.8739259,443.1468194,443.1468194,7986736
2/16/2018,453.2110291,458.6750233,449.2134379,451.9856262,9889222
2/19/2018,454.6975403,456.4050415,450.0973506,453.3516373,6461840
2/20/2018,456.7866211,461.8287906,443.4480449,443.4480449,7188594
2/21/2018,460.9851074,462.7930497,458.012037,461.0252741,13771358
2/22/2018,466.3486023,467.6543382,458.1927553,460.2417955,17859974
2/23/2018,464.2997742,468.4580325,460.7240555,467.4536199,9459828
2/26/2018,457.4496155,464.0586791,455.7421142,462.4315112,5083608
2/27/2018,462.1101074,463.4962262,452.2468056,460.0008411,6616026
2/28/2018,471.1096802,477.8995192,459.03667,461.0655541,17268416
3/1/2018,466.3486023,469.9042118,464.4603269,469.9042118,6579852
3/5/2018,464.4002686,470.3865781,459.3179305,466.3488194,8101456
3/6/2018,462.5721436,468.2169617,459.4584647,467.0719412,6689734
3/7/2018,459.6593933,466.0474675,457.2287441,464.0386423,6370416
3/8/2018,464.7014465,468.3776057,461.6279348,461.6279348,6093014
3/9/2018,467.4134216,468.4580008,464.2595761,466.9915488,4220964
3/12/2018,476.3928833,478.8436402,470.7681729,472.4756743,7676970
3/13/2018,475.6094971,480.9127762,472.1342195,474.1631036,8581052
3/14/2018,474.4041138,478.3413812,469.703434,474.0826822,4429710
3/15/2018,475.0870972,477.4575204,470.8685648,474.0826847,6101500
3/16/2018,470.8283997,475.046932,469.7637126,474.8862162,17954826
3/19/2018,460.7240601,474.2836302,459.0768332,467.654507,7526620
3/20/2018,467.8755188,470.0651188,461.4673367,461.4673367,8553766
3/21/2018,469.0606384,472.2747584,466.9312643,470.0650509,7692994
3/22/2018,466.5696716,473.0581366,464.1590819,467.8552999,6813168
3/23/2018,469.1008301,471.5918026,458.9562633,460.8244804,12008084
3/26/2018,464.1389771,468.8195487,459.6191212,468.8195487,8930722
3/27/2018,463.6368713,466.5697758,462.0699778,466.0474617,3802088
3/28/2018,454.7176514,462.3310786,452.487836,462.3310786,12558322
4/2/2018,456.8670349,461.8489302,450.4990701,458.4138202,8072702
4/3/2018,458.1928101,459.4383206,453.2310228,455.8826616,4077168
4/4/2018,451.6641235,459.8400793,449.9767304,459.6190889,4813302
4/5/2018,461.0454407,462.5520594,453.6328471,457.8313207,7763544
4/6/2018,452.7891541,460.422689,450.8204957,459.217394,5937742
4/9/2018,446.4613342,452.3070343,444.5730584,451.9856027,7202882
4/10/2018,447.3252258,451.7848082,444.1111054,446.7627449,8926058
4/11/2018,451.6843567,454.5971533,448.5706776,449.1733251,9025574
4/12/2018,467.09198,471.1699045,451.9856258,453.7734604,17044366
4/13/2018,470.647644,476.4531784,462.1302447,471.6721645,21227038
4/16/2018,455.2801208,458.0121427,442.7450713,442.7450713,24745084
4/17/2018,452.065918,452.9498303,447.967935,452.7891145,10397940
4/18/2018,452.3672485,455.9027999,447.5059022,451.1217869,10430380
4/19/2018,455.1394653,457.9317615,451.2222566,451.5838549,8525542
4/20/2018,473.4599609,479.5868774,456.7867129,457.6103508,24272692
4/23/2018,477.176239,487.9033932,464.1389853,469.2614887,21830638
4/24/2018,463.8376465,480.6716081,462.0698709,476.0914778,8526216
4/25/2018,466.1880188,470.466826,460.1012691,462.8332908,11594178
4/26/2018,472.6564026,474.74561,466.0473881,471.672098,11302084
4/27/2018,476.171875,478.7431809,471.7524598,474.0827165,7663370
4/30/2018,481.9170227,485.3119167,474.3437638,474.7655875,5511678
5/2/2018,480.9329529,482.7609547,474.4846031,481.6762085,10295042
5/3/2018,475.1071777,484.0062325,472.5157643,481.0131031,5332230
5/4/2018,471.3105469,476.4933256,464.0386096,476.0915605,6023368
5/7/2018,475.2880249,478.1003801,472.2747872,474.5849361,4638960
5/8/2018,468.2772522,473.2390405,466.4693096,473.2390405,5718556
5/9/2018,470.3462524,472.8372248,467.2526816,469.0606241,3783504
5/10/2018,469.2614746,475.287949,467.1923753,472.4755943,3182862
5/11/2018,474.3840027,475.3683073,468.4780771,470.9891082,3311706
5/14/2018,477.8192444,478.703108,470.0651585,475.8304777,4432094
5/15/2018,479.9283447,485.3320637,477.3369314,477.3369314,5611974
5/16/2018,478.0802612,481.3144892,475.8906615,476.9955153,6205004
5/17/2018,475.2478027,481.0934537,471.49131,480.5109141,9519598
5/18/2018,475.3683472,476.7142992,471.2703636,475.2880138,7139660
5/21/2018,473.8816833,477.4574006,470.0649169,473.9017912,8475320
5/22/2018,479.6471252,481.3144598,471.6319333,472.073865,5636804
5/23/2018,476.0513306,485.1914838,474.6853198,480.109147,9538442
5/24/2018,490.5550537,493.186634,481.3144589,481.3144589,9740570
5/25/2018,493.4880371,501.6639462,490.4747992,494.2111848,8901438
5/28/2018,487.9034119,495.215515,484.5285762,494.5727009,5739794
5/29/2018,488.8274536,492.7848781,484.6089211,487.7628156,3388934
5/30/2018,486.8186646,493.6687779,484.3679077,488.9480388,6323066
5/31/2018,494.894165,498.9921486,486.2361093,486.818649,19720340
6/1/2018,490.4747925,500.6996934,489.0283991,494.3317272,4998356
6/4/2018,497.9474487,499.3937926,486.9390802,490.5951311,4270156
6/5/2018,490.494812,498.9921519,488.9480265,498.9921519,4710862
6/6/2018,497.164093,498.8113688,490.1734211,492.2424716,4038184
6/7/2018,503.1906128,505.4204284,497.3851275,497.3851275,6676226
6/8/2018,506.2440186,507.0274407,500.6193084,501.4027306,6459878
6/11/2018,507.1881409,510.241545,504.235178,508.4537104,5171290
6/12/2018,505.6213074,510.7438117,502.3870792,508.5341039,7839820
6/13/2018,512.170105,515.8663238,508.9559846,508.9559846,5766928
6/14/2018,510.2765503,515.7510226,507.9715278,515.7510226,7598848
6/15/2018,527.3790283,531.5980605,508.3419317,509.1651575,19957760
6/18/2018,521.6782837,531.4952429,519.5996181,528.5110489,8214846
6/19/2018,511.0588684,520.032055,509.5976719,519.8673997,7545700
6/20/2018,511.6966553,515.4834744,509.5768385,513.8987745,5371802
6/21/2018,513.0960693,517.1915975,508.7535332,512.8490614,5798790
6/22/2018,513.6312866,516.7801362,510.89405,511.6349736,4343118
6/25/2018,523.7568359,526.3706182,516.1625977,517.4591885,7731178
6/26/2018,525.9796143,528.4698928,521.2049139,522.3368496,4483504
6/27/2018,522.7485352,532.4008404,520.9374278,528.4905167,6952142
6/28/2018,530.8161621,534.2737217,525.3211381,525.3417389,10996818
6/29/2018,538.0604248,541.2710259,528.2023148,534.2942065,9966600
7/2/2018,549.3798218,551.5613907,540.8594532,540.8594532,4830144
7/3/2018,557.2211304,558.9293345,548.1656439,548.2273959,8127452
7/4/2018,553.7017212,556.7682678,551.087989,556.5213101,5025722
7/5/2018,528.5109863,554.5455034,521.9663309,554.4837514,17019902
7/6/2018,528.6139526,535.8583308,522.3368549,531.0836304,11215356
7/9/2018,534.6235962,536.3318004,526.473688,533.8621221,6644998
7/10/2018,535.6730347,541.4561657,532.7505931,538.5954762,5974488
7/11/2018,543.5142822,552.4257124,531.5363558,542.3206449,11899832
7/12/2018,532.7711792,546.2515025,528.6962012,545.8398896,13272240
7/13/2018,542.2589111,548.1037949,534.4176643,541.27103,19496158
7/16/2018,548.6184082,569.8370797,530.0340701,542.2590071,35344680
7/17/2018,546.5808716,555.4717017,540.3243243,547.3217448,11161690
7/18/2018,544.3789673,552.961091,540.8596549,551.4792938,6919016
7/19/2018,541.9706421,548.2271878,538.8423943,544.5638233,5118864
7/20/2018,554.8955688,562.7368179,543.8643687,545.7989301,11705738
7/23/2018,558.1265869,563.0865433,550.0178315,556.5624878,7675702
7/24/2018,566.8527832,569.0137512,558.1471593,565.7208476,6172246
7/25/2018,569.569458,573.7061885,562.0369204,567.6142964,6936922
7/26/2018,565.2474976,572.3066699,563.580445,567.4290663,7362218
7/27/2018,565.329834,571.730436,563.2100673,565.2269307,6493232
7/30/2018,556.0892334,565.1447205,554.8543942,563.9098814,6409970
7/31/2018,561.8928223,563.9097357,549.7296899,555.0806582,7943996
8/1/2018,557.3446655,563.2718532,556.0892256,561.3578927,4675706
8/2/2018,557.1798706,562.5719901,555.7392253,559.6289475,5940742
8/3/2018,561.4813232,562.3457006,558.1472678,562.3457006,3970390
8/6/2018,560.0611572,565.9677929,554.648437,562.2838772,6178930
8/7/2018,563.065918,568.0052734,560.0611736,565.5561964,7351528
8/8/2018,560.9256592,564.9388862,557.0359361,564.6507772,3992358
8/9/2018,568.0053101,571.9156334,565.4121784,565.4121784,6409524
8/10/2018,570.2692261,571.7304724,565.1652649,570.4133308,4779520
8/13/2018,579.8596802,580.3124443,567.4906923,572.1419382,9979746
8/14/2018,579.6745605,586.3632712,577.9046047,582.0001336,6151320
8/16/2018,588.4212646,590.6233837,580.8887282,582.4116759,6626774
8/17/2018,588.7505493,591.7553438,585.7252043,588.9769565,6390408
8/20/2018,569.7752686,579.5304761,565.350429,571.3188172,16101876
8/21/2018,569.6517944,574.6117512,565.4533619,572.1420732,8361482
8/23/2018,575.1879883,576.8755915,570.2280318,573.3768811,7717182
8/24/2018,567.3262939,577.040352,566.4207151,574.8176314,7053000
8/27/2018,582.5969238,584.4697324,568.6020849,569.2606555,7012950
8/28/2018,586.4249268,592.0640541,580.9916561,583.3378298,6496890
8/29/2018,580.4154663,590.0883716,578.3780021,590.0883716,5646496
8/30/2018,582.9262695,585.1284391,574.6734596,581.5268256,11507962
8/31/2018,593.1755981,598.6089209,584.9433366,586.5897889,10875864
9/3/2018,590.355896,604.2066823,588.6065409,596.4271872,10976328
9/4/2018,606.8409424,616.1845355,589.4296959,594.3690509,15370124
9/5/2018,600.8726807,612.5212985,597.1681636,610.792544,8658978
9/6/2018,598.6087646,605.4826812,596.0978853,603.0541546,5598659
9/7/2018,603.2599487,605.1945598,595.8509154,604.5359389,6510605
9/10/2018,601.6546021,614.9497198,600.4609647,607.3348806,5629871
9/11/2018,604.4946899,613.0974095,602.6012807,605.8118814,6963561
9/12/2018,611.5745239,614.538117,606.1000517,612.8093627,4636617
9/14/2018,604.0009766,613.3034211,600.1729552,610.7514404,7896514
9/17/2018,597.6209106,609.1872256,596.5095254,605.0710957,5427054
9/18/2018,591.9818115,600.9549952,590.253057,600.9549952,7729732
9/19/2018,592.5167236,598.4851102,587.1246051,598.4851102,4849498
9/21/2018,580.6213379,590.5824035,569.6724412,587.6599107,14350769
9/24/2018,591.2820435,600.9137972,581.6091385,581.6091385,8637881
9/25/2018,597.8265381,605.8941402,590.2528513,591.2818835,9602273
9/26/2018,590.9527588,602.4779227,586.1369068,601.9428559,6599606
9/27/2018,596.6742554,601.6136119,590.6235638,594.3692324,14592616
9/28/2018,600.9960327,604.7005491,588.7711487,593.5458487,7490031
10/1/2018,614.6616211,621.4532346,603.4245678,607.1290842,8252398
10/3/2018,599.7200928,619.024751,597.9089857,612.3154395,7792464
10/4/2018,582.1854248,600.7491607,578.3162526,599.7201282,6173037
10/5/2018,596.5095215,602.1898008,583.9141741,586.9601203,8543578
10/8/2018,588.1538086,599.8847788,583.8730235,596.8799838,7259306
10/9/2018,590.8703613,594.6983817,578.4396709,590.3352444,6777212
10/10/2018,576.6286621,592.6404179,572.4713809,592.6404179,8866251
10/11/2018,554.3193359,570.4134482,546.0459228,563.9099412,10985897
10/12/2018,558.8057861,563.1277225,544.5639867,556.8300739,8909221
10/15/2018,575.2703247,580.374336,561.0285248,566.8734094,6222176
10/16/2018,572.3478394,587.7010234,567.5319877,584.4904221,11588963
10/17/2018,580.6624756,594.2045542,577.3695714,584.4904968,20360697
10/19/2018,562.7161255,566.1325335,558.1472312,565.5562653,10421001
10/22/2018,559.7524414,572.183132,554.6895822,566.9556678,6672840
10/23/2018,541.3533936,561.4401279,537.8135318,556.4596207,9041701
10/24/2018,534.9321899,548.6800728,532.7506714,545.7987821,7058164
10/25/2018,539.883728,546.2083572,529.4813441,535.0986314,8270469
10/26/2018,527.276123,539.8422359,524.1970574,537.0127665,5464141
10/29/2018,536.5549927,541.3816889,525.5284651,527.3592949,7137446
10/30/2018,548.9129639,552.408175,530.4799704,533.517436,8793411
10/31/2018,571.2157593,576.6665986,551.7840745,552.4914671,11947995
11/1/2018,554.8217163,573.9621082,548.9131301,573.9621082,5860244
11/2/2018,551.1182861,562.3944599,549.3290558,554.1974019,6654067
11/5/2018,554.2390747,556.4027505,546.7493575,552.1585977,5799426
11/6/2018,554.6134033,561.7286224,549.7867083,555.8200898,6975525
11/7/2018,562.1448975,563.8092791,559.2322296,560.0644204,758956
11/9/2018,548.8297729,565.0574918,545.5010101,565.0574918,9694143
11/12/2018,552.7410889,562.8938259,551.1599062,554.239022,7118080
11/13/2018,553.9893799,555.6953607,546.1667667,552.1585501,4137808
11/14/2018,543.5871582,553.9895455,533.0183226,553.9895455,7323026
11/15/2018,546.25,554.2390105,538.17774,544.252722,5513390
11/16/2018,541.6312866,551.3263284,536.097249,549.1626529,8583785
11/19/2018,542.3386841,550.9102381,540.2998067,548.413666,6018930
11/20/2018,533.7672119,545.9171776,532.6853232,542.3387672,5384830
11/21/2018,515.2094116,532.6438227,509.3840748,532.6022233,14359086
11/22/2018,516.5824585,522.740691,513.2536952,517.8307447,6632975
11/26/2018,517.164917,522.6157559,499.1895675,516.790421,15075209
11/27/2018,531.6867676,533.4343481,520.3689413,520.5353896,12285851
11/28/2018,554.5720215,556.4860503,532.602162,533.3927535,17719890
11/29/2018,550.1195679,561.6454378,548.2471391,558.3998742,13399070
11/30/2018,555.4457397,559.2321976,550.0364997,550.0780991,10445773
12/3/2018,557.8590698,565.0575404,554.1974609,560.1892446,8260890
12/4/2018,570.258728,572.7553003,558.6496566,559.689895,7827923
12/5/2018,567.0548096,568.9272388,559.6482914,568.3862945,5177288
12/6/2018,556.319397,570.4250373,553.0322341,562.644025,8039771
12/7/2018,568.2198486,570.6748216,553.9061572,559.2321985,5553948
12/10/2018,556.9020996,569.0520651,553.5733364,557.4846433,5121196
12/11/2018,561.312561,567.4707918,549.7450914,556.901961,7120933
12/12/2018,564.6414795,566.4307101,558.0671516,563.476392,6926183
12/13/2018,580.6611328,582.5335621,565.8897461,567.5541277,7521474
12/14/2018,587.5682983,593.9345782,577.8733061,580.4114778,9560576
12/17/2018,577.8733521,592.3950419,576.5002168,592.3950419,4778465
12/18/2018,563.0601196,571.2988266,561.3541391,571.2988266,8021298
12/19/2018,553.2819824,558.8576704,550.1612672,558.8576704,8295459
12/20/2018,555.112854,558.8577125,546.2500526,549.2459191,11705260
12/21/2018,537.7616577,548.8297842,535.4731332,548.8297842,12802132
12/24/2018,540.0917358,548.2471941,538.9266486,546.7492611,8379825
12/26/2018,535.9724121,538.4273848,530.3967242,538.4273848,6178552
12/27/2018,546.5827026,551.9503414,540.091627,543.2123413,15333902
12/28/2018,546.7077637,552.1586033,543.6702469,552.0337544,4736598
12/31/2018,548.3721313,550.9103031,545.75071,549.2459215,3373319
1/1/2019,553.4484253,554.4886637,544.377577,550.0364637,2943390
1/2/2019,556.7771606,560.8965146,550.9518259,554.2389892,7416655
1/3/2019,556.8604126,563.3930891,551.8256184,559.2321357,6827249
1/4/2019,550.1195679,560.8132472,541.7560628,559.0240172,7889310
1/7/2019,558.982605,560.5637371,550.4942481,553.4069161,8046340
1/8/2019,557.609375,563.7676066,556.3610889,561.6871298,8621545
1/9/2019,562.644104,574.0451266,552.574617,571.0492604,18130292
1/10/2019,565.6400757,567.5541043,559.6898914,567.2212077,9572493
1/11/2019,568.8023682,570.4667496,559.6482701,566.0561489,12281903
1/14/2019,584.1146851,591.0218579,579.1631401,588.3588374,19312937
1/15/2019,604.6697998,607.4992688,588.5253292,588.5253292,19671304
1/16/2019,613.1580811,613.9902717,606.2509086,607.4159959,9658944
1/17/2019,610.2872314,614.9891308,606.7504198,612.3261095,6903771
1/18/2019,608.289917,612.658919,604.4202092,607.4993255,5902151
1/21/2019,619.9820557,624.9751997,610.8279582,614.3231692,8129422
1/22/2019,620.2733154,623.3108318,610.8279713,616.8613539,6723375
1/23/2019,608.8724365,617.9848854,606.8335588,617.7768377,7212099
1/24/2019,612.5122681,615.9429858,603.3078487,609.2488626,7429783
1/25/2019,611.1316528,617.4492731,606.0274038,609.1652744,5543112
1/28/2019,609.1234131,613.0143417,601.6343522,611.6755375,7944693
1/29/2019,609.081543,613.2234908,599.5423972,607.0732856,6760819
1/30/2019,607.40802,614.8552014,603.3915053,609.0815508,5763026
1/31/2019,627.1975098,628.6618492,607.4916944,607.4916944,13825233
2/1/2019,633.4733276,638.0337099,622.9719306,628.703754,6276585
2/4/2019,632.5109863,638.0336175,626.9046479,633.4314078,3945391
2/5/2019,631.6323853,635.8999197,625.0637968,625.0637968,4694366
2/6/2019,638.7030029,641.757217,631.2139426,632.2180712,5880482
2/7/2019,639.2887573,643.8491389,636.7784612,638.49382,3961797
2/8/2019,636.6948853,646.1921532,631.6742923,635.9417759,5915169
2/11/2019,638.284668,643.2634326,635.1049695,641.7154369,5500216
2/12/2019,627.9506226,636.2345696,620.0431791,636.2345696,7310690
2/14/2019,619.24823,630.0843522,616.9052971,628.4108214,4610535
2/15/2019,620.8380737,624.6453459,613.0142869,621.1309212,5586389
2/18/2019,620.0849609,625.607643,615.8593061,621.1727457,5346825
2/19/2019,606.0692139,619.6666526,603.5589175,618.4533325,9401334
2/20/2019,619.7921753,621.7167256,607.5335411,608.3284785,5210675
2/21/2019,613.725647,617.5329197,608.4121556,617.5329197,7202786
2/22/2019,614.9807129,617.7002003,609.1651834,612.9306275,3750833
2/25/2019,631.6741943,634.2681465,615.4827539,615.4827539,6547552
2/26/2019,621.2984009,629.7497122,619.3320223,626.4026501,8319610
2/27/2019,615.2317505,624.561705,613.139837,623.390213,5936354
2/28/2019,614.4368286,621.2146591,612.7632978,618.1186168,8559921
3/1/2019,620.7963257,622.0514739,615.4410062,615.4410062,3998826
3/5/2019,612.9307251,621.29838,611.0480027,619.6248491,4826505
3/6/2019,612.9307251,615.9430605,608.3285149,615.9430605,6076668
3/7/2019,604.9395752,614.6042057,602.9313177,614.1858229,5951551
3/8/2019,596.0697632,604.9395063,594.647303,604.9395063,7193994
3/11/2019,595.1494751,601.2160251,593.6014793,596.8648342,9932198
3/12/2019,591.5513916,598.2455157,590.4217275,593.2667507,11997387
3/13/2019,592.8064575,601.2995957,591.0073915,594.1034337,11348867
3/14/2019,592.7227783,598.2036328,590.9237633,597.4505235,6415187
3/15/2019,601.2578125,605.6090031,593.7687514,595.7770089,14638664
3/18/2019,594.270813,605.5671462,590.21247,603.7680801,8065544
3/19/2019,604.3539429,607.9101966,591.9279944,596.4464979,8917337
3/20/2019,618.3278198,621.1309636,608.453998,608.5376542,13471173
3/22/2019,621.800415,624.5199029,612.763358,623.3902899,8883260
3/25/2019,615.2317505,621.2146434,611.298943,621.2146434,7644966
3/26/2019,608.9559937,615.2317339,601.7179528,615.2317339,9406261
3/27/2019,610.5877686,612.7633383,608.4540268,610.838788,7387487
3/28/2019,617.3656006,623.3903226,610.8388396,610.8388396,9277241
4/1/2019,631.8416748,635.9418466,620.880066,620.880066,6584982
4/2/2019,635.4396973,640.7949655,631.4231823,635.1049707,7283600
4/3/2019,630.3353271,634.6865172,624.8963524,632.5946038,6897127
4/4/2019,625.8167725,630.753657,623.4737888,628.7454509,7688525
4/5/2019,635.3560181,636.7367015,625.9005784,628.3272187,6276040
4/8/2019,642.0083008,644.3094058,632.0926505,638.4938756,4919911
4/9/2019,636.4437866,646.8196987,634.4355802,644.3094024,6730692
4/10/2019,629.833313,641.5480283,628.661821,639.2887516,7031088
4/11/2019,621.4658203,629.0385388,619.248371,629.0385388,8200995
4/12/2019,625.6913452,628.8710436,619.708452,621.8003656,7043212
4/15/2019,608.7468872,611.9684139,596.2790611,606.4039541,31574803
4/16/2019,605.9017944,609.0815438,597.5341406,609.0815438,12524411
4/18/2019,600.0026855,604.5630677,596.4046041,604.5630677,13801105
4/22/2019,603.3496704,607.2824779,598.28725,600.0026089,6455426
4/23/2019,609.3325806,610.8387481,601.1322898,605.7344995,5516668
4/24/2019,616.2359619,617.4492821,605.8182212,609.3326465,8285120
4/25/2019,609.6254272,617.2400231,608.3702791,616.2358944,8005235
4/26/2019,617.5328369,619.0390044,610.0019487,611.6754794,6895168
4/30/2019,628.7037964,630.7538823,617.5329964,617.5329964,9920046
5/2/2019,611.5082397,626.2353437,610.4204548,625.0638516,6351352
5/3/2019,605.4833984,611.6754826,600.9648961,604.8977035,6348116
5/6/2019,601.1323242,603.9772961,594.6473919,598.2873012,8858265
5/7/2019,606.2784424,609.0816375,601.3833846,602.8058961,5747536
5/8/2019,601.9271851,607.4916955,599.542424,603.3078684,6247642
5/9/2019,603.3496704,611.0897502,598.9566521,601.7598468,7396525
5/10/2019,599.8353882,607.4918137,598.2873923,603.1406225,8352335
5/13/2019,602.2200928,607.8682595,595.8606448,599.5842612,6808993
5/14/2019,597.3250122,600.588418,588.7481661,599.5424611,10513001
5/15/2019,599.2077637,606.8223605,596.2790844,598.2036859,6668929
5/16/2019,613.4326172,616.6960223,601.7179031,602.4710123,6468556
5/17/2019,605.7345581,615.6920368,602.5548084,613.4746389,8155948
5/20/2019,604.4794312,607.8264932,590.7564562,602.220154,11213708
5/21/2019,593.5177612,604.6886113,592.1789569,604.6886113,8645535
5/22/2019,593.8942261,601.0067318,591.5931213,594.1034174,5795713
5/23/2019,586.6143188,599.7097166,583.6019841,598.2872053,7233736
5/24/2019,593.434021,595.5677625,586.1123239,588.9154675,7016424
5/27/2019,592.5134888,597.2830612,590.3379194,591.9277939,10247544
5/28/2019,609.2488403,613.7255657,593.9360444,595.7769384,23860490
5/29/2019,608.9977417,613.8928491,605.5251965,607.0731918,10293077
5/30/2019,613.8093872,616.9054301,604.6049657,608.3285828,15089296
5/31/2019,617.3236694,621.6748597,613.5163971,616.2777127,8290306
6/3/2019,623.0974121,628.3271962,610.0020124,610.6714145,7744761
6/4/2019,615.2736206,618.7462176,613.4746055,616.9053234,11733702
6/6/2019,615.5247192,623.0974883,613.8930673,616.2778287,7563925
6/7/2019,618.4534302,622.511774,615.733942,615.733942,3218358
6/10/2019,630.5027466,631.0047854,619.2900695,619.2900695,4435148
6/11/2019,631.6741943,635.1049119,627.9924063,631.7578504,5733127
6/12/2019,630.7538452,633.3896771,623.3903188,633.3896771,8738342
6/13/2019,630.2022095,634.0632642,627.9534366,627.9534366,4808577
6/14/2019,628.3353271,632.6206748,626.4684281,631.2204876,5556353
6/17/2019,628.420105,631.7720287,626.0864944,630.4991502,3085588
6/18/2019,636.5667114,638.5184486,628.1232717,628.1232717,6202838
6/19/2019,638.0516357,641.0216858,635.2512614,638.5607665,4596253
6/20/2019,640.5974731,642.2946448,624.4743421,626.0866242,7148684
6/21/2019,636.6090698,640.6822713,634.0208935,640.6822713,13200318
6/24/2019,632.6207275,638.0516975,630.2022787,638.0516975,4758178
6/25/2019,634.8270264,637.2031081,625.6623099,631.3478452,3677911
6/26/2019,627.2745361,637.6697106,626.256223,630.4991513,5447130
6/27/2019,619.9343262,631.9418356,617.8977514,629.6506436,11122346
6/28/2019,621.1647949,627.5291883,618.1947447,624.1348452,5919494
7/1/2019,620.5708008,625.8320432,619.340341,623.7105787,3224968
7/2/2019,627.9534912,629.3536785,619.5524711,622.8619764,4837606
7/3/2019,620.5708008,630.6689928,619.4676496,628.8020936,5958379
7/4/2019,622.6921387,624.8984924,618.2794829,618.6189379,3274064
7/5/2019,609.2845459,624.8985438,605.4659102,623.7105031,4926289
7/8/2019,608.9451294,615.1822659,604.4476352,607.9692868,7177092
7/9/2019,607.163147,610.8544745,601.6897581,609.2846115,5022638
7/10/2019,608.6481934,613.2729965,599.5258956,601.6473602,7573816
7/11/2019,612.2545166,613.9516878,602.1563271,610.5149265,6252688
7/12/2019,616.7097778,619.9768127,610.6423682,613.1032879,7874441
7/15/2019,661.3452759,663.2970645,640.0033756,647.4709197,31064152
7/16/2019,666.0125732,668.5159118,658.5026093,659.3511951,9924322
7/17/2019,673.9044189,674.6256961,659.1390056,665.2064147,6754348
7/18/2019,672.6738892,677.5956758,667.1580822,669.5765307,6534471
7/19/2019,666.479248,674.2013574,662.9575966,669.2795706,6812754
7/22/2019,665.6306152,672.0798456,663.6364078,666.9459127,7107151
7/23/2019,670.4251099,682.2628905,666.6064743,667.8369339,10782564
7/24/2019,667.242981,673.5649553,664.951789,668.6855871,5745146
7/25/2019,674.2012939,679.0382425,668.388503,668.8976337,9773568
7/26/2019,667.8369751,674.625661,663.7637739,672.3344691,4941763
7/29/2019,671.6131592,676.2803805,667.1580843,669.9584067,6244316
7/30/2019,672.6738892,677.0016555,669.1522378,671.995031,8673253
7/31/2019,673.4801636,678.6989353,663.2546629,671.1040818,7350584
8/1/2019,652.4351807,669.0250747,648.6590152,667.370322,10066407
8/2/2019,658.1629639,661.8119233,646.8343669,649.2103962,10838336
8/5/2019,659.0964966,666.9034951,652.2653923,655.6172643,9976238
8/6/2019,657.1872559,665.0366742,653.2413113,660.8785832,9331718
8/7/2019,658.5873413,664.8244773,655.4051449,660.9634227,5130457
8/8/2019,669.3220215,672.7163645,662.9576283,664.188088,8009009
8/9/2019,670.2554321,676.1106945,665.9700845,672.0799122,4362520
8/13/2019,648.9560547,666.9885047,645.0525803,665.4186416,7517099
8/14/2019,657.4841919,660.4118229,651.7138195,657.7387572,5940968
8/16/2019,657.2720947,661.9393164,647.0466466,661.8968975,5128088
8/19/2019,659.902771,664.4426843,656.2538106,658.1631287,3881451
8/20/2019,672.7164307,677.1715064,665.1639959,666.3096179,8435344
8/21/2019,678.4018555,682.0507637,672.9284673,672.9284673,5926896
8/22/2019,675.2197266,679.9717863,672.3769331,678.7837973,5222488
8/23/2019,680.7354126,687.3119513,675.3044438,675.8560452,6895015
8/26/2019,681.0325317,684.6390214,667.7521949,675.3894672,5412074
8/27/2019,665.8428345,674.5832574,662.8303136,671.2313333,16061642
8/28/2019,680.9901123,683.1115768,667.2430118,668.1764873,5881134
8/29/2019,684.7662964,687.0999073,675.049979,675.049979,7830413
8/30/2019,691.5124512,693.5914445,680.5656758,687.3543609,8174186
9/3/2019,690.9608154,697.8768087,689.0939168,691.5972546,5647088
9/4/2019,696.9435425,697.9194369,687.5666793,687.9909722,6199015
9/5/2019,707.7630005,710.690632,701.4834964,704.4110761,7926895
9/6/2019,712.9393311,718.7521227,708.6115127,715.6123451,6106841
9/9/2019,703.562439,713.0666099,702.2471414,710.0965597,4377870
9/11/2019,695.9251099,703.0956694,690.8760664,697.7920088,7981036
9/12/2019,692.7854004,695.7129797,688.0757082,692.7854004,4400017
9/13/2019,703.7320557,705.2170805,693.7187555,694.2278862,4832021
9/16/2019,702.3744507,711.0724548,696.3070417,706.0657781,4846496
9/17/2019,705.3868408,708.5690371,696.3069638,705.5989872,5540901
9/18/2019,704.1987915,706.8294381,699.2345861,704.2412622,3199389
9/19/2019,696.4343262,701.780406,691.7671046,699.9559259,6601607
9/20/2019,683.1115723,708.5691464,680.5658149,698.3012789,22462366
9/23/2019,648.616394,684.7237534,629.5656884,684.7237534,17279260
9/24/2019,673.819519,677.7230447,649.1681128,649.1681128,13717998
9/25/2019,672.6314697,679.7171395,663.2970271,668.4309602,9313576
9/26/2019,664.060791,676.3228659,660.2845739,668.4734474,18442824
9/27/2019,663.763855,673.989304,661.9817936,667.8794756,5087642
9/30/2019,683.6630859,685.6572416,665.4184935,666.2246085,8178091
10/1/2019,673.3952637,685.2754651,671.698092,684.8087533,5881438
10/3/2019,666.6489868,677.0441629,665.4185788,672.5466685,5497672
10/4/2019,673.3103638,676.8319635,667.8793943,670.3827326,8201713
10/7/2019,670.0009155,680.5658192,667.0732841,674.49841,3679845
10/9/2019,664.9943848,675.3895624,660.8787119,675.0076884,6335025
10/10/2019,664.4849854,674.3710289,659.0115975,666.4791927,10402917
10/11/2019,691.4276123,699.0648835,659.0116285,663.1697191,20636344
10/14/2019,667.0731812,676.3227858,661.8968292,667.6247826,15150858
10/15/2019,651.9683838,658.4600851,649.1680613,656.0415848,13762133
10/16/2019,654.6415405,658.4601767,646.2405202,649.3802981,10767032
10/17/2019,652.9866333,653.8776378,649.2528359,650.8651693,9860495
10/18/2019,651.5865479,656.6356434,644.9251704,648.1497859,10037200
10/22/2019,546.1074829,586.4577349,541.6948256,586.4577349,90152532
10/23/2019,559.0393066,564.237916,528.5353163,541.3384205,60516887
10/24/2019,545.9355469,561.2735021,543.0570219,558.5238358,25666433
10/25/2019,547.7399292,560.6718911,546.4939812,555.9459211,16549337
10/27/2019,557.5355835,560.6719302,554.7000118,559.468935,2945281
10/29/2019,559.0823364,561.7460443,555.9459895,559.383059,16709764
10/30/2019,567.632019,576.9121488,563.851274,567.4602075,22879467
10/31/2019,589.1136475,597.5774619,572.3579349,574.3342917,27405901
11/1/2019,591.0899658,596.3314751,586.5358074,592.8944061,9713519
11/4/2019,609.220459,629.4132387,582.7120862,585.8483801,29381982
11/5/2019,598.1360474,609.0058015,594.1834381,609.0058015,12897805
11/6/2019,612.0560913,619.961361,594.6129755,597.8781808,21372589
11/7/2019,618.7584229,622.4103092,611.8842838,616.0947149,13733737
11/8/2019,608.4902344,622.3244186,606.2131548,620.391067,8585630
11/11/2019,605.2678833,607.6738212,599.7685518,600.5419133,6951494
11/13/2019,594.0544434,601.4871267,590.961102,598.4796911,9973690
11/14/2019,606.0413208,609.9080243,598.3508666,598.3508666,10539902
11/15/2019,604.8383179,612.614677,603.4634586,609.2635133,7362623
11/18/2019,605.9553223,610.0797949,600.8856241,605.7834583,7490916
11/19/2019,612.5285645,613.5167426,605.7833383,609.9937683,6495885
11/20/2019,612.6575928,614.3761274,605.7834543,612.4857288,6142171
11/21/2019,612.8724365,619.9184393,610.5094513,614.8057881,9692973
11/22/2019,595.644043,611.7982561,588.6839471,611.5834393,14415826
11/25/2019,599.8544922,605.9123687,595.6441138,595.7729724,7334511
11/26/2019,593.4100342,607.7168571,589.4574252,605.7835055,27253106
11/27/2019,597.835083,599.4677115,592.9802029,596.5461824,3861635
11/28/2019,603.0767212,604.3656221,596.3744469,600.7137362,4837683
11/29/2019,598.350647,603.4632969,594.2261752,602.2603544,4262379
12/2/2019,595.2144775,604.9241877,593.152215,604.1508261,9383736
12/3/2019,600.069397,601.2294395,591.6485865,595.2145674,5239013
12/4/2019,609.0914917,610.5093035,595.772851,598.9091971,7427886
12/5/2019,614.2473145,615.1495872,604.7524196,607.0294994,4814422
12/6/2019,614.4620972,618.6725284,609.7361265,615.1925059,5226096
12/9/2019,616.3095703,620.6918133,613.731768,615.235486,6435865
12/10/2019,613.9893799,617.3834959,610.0797245,612.6575262,4457939
12/11/2019,619.5747681,620.9925803,612.6576758,615.7510175,6043554
12/12/2019,603.2915649,619.2739686,601.1004438,617.38357,11112042
12/13/2019,611.1967163,612.5715752,601.7877305,601.7877305,10302412
12/16/2019,613.5168457,618.8443134,610.2516405,612.0560808,5616324
12/17/2019,627.0072632,628.3391168,614.3760253,618.4145915,10525565
12/18/2019,629.3704224,633.5378483,621.035518,628.1244741,12215295
12/19/2019,627.9955444,632.3778395,622.6251233,630.272624,7199210
12/20/2019,628.5969238,631.5614062,625.7613525,628.1243373,7794167
12/23/2019,632.4208374,633.5378746,628.683045,629.1126787,4975608
12/24/2019,630.1866455,633.2370339,625.8043509,633.2370339,2890759
12/26/2019,626.3629761,631.1748525,624.3007134,628.9837311,3821806
12/27/2019,633.2370605,633.7096471,626.2769638,627.0503254,3399094
12/30/2019,629.757019,634.0963084,624.9021379,632.5066324,5368416
12/31/2019,628.2532959,633.924439,623.3554619,627.0073478,6927885
1/1/2020,633.151062,635.8577749,629.4562233,631.5614386,2112415
1/2/2020,631.3037109,636.5452206,628.0385056,634.9126442,5658200
1/3/2020,641.0134888,642.7320236,630.6163741,630.6163741,7882938
1/6/2020,634.8696899,647.7157479,632.8504326,641.0993785,6519403
1/7/2020,625.4606934,638.0918808,623.0547029,634.1392722,7899363
1/8/2020,617.1257935,626.4058699,608.6190261,622.9258478,8639443
1/9/2020,625.1599731,628.5540898,613.7746803,620.1332799,13521186
1/10/2020,634.2683105,638.3498311,627.6948934,636.2446153,9341405
1/13/2020,664.6861572,668.0802733,648.7467606,653.0430967,36952038
1/14/2020,666.4906616,667.6076986,659.2298429,661.5928278,11414418
1/15/2020,659.5305176,664.9438904,654.8905062,664.9438904,6047430
1/16/2020,659.0580444,663.7840148,653.2579899,662.2373441,5740586
1/17/2020,659.7883911,664.127733,654.9765151,662.2373344,3762957
1/20/2020,660.3040161,665.4166674,655.5780456,663.0106768,3887680
1/21/2020,655.1912842,662.0654222,653.6875665,660.3039349,4448374
1/22/2020,661.8077393,668.5100143,658.1988058,660.3040214,9733935
1/23/2020,673.9664307,674.9546092,667.3930659,667.7367414,12528017
1/24/2020,672.5916138,675.8138668,664.7292954,666.5767415,7540490
1/27/2020,668.5959473,674.3530494,665.4166998,669.4122618,3741610
1/28/2020,668.5099487,671.7751539,663.354345,671.0877506,5121009
1/29/2020,678.5634155,681.2271233,673.8803981,675.8996554,6832757
1/30/2020,670.8299561,678.5633613,668.509924,678.5633613,3859680
1/31/2020,666.7485962,674.4820033,663.0107513,670.7012055,6092028
2/3/2020,659.4018555,679.6375932,656.9099589,671.9471391,6416745
2/4/2020,676.9737549,678.7352949,661.7217596,661.7217596,5771311
2/5/2020,674.1381226,675.3840706,665.4165913,671.0877343,6310409
2/6/2020,662.7958984,676.0715905,661.6359084,673.9663748,7341622
2/7/2020,667.9085083,669.2403622,662.4951344,666.7485183,2853344
2/10/2020,664.385498,668.5099707,661.4210153,665.0729014,3827682
2/11/2020,664.6861572,669.4550799,660.9483657,669.3691741,4312817
2/12/2020,671.1307373,673.0211359,666.0180862,666.6195838,2948825
2/13/2020,680.7545776,682.2582955,672.118951,674.5248892,4387430
2/14/2020,675.770752,686.7264096,674.181076,682.687843,5321680
2/17/2020,678.3486328,681.7857023,673.0641175,679.0789891,2929629
2/18/2020,685.3946533,686.5975962,673.3649099,674.5248999,5083346
2/19/2020,687.8005981,691.5813432,684.1057588,687.4139173,3985192
2/20/2020,684.8360596,692.6553713,682.1293465,690.2064804,4564569
2/24/2020,683.8479004,697.3813612,680.6686531,687.4997866,6627536
2/25/2020,686.0390625,692.5694733,683.4612605,686.5546019,6996695
2/26/2020,672.5916138,688.659926,670.658262,682.2154199,8760569
2/27/2020,668.3809814,670.8728773,663.5261532,668.5098925,5223386
2/28/2020,628.7258911,650.2934793,620.4339407,644.4504721,14123957
3/2/2020,636.7600708,658.1128963,630.4874295,633.2800485,9821523
3/3/2020,641.8727417,652.1839504,636.9319542,648.7468808,7826587
3/4/2020,651.9690552,654.3320402,640.6267165,647.8016298,11013444
3/5/2020,648.4031372,664.6862644,645.9542462,656.2654546,7755293
3/6/2020,634.9556274,639.2949171,626.4918125,636.717115,9216022
3/9/2020,605.31073,623.6990148,598.9091795,622.5390252,10308654
3/11/2020,589.4574585,598.0071799,574.892865,593.453073,16165009
3/12/2020,542.3695679,575.7091309,539.1902682,573.9905962,13965574
3/13/2020,551.9503784,573.1313402,489.7824047,508.686287,16903113
3/16/2020,501.081665,534.5930843,498.3749525,534.4641732,19140152
3/17/2020,476.8503723,508.6862135,472.5969889,505.3350503,16059887
3/18/2020,459.1065674,496.6565637,453.6931932,488.0638896,15390183
3/19/2020,468.7732544,479.4711425,437.5818626,437.5818626,16583991
3/20/2020,502.8432617,530.5546336,470.8785059,472.167407,21354894
3/23/2020,452.3613281,482.0060531,443.2960676,464.0043908,17146150
3/24/2020,506.7958069,516.5485215,448.5374986,448.5374986,20027097
3/25/2020,520.8878784,545.6347676,486.0875507,512.9826083,18339548
3/26/2020,552.5089111,559.2541389,525.9575288,528.4494251,14843813
3/27/2020,560.843811,579.9195567,551.8644567,571.4557419,13495283
3/30/2020,538.5028076,570.1238326,533.6908794,537.1279485,14624804
3/31/2020,551.2200317,568.8350133,544.5177566,558.5238046,15175521
4/1/2020,517.9663086,547.7828939,510.404767,545.0761809,13083824
4/3/2020,503.2728577,520.715973,500.2224693,518.5678048,10221655
4/7/2020,549.0718994,553.5830535,526.64504,528.4494807,15145605
4/8/2020,542.7133179,563.3787427,538.2021636,541.3385109,11806896
4/9/2020,546.7088623,560.9297267,543.1428818,555.7741225,11931114
4/13/2020,547.6970825,559.9845963,537.9443657,540.4792151,8330276
4/15/2020,549.1146851,561.3592425,546.1502028,559.7266663,11963447
4/16/2020,536.053894,545.5488398,518.5678251,532.702783,17783287
4/17/2020,540.2643433,555.086705,537.9013581,553.3681703,8878320
4/20/2020,561.359314,567.9756826,549.0718021,549.9310694,13322913
4/21/2020,544.0880737,555.5163185,539.4480093,539.4480093,11660575
4/22/2020,551.520752,554.2274652,539.6628725,544.0881205,8266728
4/23/2020,583.7002563,587.4381005,548.2984337,555.9888864,14451289
4/24/2020,565.3979492,580.005495,562.648283,574.4632098,7319940
4/27/2020,571.0690308,585.1610356,568.0186423,568.0186423,7183306
4/28/2020,567.7178345,581.723879,561.1444196,578.2868103,7296571
4/29/2020,581.3372803,586.0202975,565.3978824,572.2720208,8639056
4/30/2020,614.8057861,618.6724892,599.8545133,601.4871423,16253821
5/4/2020,578.8883667,602.5182165,576.0097899,592.7225487,9122740
5/5/2020,578.8883667,589.1136157,575.7090673,585.8054577,6393053
5/6/2020,572.1861572,585.5477542,570.5964811,581.6380982,7934250
5/7/2020,571.369751,579.4468314,569.2215829,571.8852903,4779548
5/8/2020,579.3179932,585.0750943,574.4201593,577.6424115,8400321
5/11/2020,586.7937012,600.2412039,582.5832701,586.4499732,7370186
5/12/2020,590.8751831,593.7537076,580.4350644,583.0128663,7356039
5/13/2020,596.4604492,601.4012365,587.5240478,597.0189415,8287101
5/14/2020,565.5268555,577.212871,560.7578795,566.2572118,16888262
5/15/2020,560.500061,571.2409025,555.688185,571.2409025,9255353
5/18/2020,570.4675293,576.1816249,561.1014956,566.9874551,10435442
5/19/2020,574.5060425,579.8335097,562.8200293,570.5534342,5902208
5/20/2020,575.3223877,578.2868703,566.8156732,574.4201676,5794636
5/21/2020,577.5995483,583.8292369,571.7565406,572.7017137,7213225
5/22/2020,594.9136353,597.9210705,578.7164692,580.0053701,11867731
5/26/2020,584.774353,601.014526,583.4424992,595.4722414,7099606
5/27/2020,606.170105,609.3923572,580.0054062,589.500299,8774636
5/28/2020,607.8456421,610.0797158,592.8943717,607.5019142,9440091
5/29/2020,601.8360596,610.3714952,587.8570995,603.1425054,28290128
6/1/2020,609.2827148,615.4665897,602.2714669,608.5859544,12276438
6/2/2020,616.7294922,619.8214564,607.540834,610.1101881,7059304
6/3/2020,611.0247192,620.0392276,606.1908802,618.9940603,11378568
6/4/2020,616.4246826,617.9053318,607.4973029,611.4166403,10782424
6/5/2020,612.7666016,619.8649782,610.1972476,615.7714375,7718679
6/8/2020,627.8343506,632.1456328,613.1586291,616.3376688,10719105
6/9/2020,625.0037842,635.4553528,622.7828365,627.0941192,10078029
6/10/2020,623.4795532,626.6150555,617.6876746,622.7392551,7263049
6/11/2020,613.1150513,621.3456708,609.8924742,620.1263001,8825715
6/12/2020,602.7505493,605.4505693,588.3361076,588.5973861,9795316
6/15/2020,598.8312988,613.5070744,596.8280922,603.5780633,7857344
6/16/2020,610.7198486,620.1262474,608.9343834,611.4166091,10131760
6/17/2020,612.8537598,618.6456377,607.9327925,609.5876452,7291916
6/18/2020,621.781189,624.1327491,614.9005525,616.8166838,6670195
6/19/2020,614.508606,620.039259,610.5457306,617.5134422,22438862
6/22/2020,612.8973999,617.2522201,609.6748224,615.8586457,7804096
6/23/2020,627.6601563,631.013346,602.7940944,605.9295963,12157390
6/24/2020,621.9989014,633.016563,617.8618228,624.3940521,10220838
6/25/2020,610.1103516,614.5522472,604.0136029,613.8990241,14945284
6/26/2020,651.6551514,654.6163965,618.3843223,618.5585257,26030458
6/29/2020,637.3277588,648.6067506,635.8906473,640.5067979,8954428
6/30/2020,640.9858398,643.5987313,630.7955524,638.2422825,10411290
7/1/2020,637.4584961,646.5164887,635.5859025,642.1181317,5477468
7/2/2020,658.9713135,666.6793764,640.50692,642.2052572,17263756
7/3/2020,664.2841187,665.416361,655.400277,657.5776866,7796572
7/6/2020,665.4164429,674.9970461,663.239033,666.4616102,8810958
7/7/2020,691.6760254,694.1147138,666.7664251,670.1196682,19362533
7/8/2020,674.7357788,683.6196217,672.5583689,683.6196217,8476642
7/9/2020,680.8325195,688.0615096,674.9970505,679.3518702,6854166
7/10/2020,680.9631348,687.974437,673.6906071,673.6906071,5206452
7/13/2020,694.2017822,701.4307721,684.6211791,686.3195694,10804688
7/14/2020,682.1824951,702.3453313,680.5276424,690.6308558,8961822
7/15/2020,723.727478,738.9693466,692.2421111,695.9001702,30060599
7/16/2020,793.4481201,832.206014,778.8594747,783.9545923,90432109
7/17/2020,786.6110229,801.1996674,777.0304206,793.4480679,31682878
7/20/2020,813.7415161,823.06084,789.7464726,791.2706594,18421053
7/21/2020,815.8754883,827.1544822,809.299721,823.0609409,12877784
7/22/2020,799.4577637,817.8350802,792.5771278,817.7915426,14354201
7/23/2020,790.791687,797.6287324,784.4336611,797.4981197,13051307
7/24/2020,803.7689819,806.2947984,786.6981114,786.6981114,18209580
7/27/2020,826.0657349,829.8544066,800.1110209,802.6367843,16827870
7/28/2020,838.6075439,842.7010848,819.751208,823.9318239,15818463
7/29/2020,831.0302124,836.1253299,821.8415009,830.2463236,11152710
7/30/2020,837.3881836,847.1429891,835.0365706,837.8672031,12492320
7/31/2020,841.3511963,859.1624201,830.2899432,844.1818292,12704346
8/3/2020,833.425354,840.8285469,825.1947347,836.1253208,8479792
8/4/2020,827.2850952,845.4447257,819.185141,836.5173451,11133170
8/5/2020,822.7996216,836.9527852,817.2254313,829.1576475,9614176
8/6/2020,845.5753174,848.6672819,820.883511,830.4641143,10976491
8/7/2020,828.199585,844.3559545,826.5447323,844.3559545,8010948
8/10/2020,828.5914307,833.3381942,823.32211,826.4576118,5716319
8/11/2020,826.0657349,837.8672853,824.0189378,827.3286432,6802442
8/12/2020,831.7269287,835.0801182,820.6221398,825.6737194,6908726
8/13/2020,828.4608154,843.5284792,825.8914615,831.596264,5097703
8/14/2020,830.5511475,838.7382293,829.2011641,832.5108162,4663873
8/17/2020,833.947998,846.96892,830.9866993,830.9866993,9008210
8/18/2020,842.7009888,844.1381003,834.9929806,839.5220029,6141761
8/19/2020,835.515625,846.1849323,833.9043631,845.6188377,6622744
8/20/2020,831.9012451,840.9157008,828.548002,835.16736,5656501
8/21/2020,826.3706055,839.1302489,824.4109365,838.7818421,6513773
8/24/2020,825.1512451,829.1576579,818.0093303,824.8028383,5798574
8/25/2020,817.0512085,826.2399201,813.131871,825.2382904,6233918
8/26/2020,828.1123657,831.1172014,817.3124466,819.7946721,5153601
8/27/2020,824.8463745,836.9527943,823.2351125,836.125368,6154280
8/28/2020,814.5689697,829.5930967,812.6528386,828.6785952,7593610
8/31/2020,808.7770386,827.8511688,796.5835442,814.5689696,12808355
9/1/2020,796.1916504,814.351226,794.4061319,806.7302921,6907773
9/2/2020,804.7705078,806.8608421,795.6253884,796.931834,5678118
9/3/2020,814.8303223,826.893205,804.7706992,806.9481091,8827948
9/4/2020,800.5465088,809.5609641,796.4529677,796.9319873,8650342
9/7/2020,805.6851196,807.8625293,795.2335532,800.3287237,6700385
9/8/2020,818.0963135,829.1575647,806.1205608,809.9528229,12891964
9/9/2020,808.0366821,823.9317718,806.5124954,814.3511698,5528947
9/10/2020,818.7495728,820.4479629,805.4673738,814.6124944,5171884
9/11/2020,823.6706543,831.0303106,810.867473,814.2642539,6671903
9/14/2020,852.151062,863.1687229,825.9350179,833.5124141,21871587
9/15/2020,855.6784668,865.7380889,846.2720676,853.1091127,11608203
9/16/2020,872.4880981,875.8848787,855.2865609,858.7704165,10059251
9/17/2020,880.5444946,889.2541335,866.6090724,866.6090724,15628241
9/18/2020,872.8365479,887.3380658,870.1800653,880.5445576,12897633
9/21/2020,879.5864258,897.963742,871.3993442,871.8348261,14140637
9/22/2020,877.4960938,890.5605517,863.2993934,878.8025395,12625762
9/23/2020,888.1655273,903.1896561,878.0187756,888.5139342,13486204
9/24/2020,849.538208,878.8025737,844.8349817,873.5767903,14427432
9/25/2020,880.9364624,883.9412985,849.1898171,849.8865776,13311078
9/28/2020,880.0219116,885.0299539,869.6574204,883.8541207,8554526
9/29/2020,878.8026733,895.3509893,874.5349285,886.6413493,8708463
9/30/2020,878.149353,891.8234969,875.3187203,878.802576,8048817
10/1/2020,886.3364868,894.0444965,881.1977782,888.9057879,5563358
10/5/2020,913.3798218,918.7798619,886.6848095,886.6848095,14212509
10/6/2020,919.5202637,923.2218608,898.2687203,918.8670407,9090819
10/7/2020,928.9265137,933.673224,901.8830443,910.0701255,9284008
10/8/2020,952.5731201,978.9633673,947.9570755,949.3505964,21482613
10/9/2020,963.9828491,969.6441142,948.0005771,953.7925081,10567867
10/12/2020,986.0181885,992.8988244,968.5989109,978.0924384,14633537
10/13/2020,1008.402161,1015.587614,989.0232117,989.0232117,17523825
10/14/2020,990.2858887,1014.585801,985.1471807,1012.059985,16649573
10/15/2020,965.2458496,1032.9633,951.5281667,1027.737516,44288251
10/16/2020,982.0119019,989.3715051,955.3604249,970.1232221,18365685
10/19/2020,980.6183472,992.0279538,971.3861504,988.544098,12902123
10/20/2020,990.7214355,996.9923331,966.7699283,974.5215283,10448776
10/21/2020,1000.171387,1005.39717,988.5440398,993.9004891,19811433
10/22/2020,983.3617554,1008.576116,978.7891953,994.6406944,11271335
10/23/2020,988.159668,999.1636732,986.0909365,997.4030323,9069862
10/26/2020,979.3123169,994.4098322,971.1254022,987.9394992,6309368
10/27/2020,960.2974243,976.8914413,948.2370786,973.3701599,10172479
10/28/2020,947.7088623,972.5338518,941.9867804,964.390889,7608392
10/29/2020,946.2122803,952.5065921,933.2275555,941.9427482,6935616
10/30/2020,933.6677246,953.9150923,926.4050819,943.7033979,8800386
11/2/2020,943.9676514,950.7020168,925.3047936,937.5412692,7183119
11/3/2020,935.3844604,950.2178373,930.9387996,943.703445,7204782
11/4/2020,963.0262451,982.4373486,939.1256375,940.1819788,15702690
11/5/2020,971.8736572,988.5997437,967.4720555,977.0675687,9568890
11/6/2020,979.576355,986.9270076,961.0455708,975.3948338,8807127
11/9/2020,1000.528076,1008.84706,986.9711221,994.145754,10160320
11/10/2020,960.4736328,980.5448738,948.9854084,980.5448738,15622869
11/11/2020,988.159668,991.5488801,956.9082932,964.8311769,12514800
11/12/2020,983.9780273,1005.325795,980.4567461,993.0893211,9180976
11/13/2020,989.6560059,997.4028672,983.3177429,985.9587037,6363212
11/14/2020,997.7990112,1003.257062,995.73028,1000.924191,1136144
11/17/2020,989.2159424,1007.966809,979.4884669,1007.746729,12813968
11/18/2020,977.6398926,997.1389041,969.6288907,993.4416012,9839468
11/19/2020,965.4912109,981.2929161,962.8943092,968.3522517,10092343
11/20/2020,971.3013306,976.2751615,960.5174075,973.6342007,8063554
11/23/2020,1003.433167,1007.790817,970.0690025,972.7540227,10546363
11/24/2020,1003.609314,1016.68205,997.7111028,1007.966857,8515426
11/25/2020,982.1292725,1006.646169,978.255842,1000.924088,8958701
11/26/2020,979.9724731,985.9146349,966.8557872,985.9146349,10962256
11/27/2020,968.352356,986.8390828,960.429473,984.1981218,25306145
12/1/2020,1001.672607,1003.785398,972.798161,972.798161,8933802
12/2/2020,1004.3573,1010.123332,986.838907,998.2830692,6741637
12/3/2020,991.6368408,1009.727467,988.3356394,1009.727467,16212632
12/4/2020,998.8554688,1000.9242,981.557153,990.3603562,10564055
12/7/2020,1006.646179,1015.009221,1000.043777,1009.991439,7792141
12/8/2020,1015.317383,1027.333776,1007.96673,1007.96673,12308330
12/9/2020,1034.552368,1038.337788,1018.530582,1028.258164,10039346
12/10/2020,1027.994019,1031.427289,1012.368333,1018.882725,9488782
12/11/2020,1023.988464,1031.691266,1016.989961,1020.907344,10574009
12/14/2020,1025.177002,1032.263516,1010.78368,1029.446534,6728187
12/15/2020,1016.417725,1024.428617,1014.128913,1017.650194,6905926
12/16/2020,1026.189209,1029.006298,1015.537356,1021.171427,7788404
12/17/2020,1020.467163,1029.006334,1017.826202,1026.365373,6658153
12/18/2020,1047.405273,1051.982897,1034.904659,1041.286982,15995676
12/21/2020,1036.401123,1064.967474,1014.173036,1045.820507,10858352
12/22/2020,1074.43103,1077.380082,1035.344784,1040.538695,10901851
12/23/2020,1103.085449,1108.191243,1083.278241,1089.836585,15878346
12/24/2020,1088.119751,1100.312163,1079.272491,1100.312163,7313885
12/28/2020,1091.861206,1098.639629,1088.075786,1090.232528,4607051
12/29/2020,1100.664429,1104.317672,1087.195486,1087.195486,6878105
12/30/2020,1097.583496,1103.305579,1089.968703,1103.041439,5194690
12/31/2020,1105.506226,1107.795037,1090.716802,1094.238083,7430470
1/1/2021,1109.599609,1114.04527,1105.506206,1107.354857,4253550
1/4/2021,1134.072632,1135.613192,1110.215973,1117.126466,7208454
1/5/2021,1138.958374,1143.535996,1122.452369,1128.570552,8145280
1/6/2021,1128.658813,1146.177212,1116.290376,1144.416571,7161715
1/7/2021,1111.096313,1142.347685,1105.242162,1140.895135,10954918
1/8/2021,1155.068237,1159.205807,1125.269417,1125.269417,13186251
1/11/2021,1211.496704,1217.791015,1179.629154,1181.477805,20528626
1/12/2021,1207.579346,1213.081347,1197.235582,1213.081347,8309868
1/13/2021,1221.136475,1226.110306,1197.235754,1209.42817,14442997
1/14/2021,1206.479126,1218.363452,1160.658405,1197.235762,27521697
1/15/2021,1183.986816,1201.153063,1179.629274,1197.235681,15018441
1/18/2021,1155.024292,1179.629201,1149.698311,1177.868561,8861765
1/19/2021,1159.07373,1171.706305,1154.98022,1162.022782,5585744
1/20/2021,1179.144897,1187.023828,1162.506931,1162.506931,8225838
1/21/2021,1179.365112,1198.160037,1175.22765,1188.432455,6142421
1/22/2021,1180.377441,1193.714315,1167.788926,1168.185027,9646591
1/25/2021,1166.512573,1186.583922,1155.860718,1184.030971,6542611
1/27/2021,1145.296753,1168.669301,1131.299638,1161.67069,8133665
1/28/2021,1123.464722,1141.291208,1120.251639,1137.197804,4660690
1/29/2021,1090.760986,1136.625656,1083.674364,1132.312064,12183519
2/1/2021,1109.995972,1125.005369,1092.477575,1100.884677,8880279
2/2/2021,1119.107056,1139.48649,1112.372585,1126.809857,6892490
2/3/2021,1130.903564,1147.937742,1120.647811,1124.741322,8182968
2/4/2021,1126.237915,1138.60646,1119.81164,1131.211747,5032240
2/5/2021,1119.855225,1134.512576,1110.964013,1132.443846,5477481
2/8/2021,1147.541626,1153.219649,1122.848597,1131.651801,6921922
2/9/2021,1149.302246,1172.586676,1142.523715,1150.490657,7965949
2/10/2021,1141.335449,1148.245943,1129.979294,1140.719268,5951207
2/11/2021,1137.946045,1140.895096,1129.494992,1134.732854,4673317
2/12/2021,1153.043701,1165.324128,1145.781058,1148.81812,5797875
2/15/2021,1152.911621,1169.417628,1150.666761,1162.022916,4363513
2/16/2021,1135.965454,1161.802836,1132.092023,1156.740994,6896421
2/17/2021,1127.954346,1139.57453,1122.408285,1135.965238,4575741
2/18/2021,1137.77002,1149.698404,1122.408472,1123.288792,6437551
2/19/2021,1136.757568,1143.976151,1123.992925,1140.983041,5389696
2/22/2021,1113.78125,1151.943223,1109.203627,1140.014839,7371303
2/23/2021,1114.793335,1136.493247,1107.046583,1119.018914,6612942
2/24/2021,1121.792236,1123.816909,1102.16105,1109.247672,4537258
2/25/2021,1122.012207,1144.196234,1119.767347,1134.248572,8788221
2/26/2021,1103.30542,1121.792145,1095.778639,1117.126405,15132388
3/1/2021,1115.365845,1130.77145,1108.323282,1112.108703,5756286
3/2/2021,1148.377808,1153.219569,1126.105662,1128.790681,10461434
3/3/2021,1182.754272,1185.791334,1151.458846,1161.318389,9056399
3/4/2021,1171.134033,1200.624762,1167.216651,1175.227544,12041941
3/5/2021,1159.117554,1179.629057,1148.861909,1169.505375,6486176
3/8/2021,1175.887939,1184.999234,1159.557954,1166.248474,5119392
3/9/2021,1184.514893,1188.828376,1160.922268,1170.38571,6518173
3/10/2021,1204.410034,1209.559886,1192.833803,1194.506432,7925984
3/12/2021,1210.30835,1225.141725,1206.082877,1208.679779,9462061
3/15/2021,1209.207886,1214.753946,1195.915071,1206.038754,6658635
3/16/2021,1218.363403,1237.730452,1215.282282,1220.168103,9352771
3/17/2021,1221.00415,1232.448313,1216.602549,1225.625832,7626744
3/18/2021,1177.076172,1226.946335,1156.300636,1226.946335,10961755
3/19/2021,1183.546509,1193.009951,1160.262081,1170.825924,12767112
3/22/2021,1206.743042,1211.320664,1176.195865,1188.520348,4862758
3/23/2021,1207.403442,1217.703148,1196.88355,1208.195645,7165335
3/24/2021,1191.733643,1206.434949,1185.13124,1195.342934,6134303
3/25/2021,1174.171143,1190.633088,1168.713093,1185.571246,8749994
3/26/2021,1176.284058,1194.330626,1172.586755,1183.766781,4922071
3/30/2021,1219.507813,1232.448479,1176.240046,1185.70349,10546381
3/31/2021,1204.322266,1221.884613,1200.140744,1216.602691,8220987
4/1/2021,1219.419556,1225.053627,1206.919051,1214.841933,5675155
4/5/2021,1241.163452,1254.456265,1221.004098,1224.525379,9479572
4/6/2021,1242.176025,1255.336771,1238.126466,1252.69581,5793571
4/7/2021,1259.03418,1263.215702,1238.25864,1241.471831,5879234
4/8/2021,1267.529297,1277.961072,1250.935279,1258.858162,5654434
4/9/2021,1268.585571,1280.865996,1258.902048,1280.865996,6052712
4/12/2021,1255.116699,1300.717335,1245.653256,1297.592155,20384532
4/13/2021,1229.939453,1263.479633,1210.440338,1261.498912,14855206
4/15/2021,1197.895752,1202.869583,1162.022703,1172.850684,25342491
4/16/2021,1191.733643,1206.787099,1185.439331,1201.637246,10879878
4/19/2021,1199.480469,1214.577876,1172.894731,1179.629203,12508028
4/20/2021,1189.620972,1213.961853,1181.742147,1213.961853,8560766
4/22/2021,1189.400879,1201.461333,1184.163015,1193.318369,6622446
4/23/2021,1174.171143,1187.023796,1171.706203,1182.270046,7316262
4/26/2021,1182.754272,1189.576754,1162.903009,1172.806611,7088606
4/27/2021,1187.112061,1191.073502,1179.761407,1184.91126,3636115
4/28/2021,1193.714355,1196.795477,1183.678682,1195.474996,4879234
4/29/2021,1194.022583,1205.158658,1189.66504,1204.278337,5412357
4/30/2021,1192.261841,1209.472147,1184.823177,1185.175327,8354677
5/3/2021,1190.237061,1198.115884,1177.868518,1180.333458,4560337
5/4/2021,1170.297852,1192.789971,1165.632111,1191.95371,4887060
5/5/2021,1180.949707,1183.062497,1168.889362,1180.597557,3939788
5/6/2021,1198.644043,1201.373014,1177.340336,1184.030748,4810090
5/7/2021,1190.677246,1208.723812,1187.111906,1201.90133,4991435
5/10/2021,1179.233032,1190.985286,1175.271591,1188.300266,7195348
5/11/2021,1171.398193,1180.509487,1166.512373,1176.900195,6420988
5/12/2021,1168.185059,1170.82602,1157.181055,1170.82602,5241898
5/14/2021,1158.85376,1168.053065,1154.364147,1168.053065,4824609
5/17/2021,1170.297852,1175.183565,1162.286958,1162.286958,5017129
5/18/2021,1179.62915,1183.678602,1170.385788,1177.86851,5620150
5/19/2021,1176.988159,1194.990665,1173.686958,1181.38976,4435878
5/20/2021,1179.013062,1187.640136,1175.227641,1187.023955,4490092
5/21/2021,1192.393677,1195.034637,1185.219046,1186.231436,4969733
5/24/2021,1186.71582,1199.876566,1184.118811,1194.286553,4225371
5/25/2021,1198.644043,1204.278114,1192.349732,1195.474912,4099340
5/26/2021,1230.027466,1232.448347,1199.040236,1204.190088,6850024
5/27/2021,1234.429199,1246.753684,1225.141777,1236.145781,15365391
5/28/2021,1236.894043,1244.772866,1229.015112,1241.031505,4261312
5/31/2021,1240.186279,1247.082382,1230.620717,1247.082382,4429904
6/1/2021,1234.35791,1246.637466,1226.750016,1245.747646,4791325
6/2/2021,1226.75,1238.584537,1214.603939,1228.6186,9272276
6/3/2021,1236.538208,1244.858002,1225.326499,1235.158944,5115645
6/4/2021,1232.978882,1242.989355,1225.860323,1240.364321,4194328
6/7/2021,1236.538208,1238.629263,1225.548954,1237.739443,5154576
6/8/2021,1257.270752,1265.101209,1241.787975,1242.188351,7360630
6/9/2021,1259.362061,1267.99327,1249.840923,1257.671381,5394317
6/10/2021,1267.370483,1271.552593,1262.654395,1267.103494,3496575
6/11/2021,1287.480225,1291.662334,1271.952805,1272.531209,6140828
6/14/2021,1300.73877,1314.263989,1293.308686,1308.925069,7132294
6/15/2021,1311.505493,1313.374093,1301.806435,1302.696255,5403104
6/16/2021,1317.467285,1325.342169,1305.810667,1310.437686,7661710
6/17/2021,1330.547607,1337.087761,1312.573182,1312.573182,7677951
6/18/2021,1337.666138,1348.788885,1323.517981,1342.738067,13533974
6/21/2021,1334.996582,1339.890591,1320.670398,1328.500855,5454052
6/22/2021,1345.274048,1353.816296,1336.598305,1343.360914,6427862
6/23/2021,1337.532715,1356.975257,1333.528526,1356.975257,5529809
6/24/2021,1387.406982,1395.904805,1344.695632,1349.85663,10785137
6/25/2021,1400.754272,1404.135631,1372.991938,1398.796712,9780240
6/28/2021,1398.618774,1406.048748,1388.652728,1399.597554,5019178
6/29/2021,1390.832886,1400.264954,1387.406993,1389.008712,5913567
6/30/2021,1406.627197,1415.703316,1398.841274,1398.841274,6058722
7/1/2021,1388.474854,1403.112346,1387.273618,1403.112346,4814317
7/2/2021,1395.05957,1396.527686,1372.636045,1387.184578,5166064
7/5/2021,1404.981079,1410.364533,1389.05339,1396.260909,4058338
7/6/2021,1390.076538,1411.921659,1385.538479,1400.309466,4089574
7/7/2021,1392.212158,1397.506652,1374.460295,1393.502462,4797120
7/8/2021,1388.786133,1402.355884,1378.330751,1395.237326,3326813
7/9/2021,1390.699341,1396.928079,1380.110464,1384.559563,3436594
7/12/2021,1377.307495,1404.135583,1364.761058,1397.506469,4588982
7/13/2021,1374.727051,1384.915553,1367.030196,1384.915553,4456160
7/14/2021,1403.156982,1408.406941,1368.631928,1382.780086,5657716
7/15/2021,1406.627197,1420.90874,1384.559623,1386.250302,10021355
7/16/2021,1384.07019,1401.154796,1378.864766,1400.353937,6265593
7/19/2021,1371.835449,1381.801498,1368.142783,1374.504909,5669162
7/20/2021,1379.265259,1386.072294,1368.542886,1368.809876,5069939
7/22/2021,1414.991577,1417.349622,1389.364829,1389.364829,7854575
7/23/2021,1415.213867,1422.37696,1410.408927,1413.523296,4179719
7/26/2021,1427.181885,1434.077988,1418.461608,1418.461608,4586710
7/27/2021,1425.980835,1431.987119,1421.843151,1428.16085,5892859
7/28/2021,1428.694702,1430.474342,1410.809345,1428.249792,4686788
7/29/2021,1438.838745,1441.508205,1423.800767,1423.800767,4660873
7/30/2021,1433.054932,1444.53363,1429.184237,1432.610022,6234257
8/2/2021,1451.785645,1454.633025,1440.796282,1448.137296,5553389
8/3/2021,1472.829834,1475.899778,1455.389386,1465.533354,5513668
8/4/2021,1467.535278,1494.808276,1458.45916,1485.198179,6740391
8/5/2021,1471.361572,1482.439785,1465.577744,1467.757759,5420536
8/6/2021,1468.380615,1477.679297,1462.863776,1474.431433,3754855
8/9/2021,1480.037354,1483.730019,1464.999377,1477.990724,5018477
8/10/2021,1492.450317,1494.897322,1478.03528,1484.219484,6846517
8/11/2021,1492.717407,1498.456702,1484.219584,1490.270403,4899639
8/12/2021,1503.439575,1509.579354,1489.558407,1494.141001,5659579
8/13/2021,1523.549561,1532.714749,1504.952412,1510.024342,5612790
8/16/2021,1516.609009,1530.445643,1503.884541,1519.545349,4564109
8/17/2021,1549.754761,1556.205955,1500.725709,1516.164061,9510390
8/18/2021,1542.458008,1562.078577,1536.718714,1538.498353,6686090
8/20/2021,1542.013184,1552.735556,1527.019742,1527.019742,6206972
8/23/2021,1547.174194,1559.987621,1541.167911,1544.504735,6189051
8/24/2021,1531.246582,1563.413594,1523.994528,1557.184854,7602939
8/25/2021,1544.326782,1554.426215,1528.710401,1528.710401,6153253
8/26/2021,1537.341675,1553.625421,1530.490106,1542.947583,5302248
8/27/2021,1520.524292,1537.341801,1517.320853,1534.939331,6698514
8/30/2021,1510.958618,1529.288885,1504.151475,1515.407717,6559667
8/31/2021,1518.433105,1526.041109,1500.102837,1512.827305,12255438
9/1/2021,1492.895142,1521.14692,1488.801992,1521.14692,7801974
9/2/2021,1502.994507,1507.621635,1479.458818,1492.539125,6830050
9/3/2021,1513.272095,1517.988075,1498.812523,1509.178945,5339139
9/6/2021,1539.744263,1541.167953,1512.115313,1517.276312,4876026
9/7/2021,1518.610962,1543.748371,1516.252918,1539.388232,3520341
9/8/2021,1506.6875,1513.450109,1497.522312,1513.450109,4584896
9/9/2021,1505.219238,1508.155687,1496.810484,1500.147309,3331674
9/13/2021,1505.486084,1514.028332,1490.626029,1497.566666,4662374
9/14/2021,1500.369873,1509.090043,1493.651689,1509.090043,4945167
9/15/2021,1522.88208,1526.129944,1503.973409,1506.687403,4062344
9/16/2021,1514.695801,1529.822738,1505.085703,1526.218924,3246568
9/17/2021,1504.952148,1528.710292,1498.856796,1510.024077,7454864
9/20/2021,1501.882202,1519.545102,1493.072965,1499.346238,5660743
9/21/2021,1529.11084,1536.496388,1499.034995,1512.693707,4672222
9/22/2021,1527.731689,1547.307726,1524.305905,1527.82065,4553892
9/23/2021,1550.555786,1552.735802,1531.469083,1541.168142,3826090
9/24/2021,1569.508789,1590.997961,1559.364821,1564.303364,8280446
9/27/2021,1531.51355,1574.09141,1528.799556,1573.868956,5045337
9/28/2021,1501.214966,1521.591861,1490.448168,1521.591861,6557197
9/29/2021,1505.797729,1513.939603,1472.651938,1476.433673,7792548
9/30/2021,1490.626099,1515.363133,1486.088039,1515.363133,6914031
10/1/2021,1481.683594,1493.963043,1478.213274,1481.639059,5733906
10/4/2021,1493.784912,1502.015745,1481.90584,1488.223539,2947154
10/5/2021,1506.286987,1515.318571,1479.770314,1486.888872,4373310
10/6/2021,1489.157837,1520.701903,1485.998933,1514.562125,4271698
10/7/2021,1504.685303,1516.430881,1491.91641,1501.126023,5476108
10/8/2021,1533.915771,1540.722914,1511.269902,1517.365146,4738376
10/11/2021,1504.640747,1539.388254,1480.393158,1496.676903,8840633
10/12/2021,1499.47998,1502.905765,1478.880629,1492.227927,7439300
10/13/2021,1520.880005,1524.839768,1494.941844,1509.089892,7104171
10/14/2021,1526.708374,1587.082628,1511.091993,1560.743983,19655776
10/18/2021,1594.690552,1600.785796,1548.286428,1548.286428,13438109
10/19/2021,1621.385254,1632.374507,1585.925955,1614.1332,10324260
10/20/2021,1603.766602,1644.386895,1596.381163,1627.836269,5876115
10/21/2021,1560.432373,1614.132971,1554.381556,1614.132971,8779629
10/22/2021,1530.312256,1568.930351,1518.922518,1557.095812,7369809
10/25/2021,1519.411987,1539.165945,1501.304066,1532.314376,5905209
10/26/2021,1529.421143,1549.978625,1522.419104,1535.121661,5871709
10/27/2021,1552.088501,1556.756637,1527.132344,1534.269062,5090259
10/28/2021,1529.600952,1548.318096,1518.96316,1543.470463,5329972
10/29/2021,1497.148804,1537.410886,1491.134219,1525.202109,5875091
11/1/2021,1526.144775,1532.563284,1504.554907,1505.901466,3636806
11/2/2021,1524.214478,1531.889795,1513.845933,1521.611109,3471772
11/3/2021,1528.344116,1541.764774,1525.202146,1534.179204,3530713
11/4/2021,1533.909668,1541.360669,1530.588201,1539.565258,483407
11/8/2021,1559.763916,1562.905886,1528.793064,1553.031122,5245903
11/9/2021,1564.252197,1570.98499,1549.440053,1557.294978,4016134
11/10/2021,1562.142578,1571.837734,1545.804269,1549.440021,4780368
11/11/2021,1555.993408,1561.783566,1534.179115,1555.679124,4731349
11/12/2021,1598.095703,1600.474645,1560.257494,1564.701094,5069009
11/15/2021,1604.334839,1615.870336,1593.876545,1599.801381,4354074
11/16/2021,1608.958008,1623.90472,1595.223066,1606.893241,6034233
11/17/2021,1604.604126,1617.665789,1598.544612,1609.182513,4732492
11/18/2021,1597.377686,1606.399563,1579.064466,1599.352594,4326924
11/22/2021,1579.423584,1602.763934,1572.017511,1601.507124,6621839
11/23/2021,1559.22522,1568.516453,1535.076912,1557.609305,8436160
11/24/2021,1522.509033,1562.456941,1515.327387,1562.008088,7333061
11/25/2021,1546.208618,1549.619835,1523.361938,1526.099985,4476260
11/26/2021,1518.604126,1542.572828,1511.736654,1528.389142,4494181
11/29/2021,1522.82312,1536.872237,1498.405568,1518.020416,3942776
11/30/2021,1537.455688,1552.941112,1526.144619,1530.184294,14808963
12/1/2021,1539.475586,1563.713641,1537.769923,1539.565335,5193264
12/2/2021,1569.414063,1571.4339,1536.288699,1539.565347,5559574
12/3/2021,1558.013428,1603.886175,1555.32031,1589.926805,6754012
12/6/2021,1521.880493,1556.57673,1518.469168,1553.030837,3991449
12/7/2021,1536.558105,1548.452707,1520.713577,1527.087266,4202122
12/8/2021,1573.992188,1579.782455,1555.364795,1555.723899,3029169
12/9/2021,1583.059204,1588.400619,1563.803459,1579.064457,2082171
12/10/2021,1579.288696,1583.328372,1567.394096,1579.961976,1823469
12/13/2021,1566.182251,1590.150949,1560.930695,1586.29088,4040584
12/14/2021,1572.915039,1582.655124,1535.390898,1553.838793,4768144
12/15/2021,1556.80127,1569.144724,1545.131095,1566.496535,3053149
12/16/2021,1590.375488,1595.761723,1578.166712,1582.341066,4481031
12/17/2021,1634.587402,1653.5739,1621.929774,1633.824374,18887243
12/20/2021,1614.882935,1642.487387,1604.46957,1617.396445,5773891
12/21/2021,1626.283691,1649.983145,1616.768033,1616.768033,5353584
12/22/2021,1638.043701,1642.038558,1626.957057,1638.313057,4156428
12/23/2021,1667.578247,1671.16907,1640.108472,1643.923722,4112933
12/24/2021,1672.874756,1683.871652,1664.346551,1681.358032,3780347
12/27/2021,1675.253662,1682.749483,1656.312092,1669.73275,2647733
12/28/2021,1694.86853,1701.960428,1686.250577,1688.315234,3340933
12/29/2021,1692.668945,1700.075017,1684.454917,1690.828605,3236635
12/30/2021,1699.22229,1714.438468,1682.614734,1691.726469,4584738
12/31/2021,1694.644043,1704.159702,1680.191002,1696.663881,4619420
1/3/2022,1704.249268,1718.253564,1694.643861,1694.643861,3329616
1/4/2022,1704.878052,1711.610845,1685.891552,1704.249592,3921999
1/5/2022,1655.953003,1708.244365,1651.778649,1705.640996,6995719
1/6/2022,1631.849609,1641.006164,1615.870403,1641.006164,6449205
1/7/2022,1628.70752,1648.18769,1621.974727,1629.739793,4834389
1/10/2022,1661.428955,1678.620043,1627.540562,1629.335974,7857560
1/11/2022,1665.782715,1678.709699,1660.890262,1665.244113,5142287
1/12/2022,1685.397705,1695.766251,1669.732783,1677.722386,5362535
1/13/2022,1702.768311,1716.862247,1675.433105,1710.129454,14277630
1/14/2022,1731.988525,1735.265173,1688.584475,1689.482181,7688506
1/17/2022,1741.100342,1754.027327,1733.02099,1740.247565,5262464
1/18/2022,1724.268433,1746.037798,1715.919725,1725.480314,3690315
1/19/2022,1676.061401,1720.00405,1672.290972,1720.00405,5747770
1/20/2022,1637.145874,1658.960167,1629.784731,1655.369344,5533463
1/21/2022,1603.033081,1623.051963,1594.325379,1611.381788,8252758
1/24/2022,1559.135254,1587.727158,1551.2354,1584.45051,7116712
1/25/2022,1545.984131,1562.008158,1526.548778,1549.978878,9137653
1/27/2022,1506.888916,1534.807544,1494.680139,1527.895253,11231734
1/28/2022,1513.711304,1550.831522,1507.696719,1509.043278,10998502
1/31/2022,1558.596558,1570.536087,1539.879416,1542.258358,8788872
2/1/2022,1590.779663,1597.916381,1557.250263,1585.438248,5119935
2/2/2022,1604.290039,1609.407028,1590.734703,1605.995702,4253717
2/3/2022,1560.706421,1597.018576,1556.621816,1597.018576,3832922
2/4/2022,1562.995483,1574.530981,1535.211534,1554.826383,4700077
2/7/2022,1539.565308,1554.826305,1521.970297,1546.028745,4310209
2/8/2022,1541.630249,1548.54254,1522.509071,1535.076953,6053401
2/9/2022,1559.584106,1564.700985,1548.542283,1557.51934,3867244
2/10/2022,1588.580078,1592.440257,1569.862935,1576.057127,4334630
2/11/2022,1545.265747,1567.349286,1537.769926,1562.007981,7551371
2/14/2022,1510.120605,1542.752298,1506.574712,1517.122754,7459637
2/15/2022,1560.437012,1568.067511,1517.526633,1525.202061,4669915
2/16/2022,1555.993408,1575.877503,1550.20314,1560.437008,5350642
2/17/2022,1548.363037,1570.087474,1544.323361,1565.598945,3937950
2/18/2022,1532.338745,1546.298113,1529.241704,1535.076791,5602215
2/21/2022,1553.659302,1559.584247,1518.46928,1526.997485,5120890
2/22/2022,1556.935913,1571.882735,1518.065321,1526.009994,8878515
2/23/2022,1564.566406,1578.391096,1556.083131,1570.985024,5478811
2/24/2022,1506.484985,1539.520492,1499.617514,1517.212526,13592379
2/25/2022,1521.252319,1551.370395,1505.452718,1539.565541,9737281
2/28/2022,1540.103882,1551.280384,1494.679995,1510.120489,15076542
3/2/2022,1528.613525,1539.026891,1518.020553,1535.076964,6771489
3/3/2022,1544.817017,1556.532121,1531.082183,1544.233486,7344147
3/4/2022,1547.016602,1558.417423,1509.043599,1521.835908,9074499
3/7/2022,1561.873291,1571.882732,1522.508917,1523.406622,9742588
3/8/2022,1596.300293,1615.870322,1542.662375,1542.662375,10984500
3/9/2022,1627.854736,1644.237867,1607.791034,1607.791034,10193515
3/10/2022,1639.12085,1656.04258,1625.026804,1656.04258,6547182
3/11/2022,1635.619873,1644.058329,1625.74511,1628.438227,4758657
3/14/2022,1697.292236,1701.152415,1644.193028,1644.193028,10289724
3/15/2022,1651.150024,1695.18242,1642.801318,1695.18242,7140443
3/16/2022,1696.125366,1700.209862,1659.85803,1674.221323,5233979
3/17/2022,1664.885132,1726.557585,1645.539638,1726.557585,17731459
3/21/2022,1663.493774,1693.881094,1652.766124,1670.630492,8362085
3/22/2022,1694.329834,1696.663847,1650.880854,1660.755617,5709382
3/23/2022,1680.864258,1705.640914,1667.039567,1702.947797,6192824
3/24/2022,1693.701416,1700.793313,1666.276571,1666.276571,3784303
3/25/2022,1684.5896,1700.25452,1667.937116,1698.459108,3438588
3/28/2022,1682.210938,1688.494878,1663.134689,1675.11904,4008555
3/29/2022,1693.072998,1696.125219,1670.226431,1682.210781,3917785
3/30/2022,1709.18689,1722.697406,1701.152467,1714.618053,7795839
3/31/2022,1711.790161,1717.311073,1700.434162,1705.640899,5399145
4/1/2022,1708.827881,1714.887395,1686.16081,1693.836129,6171518
4/4/2022,1690.335083,1699.35707,1681.402954,1696.439526,7364074
4/5/2022,1670.720215,1696.30483,1667.174321,1691.098202,5472024
4/6/2022,1641.769043,1667.488333,1635.754459,1665.244069,5407453
4/7/2022,1625.745239,1641.140916,1622.648198,1634.767227,5797544
4/8/2022,1628.976807,1649.983143,1623.051971,1636.517557,5131446
4/11/2022,1585.842041,1628.438132,1582.251218,1628.438132,8248407
4/12/2022,1564.207153,1577.717667,1551.010924,1577.717667,6456184
4/13/2022,1569.68335,1577.717772,1554.826276,1575.428578,6257693
4/18/2022,1455.540161,1481.214524,1427.352178,1441.266617,30523965
4/19/2022,1402.216187,1469.229933,1391.443719,1469.229933,17044923
4/20/2022,1425.287354,1433.007711,1403.114066,1413.886534,10678747
4/21/2022,1453.205811,1460.74645,1426.678567,1431.840374,7766514
4/22/2022,1423.267578,1445.934649,1420.529641,1440.234239,8134245
4/25/2022,1401.408325,1411.911547,1395.124385,1411.911547,7000570
4/26/2022,1419.272827,1429.147591,1406.301023,1415.861501,5345435
4/27/2022,1393.957397,1411.866582,1391.757953,1411.866582,8819356
4/28/2022,1420.709229,1437.945246,1398.131905,1409.398157,9245177
4/29/2022,1407.198608,1433.905353,1401.139095,1427.352057,9831395
5/2/2022,1383.364502,1393.912544,1374.387445,1392.25181,7072627
5/4/2022,1378.472168,1409.398089,1373.624535,1388.975282,6220959
5/5/2022,1422.998291,1426.81354,1398.131776,1400.465899,6144870
5/6/2022,1385.025269,1402.081677,1378.02323,1391.443886,6171472
5/9/2022,1409.712158,1424.479483,1366.442786,1382.466811,6832202
5/10/2022,1394.137085,1408.635055,1387.898074,1398.625614,6212545
5/11/2022,1370.572144,1391.398871,1356.971881,1391.398871,7846080
5/12/2022,1354.458374,1371.245426,1350.418698,1359.1264,7034979
5/13/2022,1350.508545,1372.816511,1344.852955,1363.884382,6723761
5/16/2022,1336.77356,1357.196365,1327.392579,1355.535631,6145331
5/17/2022,1363.121338,1369.001355,1329.412551,1341.980432,6516378
5/18/2022,1354.817383,1391.174463,1351.316418,1366.308059,6594126
5/19/2022,1281.161011,1332.82392,1272.632805,1329.502452,16561140
5/20/2022,1306.296631,1316.709996,1298.710951,1304.366541,10488908
5/23/2022,1318.191284,1335.786297,1301.718404,1306.251753,5887569
5/24/2022,1293.593872,1319.223413,1288.432064,1318.370527,5693167
5/25/2022,1266.169067,1294.940581,1256.114807,1288.207788,9630092
5/26/2022,1278.288086,1283.71925,1263.116946,1272.94678,13040065
5/27/2022,1311.862183,1316.934242,1290.362175,1296.242082,8284860
5/30/2022,1370.617188,1373.489802,1333.093043,1334.888455,10904213
5/31/2022,1364.085205,1377.149092,1350.068811,1370.526394,16033857
6/1/2022,1341.359619,1374.20068,1335.50803,1372.613058,8738508
6/2/2022,1368.077026,1373.3842,1338.683307,1346.303917,7205840
6/3/2022,1380.505737,1410.715969,1377.149094,1383.408885,9395707
6/6/2022,1388.081177,1394.023355,1354.468894,1375.334791,6624883
6/7/2022,1366.897583,1378.827454,1363.178032,1378.827454,4904592
6/8/2022,1360.819092,1379.144745,1353.56139,1379.144745,4697608
6/9/2022,1374.427368,1376.196389,1344.03574,1347.210985,4361061
6/10/2022,1339.771973,1355.330584,1336.868825,1348.208986,6516436
6/13/2022,1292.324707,1309.65245,1280.712338,1309.65245,6987685
6/14/2022,1306.885498,1314.460703,1272.955716,1279.170102,6090247
6/15/2022,1290.237915,1312.19253,1287.198775,1306.567744,4651958
6/16/2022,1267.557739,1309.788541,1262.840277,1304.572068,6641772
6/17/2022,1258.576538,1267.331054,1240.296175,1261.978587,9692047
6/20/2022,1282.935059,1290.37416,1253.768144,1261.071251,4595194
6/21/2022,1315.368042,1320.902019,1290.737189,1291.871205,6270787
6/22/2022,1303.891602,1324.167786,1301.850373,1302.80299,6253366
6/23/2022,1317.681274,1322.71635,1300.036029,1306.20512,6254281
6/24/2022,1307.384399,1331.33484,1296.316447,1322.716319,6114340
6/27/2022,1337.776001,1346.303824,1329.202884,1331.833823,4511097
6/28/2022,1342.811035,1350.159437,1318.180186,1332.69559,4412178
6/29/2022,1327.479248,1339.953425,1321.809168,1328.794662,5060038
6/30/2022,1326.254517,1344.489473,1319.994726,1329.112259,9165177
7/1/2022,1342.130615,1347.210985,1308.518337,1319.087388,4651635
7/4/2022,1349.932739,1353.788394,1326.345205,1342.90184,4800224
7/5/2022,1339.000732,1369.845969,1335.417286,1359.730634,7379669
7/6/2022,1353.244019,1360.819223,1333.602839,1344.670791,5209162
7/7/2022,1359.639648,1373.474642,1356.91801,1363.586112,3323472
7/8/2022,1373.928467,1376.196499,1360.77388,1374.427478,3652582
7/11/2022,1336.460449,1360.72839,1330.336763,1356.283025,4702638
7/12/2022,1305.116455,1332.332842,1302.757724,1326.163861,4710356
7/13/2022,1310.423462,1324.530665,1305.116289,1315.458537,5264025
7/14/2022,1296.27124,1318.135051,1282.79915,1316.36603,6157606
7/15/2022,1297.631836,1311.829739,1279.759788,1311.829739,5620018
7/18/2022,1351.656494,1355.013138,1313.689657,1315.458678,5835171
7/19/2022,1346.439819,1348.889249,1333.693436,1335.008961,3418540
7/20/2022,1374.699707,1384.225442,1360.819306,1361.953322,5079392
7/21/2022,1390.666626,1392.979952,1363.631638,1376.241919,5008061
7/22/2022,1366.53479,1397.107819,1353.697706,1391.664542,7020642
7/25/2022,1364.085205,1376.377983,1342.765703,1342.765703,7859626
7/26/2022,1316.501831,1357.780012,1310.92245,1357.780012,7268273
7/27/2022,1334.55542,1336.324441,1310.922482,1316.365759,4517285
7/28/2022,1376.604858,1383.000643,1351.611099,1357.553388,6636841
7/29/2022,1405.907715,1411.350992,1386.22124,1390.575906,7009465
8/1/2022,1407.132568,1418.880931,1395.202697,1418.880931,2983249
8/2/2022,1400.373779,1403.458325,1386.538783,1403.050124,4374635
8/3/2022,1420.786011,1424.324163,1397.017079,1405.272693,6011955
8/4/2022,1451.449951,1455.033398,1428.814923,1440.200489,7402209
8/5/2022,1466.64563,1474.855839,1453.627148,1459.161124,5361971
8/8/2022,1469.140503,1471.499234,1447.9117,1466.96317,3763409
8/10/2022,1453.763062,1470.773301,1440.74458,1470.773301,4423829
8/11/2022,1469.639404,1479.981653,1466.055958,1478.756938,3462090
8/12/2022,1446.187866,1464.241423,1442.60442,1463.606418,3562286
8/16/2022,1448.319946,1459.705512,1443.46638,1459.705512,3004430
8/17/2022,1457.210693,1462.427167,1437.93242,1448.319963,4067324
8/18/2022,1436.07251,1449.907505,1427.952999,1446.187955,4635706
8/19/2022,1448.909668,1455.985973,1438.023113,1438.204622,4739884
8/22/2022,1429.449951,1450.633349,1427.953028,1438.839582,3950555
8/23/2022,1399.285156,1410.26241,1390.757333,1404.365526,5551574
8/24/2022,1394.839722,1402.551031,1388.942838,1392.57169,2888426
8/25/2022,1377.2854,1405.00069,1373.293641,1404.365686,4331088
8/26/2022,1380.369873,1401.598567,1376.650211,1392.707947,3079136
8/29/2022,1326.118408,1332.2875,1315.458657,1332.2875,8079050
8/30/2022,1354.423462,1357.281205,1329.974118,1336.415308,6725875
9/1/2022,1328.340942,1331.879094,1316.411183,1324.576098,8140604
9/2/2022,1318.18042,1340.860744,1313.644355,1340.860744,5175653
9/5/2022,1325.710205,1330.881274,1312.147306,1316.365868,3669352
9/6/2022,1320.085449,1333.602943,1311.330823,1325.710236,3428442
9/7/2022,1322.398682,1329.747083,1304.617334,1306.386355,3600574
9/8/2022,1338.955444,1343.672907,1327.796682,1338.138931,4061475
9/9/2022,1371.388428,1378.963633,1342.675117,1349.93282,4816910
9/12/2022,1393.660278,1402.460309,1380.006792,1384.225354,5494819
9/13/2022,1401.598389,1408.901496,1398.287151,1407.903584,4947158
9/14/2022,1338.501831,1359.866627,1335.417285,1358.097606,14332197
9/15/2022,1299.854736,1338.320476,1296.452688,1338.139078,12784100
9/16/2022,1249.277588,1292.778403,1241.384769,1292.778403,20464045
9/19/2022,1261.297974,1275.54117,1252.497943,1262.840191,6595241
9/20/2022,1259.710449,1282.390771,1256.580498,1277.31029,7219797
9/21/2022,1249.45874,1259.937092,1241.42993,1251.862876,7917054
9/22/2022,1241.021851,1255.537257,1233.809552,1239.570332,9168498
9/23/2022,1238.753784,1265.380571,1235.623944,1240.613615,10426200
9/26/2022,1252.180664,1269.599108,1229.273537,1233.809602,9414587
9/27/2022,1264.246582,1275.994945,1250.139377,1264.155772,8561254
9/28/2022,1265.289795,1275.405241,1249.232171,1251.046597,7022098
9/29/2022,1268.873291,1279.034031,1263.747516,1274.543371,6119965
9/30/2022,1282.300049,1287.607333,1248.32497,1260.073332,8120130
10/3/2022,1264.427612,1280.984243,1257.396714,1280.984243,4943169
10/4/2022,1296.770142,1299.355676,1282.799041,1287.97011,6631341
10/6/2022,1320.130859,1324.349421,1310.106113,1310.922626,6180672
10/7/2022,1316.547241,1322.580229,1306.522606,1312.147281,3994466
10/10/2022,1326.934937,1329.066865,1294.003065,1294.003065,5274677
10/11/2022,1291.689697,1342.357513,1288.332943,1326.934894,12824774
10/12/2022,1296.134888,1307.384349,1282.390702,1303.664798,5481467
10/13/2022,1288.151489,1304.526614,1283.706124,1298.221529,4821514
10/14/2022,1337.458496,1355.375949,1331.108006,1347.211034,14990688
10/17/2022,1351.70166,1356.283129,1338.59248,1339.8626,4286396
10/18/2022,1364.175781,1370.753074,1358.324303,1369.891266,4692004
10/19/2022,1347.619263,1365.309913,1343.854418,1364.448105,3553171
10/20/2022,1361.635742,1364.44808,1337.413093,1338.138908,4583939
10/21/2022,1361.272949,1366.26262,1352.971929,1361.091551,3594485
10/24/2022,1377.013184,1380.596741,1370.798797,1377.602894,982837
10/25/2022,1384.678833,1390.666415,1379.915966,1386.311749,3914341
10/27/2022,1397.65625,1407.698862,1387.155186,1403.938662,6760137
10/28/2022,1387.843018,1401.324745,1382.110971,1399.536392,3053981
10/31/2022,1410.220947,1418.245812,1403.434182,1403.434182,4542336
11/1/2022,1442.641357,1444.475612,1418.887736,1424.344711,4542692
11/2/2022,1424.573975,1442.412057,1416.961773,1441.724211,2938906
11/3/2022,1403.892822,1415.95307,1395.546985,1411.229842,3174027
11/4/2022,1388.530884,1394.446311,1376.745819,1394.446311,4509682
11/7/2022,1382.52356,1401.278881,1367.52855,1395.317553,4898592
11/9/2022,1385.962769,1402.28768,1376.699805,1402.28768,3334755
11/10/2022,1377.479492,1386.696668,1361.934227,1361.934227,3435763
11/11/2022,1439.981812,1443.100067,1418.475217,1418.475217,7214098
11/14/2022,1453.921997,1459.516451,1438.468312,1444.613132,4908813
11/15/2022,1461.901123,1465.432041,1442.412165,1447.089493,3497614
11/16/2022,1469.971924,1475.658069,1461.442594,1464.790131,4497697
11/17/2022,1455.848022,1469.971806,1451.766738,1464.835804,3469515
11/18/2022,1461.35083,1465.569594,1444.934227,1459.791646,3126064
11/21/2022,1438.239014,1456.260588,1434.433025,1450.987106,3071764
11/22/2022,1453.692871,1456.398352,1432.553039,1438.972931,3399329
11/23/2022,1451.950195,1460.06675,1448.419277,1457.223678,3245067
11/24/2022,1494.734253,1500.420398,1453.41762,1457.315411,5282215
11/25/2022,1500.099487,1507.757479,1480.060276,1496.201696,4563255
11/28/2022,1488.864624,1516.470136,1485.746369,1493.083388,3825766
11/29/2022,1494.046387,1502.942477,1481.206604,1486.846847,3131710
11/30/2022,1499.457397,1509.362418,1479.464087,1485.700486,11868134
12/1/2022,1519.771729,1533.987203,1515.369584,1518.946291,5407928
12/2/2022,1502.162964,1524.082331,1498.540244,1518.762947,4283343
12/5/2022,1503.859619,1508.536946,1488.772919,1502.254646,3824966
12/6/2022,1479.234741,1491.249087,1474.328132,1490.33196,4822398
12/7/2022,1472.447998,1489.231474,1464.377232,1474.740816,4898087
12/8/2022,1485.883911,1489.323139,1466.028081,1472.447973,4206837
12/9/2022,1439.248047,1493.083379,1431.727535,1493.083379,8880658
12/12/2022,1418.97937,1436.175508,1403.250726,1421.547371,8037679
12/13/2022,1441.861816,1446.768425,1413.430868,1418.979421,6135067
12/14/2022,1448.510986,1456.856823,1442.641349,1450.895495,4976020
12/15/2022,1412.834717,1439.889974,1408.019798,1439.24803,6443866
12/16/2022,1396.05127,1421.088892,1386.742516,1398.619271,9630453
12/19/2022,1382.432129,1391.190741,1371.151528,1382.982383,6222740
12/20/2022,1382.38623,1390.365194,1359.595524,1376.608283,7396259
12/21/2022,1384.449829,1394.950894,1377.846444,1389.448129,6236361
12/22/2022,1395.913696,1403.158913,1386.46724,1395.409231,6302640
12/23/2022,1373.031494,1384.77077,1369.271294,1383.67015,6283822
12/26/2022,1377.89209,1384.770545,1372.343425,1376.149526,4115459
12/27/2022,1389.310303,1395.363321,1373.398166,1384.816356,4860076
12/28/2022,1384.999756,1398.573172,1374.315201,1380.368218,5029860
12/29/2022,1391.786743,1395.225971,1376.60824,1379.359622,4624745
12/30/2022,1383.211548,1403.571844,1379.405559,1401.370716,5060544
1/2/2023,1397.702148,1399.994967,1379.405502,1388.530874,3801140
1/3/2023,1396.372437,1405.635401,1389.53977,1393.896125,4551130
1/4/2023,1370.922119,1394.950813,1367.52868,1394.950813,7059590
1/5/2023,1352.946411,1381.102292,1347.489547,1381.102292,9868404
1/6/2023,1328.459106,1352.762984,1326.624852,1348.177347,6443714
1/9/2023,1361.429688,1365.923634,1328.18382,1328.18382,11498717
1/10/2023,1347.947876,1360.92525,1333.549022,1359.182686,7158624
1/11/2023,1349.32373,1370.188379,1342.674557,1348.177321,6173092
1/12/2023,1357.898926,1361.934309,1334.420485,1359.137025,6591385
1/13/2023,1379.038818,1393.483577,1346.3432,1360.558676,11610426
1/16/2023,1399.077881,1401.370699,1377.800569,1384.862406,6073063
1/17/2023,1411.917603,1414.393802,1397.702128,1400.45351,5922644
1/18/2023,1417.328735,1423.244162,1412.009352,1416.73258,5843098
1/19/2023,1411.367432,1421.134861,1399.674057,1412.284559,6165284
1/20/2023,1399.123779,1416.961863,1397.702187,1410.541971,6496429
1/23/2023,1419.713135,1424.573954,1401.462278,1407.790479,4855020
1/24/2023,1423.290039,1438.789515,1421.318193,1430.718749,5200802
1/25/2023,1415.127563,1427.05022,1411.229772,1418.796073,4158617
1/27/2023,1393.25415,1422.418735,1382.477903,1417.878999,6209955
1/30/2023,1411.275757,1416.044775,1394.033716,1402.104482,6964719
1/31/2023,1406.644043,1420.538544,1387.613651,1420.538544,9448126
2/1/2023,1422.556396,1426.179117,1401.416675,1414.39394,6194199
2/2/2023,1452.500488,1455.435251,1423.381694,1423.381694,6916834
2/3/2023,1466.853638,1471.668557,1442.641451,1465.111073,7040194
2/6/2023,1439.752441,1465.5696,1432.18614,1465.5696,4570612
2/7/2023,1432.919922,1445.438734,1426.224847,1438.972941,4336238
2/8/2023,1458.691284,1470.155378,1435.763097,1435.763097,7983338
2/9/2023,1482.995117,1485.517218,1454.610067,1463.918821,6904911
2/10/2023,1475.245117,1482.352854,1464.147788,1479.280388,4786762
2/13/2023,1437.55127,1464.652428,1436.22148,1464.652428,4001199
2/14/2023,1461.213135,1463.735235,1447.364534,1453.371651,5043736
2/15/2023,1464.698364,1466.486718,1445.392788,1452.729807,3465747
2/16/2023,1469.05481,1480.656382,1465.432089,1467.403935,4290289
2/17/2023,1452.546387,1462.818169,1444.934185,1461.901041,2857734
2/20/2023,1460.479492,1470.155231,1451.354119,1453.601037,2417716
2/21/2023,1448.602661,1468.917054,1445.392715,1466.211462,2723288
2/22/2023,1432.369751,1444.475789,1426.408422,1433.470259,3656244
2/23/2023,1422.189331,1439.752342,1419.850723,1439.752342,4766854
2/24/2023,1422.143555,1438.972819,1416.961763,1430.718673,2790986
2/27/2023,1384.220337,1412.376101,1377.525263,1412.376101,4920268
2/28/2023,1364.272827,1397.702074,1358.540781,1389.998182,9679811
3/1/2023,1372.068481,1376.470626,1358.724233,1368.720944,5125043
3/2/2023,1350.149048,1365.235748,1345.701003,1361.934112,4644499
3/3/2023,1356.706421,1366.336257,1350.928474,1363.538974,4615015
3/6/2023,1382.52356,1394.400426,1369.408706,1370.692706,6561742
3/8/2023,1368.99585,1372.022414,1358.357196,1367.024116,4137080
3/9/2023,1357.715454,1374.177846,1352.39607,1371.105492,5104656
3/10/2023,1349.598877,1352.120977,1336.850784,1339.006011,3699580
3/13/2023,1316.169556,1355.789528,1309.657973,1342.857942,8798403
3/14/2023,1302.320923,1328.321463,1294.066776,1321.580598,7402784
3/15/2023,1301.999878,1323.277188,1299.431877,1318.829143,7556182
3/16/2023,1287.738525,1300.303238,1282.786015,1300.303238,7323117
3/17/2023,1302.962891,1323.323187,1294.433673,1311.49222,9090018
3/20/2023,1287.325806,1302.045632,1270.083767,1302.045632,8221829
3/21/2023,1275.449097,1288.564064,1274.807152,1283.061299,8536755
3/22/2023,1274.119141,1290.627433,1267.607559,1286.729641,8356487
3/23/2023,1260.637451,1269.258359,1256.464477,1269.258359,7607718
3/24/2023,1266.231812,1283.015174,1263.342838,1272.972675,7559127
3/27/2023,1273.843872,1280.080382,1260.224555,1271.367673,4170193
3/28/2023,1263.434692,1282.144114,1261.829719,1276.73304,6633366
3/29/2023,1268.891724,1274.715461,1251.466302,1264.718749,8813966
3/31/2023,1309.612061,1311.446315,1278.383939,1287.646904,8711975
4/3/2023,1293.929077,1316.077725,1288.701496,1316.077725,5242764
4/5/2023,1305.57666,1309.199268,1283.978267,1283.978267,7506334
4/6/2023,1304.063354,1310.024682,1293.470489,1298.652281,6948465
4/10/2023,1309.291016,1315.160653,1297.735233,1305.943478,4993788
4/11/2023,1289.618774,1314.564596,1273.890016,1310.483424,6942255
4/12/2023,1309.933228,1312.867991,1283.978475,1295.947033,5831169
4/13/2023,1274.073242,1294.112564,1268.387098,1292.920254,11267238
4/17/2023,1154.021484,1156.635275,1087.071182,1146.684465,53171705
4/18/2023,1154.984497,1164.706026,1149.25245,1164.706026,12430884
4/19/2023,1130.084351,1150.398745,1127.516461,1150.398745,11307230
4/20/2023,1122.013672,1135.266118,1120.179417,1128.708635,8621249
4/21/2023,1125.63623,1131.047304,1118.895367,1126.324076,8691352
4/24/2023,1124.673584,1128.066911,1117.06138,1126.232656,8313774
4/25/2023,1123.389526,1133.111056,1114.309941,1124.352443,6808576
4/26/2023,1125.819702,1130.818001,1119.399811,1126.232365,5680192
4/27/2023,1142.969971,1144.391563,1123.847888,1128.066651,8020704
4/28/2023,1148.931396,1154.663443,1141.777758,1151.636878,10118277
5/2/2023,1171.584351,1173.693788,1150.582223,1150.582223,8886401
5/3/2023,1163.972168,1167.044522,1157.506376,1161.083195,5549783
5/4/2023,1168.00769,1170.071227,1157.873387,1163.788815,4505401
5/5/2023,1154.755005,1173.005861,1150.30696,1173.005861,5373791
5/8/2023,1160.716309,1165.026874,1151.178162,1157.827335,5260842
5/9/2023,1165.393677,1166.585987,1156.222403,1161.083223,4969897
5/10/2023,1158.561279,1170.621528,1154.801079,1170.621528,6515734
5/11/2023,1152.003784,1170.162953,1149.206613,1164.98116,6888461
5/12/2023,1142.006958,1151.911978,1136.366714,1149.481568,8292212
5/15/2023,1154.067139,1163.742877,1142.419667,1146.317458,5534710
5/16/2023,1159.52417,1168.374359,1158.102578,1160.166114,5236469
5/17/2023,1143.566162,1156.451735,1139.484878,1156.130763,10465667
5/18/2023,1142.740601,1155.25941,1139.484754,1154.296382,6948732
5/19/2023,1163.74292,1167.778303,1148.977192,1151.957856,11094136
5/22/2023,1185.662354,1188.230243,1164.981086,1167.457285,7625947
5/23/2023,1192.311646,1205.243121,1189.560263,1191.531998,7436031
5/24/2023,1191.027466,1196.851202,1184.286602,1188.872239,4824077
5/25/2023,1196.255127,1198.685537,1182.406525,1187.221444,4334121
5/26/2023,1208.269409,1213.772173,1197.768346,1197.768346,5521606
5/29/2023,1205.472168,1222.255531,1201.299194,1222.255531,4419365
5/30/2023,1214.139038,1216.477758,1200.657311,1206.022483,6274719
5/31/2023,1209.049072,1220.788236,1205.242971,1210.470553,17800782
6/1/2023,1210.149536,1219.32081,1208.865535,1212.946819,4277841
6/2/2023,1207.361206,1220.280644,1204.619361,1216.65575,10909311
6/5/2023,1212.473267,1217.074021,1205.78124,1212.008539,5002553
6/6/2023,1188.772217,1197.694957,1183.19549,1197.694957,10008100
6/7/2023,1198.020264,1202.714054,1192.025328,1199.460963,5397578
6/8/2023,1192.304077,1200.855012,1190.723937,1195.464131,5034942
6/9/2023,1176.6427,1192.025215,1174.83031,1192.025215,5339073
6/12/2023,1200.808594,1204.294048,1183.195478,1183.660205,4785588
6/13/2023,1212.798706,1214.332329,1205.549029,1208.197952,4846587
6/14/2023,1208.662598,1214.518093,1201.970457,1214.192806,3457981
6/15/2023,1196.021851,1202.667358,1192.164593,1202.667358,6161155
6/16/2023,1200.529785,1209.684888,1190.677591,1196.2078,8536287
6/19/2023,1202.713989,1207.825988,1196.254327,1202.713989,4451787
6/20/2023,1211.450806,1212.93791,1200.018472,1202.713912,4009180
6/21/2023,1207.686523,1211.822663,1203.64342,1208.244173,4041529
6/22/2023,1191.142334,1198.438528,1183.660181,1198.438528,6676607
6/23/2023,1175.759766,1189.097413,1174.226143,1186.401973,7239467
6/26/2023,1180.732422,1184.124953,1173.203864,1180.639499,3403244
6/27/2023,1188.911621,1191.560543,1184.310754,1189.701635,3240024
6/28/2023,1202.109863,1205.223513,1191.002928,1198.996214,5662358
6/30/2023,1241.286377,1244.446545,1212.426772,1215.912226,12821692
7/3/2023,1239.613281,1251.045616,1234.733646,1236.174345,7732412
7/4/2023,1250.255493,1251.045507,1237.475496,1249.46548,5797775
7/5/2023,1252.254028,1262.152627,1246.39842,1262.059705,5414936
7/6/2023,1249.09375,1252.393245,1242.819933,1247.839009,5963897
7/7/2023,1236.360229,1250.859809,1231.852398,1239.892202,6295647
7/10/2023,1235.384399,1247.234944,1226.229296,1242.262385,3940315
7/11/2023,1253.46228,1255.600071,1233.386086,1239.381022,6126128
7/12/2023,1239.241577,1256.529406,1233.385969,1255.692874,8102770
7/13/2023,1268.798218,1279.672903,1236.964404,1240.728739,9977644
7/14/2023,1325.355469,1329.119804,1283.251252,1283.251252,12833381
7/17/2023,1322.567139,1356.027498,1314.527449,1325.355502,11569884
7/18/2023,1371.131226,1373.687225,1328.190473,1332.837746,16743977
7/19/2023,1370.898926,1393.066507,1357.654199,1381.169444,13687062
7/20/2023,1347.244141,1367.22741,1339.064897,1367.22741,8347221
7/21/2023,1237.661499,1254.763483,1212.938034,1227.065696,45548305
7/24/2023,1242.308716,1254.670505,1240.124521,1246.398338,8859789
7/25/2023,1240.449707,1248.117705,1230.829878,1242.68042,6801982
7/26/2023,1253.694458,1254.763353,1244.91116,1248.257173,5528885
7/27/2023,1257.691162,1267.589874,1252.021513,1262.756643,9191861
7/28/2023,1245.933594,1267.636331,1241.751049,1258.341787,6122735
7/31/2023,1260.061279,1261.734343,1239.195073,1253.601617,7902180
8/1/2023,1268.891235,1272.423208,1261.269754,1265.917026,6064652
8/2/2023,1261.130249,1275.164989,1253.322809,1272.702025,7419145
8/3/2023,1268.054688,1270.14596,1253.83399,1254.763444,6503741
8/4/2023,1281.113525,1288.130952,1265.916968,1272.330226,5712345
8/7/2023,1294.730103,1296.589012,1279.858831,1289.989907,3729093
8/8/2023,1292.127563,1295.241327,1286.736796,1294.590641,4161877
8/9/2023,1296.03125,1297.518354,1284.97072,1286.364901,4090828
8/10/2023,1291.105103,1297.332515,1287.852012,1293.428739,3873025
8/11/2023,1275.071899,1298.308258,1270.610587,1293.800427,5783517
8/14/2023,1295.241333,1296.588997,1269.263012,1275.072103,4304135
8/16/2023,1318.43103,1319.778694,1306.255201,1311.274277,7735313
8/17/2023,1311.971558,1319.825403,1306.81304,1319.825403,5618346
8/18/2023,1290.826416,1309.322469,1288.363339,1304.675197,5134103
8/21/2023,1306.255127,1307.742231,1289.292586,1291.709144,3032722
8/22/2023,1304.721558,1306.859348,1298.122454,1305.604494,2890714
8/23/2023,1308.625244,1316.665047,1306.487567,1316.107397,2559125
8/24/2023,1323.171143,1324.518919,1314.666613,1321.219311,5171963
8/25/2023,1319.918213,1322.148926,1311.832005,1313.319109,4307172
8/28/2023,1315.782104,1324.286635,1311.831923,1319.918131,3133464
8/29/2023,1317.640991,1323.914808,1315.456796,1323.543004,3074444
8/30/2023,1333.906616,1335.300798,1323.543176,1326.33154,3070887
8/31/2023,1334.185303,1342.968715,1327.865081,1333.906534,9792735
9/1/2023,1341.992798,1343.991148,1327.446813,1330.002813,3582133
9/4/2023,1361.74353,1366.297879,1333.488096,1341.202612,4609014
9/5/2023,1374.57019,1375.639086,1353.750388,1361.650751,5496840
9/6/2023,1373.22229,1378.287884,1360.070602,1377.35843,5075786
9/7/2023,1362.765869,1369.458008,1358.908725,1366.855491,4411743
9/8/2023,1365.926147,1370.71286,1357.189254,1360.256498,3125838
9/11/2023,1372.292847,1373.780064,1361.185912,1365.926107,4182226
9/12/2023,1395.203979,1397.89942,1372.897074,1377.91615,6793161
9/13/2023,1392.647827,1398.828721,1383.632166,1398.828721,4804686
9/14/2023,1400.641235,1405.846271,1393.391559,1398.828845,6444213
9/15/2023,1404.963501,1411.283837,1402.546942,1410.912033,8657816
9/18/2023,1386.560059,1398.735888,1383.028087,1398.735888,3991916
9/20/2023,1385.119385,1389.627216,1372.060505,1372.060505,4169337
9/21/2023,1395.807983,1398.410501,1371.874535,1381.680324,6779195
9/22/2023,1390.603149,1400.641188,1380.425556,1386.652968,5455613
9/25/2023,1370.155151,1384.747539,1367.738593,1384.747539,4217863
9/26/2023,1357.607666,1375.499664,1356.074043,1374.802573,3996528
9/27/2023,1363.509644,1365.926202,1347.755436,1353.285645,3863586
9/28/2023,1337.903076,1368.714512,1333.76705,1364.346122,5814602
9/29/2023,1334.185303,1344.734701,1316.10746,1331.071653,6068968
10/3/2023,1332.837646,1335.62601,1320.104166,1334.743073,4181867
10/4/2023,1342.457275,1347.662197,1318.152023,1324.472358,4510406
10/5/2023,1360.209961,1371.549372,1347.89469,1349.567754,7384621
10/6/2023,1374.384155,1379.775036,1360.070648,1365.83322,3598672
10/9/2023,1371.363403,1385.816464,1359.048133,1361.557728,3567552
10/10/2023,1389.673828,1391.393296,1365.461495,1379.217466,5688951
10/11/2023,1388.976685,1411.144149,1376.940182,1391.393243,7220129
10/12/2023,1362.115356,1398.271154,1349.567723,1386.652974,11081662
10/13/2023,1330.188721,1336.555461,1301.236193,1305.883465,17973439
10/16/2023,1332.977051,1341.760349,1329.119792,1331.071624,4850745
10/17/2023,1340.691528,1350.822605,1336.60202,1338.646774,3923764
10/18/2023,1338.925659,1351.426776,1336.880791,1340.273323,4264837
10/19/2023,1332.512451,1338.089178,1325.495024,1325.495024,6795691
10/20/2023,1326.563721,1337.020082,1324.704812,1329.11972,3928622
10/23/2023,1309.276001,1331.304026,1306.115833,1325.030208,2636516
10/25/2023,1289.881348,1320.479605,1281.643355,1317.137288,6940777
10/26/2023,1279.901611,1293.600263,1273.923205,1275.75917,6357656
10/27/2023,1299.578613,1303.956541,1283.855862,1283.855862,4634358
10/30/2023,1296.471802,1299.578633,1283.338019,1299.578633,2667696
10/31/2023,1288.327881,1300.331813,1283.24384,1299.201962,3451595
11/1/2023,1274.911743,1296.848271,1272.558031,1292.70583,3090672
11/2/2023,1289.975342,1295.765496,1281.972721,1289.834096,3758060
11/3/2023,1307.769531,1310.546865,1297.130707,1299.296168,3349045
11/6/2023,1321.185791,1324.90461,1309.41723,1312.33581,2736381
11/7/2023,1322.127197,1323.63355,1313.230097,1318.078767,2272209
11/8/2023,1309.605469,1322.786257,1305.321667,1322.786257,3550635
11/9/2023,1294.353516,1315.725177,1289.881462,1314.218824,5498051
11/10/2023,1288.751465,1292.799896,1281.360832,1289.787075,2943649
11/13/2023,1293.176392,1301.555514,1290.634314,1299.107676,3462092
11/15/2023,1327.964355,1331.259552,1311.488371,1317.13728,8551860
11/16/2023,1360.35144,1368.354061,1328.058465,1333.236632,6673907
11/17/2023,1353.431519,1366.094443,1351.077807,1356.726715,4901251
11/20/2023,1352.537109,1367.035999,1349.759775,1357.621151,3584210
11/21/2023,1354.796631,1365.152964,1352.67829,1357.621085,3793135
11/22/2023,1372.496582,1373.579198,1352.160418,1352.160418,3108786
11/23/2023,1364.446899,1382.005615,1362.987552,1382.005615,3186928
11/24/2023,1353.290405,1367.64805,1349.948088,1360.96353,2973195
11/28/2023,1358.280029,1360.44549,1343.545885,1359.504005,3755373
11/29/2023,1374.191284,1375.226895,1364.964801,1366.188663,3875778
11/30/2023,1370.001587,1375.179753,1364.729295,1368.212743,10120867
12/1/2023,1367.318481,1374.473743,1361.528327,1374.473743,3489187
12/4/2023,1378.663208,1385.771464,1364.493931,1374.991394,5511948
12/5/2023,1368.871826,1381.064124,1357.621128,1380.028513,5123039
12/6/2023,1388.031128,1390.573091,1366.141606,1371.508023,5269178
12/7/2023,1380.122681,1386.665954,1376.262616,1386.665954,4424453
12/8/2023,1403.895264,1407.237466,1380.452266,1384.359452,6323433
12/11/2023,1401.400146,1410.344252,1395.280495,1402.812374,3862018
12/12/2023,1389.678833,1402.812501,1381.770337,1391.04394,6103494
12/13/2023,1364.211548,1389.678759,1349.289036,1389.631639,8549258
12/14/2023,1413.592407,1422.583634,1375.838887,1377.768977,12489858
12/15/2023,1486.039795,1495.59589,1431.998538,1433.928628,18395389
12/18/2023,1472.811768,1499.785331,1468.998823,1476.20109,6467243
12/19/2023,1467.115967,1481.850114,1452.946573,1478.22542,4221721
12/20/2023,1446.497314,1490.841227,1440.471789,1473.470878,6592367
12/21/2023,1446.120728,1456.147564,1432.233826,1432.233826,5319038
12/22/2023,1471.446777,1474.365358,1433.881507,1445.132205,6741060
12/26/2023,1453.605469,1457.418528,1433.881407,1445.179225,6878067
12/27/2023,1475.400879,1478.131208,1453.652602,1453.652602,4225849
12/28/2023,1471.211304,1477.142589,1464.008922,1477.142589,5702253
12/29/2023,1452.616943,1468.198448,1449.886614,1450.875219,4388990
1/1/2024,1460.57251,1465.891922,1445.414627,1448.945195,2808451
1/2/2024,1444.61438,1458.501281,1433.88143,1455.535581,5396313
1/3/2024,1402.812622,1431.010051,1400.929652,1431.010051,7550363
1/4/2024,1424.184082,1430.821596,1405.542751,1416.887574,7056038
1/5/2024,1442.872681,1449.604206,1418.111583,1418.582325,8895403
1/8/2024,1433.693115,1446.120669,1424.701889,1439.483155,4440136
1/9/2024,1439.812866,1462.126012,1436.564674,1451.675553,4412074
1/10/2024,1430.962891,1445.602912,1416.934743,1435.71732,4096845
1/11/2024,1406.766602,1435.764381,1399.61134,1435.670255,11296088
1/12/2024,1518.379761,1523.322556,1464.385625,1470.599402,26754401
1/15/2024,1555.427002,1567.525059,1540.26912,1548.695363,13228305
1/16/2024,1536.07959,1552.037711,1529.912818,1548.554264,6500917
1/17/2024,1544.223389,1551.096274,1525.440812,1525.440812,9209876
1/18/2024,1546.483032,1552.508558,1532.972747,1546.530152,6375464
1/19/2024,1562.11145,1568.04285,1547.942174,1554.956189,4522736
1/23/2024,1546.059326,1576.704588,1541.86965,1553.544085,9401255
1/24/2024,1577.363647,1581.694455,1548.742487,1562.770633,8999681
1/25/2024,1571.432251,1582.212321,1560.981793,1575.056944,8865304
1/29/2024,1559.663818,1581.082599,1551.190454,1567.71356,4253785
1/30/2024,1554.814941,1591.109224,1551.802236,1565.171274,4995943
1/31/2024,1563.712158,1569.690564,1542.246258,1551.802352,6763779
2/1/2024,1560.087646,1578.870225,1553.779629,1562.441359,5760011
2/2/2024,1594.263184,1617.941548,1567.572114,1568.560719,7858483
2/5/2024,1588.473267,1601.230433,1583.436345,1595.581524,3634135
2/6/2024,1628.250854,1631.593172,1575.998448,1588.049499,7694265
2/7/2024,1594.640015,1627.827357,1588.143746,1627.827357,4613877
2/8/2024,1593.086426,1606.502584,1584.330686,1598.641209,5919715
2/9/2024,1571.667603,1593.839615,1562.676492,1586.119371,4600004
2/12/2024,1581.788696,1593.886754,1572.609219,1572.609219,3555808
2/13/2024,1585.978271,1590.261958,1566.15997,1584.518924,2696481
2/14/2024,1568.702148,1571.761974,1539.798607,1563.053239,3768579
2/15/2024,1578.258179,1588.991129,1564.371277,1578.870167,4834391
2/16/2024,1602.077759,1608.99765,1589.179347,1590.167952,4880654
2/19/2024,1600.28894,1611.351388,1588.944002,1605.231736,3690993
2/20/2024,1586.637329,1595.110693,1571.102829,1586.401958,3706389
2/21/2024,1558.675293,1576.045643,1549.025073,1576.045643,4300508
2/22/2024,1582.965454,1586.02528,1548.177637,1567.572201,5841277
2/23/2024,1578.72876,1599.064808,1574.068456,1597.699701,5373072
2/26/2024,1563.006104,1576.94001,1548.742585,1576.94001,2782438
2/27/2024,1566.254272,1573.315409,1556.086304,1563.806435,5159088
2/28/2024,1573.456665,1589.038286,1564.79505,1572.279809,3188916
2/29/2024,1575.951416,1583.812791,1556.556852,1567.572178,7814722
3/1/2024,1557.875,1574.115614,1554.391552,1571.33828,6387291
3/4/2024,1541.399048,1567.054512,1538.056845,1560.840734,4445156
3/5/2024,1512.495361,1541.540145,1508.25868,1538.386194,4596579
3/6/2024,1522.898926,1525.346764,1483.780183,1509.012024,6420684
3/7/2024,1521.863159,1533.160978,1510.32997,1522.004405,6348359
3/11/2024,1506.940552,1519.36822,1495.077866,1514.048808,6752895
3/12/2024,1518.567871,1529.912809,1504.163223,1506.375689,4614222
3/13/2024,1517.108643,1529.442071,1505.010586,1518.52087,5688997
3/14/2024,1556.557007,1560.746569,1513.907696,1519.933222,8803799
3/15/2024,1538.38623,1549.495798,1523.65197,1545.07075,11809997
3/18/2024,1508.870728,1537.115273,1505.293039,1534.620315,4958904
3/19/2024,1470.081421,1505.434222,1466.833344,1499.173325,6870411
3/20/2024,1463.961792,1482.791489,1461.513954,1471.540791,4759059
3/21/2024,1463.72644,1484.674478,1453.087731,1472.482295,11062497
3/22/2024,1420.559326,1439.436142,1410.53249,1431.99839,14673890
3/26/2024,1405.307373,1419.24128,1400.83532,1404.695385,8351081
3/27/2024,1397.022217,1411.285735,1394.856871,1408.46128,6857402
3/28/2024,1410.391357,1423.336773,1400.12915,1400.12915,12499530
4/1/2024,1407.943481,1440.424709,1405.448639,1435.764405,6580002
4/2/2024,1396.080688,1405.778028,1394.197719,1397.963658,7279400
4/3/2024,1394.009644,1407.614054,1388.690231,1392.45617,8736248
4/4/2024,1399.705444,1408.131802,1382.099724,1403.330253,11186915
4/5/2024,1392.550171,1399.705433,1389.678711,1393.44465,5072482
4/8/2024,1390.290649,1403.706809,1387.842812,1396.22205,6610887
4/9/2024,1407.378662,1425.21987,1400.27052,1402.812483,9423230
4/10/2024,1418.629517,1421.500977,1397.681477,1412.55687,6744595
4/12/2024,1397.869507,1418.629292,1392.926712,1415.993089,12275616
4/15/2024,1382.241089,1404.648361,1375.556569,1393.397662,8531224
4/16/2024,1331.683105,1370.001605,1330.365119,1366.09442,16173541
4/18/2024,1336.202393,1360.163136,1325.139945,1337.944117,22107945
4/19/2024,1328.670532,1343.357673,1298.072274,1303.956554,20603621
4/22/2024,1348.912354,1352.772418,1330.365149,1336.814297,5859087
4/23/2024,1357.997681,1362.187242,1349.147701,1358.562549,4856174
4/24/2024,1347.029419,1359.786584,1343.545971,1359.786584,4268213
4/25/2024,1354.278809,1360.351455,1336.908459,1336.908459,9089398
4/26/2024,1346.558716,1360.822234,1343.49889,1355.455702,8062444
4/29/2024,1350.795288,1355.549832,1344.675637,1346.276115,5055957
4/30/2024,1337.42627,1352.490026,1334.601815,1350.748187,6936588
5/2/2024,1331.683105,1340.674331,1329.235268,1330.317999,10076354
5/3/2024,1333.425049,1341.42767,1321.091505,1338.885592,8842345
5/6/2024,1342.463257,1361.104588,1334.178144,1336.908473,6445422
5/7/2024,1356.632446,1358.892033,1332.76583,1341.56869,6080661
5/8/2024,1343.781372,1355.502812,1342.180779,1351.266131,6234983
5/9/2024,1355.314453,1365.105803,1341.474558,1344.016636,6088406
5/10/2024,1341.521851,1351.92519,1330.318157,1351.077945,8777481
5/13/2024,1340.156616,1341.615964,1328.623426,1341.615964,3735954
5/14/2024,1341.333374,1349.853858,1335.072592,1342.933967,3463230
5/15/2024,1336.861328,1348.018015,1335.543341,1342.557357,4327544
5/16/2024,1368.307129,1370.566716,1343.499023,1350.042298,9249145
5/17/2024,1359.786621,1371.743433,1355.032077,1371.743433,7542860
5/21/2024,1350.230469,1360.163065,1344.816931,1346.323284,6752663
5/22/2024,1369.672119,1374.520674,1344.440281,1345.146394,7173285
5/23/2024,1386.24231,1391.655847,1365.153026,1369.577959,8641428
5/24/2024,1379.369385,1389.16085,1374.567835,1382.335085,5277938
5/27/2024,1385.253662,1393.020912,1374.803204,1385.724405,5821844
5/28/2024,1381.205322,1389.631565,1374.8503,1389.160823,6186922
5/29/2024,1366.047363,1379.746013,1365.152999,1379.651888,7401634
5/30/2024,1343.922485,1365.011769,1338.367817,1358.37437,9663150
5/31/2024,1351.077026,1379.742614,1344.450781,1353.861984,37113815
6/3/2024,1350.116699,1382.863655,1348.292064,1382.863655,10589244
6/4/2024,1338.352661,1358.855511,1304.453251,1353.093579,13736134
6/5/2024,1373.356445,1380.943012,1344.594849,1344.594849,9233424
6/6/2024,1413.833984,1415.802691,1380.462797,1387.617148,12660930
6/7/2024,1472.749634,1478.607574,1418.635518,1422.236726,24075302
6/10/2024,1440.242798,1469.100518,1437.890056,1464.77907,6810606
6/11/2024,1436.401489,1446.676887,1434.672863,1440.53092,4853054
6/12/2024,1426.270264,1448.885895,1423.917522,1447.205331,9564320
6/13/2024,1434.672974,1445.284578,1430.255516,1435.681359,7307565
6/14/2024,1429.823242,1444.035935,1427.086348,1444.035935,4237727
6/18/2024,1438.754395,1447.205275,1436.065563,1437.602055,5420939
6/19/2024,1451.382446,1455.511877,1437.313707,1445.284426,5493456
6/20/2024,1455.271851,1457.288503,1439.618557,1456.136164,7927010
6/21/2024,1471.885376,1495.941487,1463.242479,1483.697383,17301941
6/24/2024,1466.555664,1468.428245,1455.271881,1464.05885,5564989
6/25/2024,1480.768433,1482.641131,1460.025501,1465.451344,4551525
6/26/2024,1479.567993,1487.394641,1474.094205,1479.856137,4851004
6/27/2024,1510.922607,1515.77228,1471.261379,1477.407346,14757754
6/28/2024,1504.584473,1525.471476,1502.183668,1510.154387,8197544
7/1/2024,1527.680176,1536.419082,1497.622052,1497.622052,6801771
7/2/2024,1556.72998,1568.974086,1523.550809,1532.865886,10493173
7/3/2024,1562.828003,1571.086748,1542.277089,1560.523207,7269965
7/4/2024,1585.155396,1594.134382,1563.404081,1563.596098,8008311
7/5/2024,1582.082397,1599.752345,1568.541881,1585.923685,7065022
7/8/2024,1595.719116,1599.896494,1574.928121,1577.905096,5880533
7/9/2024,1591.397583,1600.616651,1585.491579,1594.038468,5191182
7/10/2024,1582.850708,1607.578999,1572.57531,1591.253525,9852770
7/11/2024,1587.124023,1598.93603,1576.896689,1590.293133,8857679
7/12/2024,1643.831055,1651.51363,1600.520559,1613.340834,17078316
7/15/2024,1639.317627,1659.436325,1635.092187,1657.707698,6942230
7/16/2024,1657.563721,1668.943512,1632.547287,1650.409252,6886281
7/18/2024,1688.293945,1695.352288,1650.793329,1650.793329,11248896
7/19/2024,1721.809204,1770.833687,1715.567111,1770.833687,29819116
7/22/2024,1738.999023,1750.666959,1721.809237,1728.723625,8462126
7/23/2024,1764.015381,1766.944292,1712.494086,1738.182697,7113056
7/24/2024,1761.182373,1769.249101,1747.401777,1764.591563,6002845
7/25/2024,1752.443481,1758.253476,1740.103368,1747.785943,5815599
7/26/2024,1804.348999,1808.286296,1752.92371,1752.92371,11369047
7/29/2024,1796.858521,1827.492817,1790.040258,1818.465766,4635931
7/30/2024,1802.668335,1805.357166,1786.19879,1796.85834,2721265
7/31/2024,1794.12146,1810.350924,1791.048477,1802.524277,5004209
8/1/2024,1779.092529,1793.785503,1771.890114,1782.453656,7475014
8/2/2024,1748.938232,1785.718609,1744.088677,1769.873297,7400938
8/5/2024,1682.388062,1726.178719,1650.361348,1714.126632,10736703
8/6/2024,1681.619873,1725.650614,1675.61786,1690.35878,7690163
8/7/2024,1720.560791,1726.562803,1692.183231,1724.738168,5094329
8/8/2024,1673.985352,1709.325132,1658.572136,1709.325132,6227910
8/9/2024,1700.490234,1710.093455,1686.325484,1700.970395,4258524
8/12/2024,1726.082764,1731.940704,1697.945283,1702.698947,4315329
8/13/2024,1726.130615,1738.182702,1718.064005,1738.182702,4176918
8/14/2024,1750.906982,1752.587546,1726.130629,1730.500141,7450718
8/16/2024,1785.19043,1787.975387,1756.908995,1776.595595,7335657
8/19/2024,1790.808472,1793.449357,1775.827355,1786.198879,2585989
8/20/2024,1797.914795,1810.879142,1794.073507,1805.405353,3870333
8/21/2024,1798.394897,1804.444973,1793.017118,1800.699694,1966902
8/22/2024,1805.645264,1818.513601,1795.513821,1809.246471,4300287
8/23/2024,1788.215454,1807.902054,1783.317836,1803.676614,5015935
8/26/2024,1801.70813,1813.808164,1790.040194,1795.802126,3728589
8/27/2024,1824.707642,1827.252518,1799.547254,1801.707979,3830679
8/28/2024,1862.160278,1873.588133,1822.1149,1831.237958,6514531
8/29/2024,1856.638428,1873.107973,1844.682466,1856.302338,7228284
8/30/2024,1866.577759,1872.627834,1851.500751,1861.10397,13466759
9/2/2024,1886.552612,1897.356235,1865.713671,1866.241778,5573739
9/3/2024,1864.224976,1888.953266,1859.615383,1888.953266,4694322
9/4/2024,1846.170898,1850.732428,1824.65978,1844.874487,4778310
9/5/2024,1856.446411,1863.024593,1833.830782,1849.820166,4081810
9/6/2024,1826.388184,1859.663361,1821.586574,1845.738693,5848106
9/9/2024,1819.473999,1844.634387,1814.048157,1815.008479,4772612
9/10/2024,1836.423828,1858.223091,1820.770532,1829.317422,6909600
9/11/2024,1834.358887,1849.579965,1829.413206,1838.728281,5312946
9/12/2024,1873.059937,1878.773923,1834.983264,1848.619789,8555092
9/13/2024,1866.962036,1880.886706,1858.847362,1873.060058,3843127
9/16/2024,1872.86792,1874.548483,1856.350429,1868.546471,1570181
9/17/2024,1875.07666,1880.742466,1865.089288,1870.467068,2793127
9/18/2024,1817.07312,1861.824098,1806.653651,1861.824098,6385468
9/19/2024,1819.041748,1848.523702,1804.252884,1834.791051,7976570
9/20/2024,1830.133667,1839.016646,1793.305341,1829.413425,15242974
9/23/2024,1821.202515,1842.761813,1803.91672,1833.254602,3636672
9/24/2024,1823.267334,1835.079342,1797.146622,1813.087944,7277616
9/25/2024,1820.098145,1826.148102,1802.332189,1811.503193,4268341
9/26/2024,1824.851807,1841.849458,1817.889472,1822.499065,8952803
9/27/2024,1831.093872,1896.251693,1827.780808,1855.43801,14908931
9/30/2024,1801.179932,1825.812215,1796.282313,1805.405372,6986955
10/1/2024,1828.789063,1833.20652,1800.603637,1800.603637,4029072
10/3/2024,1818.273682,1835.991575,1806.365666,1814.528402,7503887
10/4/2024,1842.041626,1876.565154,1811.167251,1814.576441,10001483
10/7/2024,1857.550781,1864.945213,1840.024906,1846.891114,6112575
10/8/2024,1871.235352,1880.262284,1830.709696,1861.0079,5637391
10/9/2024,1875.268677,1898.556484,1867.92219,1875.076659,4857163
10/10/2024,1842.85791,1886.0724,1838.152309,1880.214459,4782119
10/11/2024,1858.31897,1869.746824,1834.310921,1841.897488,4709431
10/14/2024,1881.174683,1891.354072,1854.477686,1855.486071,3751378
10/15/2024,1881.558838,1912.433095,1874.30836,1882.231016,5353705
10/16/2024,1843.914185,1881.798956,1840.312977,1877.429445,3111512
10/17/2024,1890.009644,1899.516854,1853.565472,1858.415027,8162822
10/18/2024,1805.021118,1859.99955,1795.081809,1818.65776,10526196
10/21/2024,1779.23645,1823.459322,1765.071702,1816.064773,4654601
10/22/2024,1778.13208,1803.292585,1773.66656,1784.470181,4125240
10/23/2024,1799.067139,1811.167172,1770.83365,1772.034053,4311910
10/24/2024,1789.415894,1809.246565,1786.198838,1787.543313,2906475
10/25/2024,1788.167603,1801.900137,1773.13854,1789.51196,4689120
10/28/2024,1791.336548,1807.229923,1783.317883,1785.910705,7018940
10/29/2024,1786.431763,1798.378144,1776.427775,1792.939132,4621252
10/30/2024,1750.300903,1786.140283,1744.71618,1779.34149,5919715
10/31/2024,1706.740112,1736.509141,1696.299107,1736.509141,7395236
11/1/2024,1710.236572,1715.238566,1701.689588,1713.781681,371966
11/4/2024,1712.956299,1716.209984,1668.618422,1674.931589,7336722
11/5/2024,1703.777832,1717.618235,1694.842321,1709.411166,3160880
11/6/2024,1771.280029,1774.679426,1711.984905,1713.296077,10421494
11/7/2024,1751.223755,1773.222616,1735.635044,1760.839098,4550965
11/8/2024,1777.350342,1787.694245,1761.033308,1765.743877,4210960
11/11/2024,1806.633789,1814.306737,1770.163187,1776.427742,3804234
11/12/2024,1815.083862,1826.933142,1807.508016,1817.317681,5012450
11/13/2024,1814.695313,1819.357272,1802.943135,1807.605094,4257495
11/14/2024,1810.956055,1822.076892,1802.651766,1811.975803,4311431
11/18/2024,1759.382202,1796.047128,1743.405083,1796.047128,4839244
11/19/2024,1772.300049,1806.245411,1768.22082,1773.028491,4669769
11/21/2024,1781.332642,1813.335489,1768.269173,1789.054082,5436504
11/22/2024,1847.572266,1859.033137,1781.284024,1800.806252,6301486
11/25/2024,1835.382935,1864.132215,1827.904309,1860.927022,12764638
11/26/2024,1868.842896,1882.877502,1842.764687,1850.194703,6850495
11/27/2024,1869.182861,1885.597117,1856.799343,1874.621873,4447143
11/28/2024,1803.282959,1859.858636,1798.426678,1859.858636,8468790
11/29/2024,1804.448486,1823.048068,1791.967867,1797.892506,5244346
12/2/2024,1825.7677,1828.681469,1782.449573,1805.565521,2868263
12/3/2024,1837.714111,1845.144246,1817.366338,1832.760728,4715792
12/4/2024,1834.946045,1858.936029,1821.105642,1829.846949,4705573
12/5/2024,1879.235229,1893.852684,1834.654542,1845.386971,9050038
12/6/2024,1867.143188,1882.246153,1857.430625,1877.244278,3573331
12/9/2024,1868.3573,1874.718958,1842.667498,1868.89142,4274645
12/10/2024,1892.541504,1909.101353,1876.467165,1883.265959,6174921
12/11/2024,1917.40564,1921.144953,1895.892289,1898.806058,5025612
12/12/2024,1929.886353,1941.347225,1913.909233,1918.42548,6462130
12/13/2024,1942.221191,1948.777171,1897.640622,1913.132112,5362693
12/16/2024,1923.136108,1942.124098,1920.756459,1938.093361,3119221
12/17/2024,1919.785156,1925.029964,1901.719813,1911.432376,5811050
12/18/2024,1922.261963,1927.895178,1905.216367,1910.266971,3064095
12/19/2024,1890.258911,1903.419481,1864.812044,1878.409632,5323592
12/20/2024,1866.900391,1923.038936,1856.313673,1918.376976,11056720
12/23/2024,1868.988525,1884.237202,1854.128257,1874.573249,2781793
12/24/2024,1854.17688,1886.179727,1787.111585,1871.659493,2360544
12/26/2024,1852.574341,1864.569333,1847.620957,1854.176937,3623321
12/27/2024,1861.655518,1868.842838,1849.174898,1854.516807,3937500
12/30/2024,1851.2146,1860.927163,1832.275101,1860.635739,7789055
12/31/2024,1825.961792,1842.473149,1792.016433,1837.908292,3613063
1/1/2025,1828.389893,1838.539473,1820.134214,1820.134214,1838368
1/2/2025,1901.574097,1906.236174,1831.109524,1832.760612,7083645
1/3/2025,1883.023071,1896.814863,1866.754529,1896.814863,6218003
1/6/2025,1882.149048,1916.288731,1872.582197,1895.892349,7164403
1/7/2025,1875.35022,1902.254091,1868.357222,1889.09352,4294832
1/8/2025,1877.584106,1882.877406,1834.460304,1874.524625,5482050
1/9/2025,1862.189819,1895.746655,1855.633839,1878.458363,6833503
1/10/2025,1910.412476,1920.950701,1876.70993,1881.323398,8036913
1/13/2025,1905.799072,1925.807047,1892.978536,1899.777331,5804152
1/14/2025,1884.285889,1915.123277,1875.593073,1912.258,5792162
1/15/2025,1893.609863,1901.76844,1881.420549,1891.03601,2985439
1/16/2025,1873.019165,1910.412533,1861.752616,1909.441276,7533579
1/17/2025,1763.267212,1804.594215,1759.916425,1797.795421,16409953
1/20/2025,1761.179077,1775.407887,1741.608239,1770.551605,4333011
1/21/2025,1748.941162,1779.001616,1741.511146,1766.76381,7169109
1/22/2025,1803.088745,1812.170087,1753.263367,1755.448694,8373913
1/23/2025,1811.829956,1825.524764,1799.446439,1804.594144,5907471
1/24/2025,1821.542603,1840.433609,1810.664579,1811.87865,4887027
1/27/2025,1769.628906,1809.450413,1759.916344,1795.610011,7652371
1/28/2025,1777.15625,1809.936151,1772.445681,1777.399064,6999495
1/29/2025,1827.175903,1834.363224,1787.597209,1791.967863,5145155
1/30/2025,1806.488159,1832.954894,1790.996668,1819.308814,7336056
1/31/2025,1825.7677,1842.91028,1817.220597,1817.220597,5820470
2/1/2025,1798.135376,1836.257187,1792.939178,1826.253318,1701402
2/3/2025,1809.741943,1822.61109,1779.730099,1783.226598,4823228
2/4/2025,1844.221558,1856.265041,1821.10561,1834.703198,7334787
2/5/2025,1842.521851,1864.520711,1839.850896,1851.214547,4996744
2/6/2025,1860.587158,1868.697125,1845.386973,1861.89833,4765255
2/7/2025,1848.932129,1868.405747,1835.140218,1864.132314,4126260
2/10/2025,1826.253296,1850.243279,1824.602089,1850.243279,3828734
2/11/2025,1821.736938,1848.300775,1816.249317,1828.972751,4411601
2/12/2025,1809.596191,1840.142154,1793.910379,1830.818118,5633947
2/13/2025,1790.268188,1819.648692,1782.886664,1814.79241,5237744
2/14/2025,1803.040161,1805.856828,1775.796375,1800.709122,5292961
2/17/2025,1789.345581,1799.495162,1769.774742,1785.70337,4428956
2/18/2025,1798.71814,1808.139397,1784.780635,1789.345611,4365260
2/19/2025,1758.750977,1796.047124,1753.991797,1794.298934,4611411
2/20/2025,1772.688477,1778.370302,1753.651877,1753.651877,2218020
2/21/2025,1762.8302,1777.253333,1754.283097,1769.434791,3379879
2/24/2025,1713.393188,1756.031363,1699.941313,1748.309923,7594720
2/25/2025,1716.889648,1727.330653,1694.987891,1694.987891,5092963
2/27/2025,1713.587524,1724.805463,1700.76687,1704.748997,5757079
2/28/2025,1639.189209,1704.651907,1634.090113,1704.603416,12182167
3/3/2025,1659.488403,1678.913528,1643.656998,1643.656998,7504969
3/4/2025,1639.772095,1650.16449,1621.998057,1646.279465,6759673
3/5/2025,1662.305176,1683.138576,1643.802696,1643.802696,8180782
3/6/2025,1666.530151,1672.794826,1642.491557,1665.704607,10610547
3/7/2025,1637.538208,1655.992079,1627.340016,1654.146668,8019331
3/10/2025,1652.544067,1669.589664,1628.019845,1637.538204,7558981
3/11/2025,1613.839478,1631.710618,1589.995206,1631.710618,12671234
3/12/2025,1545.123047,1589.849447,1518.850635,1589.849447,14870008
3/13/2025,1534.439209,1559.886195,1525.163783,1553.281605,7822888
3/17/2025,1544.346191,1548.182607,1500.736758,1500.736758,7526032
3/18/2025,1544.346191,1544.346191,1544.346191,1544.346191,0
3/19/2025,1540.946777,1556.923897,1527.592003,1556.923897,7387068
3/20/2025,1569.113159,1584.993176,1546.240026,1546.240026,7186750
3/21/2025,1546.774292,1557.798027,1518.704961,1532.593855,10074677
3/24/2025,1546.968506,1560.90601,1527.494769,1552.018991,8857726
3/25/2025,1581.642212,1589.120956,1558.8663,1558.8663,9890140
3/26/2025,1553.47583,1590.674994,1549.153787,1579.262732,6651302
3/27/2025,1557.45813,1573.386639,1540.412534,1549.688079,9426573
3/28/2025,1525.503784,1552.504639,1515.159881,1544.297571,6799047
4/1/2025,1482.622681,1502.92196,1474.22129,1495.006198,12680733
4/2/2025,1505.593018,1510.934927,1491.072664,1491.072664,6193478
4/3/2025,1453.485107,1490.53856,1442.36427,1490.53856,10459504
4/4/2025,1409.924316,1429.68936,1406.379207,1418.519911,9590254
4/7/2025,1356.602295,1365.489314,1269.432038,1313.138574,21715252
4/8/2025,1387.731079,1414.634832,1374.327694,1389.867796,12805001
4/9/2025,1363.352417,1368.937141,1342.179101,1364.663708,8546854
4/11/2025,1368.937134,1397.443601,1356.893651,1370.685443,12567440
4/15/2025,1385.011475,1406.087689,1368.500118,1404.048074,10178530
4/16/2025,1372.482178,1386.468291,1356.650772,1384.040151,12022740
4/17/2025,1378.698364,1388.702352,1338.682651,1357.816353,14264227
4/21/2025,1409.292969,1429.495148,1369.471458,1369.471458,15648970
4/22/2025,1381.903564,1398.609126,1378.504167,1398.609126,9399738
4/23/2025,1432.505981,1445.035212,1398.220586,1404.43665,11136642
4/24/2025,1429.106567,1440.276015,1419.491106,1427.649683,7114292
4/25/2025,1437.653564,1458.535575,1421.433631,1433.088707,8329979
4/28/2025,1439.498901,1446.783323,1423.181867,1437.653491,5886253
4/29/2025,1454.456299,1466.402799,1431.728878,1439.401826,8056743
4/30/2025,1456.981567,1465.431568,1439.984582,1453.776493,7704183
5/2/2025,1463.586182,1479.417589,1453.193668,1456.593065,7402310
5/5/2025,1465.237183,1479.223297,1459.603967,1471.453246,4282493
5/6/2025,1468.053955,1472.036082,1456.010353,1462.712045,4270530
5/7/2025,1464.945923,1475.144114,1453.582153,1456.884448,5691799
5/8/2025,1467.956787,1472.91017,1458.049902,1464.654492,8424409
5/9/2025,1464.265991,1467.956813,1451.154031,1457.564299,4478653
5/12/2025,1580.136963,1585.090347,1487.964713,1492.820994,11372857
5/13/2025,1523.512573,1565.859323,1519.627548,1562.751351,12846210
5/14/2025,1546.62854,1549.153783,1524.386747,1528.757401,4870057
5/15/2025,1566.636475,1572.075486,1525.843708,1544.103375,11151167
5/16/2025,1544.200439,1566.24791,1536.041863,1566.24791,4576751
5/19/2025,1514.965698,1539.441311,1510.983452,1531.185632,8855798
5/20/2025,1515.742554,1537.984347,1513.217311,1524.872387,7143998
5/21/2025,1523.415527,1525.843668,1507.4869,1522.832797,4157309
5/22/2025,1503.019165,1515.936922,1495.734743,1510.789216,6158990
5/23/2025,1519.821899,1541.577946,1505.447259,1505.447259,5038421
5/26/2025,1535.070557,1538.27575,1517.782147,1521.570071,3170102
5/27/2025,1524.969482,1537.40161,1511.663319,1534.487842,7775714
5/28/2025,1526.620728,1542.063608,1524.872419,1535.556238,3623370
5/29/2025,1540.023926,1562.654244,1531.282619,1543.326221,8609500
5/30/2025,1539.137573,1548.297396,1531.65219,1547.312474,13148092
6/2/2025,1530.371826,1536.478294,1515.794933,1536.478294,4374509
6/3/2025,1519.734619,1543.668271,1512.446172,1535.493371,6853403
6/4/2025,1527.810913,1533.819033,1518.15875,1519.734601,4548307
6/5/2025,1530.864258,1544.062116,1518.355677,1524.560733,6948539
6/6/2025,1540.221069,1545.244147,1519.833112,1531.258183,3960020
6/9/2025,1549.183838,1564.056136,1547.312462,1554.206916,2903202
6/10/2025,1571.935547,1583.26215,1553.714489,1560.116483,8591925
6/11/2025,1606.506226,1609.953453,1566.124424,1566.124424,10597410
6/12/2025,1584.345459,1603.452969,1574.003778,1592.618828,10483574
6/13/2025,1577.844971,1584.739424,1546.524404,1552.237,6968315
6/16/2025,1599.316406,1610.150548,1573.018916,1575.875214,5591842
6/17/2025,1615.173584,1622.560499,1591.239932,1596.26301,7622083
6/18/2025,1608.279175,1619.901182,1596.558579,1596.558579,5629707
6/19/2025,1593.997803,1605.422874,1587.201817,1599.414874,5147760
6/20/2025,1598.429932,1606.112251,1584.641024,1594.588712,9202821
6/23/2025,1560.116455,1576.860129,1551.64615,1576.860129,7943676
6/24/2025,1557.752563,1584.739449,1552.827954,1576.860074,8083992
6/25/2025,1590.550537,1595.475147,1561.199814,1566.025956,7813533
6/26/2025,1591.633911,1599.513287,1582.375621,1584.542521,6519233
6/27/2025,1583.754517,1605.028807,1578.238978,1594.588658,8912268
6/30/2025,1577.648071,1590.648993,1570.0641,1590.648993,6294505
7/1/2025,1582.572754,1593.308308,1576.367697,1584.739534,4178937
7/2/2025,1586.216919,1624.136417,1579.223997,1593.603834,8653641
7/3/2025,1594.293213,1607.786717,1590.64905,1594.096277,5259695
7/4/2025,1615.961426,1618.620787,1587.989738,1600.498199,4411273
7/7/2025,1602.46814,1619.211814,1598.528452,1615.272126,3294523
7/8/2025,1613.991577,1621.378492,1597.050967,1603.45296,4590681
7/9/2025,1609.067017,1613.302229,1599.119328,1613.105293,4580828
7/10/2025,1591.437012,1614.188686,1582.868118,1614.188686,5330179
7/11/2025,1570.852051,1582.868051,1539.433016,1555.290236,11391755
7/14/2025,1546.623047,1567.79887,1536.281366,1567.79887,9173426
7/15/2025,1561.692261,1579.420856,1540.41797,1541.50136,7614807
7/16/2025,1583.656128,1587.694284,1554.699397,1555.191858,6223491
7/17/2025,1559.624023,1585.724457,1556.275265,1573.905393,7374814
7/18/2025,1562.184692,1575.185734,1556.176692,1568.094224,5161833
7/21/2025,1560.411987,1565.041073,1543.175852,1556.176775,3682661
7/22/2025,1547.213989,1561.889351,1541.402925,1541.402925,8473741
7/23/2025,1550.759644,1567.89731,1526.629055,1552.532551,8035026
7/24/2025,1529.091431,1558.14663,1524.856218,1556.176786,14169664
7/25/2025,1492.846191,1526.136602,1488.512631,1520.128602,10851259
7/28/2025,1493.141724,1496.392014,1460.146837,1491.073412,6439855
7/29/2025,1490.876343,1494.32357,1473.54174,1490.088477,7070448
7/30/2025,1496.096558,1498.755799,1483.292571,1496.983011,5719051
7/31/2025,1486.247314,1504.074379,1474.42825,1486.936712,6851407
8/1/2025,1447.441284,1476.102489,1443.403128,1471.374936,8702978
8/4/2025,1458.177002,1460.442371,1429.121803,1439.463484,8610216
8/5/2025,1438.281616,1456.404084,1433.061482,1456.404084,10213323
8/6/2025,1415.037354,1434.144864,1408.733949,1430.106708,10566934
8/7/2025,1415.234375,1420.257453,1392.876575,1408.438389,9892020
8/8/2025,1401.642456,1411.590144,1395.732924,1403.513832,10048009
8/11/2025,1406.665527,1411.787194,1392.679683,1398.490747,6625368
8/12/2025,1402.627441,1419.272648,1399.574207,1406.665598,9899184
8/13/2025,1405.089722,1412.378169,1400.953097,1403.513871,10318063
8/14/2025,1425.87146,1447.835268,1404.695638,1404.695638,12902347
8/18/2025,1414.151001,1442.615149,1408.044413,1442.615149,7254561
8/19/2025,1418.28772,1427.546011,1411.097741,1411.097741,3986094
8/20/2025,1473.640259,1476.398089,1418.977087,1418.977087,10413061
8/21/2025,1473.83728,1485.262351,1461.919748,1485.262351,6565539
8/22/2025,1465.071411,1481.618148,1463.692496,1475.51156,5543397
8/25/2025,1508.998901,1515.794887,1483.98186,1483.98186,10694531
8/26/2025,1506.536621,1515.203983,1495.702479,1500.03616,15994798
8/28/2025,1477.481445,1506.536644,1475.413133,1506.536644,5443364
8/29/2025,1447.441284,1479.254311,1445.569908,1479.254311,8169075
9/1/2025,1476.792114,1480.731802,1453.941851,1454.434312,4546057
9/2/2025,1476.102539,1489.990035,1463.889603,1476.792057,5218763
9/3/2025,1456.798096,1479.254365,1450.790096,1477.382989,4623483
9/4/2025,1440.940918,1461.62428,1438.08462,1461.62428,5787724
9/5/2025,1422.818237,1450.49452,1411.393167,1447.835279,5466487
9/8/2025,1411.2948,1436.016319,1406.764183,1429.121864,3811567
9/9/2025,1481.618164,1484.474342,1450.297597,1458.669434,13072640
9/10/2025,1509.491455,1511.756824,1486.542844,1487.33071,7281071
9/11/2025,1486.936646,1504.468305,1483.784943,1500.92261,8003662
9/12/2025,1502.596924,1519.636122,1498.164775,1513.825058,12856963
9/15/2025,1485.656372,1504.468358,1478.564862,1502.596982,6167414
9/16/2025,1488.512695,1491.171937,1480.830255,1485.656397,8923112
9/17/2025,1499.445313,1503.680405,1491.171943,1494.028241,4795698
9/18/2025,1517.37085,1531.553751,1515.302537,1526.629141,9331945
9/19/2025,1516.976807,1527.909537,1497.179899,1521.310487,12988129
9/22/2025,1476.890503,1491.861269,1459.654368,1460.343766,15655204
9/23/2025,1474.920654,1490.186945,1470.488505,1470.488505,9832164
9/24/2025,1472.064331,1474.132643,1460.343736,1464.775885,4937004
9/25/2025,1462.412231,1480.042239,1454.237331,1466.548856,9491867
9/26/2025,1427.053467,1456.404069,1419.469495,1452.759906,8597058
9/29/2025,1420.060547,1442.910689,1414.840412,1437.986079,10513117
9/30/2025,1420.060547,1430.303639,1416.416263,1421.242405,7556305
10/1/2025,1424.000244,1427.644407,1405.877656,1424.19718,6250692
10/3/2025,1424.788086,1426.462525,1411.590108,1417.302703,6877533
10/6/2025,1453.744873,1456.502703,1420.55305,1424.788142,4630590
10/7/2025,1436.508667,1460.540787,1432.076518,1455.41912,5570320
10/8/2025,1472.458374,1475.41314,1433.061494,1435.031338,4657192
10/9/2025,1486.542847,1491.171932,1464.579038,1479.352868,7028753
10/10/2025,1492.05835,1498.755747,1476.20113,1487.232208,3738353
10/13/2025,1470.685425,1482.012027,1461.033262,1474.428176,5859355
10/14/2025,1467.435303,1491.565892,1464.086544,1476.398069,5600789
10/15/2025,1452.169067,1466.154912,1445.373081,1461.525827,6986098
10/16/2025,1449.312744,1452.26751,1438.478602,1451.676581,8005748
10/17/2025,1419.371094,1436.410293,1412.378171,1432.963066,16959378
10/20/2025,1438.872559,1444.880559,1428.136885,1431.781048,6994246
10/21/2025,1450.199219,1463.594134,1447.835382,1455.714758,1698704
10/23/2025,1505.453247,1522.689382,1483.292503,1487.23219,20358624
10/24/2025,1502.400024,1519.734627,1495.111578,1516.2874,8652257
10/27/2025,1504.5,1515.300049,1498.099976,1510,7273211
10/28/2025,1500.199951,1506.5,1490.5,1499.699951,8211019
10/29/2025,1510.400024,1520.199951,1496.900024,1500.199951,4884976
10/30/2025,1493.800049,1508.199951,1489.099976,1507,5608867
10/31/2025,1482.300049,1497.099976,1480.699951,1490,4819814
11/3/2025,1485.5,1491.400024,1474.199951,1482.300049,5470600
11/4/2025,1467.900024,1481.900024,1462.900024,1479.699951,8691330
11/6/2025,1466.699951,1483,1461.900024,1478.599976,7944752
11/7/2025,1476.800049,1480.900024,1449.099976,1470,8765759
11/10/2025,1513.5,1520,1490,1490.099976,9787975
11/11/2025,1530.300049,1533.400024,1511.099976,1525,13692989
11/12/2025,1551.699951,1559.199951,1538.099976,1540,14635417
11/13/2025,1541.800049,1557.5,1530.300049,1557.099976,19655689
11/14/2025,1502.800049,1530,1488.800049,1520,9739549
11/17/2025,1507.599976,1510.199951,1492.5,1496,7910354
11/18/2025,1486.400024,1506,1483.199951,1506,7525119
11/19/2025,1541.099976,1543,1490.5,1490.5,10981126
11/20/2025,1536.5,1555,1534,1555,7387584
11/21/2025,1545,1551.5,1526.300049,1531,9186302
11/24/2025,1548,1585,1541,1563.599976,19270381
11/25/2025,1530.599976,1550.599976,1525.900024,1549,8107952
11/26/2025,1557.900024,1560.300049,1532.099976,1532.099976,7575038
11/27/2025,1566.400024,1574.300049,1552.199951,1564,7552252
11/28/2025,1560.099976,1568.400024,1557,1565,4453221
12/1/2025,1564,1574,1556,1562.5,5341800
12/2/2025,1561,1579.900024,1556.099976,1567,6335969
12/3/2025,1578.699951,1586,1554.099976,1555.099976,12895312
12/4/2025,1597.599976,1599,1568,1568,12609619
12/5/2025,1616.199951,1631.800049,1600,1610,10344725
12/8/2025,1610.800049,1630,1600.199951,1617.099976,7550413
12/9/2025,1599,1606.900024,1582.400024,1601.199951,6957599
12/10/2025,1584.800049,1608,1582.800049,1608,5116140
12/11/2025,1598,1607.400024,1580.5,1598,5159319
12/12/2025,1598.199951,1601.800049,1582.599976,1601.400024,4633912
12/15/2025,1606.800049,1610.800049,1585,1585,4190558
12/16/2025,1592.900024,1603,1585.599976,1600,5499258
12/17/2025,1602,1606.900024,1586,1587.199951,4817628
12/18/2025,1626.800049,1630,1606.699951,1610.5,6577293
12/19/2025,1638.699951,1654.900024,1629.800049,1650,13149023
12/22/2025,1689.599976,1693.199951,1664,1664,23098923
12/23/2025,1668.300049,1679,1656.400024,1679,6593060
12/24/2025,1663.400024,1667.599976,1652.5,1661,4271167
12/26/2025,1656.099976,1668.800049,1651.699951,1663.400024,2006491
12/29/2025,1644.699951,1673.099976,1637.099976,1658,4062817
12/30/2025,1621.599976,1647.900024,1616.800049,1647,9395937
12/31/2025,1615.400024,1628.599976,1609.199951,1621,6538656
1/1/2026,1629.800049,1639.599976,1614.099976,1615.400024,3658165
1/2/2026,1640.400024,1643.5,1627.5,1635.900024,2524526
1/5/2026,1606.400024,1637,1583.099976,1637,5917885
1/6/2026,1612.199951,1619.900024,1599,1600.099976,4466729
1/7/2026,1639,1642,1615,1615,4508079
1/8/2026,1613.300049,1644.300049,1608.599976,1638.900024,3942131
1/9/2026,1614.099976,1631.300049,1607,1610,6816681
1/12/2026,1595.900024,1613.300049,1592.599976,1610.099976,6985362
1/13/2026,1599,1618,1586.400024,1618,8080618
1/14/2026,1599.800049,1617,1583.099976,1588,7557157
1/15/2026,1599.800049,1599.800049,1599.800049,1599.800049,0
1/16/2026,1689.800049,1694,1653.400024,1663.699951,19335957
1/19/2026,1681.199951,1685,1666.5,1685,5104958
1/20/2026,1658.900024,1680.199951,1652.900024,1673,6406503
1/21/2026,1654.400024,1657,1631.199951,1651,6224582
1/22/2026,1663.5,1671.199951,1653.800049,1666,6228892
1/23/2026,1670.800049,1675.699951,1662.199951,1667.199951,5869137
1/27/2026,1682.699951,1689.400024,1661.099976,1685.800049,10673087
1/28/2026,1666.5,1688.800049,1650,1680,8588664
1/29/2026,1659.5,1666.5,1642.099976,1658,4749582
1/30/2026,1641,1655,1618.099976,1655,9207926
2/2/2026,1629.400024,1662,1618,1662,6784887
2/3/2026,1656,1728,1653,1727.199951,8805868
2/4/2026,1535.800049,1584.900024,1510.099976,1574,28828622
2/5/2026,1520.199951,1551,1515.699951,1534,10628127
2/6/2026,1507.099976,1525,1480,1522.099976,13900866
2/9/2026,1497.199951,1528,1493,1522.099976,8294615
2/10/2026,1497.800049,1515.900024,1491,1500,8657000
2/11/2026,1471.900024,1505.900024,1469,1501.199951,7934411
2/12/2026,1386,1435.699951,1380.5,1428.900024,26048896
2/13/2026,1369.099976,1377.300049,1281.5,1293.900024,45785709
2/16/2026,1365.599976,1376,1338.300049,1373.699951,14621891
2/17/2026,1391.199951,1431,1367,1370,25347684
2/18/2026,1373.699951,1401,1345.300049,1390.900024,20241373
2/19/2026,1370.5,1402,1363.199951,1385,14574228
2/20/2026,1353.199951,1365,1338.199951,1359.199951,12633552
2/23/2026,1327.5,1352,1318,1352,12887826
2/24/2026,1275.5,1303.599976,1264.099976,1301,27839061
2/25/2026,1290.099976,1323.599976,1286.199951,1286.199951,16669618
2/26/2026,1289.099976,1314,1286.300049,1305.5,11493914
2/27/2026,1300.099976,1335,1294.199951,1326.300049,23141724
3/2/2026,1288.900024,1298.800049,1273,1291,9699583
