Date,Close,High,Low,Open,Volume
3/2/2016,143.2393036,149.6717435,142.7462299,147.0270435,24680589
3/3/2016,142.6117249,145.6822553,141.984166,144.7857472,10227569
3/4/2016,141.2893829,144.2254389,141.0876657,143.4409983,11818471
3/8/2016,143.5530701,145.2340191,141.6479967,141.6479967,13109801
3/9/2016,143.3962097,143.7548088,140.1687859,142.0962773,20903665
3/10/2016,141.6928253,144.2478755,140.2360007,143.3289495,13915900
3/11/2016,144.0237427,144.3375275,141.1997538,141.6928275,12149994
3/14/2016,145.7046814,146.1305231,144.3375173,144.5616417,7708725
3/15/2016,141.8721161,146.1305222,141.1997429,146.1305222,16209915
3/16/2016,144.3599396,144.9650808,141.6480075,141.8945497,9728463
3/17/2016,145.0771484,145.6822897,144.1133975,144.8978489,13035516
3/18/2016,145.5702209,146.489147,144.3375313,145.861588,14383934
3/21/2016,148.5735016,150.7026993,146.2425866,146.466711,16781906
3/22/2016,144.8530121,148.2821421,144.4495775,147.2511592,19781991
3/23/2016,145.3460999,145.7271167,143.5979187,145.6822918,16015333
3/28/2016,144.5392151,147.8338808,143.5754749,146.5787736,17073110
3/29/2016,143.4410248,146.6012057,142.9927653,143.9565163,18701607
3/30/2016,146.7356567,147.5873401,143.7099509,143.7099509,14435320
3/31/2016,147.1390839,149.044157,145.6374346,146.0408585,28529105
4/1/2016,150.6354675,150.9716594,145.906395,146.1753442,14850746
4/4/2016,148.2373047,149.2682875,146.152932,146.5787736,14209372
4/5/2016,146.3322296,148.0804211,145.3236646,147.0718454,8964083
4/6/2016,146.0857086,147.4304764,145.6822847,146.5115503,6892514
4/7/2016,143.1944427,146.5787578,142.9927255,146.5787578,10412846
4/8/2016,143.9788971,144.5392134,142.9927392,143.2168742,4985755
4/11/2016,146.6908722,147.1615389,142.0962838,144.3375495,14365804
4/12/2016,144.5168304,145.9736551,143.8892714,145.6822881,6187731
4/13/2016,148.4838867,149.1338529,145.4581801,145.6823046,12397612
4/18/2016,150.344101,151.6664508,148.3942028,150.1648014,14746380
4/20/2016,150.3889313,151.6440386,149.0889991,150.3216993,9345601
4/21/2016,147.9011078,150.8371744,146.8477179,150.4337399,7212220
4/22/2016,146.040863,148.4390205,145.4357219,146.1081057,6515084
4/25/2016,143.8668213,145.9063689,143.6202792,144.023703,6324530
4/26/2016,146.7581177,147.1839595,140.0791451,140.3929194,15023308
4/27/2016,149.5148468,149.9406885,146.1529487,146.1529487,9677599
4/28/2016,144.7409515,148.8200585,144.1358103,147.9235501,20225037
4/29/2016,145.6598511,146.1753425,143.4858285,144.8530033,10729330
5/2/2016,143.9565125,145.2340269,143.1720717,144.8978456,3388196
5/3/2016,141.6704102,144.9874832,140.7514842,144.1582069,11124246
5/4/2016,140.1463623,143.2169042,139.0257295,141.1997631,6402669
5/5/2016,142.3876038,143.575479,139.675672,139.8549822,6576427
5/6/2016,142.4100189,143.1720525,137.1654551,140.2808106,16183901
5/9/2016,145.5926208,146.0856945,143.216881,143.4410054,8857475
5/10/2016,145.0098877,146.1305203,144.2030399,145.6822715,8564326
5/11/2016,142.5444946,144.2254435,141.6928113,143.4410028,11154663
5/12/2016,142.63414,143.9340721,141.2445582,143.0151568,5782937
5/13/2016,143.1496582,144.203059,141.2669918,142.5445169,9804509
5/16/2016,147.6545868,147.9235361,142.1410735,142.6789721,13469690
5/17/2016,148.1476593,149.4700092,147.3408008,147.9235349,12444300
5/18/2016,149.1338348,150.075168,146.0408859,146.8477445,7908685
5/19/2016,145.615036,149.7165605,144.561646,149.7165605,8918517
5/20/2016,148.0804596,151.823375,145.5926517,146.4667423,21044560
5/23/2016,155.4766083,158.905749,152.1819529,156.7317156,54852807
5/24/2016,156.0145111,157.6954601,155.3869521,155.9920933,16271995
5/25/2016,159.6005554,160.2281145,156.8213912,157.0679227,10338908
5/26/2016,162.4693756,163.1641666,158.5023361,159.5781439,13074273
5/27/2016,161.0573578,163.1193235,159.6677759,162.6934819,10925400
5/30/2016,163.827179,164.7462675,162.1268635,162.4025868,7646107
5/31/2016,161.3226624,165.182821,160.4954816,163.5974067,15054842
6/1/2016,166.0789795,166.4466106,162.2188089,162.2188089,12409528
6/2/2016,164.5165253,165.6653835,162.3107166,165.3666886,13708259
6/3/2016,162.6323853,165.3666688,162.0120023,165.3666688,7381218
6/6/2016,163.4135895,164.0339724,161.4605331,162.5404657,7694861
6/7/2016,166.6993408,167.1588797,164.0569651,164.0569651,11008034
6/8/2016,166.7222748,167.733271,165.7572434,167.2737322,7611794
6/9/2016,162.7243042,166.7912616,162.0349849,166.6304175,12065100
6/10/2016,161.1618195,164.8151912,160.8631247,162.241752,11163385
6/13/2016,160.7941742,162.4715071,158.8411181,160.1967738,12184759
6/14/2016,162.3566437,162.6783318,159.8291582,161.2537505,7849407
6/15/2016,165.2288208,165.4356078,162.5634624,162.6783526,9890057
6/16/2016,163.0919342,165.159881,161.3456755,165.159881,9057747
6/17/2016,165.366684,165.7572975,163.2987371,163.2987371,9326214
6/20/2016,164.5394897,165.8951458,163.1838337,165.6653654,9020745
6/21/2016,164.7462921,165.2977388,163.3676536,164.2867423,6913784
6/22/2016,163.0000153,165.0449795,162.0120013,163.5744443,9255264
6/23/2016,165.5504913,166.1249204,163.1378849,163.1378849,8991200
6/24/2016,162.7243042,165.4815594,160.9320807,162.0120135,12511364
6/27/2016,164.9530792,166.0789659,162.7242993,162.7242993,10639592
6/28/2016,169.3417206,169.6404154,164.9530753,165.4355965,16301081
6/29/2016,168.330719,170.0080522,167.2737687,170.0080522,11999827
6/30/2016,169.2957611,170.8122502,168.2617823,169.1119346,21706947
7/1/2016,173.9486237,179.0495481,167.2278003,167.7103215,29020448
7/4/2016,168.8132324,175.0859975,168.1928495,175.0859975,14535927
7/5/2016,167.8826599,170.2607926,166.952091,169.4680853,9335877
7/7/2016,170.2608032,171.3981811,168.1239311,168.5375161,9305981
7/8/2016,169.4680786,170.53652,167.1588714,170.53652,7165465
7/11/2016,171.7428284,173.4316418,170.0884667,171.1569082,7547920
7/12/2016,171.2258148,173.6728835,170.2607724,172.9835753,4302932
7/13/2016,170.3297424,171.7773063,169.5714978,171.2603223,4510416
7/14/2016,171.4326324,173.0180579,168.9511008,170.260792,6326605
7/15/2016,171.5360565,174.0865248,170.6399502,171.6394555,9705885
7/18/2016,171.5704803,172.2942622,170.6743742,171.6738793,7088259
7/19/2016,171.6738739,172.3287194,169.2957415,171.6394112,6980063
7/20/2016,172.5010834,173.7073866,170.9156579,171.6739025,9671252
7/21/2016,172.7423401,174.7413505,169.9161488,174.3966909,12168179
7/22/2016,172.2253418,176.6024846,170.3641823,174.5000754,16388121
7/25/2016,173.5350494,173.7073847,171.639438,171.9840976,9212323
7/26/2016,173.5350494,174.7758153,172.6734059,173.4661241,7080363
7/27/2016,170.5365295,174.87921,169.778285,173.0180612,9241105
7/28/2016,175.2928162,176.0510718,171.1224705,171.9151779,11787316
7/29/2016,174.0175323,176.8092604,173.2937506,175.2238353,12596909
8/1/2016,172.7423401,175.913191,172.0185582,173.7073826,9926094
8/2/2016,179.7733307,180.6005115,173.0180446,173.0180446,17425566
8/3/2016,174.1898956,179.2218842,173.1903795,179.2218842,11408861
8/4/2016,173.7762909,175.6719131,172.4665889,175.0859929,8995366
8/5/2016,174.0865173,176.8093099,173.087012,173.8107831,4533189
8/8/2016,172.294281,175.6029936,171.984095,174.3966904,8739307
8/9/2016,170.7088318,172.3287197,169.6403904,172.3287197,9718838
8/10/2016,169.9161224,171.2258134,169.4336012,170.9500902,5457692
8/11/2016,173.4661255,174.2588328,169.9506149,170.2608009,11158153
8/12/2016,175.1549377,176.1199803,172.5355444,172.7078687,8603626
8/16/2016,175.8442383,177.8432485,174.7068715,175.2583181,10689714
8/17/2016,174.8792114,176.9816208,173.8452435,175.4651317,8649054
8/18/2016,173.8107605,176.0510424,173.3627129,175.3617232,6939437
8/19/2016,172.9835968,173.983102,172.1564159,173.7073787,5531361
8/22/2016,175.1549377,175.6029963,173.3627252,173.4661242,4345966
8/23/2016,173.2937775,175.775309,172.5355329,175.3617241,6694732
8/24/2016,172.5010834,173.7073866,171.7083652,173.155929,5590189
8/25/2016,174.7068787,175.7753092,172.5010704,173.7762989,9884849
8/26/2016,174.9481506,175.7063952,173.7418475,174.6379537,4936367
8/29/2016,174.2588348,175.0515531,173.0525316,174.3966965,4437169
8/30/2016,177.3607178,177.7743136,174.4311279,174.8791864,7989072
8/31/2016,179.2563629,180.2558681,176.7403577,178.0500598,13265582
9/1/2016,179.9112244,181.289852,178.6015221,179.9112244,8695602
9/2/2016,181.2209167,181.7723634,179.3942306,180.6005338,9506919
9/6/2016,181.0140991,183.2888327,179.9801313,181.2898224,9519864
9/7/2016,181.1519623,182.6339886,180.6005157,181.9791431,6656556
9/8/2016,182.5995483,183.0476069,181.0830591,181.6345058,8645619
9/9/2016,178.0500488,182.28933,177.1884053,181.2898248,10131678
9/12/2016,173.879715,176.947167,173.5350553,176.4301831,7627126
9/14/2016,173.6039734,174.4656169,172.018548,173.0180532,13020551
9/15/2016,176.3956909,177.7743293,174.052021,174.052021,8077776
9/16/2016,179.46315,180.7383895,176.0510495,176.4646344,14578809
9/19/2016,178.4291687,181.0140991,178.0155838,180.2558546,6724348
9/20/2016,177.1195068,178.7049325,175.9476771,178.6704698,6944197
9/21/2016,174.8447266,178.3946993,174.396668,176.9471357,9139238
9/22/2016,175.9476166,177.2917811,174.913638,176.0854782,7988449
9/23/2016,174.7068787,177.1539475,173.5695009,175.7753092,5143011
9/26/2016,170.9845734,174.56902,170.6054511,174.3966848,10060086
9/27/2016,169.4680786,171.8117485,168.8821584,171.3981635,6900812
9/28/2016,170.2263336,171.915158,169.2268284,169.778286,7646466
9/29/2016,169.3646851,171.8462167,166.1249089,171.0190467,18104875
9/30/2016,166.3661499,170.2263085,165.7802298,169.3302024,9912734
10/3/2016,167.0210114,168.3307134,166.5040274,168.3307134,6714964
10/4/2016,166.2627716,168.158383,165.6768514,167.5035374,8002732
10/5/2016,165.5734558,167.6758652,164.8841475,166.67636,6470467
10/6/2016,163.6433868,166.8142269,162.4370836,166.8142269,8986109
10/7/2016,164.7118073,165.6079244,163.1953181,163.9880254,4164582
10/10/2016,165.5045166,167.2278036,165.1253943,166.8142077,5241260
10/13/2016,164.7118073,166.4350943,163.3331798,165.5045254,11089281
10/14/2016,165.366684,165.780269,164.0914444,164.746301,9579094
10/17/2016,165.8491821,166.6418893,164.4016184,165.3666609,6379993
10/18/2016,169.5370178,169.9506028,165.6423852,166.1249065,12234489
10/19/2016,165.0564575,169.3302122,164.3326757,169.3302122,8734555
10/20/2016,164.9875336,166.366161,164.1258901,166.1249003,4572220
10/21/2016,165.5390015,166.2283207,164.5739589,164.7462942,10999941
10/24/2016,166.3661499,166.8141975,165.2287832,166.1248893,9944640
10/25/2016,164.5739441,167.4346089,164.1603591,167.4346089,6177333
10/26/2016,164.5739441,167.1588746,160.9550457,165.3321886,24852951
10/27/2016,167.572464,168.7442934,165.1943206,166.262762,15943817
10/28/2016,167.572464,168.3996339,165.0909216,168.3996339,9674418
11/1/2016,165.4011078,167.3656552,164.8496503,167.3656552,5730426
11/2/2016,163.5744476,164.7118145,162.0579585,163.3676497,4867894
11/3/2016,165.6423645,167.0209918,162.6783121,163.4020938,9210542
11/4/2016,171.6738739,176.7403355,170.2952466,173.3626981,36621117
11/7/2016,176.8092804,178.9806259,170.2607812,174.9481318,25202734
11/8/2016,176.1889191,177.4296849,173.845249,176.809302,10317962
11/9/2016,171.0535278,175.7753309,164.4361022,164.8496872,23914156
11/10/2016,173.0524902,174.3966548,169.2612572,174.2932558,12012673
11/11/2016,167.4690857,171.6049684,166.1249208,170.9501227,13232720
11/15/2016,163.7122955,170.1918585,162.5404661,166.7797472,22012736
11/16/2016,159.1628418,164.8152248,157.1982939,164.0225175,31846924
11/17/2016,159.5764465,161.2997339,157.4395632,157.4740259,9640577
11/18/2016,157.0604095,159.5074784,156.5434256,158.5424359,8575440
11/21/2016,154.5444031,157.5773921,154.1308181,157.3016688,7878052
11/22/2016,155.854126,157.2327536,154.0619134,155.0958814,9570300
11/23/2016,154.854599,157.0259445,154.0618918,156.6468222,10720504
11/24/2016,154.0618744,155.2681664,153.0968321,155.0958421,18697423
11/25/2016,157.7152405,158.8526181,153.751683,154.751188,7890103
11/28/2016,161.0928955,161.4375551,156.6812793,157.4395238,9472016
11/29/2016,159.2662354,162.4370864,158.7147778,160.6448629,8945347
11/30/2016,160.2657318,161.5754339,157.9565245,159.9210722,11507955
12/1/2016,160.9550476,161.9890155,159.2662232,160.4725264,5358757
12/2/2016,157.5084839,160.6103986,157.1638243,160.6103986,8693600
12/5/2016,160.3002014,160.74826,156.7847017,157.784207,5320355
12/6/2016,158.6802979,160.6103828,157.956516,160.6103828,5100487
12/7/2016,156.6123657,159.5764297,156.1298444,159.5764297,8419775
12/8/2016,160.8171844,162.1958119,157.3706104,157.8875943,7648947
12/9/2016,162.781723,165.1598555,160.3001807,161.3341594,8648965
12/12/2016,160.1278839,161.7822349,159.8866233,161.4375861,3155645
12/13/2016,162.4370575,163.2987009,160.0589142,161.8511373,7727181
12/14/2016,160.7137909,163.0229982,159.9210727,162.6783386,6556449
12/15/2016,158.3356781,161.5754659,157.508508,159.9211038,5538310
12/16/2016,156.0264587,159.0939108,155.7851981,159.0939108,13422991
12/19/2016,156.4744568,157.8530839,155.3370902,155.3370902,5665425
12/20/2016,158.5079651,159.0938853,156.8191409,157.50846,6145411
12/21/2016,155.9919891,158.4045956,155.4405425,157.853138,13379223
12/22/2016,156.8536072,157.4395274,154.5788737,155.2681819,6668113
12/23/2016,154.8890686,156.8191536,154.2686857,156.8191536,11177602
12/26/2016,155.0958557,155.6817759,153.0279092,155.0269194,9071721
12/27/2016,161.3341827,161.920103,154.647821,155.7851989,16206836
12/28/2016,162.2992249,162.9540705,160.4036024,160.4036024,14711711
12/29/2016,162.6783295,163.3676377,160.1278617,162.1958082,14593942
12/30/2016,166.5729523,167.0899471,162.8851176,163.6778358,10821396
1/2/2017,166.0904541,166.9865604,164.470555,166.8142251,5075736
1/3/2017,167.7447815,169.3646694,164.9185906,166.0559573,7798116
1/4/2017,169.1923676,170.2607981,165.5045327,167.4001441,9668664
1/5/2017,170.0884705,170.846715,168.2617844,168.5375077,9532162
1/6/2017,167.2967377,171.6394289,166.952089,170.2607905,8404984
1/9/2017,169.4680786,169.9850625,166.8831481,167.400132,5041639
1/10/2017,171.6049652,172.2253591,169.3646941,169.5714921,12438618
1/11/2017,170.6399231,172.6733961,169.9850666,172.1908749,7931415
1/12/2017,168.6408844,170.7432935,168.2962358,170.7432935,5816779
1/13/2017,172.0874939,173.0180738,167.1588929,169.5714994,4553691
1/16/2017,171.5015564,172.9146464,170.329716,171.8117424,4813933
1/17/2017,173.6728821,173.9141427,171.5015476,171.5015476,4996927
1/18/2017,172.9146423,175.2927748,172.1908605,173.4316262,7534139
1/19/2017,175.1893921,175.602977,172.0185415,172.1564031,9538148
1/20/2017,176.0510406,176.6714235,174.8792002,175.2583225,11261533
1/23/2017,178.9806213,179.32527,175.8097708,175.8442335,11101905
1/24/2017,179.1185303,179.7389133,177.3952429,178.946195,8341113
1/25/2017,183.0131073,183.6335011,178.9461506,179.1874112,18123606
1/27/2017,177.4296875,184.0126502,176.5335812,181.6345065,25440485
1/30/2017,176.5335693,179.9112072,176.1199734,178.1189948,9253765
1/31/2017,177.9122009,179.1874295,175.4995946,176.6024988,10380649
2/1/2017,185.9082336,186.1839569,178.1879052,179.2218729,35144107
2/2/2017,189.0791168,192.9392872,185.7703931,186.8043829,30867395
2/3/2017,188.217453,189.9062664,186.4596924,188.8722986,9356904
2/6/2017,190.8023834,192.3188725,188.9412238,189.4926923,8538188
2/7/2017,191.0092163,201.3833922,189.9752483,192.0431843,25251605
2/8/2017,189.4237671,192.3188949,187.4936819,189.9062884,11114871
2/9/2017,191.3883209,191.905294,187.9417465,190.250954,5070408
2/10/2017,188.4242554,192.3878025,187.1834895,192.1120792,7975779
2/13/2017,186.5286102,190.492179,185.1499938,189.8373334,9312915
2/14/2017,186.6664734,188.5276328,185.5291067,186.1150268,6911954
2/15/2017,188.4586945,189.9062581,186.9422054,186.9422054,7827599
2/16/2017,183.8058319,187.1490069,183.1509754,186.1494909,10982700
2/17/2017,184.8398285,185.3568234,181.9791743,184.2883818,9700816
2/20/2017,183.3922424,184.3572849,183.0475938,183.3577907,5934404
2/21/2017,181.3932343,183.5301172,179.7733461,183.3577929,10251239
2/22/2017,181.5999908,183.5300754,180.3592253,182.2548363,8815003
2/23/2017,183.1165009,184.8742613,180.3247726,181.9791341,12837302
2/27/2017,182.3927155,183.3577688,177.7398388,183.0475719,5270544
2/28/2017,180.7383881,182.3927388,179.8422818,181.2898347,8558167
3/1/2017,185.0810699,185.9082398,180.8762405,180.8762405,15139871
3/2/2017,182.4961243,186.2873577,181.6344808,185.0810656,10453722
3/3/2017,180.290329,181.5655684,177.946659,180.6005259,10371862
3/6/2017,182.0480957,182.7029413,180.290335,181.0830532,9927375
3/7/2017,182.151474,182.6684688,180.014602,182.1859476,7183529
3/8/2017,182.0825653,183.0131343,181.6345067,182.2893523,5993605
3/9/2017,182.6340027,183.5645716,180.8073166,183.4267209,9847115
3/10/2017,181.5999908,182.7028948,181.0485334,182.6339585,5880374
3/14/2017,184.1160431,187.2524204,182.8063409,183.4956492,18508020
3/15/2017,184.8742981,186.5975853,182.8063512,182.8063512,14475482
3/16/2017,185.0466156,186.9767007,184.39177,186.2873815,9020039
3/17/2017,193.869873,199.1431342,190.8024207,190.8024207,54015422
3/20/2017,194.3178558,195.9032919,191.491676,195.0071749,16509511
3/21/2017,198.4537811,198.9363024,195.0761323,195.2140049,13734401
3/22/2017,192.9047699,198.419279,192.0431265,196.4547425,12874461
3/23/2017,191.3538208,194.7314693,189.6305338,191.2848954,17547913
3/24/2017,193.6975403,195.076157,192.1465773,192.2155027,7398317
3/27/2017,194.111084,195.0072011,190.457712,193.3183877,12623097
3/28/2017,193.352829,194.5246693,193.0426539,194.1110735,6532115
3/29/2017,195.2140045,195.5586532,193.1460469,193.1460469,8828112
3/30/2017,194.9038086,196.2134998,193.0426708,195.7654521,14948411
3/31/2017,193.2149658,195.0761034,192.1465245,193.697487,9929324
4/3/2017,194.0766296,195.4897197,192.0776193,194.9382731,7507187
4/5/2017,192.2844086,195.4208077,191.422765,195.2140098,10685034
4/6/2017,188.9411926,192.4222397,188.3208208,191.7673943,16243974
4/7/2017,187.9417419,188.9757099,186.7354278,188.1829917,9480161
4/10/2017,188.5621033,189.5616194,187.562609,189.5616194,5687364
4/11/2017,194.4212952,194.8004175,187.3558222,188.2519394,11355730
4/12/2017,194.3178558,196.3168659,192.697968,194.1800051,7507416
4/13/2017,192.422287,194.3868457,191.2849201,194.3178985,4085766
4/17/2017,192.3877869,194.7314676,189.940729,190.6300482,5017073
4/18/2017,192.353363,195.7654638,191.6985174,193.1460594,4497780
4/19/2017,192.1120911,194.0421762,191.5261708,193.8009265,5143709
4/20/2017,192.6635284,194.0421669,191.8708321,192.801401,4400814
4/21/2017,189.1135559,194.3868156,187.9761673,194.3868156,9041742
4/24/2017,190.7678986,191.319367,186.9077507,190.5266489,7392939
4/25/2017,193.9043121,194.3868334,188.8033763,191.6295566,13211107
4/26/2017,200.5216827,201.9003209,194.3868019,195.282897,19671557
4/27/2017,197.0062408,201.2110601,196.1101454,200.8664114,14075606
4/28/2017,191.6295471,197.4887272,191.1814995,197.006206,12851433
5/2/2017,192.4567566,193.9043204,190.5955969,193.3528519,7298698
5/3/2017,191.1125488,192.6634894,189.906235,192.6634894,6271881
5/4/2017,193.8353729,194.5246921,190.3543469,191.5606391,8070845
5/5/2017,191.0436249,193.6630289,190.5266519,193.6630289,4192254
5/8/2017,188.1485291,191.9742254,187.8727839,191.3193798,11038927
5/9/2017,187.1490479,190.6990216,186.8043991,188.5276865,7008749
5/10/2017,188.8378296,190.0441437,187.4936648,187.6315374,4754549
5/11/2017,190.6989746,192.4222616,188.8722887,189.9062565,9778012
5/12/2017,189.5271149,191.1470027,188.906743,191.1470027,4672675
5/15/2017,191.595108,192.2499536,189.9062727,190.181996,5673245
5/16/2017,195.386322,195.9722422,191.6295511,191.9742216,11635819
5/17/2017,194.1455536,196.0411649,192.491192,195.834367,8617269
5/18/2017,191.5606232,193.7319578,190.974703,191.6295485,8229448
5/19/2017,197.2819366,203.7959625,194.3523574,194.5591553,37099971
5/22/2017,209.276001,210.1031708,200.7974391,201.5901354,37323445
5/23/2017,206.8979034,209.4828342,205.5882122,208.1041957,20546707
5/24/2017,206.7255707,208.1386609,205.3469323,206.794496,9822098
5/25/2017,206.8289642,210.0342668,203.5891662,206.7944906,23646915
5/26/2017,213.0673065,216.3070833,206.4843321,208.1731677,22579834
5/29/2017,217.7201538,220.477409,209.2071167,209.5517654,20422509
5/30/2017,214.687149,217.2720796,213.7221066,215.6866433,8876322
5/31/2017,214.928421,216.0313362,211.6197192,214.6871713,12782086
6/1/2017,216.5827332,218.3404935,214.2390526,215.0662443,8570891
6/2/2017,220.0293121,220.5118333,217.2720576,217.8924295,11500232
6/5/2017,222.2578278,222.8179525,219.352271,220.5425055,9847609
6/6/2017,217.7769623,223.3430165,216.5517132,222.2928188,10220219
6/7/2017,218.617157,220.3674941,217.2869079,217.9520324,11978598
6/8/2017,218.1620483,219.317268,216.6217332,219.1422166,8081100
6/9/2017,214.241272,218.8621504,213.3310889,217.5669163,10453119
6/12/2017,213.1210785,215.2915036,211.7908294,214.941445,6507632
6/13/2017,213.7161865,214.2412965,211.5807763,213.576172,5303687
6/14/2017,209.9354095,214.2412437,209.4453144,213.5060899,15135338
6/15/2017,211.3707123,212.1058662,209.6904049,212.1058662,7713717
6/16/2017,214.8014069,216.7617879,211.790828,211.790828,12798297
6/19/2017,217.6719513,218.3370758,215.7115704,216.3416802,7251573
6/20/2017,216.1316071,218.5820828,215.7115413,218.4420683,8579082
6/21/2017,216.3066711,217.741942,215.0814221,216.6217149,8598645
6/22/2017,217.9519653,219.9823531,215.7815409,216.0966068,9289243
6/23/2017,217.7419281,219.0721769,216.0615987,217.041789,7453263
6/27/2017,218.6871185,221.5926749,217.7419429,218.2670306,10061814
6/28/2017,215.8865662,218.1620126,215.0113979,218.1620126,8224059
6/29/2017,218.1620483,219.317268,216.0616307,216.4117114,10311615
6/30/2017,226.5986786,227.3338104,217.2168616,217.2168616,24090343
7/3/2017,239.7962036,248.4078737,238.2559107,242.2466798,48892799
7/4/2017,236.1204834,240.4613107,235.4203442,240.0062302,11664585
7/5/2017,231.7796783,236.540594,231.2195537,236.120506,12439637
7/6/2017,236.0154724,237.1706921,231.9546962,234.0550916,13946670
7/7/2017,234.0550842,236.7856115,233.1799158,236.6455969,10301830
7/10/2017,233.3549652,234.5451997,231.744665,232.7598702,1316454
7/11/2017,231.3245239,234.5801606,231.0444727,234.5451459,8657755
7/12/2017,230.2393646,233.5650093,229.2241816,229.9243208,10643992
7/13/2017,237.1706848,237.6957947,231.7446451,232.4447842,18165609
7/14/2017,236.0505371,238.0109184,234.4052219,238.0109184,5801768
7/17/2017,227.6488647,234.5451904,224.5332642,234.5451904,21102802
7/18/2017,199.2233887,204.8944874,193.5172974,204.8944874,155236591
7/19/2017,204.0543365,205.0695196,200.3786112,201.4988384,40641441
7/20/2017,202.6890564,206.4697813,201.9188878,205.8396493,15896377
7/21/2017,202.2689972,204.2643708,200.6236821,204.0893415,13681787
7/24/2017,205.3145752,206.7848387,201.7088793,203.0391283,18479650
7/25/2017,204.0192871,206.6447921,203.6342139,206.5397701,9927828
7/26/2017,205.5945892,206.0146549,204.0892891,204.4393697,9564282
7/27/2017,202.0239105,206.8198405,200.7636689,206.3297453,19620418
7/28/2017,204.1243134,206.3647452,201.0437057,206.0496793,19206912
7/31/2017,199.7134705,203.2491588,199.1883827,202.6890564,22065527
8/1/2017,201.5338135,202.0239087,199.5384402,199.7484841,14063559
8/2/2017,199.8534851,202.9690852,199.048324,202.8990557,10247374
8/3/2017,197.0179291,199.8184631,196.4928192,199.5384119,10592033
8/4/2017,196.5628662,199.1183643,195.7927197,196.3178297,11717562
8/7/2017,195.9327545,198.1381719,195.6527033,197.1579815,8776750
8/8/2017,191.9419861,197.0179675,191.4869056,196.1077844,13231816
8/9/2017,191.0317993,192.8171509,189.3164772,191.8369605,10291858
8/10/2017,191.2068634,192.2920537,189.5615262,190.8917974,10380837
8/11/2017,190.0866394,192.1520424,189.1064489,189.7365809,14964550
8/14/2017,189.9115753,192.1169924,189.3864654,192.1169924,10066349
8/16/2017,195.4776917,197.2630212,189.9816218,190.4367023,19412233
8/17/2017,196.0377502,198.0681381,194.5674648,197.3330065,14231781
8/18/2017,197.3330383,198.8383166,193.7973497,195.5126719,15442589
8/21/2017,197.1579742,199.538443,196.7028938,197.6830842,13592218
8/22/2017,198.0681458,199.5384313,196.2827943,197.4380361,12417415
8/23/2017,197.8231354,199.9585456,197.1579887,198.4882599,9084531
8/24/2017,197.052948,198.488241,196.8079115,197.4380434,11235986
8/28/2017,197.7531128,198.138186,195.5476952,197.5080763,10358573
8/29/2017,196.2128296,198.0681887,195.6177123,197.6831154,6377756
8/30/2017,197.4380646,198.0681743,196.4578741,196.8429473,6785885
8/31/2017,197.6130524,198.243162,196.3177962,198.13814,11654017
9/1/2017,198.5582733,199.0833833,196.527885,197.5780828,7526993
9/4/2017,198.2082214,198.7333092,197.4380749,198.453258,8807199
9/5/2017,198.0330963,198.76825,197.1579281,197.8930818,8121365
9/6/2017,193.0271759,196.7378932,192.71211,196.3878126,14710804
9/7/2017,189.3164673,194.3224411,188.7213501,193.9373457,19958290
9/8/2017,190.6817017,191.346826,189.0363871,189.8415481,10090288
9/11/2017,191.5569,192.1170025,190.0866145,190.7167464,9672742
9/12/2017,194.3924561,194.8125218,192.257046,192.8871557,11906324
9/13/2017,190.0866394,194.2874527,189.7015661,194.2174454,12593161
9/14/2017,190.4367065,190.7867873,189.3165015,190.6467505,7312288
9/15/2017,188.5463104,190.9617715,187.7761641,190.4366616,13653947
9/18/2017,186.9360046,190.2266565,186.4109169,189.7365613,10543289
9/19/2017,187.5310974,189.0363975,184.9056036,187.6361194,35187337
9/20/2017,190.1216431,190.4366868,187.461123,188.6163427,9974675
9/21/2017,188.7213593,190.7167548,187.0060371,190.4366814,8058682
9/22/2017,187.9512024,189.7015392,186.971012,188.6863341,7142399
9/25/2017,183.6103668,188.7913588,182.6651912,187.9862199,18260404
9/26/2017,183.7503967,184.6605799,182.7702063,184.3455139,9950366
9/27/2017,180.9848633,185.8858041,179.7946289,185.6057529,18208892
9/28/2017,183.120285,184.4155415,181.4049517,182.3151349,22436773
9/29/2017,180.8448334,184.0654557,180.2497162,183.9954373,12640792
10/3/2017,183.0152588,183.9604456,180.9848707,183.7854052,11940746
10/4/2017,187.216095,187.9862415,184.2405088,184.9056444,11194466
10/5/2017,185.7107849,188.6163415,185.1156677,187.2160853,7204474
10/6/2017,186.3409119,187.2860876,185.2907031,186.0958532,8158755
10/9/2017,187.6361389,188.4413001,186.515934,187.6361389,6323114
10/10/2017,186.3759003,187.5661346,185.6407575,187.0060322,5683301
10/11/2017,185.8157806,187.4610953,185.1506452,186.585927,7959877
10/12/2017,186.9360046,188.4763197,184.8356093,185.9208217,9518815
10/13/2017,186.2008667,187.3560863,184.9756287,186.4109107,12504487
10/16/2017,187.2860718,189.0013938,185.8857935,186.2358742,9504724
10/17/2017,187.1110535,188.1262364,186.2008703,187.6361412,11038203
10/18/2017,189.2814636,189.5615149,187.006039,187.6361487,7508323
10/19/2017,188.7913818,189.9466016,188.3363013,189.7365798,1283342
10/23/2017,186.9710236,190.9617925,186.0958551,189.0364264,10144269
10/24/2017,186.9360046,187.9512098,186.3058949,187.9512098,8723712
10/25/2017,188.511322,190.0866297,187.7761903,187.9162048,6169387
10/26/2017,187.9161682,189.5964975,187.0409999,189.5964975,9616793
10/27/2017,188.5813141,193.2372295,187.2510652,189.4564825,23852749
10/30/2017,185.6407776,189.4565065,184.4505542,188.3363015,18266520
10/31/2017,186.0258636,186.9010433,184.7656218,186.2709113,8452918
11/1/2017,188.9313965,189.8765721,186.4459058,186.936001,7516426
11/2/2017,185.99086,189.0014389,185.7458123,188.8264097,10056813
11/3/2017,185.8157806,187.5661173,185.4657111,186.9359854,6210456
11/6/2017,185.4657288,187.5661352,185.0456519,186.4109155,9368140
11/7/2017,185.7458191,187.4261379,184.5905992,186.0258704,9872847
11/8/2017,185.8157806,186.585927,185.3256855,185.780777,6186540
11/9/2017,182.0700684,186.5859358,181.5449696,186.5159285,21026098
11/10/2017,183.2253113,185.6757875,181.6149999,182.4201612,17438746
11/13/2017,180.8448334,184.3455069,180.6347894,184.1354629,7681031
11/14/2017,179.6196136,182.6301923,179.2345404,180.9848773,8656529
11/15/2017,177.3441925,180.1797421,175.3138041,179.9346945,17666898
11/16/2017,178.6044006,178.9544702,176.7140383,178.3243494,10343428
11/17/2017,180.6348114,181.3349506,179.234544,179.5846137,10383570
11/20/2017,181.4749451,182.5251426,180.1096816,181.0548683,8221147
11/21/2017,179.0944824,181.6849837,178.6744056,181.6849837,17266541
11/22/2017,180.7397919,181.0898614,178.9544517,179.2345029,8941555
11/23/2017,180.7397919,182.5251321,179.514554,180.8798175,7814131
11/24/2017,182.5601654,183.0502606,180.669803,180.9848579,7630740
11/27/2017,181.509964,182.3851324,180.1447004,182.0350628,5022804
11/28/2017,179.9346619,181.4749547,179.2345227,181.4049363,18183221
11/29/2017,180.6698151,181.1248955,179.9346722,180.6348003,9032800
11/30/2017,179.2695465,180.7748359,178.289356,180.564803,22967997
12/1/2017,178.6744385,181.7550244,178.2893541,179.8996655,6847473
12/4/2017,178.6044006,179.4445654,177.5191883,179.2345214,6347174
12/5/2017,177.7292328,178.7794304,176.7840461,178.5343828,9337698
12/6/2017,176.1539307,177.3091614,175.6288318,177.3091614,8562019
12/7/2017,177.3791809,177.9042798,175.0337268,175.0337268,5635445
12/8/2017,183.5753632,184.2754912,177.4141697,177.6592173,13638732
12/11/2017,186.4109344,187.2861029,184.3455315,185.2907183,17842707
12/12/2017,183.120285,185.6757831,182.3851422,185.1856879,9599026
12/13/2017,181.3349304,183.715388,180.35474,181.7550073,8986735
12/14/2017,185.0106659,186.3409372,180.3197683,182.6652226,8353203
12/15/2017,185.2557068,186.9710402,184.4505566,186.2359084,12742052
12/18/2017,184.2754974,185.8858087,181.3699409,185.8858087,9650962
12/19/2017,185.0106659,185.8158272,184.2055157,184.4155597,6107682
12/20/2017,184.3455353,185.3257258,183.9254584,185.3257258,7728106
12/21/2017,184.1704559,186.165829,183.155251,186.165829,7032195
12/22/2017,184.2054901,184.9756365,183.5403657,184.4855413,6652053
12/26/2017,184.9406281,185.5357452,183.8904193,184.3105072,9917650
12/27/2017,183.5403595,185.0456487,183.1902899,184.9756303,6325599
12/28/2017,183.3303223,184.8706151,182.7702087,184.4155347,16501935
12/29/2017,184.3105011,184.8355999,183.610362,183.7853912,6818477
1/1/2018,183.6453857,186.4459204,182.9102429,184.3105213,10863895
1/2/2018,182.5601654,184.9756266,182.3501214,183.8554106,5907460
1/3/2018,182.8402252,183.8904229,182.455152,182.9452472,11443370
1/4/2018,183.120285,183.9604499,182.4551606,182.7002082,9729737
1/5/2018,184.0654602,184.485537,183.365321,183.365321,9566733
1/8/2018,185.9558105,186.7959753,184.3104958,184.8355946,14989106
1/9/2018,189.4215088,190.4366918,185.3607213,185.8858202,26728897
1/10/2018,188.6163635,191.8369865,188.371327,191.4519132,17074502
1/11/2018,188.8963928,189.7365687,187.7061584,188.6863488,11722150
1/12/2018,187.321106,189.9816263,186.3409376,189.2114798,8494789
1/15/2018,187.3561096,189.8065858,186.9360216,187.6361609,10944192
1/16/2018,183.2253113,188.1262525,182.5951904,187.776194,13433905
1/17/2018,186.2709045,186.9360291,181.7200326,183.435366,17006334
1/18/2018,191.4168549,192.7121111,186.6909546,187.6361302,27461089
1/19/2018,192.2220154,194.287418,189.8065543,193.2372204,26700710
1/22/2018,191.5919342,192.8871685,190.2266705,192.5371099,8660321
1/23/2018,193.6572876,194.1123902,191.5218777,191.8369436,18947034
1/24/2018,197.052948,197.4380434,193.2722232,193.6923111,17971710
1/25/2018,196.9129181,198.2781816,195.0575595,196.7378889,13629982
1/29/2018,192.9921722,198.3482046,192.5370918,196.8429265,9938281
1/30/2018,192.6770935,193.5522618,190.4016691,192.537079,13560150
1/31/2018,190.0166321,193.2372548,188.9314196,191.7669691,19675610
2/1/2018,192.7471466,203.249168,187.2160847,190.436685,61648368
2/2/2018,192.7821503,199.9935422,189.5965423,192.1170258,36356576
2/5/2018,195.5126801,197.2280245,190.3316985,191.5219108,20465290
2/6/2018,191.4869232,194.1474213,187.7411904,189.0014322,16432103
2/7/2018,192.6421051,195.1625882,191.836944,194.6374783,13455081
2/8/2018,191.9069519,193.8673326,190.891769,193.0271789,10156564
2/9/2018,189.9815826,190.7867437,187.4961143,189.7365462,14751166
2/12/2018,188.9313965,191.7319309,188.5463233,190.7517405,6972242
2/14/2018,186.5859375,189.7365525,185.6057471,189.0364134,11738542
2/15/2018,187.7061615,188.9664254,185.3957221,186.5859565,12188244
2/16/2018,186.5509338,189.5615123,185.9558277,188.9314026,6401588
2/19/2018,184.9056244,187.496126,183.7853973,186.2358844,6303342
2/20/2018,184.3105011,186.0958415,183.5403547,184.8355999,9659227
2/21/2018,187.7761993,188.3012871,184.4505546,184.8356278,10961665
2/22/2018,187.006073,188.3363222,185.850842,187.0760803,19855003
2/23/2018,188.3713226,189.0364472,186.3059196,187.2510954,6780714
2/26/2018,186.6209564,188.686337,186.2358832,188.0212125,8701511
2/27/2018,186.5159302,187.7761717,185.8857983,187.636135,7716072
2/28/2018,185.5707245,186.4458817,184.1704574,185.5357209,13969189
3/1/2018,184.8356018,186.3058873,184.0304407,184.9756274,8081243
3/5/2018,182.2100983,184.3455082,182.0350579,184.3455082,6878708
3/6/2018,179.5845795,183.7153735,178.8844404,182.7701868,8495423
3/7/2018,181.9650574,182.3851342,177.5191969,179.5845997,15736814
3/8/2018,181.2299194,183.3653295,180.459773,182.2451135,6259151
3/9/2018,181.509964,182.6651947,180.8098359,181.3349347,6345666
3/12/2018,189.1064301,189.63154,184.1004671,184.8356099,20666810
3/13/2018,188.6513367,190.4366659,187.0760292,188.7913512,8647577
3/14/2018,187.6711426,188.3712817,185.7457656,187.6711426,8211627
3/15/2018,185.9208069,188.9663998,185.6757593,186.9359897,5771710
3/16/2018,182.3851471,186.515953,181.2299274,186.515953,21477001
3/19/2018,181.4399567,183.5753667,180.8448395,182.4201471,13423983
3/20/2018,181.4749451,182.0000439,180.2847108,180.7398023,7769207
3/21/2018,181.3699646,183.19032,181.124917,182.0701039,13418488
3/22/2018,180.8448334,183.0502617,180.5297674,182.0350566,8319663
3/23/2018,179.2345581,181.1949392,178.3593895,179.2345581,11616470
3/26/2018,180.7048187,182.0350676,176.784057,177.0641194,12981125
3/27/2018,181.2649536,182.3851699,179.8646861,181.1949463,9107151
3/28/2018,178.8844757,181.2999483,178.0793256,180.6348127,12743051
4/2/2018,180.809845,181.2999402,178.8494641,179.9346765,7299774
4/3/2018,180.9848633,182.0350609,180.2847241,180.6347937,5294559
4/4/2018,181.0548859,181.8950396,180.0046771,181.6850067,8716184
4/5/2018,181.7900238,182.0350603,178.8844563,178.8844563,9464602
4/6/2018,182.6301727,183.4353338,182.0700703,182.3851251,6333848
4/9/2018,186.0958405,186.6559429,182.6651853,182.8402146,9572467
4/10/2018,186.7259979,188.1262542,185.6057707,186.4809392,15248015
4/11/2018,185.6407776,187.3210962,184.4155506,186.8660157,5433736
4/12/2018,183.4003448,185.6407771,183.0152716,185.6057735,6360898
4/13/2018,182.5601654,184.4855314,182.0350555,184.1354618,5183544
4/16/2018,185.1506653,185.4657312,182.0350648,182.3851344,5412918
4/17/2018,187.3561096,187.9162121,183.925454,185.8158166,13716437
4/18/2018,192.7821503,195.2676412,187.6361613,188.1262565,24733011
4/19/2018,194.1824188,196.0377777,192.7121332,194.1124116,13317329
4/20/2018,193.3772736,195.5126839,191.486922,193.237259,11206130
4/23/2018,192.8871613,194.0773957,192.5371028,193.2372419,12198602
4/24/2018,193.2372437,195.2326171,192.2920457,193.2372437,8774762
4/25/2018,191.9069519,193.4472447,190.9267616,192.8871422,5118640
4/26/2018,194.8125153,195.4076324,191.1368124,192.2220248,21064135
4/27/2018,195.6176758,196.7028881,194.9175366,195.7577125,10107682
4/30/2018,197.052948,198.7332775,195.7577139,195.7577139,6146923
5/2/2018,201.1137848,202.1289679,196.212832,197.5080885,16690653
5/3/2018,199.5384216,202.829051,198.1731582,201.2887583,9727173
5/4/2018,194.0423737,200.9387212,193.1322127,200.9387212,11324148
5/7/2018,197.6130524,198.4181912,193.8673205,194.8475108,6725168
5/8/2018,197.9281158,200.2035625,197.4380428,198.2431818,6842664
5/9/2018,197.6480408,198.838275,197.0879384,197.0879384,4376684
5/10/2018,196.1427765,198.8032741,194.1473811,198.1031571,5890656
5/11/2018,198.5932617,198.8382982,195.8627346,197.3680127,4042002
5/14/2018,199.3983917,201.1487284,197.4380333,198.1381502,6728839
5/15/2018,197.3330383,200.238595,196.5278771,199.4334338,8077078
5/16/2018,200.1335754,202.1989784,195.7227183,196.0027696,18758524
5/17/2018,195.3026276,202.1289461,194.9525691,201.6388508,11169294
5/18/2018,197.6480408,199.9234872,193.2372068,195.0225359,16016090
5/21/2018,197.683075,198.8382945,194.9875626,197.6480602,8909610
5/22/2018,195.1625824,198.2081753,194.6724872,197.4380289,4913188
5/23/2018,191.451889,195.6176873,191.1018305,195.337636,8195839
5/24/2018,192.4320679,193.7973314,190.2616432,191.8369507,6524303
5/25/2018,194.4301758,196.3580645,191.8953822,194.501595,9600297
5/28/2018,196.5722809,198.1431414,194.501599,195.6440348,7266559
5/29/2018,195.6797333,198.3216329,194.5372749,196.2152415,9171106
5/30/2018,194.1445465,195.429798,193.2520102,194.5729712,8313920
5/31/2018,193.9660645,194.7157851,192.5023101,194.3587796,13721531
6/1/2018,192.7521973,194.0017618,192.1452698,193.6090467,6862252
6/4/2018,192.0024719,194.1802598,191.0028294,192.9664049,8291604
6/5/2018,191.0028229,192.6807894,190.5386886,192.073862,6011246
6/6/2018,193.0735321,193.609063,191.2170626,191.3598557,7577818
6/7/2018,193.5376129,194.4301492,192.8592889,193.1448978,7059595
6/8/2018,191.2884521,193.8589553,190.6458151,193.5733463,7030323
6/11/2018,192.2523804,194.1445594,191.4669501,191.7168721,8903144
6/12/2018,192.9664001,196.0724339,192.2523665,192.2880761,8774931
6/13/2018,191.2527313,194.0731563,190.7886196,193.8589439,8118945
6/14/2018,190.8243256,192.0024709,189.9317892,190.2887947,9522749
6/15/2018,188.8607635,191.1813562,188.2181377,191.0028534,11231098
6/18/2018,188.8964386,189.5747626,188.1467067,188.8250307,6522996
6/19/2018,189.9674988,190.7529291,187.5398,189.1463702,7618626
6/20/2018,188.3252106,190.6457914,187.8253893,190.2530764,9907628
6/21/2018,186.2545166,189.07493,185.9332094,188.7893211,7412366
6/22/2018,189.3248444,190.5030009,185.6475928,186.0403192,17468481
6/25/2018,187.5041046,189.50339,185.469121,189.3248759,14142177
6/26/2018,189.0749359,190.0388915,187.1827684,187.3969694,10475574
6/27/2018,187.6112061,189.2177762,186.7186696,189.1463683,10423520
6/28/2018,186.0046387,188.5037453,184.9335994,187.0756892,15200725
6/29/2018,190.0746002,191.0385333,185.8618286,186.9328791,11327082
7/2/2018,187.8254089,190.7172306,185.6833193,190.6458114,18794988
7/3/2018,189.5390472,190.4672818,186.4687233,188.1466897,10784961
7/4/2018,188.7893372,190.1459852,187.2184767,190.1459852,8184810
7/5/2018,194.5729828,195.5012062,188.1467138,188.9321441,16069118
7/6/2018,194.6800842,196.1795481,192.8950115,194.7514808,13434995
7/9/2018,195.9296112,197.0720695,194.3587509,196.3580359,10158808
7/10/2018,197.8218079,198.1431264,195.0014055,196.7150591,11928591
7/11/2018,196.8935699,200.1424198,195.4655252,197.6790228,11800272
7/12/2018,197.9289093,198.6072333,195.144194,196.8935571,10284221
7/13/2018,193.0735321,198.7143599,192.2167052,198.5001475,19306087
7/16/2018,193.9303436,195.1441986,192.5736955,193.0021203,10676970
7/17/2018,192.6808014,194.9299859,192.2880863,193.5376282,10419746
7/18/2018,191.752533,193.7161083,191.074209,193.5733151,7321779
7/19/2018,195.1441803,196.0724262,190.1102809,192.0024597,9301711
7/20/2018,195.6439972,196.215215,193.2519972,195.1084664,6825663
7/23/2018,202.8914337,204.6765067,197.8932204,199.5711872,27059765
7/24/2018,203.9624481,204.9264037,202.4629843,203.141331,12577993
7/25/2018,204.3194885,204.8907064,202.2130971,202.9628178,13814116
7/26/2018,205.0691986,207.8896235,202.9271204,204.9264055,21495638
7/27/2018,216.0295715,219.3141083,210.6386433,214.2087891,78783846
7/30/2018,214.9585266,216.7793092,214.2088059,215.6368734,17738557
7/31/2018,212.5665283,215.1727184,211.0313548,214.7443163,15124149
8/1/2018,215.3512268,216.3151825,211.4240755,212.8164333,15187911
8/2/2018,213.6375885,216.7079132,212.2809176,214.565812,10226827
8/3/2018,217.0292511,218.0645809,212.8878641,214.2088255,12950643
8/6/2018,215.4940033,219.135545,214.208752,217.7788971,7979881
8/7/2018,214.9942322,217.2077299,214.0302991,216.3151934,7465742
8/8/2018,214.8871307,215.922483,214.2088066,214.3873094,6690368
8/9/2018,215.993866,217.4933299,214.2445027,215.458335,9576528
8/10/2018,217.6361084,219.1355722,215.0299184,215.6368459,15347074
8/13/2018,218.4572601,219.7782213,216.4579749,217.0649024,10341087
8/14/2018,219.8496399,221.4919198,219.0999192,219.2070254,12790249
8/16/2018,219.5282593,220.2780024,217.8502929,219.8495778,19393491
8/17/2018,224.0266876,225.1334364,219.7782179,219.7782179,26392504
8/20/2018,223.7053833,224.9192383,222.2773385,224.3480204,19958265
8/21/2018,223.419754,226.3472852,222.7771396,224.5622124,14143291
8/23/2018,222.7770996,225.9188199,219.4568539,224.205144,11745180
8/24/2018,221.6347046,222.7771631,219.2070171,222.0631293,5655583
8/27/2018,223.7767792,224.8121087,221.7060748,222.2058961,5482067
8/28/2018,222.5272217,225.4904399,222.06311,224.2051883,6864300
8/29/2018,223.3483582,225.2405371,221.349073,222.5629279,10748094
8/30/2018,228.3822784,228.9178094,223.8481995,223.8481995,25934792
8/31/2018,228.3822784,230.3458542,226.4900993,229.9174521,18781195
9/3/2018,223.6340027,230.5957923,222.0988516,230.5957923,9463966
9/4/2018,221.0634766,222.919946,219.2070071,222.7771529,11615187
9/5/2018,221.5275421,224.5264694,220.8135086,221.6346483,10529696
9/6/2018,221.9202728,222.5985968,219.9566974,222.3486975,7902786
9/7/2018,221.6703339,223.6339089,219.9923677,222.4914735,7465327
9/10/2018,218.8856964,221.8846244,218.1716627,221.4919093,10006954
9/11/2018,212.2095184,219.0284918,211.031373,218.9570952,27008217
9/12/2018,219.0641937,219.6354116,210.9242594,212.6022261,20171661
9/14/2018,219.3140717,220.3851107,217.814608,219.2069655,13317349
9/17/2018,215.6368408,218.5643492,215.2798127,217.7789191,6049990
9/18/2018,216.5293427,217.7074878,213.7089182,215.7795995,8515415
9/19/2018,213.9588776,218.2430341,212.7807096,217.4219169,6387203
9/21/2018,217.0292511,218.9214305,214.4944345,214.4944345,16966413
9/24/2018,212.7450562,218.7428898,208.8535915,217.7789567,15009283
9/25/2018,215.0299377,215.8867646,208.7464729,211.9953002,13785151
9/26/2018,209.3176727,216.3508577,206.8899855,216.3508577,20657879
9/27/2018,209.4247589,210.7100103,206.711463,209.5675747,12550275
9/28/2018,212.6022034,214.2087734,208.3537339,210.6386279,25554548
10/1/2018,212.1381226,216.3151961,209.4962,214.815732,9373133
10/3/2018,210.7814484,214.2087781,210.3887106,212.0666999,7861709
10/4/2018,204.9978027,211.1384512,203.6054451,209.8174901,8417940
10/5/2018,197.4290771,204.2123623,196.4294346,203.8553342,18301682
10/8/2018,195.0727844,199.4997564,192.1809631,199.2141475,17063274
10/9/2018,191.7168579,196.7150479,191.181327,196.7150479,10946626
10/10/2018,192.859314,193.6090573,190.7886321,192.7165208,11921765
10/11/2018,189.3605652,192.288085,188.2538164,189.2177607,11018554
10/12/2018,196.5008545,198.2502404,190.8600269,191.0028427,13942941
10/15/2018,201.7132874,202.4987176,197.0721022,199.1784711,18623988
10/16/2018,201.8204041,202.6058344,197.3220119,202.0703034,12325066
10/17/2018,204.5336609,208.246622,201.0349347,202.7129012,15896854
10/19/2018,206.675766,208.1752298,203.3198329,203.4983356,8341467
10/22/2018,205.9974518,209.2819885,205.1406024,208.4965582,12965700
10/23/2018,204.2123718,207.9253105,202.4629861,204.2123718,11261603
10/24/2018,205.4619141,206.8185621,204.4622715,206.1402381,9024700
10/25/2018,205.3190918,206.7114492,203.1413043,204.2123432,9953333
10/26/2018,200.570816,206.9256771,197.0720896,206.8542805,22302628
10/29/2018,202.4272766,203.6768183,199.1784274,201.2848184,11779416
10/30/2018,199.1784515,202.6772005,198.5001275,202.2487984,7110853
10/31/2018,199.9996185,200.6422557,194.8229023,199.6069034,14021856
11/1/2018,198.0717468,201.213468,196.2152547,199.9282164,9816770
11/2/2018,202.2488251,204.1766912,198.7143661,198.7143661,12093152
11/5/2018,199.6426086,203.6768663,198.7857591,203.6768663,7665505
11/6/2018,198.0003357,201.2491858,197.1435088,200.7136548,10142476
11/7/2018,199.9638977,200.6422217,199.0713614,200.6422217,994001
11/9/2018,197.9646149,199.713978,197.0006593,199.2141567,15613827
11/12/2018,195.536911,198.6429449,195.1084863,198.357336,7318920
11/13/2018,197.6790161,198.4287367,195.0370939,195.6083117,6958821
11/14/2018,197.3933716,198.7857292,196.1081201,198.5715395,7182329
11/15/2018,196.0010223,199.3926651,195.2870113,197.6790116,12621945
11/16/2018,197.4648132,198.7143552,196.5365672,196.9292823,13122152
11/19/2018,203.1413727,203.4983782,197.4291252,198.0360528,17364041
11/20/2018,202.6771851,204.67647,201.2134309,203.4983248,8096904
11/21/2018,201.1777039,203.3554914,199.9281622,203.1413017,5867663
11/22/2018,200.2851715,203.1413056,199.6425572,201.3562331,6937634
11/26/2018,203.9624481,204.4622694,200.4280123,200.8207274,9292657
11/27/2018,203.3912659,204.5337018,201.9275114,204.2838024,7146777
11/28/2018,201.4990692,205.6047459,200.4994266,203.7839634,9197861
11/29/2018,205.3190918,206.5686335,202.3915611,202.5343769,14183469
11/30/2018,204.0695648,207.0684926,203.3555312,206.7114871,8972623
12/3/2018,202.0346069,206.7115017,201.748998,205.1049315,8895477
12/4/2018,201.2491913,202.284521,200.6065541,200.6422637,6548740
12/5/2018,196.6079712,201.2134694,195.7868539,200.6422515,11894383
12/6/2018,194.9657135,196.2866747,193.8589646,196.0010431,10055005
12/7/2018,195.6797333,197.2148841,195.1442024,196.3223477,8415885
12/10/2018,193.1092377,194.4301762,192.1809916,194.2159639,6940479
12/11/2018,196.1438599,197.1077929,191.5026747,191.6454678,10633126
12/12/2018,197.1077881,198.2859335,194.6443911,196.8578887,10473073
12/13/2018,196.5722809,199.4997896,195.2870293,199.2141807,16430755
12/14/2018,196.8935699,197.9646318,195.5726314,195.89395,8925774
12/17/2018,199.8210907,200.9278394,197.0006657,197.786096,12703296
12/18/2018,198.6072388,200.3566246,197.7860989,199.2498758,9172963
12/19/2018,202.3916168,202.784332,198.8571805,199.214186,13639278
12/20/2018,201.8204041,203.0699461,200.6422586,200.6422586,5155693
12/21/2018,197.607605,202.7843209,197.1077837,202.0702872,7079146
12/24/2018,197.072113,200.4280467,196.5365821,199.1070854,8869498
12/26/2018,197.5361938,199.0713673,196.2152328,197.3219815,8821251
12/27/2018,200.4636993,201.1063364,198.0003026,199.2141575,11881735
12/28/2018,201.5347443,202.784286,199.321247,199.321247,13702437
12/31/2018,201.1063385,202.6771989,200.7136234,201.9274783,5662393
1/1/2019,201.8560638,202.4629913,199.7853821,201.4990583,2586466
1/2/2019,200.3566132,202.248792,198.1788254,201.5347584,10316782
1/3/2019,199.1070862,201.6775896,198.3216559,200.3566509,6350450
1/4/2019,200.6065369,202.0346043,199.3212853,199.3212853,8105747
1/7/2019,201.1063385,203.6768414,200.6422268,202.9985174,10133320
1/8/2019,202.9628143,203.8553507,200.8921326,201.3562669,7768619
1/9/2019,207.354126,208.2823721,203.212762,203.9267957,12651287
1/10/2019,206.7828522,209.7103603,206.283031,207.6039919,10684824
1/11/2019,210.8885803,211.3527147,208.139574,208.4251829,17419014
1/14/2019,210.1387787,210.4957841,207.0684549,210.2815944,6646635
1/15/2019,211.7453613,212.3522887,209.9245791,210.8171154,7490965
1/16/2019,209.9602966,211.7453693,208.2823301,211.3526542,8083821
1/17/2019,209.888916,211.0670614,207.1755972,209.9959996,11009380
1/18/2019,208.1038513,210.7100414,207.5326108,209.3891029,11418250
1/21/2019,206.9970856,209.3533761,206.1402362,209.1034542,8519267
1/22/2019,206.8900146,207.7825512,203.6054775,206.9614112,10727385
1/23/2019,198.0003357,210.2102379,196.3580785,208.1395559,41735950
1/24/2019,199.1427917,202.3202226,198.3930484,199.4284007,29105831
1/25/2019,199.3569794,201.8560632,198.8571581,199.9281972,9240591
1/28/2019,196.1795502,199.5354834,195.7868351,199.1427683,9338450
1/29/2019,198.8214111,199.2141262,196.1795121,196.5722271,7267917
1/30/2019,196.7150574,200.0709906,195.786834,199.999594,10852162
1/31/2019,198.9642792,199.6426033,195.3584237,197.4291056,15937442
2/1/2019,200.5351105,203.6411215,199.285546,200.3922947,19060690
2/4/2019,197.8575592,201.2848898,197.1078158,201.2848898,6289877
2/5/2019,195.7511139,198.3573264,194.5729686,198.0360078,10205529
2/6/2019,198.2858887,198.7857099,196.0367045,196.358023,8409442
2/7/2019,200.1424103,200.6422316,197.786097,198.4287341,6177040
2/8/2019,196.7150574,200.7850242,196.0724429,199.5711693,4575570
2/11/2019,197.8575592,198.6429896,191.6811997,196.929313,10335615
2/12/2019,196.5722809,200.2852199,196.0724596,197.8218229,7624089
2/14/2019,198.4287415,200.0709985,197.7861044,197.7861044,10378675
2/15/2019,199.9996185,200.6065461,196.6436849,199.2141882,38998388
2/18/2019,196.1438599,201.6775816,195.5726419,199.0713913,42232590
2/19/2019,197.0006866,199.3570002,195.6440384,195.6440384,35777932
2/20/2019,196.9649811,198.1431264,195.8225227,197.9646237,6208106
2/21/2019,196.3937378,197.6075927,195.786833,197.0006653,7264425
2/22/2019,195.8582458,197.0363913,195.001419,196.7864919,9100951
2/25/2019,197.5718994,197.8931953,194.9299773,196.0010164,31204722
2/26/2019,196.7150574,197.7860965,195.6797278,196.3223423,12233273
2/27/2019,196.4294586,199.1427775,195.5726318,197.0720957,13634026
2/28/2019,197.1077881,198.0003246,195.8225365,198.0003246,44873000
3/1/2019,198.6429443,199.2141622,197.2505867,197.3933798,9170950
3/5/2019,201.7489929,202.7843225,197.1077853,199.9282104,14103324
3/6/2019,204.0338745,206.4972713,203.3198409,203.4983436,20817638
3/7/2019,207.1398926,207.7825297,204.1052778,204.7122053,14837761
3/8/2019,208.4965668,209.2105778,205.926041,207.2827118,13169854
3/11/2019,209.1748657,210.5672233,207.8539047,209.2105527,15287916
3/12/2019,210.2816162,211.1027334,209.3176607,209.9245881,14686757
3/13/2019,210.5672302,212.066694,210.0316994,210.6386268,11496644
3/14/2019,210.995636,211.3526641,207.3898035,210.9242394,10503481
3/15/2019,207.63974,211.7454171,206.6044103,211.3169923,22219476
3/18/2019,209.6032715,210.0674058,207.9967242,208.4965454,9519926
3/19/2019,213.8160706,214.2087857,209.4604946,210.3530311,16363247
3/20/2019,213.4233551,215.6011431,211.7810754,214.2087853,16221492
3/22/2019,212.9235077,214.2087591,211.7453625,214.2087591,8378083
3/25/2019,210.6743469,212.0667046,209.3533858,212.0667046,8324586
3/26/2019,209.4962158,211.6026075,207.8182489,210.6386744,11178168
3/27/2019,209.2819824,211.8524854,208.2109207,209.9245968,8757278
3/28/2019,214.2087708,215.636838,209.2105581,209.9959883,18436077
4/1/2019,212.245224,213.6375818,211.7454027,212.0667212,6442182
4/2/2019,212.7093201,214.208784,210.3887163,212.3523146,10228747
4/3/2019,211.4597778,213.49475,210.7457442,212.7807163,9413878
4/4/2019,210.4958344,212.2809073,209.7461137,211.3526838,7233298
4/5/2019,210.3173523,211.6383136,208.960704,210.6743805,8107661
4/8/2019,209.0320282,210.638598,208.2823077,210.388676,5492542
4/9/2019,211.5668945,211.8525035,208.6750728,208.8535756,6413515
4/10/2019,210.424408,211.745369,209.5675812,211.3883409,5540095
4/11/2019,211.6383209,212.3880417,209.2106106,210.3173595,11179559
4/12/2019,218.3144531,219.4925984,211.0670559,211.8167765,22658578
4/15/2019,218.1359253,221.3490653,217.3148081,219.8496015,13098155
4/16/2019,219.349762,221.3133373,218.6000414,219.0641531,10121522
4/18/2019,217.3505402,220.099569,216.7436126,220.099569,9178504
4/22/2019,215.4940033,218.1359025,214.9584725,216.9577574,6929432
4/23/2019,216.6364899,217.6361098,215.3155288,215.7439535,7784732
4/24/2019,218.8143158,219.3498241,213.1377779,216.6365275,11888770
4/25/2019,217.1719971,221.2062769,215.6368462,219.3854946,24135743
4/26/2019,217.4576111,218.7785722,216.0295664,217.4933207,4834044
4/30/2019,215.1726685,219.5996625,213.8517303,217.4575621,11593138
5/2/2019,217.7789154,218.8499545,214.6371947,214.9942002,7781859
5/3/2019,217.2433624,219.5282562,216.5650385,217.2433624,6112578
5/6/2019,219.2070007,219.5640063,214.7443186,217.0648997,6997113
5/7/2019,215.5654297,220.9920673,214.8157091,220.0995309,8989234
5/8/2019,214.6728821,216.6364802,213.2448375,214.2087704,8179360
5/9/2019,214.1016541,215.1370061,211.6025479,213.7803355,10617358
5/10/2019,212.6022034,214.5300919,211.9952759,214.2087734,7170576
5/13/2019,206.5686646,216.7078833,205.4262288,210.7100279,37262425
5/14/2019,210.1745605,212.9592764,206.2473861,207.7825599,21959611
5/15/2019,212.1024017,213.7089719,208.496569,212.4594299,18583184
5/16/2019,210.4600983,212.066668,209.3890593,212.066668,7637614
5/17/2019,215.2084351,215.8867591,210.7100432,210.7100432,11626049
5/20/2019,219.2070007,219.5997159,215.7082516,219.0998946,11437612
5/21/2019,218.4215546,221.349063,217.9931299,219.2069848,10923996
5/22/2019,218.2915192,220.5126658,216.1431906,220.0393139,14266773
5/23/2019,209.8802643,222.5517342,209.0063786,222.1147798,32589058
5/24/2019,211.5188599,212.3927458,209.2248719,212.2835071,11298665
5/27/2019,211.8101654,213.7764145,210.499325,212.1014607,9371741
5/28/2019,210.3900757,212.6476431,209.8074851,212.5019839,16199349
5/29/2019,209.8074951,212.429176,209.4433587,210.3172677,7534947
5/30/2019,210.2080536,211.9558257,209.9531557,210.4629284,8989691
5/31/2019,202.8527374,212.2835184,202.0516695,210.7178032,27294002
6/3/2019,202.8527374,205.0010663,200.4859544,204.9282483,20323304
6/4/2019,203.3625031,205.4744113,203.0348103,203.3625031,14384170
6/6/2019,200.8136444,204.1999956,200.4859516,204.1999956,11071548
6/7/2019,200.4495239,201.5783076,199.6848767,201.5783076,7995725
6/10/2019,203.4717255,204.3092138,201.6511127,202.6706577,8947150
6/11/2019,203.7994537,204.9282374,203.3261018,204.564101,8787243
6/12/2019,203.8722839,204.9282496,202.6342615,204.9282496,8565517
6/13/2019,204.3456268,204.8917968,202.8527068,203.1076046,7475823
6/14/2019,202.4886169,204.2728093,201.8331852,204.2728093,8212601
6/17/2019,200.2674561,203.0711933,199.8669222,203.0711933,10398919
6/18/2019,200.3402863,202.3429559,199.5392184,201.1049566,14378973
6/19/2019,201.8696136,203.107636,200.7044324,200.7772505,9394923
6/20/2019,201.723938,202.4157903,200.5223363,201.723938,10973042
6/21/2019,199.721283,201.4690779,198.9930331,201.4690779,19311989
6/24/2019,201.1777649,202.0880713,199.7212654,199.7212654,9279182
6/25/2019,202.81633,203.9086931,199.7212741,200.3038647,12856683
6/26/2019,202.0152588,202.9619627,201.2505885,202.779906,7707084
6/27/2019,199.1751099,202.5978586,198.6653373,202.4158019,24205884
6/28/2019,199.4299622,200.5951663,198.4468377,199.6120188,8775151
7/1/2019,200.2310486,201.1777756,199.648458,199.8305147,5236646
7/2/2019,199.4299622,200.7408024,198.9566102,200.5223252,10360661
7/3/2019,201.5054779,202.124489,198.191945,199.7576831,18818695
7/4/2019,202.1973114,202.6342428,200.413096,202.0516522,10071080
7/5/2019,203.5081329,205.2559276,195.1697167,202.1972927,38474130
7/8/2019,202.0516815,206.0206237,200.8500796,204.0179538,12637923
7/9/2019,198.8838043,202.1244962,198.191952,201.6875417,8003290
7/10/2019,198.9202118,200.4495295,197.1724169,199.2115071,8477115
7/11/2019,200.7408142,201.6511206,199.2479172,199.5392125,8727346
7/12/2019,200.3038483,201.3233933,198.8837925,200.5587461,10872126
7/15/2019,197.3180695,200.7044205,197.0267742,200.2674661,8865479
7/16/2019,198.0463409,198.6289316,197.0631932,197.3545117,6602372
7/17/2019,198.7381439,198.9202006,197.1360083,198.4104281,6536611
7/18/2019,198.8109589,200.3402764,198.3011863,198.7745614,9447100
7/19/2019,195.3882294,199.7212847,195.1697521,199.612046,8294444
7/22/2019,192.5480499,195.3153897,192.2567546,195.1697305,14037538
7/23/2019,197.0995789,197.8642492,192.9850013,193.3491147,14951457
7/24/2019,197.2452545,199.0658675,195.0969257,196.8447206,12537555
7/25/2019,195.0604858,198.4468366,194.3686567,197.3544736,18350433
7/26/2019,196.9175415,197.354496,194.3686787,195.7159397,4972441
7/29/2019,194.9876862,197.4637308,194.0773797,196.6262424,5738104
7/30/2019,195.8251648,196.6990506,194.1137906,195.1697331,13743007
7/31/2019,196.7718811,197.4273128,193.7132689,195.6066999,14175457
8/1/2019,194.8420563,197.1360446,194.0774089,196.9539879,6153824
8/2/2019,192.6209106,194.5871714,191.6013655,194.5871714,9233326
8/5/2019,189.1981049,192.6208645,187.6323784,192.5480349,12001827
8/6/2019,188.5427094,190.4361519,187.9965278,188.4334707,9770895
8/7/2019,184.7193909,188.8703884,184.318857,188.6519112,8816780
8/8/2019,187.7052307,188.3970599,184.2460616,185.7025496,6616227
8/9/2019,185.1199493,188.5062887,184.6101768,188.5062887,10309668
8/13/2019,179.3668365,184.9743232,177.6918712,184.8286756,21801393
8/14/2019,181.1510162,184.6830149,177.7282677,179.3668239,14340858
8/16/2019,184.2460327,184.537328,180.1678646,181.150989,10735480
8/19/2019,183.1901093,187.3775166,182.7531663,184.6101882,13006987
8/20/2019,179.5124512,183.4813808,178.7477925,183.2264946,15577976
8/21/2019,175.8348236,179.8037652,175.3978807,179.6581175,15303762
8/22/2019,174.8152771,179.1483435,174.0506299,176.3810152,10917955
8/23/2019,171.9387054,174.3783294,170.8827514,174.0506251,17073495
8/26/2019,176.599472,177.2913127,171.1012248,175.2886318,13352257
8/27/2019,178.7842102,179.3668123,176.7451202,177.6554266,15089362
8/28/2019,179.1119385,180.3499492,177.0364393,179.2575861,9237042
8/29/2019,175.652771,178.7478152,174.8881122,177.6554406,11532941
8/30/2019,178.8934784,180.0222622,174.0870594,176.78157,12225631
9/3/2019,175.9076691,178.0195774,175.2522488,178.0195774,9913882
9/4/2019,177.1456909,178.0924181,175.7256117,175.944089,7303230
9/5/2019,177.8739166,179.8037681,176.2353604,176.2353604,8777107
9/6/2019,177.6190186,179.0390974,177.1456551,177.9103138,9039911
9/9/2019,178.7842102,179.5124599,177.1092451,178.1651991,9435127
9/11/2019,177.5097656,178.7477877,176.9635841,178.1287767,9314093
9/12/2019,175.325058,178.4201023,174.7788764,177.9103297,8395088
9/13/2019,174.7060547,176.5630766,173.7593277,175.5071225,14572355
9/16/2019,174.3419037,175.3978576,173.540836,174.4147217,7357494
9/17/2019,172.7397766,174.8516846,172.4484698,174.6332074,11083300
9/18/2019,174.2326813,176.453828,170.445808,173.1038976,20724917
9/19/2019,172.3756256,174.7424195,171.9386712,174.7424195,8810026
9/20/2019,173.3587952,180.9689627,170.6278758,172.5941364,66016326
9/23/2019,185.5933075,189.7078849,181.988491,182.0613091,54044544
9/24/2019,186.4308014,187.8872894,184.8286657,185.7025516,17828419
9/25/2019,180.2771149,186.6128388,176.7451165,185.7753621,21390350
9/26/2019,182.3526306,183.0808688,179.3304044,180.0950632,18534981
9/27/2019,184.2096405,187.8872751,182.0613119,182.0613119,18211017
9/30/2019,189.2345428,189.926372,181.6243756,185.5204876,21381205
10/1/2019,186.3579407,191.1279494,185.7025206,188.6883257,16035574
10/3/2019,190.5454102,190.9095351,186.4672294,187.6688428,12832216
10/4/2019,187.3411102,192.1839379,185.8482132,191.5285177,18781574
10/7/2019,183.4449921,187.8872856,182.5710947,187.5231608,22082491
10/9/2019,179.9494324,183.6634881,179.3668417,183.0080679,22332047
10/10/2019,177.1092682,180.3499603,176.7087343,179.8765967,25230638
10/11/2019,177.6554565,179.2940129,175.5799572,177.1092749,26037798
10/14/2019,177.764679,179.4396442,176.9636111,178.747815,15280471
10/15/2019,180.3135376,181.4787303,178.4565157,178.4565157,10373904
10/16/2019,177.4369507,180.3135173,176.3445762,180.1678697,16681940
10/17/2019,179.0391235,179.6581347,177.5826354,177.691874,14175284
10/18/2019,179.5124512,180.4591665,178.4929062,179.1483263,13327812
10/22/2019,181.2602539,182.8624011,178.383687,178.420096,18979485
10/23/2019,182.8259735,183.4813937,181.3694856,182.3526216,13325639
10/24/2019,181.3695068,184.9743238,180.568439,183.9547787,17438024
10/25/2019,180.3863525,187.3046905,179.87658,187.0862133,33846376
10/27/2019,182.3526306,182.8624031,181.8428581,182.0249148,3252338
10/29/2019,184.4281464,185.7753959,181.7336358,182.753181,12397313
10/30/2019,188.9068298,192.2567603,185.1927745,186.4307968,35611812
10/31/2019,187.6324158,191.4192895,186.5764616,189.3437902,17296427
11/1/2019,190.2904816,191.5284922,188.4334483,188.8704027,13055757
11/4/2019,189.8899689,192.9485925,189.3801963,191.4921045,8199342
11/5/2019,191.455719,192.2567869,188.3242654,190.0720489,10674212
11/6/2019,190.3269196,192.1111235,189.3437835,191.4921123,9198544
11/7/2019,193.6040039,193.9317082,190.8002666,191.4556868,15351749
11/8/2019,189.7079163,193.3127333,189.3437913,192.8757903,12357632
11/11/2019,188.9432373,191.055157,188.4698853,189.7807257,7524183
11/13/2019,184.8650818,188.7976031,184.3553092,188.5427168,10664859
11/14/2019,184.9015045,186.3579927,184.4281525,185.0471522,9222757
11/15/2019,182.5346832,186.2487385,182.0613197,185.1563639,17386229
11/18/2019,182.6074982,183.6998612,181.1509988,183.1172591,8167820
11/19/2019,181.5515594,183.3721724,181.1874461,183.3357634,12621028
11/20/2019,182.5710907,183.0080452,179.6581148,181.5515457,10362358
11/21/2019,178.9298706,183.0808689,178.4565186,183.0808689,10793493
11/22/2019,180.3499451,183.9911708,179.6217069,179.9858202,17000856
11/25/2019,180.4227753,180.8961272,179.3304006,180.4227753,10994413
11/26/2019,181.4423218,182.3526282,180.3863562,181.0781969,20539741
11/27/2019,179.8401794,182.0977468,179.5852932,181.8792696,9182137
11/28/2019,179.6581268,180.5684333,178.893468,180.0950698,11416080
11/29/2019,179.4396515,180.1679013,178.4201064,179.6945378,10185713
12/2/2019,178.3836823,179.8037612,178.092387,179.148341,10356741
12/3/2019,177.7282562,179.0026875,176.7087112,178.3836764,8442322
12/4/2019,177.0728455,177.7282656,176.2353571,177.3277317,12406762
12/5/2019,179.8401794,180.2407134,177.036442,177.072851,11699738
12/6/2019,177.2185059,179.9858344,176.5994947,179.8765957,10773814
12/9/2019,175.8348236,177.1820845,175.5071193,176.9636073,6981671
12/10/2019,171.5745697,176.0168743,171.1376268,175.9440448,15972570
12/11/2019,173.0310822,173.904968,171.5745827,171.5745827,14331297
12/12/2019,173.7229156,174.9245174,173.0310865,173.3587908,10704007
12/13/2019,175.944046,176.5994661,174.1962629,174.7788534,8521473
12/16/2019,172.5213318,177.2549211,172.1207978,176.9636258,12476974
12/17/2019,175.5435181,176.0168815,172.9582466,172.9582466,16534369
12/18/2019,178.5293274,180.131463,174.5968065,175.2158176,17794641
12/19/2019,177.9467468,180.5320185,177.1456675,179.1847576,9699414
12/20/2019,175.6163483,178.492915,174.8880985,177.9467335,14495913
12/23/2019,173.9777985,176.8179563,173.7957418,176.2353542,19817033
12/24/2019,173.8685455,174.9244995,173.4680117,174.0506137,8200254
12/26/2019,172.4485016,174.3419442,172.1207972,173.9778193,15017235
12/27/2019,172.5213318,173.6501156,172.1936159,172.9582748,9048085
12/30/2019,173.4680176,175.434278,172.9582451,173.3223699,13680470
12/31/2019,173.1038971,174.0142035,172.8854314,173.7229082,7417112
1/1/2020,173.3952332,173.7593465,172.6669833,173.7593465,4370931
1/2/2020,174.669632,175.4707113,173.3952122,173.4680302,8726602
1/3/2020,173.6864929,175.5071056,173.3223681,175.5071056,9642051
1/6/2020,171.210495,173.5408807,171.1376654,172.9582785,7930726
1/7/2020,171.3925323,173.2495543,170.8463508,171.9023049,8740894
1/8/2020,170.5550537,171.7202464,169.863213,170.4094061,7314466
1/9/2020,171.7202454,172.3028359,171.1740523,171.5745862,9816703
1/10/2020,173.3223724,173.868554,172.4484751,173.0310772,10357864
1/13/2020,174.2326813,175.1429877,173.5044315,173.6864997,12715178
1/14/2020,177.1456909,177.5462364,173.5408852,174.9609644,12299570
1/15/2020,176.5266571,176.9636,175.5799301,176.6358957,5687654
1/16/2020,175.325058,177.6190344,174.851706,176.5994893,9730522
1/17/2020,174.7424469,176.3081734,174.341913,175.3250374,7677106
1/20/2020,176.1625519,177.1456764,174.8152909,174.8152909,8329721
1/21/2020,173.6501007,175.834827,173.3223848,175.834827,9939680
1/22/2020,173.3587952,174.4875789,172.666966,174.4875789,7949731
1/23/2020,173.2495575,173.8685687,172.5213193,173.3952167,6356150
1/24/2020,173.4315948,174.1234239,172.5941066,172.8854134,7063834
1/27/2020,170.846344,172.885434,170.6278668,172.5941272,7100949
1/28/2020,168.0426178,171.7930825,167.8605611,170.9556056,15144538
1/29/2020,172.3392487,173.0674984,168.3339095,168.5887958,21258057
1/30/2020,170.445816,172.5941332,169.6811572,172.5577242,10794458
1/31/2020,171.2469025,173.6136972,170.4458346,171.6838454,19166671
2/3/2020,151.1837311,157.956422,149.2903,156.572752,82836335
2/4/2020,157.0460968,158.4661641,152.3124967,153.5140983,37145337
2/5/2020,157.6286926,158.3933514,154.023876,157.519454,22072147
2/6/2020,155.5167999,160.1411505,154.2423685,158.757492,28443398
2/7/2020,155.4075623,157.0825276,154.9341987,155.6988576,17793265
2/10/2020,153.3320618,155.8809246,152.9679369,155.844504,9987781
2/11/2020,154.8249664,157.9928406,154.2423758,157.6651247,30951617
2/12/2020,155.1526794,156.4271109,154.2423729,155.4075657,10310789
2/13/2020,154.3151855,155.4439693,153.8054245,155.152674,9505645
2/14/2020,151.2565765,155.0434506,150.6011563,154.570087,14260540
2/17/2020,149.1446228,151.9483598,148.5620208,151.4750079,16161290
2/18/2020,148.4528046,148.9989977,146.0131805,148.9625771,21741128
2/19/2020,150.5283203,150.8560362,148.4528209,149.4723661,9403278
2/20/2020,151.0744781,151.8755575,149.6179902,150.7467738,16193373
2/24/2020,147.8337708,151.0744622,146.959885,150.7467579,17233132
2/25/2020,146.9598846,149.581565,146.7414074,148.4163724,15903285
2/26/2020,144.6295013,147.0691251,142.9545363,146.1223982,18557438
2/27/2020,143.8648682,145.0300609,142.6632664,144.4838793,17936226
2/28/2020,143.8648682,145.5762425,139.8595173,142.0078462,33885063
3/2/2020,142.2263184,148.1615211,141.0247165,145.2849538,19274852
3/3/2020,141.1703491,143.7920298,140.2236337,143.4643255,18638624
3/4/2020,136.54599,142.4083621,135.8541493,141.9714076,28729502
3/5/2020,136.9465332,139.240498,135.8541586,136.5824083,20797182
3/6/2020,132.3586121,134.6161799,130.9021237,134.6161799,27795285
3/9/2020,129.0450745,130.3559148,127.0788139,130.3559148,22633662
3/11/2020,127.9162827,128.7173504,125.5130678,126.714681,29032759
3/12/2020,113.4606171,123.1826805,109.6373233,123.0734534,54043896
3/13/2020,118.1578064,119.4322378,98.02182562,109.2367985,63962722
3/16/2020,107.2341309,115.1355823,105.7776313,115.0627643,34535653
3/17/2020,108.6177902,113.4606295,106.3602343,107.7803133,49492914
3/18/2020,109.7465668,112.6231337,107.3069428,110.7661118,52178352
3/19/2020,117.8665085,119.1045192,105.4135136,109.7465686,93204936
3/20/2020,127.807045,128.5352947,120.2332984,120.2332984,64384067
3/23/2020,112.368248,117.9757342,108.6541927,115.0627583,53330913
3/24/2020,109.0183105,119.2137488,107.3433454,118.6675673,54576761
3/25/2020,107.3069458,110.6932853,101.2260959,109.9650471,64913270
3/26/2020,113.8975601,116.0822978,104.3211328,109.2367896,60694283
3/27/2020,118.849617,120.8887069,112.8780066,117.9757197,33893412
3/30/2020,115.9366531,120.0876513,113.6426768,113.6426768,29203338
3/31/2020,125.039711,126.6054375,117.6480215,119.4322252,44272500
4/1/2020,121.1800156,125.8043773,119.8327662,125.0397185,18840671
4/3/2020,129.5548553,133.0868428,121.6169714,122.2723917,65288649
4/7/2020,132.2129211,135.2351355,126.4597878,135.2351355,37509626
4/8/2020,130.1010284,133.9971405,128.6445404,131.7031641,39007671
4/9/2020,134.9074554,135.6356937,131.0841612,133.9971489,44268652
4/13/2020,132.2493439,135.9269902,131.84881,134.3612636,18427550
4/15/2020,137.8932495,141.0975323,133.050422,134.0335465,50983406
4/16/2020,135.7085266,139.2405141,135.0531064,138.1117419,28122965
4/17/2020,136.9829407,139.3861441,136.1454523,138.6943149,27694463
4/20/2020,131.5939178,138.3301875,130.720032,138.3301875,37141676
4/21/2020,130.7928619,134.2156222,128.2075901,129.6276692,24232310
4/22/2020,132.722702,133.6694175,128.17117,130.3559077,26132520
4/23/2020,131.4846954,133.9971493,130.8292752,133.2324904,34237726
4/24/2020,131.1205597,133.1232291,130.5743666,131.8123888,18744844
4/27/2020,130.9749146,132.7591067,130.5743691,131.2662098,13589672
4/28/2020,130.6836395,131.6667757,129.6640943,131.0841735,18488267
4/29/2020,132.6498718,133.1960649,130.829259,131.4482701,22287597
4/30/2020,132.5770416,134.6525405,131.4118491,134.6525405,31326446
5/4/2020,126.7510757,132.3585612,124.2750431,132.3585612,31461042
5/5/2020,126.6418686,129.2271405,125.2582101,127.4429365,18389548
5/6/2020,119.3594131,124.8212521,116.8833799,124.8212521,68112675
5/7/2020,117.2474976,120.7794847,116.8833727,119.4322353,25183509
5/8/2020,115.2448273,119.5414736,114.4073503,119.395826,26281664
5/11/2020,115.3904495,119.0680954,115.0627452,116.5192331,18792383
5/12/2020,120.1968842,120.8158953,114.6986364,115.3904656,22211224
5/13/2020,120.451767,126.4233781,119.7963468,126.2777304,20785966
5/14/2020,119.2865753,122.5272672,117.9393259,119.7963478,15525762
5/15/2020,119.905571,120.5245821,117.3567202,118.1213674,15526021
5/18/2020,119.978447,121.8354693,118.813254,120.8887536,21602419
5/19/2020,124.3478851,125.0033169,120.2333073,121.2528524,20917906
5/20/2020,127.9891434,128.89945,124.5299736,125.2218029,26295911
5/21/2020,137.601944,138.694307,125.7315406,127.8798692,60630670
5/22/2020,135.7085266,139.7502867,134.4340952,136.9101285,40516307
5/26/2020,139.6046448,141.9714396,136.7644864,138.3666338,55283582
5/27/2020,139.9323273,141.2067469,136.1090336,140.1872135,25491463
5/28/2020,138.8399811,140.4785375,137.6383792,140.0415829,25524647
5/29/2020,143.7191925,144.1925444,137.6383436,138.6942975,37214719
6/1/2020,146.0496216,149.4723706,144.9208377,146.377326,29606349
6/2/2020,143.6463928,147.0327325,143.2458589,147.0327325,23502975
6/3/2020,143.2458496,146.3044848,142.4447818,145.6490646,19710133
6/4/2020,145.7583008,147.469675,142.0078365,144.010506,22843181
6/5/2020,145.6490631,147.1055511,144.6659271,146.9599034,15193091
6/8/2020,143.9376831,148.3071588,143.4643311,147.7609772,20304292
6/9/2020,144.5566864,150.1641725,143.9376753,144.3746297,41451482
6/10/2020,144.9572449,147.9430509,144.4110632,145.2485517,28247205
6/11/2020,141.4616394,146.5593645,140.9882875,145.6490581,20611505
6/12/2020,141.2067566,142.1534836,136.8008721,137.6019515,23431727
6/15/2020,136.3275146,141.2431714,135.6720945,141.2067509,25404661
6/16/2020,134.7253723,139.0584387,132.4678166,138.9492001,28700454
6/17/2020,131.9580688,134.7253976,131.5939439,133.9971593,24952658
6/18/2020,135.890564,136.5459957,131.5939182,131.9580431,30000032
6/19/2020,134.0335541,136.8737122,133.7058497,136.254701,31707306
6/22/2020,134.7253723,136.5459967,133.378123,135.8177469,32605144
6/23/2020,135.3443909,136.5460042,134.543323,135.0166865,27569189
6/24/2020,139.7138672,141.7893664,135.5628688,136.4731752,56757828
6/25/2020,147.1783752,148.1979203,139.5682192,140.0051621,78484846
6/26/2020,142.1535034,152.4945798,140.7698333,150.0185464,74727243
6/29/2020,143.6463928,147.8338004,142.881734,147.469687,95027403
6/30/2020,141.7529602,145.2121179,141.2795967,145.2121179,42797633
7/1/2020,147.7609711,148.4528003,141.752951,141.752951,46004000
7/2/2020,149.9093018,150.5647219,147.5060868,148.8897567,40835235
7/3/2020,151.1473083,151.8391375,150.0185247,151.4750242,39352660
7/6/2020,153.2885132,154.9380133,152.6363821,153.7104775,36046969
7/7/2020,149.0305023,153.8255627,148.8387048,153.4419676,32467210
7/8/2020,150.603302,151.8691951,149.0305157,149.0305157,22093693
7/9/2020,149.9511566,151.1403355,148.9537875,151.0636092,19492371
7/10/2020,149.1072388,150.7567392,148.8387149,149.7210007,16815128
7/13/2020,151.5623016,152.4829566,149.6826346,150.2964086,21079233
7/14/2020,150.2964172,153.0583702,147.8797023,151.4472269,19185879
7/15/2020,152.4446259,153.4420074,149.2223508,150.6416846,24692471
7/16/2020,148.7236328,152.5596814,147.3042992,152.444598,22997164
7/17/2020,148.8770752,149.9128137,148.0715035,148.3016703,15455455
7/20/2020,147.8413239,149.8744312,147.5728,149.6059074,19643434
7/21/2020,147.496109,148.992169,146.9207041,147.3810256,29089491
7/22/2020,150.7950745,151.8308128,147.6878839,148.0714789,33826583
7/23/2020,153.9790344,154.5927964,150.9869145,151.6390335,32700809
7/24/2020,153.1351013,154.7462448,151.3705173,154.209197,62500933
7/27/2020,150.6800079,153.8255681,149.7209958,153.8255681,23517850
7/28/2020,149.9127808,152.4062094,149.6442569,151.1403165,20029937
7/29/2020,150.9101868,152.0610087,148.3784004,148.4167575,15402845
7/30/2020,148.3400269,152.2144447,147.6879078,152.2144447,16943579
7/31/2020,148.9537964,151.1019874,148.4551057,148.4551057,17294202
8/3/2020,147.7645874,148.8386827,147.2275398,148.8386827,13776301
8/4/2020,148.5701752,150.2196754,147.7646036,147.7646036,17849565
8/5/2020,147.918045,149.2990214,147.0741164,149.2223073,50646546
8/6/2020,149.8744354,150.066233,148.1482089,148.9921376,18574935
8/7/2020,150.4115143,151.1403719,148.9538234,149.9895498,21717194
8/10/2020,152.5596924,153.1734665,150.680025,150.680025,17108987
8/11/2020,155.7819519,159.3494762,153.4419635,153.4419635,57266693
8/12/2020,156.6642456,157.2012933,153.7488522,155.3599955,22106836
8/13/2020,154.5544128,156.6642344,151.2170432,156.1271867,23573090
8/14/2020,150.6800079,156.0121162,149.9895197,154.669509,29858596
8/17/2020,152.4829407,153.0583454,151.0252381,151.945893,12192938
8/18/2020,152.3295135,153.3652398,151.3321323,153.3652398,12969115
8/19/2020,152.2528076,154.7462369,151.9842837,152.367891,16070316
8/20/2020,150.219696,151.2937916,149.2606839,151.1403511,17561721
8/21/2020,150.9868927,152.8281905,150.6032854,151.9075355,17897538
8/24/2020,150.9101868,152.6747706,150.6416629,151.3321512,15304895
8/25/2020,149.9127808,152.1376856,149.682614,151.3321141,15784633
8/26/2020,149.5675507,150.7950866,148.5701815,150.7567295,23502769
8/27/2020,149.0305023,152.5980389,148.7619785,152.2911458,49030500
8/28/2020,150.0278778,150.6032826,148.8770561,149.2990204,35979788
8/31/2020,146.6137848,152.6747375,145.7698562,152.6747375,100730476
9/1/2020,145.9233398,147.5728404,144.4272798,146.6138282,41311165
9/2/2020,146.805603,148.0714961,145.5013529,146.7672459,21378178
9/3/2020,146.9973907,148.2632959,145.769867,146.8439503,16295787
9/4/2020,143.2380981,145.7698968,142.4708835,145.7698968,42983034
9/7/2020,145.079361,146.1534564,138.7115271,143.6600276,33918419
9/8/2020,144.3505249,146.1918349,141.6269292,145.4629774,26574542
9/9/2020,141.0131836,142.8928387,139.8623617,142.3174338,28901363
9/10/2020,141.8570862,142.470848,140.552824,141.2433122,18469229
9/11/2020,141.1282654,143.0846468,140.2076103,141.8571107,19997552
9/14/2020,140.6679077,142.5859317,140.3993839,142.5475746,32185628
9/15/2020,139.4787445,141.3200546,138.7115421,141.1666141,31956903
9/16/2020,138.5964661,140.7830143,138.1361446,139.5171211,52591750
9/17/2020,137.0236969,139.2486023,136.4099228,138.7115545,35240133
9/18/2020,137.4073029,137.9827199,135.7961715,137.7525531,30929813
9/21/2020,134.8371429,138.5581082,134.3000952,138.0977745,24811451
9/22/2020,133.6479492,135.6043304,133.302699,134.837128,19242719
9/23/2020,132.343689,136.2181065,131.7299271,134.223356,64164525
9/24/2020,127.7788239,131.7683135,127.4719428,131.7299564,32698988
9/25/2020,131.0010834,131.3463336,128.1240469,129.5817497,27650738
9/28/2020,132.9574585,134.1082681,130.8092677,131.1928749,24087933
9/29/2020,129.9653625,134.0699353,129.6584816,134.0699353,26602326
9/30/2020,131.7299194,132.0368004,129.4282882,130.4256573,19193371
10/1/2020,131.0778046,133.9548409,130.5023997,133.8781268,20517295
10/5/2020,129.8502502,132.5738458,129.466643,131.2695836,25234767
10/6/2020,130.3489532,131.6532034,128.9679768,130.0420601,22728054
10/7/2020,130.0420685,131.116164,129.6584734,130.4256758,16913783
10/8/2020,128.2391205,130.7325495,128.0473229,130.5023949,26484289
10/9/2020,128.7761536,129.5817251,127.6253441,128.5076297,23234939
10/12/2020,132.1135559,134.4151755,130.4256861,130.8092935,68801924
10/13/2020,130.5407257,134.1466066,130.0420351,132.6121899,37058708
10/14/2020,128.7378082,131.1928801,128.1624034,130.8476299,39688050
10/15/2020,126.6279831,128.7378171,126.244388,128.6610908,28161148
10/16/2020,127.1266861,127.9706149,125.6689831,126.9732456,21006060
10/19/2020,129.0830536,129.5817443,127.4719225,127.970601,19748904
10/20/2020,128.4692993,129.1214305,127.8938944,128.8912637,16770677
10/21/2020,128.6227417,129.5817539,127.81717,129.006349,17113482
10/22/2020,129.3132324,129.7351968,128.1240534,128.5460299,22893091
10/23/2020,131.0010834,131.1928931,128.6994639,129.6201068,20921450
10/26/2020,129.3132324,131.6532212,129.0830656,131.5765071,16699886
10/27/2020,128.2774658,129.8885966,127.9322157,129.2748348,47652264
10/28/2020,126.9732208,129.2748522,126.5896136,129.2748522,17468592
10/29/2020,125.7073593,127.3185029,125.4004661,126.5896453,21816186
10/30/2020,126.7814331,127.9705999,125.3237303,125.822421,16976909
11/2/2020,127.9322586,128.2775088,126.1676746,127.9706157,14924105
11/3/2020,130.5023651,131.0010435,128.2007342,128.2774605,23473408
11/4/2020,130.2722321,131.806649,129.0446961,130.4640418,19533203
11/5/2020,134.069931,134.2617286,130.5791204,131.3846921,28037401
11/6/2020,133.4561462,135.9495874,133.0341819,135.4125397,35571152
11/9/2020,132.5738525,136.0262934,131.8450073,133.4561383,36645472
11/10/2020,136.8318634,137.7525184,131.8450057,134.2617083,59672371
11/11/2020,142.1640015,142.6243351,137.0237022,137.7909047,65757234
11/12/2020,144.2354584,144.8108754,141.0515409,142.0872794,48153554
11/13/2020,143.5449524,144.8492146,142.3557857,143.6216787,29284742
11/14/2020,144.6957855,145.7698811,144.2738212,145.0410236,8066280
11/17/2020,143.7367554,145.3095292,143.007898,145.0026483,21757459
11/18/2020,141.2049866,144.5807139,140.2076173,143.3148207,27620283
11/19/2020,144.1587372,147.150857,140.1692482,140.2459623,50871154
11/20/2020,147.0741425,147.3043093,142.7394029,144.8492371,47052232
11/23/2020,146.4219971,147.6879023,144.7341396,147.304295,24073204
11/24/2020,150.0278778,150.718366,146.2301868,146.2301868,47160760
11/25/2020,148.7236328,151.8691931,147.6879065,150.3731332,43263598
11/26/2020,149.4524689,150.2580405,147.7262544,149.6826357,25155854
11/27/2020,148.5701752,150.1813183,148.2249372,149.1839492,32594141
12/1/2020,149.1455994,150.6416593,147.6111823,149.605933,16505446
12/2/2020,150.3347626,152.4829535,148.4934526,149.6059173,29520716
12/3/2020,150.5265656,151.2937801,149.2606725,151.2937801,29087754
12/4/2020,152.0609741,152.9432598,150.756712,151.0252359,23005484
12/7/2020,155.8586731,156.3190067,151.6006604,152.060994,37068111
12/8/2020,155.3216248,157.0478514,153.0967196,156.4340895,32042241
12/9/2020,157.5848846,159.4261823,157.0094799,157.2780037,41212760
12/10/2020,163.1855316,163.9143769,155.858673,158.5439117,67739601
12/11/2020,165.9474792,167.2133722,163.6842171,164.5281458,62645643
12/14/2020,165.6406097,167.7120745,164.9501215,167.2133838,28029531
12/15/2020,163.8376617,166.0242098,162.3416019,165.1419119,24151252
12/16/2020,164.1829071,165.372086,163.7992998,163.9911095,20304621
12/17/2020,163.454071,165.0268452,162.0730945,164.3363569,23248344
12/18/2020,164.5665283,165.678981,160.9222771,163.4924327,24690701
12/21/2020,155.7052155,164.7199305,152.7898224,164.5664901,43445980
12/22/2020,156.0504913,158.2370395,151.0636209,155.8203245,42564860
12/23/2020,159.3878479,159.7714552,154.9763945,155.7435969,24608258
12/24/2020,160.0399628,161.6127367,157.7383315,161.1140582,23645158
12/28/2020,160.7304688,161.2675165,159.4645756,160.3468615,16347233
12/29/2020,162.3032532,163.7993009,161.1907884,161.4976815,27568853
12/30/2020,161.9963379,163.7992785,160.768802,163.1855167,19654130
12/31/2020,160.3468628,162.1114466,160.0016247,161.5360417,18947950
1/1/2021,164.0678101,164.3363339,160.5770121,161.0373335,20279389
1/4/2021,163.7225952,165.7173337,162.725226,164.1829167,27927482
1/5/2021,162.2265472,163.6075239,161.574416,162.9937619,18718244
1/6/2021,157.5848846,162.2648612,156.8943965,162.2265042,50957586
1/7/2021,155.5901489,159.2727568,155.0531012,158.1219472,36298522
1/8/2021,154.5927887,158.04523,153.6337766,156.7793369,58600546
1/11/2021,155.3600006,158.1219536,154.4009885,156.5108103,44625924
1/12/2021,158.3904572,158.7356952,154.6694925,155.7435758,36989137
1/13/2021,162.0730743,163.4156937,157.4698116,159.1576689,66387977
1/14/2021,164.2979736,166.1009143,162.3415925,162.6484734,50164605
1/15/2021,167.136673,167.6353637,162.0347313,164.8733985,60567280
1/18/2021,168.5943756,170.3205902,164.6432436,167.5586371,70211602
1/19/2021,167.9038544,170.0904023,166.8681282,169.5533667,33009228
1/20/2021,166.9832306,168.0189569,165.4871707,167.6353618,46392916
1/21/2021,163.952774,168.402585,162.8019521,168.0189777,30116008
1/22/2021,161.651123,164.7583141,160.4619441,164.1829092,25663922
1/25/2021,159.4262238,163.0321181,158.6973783,162.6485107,25929487
1/27/2021,161.6127472,163.1471763,158.8891635,159.5796518,50338134
1/28/2021,158.5055542,161.881269,157.8534231,160.5386618,22984352
1/29/2021,155.9354095,160.1934225,155.2449213,160.001625,24679902
2/1/2021,165.6789856,167.2134027,154.8229701,156.5108277,59968324
2/2/2021,167.4051819,171.4713969,166.4845269,168.7861583,50324035
2/3/2021,166.2927399,170.3205859,165.4871682,169.9369786,55709225
2/4/2021,176.4198914,177.5323438,165.7173065,165.7940328,109894300
2/5/2021,179.7956238,183.2480771,174.3484442,178.1077663,130323308
2/8/2021,178.8365784,182.634269,177.6090548,182.2123048,43093963
2/9/2021,175.69104,183.5165891,175.0772782,179.9874218,73377134
2/10/2021,174.5785828,177.3021784,171.164499,175.6910353,49104142
2/11/2021,173.7346497,175.9211975,172.23859,175.6910307,45311749
2/12/2021,166.8297729,173.197607,165.5638678,173.197607,114826417
2/15/2021,167.7120819,169.5533921,166.8681531,167.5969985,33000365
2/16/2021,167.443512,170.1671072,166.6763097,168.0572859,30271502
2/17/2021,167.059967,167.5586578,166.139324,166.9448836,20615018
2/18/2021,167.9038544,169.2464736,167.1750091,167.4051759,24997592
2/19/2021,165.6789856,167.9422603,164.1829255,167.9038911,29208388
2/22/2021,162.7644958,166.6557531,161.9390769,166.6557531,53531490
2/23/2021,163.9043884,165.5159246,162.7252254,163.5113424,27703323
2/24/2021,164.1795197,164.9263345,162.3321585,164.3760551,13667471
2/25/2021,164.415329,166.0268648,164.1401893,164.6904686,26953713
2/26/2021,160.2489624,163.5113367,159.5807642,162.9217427,45101885
3/1/2021,162.6465759,163.314774,160.4061566,161.5067152,16850430
3/2/2021,165.0049286,165.7124288,162.3321485,162.7252069,26590262
3/3/2021,165.04422,166.6557432,164.1401844,166.6557432,21648963
3/4/2021,164.847702,166.1054816,163.196864,164.1402018,25858155
3/5/2021,163.9436646,165.0835252,162.8824081,163.511304,17990773
3/8/2021,163.511322,165.712427,163.2754845,164.8477058,23874105
3/9/2021,163.3541107,164.8870302,160.95647,164.0616111,23463213
3/10/2021,162.3321533,164.4546541,161.7818739,164.3760499,20358192
3/12/2021,161.3101807,163.5112977,159.9737846,163.5112977,31973696
3/15/2021,161.5067291,161.9390897,158.4802051,161.8211834,42699297
3/16/2021,163.3933868,164.2188058,161.113653,162.2535261,50641203
3/17/2021,165.5552063,168.1493822,163.9436828,166.8129859,81604999
3/18/2021,171.0973053,172.2371661,166.5771516,167.4418852,95536034
3/19/2021,175.2636566,177.7792154,169.4464348,172.1585165,139352860
3/22/2021,177.6613312,177.9757729,174.1238177,175.5388181,47823778
3/23/2021,174.6740875,179.312147,173.9665874,176.8752047,43165463
3/24/2021,169.7608795,175.1457534,169.2106003,173.7307531,28672557
3/25/2021,166.3413239,169.7609063,164.3367419,169.1320227,42248040
3/26/2021,165.7910461,168.581745,165.3586856,168.4245241,27083832
3/30/2021,168.6603241,169.0140804,165.397963,167.6383822,28862387
3/31/2021,171.7654877,172.3943712,167.2060323,168.2672888,37890481
4/1/2021,172.9839783,173.4163389,170.8221753,172.9446762,30182056
4/5/2021,167.0881195,172.9446567,165.4765961,171.0579811,32586507
4/6/2021,167.166748,168.9748071,165.2014681,168.0707713,26663018
4/7/2021,168.0707703,169.171329,167.0095261,167.2060491,15790468
4/8/2021,167.638382,169.8788012,167.3239402,168.8961614,14660557
4/9/2021,167.5204773,169.7608967,167.0881168,168.0314545,16994483
4/12/2021,161.3888092,165.8696482,161.1529841,165.0835438,35840817
4/13/2021,164.0615845,164.8477014,161.9390838,162.7252007,21027436
4/15/2021,162.4893799,165.4372999,161.9391005,164.297439,18205903
4/16/2021,163.4720154,164.4939699,162.3321545,163.5113299,13824608
4/19/2021,161.6246338,162.0176922,160.1703313,161.1529712,16400507
4/20/2021,160.0131226,162.7252047,159.1877035,162.0963087,22187707
4/22/2021,161.8604736,162.1749154,157.6547746,158.7946353,24030915
4/23/2021,161.4281311,162.7252129,160.5634099,160.5634099,20381213
4/26/2021,161.3888092,162.5286825,160.9171465,161.7818677,20652091
4/27/2021,161.467453,162.6859307,161.1923133,161.3888363,11885588
4/28/2021,161.546051,162.3321555,161.3888177,161.939097,13197445
4/29/2021,160.6027222,163.1575837,160.4061867,162.8038398,13601150
4/30/2021,159.2663116,161.7032667,158.794649,160.2882662,17130954
5/3/2021,157.9692078,158.6767079,157.2224055,158.1657307,21405441
5/4/2021,156.907959,159.0697741,156.514913,158.1657385,18962501
5/5/2021,158.3229828,158.7946455,156.8293656,158.3622849,14396547
5/6/2021,159.3842468,161.8998063,158.8732695,159.0305029,14872429
5/7/2021,161.4281311,162.2928523,159.5414554,159.5414554,20213092
5/10/2021,161.5853424,163.0789471,161.1529818,162.843122,16922951
5/11/2021,160.3668671,162.3321469,160.1703441,160.2882628,14277000
5/12/2021,159.7772522,161.3494732,159.4628105,160.2882293,17174525
5/14/2021,166.8522797,167.5990944,160.366859,161.1529759,64021335
5/17/2021,167.1274414,170.5863387,166.380639,170.4291178,39465392
5/18/2021,165.1228485,168.6996644,164.8084067,168.3066059,31653409
5/19/2021,163.3147888,166.1841044,163.1575679,165.1228478,25345241
5/20/2021,162.7252045,164.5332634,162.5679836,163.8650653,21688686
5/21/2021,164.3367462,164.9656298,163.039652,163.1968729,23509878
5/24/2021,166.2626953,166.6950559,163.3147758,164.690474,29977506
5/25/2021,165.7910461,167.756326,165.2800689,167.4418842,26310600
5/26/2021,165.5552063,167.0095214,165.3193812,166.4985441,18253046
5/27/2021,165.9875793,168.3459178,165.3193936,165.8696606,49385674
5/28/2021,167.3632507,167.8349134,166.3020067,167.048809,26583388
5/31/2021,170.2718658,171.2938078,168.5424113,169.0140864,75852502
6/1/2021,169.2106018,172.4729753,168.4244975,171.3724168,40247686
6/2/2021,164.2974091,167.0095034,163.9829673,165.4765843,100377464
6/3/2021,164.3367462,165.6731301,164.0615941,165.6731301,48454441
6/4/2021,164.1009064,164.8477087,163.5113249,164.6904878,31286264
6/7/2021,166.2234039,166.9702063,165.240764,165.3979849,32643869
6/8/2021,167.9528656,168.4245408,166.0269001,166.8130047,22080199
6/9/2021,167.0488281,168.8175726,166.2627112,168.2279911,25846432
6/10/2021,169.2904968,170.9890664,167.8345837,168.8051839,31902690
6/11/2021,168.1580963,170.2206375,168.0367681,170.0993221,22249404
6/14/2021,167.6728058,168.6029674,165.9742363,168.1985443,18358717
6/15/2021,167.4705811,168.5625222,167.4301426,167.8750042,15426377
6/16/2021,168.1176605,169.330917,167.470581,167.470581,20878518
6/17/2021,166.3382111,168.2389985,165.8124725,167.3897138,22304032
6/18/2021,165.4484863,166.9852891,163.7903682,166.6213044,24475206
6/21/2021,165.3676147,166.6213098,163.7094837,164.2756735,19809308
6/22/2021,165.8933411,166.8235155,165.2867128,166.7021873,18737552
6/23/2021,164.9631805,166.4999833,164.6800856,166.3382038,13059519
6/24/2021,164.3969879,165.5293675,163.8307981,165.3676008,23299321
6/25/2021,165.8529053,166.2977669,164.8014154,165.0036206,14411660
6/28/2021,164.6800995,166.5404357,164.4778815,166.5404357,15190488
6/29/2021,164.437439,166.0551187,164.3161107,164.6800954,13839294
6/30/2021,163.9521179,165.327141,163.8307897,165.2462641,16556397
7/1/2021,164.1947632,164.8418427,163.507258,164.1138863,10583793
7/2/2021,163.7094879,164.7609779,163.5881597,164.4374445,13187847
7/5/2021,164.7205505,165.0845352,163.9521555,164.1947991,10642939
7/6/2021,163.7903748,164.8418647,163.5881568,164.3970031,11515716
7/7/2021,164.8014374,165.9742556,163.6286191,163.7903859,18568033
7/8/2021,163.3859558,165.4080588,163.2241891,164.5992125,21730892
7/9/2021,162.8602142,163.6690606,162.4962423,163.3859657,12289809
7/12/2021,162.6580048,163.830823,162.5366765,163.3859613,13589278
7/13/2021,163.2646179,163.5477128,162.8601948,163.3859461,11247522
7/14/2021,165.0845032,165.9337878,163.1432774,163.2646056,21269167
7/15/2021,166.8235321,168.6434171,164.1139111,165.3271677,29963443
7/16/2021,168.1580963,169.5735708,167.5919065,167.9963296,30137464
7/19/2021,168.0367889,169.4522636,166.9044092,167.2683939,17099088
7/20/2021,167.2683716,169.2904743,166.9448382,168.4007511,24567907
7/22/2021,167.4301453,168.4411966,166.4999836,167.4301453,19016769
7/23/2021,171.7978973,172.7685103,167.0257349,167.4301581,46241640
7/26/2021,170.78685,174.1839891,170.503755,173.0920479,49084040
7/27/2021,168.7647095,172.2831761,168.1985197,171.4743299,25378089
7/28/2021,169.1287231,169.8566797,167.7941255,168.4816436,15304399
7/29/2021,166.6617737,170.0184617,166.3382275,169.1287384,16204679
7/30/2021,165.7720337,167.5110546,165.4889516,166.7022083,15515733
8/2/2021,167.6728058,167.8345725,166.1764415,166.9852878,10046707
8/3/2021,169.7757874,170.5846336,166.9852895,167.8345743,19179805
8/4/2021,168.7243042,170.7464071,168.3198811,170.5846404,11421835
8/5/2021,174.1030579,175.316327,167.3492325,168.7242683,48995450
8/6/2021,173.2942657,174.7097276,171.959668,174.2244275,24489836
8/9/2021,172.9302673,175.6398882,172.0405441,173.9008803,21142199
8/10/2021,169.7353516,173.4560239,168.6838617,173.0920393,18855165
8/11/2021,168.7647095,170.3419505,167.7940967,169.7353223,16012451
8/12/2021,168.9669647,173.2538143,168.5221031,170.0588931,28758718
8/13/2021,171.0294952,171.7170133,169.2095976,169.7353489,19576945
8/16/2021,170.5846558,172.4854306,170.2611223,170.9890789,11621038
8/17/2021,169.20961,171.0699463,168.8860766,170.5037564,8161139
8/18/2021,169.0073853,171.0699265,168.5220852,169.5331366,11149120
8/20/2021,168.9669647,170.4228778,167.1875054,167.4301618,20168965
8/23/2021,166.8639679,170.0184505,166.6213114,169.4522607,10319044
8/24/2021,166.4191132,167.4301647,165.5698284,167.4301647,12971124
8/25/2021,166.9448547,168.1581113,166.6213085,166.9448547,10994627
8/26/2021,165.4889526,167.3088377,165.2867346,166.9448658,15407558
8/27/2021,166.5404205,167.3088155,165.7315743,165.8124641,10879860
8/30/2021,168.2389984,168.4007651,166.6213059,166.6213059,12550267
8/31/2021,170.9081573,171.1508138,167.6323468,168.2794264,26802390
9/1/2021,169.45224,171.7169991,169.2904733,170.6654965,16867486
9/2/2021,169.6544647,171.0699393,169.0478364,169.0478364,14872714
9/3/2021,170.3419952,170.8677466,169.6544771,169.6544771,10622796
9/6/2021,169.2904968,170.8272997,169.0882917,170.6655202,11041632
9/7/2021,171.2721252,173.3751047,169.9779791,170.5846073,38933378
9/8/2021,170.8677216,172.2831961,169.6140137,171.676555,17897021
9/9/2021,172.0001221,173.0111736,170.3015525,170.7059756,19784972
9/13/2021,173.2133636,174.0222099,171.312589,172.5662969,16661794
9/14/2021,174.7905884,175.7207628,173.2537858,173.8199755,20377545
9/15/2021,174.7097321,175.6803451,174.143555,175.5994682,21028598
9/16/2021,186.6401215,188.9857704,174.9523664,175.4781178,154986538
9/17/2021,186.9636841,191.9380517,185.305553,188.4600356,82563658
9/20/2021,189.0666504,193.5961689,186.2357013,186.8423424,73101936
9/21/2021,195.3351746,196.1035695,187.4085301,190.0372612,58854434
9/22/2021,196.9528656,198.8132018,194.6881063,196.9528656,54648494
9/23/2021,196.1439972,198.6514127,195.4969305,198.1660999,22630330
9/24/2021,192.8682251,197.3572926,192.261584,197.3572926,25779310
9/27/2021,193.0704346,195.6182889,190.4821417,193.9601578,23772123
9/28/2021,192.3020172,195.4160483,191.1291863,194.0005738,16319138
9/29/2021,192.5851288,195.2542985,190.6439028,190.8865593,16045073
9/30/2021,191.0079041,194.4454691,190.2799475,194.0410587,16987893
10/1/2021,190.3607941,191.6953788,188.3791298,190.2394659,16570661
10/4/2021,191.3718567,192.7873313,190.4012437,190.8865566,11098123
10/5/2021,189.8350525,192.0593733,189.6732858,191.2100886,9578825
10/6/2021,187.0445557,191.2100897,186.5188043,189.9159433,18179336
10/7/2021,188.4195862,190.0372659,187.8938348,188.4600246,10770973
10/8/2021,187.4085083,189.9159108,187.0040852,189.8754724,10114327
10/11/2021,192.5446777,193.7174959,187.4085435,187.6511871,22000303
10/12/2021,195.1734314,196.5484677,192.5042614,192.9895615,30347455
10/13/2021,201.5632782,202.9383016,194.243261,196.1844871,52091422
10/14/2021,207.5082245,211.7950864,202.4934061,204.839055,88696178
10/18/2021,212.3612823,214.5855903,208.1553101,211.1075745,62614961
10/19/2021,198.9345093,212.3612716,198.2065528,211.4310972,61336411
10/20/2021,199.4602661,200.9970689,196.0226887,198.9345276,49663940
10/21/2021,197.9234619,200.8757263,196.6293157,200.5926314,23385990
10/22/2021,191.3718567,198.8132015,189.0262204,197.9234783,36905793
10/25/2021,188.7835541,191.4122851,186.4379179,189.3497439,23194065
10/26/2021,191.4527435,193.3130797,188.1364943,189.3497509,19663381
10/27/2021,192.8682251,195.1734101,191.0483273,194.3241382,26909428
10/28/2021,182.0701752,190.8461042,181.3017674,190.1585861,48064941
10/29/2021,180.5334015,184.6180461,179.8054449,181.9893147,27668175
11/1/2021,183.4856415,184.0518313,179.9671872,181.301772,24090945
11/2/2021,182.4745941,185.4268714,181.5848709,184.41582,14896284
11/3/2021,179.9267426,183.4856351,179.3201015,182.79813,18530527
11/4/2021,183.2429962,183.8496245,181.1804422,181.8679602,7295341
11/8/2021,185.8717346,186.5996911,182.5554854,185.7908449,21051238
11/9/2021,185.0224457,186.7614536,184.2944892,185.9121689,11964518
11/10/2021,186.7210236,188.3387033,183.7687461,183.9709641,13948380
11/11/2021,186.0335083,187.2467778,184.8606901,186.3570417,8448263
11/12/2021,188.3791504,189.2284352,185.3459959,187.004127,12312123
11/15/2021,192.5851288,193.3130853,188.5409101,189.2284282,40247848
11/16/2021,190.4416962,193.8388224,190.0777115,193.3535223,15241184
11/17/2021,193.7174835,198.3683302,190.6034524,190.8865473,48496295
11/18/2021,192.099823,196.5484522,191.12921,194.121926,21005037
11/22/2021,186.7614746,194.7285585,185.6695461,192.4233606,23443628
11/23/2021,187.327652,188.2173752,185.3459875,185.3459875,13950744
11/24/2021,184.1731415,188.2173467,183.5665133,188.0151415,14684422
11/25/2021,187.0849915,187.812948,182.5959241,183.6069756,24825493
11/26/2021,181.1804504,186.0739409,180.4524939,185.1437792,28067913
11/29/2021,179.1583557,180.8973637,178.1068658,179.5627789,22985358
11/30/2021,178.8752441,182.1510547,177.9450825,179.5627622,24408641
12/1/2021,179.4818878,180.6142546,178.4303851,179.5627648,13496307
12/2/2021,182.3532715,182.9194485,178.9965712,179.481884,16517389
12/3/2021,179.2796631,182.9598967,179.0370195,181.9892838,14325920
12/6/2021,176.2465057,179.7245213,175.9229724,179.2796598,13644352
12/7/2021,178.4708557,179.5223457,176.4083014,177.055381,9246755
12/8/2021,181.9488831,182.515073,178.7539616,178.7539616,10241656
12/9/2021,190.4012451,191.2505299,180.3716203,180.3716203,39714672
12/10/2021,190.9674377,193.2726356,189.066663,191.0483275,36517117
12/13/2021,189.7541656,193.1108532,189.390181,192.5042249,22903720
12/14/2021,184.901123,191.7762779,184.0518383,190.0777085,38953007
12/15/2021,181.2209167,187.8129644,180.6951653,186.0335179,35987634
12/16/2021,180.2907257,182.9194569,178.5921562,182.7981414,25131188
12/17/2021,176.2869873,180.2503167,175.316387,180.2098782,30827201
12/20/2021,171.7978973,174.9119415,169.6949175,174.9119415,38778895
12/21/2021,171.8787994,174.2648744,170.7059812,173.0920562,20142586
12/22/2021,171.4743652,173.2538117,170.7464087,173.092045,17903428
12/23/2021,175.7612152,176.6913769,172.4449661,173.0111559,23065082
12/24/2021,176.3274231,178.3090748,175.0737151,176.3274231,17220191
12/27/2021,175.9634247,176.6913812,174.4266347,176.6509427,8467106
12/28/2021,177.9855347,178.4303963,176.3274164,176.3274164,12014352
12/29/2021,175.3163605,178.1877481,174.9523758,177.9450917,11923119
12/30/2021,174.7097321,176.246535,174.3053217,175.195045,10116360
12/31/2021,176.3678436,176.9744719,174.8310409,175.437682,7875890
1/3/2022,177.2171326,177.8237609,175.5590016,176.3678478,8064567
1/4/2022,178.1472931,179.3201112,177.176693,177.5406648,9398805
1/5/2022,178.3899384,179.1583333,176.8531357,177.6619819,11663111
1/6/2022,176.8935852,178.2686084,176.4891621,177.1362288,9295303
1/7/2022,176.6509399,178.4708376,175.9229834,177.7833196,9196075
1/10/2022,180.6142426,181.7466221,177.0553501,177.8641834,16451394
1/11/2022,179.5223389,181.3826751,178.9157105,180.6547186,8329596
1/12/2022,180.1694183,180.8973749,179.2392566,179.9672132,13665682
1/13/2022,181.1400146,182.636379,180.1694017,181.0995762,11944029
1/14/2022,180.0480652,181.8275114,179.8054088,181.1399934,10976796
1/17/2022,181.6657562,182.4745897,179.0370252,180.0480766,12792728
1/18/2022,178.5517273,183.8496412,178.1877554,181.6657715,14948456
1/19/2022,178.2281952,179.8863135,176.8936103,178.5517286,11915686
1/20/2022,176.9340363,179.6840956,176.327408,178.3899493,17997322
1/21/2022,175.5590057,178.3495164,174.709721,176.7318367,17225050
1/24/2022,171.3125916,176.1251923,170.584635,175.5590024,18023332
1/25/2022,173.3346863,173.6582196,169.4926859,171.4743502,19028606
1/27/2022,173.5773621,174.3053186,170.7464127,170.867741,24041247
1/28/2022,176.0038757,177.3384734,173.9817727,173.9817727,15865353
1/31/2022,178.1068573,178.5517189,175.5994544,176.731834,15618203
2/1/2022,184.2135925,185.0628772,177.2575612,178.7539254,44871108
2/2/2022,187.7724915,188.7026659,185.2246375,186.0334837,42714702
2/3/2022,189.632843,190.2394713,187.489412,187.7725069,28918394
2/4/2022,189.5115356,192.9086749,187.2872274,191.8976234,58889867
2/7/2022,186.1952667,189.8755006,184.8202435,189.2688723,25101983
2/8/2022,187.0445557,187.8938404,185.2651092,186.2761607,16825239
2/9/2022,186.1548309,188.4600287,185.0224513,187.8938389,12351873
2/10/2022,187.8533936,188.7835552,184.2135983,184.982006,20317032
2/11/2022,188.015152,188.70267,185.8717211,187.6511673,18793513
2/14/2022,181.7635345,187.1886966,180.9766838,187.1886966,23621214
2/15/2022,184.7039032,185.11804,181.0181076,183.047369,13371177
2/16/2022,184.4968567,186.1119814,183.7514155,185.3665403,11664158
2/17/2022,184.414032,185.8220817,182.9231497,184.7453362,14564261
2/18/2022,183.7928009,185.076608,183.4614836,184.4139996,9004891
2/21/2022,180.5625763,183.2958561,179.8585449,182.4675954,16750193
2/22/2022,177.9535065,179.6514635,176.4212146,178.0777488,26741024
2/23/2022,178.8645935,180.1484137,178.1191525,179.5686248,11438476
2/24/2022,172.6940308,176.6697215,171.4516331,173.9364415,42933709
2/25/2022,177.2080536,179.3201342,174.3919417,175.1787924,24543858
2/28/2022,178.7817993,179.2787557,174.5990339,176.5868857,20806226
3/2/2022,178.3262482,179.4029935,175.9656825,177.5807939,20039140
3/3/2022,181.7221527,182.3847612,178.9060272,178.9474501,29631546
3/4/2022,186.7745819,188.3482836,179.7342947,180.3140836,69409780
3/7/2022,186.3190613,188.0170056,182.3019607,183.8756627,47001716
3/8/2022,187.9341431,189.2179502,185.3250929,185.4493353,37424203
3/9/2022,189.8805695,191.661346,187.2715193,188.5967493,43923809
3/10/2022,192.1583252,192.5724621,188.7210141,191.3300646,37523806
3/11/2022,195.7612915,196.3824902,190.6260235,192.0754959,43305144
3/14/2022,197.9562073,198.3289213,194.8916103,195.6784612,36465969
3/15/2022,197.0037079,199.9440627,195.3885832,197.956224,34269168
3/16/2022,200.937973,201.2692773,198.0390282,198.7844693,22462538
3/17/2022,202.8430023,203.2571392,201.0208027,203.1328968,35541798
3/21/2022,202.511673,205.2035559,201.9318971,203.6712509,29052540
3/22/2022,206.8600769,207.6883506,201.7248092,202.5530828,38368305
3/23/2022,208.7236938,210.1317434,205.8247491,208.2681341,42051087
3/24/2022,211.084259,212.4508988,208.2681338,208.6822706,39712133
3/25/2022,209.8418579,211.8297096,206.4459567,211.4569825,30412482
3/28/2022,212.9064636,213.6933145,209.179258,210.3802458,25876007
3/29/2022,210.877182,213.2791573,210.1731507,212.9064433,18820674
3/30/2022,206.4045563,212.3680853,205.9490096,211.2913399,18281803
3/31/2022,207.6055298,210.6701267,206.6530268,206.7358463,26644916
4/1/2022,209.8004456,211.4983896,206.0732401,207.0671528,14856664
4/4/2022,211.5812073,213.6104685,207.9782445,209.6347786,16520039
4/5/2022,214.8942719,216.8821233,211.2913091,212.0781599,28230046
4/6/2022,215.0185547,218.1245617,213.1135355,213.2791876,20352716
4/7/2022,212.5751343,217.1720228,211.871103,213.6932893,16679649
4/8/2022,221.8103485,222.6800188,212.0367687,213.693303,39283623
4/11/2022,221.5618439,226.2415518,220.3194466,222.5971793,47924937
4/12/2022,219.3255157,222.514368,217.9174663,221.0648826,24460888
4/13/2022,223.2597961,224.1294664,218.373013,219.7396528,22239115
4/18/2022,223.7153473,225.7031989,221.3547949,221.9759804,25339139
4/19/2022,216.6336517,225.7032,214.3559188,225.28905,24280577
4/20/2022,214.9771118,219.8638949,213.3205776,217.7518141,25454589
4/21/2022,215.6811523,219.0356306,215.0185308,215.1013634,24313956
4/22/2022,216.2609558,217.8346576,214.1488617,215.3498494,16274820
4/25/2022,211.4155731,214.5215799,209.137827,214.3559277,25140992
4/26/2022,214.4801483,215.9296075,212.2438121,212.5337066,21327644
4/27/2022,213.2791748,214.1074485,211.8297155,212.2024294,17219401
4/28/2022,216.2609558,218.4144466,213.8175574,214.9357257,28999835
4/29/2022,214.9771118,217.8346336,214.1074284,217.8346336,21206335
5/2/2022,217.9588776,219.0770457,212.9064423,213.6932931,19696250
5/4/2022,215.1427612,220.3608485,214.1902583,218.6629046,26951488
5/5/2022,217.0477905,219.6568408,215.6811508,217.0063808,18623544
5/6/2022,220.8578186,221.4376075,214.4387306,214.5215632,35818441
5/9/2022,217.7932587,220.4437322,215.8054199,220.4437322,22228031
5/10/2022,215.1427612,220.9820603,214.604382,217.0063704,18727774
5/11/2022,211.7468719,217.1720345,208.5166229,214.5215744,18012072
5/12/2022,209.4691467,212.3680785,206.3631399,211.2085006,20816708
5/13/2022,214.1902618,216.0538579,210.7943608,211.1670748,12380764
5/16/2022,210.4630585,215.3084322,209.5519653,215.3084322,8502159
5/17/2022,219.2427063,219.9053148,211.0428413,211.2084934,18483427
5/18/2022,220.9820709,221.8103446,217.9588838,220.3194625,20978307
5/19/2022,228.3122406,231.2940049,217.5033385,217.5033385,81302807
5/20/2022,231.9152069,233.8616356,229.4303859,229.4303859,33617466
5/23/2022,227.3597107,232.2879297,226.1587362,231.9152026,22535903
5/24/2022,224.3365784,227.7738895,223.632547,227.7738895,16146766
5/25/2022,225.868866,226.862805,224.0466794,226.0759541,15877459
5/26/2022,226.2852173,227.6003128,223.867083,227.6003128,19129574
5/27/2022,228.4063568,229.6790463,224.8852243,228.2366523,13986762
5/30/2022,228.2790985,229.9336029,227.048815,229.5093552,12274291
5/31/2022,229.6366272,232.9032032,226.0306691,228.2790989,24102167
6/1/2022,230.6548004,232.5638212,229.2548124,229.6366273,15265925
6/2/2022,232.0547638,232.8607996,227.260928,229.6790623,14789457
6/3/2022,231.3759918,233.921398,230.4426843,233.3274726,12968807
6/6/2022,233.1577606,234.0062293,228.8306052,231.121468,11345943
6/7/2022,232.3941498,233.3274572,230.9941886,231.8002244,11245578
6/8/2022,227.3033447,232.8183502,225.8609508,232.4365353,14915091
6/9/2022,229.8063354,230.5275325,225.4791668,227.2185235,10239939
6/10/2022,229.2123871,229.933584,228.0245365,228.2790797,8693455
6/13/2022,224.5458679,228.3215173,223.1458932,226.0306814,11519902
6/14/2022,225.2246094,226.9215331,223.1883036,223.3155617,7708043
6/15/2022,223.4852905,226.7942862,223.1883278,225.6913011,5254329
6/16/2022,221.194397,227.3033411,220.1762508,226.5397114,14843837
6/17/2022,223.4004059,224.1216028,219.3702003,219.7520152,17296080
6/20/2022,224.0791931,225.8185497,221.7459112,223.4004155,17738981
6/21/2022,229.0003052,229.806341,224.0792111,224.8428275,14417711
6/22/2022,225.0973511,229.3396809,224.757969,226.5397316,11756920
6/23/2022,225.2670441,226.7518709,222.6368127,225.2670441,9416459
6/24/2022,225.5639954,227.6851669,225.0125029,225.7761192,7283228
6/27/2022,229.0426941,229.6366194,226.1155002,226.5397211,8487729
6/28/2022,230.6548004,230.9941825,227.8548512,228.1518273,11673046
6/29/2022,232.5214081,233.3274439,228.3639307,228.4487695,16635367
6/30/2022,232.0547638,233.07291,230.7820474,232.4365518,20003893
7/1/2022,241.2605896,241.8120821,230.1032795,232.05476,36520000
7/4/2022,247.6664581,248.8543088,241.6423661,242.363563,41417701
7/5/2022,243.4241638,248.5997878,242.4484504,248.5997878,19283789
7/6/2022,245.460495,246.0544204,242.066647,242.7454113,18997440
7/7/2022,247.7089539,248.7271003,244.7817593,246.9029179,14326277
7/8/2022,248.6422119,249.8300626,246.3937821,248.5149403,11538313
7/11/2022,250.2967377,251.9512423,247.7937644,248.5998002,12828405
7/12/2022,248.3452606,250.5936635,246.8180009,248.599777,14616684
7/13/2022,249.4906769,250.1270082,248.345259,248.5997754,9634877
7/14/2022,246.7756042,251.4421416,245.3332102,249.7027983,13930984
7/15/2022,249.066391,249.4482058,245.6301379,247.7512957,11450042
7/18/2022,250.5512543,251.3997229,249.2361319,250.296711,11751684
7/19/2022,249.9573364,250.8058051,248.3452648,250.2967185,9542292
7/20/2022,253.011795,254.1148069,249.1088609,250.2118728,16397373
7/21/2022,254.157196,256.4056257,252.8420738,253.6905424,16660697
7/22/2022,255.0056915,256.660196,252.9269662,254.5390378,10351425
7/25/2022,255.4723511,257.0420168,253.5208973,253.6905749,11050533
7/26/2022,256.6177368,257.7207486,254.9208266,255.3874802,10114261
7/27/2022,258.0600891,258.7812859,255.0480571,256.9570775,9706094
7/28/2022,257.466217,258.9510438,256.5753425,258.6965006,11256515
7/29/2022,257.1268311,259.5449652,255.6844371,258.7813354,17584873
8/1/2022,260.9024658,262.0054776,257.1692367,257.9328395,16501510
8/2/2022,262.9812317,268.665942,261.4964317,263.0236645,40483892
8/3/2022,261.4539795,263.7872748,257.6359112,263.7872748,18376724
8/4/2022,262.5994568,263.3206538,260.6055702,261.3267403,16514348
8/5/2022,263.7448425,264.5508783,262.2600427,262.5994247,10477269
8/8/2022,265.6963196,266.3751106,263.0661017,263.8297047,8627072
8/10/2022,264.0418091,266.5023762,263.6600211,265.6963135,9267241
8/11/2022,259.8419189,265.9508499,259.0358832,265.569035,11305242
8/12/2022,261.7933655,262.5145624,258.3571121,259.8419119,6669853
8/16/2022,263.4903259,264.2963617,261.7933886,261.7933886,8941455
8/17/2022,265.1872253,265.7811506,263.8721031,264.4660284,8283028
8/18/2022,267.8175049,268.114481,265.2296927,265.5690748,10264507
8/19/2022,264.7205811,268.2417001,264.0417901,268.2417001,10823811
8/22/2022,266.756897,268.9629208,263.8721358,264.0418134,11793184
8/23/2022,268.0296021,268.1144408,264.8054321,265.5266291,9698555
8/24/2022,266.5023804,271.0416459,265.6114789,267.9023415,11783894
8/25/2022,265.0175781,268.453859,264.3812467,267.6478231,8057930
8/26/2022,265.4842224,267.6053807,264.7206194,267.0538882,7224507
8/29/2022,266.0357666,267.2235906,262.0479661,263.0237065,11798961
8/30/2022,271.9325256,272.6961285,266.6296037,266.6296037,18516092
9/1/2022,269.4719543,273.120345,268.1144262,271.0840527,13765474
9/2/2022,274.1809082,275.1142424,269.8537537,270.4052462,26750910
9/5/2022,279.0172119,279.6535702,274.6900565,275.7506356,18144801
9/6/2022,277.5747986,279.9929058,276.9384404,279.9929058,12431779
9/7/2022,276.6838989,278.5505136,275.962702,276.5990601,8397233
9/8/2022,279.9080811,280.5020064,277.8717618,279.1444512,11331350
9/9/2022,280.4171753,282.7928498,279.9929275,280.5020141,9770432
9/12/2022,280.7565308,282.0292201,279.992901,281.6898381,9048240
9/13/2022,283.7261353,284.2351948,280.5019658,281.435273,10925371
9/14/2022,284.532196,287.6290673,280.7989398,280.8413726,12739464
9/15/2022,283.4716492,285.9746223,282.453476,285.4231029,8742900
9/16/2022,281.0959473,283.8958696,279.738392,281.9868219,12973988
9/19/2022,284.7443237,285.8473356,279.2293181,279.2293181,14918717
9/20/2022,285.0837097,288.1381753,284.2352411,287.4169783,9892945
9/21/2022,289.2835693,292.889554,284.6594655,285.0836863,21800547
9/22/2022,292.7623291,295.9016337,289.2412096,289.3260484,25111230
9/23/2022,293.9077148,296.5803923,291.2774972,294.8410222,23718397
9/26/2022,282.1989746,293.5259363,281.4777776,292.5926288,16829922
9/27/2022,284.1079712,288.0957711,283.3867742,284.2352428,10375837
9/28/2022,275.7081604,282.7928038,275.1566411,281.6473861,16151900
9/29/2022,282.5807495,284.1504152,278.0838898,279.1444689,18985406
9/30/2022,281.8595276,284.871587,280.1201845,282.5807245,12906555
10/3/2022,275.2415466,282.5383559,274.2658332,282.4534902,9462192
10/4/2022,282.4110718,283.3867852,278.296027,278.8899524,9142294
10/6/2022,285.6352234,287.8836533,282.1565367,284.2352622,23091432
10/7/2022,283.4716492,285.8049178,281.0959477,285.762485,10910698
10/10/2022,278.1687317,281.2231971,276.641499,279.9929136,9750594
10/11/2022,276.8536377,280.3747572,275.8354645,279.1444735,11018577
10/12/2022,280.0777588,281.2232035,275.5384934,278.2535768,10735673
10/13/2022,278.8475037,281.0959334,278.2960112,279.9505155,7546587
10/14/2022,281.7747192,283.3019521,280.7141401,281.9444237,6672357
10/17/2022,281.9019775,284.0231357,279.6535477,280.9262373,7195922
10/18/2022,288.7320862,289.3260115,283.0049703,283.3443524,21691854
10/19/2022,293.8652954,294.7986028,288.3078573,291.1077793,16923690
10/20/2022,296.7076416,297.7682205,292.5501646,294.4167793,19186222
10/21/2022,293.2289124,299.6772244,292.2956051,299.6772244,28426343
10/24/2022,295.0107727,296.7077102,294.4168473,296.0713519,3292671
10/25/2022,293.8229065,296.5379902,291.5744766,296.4955573,17906260
10/27/2022,293.3986816,295.5622458,291.7441771,294.1198518,19273344
10/28/2022,293.3986816,295.7743563,292.8047563,294.8834817,13572499
10/31/2022,295.8591614,297.3863939,292.5077202,295.2652361,14358449
11/1/2022,296.5379944,297.3864631,294.5865406,296.3258839,20422565
11/2/2022,300.9075623,302.2650906,295.6895057,295.6895057,17427813
11/3/2022,300.101532,304.1741439,299.5076066,300.3560753,11149636
11/4/2022,300.0166626,302.052982,299.0833552,300.3560716,8709851
11/7/2022,299.9318237,302.349958,296.9621969,301.2045133,10437370
11/9/2022,306.0407104,306.6770686,299.6772369,299.9317801,21404869
11/10/2022,302.0529785,305.3619874,300.4409069,304.5983844,20071989
11/11/2022,302.3499756,306.2529101,300.9075815,305.4468473,11372654
11/14/2022,294.5865173,302.8590125,294.0774308,302.3499529,18319254
11/15/2022,292.9320374,296.071342,287.7563863,296.071342,16046491
11/16/2022,291.9562683,294.2895368,289.8775162,293.3137966,7897812
11/17/2022,291.6168823,294.7986194,290.6835749,291.9562644,10379179
11/18/2022,289.3684082,292.507712,288.3078293,291.6168376,8140173
11/21/2022,286.1018372,288.4775384,283.7261628,287.7139355,9553090
11/22/2022,288.6896973,289.3260555,284.8291956,285.9322076,6746019
11/23/2022,288.3078918,290.1745068,286.3564112,290.1745068,8067471
11/24/2022,289.1139221,290.5987221,286.3988386,288.3078863,8454385
11/25/2022,288.7320862,290.0896413,286.6109282,289.3260115,7200274
11/28/2022,288.5199585,289.9623523,287.4169467,288.4775257,10284123
11/29/2022,290.4290466,292.7198824,288.477566,288.477566,10582296
11/30/2022,288.4775391,291.9986581,287.6290705,289.5381181,23425220
12/1/2022,288.0957642,289.9199461,285.7624688,289.9199461,17270904
12/2/2022,286.0595093,289.1564083,285.7201271,287.9261245,8711914
12/5/2022,285.7200928,287.501869,283.5140688,286.4836958,10090597
12/6/2022,286.1867676,286.9503706,283.4716837,283.4716837,6571118
12/7/2022,288.5624695,289.7502935,285.6352482,287.2049141,10191144
12/8/2022,287.1200256,290.3017628,286.3563958,288.6472584,6439244
12/9/2022,289.6654053,290.5987127,286.7806442,288.2654442,8445424
12/12/2022,291.1926575,291.8714485,288.5624395,289.3260425,11646572
12/13/2022,293.2289124,293.5682944,290.5138293,292.2956051,11105261
12/14/2022,293.0592957,294.7138003,291.6593343,293.5683823,7664099
12/15/2022,287.5018616,293.653199,286.7806645,292.507781,8469001
12/16/2022,284.3200989,287.5442419,281.095929,286.3563912,12907968
12/19/2022,288.9017944,290.4714331,284.5322067,285.7624633,8113695
12/20/2022,288.6048279,289.283592,285.7200668,288.5199891,5693354
12/21/2022,284.3624878,289.538111,283.8109953,289.3260006,7316532
12/22/2022,282.0716858,286.2715693,279.9080948,284.7867693,6838031
12/23/2022,277.1929932,281.6050137,276.0475754,280.7565451,10461859
12/26/2022,283.895874,284.3201218,276.174871,277.0233128,9934633
12/27/2022,282.6656189,285.4231085,280.1202129,284.7443443,6986433
12/28/2022,283.7261353,284.2351948,281.2655686,282.4110131,8035558
12/29/2022,284.532196,284.8715781,281.3080263,283.6837275,8417520
12/30/2022,281.3080139,285.7200341,280.4171394,284.5745895,7228324
1/2/2023,282.4110718,283.3867852,279.6959882,280.7565673,6181118
1/3/2023,280.926239,282.8352867,280.205042,281.2656211,6228015
1/4/2023,277.4475708,282.1141083,276.5991021,281.5626158,6947412
1/5/2023,282.920105,283.3019199,278.4656785,278.8474934,8486143
1/6/2023,284.2776794,286.3988376,282.623175,283.9807033,8603181
1/9/2023,286.8230896,289.5806063,285.2110178,285.8897821,11027747
1/10/2023,282.8777161,287.1200323,282.1565191,286.6957846,7217255
1/11/2023,281.5201416,284.3200906,281.0959208,284.3200906,4760847
1/12/2023,279.8656311,283.047368,278.3808313,282.8776904,6894087
1/13/2023,278.932373,281.9020001,276.9384864,279.8656806,14967746
1/16/2023,280.1626282,281.8595385,277.9141984,280.2898998,8571826
1/17/2023,281.9019775,282.9625566,279.2293269,280.1626343,14240647
1/18/2023,283.938324,285.5503957,282.0292761,283.3868045,13039078
1/19/2023,281.8171692,284.7867963,281.3929214,283.3868081,8667564
1/20/2023,283.895874,284.4049606,279.3566083,281.689877,13608325
1/23/2023,286.568512,286.9079209,282.580739,285.083712,7399204
1/24/2023,287.5866699,289.1139026,286.4412521,286.6109297,12776694
1/25/2023,287.8412476,289.3260476,284.4473728,287.5442714,12978859
1/27/2023,293.5683594,295.9864937,289.7502638,290.0048071,21850457
1/30/2023,292.5501709,298.446991,290.0471981,294.3319468,14634225
1/31/2023,298.9560852,301.204515,289.3684675,293.568351,17794183
2/1/2023,306.6347046,310.2830958,279.2293508,299.5076266,67003785
2/2/2023,321.228241,326.4038643,305.7862099,306.804356,57892084
2/3/2023,322.9675903,324.3251185,315.6283761,324.0281693,23153980
2/6/2023,325.3009033,329.3735423,322.076733,324.5373003,26783409
2/7/2023,316.6889954,325.725121,312.6163833,325.725121,21438758
2/8/2023,318.6404114,320.1252111,315.2465373,317.9616204,10821785
2/9/2023,317.5374146,322.4160886,315.7556386,317.3253041,12318006
2/10/2023,315.0768738,319.8282493,314.1859724,315.7980707,10674456
2/13/2023,317.4950256,318.3010615,313.9314733,316.4768794,10282470
2/14/2023,327.8887024,328.9068755,317.1132068,318.1738128,30246745
2/15/2023,329.5971069,330.1576374,326.4494563,329.2090348,12679568
2/16/2023,329.8989258,332.2273313,328.5622511,329.4246245,10151755
2/17/2023,330.6319885,331.6237195,327.0531643,328.6054257,7967611
2/20/2023,331.1924744,334.1676668,328.8209679,331.7530321,8105569
2/21/2023,329.6401978,332.7878483,329.1658965,332.0117314,8577674
2/22/2023,331.02005,331.9255245,327.6999407,329.4246604,9306194
2/23/2023,334.2539063,339.7730636,330.3732394,331.5374558,19555814
2/24/2023,332.0979919,335.4612293,328.5622689,335.4612293,13407431
2/27/2023,329.5971069,333.5640028,326.0613841,332.0979707,8455904
2/28/2023,324.854126,331.365015,323.388121,329.8558818,16997837
3/1/2023,326.5788269,328.044859,322.1807578,322.7412883,8065784
3/2/2023,323.8623657,327.4842904,323.1293497,327.2687038,5212922
3/3/2023,331.9686584,332.3567306,324.3367087,325.1128258,8495772
3/6/2023,334.7281494,338.4794583,332.227286,332.7878163,11126980
3/8/2023,338.393219,339.0400058,332.0979455,334.5988091,9261146
3/9/2023,334.1676636,339.4281059,332.5722741,338.1345594,10005328
3/10/2023,334.5988464,336.4960516,330.7181796,333.6933721,8684320
3/13/2023,330.8475342,337.0997074,329.8558307,335.6336753,9130473
3/14/2023,327.4411926,333.2621654,325.2852727,332.6154059,10623744
3/15/2023,327.1824646,331.4080751,325.9751473,328.5622402,8748113
3/16/2023,328.9503174,329.7264616,324.9834216,328.2173014,16315136
3/17/2023,323.8623657,332.011744,318.7743817,332.011744,50787703
3/20/2023,326.6650696,327.1393709,320.8009682,321.9220564,10512002
3/21/2023,325.0696716,326.6650612,322.5688077,326.6650612,12057999
3/22/2023,325.759613,326.7082157,322.6981911,325.0696978,4958761
3/23/2023,328.260437,330.071413,322.8706373,325.1127863,10127917
3/24/2023,326.5788269,330.2870081,325.9751682,328.9934616,10317108
3/27/2023,327.8723755,331.4943276,324.5522664,325.9320421,11232922
3/28/2023,327.484314,329.7264905,326.1045383,327.8723861,9523719
3/29/2023,330.0714417,331.1494017,325.2421719,327.8723933,10551626
3/31/2023,330.7181702,331.5805436,327.6999042,329.4246237,9877493
4/3/2023,326.7512817,331.1493781,326.4063378,331.1493781,7331070
4/5/2023,333.2190552,333.7795856,326.7512683,326.7512683,12055499
4/6/2023,334.0382996,336.5822642,331.321822,333.4346409,13394394
4/10/2023,335.0731812,336.3236269,331.7961727,334.0383493,7044256
4/11/2023,341.4978027,343.3087789,334.5988694,335.0731707,18939829
4/12/2023,339.3849792,343.0500595,338.134561,343.0069312,10122932
4/13/2023,341.152832,342.0152055,339.5143416,341.0666029,6292395
4/17/2023,345.0766602,346.6720225,338.8244863,338.8244863,11466474
4/18/2023,343.6536865,346.6719798,342.3601401,344.9472603,9860308
4/19/2023,343.8693237,346.1114729,341.4977899,341.5409181,10119480
4/20/2023,345.2060242,347.2325869,342.9638475,344.9473094,6924577
4/21/2023,352.0617981,352.708585,344.1280333,345.2059933,14801099
4/24/2023,352.4498596,353.5709478,348.5691928,353.5709478,6212135
4/25/2023,354.9076538,356.6323735,351.3288024,352.4498907,9180650
4/26/2023,355.511261,356.1580205,352.7516826,355.2956471,7914219
4/27/2023,358.7451172,359.9524344,354.4332779,355.4681095,13100076
4/28/2023,366.9807739,369.3091522,356.7617046,360.4698859,13208557
5/2/2023,366.0321655,368.2311863,363.2294587,367.3688402,10648421
5/3/2023,368.3605957,369.5248123,363.9625261,365.644145,7607609
5/4/2023,366.1615295,368.231193,365.6441,366.7651882,8292456
5/5/2023,369.7403259,372.4567761,365.9459158,367.3256914,12890455
5/8/2023,372.0687256,373.7934725,370.2577769,371.6806808,7522610
5/9/2023,365.4716187,373.5347681,363.4881843,373.2329524,10377820
5/10/2023,366.8082581,367.6706314,364.0918079,365.6009408,10130159
5/11/2023,362.5395813,368.5761682,361.2460348,368.4468108,16597954
5/12/2023,362.5827026,364.5230087,358.788265,362.5395744,11564770
5/15/2023,368.9211121,369.697229,361.3753922,362.1946374,9503538
5/16/2023,365.6009827,370.8183244,365.2129378,370.8183244,8302077
5/17/2023,368.7486267,369.9128158,364.4367868,365.7734615,9844782
5/18/2023,361.9359436,372.9311306,360.5561679,370.8183388,24919291
5/19/2023,362.0653076,364.8680147,354.7351737,363.0139103,26759905
5/22/2023,366.2908936,367.1532397,361.4184958,363.8762588,16015615
5/23/2023,370.0852966,371.8531444,365.816585,367.3688462,9068926
5/24/2023,373.8365784,374.9145383,368.2311651,369.3522532,11921823
5/25/2023,380.4337463,381.5548073,374.9576897,376.8117941,18905572
5/26/2023,382.5465088,383.5382396,379.0108133,382.3740232,13496209
5/29/2023,387.2895203,389.6179258,382.9776805,383.7538247,20589822
5/30/2023,396.6940918,398.0607904,388.8466199,388.8466199,19627897
5/31/2023,392.8144226,398.545743,390.1251223,396.1650377,14821960
6/1/2023,387.7003174,394.1370211,387.0830996,394.1370211,9142172
6/2/2023,390.962738,392.2853675,387.7884832,387.9648431,9558309
6/5/2023,388.5379333,394.004727,388.0529786,392.3735027,7427630
6/6/2023,390.4337158,391.1390996,388.3175366,388.6702285,6703067
6/7/2023,391.4477234,392.9466569,390.3896198,391.4917924,7833952
6/8/2023,390.5219116,393.0348799,389.6401679,392.9907829,7294955
6/9/2023,386.598175,392.1090385,383.6884458,383.6884458,7329661
6/12/2023,385.2755737,388.8025208,382.5421765,387.964874,9054977
6/13/2023,392.7262573,393.6080011,386.465913,388.8466184,16732376
6/14/2023,391.9326782,394.7983103,391.2713635,393.4757087,9039402
6/15/2023,395.1069336,395.6800544,392.1531076,392.3735366,7787525
6/16/2023,399.5155945,401.7199396,394.9305444,395.900454,12181426
6/19/2023,399.9564819,401.9844952,398.7661433,400.9704886,4350517
6/20/2023,399.2951965,401.014559,396.9144914,401.014559,4644353
6/21/2023,394.1811218,400.4855631,392.4176623,398.5457436,6292873
6/22/2023,394.710144,396.4736314,393.1230166,395.018739,6892713
6/23/2023,392.1531067,394.7101438,390.3455503,394.5778809,6325479
6/26/2023,392.9907532,398.0166614,391.4917917,394.0488288,5688287
6/27/2023,392.4617004,394.3133538,390.74231,393.3434441,5052984
6/28/2023,396.209137,397.3113097,391.9327091,392.373567,12548096
6/30/2023,398.1930542,398.5016491,393.7843354,396.7822586,9456776
7/3/2023,408.4652405,410.8459175,396.8262973,398.1929957,11111199
7/4/2023,411.1986389,412.6535314,405.4232778,410.0083003,8022597
7/5/2023,418.9138489,423.8075222,409.3910841,411.1986405,16878943
7/6/2023,417.8557739,420.9418629,414.8578789,420.8977659,9835812
7/7/2023,413.0062256,419.2665695,412.3008139,417.0622242,7605499
7/10/2023,410.757782,415.2105695,408.8620316,414.4169918,6772454
7/11/2023,417.194519,418.4289268,410.8900777,410.8900777,8783282
7/12/2023,416.4450378,421.2504896,414.8138133,421.2504896,12816220
7/13/2023,416.180481,420.3687425,415.2987373,417.8557744,8214385
7/14/2023,416.9740295,418.8256829,415.607331,417.0622235,5277090
7/17/2023,416.4890747,419.5310667,414.9460442,418.384825,6325310
7/18/2023,416.6213379,418.1202994,415.2987363,416.6654349,5558415
7/19/2023,422.2203979,423.6311655,412.7417021,416.8417698,14401395
7/20/2023,433.9474792,435.3141777,419.9719278,423.1461825,21030102
7/21/2023,432.4485474,438.8411543,429.4065553,433.638886,14510084
7/24/2023,415.6073303,440.6046368,412.7857673,435.0937457,40477929
7/25/2023,407.6276245,413.0943907,401.5436126,412.5653389,45211370
7/26/2023,416.4009094,417.0622242,407.4071685,409.9201366,18842179
7/27/2023,410.0523987,418.9579457,406.5695209,418.2966589,14528232
7/28/2023,413.0503235,413.9320672,408.5975636,412.3890366,10362522
7/31/2023,410.6254883,414.1524348,408.6856691,413.5352171,8510403
8/1/2023,409.8319702,413.4029861,408.9502265,410.8900459,6686176
8/2/2023,405.6877441,409.8319364,403.8360909,409.6555765,10715605
8/3/2023,402.1167297,408.9060969,400.5736714,405.6877453,11026824
8/4/2023,401.1468201,406.8340431,400.5296023,402.3371866,7097614
8/7/2023,401.1027832,402.5576478,397.6199052,400.3973994,9513953
8/8/2023,398.8543091,402.9544046,397.7080395,402.9544046,6638681
8/9/2023,404.4092712,405.5114439,394.0488318,398.8543111,10134166
8/10/2023,398.3252869,404.98242,395.9005125,404.6297281,13702317
8/11/2023,395.6800232,400.2209763,392.1530767,400.2209763,12028396
8/14/2023,396.0768433,397.8843997,392.4176335,395.6800544,7854074
8/16/2023,397.002655,403.3070958,395.1950986,397.6639698,15494896
8/17/2023,388.8465881,396.7822254,387.9648445,396.7822254,16896158
8/18/2023,389.4197083,390.9186697,386.6422422,388.8465874,20068497
8/21/2023,394.8424377,395.4596556,389.1552143,389.7283631,9940689
8/22/2023,400.5296326,401.3232103,394.1370533,395.9005128,10234488
8/23/2023,397.1790161,401.7640386,395.5477917,401.7199695,8770272
8/24/2023,397.5758057,399.8683169,396.1650102,397.3112798,6322751
8/25/2023,390.9187012,397.6640003,389.7724315,397.5758344,9628041
8/28/2023,389.1992798,394.0047591,388.8465879,392.3735347,7176903
8/29/2023,388.0530396,391.4918206,387.2594897,390.5660078,9845106
8/30/2023,390.4337158,391.4917915,388.4057026,388.8465884,7648569
8/31/2023,387.7003174,392.2853677,384.5260625,390.6100464,20666732
9/1/2023,388.890686,392.3735641,386.4659117,387.9648733,11879159
9/4/2023,385.7604675,390.9186383,385.0109869,390.9186383,14128562
9/5/2023,390.6982422,391.9326778,386.6422436,386.9949355,8701612
9/6/2023,394.533783,395.4596236,389.7283316,391.447722,13358433
9/7/2023,393.1670837,395.9004526,392.0208142,395.7241207,8401953
9/8/2023,390.3014221,394.9305412,389.5960384,394.9305412,10322317
9/11/2023,394.3133545,395.1069322,390.3014529,393.2552788,9679540
9/12/2023,397.7962341,400.5737002,392.9025888,395.8123178,14961276
9/13/2023,399.8683472,402.9544363,397.7521677,398.7220775,12268130
9/14/2023,396.7380981,401.9844629,394.2692551,401.9844629,14986708
9/15/2023,395.3273926,398.6339107,394.1370539,395.0628667,15657801
9/18/2023,398.5897522,400.3091425,393.4315814,395.3273316,8513132
9/20/2023,399.3833618,401.2790842,396.3854389,398.2811892,10343224
9/21/2023,394.5778809,399.912384,391.9326778,399.2510972,11132308
9/22/2023,390.6982422,395.3714586,389.9487615,394.5778809,7795399
9/25/2023,390.2573547,392.1971741,386.509979,390.6982405,6005673
9/26/2023,390.1251221,391.9327065,387.7003477,391.1391288,5533023
9/27/2023,396.0327454,396.6058662,386.9067695,390.1250934,10894817
9/28/2023,388.6261597,396.7381289,387.612153,396.7381289,10610213
9/29/2023,391.8444824,392.902586,387.25946,389.7283311,8474326
10/3/2023,387.7444458,390.5219121,387.30356,388.8466185,7770032
10/4/2023,384.5260315,389.4637733,382.0571606,387.7443831,13912656
10/5/2023,384.4819946,388.4057305,383.6002788,387.9648726,10416552
10/6/2023,389.8605652,391.1390977,385.0110169,386.0690925,8742804
10/9/2023,388.3616638,390.7864382,385.5401006,388.8025217,5827256
10/10/2023,391.8444824,392.2412713,388.3616326,388.3616326,5207891
10/11/2023,395.2391968,396.2972724,392.1971769,394.3133561,7946195
10/12/2023,397.3994751,398.9866027,393.3875732,396.4736623,12227957
10/13/2023,395.3273926,398.3693848,394.1370539,396.6499942,7926432
10/16/2023,395.8564148,397.6639712,393.4316127,395.0187401,4377288
10/17/2023,399.8242188,400.7500594,395.9004831,396.6058669,7203352
10/18/2023,398.2371216,404.012511,397.6640007,400.529633,7160492
10/19/2023,397.1349182,401.1027508,394.0047603,396.5617974,9830006
10/20/2023,386.4659119,395.9005113,385.6282651,392.3735642,13521824
10/23/2023,384.349762,387.9208062,381.8809184,386.2014156,7555671
10/25/2023,381.5281372,386.2013535,376.546326,385.2314439,11308597
10/26/2023,382.9830017,384.9668899,378.7506436,378.7506436,19525305
10/27/2023,382.4539795,385.1432795,381.087281,382.9830313,13638258
10/30/2023,379.544281,385.4519054,377.6926275,383.159394,7911426
10/31/2023,377.7366638,382.1012852,377.295806,379.1474593,8952141
11/1/2023,377.4721985,380.1174018,375.1796592,379.147492,8297973
11/2/2023,380.161499,381.5281697,377.9571536,379.1915893,8465990
11/3/2023,382.0131226,383.0271293,380.1174001,381.6163616,14334179
11/6/2023,383.8647766,385.1433092,381.3959332,382.23358,7589690
11/7/2023,381.5281372,383.4679845,381.0431824,383.4679845,5321353
11/8/2023,385.2755737,385.7605286,381.1754779,381.9249587,7248663
11/9/2023,383.0270996,386.2013545,382.5862417,386.0250225,8085620
11/10/2023,384.9228516,386.2013561,381.3518078,383.0271013,4236307
11/13/2023,384.4379272,386.5540787,383.5561835,386.5540787,3888975
11/15/2023,389.6842346,390.1691895,385.760499,386.2895508,7722827
11/16/2023,386.7745056,391.9326768,385.848665,389.6842346,11276031
11/17/2023,387.3035278,389.2874441,386.4658811,387.3035278,6911592
11/20/2023,385.14328,388.2293689,383.1152947,387.8325801,4502356
11/21/2023,384.6583557,387.347656,383.9970409,385.4519055,6228803
11/22/2023,387.7003174,388.3175352,383.3797929,385.3196402,5074887
11/23/2023,388.2734375,389.9487589,386.4218121,388.8024893,6611803
11/24/2023,386.0250244,389.94876,385.1873777,388.8465874,7084608
11/28/2023,383.7766113,387.0831294,383.4680164,386.2013857,9082513
11/29/2023,385.4960022,386.6422719,382.8067019,384.4379265,14316126
11/30/2023,384.2615356,386.5981438,383.115294,385.0551133,15710110
12/1/2023,396.605835,397.6198415,385.6723036,386.1131614,20081576
12/4/2023,400.3532715,402.4253538,397.6639714,401.1909182,13293194
12/5/2023,398.3252869,403.6598184,396.8704223,401.1909471,12603697
12/6/2023,408.4652405,409.567413,398.6338535,400.2209809,21203900
12/7/2023,403.9243164,409.8319684,403.3070986,409.7878714,11746535
12/8/2023,396.0327454,407.0104025,395.4596245,405.5555101,19386851
12/11/2023,398.9424744,399.956481,396.1650083,398.1048276,6854157
12/12/2023,399.5155945,405.599578,398.8542798,400.4855041,10549319
12/13/2023,401.7640686,404.5856318,399.5156542,402.3372174,11718443
12/14/2023,405.6877441,406.4813218,396.2972431,405.5995782,14924265
12/15/2023,404.0124817,408.2007432,401.1909187,407.2749026,16397959
12/18/2023,398.2371216,402.0726915,397.0908519,401.1909478,12490839
12/19/2023,402.1608276,403.8361211,398.5897839,399.7360535,10664235
12/20/2023,397.6639709,404.9382935,396.1650095,404.7178645,10766954
12/21/2023,398.060791,400.0887765,391.8886127,395.9005146,11584223
12/22/2023,401.3672791,401.9844968,397.2671835,399.4274318,11450973
12/26/2023,402.4694824,404.6297309,400.9264239,402.1167905,6097422
12/27/2023,403.0425415,404.276977,400.0887157,402.9543755,7833901
12/28/2023,409.2147827,409.7438066,402.1608606,403.1307703,21493169
12/29/2023,407.4512634,412.5653377,406.7899487,409.2147508,13384631
1/1/2024,412.6976013,414.3729227,407.9362189,408.6856997,9706230
1/2/2024,414.7255859,415.6073016,408.7738374,414.4169631,10924918
1/3/2024,420.8096008,423.8515928,413.8438731,414.6374229,24961710
1/4/2024,420.0601196,424.5129071,418.1203003,423.2343746,12240910
1/5/2024,417.8998718,422.7053512,416.1804814,422.7053512,9564086
1/8/2024,410.4491882,419.2665693,409.6115136,418.8256835,8311403
1/9/2024,409.6115417,414.3729524,408.8179919,412.212676,5916180
1/10/2024,408.5093384,411.5513583,405.6437063,409.611511,6123200
1/11/2024,407.9362488,411.3750299,406.5695502,409.2147814,6786448
1/12/2024,411.5072937,412.3890375,405.9082642,408.4653015,9714589
1/15/2024,412.3008118,414.8578769,410.9782102,414.416991,7167978
1/16/2024,416.4450378,418.8257153,409.3470467,412.4772049,12531058
1/17/2024,411.4190979,420.5891708,410.1846623,415.6514285,11536527
1/18/2024,410.4491882,412.5212705,400.7941325,410.2287314,9495938
1/19/2024,415.7395935,417.062223,411.242737,413.1384873,12673308
1/23/2024,404.9823914,417.723508,402.4253542,417.723508,8728196
1/24/2024,408.7738647,412.1244796,403.9243164,405.6877758,22459072
1/25/2024,401.7640686,409.9642324,398.6339104,408.7298247,20435547
1/29/2024,396.605835,403.1748011,394.5778498,401.9844626,18557346
1/30/2024,386.2454529,400.044645,385.6723321,394.1370211,45190319
1/31/2024,389.331543,390.1691897,386.8185749,387.9648445,20648695
2/1/2024,390.5219116,394.7983395,387.3476565,389.7283618,19903526
2/2/2024,388.0530396,394.3133838,387.5240157,392.3735644,17816750
2/5/2024,386.2454529,391.1831951,384.9228513,389.7283306,12505666
2/6/2024,380.3818665,388.7583608,378.7065452,387.9648112,19487043
2/7/2024,380.7345886,383.5561516,379.8528449,383.5561516,13376903
2/8/2024,371.1029358,384.1280082,365.7765334,384.0384967,50039587
2/9/2024,371.9533691,379.741579,365.7765365,367.1193225,33527317
2/12/2024,364.2099304,374.1913566,363.4937817,373.7885122,11326971
2/13/2024,364.1204224,367.7459645,361.032006,364.2547038,16207766
2/14/2024,368.4173584,369.0439956,362.0167046,363.4490304,12618012
2/15/2024,361.5691528,371.1029654,360.8977456,369.7154093,21169031
2/16/2024,362.1957703,366.6269727,357.5407465,362.5538446,38963810
2/19/2024,366.3583984,369.4915847,362.195759,362.5538334,17602580
2/20/2024,363.5385742,367.4326794,361.9272252,367.4326794,14626643
2/21/2024,361.0768127,367.1193646,359.2416423,364.3442524,20162369
2/22/2024,371.0133972,371.6400344,361.1662534,364.2546694,19321180
2/23/2024,368.2830811,372.311439,367.4773924,372.311439,11576964
2/26/2024,366.3136597,369.7601503,364.6127709,368.01452,8289561
2/27/2024,368.0592651,369.491591,365.7317675,367.0298119,8083518
2/28/2024,365.5079651,369.1335071,364.1651791,368.0592556,8949664
2/29/2024,363.7175598,367.969739,362.106211,366.1345972,15468800
3/1/2024,366.5821838,369.8496514,364.791812,366.0450865,12873024
3/4/2024,366.2241516,369.670671,365.6422842,369.0440337,7103794
3/5/2024,363.5832825,368.2830759,361.6138593,366.7164687,10108373
3/6/2024,365.1051331,366.9850448,358.7045074,363.8966285,11534613
3/7/2024,370.2077637,371.4610383,361.34533,365.1051538,23907135
3/11/2024,366.4927063,374.4599397,365.2394317,373.1171536,18298683
3/12/2024,362.0614929,363.8966348,357.4959807,363.8966348,36226074
3/13/2024,378.1749268,392.0951977,377.0111923,389.409626,105525827
3/14/2024,375.6684265,380.9053175,374.1913591,377.7273897,31949569
3/15/2024,375.1760559,383.6356444,371.7295653,373.4751956,76074975
3/18/2024,373.6990051,376.6083985,373.2066493,375.0865611,16547358
3/19/2024,366.6269226,375.5788661,365.866004,374.1913103,21803126
3/20/2024,372.1324463,372.9828765,366.6269921,367.0298364,20364534
3/21/2024,377.1007385,377.7721173,372.5799964,375.0865454,19968509
3/22/2024,383.6804504,384.6203922,377.1007731,377.1007731,40358503
3/26/2024,382.8299866,384.2175425,380.9500749,380.9500749,10669833
3/27/2024,383.1433105,383.9489992,381.7557546,382.2481104,12698464
3/28/2024,383.4566345,387.8430669,382.2481016,383.1433017,29009002
4/1/2024,381.9795532,386.1421925,381.1290947,384.1279994,9743648
4/2/2024,381.2186584,383.7699491,380.0996653,383.7699491,9194659
4/3/2024,380.6367493,383.8594754,376.8769541,381.3529264,13152268
4/4/2024,378.4435425,382.5614405,375.8922519,380.9500915,19065447
4/5/2024,382.7404785,386.455532,375.9369803,378.2197364,16768902
4/8/2024,384.1279907,386.1869537,382.9194862,383.411842,8844633
4/9/2024,381.6662292,386.2764829,380.9500805,385.3365412,6967273
4/10/2024,391.1553345,391.9162532,381.1291376,383.4118939,14547618
4/12/2024,385.0232239,390.081092,383.4118749,389.4096848,18785009
4/15/2024,381.2633972,384.1727906,378.5778251,383.143309,9083087
4/16/2024,381.2633972,382.2481089,378.846388,378.8911296,10357752
4/18/2024,374.952301,382.1586158,373.8780778,381.3529554,22133191
4/19/2024,380.2339478,381.5767338,372.400996,374.191368,17221280
4/22/2024,380.7263184,382.7852533,378.9806879,382.2481275,7386048
4/23/2024,384.2175293,385.3812639,380.5472175,380.7262689,12484384
4/24/2024,383.9490051,385.6498656,383.4118794,384.2623096,6070285
4/25/2024,391.6924438,392.3638227,384.0385151,385.8289154,30337038
4/26/2024,393.8856201,396.8397548,390.6629226,393.214213,15342965
4/29/2024,392.2743225,396.0788878,389.0516245,395.6760719,12075706
4/30/2024,389.9915466,394.3332375,389.4991908,393.8408817,12528665
5/2/2024,392.990448,396.2131458,389.2753944,390.304876,24123523
5/3/2024,390.7077026,393.9304289,386.1422187,393.9304289,23786388
5/6/2024,389.1858826,394.2884921,387.9326081,392.0952475,10753860
5/7/2024,394.1989136,399.2567811,389.5886603,391.1104975,26969062
5/8/2024,394.7808228,398.0930318,392.2742739,395.0046157,10916481
5/9/2024,380.5472412,395.2284326,378.9806623,393.9304165,24314298
5/10/2024,387.9325867,390.6181586,381.8004959,381.8004959,14524604
5/13/2024,386.5898438,389.8125417,384.4861105,387.84309,7584217
5/14/2024,384.6651001,387.8877975,383.6356186,385.3812488,11423749
5/15/2024,382.9642639,387.843052,382.0242939,385.6050659,7856433
5/16/2024,386.23172,387.2612015,378.5778198,384.9337039,23911954
5/17/2024,390.5734558,391.647679,383.9490086,387.082195,11894830
5/21/2024,389.2306213,391.2895845,387.7983238,390.3048728,11175153
5/22/2024,393.7961121,395.6312538,389.7677259,391.5133561,11036895
5/23/2024,395.0941467,398.2721029,390.7972259,395.1389167,27244733
5/24/2024,390.4838867,396.0788519,389.6782265,394.7808359,13252938
5/27/2024,386.2764893,392.9009362,385.5603405,392.8114247,12282545
5/28/2024,384.0385132,387.1716996,383.367106,386.8136252,9668761
5/29/2024,385.7841492,387.0821937,380.9053324,380.9053324,10832067
5/30/2024,379.4282227,385.7841063,378.0854367,383.5908902,21314885
5/31/2024,381.7557068,384.5308184,379.7862837,382.0242696,29300711
6/3/2024,385.2469788,389.3201348,383.7251699,388.5144462,16116836
6/4/2024,378.5358887,388.6557312,367.2764561,388.382218,47791986
6/5/2024,392.3024902,397.4991534,381.1342196,384.735399,28197030
6/6/2024,396.9521179,399.0490039,393.0318303,397.4991442,32318523
6/7/2024,400.3709717,402.6502093,393.0318275,393.3053407,29543660
6/10/2024,398.3196716,402.0576366,397.3624045,401.1459357,11872688
6/11/2024,394.7640686,399.1402214,394.0803146,398.4108723,13158571
6/12/2024,394.125885,396.0404483,392.2113217,392.5304301,10751658
6/13/2024,392.3024902,398.319664,391.8010591,398.319664,9641349
6/14/2024,393.0774231,393.7611771,391.16286,392.9406665,9572809
6/18/2024,390.8893738,395.8581192,390.3879426,394.7640665,14641141
6/19/2024,386.2397156,392.7127252,385.6926893,392.0289712,11329972
6/20/2024,385.9206238,388.8380493,384.2795737,386.6044067,15147549
6/21/2024,382.5473633,387.7440266,381.5900672,387.4705135,26176371
6/24/2024,385.9206238,386.5132164,382.9120368,382.9120368,9723008
6/25/2024,385.9206238,386.5588115,382.6841188,385.6471106,10655609
6/26/2024,386.5132141,388.7468856,384.7810026,385.6471084,11511714
6/27/2024,388.0175476,389.5218411,383.9149079,386.5132252,38438054
6/28/2024,387.379364,390.2055993,386.1029885,387.9263615,18554411
7/1/2024,391.1629028,392.2569266,387.1514244,388.6557469,13391362
7/2/2024,387.9263611,392.6215934,385.2368535,392.0290008,11177863
7/3/2024,390.4790955,391.7098758,387.9263445,388.4733708,7435499
7/4/2024,391.1629028,393.3965456,389.3395009,392.0290086,9478861
7/5/2024,395.3566895,395.6757689,389.8409177,391.1172932,13427543
7/8/2024,404.4280396,405.2941453,395.3566835,396.7242204,21311436
7/9/2024,412.6333313,414.8214079,404.7927548,408.0748552,27489709
7/10/2024,411.5848694,415.1404827,407.07196,413.6361603,12065662
7/11/2024,418.1490784,418.9240227,409.0776931,410.2629072,19556596
7/12/2024,418.5137329,422.3428593,415.5963074,418.1490583,19693114
7/15/2024,422.4796143,425.2602832,416.8270861,418.5137313,16876907
7/16/2024,424.4397583,425.533811,420.6562269,422.525195,13497253
7/18/2024,428.7247314,429.3173529,421.7958563,422.1149646,21907158
7/19/2024,432.644989,437.0667368,427.9497569,429.4084841,25939326
7/22/2024,425.3514709,437.1123351,424.7132832,432.6906159,18762384
7/23/2024,448.7364197,453.477247,425.2146925,425.3514491,56125835
7/24/2024,450.4230652,465.5572192,447.3233168,452.2008718,43693692
7/25/2024,446.6851196,452.2008623,441.853131,446.7306859,18567567
7/26/2024,457.8534241,461.6825218,444.3603194,450.4230888,21534703
7/29/2024,452.24646,461.5001676,450.4230582,460.8619799,12978187
7/30/2024,446.6395264,453.8419142,445.4999075,452.4743773,13891052
7/31/2024,451.6082764,453.9786756,447.1865574,448.964364,11982586
8/1/2024,450.1040039,452.884673,447.5968191,452.1552949,12114803
8/2/2024,445.9101868,455.3462174,441.9898989,441.9898989,22141163
8/5/2024,443.0839233,448.4629384,437.2034771,437.659342,25022076
8/6/2024,443.3574219,448.2805719,441.3061021,443.3118267,14251363
8/7/2024,449.146698,451.8362056,444.9984921,446.7307036,11320399
8/8/2024,451.0612488,454.0242694,449.009929,450.3774948,21349889
8/9/2024,452.1097412,454.0243046,449.5569901,454.0243046,9556181
8/12/2024,450.9244995,455.8476497,448.5541003,448.5541003,9425644
8/13/2024,446.7307129,453.8875349,445.1352579,452.1552944,8056478
8/14/2024,448.7364197,454.9359742,446.6395336,448.5085017,9609981
8/16/2024,458.2636719,459.676804,449.1467201,450.8333654,13643352
8/19/2024,457.1696167,464.3264095,455.4829715,460.1782037,10591508
8/20/2024,454.7536011,458.9474019,453.7507388,456.7593256,6888634
8/21/2024,460.7708435,464.0529438,454.9815585,455.8476642,8801221
8/22/2024,459.9958801,463.5970597,457.169616,463.0044671,8686423
8/23/2024,461.135498,462.1839266,455.8020782,460.4517152,8195369
8/26/2024,461.0443115,463.1412265,457.67105,461.3178247,8126402
8/27/2024,456.3946838,462.7765614,455.8476575,462.7309662,8260450
8/28/2024,453.3860779,457.9445534,452.6567287,456.2123131,8081932
8/29/2024,460.4973145,462.8677137,453.4316541,454.0242756,19389694
8/30/2024,457.579895,464.1896905,456.0300064,457.6254613,15523349
9/2/2024,465.0101929,467.608539,458.8562624,459.4944501,16497266
9/3/2024,464.4176025,470.3892102,463.0500656,465.0101951,12481552
9/4/2024,461.6369629,465.0102247,455.8021114,455.8476777,8739052
9/5/2024,466.0586548,466.6968425,462.2751235,463.4603086,11318636
9/6/2024,457.3975525,466.7880172,453.2493465,466.7880172,14245025
9/9/2024,466.5600891,467.3805997,456.1667623,457.6710558,14265060
9/10/2024,468.2467346,469.5230812,463.8249866,466.696846,11332248
9/11/2024,468.930481,473.6257131,466.7424046,467.6997006,15497555
9/12/2024,473.6257019,474.5374028,463.6426452,469.6142527,19085324
9/13/2024,468.4746399,474.081544,466.7879947,473.625708,9165077
9/16/2024,465.9674988,471.3464851,464.6911233,470.3436227,7821668
9/17/2024,462.9132996,468.2011242,461.5457338,465.9218865,10889862
9/18/2024,462.5486145,467.1526854,460.4973235,463.0044794,5638729
9/19/2024,463.3691406,469.3407483,462.6853577,464.9645955,14461616
9/20/2024,468.9760742,471.6655817,463.1412232,466.7879978,24725118
9/23/2024,471.3008728,473.5801106,468.2467196,469.9333359,8105508
9/24/2024,469.7510071,472.0758111,468.7481448,471.3464619,7015487
9/25/2024,471.8479309,473.4434148,467.0615371,469.9789627,8802667
9/26/2024,476.5887451,477.500446,471.3464865,471.9390791,16086557
9/27/2024,476.5431213,481.8309459,474.3094788,474.3094788,17916386
9/30/2024,472.3949585,478.0474581,468.6569933,474.6286013,10936940
10/1/2024,470.6171265,473.8536314,468.6114018,472.3949331,5285319
10/3/2024,467.4717712,470.1612498,463.2323752,463.6426449,16481353
10/4/2024,459.0841675,471.6655702,457.2607657,464.9645847,18930962
10/7/2024,465.1469421,469.4774997,462.0015986,462.2295166,17114457
10/8/2024,463.0956116,467.2894124,461.317805,464.9645796,9868331
10/9/2024,448.2805786,464.7822693,447.2321211,464.7822693,24874940
10/10/2024,448.5997009,451.8818011,446.2292728,451.6082879,13292273
10/11/2024,445.0896606,450.3319193,444.3603115,449.4658136,14949380
10/14/2024,453.0669861,454.9359831,445.4999234,447.6424046,6970606
10/15/2024,454.5256958,455.3006401,450.833326,454.0242647,8347216
10/16/2024,449.6481323,454.7992295,448.873188,452.2008833,6939430
10/17/2024,445.7278137,451.2891514,444.9073032,451.2891514,7669729
10/18/2024,443.7221375,448.1438568,436.1550744,445.5911056,22616838
10/21/2024,440.9414368,444.5426452,435.1977471,443.7221057,7680088
10/22/2024,439.2547913,445.271994,438.3430904,440.9414365,12772970
10/23/2024,437.9328613,440.62234,437.157917,438.5254539,10553961
10/24/2024,430.0466614,439.8017999,428.4967728,439.4371253,13596626
10/25/2024,439.7106628,449.9216379,432.3259231,433.7846214,32154050
10/28/2024,441.3972473,442.992731,433.9669418,439.3915228,8946214
10/29/2024,444.8617249,446.0013437,438.7989558,442.1722173,7131161
10/30/2024,448.1438293,449.693718,443.5397586,444.8617292,6640080
10/31/2024,445.6366882,449.4658148,441.8987231,448.5541139,8111694
11/1/2024,447.0042114,448.6452615,446.0925105,447.6423992,1517892
11/4/2024,441.8075256,449.876019,437.2034551,449.876019,8754385
11/5/2024,437.7960815,442.2178004,434.8330609,440.3032373,7610046
11/6/2024,438.6166077,441.6252235,435.7903724,437.7960971,11749720
11/7/2024,435.6991577,440.0753102,434.0581077,439.2092045,9267980
11/8/2024,435.8359375,438.2519319,432.690594,435.6991809,6325023
11/11/2024,434.8330383,438.9812438,432.2347213,435.8359006,5700343
11/12/2024,431.0951538,435.744791,429.5452651,435.4257116,5236095
11/13/2024,430.5025024,432.7817402,426.901323,428.542373,11548660
11/14/2024,424.8044128,431.1862901,421.4311514,429.5908352,12087836
11/18/2024,425.3514709,426.4910899,421.2032649,424.8500398,8448573
11/19/2024,426.0808105,431.9156618,425.0779482,426.673432,7121472
11/21/2024,416.7815247,423.0722117,415.1860409,420.2915428,20313155
11/22/2024,432.7361755,434.4227918,415.2771891,415.9153768,20214206
11/25/2024,434.6963196,439.6194698,430.6848703,436.7020442,14427013
11/26/2024,434.8786926,440.0297611,432.2347801,437.6137666,6791715
11/27/2024,434.8330383,437.7048974,431.2318591,435.3344694,7339184
11/28/2024,432.9641113,441.0782003,428.9982283,434.8786746,14967609
11/29/2024,434.6507874,436.610917,430.8672269,431.4142532,8668142
12/2/2024,435.0610046,436.9755679,431.5965816,433.9669809,5689595
12/3/2024,430.8216248,431.5965691,421.8869964,424.8500171,23073942
12/4/2024,425.8528748,435.9726881,425.214687,432.5082652,13957078
12/5/2024,426.2175598,431.0039535,421.6590842,426.263155,27432375
12/6/2024,429.5452271,433.0096787,426.3998837,428.4967696,7842234
12/9/2024,423.8927307,430.3202034,422.0693578,429.8643385,12154116
12/10/2024,424.3485718,425.2602726,421.7502258,424.2574104,9163636
12/11/2024,424.1662292,426.8557367,423.6647981,425.9440359,7005617
12/12/2024,419.9268799,426.5822417,418.6049092,424.3941942,13380617
12/13/2024,428.4967957,432.5082739,411.7671866,419.3798444,32976794
12/16/2024,428.5879822,432.5082992,426.6734477,428.7247388,9354160
12/17/2024,428.0865479,433.7846427,422.160535,428.4968176,20608409
12/18/2024,428.9526367,431.9612235,425.6705079,430.9583613,12841386
12/19/2024,425.3514709,432.4626979,424.211852,427.5851137,15161531
12/20/2024,423.6192322,426.1719831,418.7416483,425.3058485,20231570
12/23/2024,432.3715515,435.5168953,426.308753,429.5908823,19562956
12/24/2024,436.200592,437.841642,430.9127675,432.9640872,12009880
12/26/2024,434.8330383,439.3003521,433.9669327,438.1151382,9188830
12/27/2024,436.3373718,439.3459877,433.9669726,437.3858293,16906420
12/30/2024,434.8786926,438.9357373,433.9669917,438.2975495,13578360
12/31/2024,440.9414368,441.8531377,432.6449962,436.2006095,13787501
1/1/2025,441.2149963,443.858909,439.5739461,443.0839646,18931186
1/2/2025,445.8645935,446.7306993,439.710663,442.4913319,27131131
1/3/2025,439.0724792,447.6424043,437.4769954,446.9586214,38500784
1/6/2025,419.1043091,437.188337,417.7787844,431.365477,22009958
1/7/2025,417.6367798,423.7910283,416.7373011,421.8027269,14294780
1/8/2025,425.6372681,428.0042866,413.8495329,419.435691,13482926
1/9/2025,426.15802,436.1468266,422.3234327,425.4952433,19732649
1/10/2025,421.2346191,427.9569577,418.9622871,426.016014,9145729
1/13/2025,415.6958008,420.3825092,411.8612422,411.8612422,17799607
1/14/2025,413.3760986,418.0154489,412.6659931,417.5420452,18048459
1/15/2025,414.0862427,418.2995185,412.1926278,413.3761371,9786805
1/16/2025,409.825592,416.0745267,408.1686791,414.7489732,15774070
1/17/2025,416.784668,418.2995368,409.4942388,409.9676425,11270061
1/20/2025,414.4176331,417.7314591,412.8080488,415.6484712,8742771
1/21/2025,414.2755737,423.2229154,412.0979282,414.7016486,15686500
1/22/2025,413.7548523,418.4415607,413.3287774,416.5005881,9619648
1/23/2025,416.784668,418.3468945,411.0091365,411.8612575,8888248
1/24/2025,418.1101685,421.329308,415.6957922,416.0271805,9665384
1/27/2025,416.6899414,421.3292919,413.3287578,417.3526892,10480203
1/28/2025,412.287323,418.2995273,411.3878443,416.5952854,20813072
1/29/2025,410.2990112,414.2282563,407.221887,412.7607164,15158510
1/30/2025,412.9974365,414.7016784,408.500101,409.967641,22496695
1/31/2025,423.6963501,424.3591269,411.955943,413.2814677,13546181
2/1/2025,437.9457703,446.4197084,416.1691991,424.1697336,30393007
2/3/2025,430.1819763,440.4548431,428.2410037,437.4250476,16991730
2/4/2025,430.9393921,435.8628022,424.8798304,433.637799,18923681
2/5/2025,424.3117371,431.6021657,422.7495106,430.939389,12836283
2/6/2025,417.6367798,426.0633605,414.8910439,426.0633605,17469129
2/7/2025,407.9319763,421.802699,405.6122866,416.5952583,18875982
2/10/2025,404.4761658,410.2516683,403.813389,404.2867927,12227140
2/11/2025,396.04953,407.6479209,395.2920957,405.9910079,14288751
2/12/2025,394.222229,397.9730568,392.0102106,397.3479237,13884574
2/13/2025,394.0299072,398.1173543,393.3566689,394.2703453,12989029
2/14/2025,394.5588379,400.2812752,392.7795905,396.0014662,14124236
2/17/2025,392.9719849,395.6648795,391.1927373,394.12607,11975265
2/18/2025,389.7500916,395.1359099,388.5479013,392.3949102,12998403
2/19/2025,390.8561096,393.1643092,389.0287862,389.3173001,7079032
2/20/2025,386.6724854,388.4517329,381.0462581,384.6528291,15355585
2/21/2025,385.5664368,387.8265602,383.9314757,386.6724459,8240986
2/24/2025,386.5282288,387.9708572,383.498715,384.7009053,7037625
2/25/2025,389.365387,391.4331483,385.181759,386.6243873,15760891
2/27/2025,386.2396851,390.9522649,384.2199996,389.3653797,19051003
2/28/2025,379.8921204,387.1052619,377.1992259,383.7391292,31954776
3/3/2025,382.2484436,383.7391479,376.237492,380.8058152,10702826
3/4/2025,379.7478638,382.0079873,377.8243594,380.2768157,13404774
3/5/2025,389.5577087,396.9632123,379.411235,379.411235,15665018
3/6/2025,390.1828918,394.0299008,385.2298444,393.5009194,17869996
3/7/2025,388.4517212,390.3271498,386.3358839,388.115102,11180761
3/10/2025,389.5096436,391.288891,385.0855775,385.7107106,9785018
3/11/2025,390.6637573,392.7795946,385.8549963,386.1435102,11099475
3/12/2025,396.6266174,397.4921886,388.5479045,390.856104,13844306
3/13/2025,396.289978,398.5501015,392.5872556,397.2036543,8196569
3/17/2025,392.3468323,400.329364,391.4331559,397.2036693,5257805
3/18/2025,393.4528198,396.1938194,392.1544485,394.3183909,13861897
3/19/2025,387.6342163,395.0397201,387.2014454,394.3184059,12830387
3/20/2025,388.4998169,391.0965303,386.5282073,389.509645,16994037
3/21/2025,390.0386047,391.9140333,386.3358821,390.4233291,25302035
3/24/2025,395.1839905,397.0594191,390.0867153,391.4331626,14362572
3/25/2025,394.1260376,399.3675988,393.0681337,396.2419042,20338110
3/26/2025,391.7697754,395.4725273,390.7118421,394.6069268,13891436
3/27/2025,393.7894592,394.9916495,390.1347832,392.3949068,18642328
3/28/2025,394.0779724,399.7042288,392.539163,395.1839816,12981873
4/1/2025,391.0965576,398.5501378,390.0867295,394.1260714,15206240
4/2/2025,393.4047241,394.3184004,390.5194675,391.4812197,8001323
4/3/2025,393.741333,394.5107524,391.1446198,391.4812095,7059566
4/4/2025,394.0299072,397.0113157,389.0287838,391.9140405,18627592
4/7/2025,390.5194702,392.4910798,375.2276161,375.2276161,26762866
4/8/2025,396.770874,399.8965688,391.6735989,396.1457409,18600796
4/9/2025,400.3774414,403.02226,395.5206044,397.2036708,21785572
4/11/2025,405.4266052,406.2922056,401.0506447,403.9359011,8939356
4/15/2025,404.3206177,412.7840546,402.9741705,412.7840546,11685880
4/16/2025,408.2157288,409.7545088,402.0124154,402.0124154,13034594
4/17/2025,410.9086304,411.4856876,405.4266311,408.7446879,22410217
4/21/2025,406.6769409,412.6878924,405.3785695,411.678035,27388236
4/22/2025,417.0157776,418.1698627,407.35015,409.6583788,32031936
4/23/2025,414.3709412,420.7185116,412.4474368,419.5163213,19566317
4/24/2025,413.6015015,419.3720144,412.8801874,415.3326729,26064089
4/25/2025,411.4375916,416.150201,407.1097065,413.6015341,22944377
4/28/2025,412.3993225,414.034313,408.5042379,410.3315612,6287095
4/29/2025,409.7064209,413.1687346,408.7446687,412.4954963,11189930
4/30/2025,409.5140686,412.8802013,405.859422,411.052878,10026546
5/2/2025,413.0725708,414.9960752,407.8791148,407.8791148,9263372
5/5/2025,420.2376404,421.7283446,412.9283177,413.7938888,11525305
5/6/2025,418.8911743,422.8343644,416.4387179,420.7666029,15026568
5/7/2025,414.6594543,418.3622062,413.2649313,416.8233968,9710361
5/8/2025,414.1304932,414.9960643,407.3501227,412.5916838,19937960
5/9/2025,407.3501587,412.7359772,406.8212067,409.6583876,8226512
5/12/2025,418.8431091,419.5163475,411.7742242,413.0725956,8031891
5/13/2025,411.5337524,421.1993795,409.0812961,418.2660177,14976369
5/14/2025,412.6878967,415.3327154,409.6102778,410.7643922,9557309
5/15/2025,416.1020813,418.7468998,409.7064351,412.6878727,24263510
5/16/2025,419.0354614,419.5163375,415.5731475,418.266042,16402035
5/19/2025,418.698822,421.7283356,416.1020794,418.3622029,7543854
5/20/2025,418.2660217,423.9403538,416.3425173,420.2857072,9868414
5/21/2025,416.4387207,421.4398441,415.4769685,419.9010346,5776672
5/22/2025,409.8026123,416.4386965,406.7249936,416.4386965,19451749
5/23/2025,419.6124878,422.2092306,412.5917082,417.4004694,18536884
5/26/2025,425.9600525,426.5851856,420.0452822,421.4879105,13107662
5/27/2025,417.3042908,427.2103564,414.3709582,425.9600609,26986022
5/28/2025,411.5744019,413.9251301,404.5221871,409.1257203,431851622
5/29/2025,410.1541443,414.1209963,408.0482842,413.3374302,21478547
5/30/2025,409.4685059,411.427451,407.8523821,410.49697,30656239
6/2/2025,410.6928406,411.819258,406.0403458,409.713368,14973380
6/3/2025,408.3911133,413.0436081,407.117781,410.3990202,13216486
6/4/2025,408.4400635,410.3990086,407.4116292,408.5869784,12598933
6/5/2025,410.4969482,412.3089784,407.2157092,409.9092587,13212523
6/6/2025,412.4069214,412.6517895,410.3990145,411.6723169,8774988
6/9/2025,414.3658752,414.9046031,411.868232,413.337441,10473123
6/10/2025,418.2348022,419.7529728,414.3658735,415.7861207,13041075
6/11/2025,417.4022217,419.3122051,416.1289193,419.2142519,20789182
6/12/2025,412.3579407,418.4306824,410.9376935,418.2347759,18508835
6/13/2025,405.4036865,410.7418239,405.0119035,406.4811123,17873926
6/16/2025,409.615448,410.3010609,404.7670467,406.4321621,7006629
6/17/2025,408.8318481,410.4479719,407.1667627,409.5174909,9028406
6/18/2025,407.3626404,409.8603134,406.3831678,408.4400662,8036215
6/19/2025,407.4606018,409.6644152,406.2852227,407.1177804,12601006
6/20/2025,409.9582214,410.8887323,407.4605784,407.4605784,13203184
6/23/2025,405.4036865,408.9297937,403.2978265,408.4400574,14839890
6/24/2025,405.8444824,412.0151479,405.2567929,408.3421256,16690068
6/25/2025,407.8034058,409.5664444,406.5790651,407.8523674,9946718
6/26/2025,411.6723022,412.2599918,407.7054504,408.6359612,13703918
6/27/2025,410.0561829,413.3374219,409.2236252,412.3579494,21409935
6/30/2025,407.9013672,412.1130873,407.2646861,411.1825764,12317124
7/1/2025,406.579071,410.2520932,406.3831646,408.440063,13670465
7/2/2025,404.4732056,408.3421042,403.2488649,408.3421042,15990899
7/3/2025,404.8649902,407.4605866,402.8080919,405.5016414,14185298
7/4/2025,404.0813904,406.4811101,403.2978243,406.3831569,8256733
7/7/2025,407.6075134,408.6359776,403.5427081,404.5221807,6845218
7/8/2025,408.6359863,409.5175057,406.1383132,407.6075221,6807192
7/9/2025,410.8397827,411.6723105,406.9218924,407.6564969,9930533
7/10/2025,408.2931519,411.6723143,407.8523772,411.6723143,6220360
7/11/2025,408.2441711,409.4685119,406.9708687,408.4400776,8578844
7/14/2025,410.790802,411.3295299,407.9992991,408.4890354,6896989
7/15/2025,413.4353943,413.7292241,410.3990232,412.2600152,8532755
7/16/2025,415.8840637,416.7166214,411.6723137,413.4353823,9780773
7/17/2025,415.247406,417.1573596,414.3168951,417.0594063,7240795
7/18/2025,414.0720215,416.4717412,411.4764252,416.4717412,6730256
7/21/2025,411.4764404,414.0720368,409.8113251,413.3374324,4822343
7/22/2025,407.4606018,411.7702753,406.6770357,411.4764454,9869507
7/23/2025,406.4321594,409.3215856,405.5016485,408.5380195,12196187
7/24/2025,401.53479,407.3136722,401.0450538,407.3136722,9005157
7/25/2025,400.9960632,401.8286209,399.3799395,401.5837528,5824089
7/28/2025,401.4858093,402.4163202,400.2125069,402.3673287,8123337
7/29/2025,400.0655823,402.9550084,399.6248077,401.5837528,6811772
7/30/2025,399.2330322,400.8981177,397.421002,400.6042879,10915863
7/31/2025,403.4937439,405.5016507,397.2250954,397.6169084,19364174
8/1/2025,407.9013672,410.7418317,403.3467958,403.9344853,14324065
8/4/2025,408.2931519,413.827166,406.5790748,411.574391,18352458
8/5/2025,405.6485596,409.3705733,404.5221721,408.6359688,8495104
8/6/2025,403.5426941,406.4811118,402.0734853,405.6485541,9080543
8/7/2025,405.1098633,406.2362508,403.1998798,403.5427012,11514878
8/8/2025,405.991394,406.8239517,404.4732235,405.4037045,9814361
8/11/2025,408.2931519,408.4400668,405.501649,405.9913853,8514272
8/12/2025,407.8034058,411.1825682,406.7749416,408.4400569,13635738
8/13/2025,405.5996094,408.9298102,405.1098731,408.6359804,10874910
8/14/2025,403.0039978,406.5300751,402.5632232,405.746509,9580361
8/18/2025,397.9596863,405.2078071,396.539469,404.5221643,30950814
8/19/2025,400.70224,400.9960698,396.1966601,398.0086904,16681331
8/20/2025,397.7148132,401.8286099,397.1271536,400.7022224,18188129
8/21/2025,397.2250977,398.49843,395.0702759,397.714834,15028966
8/22/2025,390.1239014,398.1555882,389.3403353,397.6658519,13087624
8/25/2025,391.1523743,392.3277234,388.1160033,390.8095529,10440286
8/26/2025,395.070282,397.0781889,390.2218806,391.1034,13715752
8/28/2025,392.6705627,396.1966701,391.7890434,396.1966701,12471719
8/29/2025,401.3388977,402.0245405,393.6500318,393.7479851,25255050
9/1/2025,397.5189514,401.7796631,396.6863937,401.3388885,12268090
9/2/2025,398.4004822,399.477908,396.1477071,398.2045757,19808255
9/3/2025,403.297821,404.7670299,398.9391563,400.1145353,12936588
9/4/2025,407.3626404,418.234792,406.481121,415.2474126,27274123
9/5/2025,398.9881592,408.4400635,396.0987031,408.3421103,16000675
9/8/2025,399.1840515,402.1224694,398.4494471,399.0861282,7419022
9/9/2025,401.6327209,402.5142702,399.0371246,400.1145504,8825896
9/10/2025,404.5711365,405.2078176,400.5553228,402.5632296,9252397
9/11/2025,406.5300903,408.146244,403.9834855,404.5711451,8274406
9/12/2025,405.2567749,408.4890224,404.3752556,406.823937,7803379
9/15/2025,404.1793518,405.7954756,403.2978325,404.5711349,5707331
9/16/2025,404.6201172,405.8444579,403.5426914,404.7180704,8239087
9/17/2025,400.8981018,406.0893242,399.6737611,405.4526731,14113882
9/18/2025,403.1019287,404.5711376,401.6817114,402.9060521,15647808
9/19/2025,402.2203979,404.1303814,400.5553125,403.1019173,19505321
9/22/2025,398.5963745,402.5632265,397.7148253,402.2204051,8930779
9/23/2025,394.9233704,399.7227802,393.8459445,398.7433076,14936357
9/24/2025,392.7684937,396.3435625,392.4746638,394.9233452,12380865
9/25/2025,391.8869934,394.727458,389.830095,393.2092874,22006368
9/26/2025,396.7843323,397.5678984,391.5931099,391.8869696,14414044
9/29/2025,398.8901978,399.6248022,394.9233459,398.5473764,19717660
9/30/2025,393.3071899,398.4004592,392.1808025,398.4004592,9465490
10/1/2025,397.2740784,397.6658614,391.5441579,394.0907925,17643039
10/3/2025,396.0007629,397.176142,394.0418177,396.5884525,16987141
10/6/2025,392.5236206,395.6089531,391.5931097,394.7274338,13989077
10/7/2025,391.5931396,394.3356809,391.2993098,394.2377277,12298968
10/8/2025,391.5441589,393.5031041,389.8300819,391.7890271,8402463
10/9/2025,391.6910706,393.1602794,390.7605896,390.8095512,15656267
10/10/2025,394.5315552,395.5600194,391.2993075,392.2298185,15085738
10/13/2025,391.0544128,392.7195281,390.3687701,391.7890172,9508594
10/14/2025,388.6546936,392.6215753,388.067034,391.7890177,10291102
10/15/2025,391.6910706,392.6215814,389.0954743,389.8300787,16043867
10/16/2025,396.833313,397.6658707,391.3482605,392.7685077,22962049
10/17/2025,403.6896057,405.354721,396.9312511,397.0292043,21071344
10/20/2025,404.5711365,406.3342051,402.8570595,404.0814002,13083621
10/21/2025,404.3752747,405.4527005,403.8855384,405.0119259,1142130
10/23/2025,407.4116211,411.8192476,405.060863,407.4605828,24305990
10/24/2025,408.2441711,409.3705886,404.9629618,407.4116433,14935678
10/27/2025,412.0151367,414.0230735,408.0482847,408.4400678,11603679
10/28/2025,409.3215942,412.9946165,407.362649,411.868229,17163147
10/29/2025,412.9456482,413.5333377,407.5095574,409.6154474,11470661
10/30/2025,410.1541443,413.0436004,407.6075096,412.9456471,12938674
10/31/2025,411.7213135,417.6471108,409.6154534,411.8682284,18599864
11/3/2025,405.4526978,412.9946189,404.8160166,411.3295334,7635440
11/4/2025,400.5063171,405.9913694,399.9676192,405.5016331,10085404
11/6/2025,399.1350708,404.8159997,398.2045599,401.5837522,10095563
11/7/2025,395.7558899,400.7022444,394.8254089,397.7148351,8411611
11/10/2025,397.2250977,398.7432981,395.3641057,395.7558888,6650003
11/11/2025,398.4984131,399.6737622,396.2945998,397.6658554,12005318
11/12/2025,398.6453247,399.7227505,397.2250776,399.6247972,7987236
11/13/2025,397.3720398,399.1350785,396.1966607,398.6453422,6617185
11/14/2025,399.7717285,400.359418,391.8869862,396.392566,64020258
11/17/2025,398.7432861,403.5426957,397.6658603,401.3388824,7855399
11/18/2025,397.5189514,401.3878502,396.2456191,399.8696796,7661681
11/19/2025,395.2661438,397.2250889,394.5315394,396.5394761,7882450
11/20/2025,397.1271667,398.6453373,394.9723151,395.2661449,6693410
11/21/2025,399.4779053,400.1145565,396.3925726,396.6864024,5808131
11/24/2025,395.2661438,400.4083748,394.5805309,400.0165917,11037491
11/25/2025,392.5726013,396.1966619,391.8869884,395.2661509,8199785
11/26/2025,394.0418091,395.6579628,392.719545,392.7685067,11443953
11/27/2025,396.0007629,397.6169167,393.8459411,395.2171968,8679529
11/28/2025,395.9517822,396.6863866,394.2377052,396.0007439,6883500
12/1/2025,395.9517822,397.1761229,390.0259852,394.5315351,13442658
12/2/2025,392.7195435,397.1761317,392.2787688,395.951791,8093808
12/3/2025,392.2787781,393.9438935,390.6626543,393.4541572,10772192
12/4/2025,394.7763977,395.266134,390.8585075,391.8869716,8057989
12/5/2025,396.6374207,397.0292037,393.7479647,394.7763989,4419747
12/8/2025,394.0418091,396.9312652,392.3277321,396.6374353,6056866
12/9/2025,392.8174744,396.1966668,391.7890401,393.7479853,9426717
12/10/2025,394.8743591,396.0986998,392.7684991,392.8664523,6969146
12/11/2025,394.6294861,395.7069119,392.8664474,394.8743542,6980147
12/12/2025,391.8869934,395.7069306,391.6421253,394.6295047,12407516
12/15/2025,394.0418091,395.0702732,391.2992978,391.8869873,7756564
12/16/2025,393.4541321,397.4209839,392.817451,393.1602724,12347384
12/17/2025,391.5931396,394.8254172,390.9075268,392.7685187,8087490
12/18/2025,392.1808167,393.6990171,391.6421187,391.7890336,7227668
12/19/2025,392.8174744,394.3846365,392.0339082,392.0339082,10654835
12/22/2025,394.4336243,395.3641053,392.9644154,393.3561984,6847871
12/23/2025,398.9881592,400.5063297,393.5520685,394.2377112,10081997
12/24/2025,398.2535706,401.0940352,397.3230596,399.5758646,5777430
12/26/2025,395.8538513,398.7922692,395.5600215,398.1556179,3152453
12/29/2025,394.3356628,396.4904846,393.2092754,395.8048717,6647710
12/30/2025,392.376709,395.1682117,392.0828493,394.7274371,12340527
12/31/2025,394.7274475,395.4620519,392.6215875,392.8664556,9945109
1/1/2026,356.3811035,394.4336192,355.254716,394.4336192,282626710
1/2/2026,342.8643494,352.6101131,338.1628931,352.6101131,118790358
1/5/2026,342.5215759,346.6843344,338.9464771,343.0113122,48358124
1/6/2026,335.4204102,343.5010593,330.8168769,343.0602846,72582738
1/7/2026,334.2450256,337.4772733,332.3350421,335.9591027,29440734
1/8/2026,333.9021912,338.0649496,332.0901609,334.4898807,36706319
1/9/2026,330.229187,334.0001626,329.2007527,333.9022093,35193201
1/12/2026,331.4535217,332.5309476,328.906887,331.3066068,16156143
1/13/2026,327.8294983,332.5309549,326.8500257,332.0412186,24922339
1/14/2026,327.8784485,329.1027892,326.6051461,329.1027892,14913422
1/15/2026,327.8784485,327.8784485,327.8784485,327.8784485,0
1/16/2026,322.4423828,330.5719932,321.8057017,330.5719932,30526898
1/19/2026,326.36026,327.7804772,320.5813482,323.2259359,15507440
1/20/2026,319.6018982,327.6335855,318.8183321,327.1928109,18771011
1/21/2026,318.0837097,322.5402979,317.6919267,319.3080504,14177965
1/22/2026,318.1816711,321.9526465,314.4596574,319.4060119,18622852
1/23/2026,316.7614136,319.6998312,316.0758007,318.8672736,11950089
1/27/2026,312.1089172,318.034744,311.3253512,316.9573182,47847784
1/28/2026,314.5576172,317.0552902,312.7945785,313.382268,28400238
1/29/2026,312.059967,315.9778573,311.5212392,315.9778573,17719420
1/30/2026,315.5370789,318.4754965,309.9541032,312.2558398,41975824
2/2/2026,308.2400208,308.9256336,295.8007075,303.0977899,35227572
2/3/2026,310.1499939,318.083728,305.2036692,314.6066122,33168353
2/4/2026,313.8500061,314.9500122,311.3500061,312.5,11196759
2/5/2026,310.2000122,315.3500061,309.2999878,313.9500122,15816704
2/6/2026,325.7999878,327.7000122,308.2999878,310,68057745
2/9/2026,322.7999878,328.7000122,321.6499939,327.9500122,20059198
2/10/2026,321.3999939,323.5499878,320.75,323,11489090
2/11/2026,318.25,322.2000122,316.2999878,321.9500122,24843366
2/12/2026,317.4500122,320.3999939,316.8999939,317.2999878,13294561
2/13/2026,313.75,318.3999939,313.25,316,8730618
2/16/2026,317.9500122,318.25,313.1499939,313.75,11693763
2/17/2026,325.4500122,328.0499878,318.1499939,318.4500122,39360672
2/18/2026,332.4500122,332.9500122,324.7999878,326,35473203
2/19/2026,326,334.25,325,334.0499878,19911747
2/20/2026,327,327.8500061,325.0499878,325.0499878,11282027
2/23/2026,325.3999939,328.1000061,324.3999939,327,13486092
2/24/2026,323.5,325.3999939,322.0499878,324,13135859
2/25/2026,319.75,326.6000061,318.1000061,325.5,13492101
2/26/2026,318.2999878,321.3999939,317.6000061,320,11270119
2/27/2026,313.6000061,317.75,312.6499939,316,13892595
3/2/2026,314.8999939,315.75,307,307,22186090
