Date,Close,High,Low,Open,Volume
3/2/2016,130.4109344,131.1362233,127.5098244,128.6126449,6218455
3/3/2016,130.6791687,131.444192,129.1491372,130.7487232,4612120
3/4/2016,132.2688599,133.1034227,128.1655697,130.7487578,3582405
3/8/2016,129.2683716,132.2986454,128.7716059,132.1297469,3317790
3/9/2016,131.1262665,131.9707742,128.7020475,129.1491487,4064310
3/10/2016,130.0731354,133.1332141,129.3776664,133.1332141,17833535
3/11/2016,127.6985779,130.9673044,127.2713667,130.5500079,21468120
3/14/2016,126.5361633,129.1789606,125.6916631,129.1392108,12830510
3/15/2016,127.07267,127.7681465,125.5923103,126.7547402,10754985
3/16/2016,129.4074707,129.8247521,126.2778451,126.476556,10768580
3/17/2016,129.4074707,130.5997054,128.0065877,130.3314477,28952985
3/18/2016,130.9076996,131.334926,128.9206367,129.1590897,9695990
3/21/2016,131.8813782,132.1396909,129.675737,131.1560893,5821815
3/22/2016,132.397995,133.103409,130.1526194,131.1560807,5897795
3/23/2016,131.1362305,134.2857236,130.1725037,132.3383951,16347850
3/28/2016,133.0537262,134.702992,131.2554367,132.03039,14524240
3/29/2016,133.4312897,135.5176968,132.9245789,133.143157,9831650
3/30/2016,135.8852997,136.4118701,132.2390411,134.1366746,14137090
3/31/2016,135.2494354,138.0809908,134.5440215,134.5440215,19910660
4/1/2016,135.1004028,136.4416764,134.5539575,135.5176842,7351630
4/4/2016,136.5708313,136.9682378,133.9777138,135.4183313,10299785
4/5/2016,132.8848114,136.0641085,132.0899833,135.9150849,14462615
4/6/2016,132.7357941,133.9876381,132.0005754,132.9344973,8418790
4/7/2016,131.6429291,132.7358198,130.251991,132.5371014,8097120
4/8/2016,132.2092285,133.2126898,130.7685959,130.7685959,5038705
4/11/2016,133.3915253,134.1168141,131.2057591,133.3120409,9954090
4/12/2016,134.5937195,135.5276416,133.0835473,133.1034222,5928440
4/13/2016,137.5743256,139.0844979,135.7561609,136.5112394,12188990
4/18/2016,135.7859497,137.3259266,130.6891282,137.3259266,8191005
4/20/2016,136.5410004,137.5047269,135.1599925,136.59068,5438255
4/21/2016,136.4515839,137.0278338,135.7461851,136.9086149,10687120
4/22/2016,134.3453064,135.8654081,133.7193768,135.1301895,9875030
4/25/2016,135.2096863,135.6865923,133.3517874,133.3517874,6058445
4/26/2016,139.2633057,140.0879386,134.8917732,135.1103514,10542295
4/27/2016,141.5782471,143.0288098,139.2931215,139.5713091,9645560
4/28/2016,139.3825226,142.7505936,138.7963427,142.0749995,7576220
4/29/2016,142.5022125,142.9393688,138.2002346,138.8957036,7450705
5/2/2016,142.7108459,144.0123696,141.4987365,141.9160178,6482800
5/3/2016,140.5747681,143.6547064,138.8956975,142.8698233,6790965
5/4/2016,141.6080475,143.187759,140.0482109,140.2965938,10556840
5/5/2016,140.9125519,142.1246613,139.8991457,141.8564036,4879865
5/6/2016,139.6805725,141.0814554,138.3194394,140.2965723,3336315
5/9/2016,141.8464966,142.2737079,139.6706602,139.690535,9426675
5/10/2016,143.6348572,145.0556,141.3596615,142.6214508,7884015
5/11/2016,145.3635712,146.4465167,141.8762815,142.6313599,20587085
5/12/2016,144.40979,147.7877906,143.2672199,146.1882045,13928815
5/13/2016,140.7337341,144.8370242,140.4853513,144.4594773,7147530
5/16/2016,142.7207794,143.0685215,139.6905208,140.7039119,12194845
5/17/2016,140.8628845,144.0620569,140.6840561,142.8698222,12358385
5/18/2016,140.8628845,141.8067363,139.1440794,140.6840561,5739560
5/19/2016,140.2965698,141.1808121,139.4222574,140.7337109,4820755
5/20/2016,139.5215759,141.2205209,139.1440444,141.0615523,3002500
5/23/2016,139.7203369,141.2106341,139.2931105,140.286642,7189935
5/24/2016,138.776474,139.6805913,137.6041141,139.6706615,10344860
5/25/2016,141.6278992,142.1743445,139.1937504,139.8892193,14539060
5/26/2016,145.0953064,146.8439312,141.945814,142.293556,9680565
5/27/2016,147.5493469,147.9666283,145.6715731,145.929901,6467605
5/30/2016,147.5592804,149.9238747,147.0525697,148.7713899,3645025
5/31/2016,148.344162,149.029701,146.9432792,147.6983727,5838425
6/1/2016,148.1057434,148.9800408,147.1221418,148.9800408,4591255
6/2/2016,148.2944794,149.029698,146.3272916,148.8309948,8029905
6/3/2016,152.8647003,153.4906298,147.6585917,149.0296695,12403875
6/6/2016,152.059967,153.99735,151.5234517,153.0236936,5788250
6/7/2016,153.4111938,154.7623972,151.185678,153.0038423,9288805
6/8/2016,150.8876038,153.0038304,150.0232363,152.6262837,6138060
6/9/2016,149.5761871,151.3943518,149.0496166,151.3943518,6506980
6/10/2016,149.168808,150.5200113,147.7083156,149.2482923,7553170
6/13/2016,150.2020721,150.5100796,148.0361809,148.2348842,8149210
6/14/2016,149.446991,150.7187099,148.8906158,150.7187099,3317845
6/15/2016,152.1195984,152.626294,149.6258399,150.420653,4436055
6/16/2016,149.9139404,152.1891205,148.3044245,152.1891205,5395000
6/17/2016,149.248291,151.1856743,148.78133,150.2219476,4071290
6/20/2016,149.4171753,150.3809019,147.042636,147.4003079,4470035
6/21/2016,148.3839264,149.7351298,147.5990281,149.0495906,3514265
6/22/2016,146.9134827,149.2184828,145.7311779,148.4335845,13434650
6/23/2016,148.4832764,149.0495966,146.675057,147.241362,4938325
6/24/2016,145.8305359,146.6551688,141.2304807,145.0555826,10010940
6/27/2016,146.9234619,147.9567281,143.6746092,143.6746092,3874345
6/28/2016,147.6983795,148.5925517,146.5856141,146.7247078,3806320
6/29/2016,149.5860596,149.8245125,147.5691924,148.0361533,7386400
6/30/2016,151.6824341,152.3182936,149.8742149,150.996895,16671825
7/1/2016,149.7052917,152.2089949,149.2085261,151.8115885,7826050
7/4/2016,147.8275604,150.2716548,147.2811302,150.1226312,5863470
7/5/2016,147.1221466,148.5130846,146.7247249,147.9269047,5626500
7/7/2016,148.2150116,149.3277771,146.8737533,147.241355,4816065
7/8/2016,147.7281952,148.5726878,146.5657652,148.0560624,3022315
7/11/2016,151.1260681,151.612904,148.4534661,149.2184896,9358070
7/12/2016,151.7420654,152.3580653,150.6094401,152.0103232,7707845
7/13/2016,153.9973602,154.3451023,151.1061803,151.7023052,10092985
7/14/2016,155.1307373,155.8863184,153.9775082,154.8921455,7779395
7/15/2016,153.5300903,155.2897803,152.6353409,154.8921173,10296390
7/18/2016,154.4546814,155.6576371,152.9733585,154.0967786,11794690
7/19/2016,154.6535339,155.3792759,152.9833307,154.9915491,8044350
7/20/2016,155.5284119,155.9558989,154.6933103,154.6933103,6584740
7/21/2016,151.2434998,156.5822024,150.9154209,156.3833709,19245670
7/22/2016,151.1242065,152.0885554,149.7721309,151.5119333,7148085
7/25/2016,151.989151,153.7388898,149.1259283,151.5020008,16965590
7/26/2016,149.4639435,152.3072785,148.4001864,152.2078703,8745100
7/27/2016,149.9212494,151.1142536,148.2311588,149.5434589,5383780
7/28/2016,149.1955261,151.1242087,148.2610012,150.3189311,17177630
7/29/2016,151.8101959,152.3371063,148.9867486,149.4241871,7287990
8/1/2016,149.752243,152.9932407,148.7282463,152.3072591,8753250
8/2/2016,151.1341553,151.7107773,149.1060342,149.1855699,7478715
8/3/2016,150.3587036,151.9096108,150.0803364,150.915438,6721560
8/4/2016,150.398468,151.3727532,149.3247595,151.064562,6247560
8/5/2016,153.9675293,154.2956081,150.4382282,151.0744981,11826830
8/8/2016,153.4008484,155.4488417,152.6949791,154.4944292,8299200
8/9/2016,152.0587158,153.6792222,151.1341425,153.6593345,4387675
8/10/2016,151.3628235,153.0429781,150.8458493,153.0429781,5469795
8/11/2016,152.0388184,152.8938075,150.9452375,151.3130766,5032730
8/12/2016,151.6908875,153.4804015,151.1142654,153.4804015,5640660
8/16/2016,153.6593475,154.2757298,151.5417546,152.4066953,9130715
8/17/2016,152.2376862,153.4207542,151.3329853,153.3014432,4074430
8/18/2016,155.9658356,156.2740267,152.4762793,152.4862307,8828800
8/19/2016,154.8424072,156.2740184,153.8979461,156.2740184,4980850
8/22/2016,153.6692963,155.4886191,152.8640036,155.0909561,3063810
8/23/2016,154.7628784,155.0909573,153.3113946,153.7687056,2864930
8/24/2016,154.4944305,155.4687307,153.5201455,154.8921087,5708595
8/25/2016,155.240097,155.8863186,153.5102459,154.6933141,7385560
8/26/2016,155.2500305,156.8804733,153.6692994,155.5880456,4269865
8/29/2016,155.3693085,156.8605675,154.1265926,155.2301249,3810195
8/30/2016,156.313797,156.492756,155.1307288,155.4687592,3995125
8/31/2016,160.439621,162.0402399,157.7056456,158.0734847,16732220
9/1/2016,161.1952057,162.5373453,160.5589356,161.6525319,5809640
9/2/2016,161.7717743,162.1992612,160.7179537,161.4536318,4653795
9/6/2016,162.6566162,163.4420061,162.0501702,163.0244553,5139395
9/7/2016,159.8828888,163.640861,159.5548099,162.8156957,5855265
9/8/2016,162.9946289,163.5016667,159.117361,160.0121105,8621810
9/9/2016,162.8156738,164.1180377,160.7776167,162.9846814,5724665
9/12/2016,161.7121429,162.050158,160.0618125,161.4437121,3707645
9/14/2016,160.2507172,163.0443403,159.7238068,161.8314483,10205775
9/15/2016,160.7776337,161.4039674,159.7238129,160.4495548,5913325
9/16/2016,160.3799591,163.0343986,160.0021686,161.2349331,21762045
9/19/2016,159.6343231,161.4934213,158.8886936,160.7378403,11289775
9/20/2016,157.6261139,159.7238193,157.3775707,159.4653246,7785335
9/21/2016,156.7611389,158.222574,156.4131876,157.8945103,11589240
9/22/2016,158.103302,159.4454414,157.2781367,158.8688193,10557490
9/23/2016,158.3021393,159.7436869,157.685757,158.2126674,20953255
9/26/2016,156.6319427,157.9243705,155.9558973,157.5068046,5588885
9/27/2016,155.9757843,158.719696,155.5880575,156.1348556,7136570
9/28/2016,155.5482788,157.437201,154.7926978,155.6874624,9776355
9/29/2016,153.6195831,158.9582861,152.9534892,156.5822138,275291850
9/30/2016,154.4944305,155.5482663,152.3271414,153.5002578,12160390
10/3/2016,156.6915894,157.6161629,155.7173042,156.8705332,4913960
10/4/2016,157.4173126,158.3916129,155.5482781,157.2582413,5760785
10/5/2016,155.5184479,158.0337191,155.1903842,158.0337191,5037740
10/6/2016,155.6874695,157.0793054,154.5938733,155.4886228,6813165
10/7/2016,155.6178741,156.0851366,154.1266149,155.6079379,3702290
10/10/2016,155.1307373,156.1845734,154.8921455,156.0652623,3748000
10/13/2016,153.5698547,154.7230987,152.1680676,154.6932747,8820280
10/14/2016,155.4389191,155.8763423,153.2219029,154.2956113,5165400
10/17/2016,152.9534912,155.6675787,151.9096067,155.6675787,9600320
10/18/2016,154.4845276,155.2798689,153.0827401,154.0769131,8136765
10/19/2016,153.897934,156.0851108,153.5897429,154.8921066,5289465
10/20/2016,153.5698547,155.6874474,153.211952,155.4687282,8309335
10/21/2016,155.3892212,155.7173001,152.8938376,153.1125568,8837230
10/24/2016,156.5523987,156.9898372,154.593877,155.4687539,4699655
10/25/2016,156.3933105,157.6758019,155.2003063,157.0693559,16337325
10/26/2016,161.3542328,163.2431549,155.3096609,155.6874514,22158720
10/27/2016,160.3799591,161.4536524,159.2664753,161.4536524,5474240
10/28/2016,162.9150848,163.4419952,159.0676411,160.370005,7209950
11/1/2016,160.1711731,163.024444,159.862982,163.024444,5877560
11/2/2016,159.8629761,160.2904631,158.252406,159.0477472,6343860
11/3/2016,160.2606659,161.2449025,158.4711517,159.8033549,3982285
11/4/2016,158.9980774,161.4536859,157.0992185,161.0162625,5471590
11/7/2016,159.4354706,160.6483625,159.0676315,160.5787783,4982960
11/8/2016,161.4138947,162.1098126,157.874642,159.6243806,4831750
11/9/2016,163.4618988,164.9133978,151.5119369,154.8523582,21350670
11/10/2016,162.8952179,165.718665,161.6723744,164.6747805,12885775
11/11/2016,162.1694641,164.1379372,160.558909,161.6525052,11578190
11/15/2016,156.9898376,162.7460917,155.7868818,162.7460917,15099270
11/16/2016,153.2119904,158.4413345,152.4862484,158.4413345,23642440
11/17/2016,154.3453522,155.5284204,152.3271823,152.3271823,7943505
11/18/2016,154.9418488,156.0851415,153.7687169,155.2798639,6751805
11/21/2016,151.6511078,155.2798475,149.8616089,155.0909522,10259105
11/22/2016,153.0230713,153.5996933,151.4224525,152.1481944,8502995
11/23/2016,152.3370819,153.8979404,152.1084264,153.5002622,6888175
11/24/2016,147.55513,151.1142706,146.5112455,151.1142706,25374535
11/25/2016,149.553421,151.0446804,148.1218248,148.5294242,7835965
11/28/2016,149.1557465,149.7224322,146.382011,148.0124538,11504390
11/29/2016,148.2112885,149.6230121,147.6744266,148.7282626,5050065
11/30/2016,150.2095642,151.1142651,147.1375739,148.3305782,5668925
12/1/2016,148.1218414,150.4084272,147.3762117,150.1201237,5755035
12/2/2016,143.866745,147.9329079,143.1608757,147.1375667,14225185
12/5/2016,145.1094666,145.5270173,143.757391,144.3538855,4639780
12/6/2016,145.9445801,146.6802583,145.1989504,145.3480703,2480505
12/7/2016,146.0141296,147.0381262,144.0655598,146.2527365,10661950
12/8/2016,148.8575134,149.4043116,146.3621448,146.3621448,4133075
12/9/2016,148.181488,149.6230358,147.7042892,149.026526,4055335
12/12/2016,145.1194,148.4299972,144.8708568,148.3305738,1977205
12/13/2016,145.3381348,146.8095064,143.7574035,144.7515764,3430320
12/14/2016,144.7118073,145.4574369,143.8568179,145.2088937,4262975
12/15/2016,144.1053467,146.0638683,141.570203,142.9222786,5216825
12/16/2016,142.9819336,144.5527132,142.6041431,144.1550502,18907690
12/19/2016,143.0912628,143.5485889,142.2462252,142.9620307,5084970
12/20/2016,142.8328247,143.7574134,142.5445212,143.3597352,4583755
12/21/2016,143.121109,144.4532968,142.5842473,142.5842473,5372810
12/22/2016,141.7988739,142.9620543,141.4707951,142.8626309,4205060
12/23/2016,141.5204926,141.9678672,139.9994095,140.198241,5108450
12/26/2016,141.3813324,141.9678908,140.0292567,141.55034,2428280
12/27/2016,141.6000214,142.3655386,140.2976575,140.6058486,6685225
12/28/2016,141.7789917,142.9421721,140.9936018,141.5702087,6059835
12/29/2016,141.8485565,142.1666991,140.8444475,141.1725263,6515615
12/30/2016,143.1012421,143.7076881,141.9877733,141.9877733,4951835
1/2/2017,142.1269531,143.3597177,140.824574,143.1608862,6032775
1/3/2017,141.5204926,142.6538488,140.6058403,142.1567625,6909880
1/4/2017,138.3093109,141.7690431,137.6929287,141.7690431,21293040
1/5/2017,138.9754181,139.7508869,138.4286352,139.7508869,10901015
1/6/2017,142.5345306,142.8626094,137.8619221,138.7865106,18323435
1/9/2017,141.0234375,144.0059563,140.5959352,142.7632401,7701630
1/10/2017,141.6994629,142.305909,141.1725525,141.3912717,4335025
1/11/2017,144.8310852,145.9047936,140.7748736,142.1667094,17887590
1/12/2017,144.7416382,145.636403,143.7673529,145.636403,5533925
1/13/2017,144.701828,146.2626711,144.0357342,145.4474575,5030255
1/16/2017,145.3878326,146.3820054,143.7573899,144.3737722,3709690
1/17/2017,144.3538818,146.1433958,144.0158667,145.7059574,3406665
1/18/2017,145.3679504,147.4855434,144.1749461,144.1749461,5629255
1/19/2017,144.7913055,146.541044,144.5526986,145.3480398,4576810
1/20/2017,143.7673492,145.7755828,142.76324,145.6960472,5575240
1/23/2017,145.6960297,147.1176895,143.558549,143.6579724,7285995
1/24/2017,147.8036804,148.1317593,145.9644697,146.6405,6033395
1/25/2017,158.1132355,159.2465919,148.1416835,148.6288336,43862620
1/27/2017,156.0950775,159.4852107,155.1804403,158.6699968,18546835
1/30/2017,154.2160645,157.0792867,153.3213151,156.2839455,10917390
1/31/2017,153.9277802,155.1506085,151.7207153,154.4944508,7003400
2/1/2017,154.5043945,155.6775111,146.9685631,154.5938664,24759335
2/2/2017,153.1821594,155.1804415,151.9990913,154.892138,10114765
2/3/2017,152.1681061,154.5342425,151.1142852,153.0032077,7812880
2/6/2017,152.4464722,153.8482596,152.168105,153.1026299,9837780
2/7/2017,153.7687225,156.075211,152.8043736,152.903797,14980555
2/8/2017,152.625412,154.3353904,151.5119281,153.9774876,13038340
2/9/2017,153.03302,154.9915418,152.1084465,153.0827317,6531395
2/10/2017,154.8722534,156.3436251,153.3213461,153.3213461,9356480
2/13/2017,157.7056427,158.2723133,154.9915399,155.051203,9023340
2/14/2017,157.1389618,158.3419176,156.2740362,157.8547675,6694845
2/15/2017,155.9459381,158.0734672,155.4389155,157.3179014,6803720
2/16/2017,157.5763855,158.7693898,155.1406652,156.0851263,11281025
2/17/2017,158.3717346,161.2548298,157.0991946,160.0618254,21295865
2/20/2017,158.4810791,160.0618101,158.0734646,159.4454279,4237005
2/21/2017,158.6501007,159.1869474,157.2980251,158.8986439,3160670
2/22/2017,158.2424927,159.9524712,157.8249419,159.0278977,5532555
2/23/2017,161.2449036,161.9308853,157.5764032,158.7694076,22877735
2/27/2017,159.1670685,161.5530771,158.182832,160.5589043,11908390
2/28/2017,159.485199,160.7478027,158.8290413,159.4454387,4860945
3/1/2017,163.8695068,164.4759529,159.4752648,159.4852011,14842915
3/2/2017,162.2788239,164.7742073,161.6027936,164.5356004,22276865
3/3/2017,160.9565887,162.4478481,159.6641761,162.2490166,6585175
3/6/2017,162.8355865,163.4818081,161.2747428,161.6326457,7197870
3/7/2017,162.4478302,163.2431715,161.8513356,163.04434,4748770
3/8/2017,164.0186462,166.8122698,162.8852897,163.6508071,19075645
3/9/2017,164.1279907,164.5952532,163.044346,164.2373503,7987745
3/10/2017,164.8139496,166.802295,164.2671516,166.0367778,6763985
3/14/2017,166.2555237,169.2976902,165.4303584,167.6175508,15581710
3/15/2017,167.8461914,168.7011806,166.0566774,166.4245164,8591550
3/16/2017,169.2877502,170.2719868,168.8503118,168.8503118,6308725
3/17/2017,168.6614227,169.8942026,167.5280663,169.5959477,23232470
3/20/2017,169.9240112,171.3953827,168.611711,170.0035469,7961440
3/21/2017,170.9082336,171.2760727,169.1982554,170.0035328,7291645
3/22/2017,171.4351654,171.9720121,168.7111264,169.605891,46771635
3/23/2017,172.6182098,173.6819667,171.4053179,171.6240371,8050770
3/24/2017,174.8451843,176.2469718,171.7731937,173.1849174,11400145
3/27/2017,173.2147217,174.9744118,170.7392411,174.8451645,9996530
3/28/2017,170.8883667,174.9644814,170.202385,174.4773312,15245650
3/29/2017,170.5205383,171.9421983,169.516414,171.8129661,12418935
3/30/2017,172.0217285,173.3738042,170.8684844,171.4948181,17671925
3/31/2017,173.4234924,174.9743995,171.405323,171.9918813,12932155
4/3/2017,174.1691284,174.9346457,173.1848919,174.3778962,6827130
4/5/2017,176.9329376,178.275077,174.4972173,174.974416,10031640
4/6/2017,177.827713,178.4540468,175.7101349,175.9686144,9941750
4/7/2017,173.6024475,177.5990264,172.9860652,176.9627564,8063385
4/10/2017,174.4475098,174.9545325,172.4889881,174.517094,4727575
4/11/2017,175.183197,176.7639281,173.2047877,173.5229151,7002720
4/12/2017,174.8551178,175.6603953,173.7018737,175.1732452,5444935
4/13/2017,174.875,175.7697647,173.4831641,174.7755918,4689340
4/17/2017,176.4855652,176.9130522,173.9802454,175.9685911,6164030
4/18/2017,175.3025055,177.4996191,174.2983963,176.9627724,6331485
4/19/2017,174.0995331,175.2925526,172.4293301,174.7954662,4491320
4/20/2017,176.7937622,177.2510732,174.1989704,174.2983938,4990375
4/21/2017,175.0539551,178.4540244,174.6761645,176.9627651,6303725
4/24/2017,178.1060638,178.6429257,174.238732,174.5767623,15641625
4/25/2017,178.553421,179.7464252,175.9884537,178.7522525,12482915
4/26/2017,179.0207062,183.1266296,178.0662936,178.8914589,18056605
4/27/2017,182.2617035,182.7985501,176.9627606,180.5318373,35302185
4/28/2017,179.3388519,182.9079291,179.1499566,182.4307303,6183310
5/2/2017,182.5102234,182.9078864,179.1499149,179.3586978,12852815
5/3/2017,182.3213654,183.3254745,181.6950316,182.9377477,5062760
5/4/2017,180.0347443,182.5301276,179.0405715,182.3809926,7517130
5/5/2017,180.6014404,181.3371186,179.0008216,180.7306726,10979005
5/8/2017,180.4125519,180.9394623,178.9511165,180.4423759,5339955
5/9/2017,180.3131256,181.2078903,180.0248222,180.9394594,2916860
5/10/2017,184.4488983,184.8465614,181.1383007,181.1383007,9703005
5/11/2017,186.268219,187.0039123,185.025503,185.5225894,11000005
5/12/2017,189.8174133,191.2788486,186.417344,186.9044942,21542525
5/15/2017,193.5256958,195.1461873,189.7677235,189.8870194,20779135
5/16/2017,190.8513184,193.8636602,190.3045204,193.5654054,11986620
5/17/2017,189.1314545,191.358392,188.0179705,191.358392,5935155
5/18/2017,187.4711761,189.4694581,185.9302052,188.4852215,29135705
5/19/2017,186.3775787,188.3957483,186.0594362,187.8986619,6210640
5/22/2017,187.1530304,189.6881741,186.3775768,187.4015736,6930165
5/23/2017,186.9542084,188.1173888,185.9699718,187.1033282,6853250
5/24/2017,186.1290283,187.5805121,185.4132227,186.6261147,5071745
5/25/2017,190.1852722,191.3782766,186.1091574,186.1091574,20721450
5/26/2017,191.8852997,192.7800644,189.3899312,190.8811905,8166890
5/29/2017,192.5812225,192.9888219,190.2846706,191.9648251,5551995
5/30/2017,191.2689056,192.3227264,189.9963657,192.2630784,3162900
5/31/2017,192.0841675,193.128037,191.378298,191.4677699,6755665
6/1/2017,191.4080811,192.4718532,190.6624515,191.5472646,3786725
6/2/2017,191.9250488,193.3665963,191.5770823,191.9747605,2249620
6/5/2017,192.2730255,192.6707038,190.77183,192.0543063,4172920
6/6/2017,192.1537476,192.8695533,190.9010951,192.8695533,8500360
6/7/2017,192.6010742,192.8695051,191.6765009,192.8695051,3319780
6/8/2017,194.6292267,195.5140399,192.0543074,192.8596002,7549470
6/9/2017,195.8719482,196.2497236,193.9730744,194.6093444,6917105
6/12/2017,194.2017059,196.8462092,193.2870688,196.0210439,5963705
6/13/2017,193.7046356,194.8578798,193.1180773,193.5058041,4502130
6/14/2017,192.4818115,193.2970254,191.4777024,192.8695383,4776295
6/15/2017,191.3981628,192.8198227,190.9209489,191.3782751,5790430
6/16/2017,195.3847809,196.8661038,191.3484417,192.2630789,20987425
6/19/2017,196.3591003,197.2041534,195.8520776,196.1006208,4589665
6/20/2017,195.4643402,196.84624,194.9374298,196.84624,3288840
6/21/2017,197.2339325,197.8403785,194.6888527,195.4444185,5471275
6/22/2017,198.4170074,199.6796111,196.8462126,196.8462126,8725330
6/23/2017,195.8917999,199.7591315,195.404665,198.6357265,7278480
6/27/2017,193.8139954,197.4228477,192.1636648,195.8520528,7889085
6/28/2017,193.3069611,195.6034978,192.4420356,195.6034978,6668830
6/29/2017,188.564743,194.2514124,187.8986491,193.6052061,13991430
6/30/2017,190.0361481,191.1595683,186.1091681,188.0975139,9607990
7/3/2017,188.6641693,189.9764695,186.9442395,189.5092071,6688170
7/4/2017,190.6425781,191.1595522,187.5507,189.3899258,7190025
7/5/2017,190.8513184,191.5372999,189.7080259,191.0203259,6196350
7/6/2017,190.5033875,191.4478637,189.6981099,191.2390808,4020510
7/7/2017,191.8157043,192.3724387,189.7080628,190.2846697,6117550
7/10/2017,192.4718628,193.4262602,190.8811802,191.0800118,1770385
7/11/2017,190.6326294,193.0584134,189.9367115,192.8496304,6674495
7/12/2017,190.3342133,191.5976077,189.2598324,191.0007244,8322240
7/13/2017,191.4185028,192.5525688,190.3640223,191.0006906,13936220
7/14/2017,194.4228058,195.6663,191.7468039,192.7813843,18855700
7/17/2017,194.9202118,196.9694879,194.2636432,195.5767804,12766270
7/18/2017,194.4028931,196.3725835,193.2588846,195.3380031,5482015
7/19/2017,197.8050995,198.5611537,194.1940028,195.4772821,24951875
7/20/2017,194.9798889,202.2219979,194.0845792,199.3470399,53447685
7/21/2017,198.8496399,199.4564657,193.0698814,195.9547818,10520095
7/24/2017,197.5563965,200.6303103,196.4820157,199.8742714,11131900
7/25/2017,196.5615997,198.95906,195.5966471,198.95906,6503275
7/26/2017,196.2830505,198.0637426,195.497169,198.0637426,9083305
7/27/2017,198.5910034,199.9538682,195.4772891,197.6658358,12824215
7/28/2017,201.4858398,202.44085,197.964271,198.3024978,6524320
7/31/2017,203.2665405,205.2660738,201.5157061,202.5403442,12323035
8/1/2017,202.0031128,203.7340619,201.1475883,203.7340619,10319740
8/2/2017,201.1277161,203.5848618,199.99365,202.1026264,5595360
8/3/2017,198.2428131,200.9287575,197.7653156,200.9287575,5760575
8/4/2017,198.2030334,198.879487,196.6809978,198.7601164,5936375
8/7/2017,198.5412598,199.3470416,197.8250059,198.9889146,3096200
8/8/2017,196.5118561,198.9590592,194.9997782,198.9590592,6113210
8/9/2017,197.4469604,198.8993682,194.8406017,196.770507,5656995
8/10/2017,198.322403,199.4564691,195.5867157,197.9443759,12475820
8/11/2017,197.4072266,198.4517649,193.6966435,196.7506579,7108715
8/14/2017,195.4971924,198.9590761,195.0296373,197.466883,13331735
8/16/2017,199.0684967,199.953864,192.5028414,196.9694779,15736385
8/17/2017,196.7705231,199.5559531,195.3778005,199.5559531,5380385
8/18/2017,195.686203,196.0045296,194.1840523,195.5767749,4780900
8/21/2017,192.9007721,197.3077083,192.4929024,196.6511397,4226245
8/22/2017,193.1494446,194.4725241,192.2541198,193.9651688,6030490
8/23/2017,194.9997864,195.7757255,191.7965442,194.5819742,11772595
8/24/2017,193.4081116,195.9547853,192.2044177,195.9547853,6683200
8/28/2017,194.1940002,195.5668075,193.4876889,194.9798819,3109530
8/29/2017,191.8761444,194.1641617,191.3986317,193.9851058,6573825
8/30/2017,193.2588959,194.2536912,192.1845151,192.9902969,4986645
8/31/2017,194.1840668,195.1589621,191.7070358,193.8856251,12623030
9/1/2017,197.4768066,198.58103,193.487683,194.7809199,9741665
9/4/2017,194.6018829,198.6805504,193.6269876,198.5611798,3515510
9/5/2017,196.651123,197.1684208,194.1541924,194.6018472,4257605
9/6/2017,198.1930695,200.540787,194.9898273,196.3725922,8690700
9/7/2017,197.6658173,199.8941641,196.6113367,198.7600981,7573850
9/8/2017,200.4611969,201.107823,197.277855,198.1632222,10382690
9/11/2017,200.2523041,201.9434531,199.1779233,200.9486578,6619590
9/12/2017,203.286438,203.843521,200.3816222,201.3465749,8247545
9/13/2017,202.9680939,203.9529467,202.0628265,203.3361633,5553885
9/14/2017,200.4711609,204.2215284,199.4365652,203.296376,7420430
9/15/2017,199.9638062,201.2868858,198.4616707,200.5308468,26642480
9/18/2017,202.3513489,203.9231275,200.4512859,200.4512859,4696890
9/19/2017,205.7933044,207.9918088,202.062822,202.9382467,9883090
9/20/2017,203.5749207,206.3106079,202.987995,205.8231527,9855460
9/21/2017,204.7587128,206.3205335,202.9382356,203.3361476,4619805
9/22/2017,203.3162689,205.1267885,202.7392858,203.8832944,9229780
9/25/2017,198.8595734,203.2764669,197.9642637,203.1371962,9283005
9/26/2017,197.7653198,200.4512642,197.049066,199.1580273,6688165
9/27/2017,194.9002991,199.9638037,194.3830013,198.4616682,10204425
9/28/2017,200.0036011,201.8638635,192.592379,195.4772794,29040390
9/29/2017,199.406723,201.9434542,198.6407264,201.7444981,8302165
10/3/2017,200.2622681,200.9486794,197.9941357,200.1727401,10665535
10/4/2017,204.8184204,206.3603563,200.6701255,200.6701255,11278920
10/5/2017,205.4849396,206.3703069,202.9880085,204.7289005,6984945
10/6/2017,206.8179321,207.5441436,204.6592282,205.3257392,5329765
10/9/2017,208.8970947,209.6630763,205.9425511,206.3404632,7730920
10/10/2017,210.0311432,211.0955663,207.7928537,209.4939452,8013085
10/11/2017,207.6834412,210.3295854,206.5593175,210.2500151,6646800
10/12/2017,210.4191132,211.3940083,206.5195173,207.5739979,5883605
10/13/2017,215.3433533,216.6266326,209.4044237,210.4987047,8775575
10/16/2017,215.3732147,218.5963574,214.4580047,215.3433721,12871020
10/17/2017,214.5972443,216.3679787,213.3040073,215.3731834,8393690
10/18/2017,218.0392151,221.8492827,214.3783759,214.6768175,13769970
10/19/2017,214.4281464,217.6612313,213.0055811,217.6612313,1389580
10/23/2017,211.2050171,215.4428554,210.5086633,214.8758147,9697690
10/24/2017,212.0306854,214.1595469,210.6976633,212.975738,6527360
10/25/2017,201.0581055,213.881018,198.6606448,213.1846642,41250615
10/26/2017,202.7194061,204.0424858,196.0045372,203.2168038,18399545
10/27/2017,204.7288971,207.9122394,203.525188,203.6346161,13202490
10/30/2017,204.7089996,205.7236952,203.0377506,204.5299437,7818575
10/31/2017,203.9429932,205.9226414,203.3461251,205.1268021,4869915
11/1/2017,203.8037415,206.3205728,202.450819,205.3257773,8287185
11/2/2017,202.8487396,205.604312,202.4408699,203.5351509,6437875
11/3/2017,202.0429382,204.4105408,200.6800583,204.4105408,14712095
11/6/2017,200.8989105,202.7392879,198.8595771,201.9434486,13967505
11/7/2017,201.6052246,204.1120979,200.5109437,201.1476121,9254445
11/8/2017,201.2271881,203.1371932,200.3517634,201.6052152,7256175
11/9/2017,200.0235291,201.943477,199.4763885,201.2272231,8242040
11/10/2017,197.6459503,200.6999796,196.9694967,199.1779438,9269145
11/13/2017,197.9045868,198.7601114,195.4872262,196.9694767,10662040
11/14/2017,198.7998962,199.5957355,197.4668741,197.7653158,6867825
11/15/2017,201.2471008,201.824084,198.5313138,198.5611564,6669770
11/16/2017,202.4309082,204.2215277,200.5606881,200.9486577,6535720
11/17/2017,203.5749207,204.9278429,201.8141286,204.4304453,9213165
11/20/2017,207.0268707,207.2954697,202.3115351,203.5749295,6242135
11/21/2017,204.8980103,208.9070345,204.3807124,207.3750563,12199665
11/22/2017,204.1817322,205.9823092,202.7591822,205.4252263,7727380
11/23/2017,203.3560638,205.2660691,202.2120553,205.2660691,6169625
11/24/2017,204.9974823,206.2210763,203.1272622,203.933044,5882820
11/27/2017,206.2111053,207.2556434,203.6345892,204.907926,4854085
11/28/2017,204.8980103,206.9174437,204.1519137,206.1216043,3673385
11/29/2017,204.1817322,205.4948692,203.3361501,204.7089725,7073210
11/30/2017,199.0187378,203.017819,198.1930559,202.7591777,14002640
12/1/2017,199.9837189,201.2968561,199.1878795,199.5559641,14397975
12/4/2017,198.5512085,201.1476251,197.4668852,200.1528297,11121745
12/5/2017,198.9292145,199.9836951,197.9941045,198.6606155,9118205
12/6/2017,198.8894043,201.0580658,198.2228933,198.9590472,8877305
12/7/2017,199.27742,200.1528297,197.7951694,199.5559615,5137600
12/8/2017,200.7496796,201.3465476,199.5559283,200.3119672,9422800
12/11/2017,200.650238,201.2272212,199.3669586,200.7497237,5423855
12/12/2017,199.0386658,200.3319028,198.5014678,199.9538757,9131050
12/13/2017,201.9235535,204.3309564,197.5763027,200.152819,14278380
12/14/2017,203.8634186,204.3409313,200.530863,202.3413828,7305950
12/15/2017,204.9477539,206.3205612,203.0377485,205.4252515,47593060
12/18/2017,203.5749207,206.5195216,198.8794854,204.7089868,9946515
12/19/2017,203.2068634,204.5796708,201.4460713,203.9131596,5162930
12/20/2017,201.4858398,203.3560599,200.6203728,203.2068467,9901635
12/21/2017,201.0581055,201.9434728,200.3120089,200.9586199,10774280
12/22/2017,200.9585876,201.8439548,200.1926062,201.7444844,5060680
12/26/2017,202.1921539,203.0775212,200.3617341,200.9287596,8160215
12/27/2017,201.7544403,203.3361613,200.9785012,202.2816806,2804730
12/28/2017,199.9040985,201.8837465,199.4763438,201.5455197,5178750
12/29/2017,200.9884186,201.3465455,199.4564406,199.6056538,5952110
1/1/2018,198.9491272,201.3863728,198.3224013,201.3167298,6587075
1/2/2018,199.5957184,200.1528013,197.4668572,199.158006,5361035
1/3/2018,198.9789734,200.3318957,198.5810461,199.4763711,4420105
1/4/2018,199.0386658,199.5360635,198.1831411,199.1580364,3919750
1/5/2018,199.5659027,200.2920991,198.2826233,199.4564746,10737010
1/8/2018,200.1727448,201.5654523,199.6952472,200.7198853,8902060
1/9/2018,200.8989105,203.0675722,198.1632234,200.9486533,6210530
1/10/2018,199.406723,200.8392307,198.9789683,200.4711613,3384405
1/11/2018,202.4707184,203.1372295,199.1680054,199.6952457,10388690
1/12/2018,203.6047821,204.1121223,202.1623317,203.4356687,11603980
1/15/2018,206.5891571,207.1959829,203.0079028,203.9330552,17556860
1/16/2018,205.5744629,207.7132821,204.4304543,207.6237542,5790935
1/17/2018,204.3508606,205.7535257,203.2963799,204.5398741,8017325
1/18/2018,208.2106781,209.0662027,205.2063918,205.5247336,18241070
1/19/2018,211.0060272,211.6725382,207.5242437,209.4441913,21521570
1/22/2018,213.7019348,214.5176591,207.7132628,211.0955608,15949650
1/23/2018,213.9705353,215.6218993,212.9359548,214.2689769,12292315
1/24/2018,214.8957062,215.6716454,213.0752288,213.1349141,5840000
1/25/2018,217.3329315,218.4570551,208.9269142,214.0799466,20306595
1/29/2018,221.8592529,222.7346625,217.0643323,217.2632883,11075070
1/30/2018,216.4774323,222.4362623,215.6616927,221.4514094,13464675
1/31/2018,220.6356812,221.4812634,215.5025481,215.6716615,15715055
2/1/2018,223.0231628,225.0226959,219.8696635,219.8696635,19281415
2/2/2018,216.0596313,221.8393906,214.4679525,221.8393906,11409100
2/5/2018,211.3442688,215.084709,209.0661941,213.881,11852655
2/6/2018,205.6838837,208.7876555,202.580127,206.0519683,16672600
2/7/2018,206.1812592,208.9070036,205.1267786,206.3205299,17681475
2/8/2018,209.2552032,210.1007702,205.0472081,206.1812741,9196485
2/9/2018,205.3257446,208.0117041,204.5299205,206.9174232,9492815
2/12/2018,207.504364,208.1111898,205.455088,206.4200407,3864305
2/14/2018,207.404892,209.3745825,206.2807683,208.9070275,5936665
2/15/2018,207.3451691,208.4096073,205.5247071,207.613768,4543530
2/16/2018,208.9468079,211.2945255,207.0865454,207.5143153,8278030
2/19/2018,210.140564,210.6976469,208.2206011,210.6976469,5940840
2/20/2018,208.0714111,211.9710073,207.2556716,210.1405874,4176755
2/21/2018,209.9117889,211.0558129,207.4248002,208.4494384,17860140
2/22/2018,213.383606,214.3784013,209.0363551,209.4044245,25711650
2/23/2018,215.0449219,215.5323771,213.3736729,213.3836154,11364270
2/26/2018,219.8796082,220.7649754,215.0747449,215.0747449,9089990
2/27/2018,217.4722137,219.849774,216.4873609,219.849774,5170600
2/28/2018,216.9748077,217.8999601,215.7810564,216.8653796,4434510
3/1/2018,217.9994659,219.6010872,216.0695604,216.4873727,7402970
3/5/2018,218.8549957,219.6209925,215.0349849,216.8654049,12045605
3/6/2018,215.3632355,220.0387703,213.9406703,219.8497567,12020755
3/7/2018,215.8904877,218.377476,213.5427701,215.3135046,14829560
3/8/2018,215.3334045,217.4821509,213.7417259,216.6067414,8758330
3/9/2018,215.3632355,217.2433979,214.2092693,215.8705756,8224955
3/12/2018,218.97435,219.8497748,215.5721517,216.367991,6277370
3/13/2018,215.6517487,220.5461403,214.6668957,218.8450486,6900820
3/14/2018,215.223999,215.8805525,212.8862237,214.8758145,6045500
3/15/2018,215.9999237,217.2533604,214.6072011,215.8705955,6840855
3/16/2018,211.0458374,215.2737178,210.1803703,215.2040901,13624550
3/19/2018,208.7080536,212.010766,207.9619571,211.8317102,9400115
3/20/2018,207.9719086,209.1955026,206.6388865,208.4892064,4935780
3/21/2018,209.1258545,211.2845583,208.0216312,209.8620084,8705805
3/22/2018,209.5138397,210.797119,208.5289869,209.1258702,8826575
3/23/2018,206.6786804,208.2703591,204.6095042,207.0964927,9807460
3/26/2018,206.7880859,207.09647,204.699025,206.9174142,39086245
3/27/2018,208.877182,210.4987033,207.5143172,207.5143172,10743090
3/28/2018,208.4693146,210.2997344,207.0368068,207.7232181,29636940
4/2/2018,218.1685638,218.944503,208.7180081,208.7180081,13330135
4/3/2018,219.5115204,219.8696473,216.3679638,217.7606711,6725650
4/4/2018,214.5375671,221.2026929,213.8809986,220.6257098,6525390
4/5/2018,222.4959412,223.033124,215.7711146,217.2434227,9938470
4/6/2018,222.6749878,223.431042,219.2528894,222.0383194,6466925
4/9/2018,222.4859619,226.3159299,221.839351,222.8142462,9255470
4/10/2018,221.5707703,225.7986506,220.9241593,222.8341646,5992515
4/11/2018,224.047821,224.6248042,220.8445786,220.8445786,4416230
4/12/2018,225.7389679,226.2861084,221.5409301,223.5504211,6722045
4/13/2018,229.0217896,230.2055985,226.2363595,226.5944864,14760390
4/16/2018,233.1999359,233.7769191,227.8081467,228.3055444,8126910
4/17/2018,231.7574768,234.2743079,230.9118947,233.9758662,4562910
4/18/2018,229.5888062,232.2847082,229.0317232,232.2847082,4448050
4/19/2018,229.5788727,231.9066902,229.0217897,230.7925242,3303645
4/20/2018,229.3699646,231.5883539,227.8180711,228.9720374,6090280
4/23/2018,232.5831604,234.2046665,229.4495459,230.5338844,6770770
4/24/2018,231.9862518,233.2695462,229.5291063,233.2695462,4961760
4/25/2018,232.3543243,232.8815646,228.9322264,231.5883278,6258845
4/26/2018,235.905777,237.3084421,231.001443,232.583164,15984510
4/27/2018,236.5125885,240.1435854,234.4633126,236.7612873,9081330
4/30/2018,240.9593201,242.4912982,237.4377362,238.5419596,17153405
5/2/2018,250.0617065,256.3388629,243.366738,245.1175724,44457135
5/3/2018,245.4259491,251.3250778,243.8939559,249.6936141,14888205
5/4/2018,245.4060822,246.7590045,241.5562288,246.7490468,9572795
5/7/2018,247.7140045,248.4402161,244.6003051,245.7144712,11527340
5/8/2018,247.0772858,248.2014092,243.8840016,248.2014092,13371440
5/9/2018,248.9276276,249.7533095,245.2966307,247.047465,8356080
5/10/2018,248.2014465,250.688435,247.2862366,249.594154,4922335
5/11/2018,252.1408234,253.1555036,248.3108554,248.6988249,7081180
5/14/2018,252.9963837,256.2891541,249.9423544,252.2801297,8371965
5/15/2018,255.4335938,259.5321761,250.5392176,253.4738609,19896975
5/16/2018,254.946167,257.2640269,251.6832393,253.0759468,6905970
5/17/2018,252.817276,257.850953,251.68321,255.6623912,11007855
5/18/2018,257.5326233,258.0598636,252.0811339,252.2801051,16842745
5/21/2018,254.0010834,258.6368179,252.5884759,258.6368179,9994395
5/22/2018,251.2256012,255.5131817,250.4198194,254.0309313,6788225
5/23/2018,249.7632751,251.6732804,247.1071582,250.6884275,7563955
5/24/2018,253.7623596,254.5780991,247.9328579,248.7983402,7862165
5/25/2018,257.8211365,260.0096681,253.1754286,254.259752,5328215
5/28/2018,258.0797729,260.5767192,256.6174224,258.6468136,7639045
5/29/2018,255.5132141,258.8258696,254.3592478,258.0698457,5472950
5/30/2018,259.293396,260.318034,252.7376984,254.0408779,10222160
5/31/2018,265.5307922,278.5427023,258.9352941,260.0196174,33424490
6/1/2018,262.2280884,265.4114156,260.0693689,262.0291171,11663440
6/4/2018,259.4326782,265.4113774,257.2540741,265.4113774,7310235
6/5/2018,259.5819092,261.1636302,258.0897161,259.4326959,10427190
6/6/2018,261.7704773,262.8150003,258.6468052,260.0395126,5151345
6/7/2018,260.7259216,265.5506854,259.9400248,263.4218087,10246015
6/8/2018,262.2977295,263.6108364,258.8955157,260.2384956,9240235
6/11/2018,263.292511,264.5857329,262.4270135,263.4218089,6556110
6/12/2018,264.4763184,265.1428447,262.6458983,264.4166331,4888760
6/13/2018,263.7500916,264.9339004,261.1636176,264.8941001,7476990
6/14/2018,265.1427917,266.2171573,262.5264752,263.6107985,7921145
6/15/2018,266.6051636,267.5004734,263.0935371,265.1328555,8291175
6/18/2018,261.6908569,266.8041195,260.9845608,266.6051483,9018440
6/19/2018,259.293396,263.0537211,258.6865854,261.6908564,8084725
6/20/2018,263.5411987,264.2972226,258.4577787,260.4374117,5626690
6/21/2018,261.4222412,265.0134373,260.8552007,265.0134373,4577330
6/22/2018,262.9045105,263.4217931,260.3279942,262.2777846,6336050
6/25/2018,264.2176819,265.6103895,261.6312076,262.8249743,5256485
6/26/2018,264.5857544,267.0230155,262.6558487,263.0239182,8185110
6/27/2018,263.4615784,266.5653348,262.645839,265.0134566,6542350
6/28/2018,266.4261475,268.5749095,261.0542576,262.42705,21541805
6/29/2018,267.1920776,270.5843334,265.670042,265.8093279,11526965
7/2/2018,266.1973267,269.4702124,265.0135176,268.3659736,6508435
7/3/2018,269.2214661,269.9874475,264.1380461,266.0082662,7436185
7/4/2018,271.6288757,272.5540585,267.8685503,269.6094423,6738890
7/5/2018,271.579071,274.0760165,271.2806446,273.1707493,9070555
7/6/2018,272.8127136,273.9268797,270.2262696,270.2262696,5210920
7/9/2018,275.5782166,276.1054569,272.0765476,273.5488558,9378320
7/10/2018,273.0016785,276.2745636,271.8178696,275.7871236,7380115
7/11/2018,276.0871582,276.6644207,272.1158779,273.0813232,7236090
7/12/2018,276.6544189,278.784382,275.1415693,277.6696475,7998395
7/13/2018,279.5508118,281.0537294,275.7487462,275.7487462,7195995
7/16/2018,280.3669128,282.0688725,278.3265538,280.6356337,7525645
7/17/2018,278.8042908,281.8200579,277.3312617,280.3669239,7246275
7/18/2018,278.3961792,280.2673536,277.1321554,279.4810558,6865075
7/19/2018,268.2142944,280.2773633,265.5170011,280.2773633,30066400
7/20/2018,265.4075317,272.0262914,264.9497008,266.7412343,16529215
7/23/2018,266.1539612,268.9308649,263.2178054,264.7505804,9788330
7/24/2018,261.2173462,268.5228683,259.8040022,267.1393822,15629820
7/25/2018,261.744812,262.2623587,257.5844221,260.5703313,15585390
7/26/2018,261.0182495,263.2576816,257.65412,261.0978604,18322485
7/27/2018,260.9884033,264.1534602,259.9035265,261.3765558,9429105
7/30/2018,259.8238525,260.3513619,255.8924237,260.3513619,8601690
7/31/2018,260.1423645,261.4860298,256.2208679,259.5352442,9138695
8/1/2018,261.3068848,263.9742898,259.7442516,259.7442516,8422445
8/2/2018,254.8374176,260.9684884,254.1406933,260.6997371,10325285
8/3/2018,260.6698608,261.5656275,256.6587908,258.1816032,13728745
8/6/2018,255.3549347,261.5656157,254.5985099,261.5556833,9478805
8/7/2018,255.5341187,258.5598487,253.6331012,256.1910224,8756960
8/8/2018,256.4497986,258.7190884,255.3052061,256.3900828,7585360
8/9/2018,254.2501831,257.1863243,252.8269069,257.1863243,7113895
8/10/2018,255.8924255,256.7682971,253.2050951,253.4141154,7697420
8/13/2018,256.2208862,257.0370421,253.8023068,253.8023068,9906555
8/14/2018,257.385376,258.5399312,255.792885,256.7881881,8026645
8/16/2018,247.9101105,253.2051153,247.382601,252.8070002,28747470
8/17/2018,251.4633484,253.5932966,247.8304978,249.2239162,16269850
8/20/2018,253.7525177,254.847342,251.1050079,251.4633176,5273715
8/21/2018,251.4931946,253.3245639,250.8661639,252.6577126,5717355
8/23/2018,248.3679199,251.6126176,246.4370447,251.6126176,15759965
8/24/2018,249.7215424,251.6026646,247.3029631,248.6068077,11071805
8/27/2018,253.7823792,255.7829329,250.4779808,250.8263277,12497515
8/28/2018,255.8127899,257.783501,253.8321465,254.6781602,8043980
8/29/2018,256.5095215,257.7835083,253.8022958,255.225572,7367820
8/30/2018,254.4094238,255.1957066,251.4931779,255.1957066,11864215
8/31/2018,256.2408142,257.5844492,253.9117932,253.9117932,7848165
9/3/2018,252.6278534,257.7835164,251.8116975,257.1863285,10383735
9/4/2018,250.3386536,253.86202,249.0447564,252.8070011,10007445
9/5/2018,246.4669037,252.0107339,244.3668136,250.2191853,11312730
9/6/2018,250.9955444,251.7320742,246.4669272,247.2332997,14738165
9/7/2018,247.8205414,250.8163985,246.4569657,250.2192105,7261450
9/10/2018,243.520813,247.1337682,241.8586586,247.0342318,12189100
9/11/2018,240.1467438,244.3767822,239.6192343,244.2473879,11436865
9/12/2018,244.9241791,245.5910303,238.8727346,240.0670953,10526440
9/14/2018,246.7455902,247.7607884,244.5559265,246.8351638,9606245
9/17/2018,244.9241791,246.6161912,243.1823987,244.3767594,9308395
9/18/2018,241.9183655,245.6109466,240.962883,244.4364811,11353325
9/19/2018,244.2274933,245.6408219,242.2567821,242.2567821,10385120
9/21/2018,234.9313354,248.0295278,227.5262932,244.247373,22665640
9/24/2018,228.6609497,235.4787671,227.7850781,234.8915419,17288950
9/25/2018,235.5583954,237.1011183,222.9777641,228.1234796,18880355
9/26/2018,232.7814789,236.6133865,231.1690776,236.1057874,12230885
9/27/2018,227.4167938,234.3241841,226.7200696,233.2990232,19836580
9/28/2018,227.2476044,231.5075003,225.6053452,228.3225183,17108015
10/1/2018,223.3460236,225.0977668,199.4985683,216.9760894,52675400
10/3/2018,218.6183167,226.6404723,216.1997374,222.3308081,14809870
10/4/2018,213.890625,217.8818001,210.3274534,215.9807675,17195555
10/5/2018,209.4516144,216.767084,207.1126457,213.1342333,18835195
10/8/2018,219.8226471,222.3109049,207.8491518,209.0236022,20339050
10/9/2018,220.6487427,224.2417874,216.0803052,220.1610387,15574240
10/10/2018,226.4812164,228.2429071,221.4051647,221.6539905,16926305
10/11/2018,222.0620575,222.9478766,217.9713615,218.9666645,11416085
10/12/2018,232.3336029,233.5279788,223.3460168,223.3460168,31383075
10/15/2018,232.9904938,235.6479512,230.4126624,232.9009201,15909195
10/16/2018,234.0455017,235.2299147,231.4577229,233.1995032,18427010
10/17/2018,234.0952759,236.6133914,233.3487986,235.8868244,23964220
10/19/2018,238.6637115,240.0670925,231.029739,231.9056105,17833920
10/22/2018,231.7065582,242.6946975,230.4126612,239.9078458,21713015
10/23/2018,233.7867584,234.8517401,227.6357922,228.9197266,11187685
10/24/2018,234.31427,237.8874047,229.7060115,235.8868508,21549170
10/25/2018,236.0460968,237.7181988,231.9056321,233.4981232,18069465
10/26/2018,230.6316223,237.4793121,229.3775459,235.8868212,9211060
10/29/2018,226.5508881,229.4969919,218.6581417,229.3377398,18556500
10/30/2018,223.7043152,228.1234633,222.012303,226.9291026,9753165
10/31/2018,222.778717,225.9338264,220.3601224,224.7593759,13824200
11/1/2018,220.8677063,224.2915513,219.1856417,223.6844158,13346585
11/2/2018,225.5754852,228.1234586,221.4549312,222.5995236,19503550
11/5/2018,224.82901,225.933797,222.0521211,225.933797,7019100
11/6/2018,224.0029144,226.929108,223.176811,224.6299602,10531665
11/7/2018,225.7944641,226.7897672,225.4062965,225.7347484,817830
11/9/2018,226.0433044,226.7002082,222.1018972,225.3366325,8184035
11/12/2018,229.65625,231.2984941,226.5608567,226.7300564,11436895
11/13/2018,232.0847626,233.179602,226.9291,228.9197061,10588105
11/14/2018,224.9185944,233.8962327,223.4256397,232.9208399,13534490
11/15/2018,231.3582306,232.104708,225.3366431,226.7300767,15245955
11/16/2018,232.6222534,233.498125,229.4671443,233.2990523,9310215
11/19/2018,233.9460144,236.6731354,231.9056399,233.8962462,10028470
11/20/2018,232.890976,234.5531303,231.3382904,232.9009235,9025805
11/21/2018,234.2346344,235.8868412,232.871074,232.8909843,7162860
11/22/2018,233.0203705,235.2896605,232.4231977,233.0999966,6285445
11/26/2018,233.0104065,234.8915287,229.5268457,233.5279684,12281895
11/27/2018,233.607605,234.682519,231.5274099,231.5274099,8688795
11/28/2018,230.960083,236.4242872,230.4325736,233.328894,9754780
11/29/2018,241.4505768,242.8340475,230.3131326,232.00516,33036205
11/30/2018,245.6308289,246.5166479,238.4148819,240.6642764,15027475
12/3/2018,244.068222,247.6314089,242.5354468,246.8351634,9089565
12/4/2018,243.9089661,246.0986298,240.8633411,244.2473655,7825650
12/5/2018,241.1619568,244.5260711,239.4699445,243.1625107,14282635
12/6/2018,234.9412994,239.8680467,233.1298405,239.8680467,15486500
12/7/2018,254.7279205,267.9256496,234.125149,235.0905942,169038095
12/10/2018,238.5442963,256.7683091,236.4840267,247.6513289,94740175
12/11/2018,242.5951691,246.636097,233.0999695,236.6830666,50392955
12/12/2018,246.2678528,251.0154531,243.6900213,244.725145,32819995
12/13/2018,251.6922607,253.1653051,244.5658867,246.8351766,21138660
12/14/2018,250.0101929,253.1453916,248.2485021,251.6922576,13357645
12/17/2018,243.3416748,252.0107568,240.2761393,250.8163961,36928205
12/18/2018,246.2579041,246.7655032,241.6596084,241.8387556,18392330
12/19/2018,243.9786682,247.9698284,243.2719963,246.5963052,15160015
12/20/2018,246.0986481,246.7157463,241.9780937,242.8141599,11504770
12/21/2018,244.2871857,247.4124367,243.5805138,246.8351591,11040145
12/24/2018,246.5365906,247.5219462,243.0530295,244.8445782,7699145
12/26/2018,248.4575043,248.9850137,240.9628735,245.740316,11896120
12/27/2018,246.8849487,250.547657,245.9095559,250.2689734,13268690
12/28/2018,247.1038971,249.0049144,245.8498055,247.6811747,8700670
12/31/2018,250.1196594,251.31402,245.5412593,246.2379684,11621760
1/1/2019,248.9153442,250.0201313,247.2830478,249.6220161,6012900
1/2/2019,246.9545898,248.4774023,244.2473643,248.407739,8568385
1/3/2019,245.8896484,249.0248473,244.3767834,246.8351834,9129440
1/4/2019,248.4177094,249.2239025,244.8445747,246.4370658,7343980
1/7/2019,248.1489716,249.6220159,247.0342218,249.0148804,6057280
1/8/2019,244.6256104,247.6712356,244.0383851,247.4323726,8307640
1/9/2019,246.4868164,247.6314241,244.4663522,246.3076691,8238110
1/10/2019,242.7644043,247.2333059,242.1274109,246.6361331,8257215
1/11/2019,243.4909668,244.6853276,241.5003605,243.8492765,10646495
1/14/2019,241.2117004,243.7397635,240.1467189,242.2567565,6823475
1/15/2019,241.5401459,242.8539532,240.9230628,242.2567653,5769355
1/16/2019,239.420166,242.2468232,238.4746311,241.9979974,11873245
1/17/2019,242.8440399,243.8592383,238.8727746,240.4652658,19672500
1/18/2019,246.8749695,247.432352,242.1572426,242.873862,12992860
1/21/2019,252.3292542,253.9018349,243.3814735,246.9745184,48926830
1/22/2019,257.1365967,260.3613694,253.4241047,254.5985704,45363400
1/23/2019,254.1008911,258.5598449,253.0160144,258.5598449,16292910
1/24/2019,252.3591003,254.1008807,251.4135654,253.6032292,7298880
1/25/2019,252.0406189,256.3303883,250.527769,252.5681284,7206480
1/28/2019,250.9059753,255.7929176,249.8210985,252.6079505,10272960
1/29/2019,249.1044464,253.4041629,248.4276476,250.8163689,12957950
1/30/2019,243.2919006,249.9206232,242.416029,249.8210868,13771160
1/31/2019,249.9703827,250.8163965,241.1420485,243.2520864,14843300
2/1/2019,249.9604034,252.9662229,246.874958,250.2291395,10945770
2/4/2019,253.2449341,253.7425857,247.8304826,247.8304826,6896595
2/5/2019,254.6284027,256.1910207,252.3093446,254.0013569,9588910
2/6/2019,254.6980438,256.5493233,254.0710132,254.7975802,5793705
2/7/2019,255.7033234,257.7835032,253.8620066,254.7975939,5992050
2/8/2019,258.6593933,260.968504,254.2601551,255.5938425,12407165
2/11/2019,259.0873108,261.7646782,257.5843936,257.9825391,15723375
2/12/2019,258.5101013,260.7694286,257.8432348,258.7788222,7410050
2/14/2019,256.1511841,259.2266973,253.1155219,259.1769139,12455555
2/15/2019,255.5241852,256.7882092,252.8069967,256.3502734,10034775
2/18/2019,254.2103729,256.3900892,253.4539328,254.9966709,6325865
2/19/2019,254.8871613,255.8426437,253.1752387,254.2003997,6341640
2/20/2019,256.7384644,257.1863326,254.6383589,255.0563996,6751010
2/21/2019,256.6189575,258.301022,255.4942907,257.1663924,9095470
2/22/2019,246.4171448,250.4182675,243.8492609,249.0248341,419299520
2/25/2019,247.0242767,248.1987271,244.8445605,247.5119655,18677950
2/26/2019,246.0687866,248.7660648,242.8738721,243.6502073,25132855
2/27/2019,242.0875702,247.1536745,241.0823195,246.4370551,26943610
2/28/2019,241.480423,243.8591967,240.8633399,241.5003333,43614180
3/1/2019,244.0383606,244.94409,242.3264381,243.1923469,10814170
3/5/2019,246.9247131,248.0892158,242.4159918,243.6302627,15642255
3/6/2019,247.0939484,248.2285933,246.1583762,247.2532005,11534170
3/7/2019,246.2778015,248.0295295,245.8796712,247.6314143,7172805
3/8/2019,246.6161957,247.5318727,245.1829568,246.2379756,5257165
3/11/2019,248.7361908,249.8011572,245.6407977,246.4370432,10326930
3/12/2019,251.4832458,253.2051161,249.4428713,250.9059682,17706800
3/13/2019,251.0652008,252.6278339,248.2385437,251.5130842,12127350
3/14/2019,252.5979767,254.2900042,250.2192028,251.4135787,12486930
3/15/2019,263.7851868,266.611844,252.8069945,253.1852145,51967525
3/18/2019,267.4677734,270.7224032,264.9098376,266.7411913,26923700
3/19/2019,268.2839661,269.7271679,266.4526118,268.7318647,15586060
3/20/2019,269.0503235,270.3043847,264.9496798,268.552672,19847040
3/22/2019,265.994751,271.6480652,264.9496949,269.6674218,13100245
3/25/2019,260.5006714,264.9198192,259.4157947,263.9444113,14347820
3/26/2019,267.3284607,268.3237638,260.7793795,261.2173153,10255850
3/27/2019,265.3179626,271.4987866,263.7652922,268.7218823,15197290
3/28/2019,266.8905029,269.1299348,264.5316396,266.3430984,23083475
4/1/2019,266.6218262,271.1205857,263.9643533,265.9450273,15837560
4/2/2019,266.6317444,267.7066583,264.3524919,267.5374434,8877995
4/3/2019,265.5866699,270.2148232,264.9496917,267.1393403,13832830
4/4/2019,263.3372803,267.6867803,262.1727927,266.2236836,12964745
4/5/2019,265.9350586,266.7512145,263.9842729,264.7506454,8718645
4/8/2019,267.3881531,268.2341667,265.3876146,266.9402849,7939335
4/9/2019,267.0298767,268.1645064,263.1780586,266.7312676,11234215
4/10/2019,268.7119446,272.3049742,266.3530507,266.3530507,15156035
4/11/2019,267.3782349,268.7218697,265.4572768,268.6721167,6742865
4/12/2019,267.4279785,268.3337079,266.0544554,267.3782255,8524160
4/15/2019,273.4794312,274.3055498,267.4280015,268.333731,14395115
4/16/2019,275.9776306,276.7838237,272.7329329,275.1814003,11663980
4/18/2019,272.6433716,277.0923777,271.2897739,275.9776431,12044680
4/22/2019,270.0655518,271.8770108,267.9555139,270.7224555,12095540
4/23/2019,269.7967834,272.4243675,268.9308747,270.3143301,8098435
4/24/2019,272.0661316,272.7130726,266.671575,269.727163,9672055
4/25/2019,270.802063,274.1064767,269.727149,272.4940905,9037990
4/26/2019,274.5543518,275.5795127,267.2985841,271.1205441,12804320
4/30/2019,276.0075073,278.0876872,268.9408491,275.1415985,31052865
5/2/2019,279.9489136,283.0144644,275.2013284,277.4905135,23904025
5/3/2019,282.2281494,285.801284,278.7246934,279.9588595,21348375
5/6/2019,280.7550659,282.0688732,278.6251332,278.684849,10547535
5/7/2019,280.307251,283.661418,278.5356125,280.6755083,13933680
5/8/2019,279.1228027,281.6508811,276.4354722,279.4810973,12696575
5/9/2019,275.7985229,280.2574618,271.9765623,277.5303408,23523910
5/10/2019,278.3165588,279.9786977,272.3347786,272.7129986,20748545
5/13/2019,276.5648804,278.6351279,274.7136311,277.8886506,8274820
5/14/2019,275.2908936,278.087693,272.4343784,276.3956958,14651480
5/15/2019,277.8488159,279.3915236,274.444866,275.4998848,10611000
5/16/2019,281.3025513,283.3528735,274.4349652,278.0678158,7116800
5/17/2019,290.6285095,292.5792951,281.7503924,281.8698543,18996095
5/20/2019,299.0985413,299.6459458,290.8474701,296.7993936,23343645
5/21/2019,296.1823425,301.5370791,295.3662169,299.1881779,16121390
5/22/2019,297.6453857,302.1143174,296.3415411,297.1975176,12493315
5/23/2019,298.5411682,309.7184023,296.4410629,302.3730607,28982870
5/24/2019,300.9199219,303.3683589,296.6003103,300.5815225,14366950
5/27/2019,304.4433594,305.1599789,298.5909715,299.9147114,11140315
5/28/2019,300.7805786,305.1599057,298.5908999,305.1599057,9966510
5/29/2019,301.3578796,304.5627569,298.9890533,300.4421874,7254130
5/30/2019,305.6277466,306.9017334,300.9597724,301.3578875,14697095
5/31/2019,303.0001221,307.3495919,292.1015711,305.7571312,13801070
6/3/2019,304.8115845,305.5182412,299.7853158,301.2185547,6176510
6/4/2019,304.8314819,306.5533673,303.0100906,304.562761,5872165
6/6/2019,301.4275208,306.7324724,298.7899739,305.0703334,10224595
6/7/2019,300.9398499,303.3286017,296.1524441,303.3286017,7669460
6/10/2019,299.10849,300.7606969,295.9235382,299.247847,8575750
6/11/2019,300.1236877,301.4275323,297.1079207,300.4421616,4724055
6/12/2019,295.306427,299.0885664,293.8433303,298.5909149,8842145
6/13/2019,299.387146,300.382449,294.0025832,295.0078186,11516575
6/14/2019,293.3854675,299.3971064,291.7432236,299.3971064,9767550
6/17/2019,290.6981812,294.2912107,288.8568644,294.2115998,11831110
6/18/2019,290.9967346,293.51485,289.6630322,291.6237804,12124090
6/19/2019,298.1530151,299.5464335,292.997352,293.2163199,19456650
6/20/2019,302.2437134,302.57215,297.9937496,298.6904739,12837830
6/21/2019,296.5604553,301.7758634,295.2466785,301.7758634,6074210
6/24/2019,292.7385864,298.0535021,291.4944574,296.4012951,10132655
6/25/2019,295.3860779,296.8491748,292.0219483,292.9873936,10262450
6/26/2019,296.7197266,297.7946708,293.6840646,295.6049921,11052310
6/27/2019,294.9282532,299.9246643,294.1120973,298.5909617,19302695
6/28/2019,294.0324707,295.8240042,292.9376312,295.6050363,9070430
7/1/2019,294.8485718,296.7794622,292.4996711,295.9832319,9521795
7/2/2019,292.9176636,295.9931766,292.0318597,295.386026,9018660
7/3/2019,293.6144104,295.0078286,291.0962948,293.4054053,13235240
7/4/2019,298.1530151,299.5563963,293.6144351,293.6144351,15129625
7/5/2019,302.0148315,302.572199,298.6009486,299.5564312,14836600
7/8/2019,293.6741028,301.2583068,292.6290468,301.2583068,8961290
7/9/2019,291.1958618,293.2163261,286.6473189,292.8182109,11487100
7/10/2019,293.7836609,294.9780065,290.7977513,291.2257244,10903660
7/11/2019,295.5950317,297.3567375,293.0271633,294.4106187,7992455
7/12/2019,295.4955139,297.656469,293.9519442,296.1527717,10362725
7/15/2019,300.3651428,300.9327787,294.4896951,296.5610282,8760770
7/16/2019,299.0406799,301.0422968,296.7601988,300.3452274,6757175
7/17/2019,305.6431274,308.0829164,298.1643617,299.1303274,31012670
7/18/2019,306.3700562,307.3658958,303.970079,304.9957926,11334100
7/19/2019,298.5328064,306.8679793,296.7602131,306.7186095,10471145
7/22/2019,289.6499023,298.1444436,287.2300193,297.3577218,17115785
7/23/2019,297.5568848,301.1419137,289.8391272,290.7851871,38298140
7/24/2019,298.1942139,300.7435608,294.0813914,297.3577122,14691180
7/25/2019,295.7743225,299.5485326,294.7585467,297.1585237,14194615
7/26/2019,301.1119995,302.326925,294.1809648,296.7601855,8406765
7/29/2019,299.2498169,303.6215676,298.1942293,301.4904561,10498675
7/30/2019,298.4929504,300.6639039,295.5751477,299.7477181,8718740
7/31/2019,302.6455994,305.662992,294.9178748,296.7800899,14739040
8/1/2019,297.9153748,302.5360546,295.9635377,299.9369279,11288765
8/2/2019,300.2655334,301.7294188,292.786799,296.3618594,19354045
8/5/2019,290.8050537,297.7560247,289.7992764,297.7560247,19322730
8/6/2019,295.8240967,297.5269738,289.1220855,289.6498793,14153040
8/7/2019,294.0316162,298.6722325,291.8905367,297.5369607,11811905
8/8/2019,299.2995911,300.7037286,292.169406,295.7643725,9660605
8/9/2019,305.1451721,305.8223357,299.5983385,299.9468884,12228295
8/13/2019,301.0223999,305.5235841,299.7975062,303.7509907,13829875
8/14/2019,297.1186829,301.8190469,294.6589883,301.7393931,11774540
8/16/2019,298.5427551,300.0464522,294.2705948,296.5610137,10848770
8/19/2019,298.0249329,302.6356755,296.8697552,299.7477465,7737990
8/20/2019,299.7676392,300.9925329,295.2963289,296.8697421,8623045
8/21/2019,299.8970947,302.2970719,297.9552257,299.5485448,7422075
8/22/2019,294.4199829,300.7435707,293.2548676,299.5386132,9373755
8/23/2019,292.8166504,296.1626565,288.0166968,294.7485814,18078965
8/26/2019,301.301239,302.6356605,289.4109113,298.751892,10938390
8/27/2019,299.0606079,303.2829584,297.6465326,301.540239,13704020
8/28/2019,295.4955139,298.9510788,293.4440866,298.5925607,11455030
8/29/2019,288.9627991,294.6689407,288.1462033,294.6689407,19656835
8/30/2019,285.098938,290.70552,283.4358724,288.4150706,23587665
9/3/2019,281.683197,284.6109681,279.8409179,284.6109681,13762825
9/4/2019,284.1031189,286.4035062,278.5662525,281.6433936,12098145
9/5/2019,280.8566589,287.1702788,279.9205672,285.1885675,11905115
9/6/2019,287.1105042,287.7179821,281.3246787,281.3246787,11226095
9/9/2019,293.0357971,293.6830868,283.6250999,286.6026508,16063780
9/11/2019,293.8125305,294.5494421,290.5859895,293.0357768,13024480
9/12/2019,290.2972107,295.4954946,289.1918129,294.7685208,12124770
9/13/2019,295.6149902,295.9635402,288.2358152,290.1876523,8842450
9/16/2019,293.7626953,297.1286378,291.7809844,293.5734834,9288840
9/17/2019,288.454895,294.9577262,287.5984572,293.025795,6772930
9/18/2019,291.7312012,294.5593818,288.7735566,288.7934624,9272125
9/19/2019,289.3113098,291.7411609,287.7976446,291.7411609,7249365
9/20/2019,306.4895325,318.4495754,288.8930643,289.7893139,35797445
9/23/2019,326.7548828,329.0253959,304.4879241,313.6894722,34270145
9/24/2019,322.2736206,326.9739849,316.6770067,325.3009816,18852705
9/25/2019,318.9873352,322.0545077,314.784891,322.0545077,17837720
9/26/2019,324.0163269,335.3888285,319.7142925,320.0628425,21540140
9/27/2019,327.3325195,328.5076031,319.8537537,321.8255272,12912805
9/30/2019,327.521698,331.0170743,321.5167561,325.6594524,16789295
10/1/2019,328.2685852,330.0212423,323.3889468,326.3964019,14627680
10/3/2019,321.805603,327.4819017,320.0628835,327.4819017,13272830
10/4/2019,311.3293457,325.3806282,310.1642,324.6437166,27438405
10/7/2019,309.8355713,317.39399,308.5708356,311.2994567,15227670
10/9/2019,321.128418,324.1955908,308.2621561,310.5625433,12992150
10/10/2019,315.6413269,320.1325735,312.0961402,318.6487821,7847105
10/11/2019,316.2288513,323.6478685,313.7293146,317.712673,12129205
10/14/2019,315.7807617,320.4611899,313.9384523,318.2703609,10050950
10/15/2019,321.7756958,324.5441288,314.1874027,317.7524952,13532355
10/16/2019,319.7740479,323.3092968,317.1948269,321.6561993,13431665
10/17/2019,319.5749207,321.3773881,315.9799235,320.6603823,10381745
10/18/2019,321.7059631,322.5723691,316.8761655,319.4255124,11788035
10/22/2019,324.4146729,327.2329161,317.0753395,324.0163431,24475410
10/23/2019,321.3873291,326.3764649,319.3259338,324.6437137,15426150
10/24/2019,321.2977295,324.6238304,318.1807464,322.632151,8000005
10/25/2019,316.3981934,321.4271717,312.5243623,321.4271717,14335100
10/27/2019,317.2745056,318.8678551,316.7068697,317.4736553,988045
10/29/2019,313.7990417,318.1508869,312.2953444,318.1508869,15012650
10/30/2019,314.4662476,316.3882108,313.450502,314.6654276,8386345
10/31/2019,313.5899048,319.6645328,311.8969956,315.4720563,12407105
11/1/2019,314.6654053,315.8703627,311.2994626,313.0919617,11098685
11/4/2019,312.9028015,318.0313702,311.6978439,315.4820228,7171965
11/5/2019,309.48703,312.6438549,308.7700243,312.4148009,11316970
11/6/2019,312.9028015,316.2687448,306.9178252,309.9949664,11236175
11/7/2019,315.4819946,316.0795045,310.4928586,314.0878252,12559560
11/8/2019,318.7184753,319.8637153,313.0919873,314.4662509,19568135
11/11/2019,322.0346375,322.5325573,317.075345,317.652949,14617870
11/13/2019,319.8238831,324.2454138,318.8877913,322.0545543,13019170
11/14/2019,318.1906433,320.7399901,315.4919266,319.8636769,13196490
11/15/2019,323.1997375,324.4445371,319.1665992,319.8636991,10342030
11/18/2019,324.0860596,325.639567,321.9649162,323.9765014,10074870
11/19/2019,323.408905,324.8628225,321.4869113,324.6238307,7982410
11/20/2019,318.5591125,323.4088461,317.9117926,323.2495081,7812180
11/21/2019,317.7226257,319.6446193,316.1790864,319.3558173,8369070
11/22/2019,312.5144043,317.4537604,311.7177143,317.0653988,9312170
11/25/2019,319.3956299,319.8636757,312.7035869,313.4902783,10092105
11/26/2019,319.5449829,320.7599083,316.9358883,318.8678193,7784040
11/27/2019,322.2337646,323.4486902,319.0072541,319.6545437,10204415
11/28/2019,321.656189,323.8669541,320.0827758,322.0545187,11188800
11/29/2019,321.6960449,323.0503722,317.1350824,320.6603632,8652390
12/2/2019,325.2412109,325.9382804,318.7085058,321.5565924,11448520
12/3/2019,327.9797974,328.6270871,324.9325304,325.539978,11608915
12/4/2019,328.8760681,330.5988818,325.2811013,327.2926866,13520395
12/5/2019,328.4876709,330.6187825,326.7150774,328.876063,14684450
12/6/2019,333.4668579,334.6021297,327.2926702,328.6270917,18997535
12/9/2019,330.4694519,334.403001,329.9217218,334.1938831,9468700
12/10/2019,331.0967712,331.8038089,328.8361958,331.6145969,7065780
12/11/2019,335.9066467,336.7630846,330.4394972,331.8137606,10145585
12/12/2019,341.6925049,342.5688487,335.000461,336.6336527,13477940
12/13/2019,337.14151,342.3696683,336.0461107,341.8120005,17638170
12/16/2019,339.3722229,344.5605393,337.3904812,337.3904812,18310635
12/17/2019,341.234436,342.8476915,340.2983443,341.7821357,13234410
12/18/2019,343.4352417,343.7539177,339.8402749,342.3696859,22963340
12/19/2019,344.4609375,345.5165251,341.6327565,343.5547197,13507510
12/20/2019,337.1315308,343.4451499,336.056007,343.19619,15293395
12/23/2019,339.5614319,340.8161692,337.6095642,338.3863179,8727440
12/24/2019,340.8858643,341.8717358,338.5854771,339.5713486,8513520
12/26/2019,337.4402771,341.5730056,336.5340594,340.7862838,8234850
12/27/2019,335.7174683,339.5813311,334.8709985,339.5813311,7646830
12/30/2019,336.6734924,339.9398456,335.6975889,336.5938386,9341420
12/31/2019,335.4684753,336.8427388,332.6801367,336.6734327,9848395
1/1/2020,333.4170837,337.9382044,333.0087858,336.3946347,7375280
1/2/2020,332.9191284,335.2991996,331.5448649,334.6020997,9260445
1/3/2020,330.0411987,333.2079616,327.7407811,332.7996637,7970445
1/6/2020,329.1349487,330.1108521,326.3565478,330.0411664,7400435
1/7/2020,332.7797546,333.5565084,328.7067437,330.827887,12489655
1/8/2020,329.5930481,330.9075637,326.2370734,329.5631741,15629655
1/9/2020,331.6245728,333.357324,330.3598369,333.3075442,13342120
1/10/2020,335.5381775,336.9920947,332.8493986,333.4270025,12680415
1/13/2020,336.8128662,339.481709,335.7074685,336.99211,9039790
1/14/2020,333.9647522,337.8087088,332.809605,337.788803,10684460
1/15/2020,333.7257996,335.9166591,331.7938681,333.7955156,12451225
1/16/2020,338.8942261,339.7008538,334.3830732,334.3830732,16606410
1/17/2020,338.2070618,339.7506315,336.6137122,339.3622394,11479375
1/20/2020,322.2337646,340.3779634,320.8595315,340.3779634,40020170
1/21/2020,323.6677856,324.7632153,315.7210048,319.6645213,28727345
1/22/2020,315.7807617,326.2171419,313.8886724,325.2810806,27395810
1/23/2020,319.8338623,320.3417199,314.9442855,316.2787071,17478415
1/24/2020,327.2229614,328.4279189,316.0795128,319.7541637,21264685
1/27/2020,322.3233948,324.4445075,320.3416534,324.3847595,9372145
1/28/2020,323.8569946,326.2370659,320.7101378,322.6520372,9905520
1/29/2020,326.7250366,327.8702462,323.2595036,325.2412452,11137465
1/30/2020,324.295166,326.6951431,322.1541169,326.1972233,7950780
1/31/2020,336.9423218,344.3613083,335.2294765,340.507414,47475230
2/3/2020,333.8552551,334.7614729,325.4403976,327.750753,12551470
2/4/2020,338.2468872,339.1431368,332.6403053,335.4087382,10352085
2/5/2020,336.5440063,340.0692567,334.0245334,338.9837951,10482560
2/6/2020,333.407074,338.1671859,332.2120847,337.3705264,12663090
2/7/2020,329.2345276,334.1938199,327.4320603,333.755648,11450755
2/10/2020,332.4710083,333.5266263,327.7706744,330.6187612,6775620
2/11/2020,334.0942383,335.7573039,331.9233151,335.0900779,9573830
2/12/2020,341.5531006,342.5688461,333.6062891,334.6220346,15052685
2/13/2020,336.5539551,341.5132474,335.0601956,341.5132474,11234600
2/14/2020,334.7913208,339.1829771,331.3357561,337.7888078,9460785
2/17/2020,336.8128662,338.4261215,333.0585619,335.5979407,9063825
2/18/2020,336.7929688,338.5456258,334.2635276,335.1000293,11095195
2/19/2020,338.8045654,346.5521967,337.6692936,346.5521967,15842670
2/20/2020,335.7871399,338.4360767,333.8452406,338.0476847,10499515
2/24/2020,334.2535706,335.3490002,331.0768397,333.008771,9630665
2/25/2020,333.7655945,336.5340273,332.2818032,333.8452483,7677775
2/26/2020,331.9133606,334.1440622,330.0212712,332.6303664,12929475
2/27/2020,335.1498108,336.3747045,330.7382486,331.8137724,13446760
2/28/2020,322.7217712,330.6386784,321.4072556,329.6030271,18716560
3/2/2020,318.4695435,326.0976797,315.5218663,324.8429422,23814235
3/3/2020,323.9067688,325.9083855,316.0794544,319.425491,14591930
3/4/2020,320.2520447,325.2611165,314.2072912,325.0818727,12651105
3/5/2020,328.8959351,333.9050071,320.2620227,321.6561921,25304810
3/6/2020,324.8528442,327.4320653,318.3102008,319.7043703,17711215
3/9/2020,314.3168945,320.6504205,307.2364583,317.6728695,27677505
3/11/2020,316.5375671,319.6446123,307.2165229,313.8786924,23571010
3/12/2020,291.7909851,308.0032534,269.065917,300.723668,39039565
3/13/2020,292.7868347,299.7477444,233.4347836,278.835111,57044450
3/16/2020,275.5886536,287.7478775,273.8559023,282.2209492,32902600
3/17/2020,263.4393921,279.422604,259.5356878,277.2417131,24105575
3/18/2020,233.414856,264.6941679,231.4530506,264.0966885,55827210
3/19/2020,241.1624908,249.6769231,199.3670987,218.0988405,49586245
3/20/2020,251.419632,255.6519504,228.3460296,242.3873592,51895950
3/23/2020,218.7361755,239.8878154,214.732911,226.553523,33472025
3/24/2020,229.620697,236.0139854,207.3537229,229.670492,36859170
3/25/2020,256.9565125,263.6983362,224.0738818,227.051448,32245300
3/26/2020,273.4476013,276.8434181,249.5175761,258.9183047,36274745
3/27/2020,278.6558228,288.7934618,273.766247,286.0051233,51116430
3/30/2020,257.6635437,274.8517459,254.0984511,267.9207104,27851625
3/31/2020,258.1315918,264.8933517,255.9307946,264.5547698,22384305
4/1/2020,235.3467865,257.9025637,230.6364692,257.9025637,54192310
4/3/2020,227.2207336,235.6156699,216.4955362,235.3467889,50557355
4/7/2020,238.6131439,244.7873468,233.2256477,243.1840444,42762850
4/8/2020,236.5417938,247.4761091,231.1045178,235.9741731,37025435
4/9/2020,253.520874,255.1739564,237.0297709,241.9890484,40487010
4/13/2020,249.1391602,250.3839597,242.1882035,248.9599163,21252680
4/15/2020,233.7733459,253.1324702,229.7003656,252.1167095,45228380
4/16/2020,225.2290344,232.0206676,221.9626818,232.0206676,55276025
4/17/2020,236.2629547,238.5932158,226.0555984,236.4820406,42926975
4/20/2020,234.5700378,243.8811297,233.4746081,242.98488,32800900
4/21/2020,225.0896301,230.0389543,224.0639165,229.0431147,23998980
4/22/2020,229.4713135,232.3791785,220.71789,224.4722096,34818460
4/23/2020,248.8901978,249.9557535,230.6563761,233.4248091,52791235
4/24/2020,246.8786011,250.5532517,241.6603961,242.7856997,33921175
4/27/2020,259.6352844,263.8775706,249.3383073,249.3383073,38857060
4/28/2020,264.2261353,266.1879407,260.9299083,260.9299083,33391940
4/29/2020,264.4651794,269.2750722,261.945706,264.2958733,33516145
4/30/2020,270.3106995,274.8517255,265.6999573,266.8850089,31362610
5/4/2020,254.4967804,260.0933944,251.6885205,257.9224712,25482195
5/5/2020,246.6395874,259.4958649,243.9806975,258.3207814,25024205
5/6/2020,248.1532745,254.417099,241.8396551,245.1757086,23021370
5/7/2020,238.9616699,246.9682134,235.8646083,245.0761243,34216360
5/8/2020,242.477005,247.5557782,241.2023315,243.3832075,17556020
5/11/2020,236.7011261,249.4180025,236.0139943,247.0777733,23370405
5/12/2020,230.4771118,234.6198081,226.4539115,234.6198081,51342750
5/13/2020,236.3525696,242.984865,233.5642156,241.9989783,59574620
5/14/2020,233.6438751,241.7898507,232.4588236,234.7990527,35499850
5/15/2020,234.6795807,236.9899208,229.8796262,234.9882886,19319900
5/18/2020,221.80336,234.2214816,221.0764013,234.0223167,31987080
5/19/2020,225.1493835,233.0065578,224.1236699,229.0431202,31914605
5/20/2020,231.054718,234.6198258,222.0722402,225.0597591,26271940
5/21/2020,229.0929108,236.9202109,227.9676071,232.0306346,29885640
5/22/2020,231.0746307,232.4688154,222.3710017,227.0514451,25948740
5/26/2020,229.6804352,234.0222963,227.957637,231.0347776,27353985
5/27/2020,242.4968872,247.5657221,231.2339441,231.8214858,58726830
5/28/2020,244.8670044,249.9358244,240.9135199,243.7815429,53550015
5/29/2020,243.7815399,244.9367175,239.0114597,242.2877805,27486760
6/1/2020,248.6412354,254.7756112,246.5699023,248.7607464,34717880
6/2/2020,267.4625549,269.52395,258.5298736,263.4991332,86600150
6/3/2020,276.1562805,284.4516415,267.323188,271.6650341,61722075
6/4/2020,265.7696533,274.8616729,264.9630257,274.8616729,30020720
6/5/2020,266.4468689,270.4700698,263.1008621,267.6817004,28440585
6/8/2020,266.2377625,271.8642509,262.0054435,269.8725714,26511485
6/9/2020,259.744812,270.868353,258.7390347,267.2733868,27386665
6/10/2020,265.3414612,267.7414078,259.6352896,259.8145334,24381800
6/11/2020,258.6593628,265.769672,256.7672737,265.6899878,21884065
6/12/2020,254.8951111,256.8668692,245.2952179,246.9682212,44962120
6/15/2020,248.7408142,253.1722974,246.4105532,252.9432585,37767895
6/16/2020,254.2976074,258.081801,246.5898032,254.1382694,26331460
6/17/2020,247.7250519,255.9208075,246.2910556,252.8337139,27146320
6/18/2020,259.5855408,260.8900883,244.6479305,246.9682388,33362610
6/19/2020,259.4162292,262.0551982,254.2079921,259.714969,42463075
6/22/2020,269.9422302,275.8475514,258.1116517,260.8701163,38169335
6/23/2020,276.8235168,277.9786945,268.8866736,269.8725451,23349125
6/24/2020,267.6618042,278.4367975,266.2776028,277.2417776,26663085
6/25/2020,275.1903381,276.7936558,263.8975196,266.2875288,49925190
6/26/2020,266.9049072,275.4392595,264.2858747,274.8517178,33470980
6/29/2020,270.0020142,272.2426534,261.507503,266.1082774,19098405
6/30/2020,270.9580078,273.4376388,267.8908351,271.8443197,23888320
7/1/2020,270.2210999,271.8243871,262.1050126,262.7024921,44697925
7/2/2020,269.2749939,273.238446,267.3430628,270.4998874,24964910
7/3/2020,269.6335754,272.6011584,268.8866956,270.8485011,13840515
7/6/2020,272.4418335,275.1007391,271.0676001,272.8600996,16240365
7/7/2020,272.5115356,273.7364295,269.1754665,272.8600856,17871440
7/8/2020,269.424408,274.6226922,268.4783785,272.4617372,16915525
7/9/2020,272.4916077,273.7762493,268.4285649,270.0219144,17229575
7/10/2020,268.7472229,273.8558848,267.9903751,271.5455297,15089795
7/13/2020,265.9987183,271.8443226,263.7182673,270.8683888,16783485
7/14/2020,258.5797119,265.1721651,257.5838723,264.6543395,14574715
7/15/2020,256.9266357,261.2983865,254.9349564,260.1929887,21862715
7/16/2020,263.4294739,264.4750934,252.3457732,256.647808,21020285
7/17/2020,264.3854675,266.4667688,259.1374033,262.3041662,21000815
7/20/2020,262.7124329,266.2277453,260.7107856,264.8933239,17408710
7/21/2020,270.66922,271.46591,263.8975221,263.917428,22021225
7/22/2020,267.3530579,272.1330758,265.0825448,271.86421,20862875
7/23/2020,273.666687,274.8218646,265.9489299,266.8850215,21543595
7/24/2020,268.876709,271.864228,267.2037056,270.8683883,15561890
7/27/2020,263.4194946,274.7521548,260.9398636,271.8642258,37804195
7/28/2020,275.6583862,279.193605,262.7821861,264.9132673,33758855
7/29/2020,276.7338562,278.4267651,268.0600722,275.8475444,20338950
7/30/2020,275.8475647,283.7545334,274.0550656,277.8591497,30485515
7/31/2020,272.0136108,276.8334714,268.9464379,273.8559204,16115350
8/3/2020,260.6211853,270.0717242,258.9382139,270.0717242,26206300
8/4/2020,263.688385,265.1622082,259.3166344,262.9016632,24732980
8/5/2020,265.7298584,269.4742253,263.3000071,265.2916865,17378010
8/6/2020,266.9049072,272.3422131,265.0227863,267.8808409,18389150
8/7/2020,267.3829346,268.4385221,263.548946,267.1837545,14035345
8/10/2020,270.9082336,274.8517502,268.1198643,268.6775321,14800280
8/11/2020,271.7845459,275.8475579,270.3007243,273.4575491,12514625
8/12/2020,265.9090576,269.8426359,265.6003498,268.8766703,19200950
8/13/2020,266.1381226,270.5696208,265.6800449,267.2634261,16656640
8/14/2020,260.4020691,268.2393213,259.3763556,266.3970425,16657510
8/17/2020,264.4053955,265.6003849,261.3481605,262.9215738,14156700
8/18/2020,272.7305908,273.8459263,262.5033289,262.6228248,21309745
8/19/2020,269.9920349,275.030981,268.8667313,273.3281037,16983820
8/20/2020,266.5563965,268.8766894,264.923205,267.48252,14206945
8/21/2020,266.7655334,269.2750385,265.1024678,267.2833591,12425830
8/24/2020,276.2957153,278.1379943,267.3530646,268.398684,30145690
8/25/2020,278.855011,279.8309448,274.9612743,277.2417556,22811185
8/26/2020,286.1445618,287.1304333,279.4724543,280.8267817,28593240
8/27/2020,282.8184814,287.9669862,281.1355099,287.0010204,21417855
8/28/2020,292.1993103,293.5735436,279.0343077,280.8268071,53228510
8/31/2020,279.1039124,299.0505754,273.6566693,296.3618271,34868765
9/1/2020,284.9396057,287.2001508,276.0666707,282.7885884,21291070
9/2/2020,283.515564,286.3039029,280.2591488,283.8143037,16626250
9/3/2020,278.1778259,286.2042905,276.8434045,285.566969,11975745
9/4/2020,274.8617249,277.7795279,269.6733781,274.8517567,20508780
9/7/2020,272.611084,274.652543,270.151359,274.652543,11607735
9/8/2020,269.0161438,273.2882741,268.4186339,273.2384943,14119345
9/9/2020,264.1265259,268.9264493,261.5273689,267.4825002,17217005
9/10/2020,262.802124,267.4925211,261.9257801,264.8933937,16449740
9/11/2020,264.9630737,266.1281891,261.109179,262.3041684,17501570
9/14/2020,259.8544006,268.4684075,258.9183089,266.2875163,19455565
9/15/2020,263.688385,264.6642884,256.7274453,260.53156,25149565
9/16/2020,263.9771729,265.2916885,259.0278484,263.698339,16429435
9/17/2020,259.934021,264.2161492,259.1572674,261.9057942,16544955
9/18/2020,254.3573608,261.7066471,251.4495109,261.5274033,32645685
9/21/2020,256.4983826,262.7920954,253.5706121,254.1382327,34298955
9/22/2020,253.0528107,259.2170453,251.2901703,256.5382342,21191625
9/23/2020,254.0187683,256.4187302,251.9772941,254.944907,14176745
9/24/2020,248.1831512,255.9108764,246.171551,252.3457536,28080625
9/25/2020,249.5673676,250.632908,245.0960422,249.9656973,18199870
9/28/2020,254.6760406,255.7216753,249.6868742,250.5532651,9460495
9/29/2020,251.5988922,257.5042143,250.7723586,256.2892887,11747350
9/30/2020,252.5847626,254.3274819,249.3582367,251.5988759,14753080
10/1/2020,259.9241028,260.8701322,254.7158508,254.9349367,15811955
10/5/2020,261.8262024,265.6302872,260.6311825,260.9100164,19300040
10/6/2020,266.5364685,267.2833482,261.1190985,263.8974996,13162655
10/7/2020,263.837738,266.8850047,263.2701022,266.8650988,14173350
10/8/2020,262.9215698,267.1339824,261.1589446,264.1962433,25856265
10/9/2020,262.8717957,266.5364783,260.0336466,263.4991795,26563380
10/12/2020,261.4875183,270.509852,260.412025,264.494973,25875695
10/13/2020,267.8708801,268.8169399,260.3523034,262.8319343,24360745
10/14/2020,269.5439148,270.4700383,263.7281849,265.93895,16790105
10/15/2020,260.8203735,272.0534439,259.167276,269.5439388,17482370
10/16/2020,266.197876,267.5422655,260.6112305,260.6112305,11790145
10/19/2020,274.194458,274.8517158,265.5904201,268.8766785,19853580
10/20/2020,272.6210938,276.0467848,269.9721564,273.1986674,16140555
10/21/2020,277.5007019,278.8351235,270.5995399,273.8559249,21402230
10/22/2020,277.4508667,279.830938,274.3637881,276.4450893,18050460
10/23/2020,275.4591675,280.3686796,274.50317,278.8350782,11929255
10/26/2020,282.2010193,284.610934,268.3488874,278.6358966,40111940
10/27/2020,316.2089539,319.0670087,289.2914101,289.2914101,165834400
10/28/2020,308.979126,313.689458,306.9177612,313.689458,36224915
10/29/2020,312.8728943,316.4380173,303.7310936,305.125263,36430145
10/30/2020,308.1924744,313.6197824,302.4564281,313.4903184,21009920
11/2/2020,314.8247681,319.6246922,305.6829368,309.7061376,28562300
11/3/2020,317.3940125,318.9674257,312.7334902,314.8845075,26303090
11/4/2020,324.7831726,325.7989182,314.2870137,316.4778428,25440305
11/5/2020,333.6958923,334.60211,325.0520118,327.232903,30372525
11/6/2020,342.1804504,343.5646822,328.6270873,330.6187666,29788295
11/9/2020,344.1920166,348.9023181,338.6451832,344.5604724,26051055
11/10/2020,349.1314087,357.3968958,343.6542908,344.7596886,40019115
11/11/2020,360.0657349,362.17691,350.5355425,353.3238813,52671695
11/12/2020,349.4899292,358.3030856,348.2351615,358.3030856,33875995
11/13/2020,351.1928101,353.4832291,342.6385512,348.5239671,31322780
11/14/2020,352.6367798,353.5230917,351.5115065,353.3139739,1554265
11/17/2020,357.835022,358.9005776,351.4317808,352.8856981,29133725
11/18/2020,364.5967712,368.4207915,355.3454133,356.8092987,30876240
11/19/2020,363.7503357,370.5917796,361.6989085,362.2864502,43588840
11/20/2020,376.3078918,378.219887,360.9122194,362.4856326,45581330
11/23/2020,377.9908447,379.474636,372.6730649,376.9053832,52217195
11/24/2020,383.3783264,388.0587541,376.5966614,377.6223749,44749430
11/25/2020,370.9402771,386.1865787,369.0780619,386.1865787,34185845
11/26/2020,376.2481384,378.4290297,368.4706333,373.4398634,34322855
11/27/2020,379.8331299,383.428096,367.8531815,377.4231848,393510620
12/1/2020,373.6091614,384.394091,371.3585541,384.394091,39778990
12/2/2020,361.3304749,375.1627029,360.2947931,374.435729,37290055
12/3/2020,362.6848145,367.2656526,360.8325369,365.6723334,22312640
12/4/2020,367.7137756,369.8548247,358.9802732,364.0789671,19947155
12/7/2020,362.5951538,369.6556835,359.4981071,368.3511361,30160865
12/8/2020,365.2341614,366.2698127,361.9379346,364.9353912,19767180
12/9/2020,375.1427307,376.2281922,365.6922225,365.6922225,21853220
12/10/2020,379.0763245,382.3825194,370.4224755,378.4190666,23476080
12/11/2020,382.4820862,384.1351837,377.1244943,377.1244943,27332990
12/14/2020,386.2562866,387.7600141,378.2198541,385.190731,17284855
12/15/2020,388.6065369,389.9708324,382.2630125,387.979153,20709490
12/16/2020,388.8853455,391.3649764,385.6986465,391.3649764,13823490
12/17/2020,391.4545898,392.1616275,386.8936578,391.3649679,17301850
12/18/2020,388.2480164,391.1260077,382.671308,391.1260077,16858380
12/21/2020,382.5717163,390.169947,379.932717,385.389929,19707555
12/22/2020,379.0066223,384.4438985,375.6506474,384.3941187,25368720
12/23/2020,382.5517883,383.358416,376.9253005,378.61824,11704095
12/24/2020,390.4886475,393.9541805,381.8049243,382.0041044,16685820
12/28/2020,396.125061,397.5590724,390.7873756,390.9666194,13715345
12/29/2020,398.1964111,401.7216919,394.9499947,394.9499947,15764325
12/30/2020,401.9109192,403.7133865,398.1366784,398.9732105,13287155
12/31/2020,397.4595032,402.0702455,395.7466578,401.6619476,13974145
1/1/2021,397.1508179,399.9192509,396.4836223,397.7184538,5530495
1/4/2021,391.4744873,399.5208882,389.3732804,399.1324962,15707145
1/5/2021,390.3193359,391.2454595,385.3899179,390.2695257,16316150
1/6/2021,392.4404602,394.1533056,388.058772,393.1375601,17262575
1/7/2021,388.8554993,395.1491831,387.8795654,395.1491831,17096585
1/8/2021,392.5002441,393.5558317,387.6305738,392.7591418,16314485
1/11/2021,386.017334,391.7434121,385.4696039,390.3691485,14977605
1/12/2021,379.1062012,384.4140132,377.5925358,384.3542652,30177900
1/13/2021,374.8539734,380.6099253,373.8381975,380.6099253,27915650
1/14/2021,376.9551392,379.414864,372.6531051,376.8256752,24018190
1/15/2021,371.2290649,379.2156872,369.2672598,377.2638502,13575820
1/18/2021,367.8532104,372.8921565,366.2399247,372.5436065,25023140
1/19/2021,375.829895,376.8257347,367.5146275,369.675613,24027570
1/20/2021,375.1527405,376.4274141,372.3345274,376.4274141,15207240
1/21/2021,370.0141602,379.3949826,367.6141831,378.4190488,28344310
1/22/2021,364.0789795,373.4398661,363.3818796,368.4606678,21490875
1/25/2021,357.3869324,371.9261971,353.5230697,367.4648246,33050690
1/27/2021,351.4716492,363.1727651,347.8169043,358.1039449,39461595
1/28/2021,343.1364746,351.4218678,338.7846602,344.7596981,30179620
1/29/2021,341.1647034,348.5140049,339.3821419,348.5140049,25703435
2/1/2021,358.8010559,360.4541536,337.7987989,344.5605594,24146050
2/2/2021,370.7112732,374.2564599,358.5122376,364.4773073,29356685
2/3/2021,368.8988037,375.0630529,362.4855946,372.4439901,21446975
2/4/2021,380.4904175,381.4066034,364.6765086,366.2698278,48208370
2/5/2021,394.8902588,398.0371157,381.0381258,381.4065816,81341680
2/8/2021,389.8014832,404.3108733,388.6761796,398.3358357,20107375
2/9/2021,388.2081604,393.3566648,385.9575834,390.3691458,11154615
2/10/2021,388.7857361,390.946691,385.7882492,388.3774382,14304705
2/11/2021,390.5683289,395.2985673,386.63475,388.2181314,11233885
2/12/2021,388.5865479,393.3566279,387.5807706,390.3691092,8453765
2/15/2021,395.5375366,398.1366634,389.7716168,390.3691266,14652175
2/16/2021,402.2494812,408.0950548,397.9375091,398.3358389,27400915
2/17/2021,396.2346191,403.0162841,392.1914825,401.3432506,21976120
2/18/2021,387.4712219,395.3184427,386.0073365,394.183171,17691040
2/19/2021,386.1368408,392.3309649,383.4181875,386.8339408,13678415
2/22/2021,388.297821,390.7774521,382.7211128,386.1368356,19266380
2/23/2021,373.0315552,391.364966,371.6473539,391.364966,27862010
2/24/2021,380.6497192,383.1990662,368.8689501,376.2481252,19107080
2/25/2021,377.5228271,391.4048347,375.9394457,383.7966049,28112580
2/26/2021,354.588623,372.2448402,353.1247376,372.2448402,42000480
3/1/2021,367.5444641,369.4365837,358.7810878,360.6931132,16300220
3/2/2021,367.3951111,372.1253494,362.5055348,367.4648272,19185745
3/3/2021,378.319458,380.1617673,368.6996438,369.4564916,14378090
3/4/2021,377.960968,380.4903787,368.4606498,371.2290826,20112570
3/5/2021,382.9003601,384.0555378,372.0457136,373.5394731,27039930
3/8/2021,381.5758667,387.949234,377.0846205,382.4024002,23490050
3/9/2021,394.1434021,396.5433794,381.9642717,381.9642717,39591725
3/10/2021,391.1558533,398.2063844,389.8114637,394.9997796,13807350
3/12/2021,385.4198303,394.3525135,380.8090877,394.1533334,13101325
3/15/2021,382.1335449,387.1824287,377.0447887,387.1824287,13217765
3/16/2021,379.056427,386.7243742,378.419075,383.4181792,13846120
3/17/2021,372.1154175,381.94435,370.651532,379.0564211,13474970
3/18/2021,364.5569763,377.0049723,363.5013887,374.6348994,10987875
3/19/2021,365.3038635,372.8423773,361.3005989,362.1769427,24015080
3/22/2021,363.0134277,368.4507037,359.498115,365.0748231,12170485
3/23/2021,361.0217896,367.2656939,358.2732621,367.2656939,21254280
3/24/2021,355.0068359,359.4980821,353.194431,358.5022425,15230805
3/25/2021,351.1131592,358.2633115,347.5480663,357.0881976,20565065
3/26/2021,352.7363281,356.9885826,351.0832308,355.5147291,16553785
3/30/2021,354.7678223,358.8906124,353.5230229,354.9371284,27877620
3/31/2021,349.1414185,354.3197669,347.0700548,354.2799552,18991915
4/1/2021,359.4085083,361.1412596,348.6733576,352.5272524,19013260
4/5/2021,350.3762207,358.4226221,345.4368645,355.7338429,12241205
4/6/2021,352.1886292,354.8076921,344.3015663,353.7222306,14365225
4/7/2021,356.9088745,360.6333349,347.6674851,351.740465,15790710
4/8/2021,355.1661987,363.2225377,354.259981,357.705608,14451450
4/9/2021,358.3529358,359.7869474,347.3688247,352.5272672,15696920
4/12/2021,347.0501404,352.128929,343.2261195,349.9878797,16641680
4/13/2021,353.6923828,355.7238738,343.2559723,347.7073768,15593710
4/15/2021,353.17453,360.3943676,349.0617074,358.5022783,17734430
4/16/2021,351.3521423,356.1421285,350.5455147,353.3238853,14561395
4/19/2021,338.7348633,342.5688522,333.606295,342.5688522,19327115
4/20/2021,338.1273804,345.2775013,335.4684753,343.564656,16585040
4/22/2021,345.7654724,346.5024144,332.4511013,336.544018,17952220
4/23/2021,345.3970337,349.8085962,342.6186325,345.3372857,9467250
4/26/2021,350.4657898,355.1163737,345.2177265,346.5521478,16265310
4/27/2021,348.6036377,351.0533948,343.4750694,348.5438897,22666800
4/28/2021,360.7827454,363.2822821,349.3405274,351.0334669,20872995
4/29/2021,359.4980774,367.5544157,354.6284074,363.5013414,19800475
4/30/2021,348.3048706,358.9005882,346.4426554,354.5189,13108915
5/3/2021,343.6542969,350.3363723,335.5979579,345.5563542,27969345
5/4/2021,345.0883179,351.3322216,343.6244323,348.7430628,21275755
5/5/2021,352.6766052,354.1205849,342.9472628,346.7513776,12058215
5/6/2021,356.1620483,357.2475099,351.1729123,354.8575008,11901275
5/7/2021,354.588623,361.0914546,353.2243276,357.7056059,8053650
5/10/2021,360.3644714,361.1412251,356.6300729,360.2947554,6662450
5/11/2021,349.6293335,357.3869328,349.1911616,353.8417461,14779880
5/12/2021,342.3397827,349.3405342,341.6825249,349.3405342,15909150
5/14/2021,339.9099121,344.3414104,338.8045448,344.3414104,14689460
5/17/2021,347.3787231,349.5397085,340.5771519,341.9713213,21057205
5/18/2021,349.5596313,352.7164565,348.5637917,352.1289147,23292070
5/19/2021,344.6700439,348.6135908,344.0526282,348.1355768,11860210
5/20/2021,340.2186584,345.9546739,339.6012124,344.9588343,12990190
5/21/2021,350.0674744,351.421832,341.6725543,341.6725543,21465560
5/24/2021,349.9380493,354.2998319,346.9505303,351.2625331,18069535
5/25/2021,348.6434326,353.3039544,346.1538337,352.6068546,11008125
5/26/2021,346.6816711,350.8940535,345.9347914,350.5455339,14225500
5/27/2021,353.9711914,355.2060228,343.7040878,346.5521744,26699940
5/28/2021,358.6516418,361.0914611,354.1703634,355.7139331,16235045
5/31/2021,360.0358582,360.8524235,355.5147379,358.3030766,11554045
6/1/2021,357.9047546,363.2822825,356.1122555,361.4897834,11449080
6/2/2021,355.136322,357.1080954,352.5272271,357.1080954,15494245
6/3/2021,361.3304749,364.069034,356.5106143,356.5106143,17220655
6/4/2021,360.7329407,362.6748401,357.9047597,362.4856282,7543530
6/7/2021,361.4698792,363.4814643,359.8964355,363.4814643,5480695
6/8/2021,357.2176208,361.788521,356.0823795,361.4897813,6655155
6/9/2021,355.0964966,360.8922908,353.5230833,356.4906964,10188570
6/10/2021,358.4125977,359.0997293,353.7222021,356.0524629,9272445
6/11/2021,357.3769836,360.4939667,356.1122782,360.2947866,8109640
6/14/2021,352.1388245,356.490669,350.4359473,356.490669,12715010
6/15/2021,352.7064819,355.3454509,351.7305785,353.6824157,8679120
6/16/2021,350.6550293,354.7081037,349.1413641,352.6965187,14227715
6/17/2021,351.740509,352.8857185,345.7555335,347.9961727,12891210
6/18/2021,350.6251526,353.8516631,345.2077829,353.5130813,13393945
6/21/2021,352.9355164,353.9612299,344.8194297,346.5521809,6396605
6/22/2021,349.9579773,355.5147491,349.3405312,354.5189094,7858715
6/23/2021,345.894928,351.3322038,344.0128069,351.3322038,38011745
6/24/2021,346.1339417,347.1297813,344.0028605,345.556368,17976965
6/25/2021,345.5563049,349.3404829,342.7480303,345.5563049,47888225
6/28/2021,345.1679688,348.14555,343.0070137,345.5563608,17502535
6/29/2021,339.7506104,346.1538517,338.9837944,346.1140096,51973310
6/30/2021,339.7506104,347.2492813,338.2767568,339.7506104,44110495
7/1/2021,341.7920837,343.6045192,339.8103726,340.5572523,14941930
7/2/2021,341.6028748,344.16219,340.5771611,343.9630099,11212755
7/5/2021,344.7796021,346.5123533,342.8675766,343.9630063,9438355
7/6/2021,349.609436,350.5355596,343.9630118,344.3613416,18461110
7/7/2021,350.894043,352.2284948,347.1795805,349.7388957,13630910
7/8/2021,345.0186157,351.1330861,343.5646983,350.1372464,11040075
7/9/2021,342.5787964,344.5605075,341.5630205,344.3613274,8490830
7/12/2021,344.9488831,347.14968,343.5945254,344.9588208,8685325
7/13/2021,347.9762573,349.0418131,343.2858609,347.1497237,10333195
7/14/2021,348.175415,350.1272522,345.6758478,346.5521916,10794920
7/15/2021,348.553833,349.9380343,346.5521857,349.9380343,9752780
7/16/2021,348.4442749,350.9338739,346.5521857,349.6392946,9190250
7/19/2021,343.1264954,346.5521861,340.9754781,345.3372605,10731685
7/20/2021,339.1132813,343.325694,337.7888279,343.1265139,10719295
7/22/2021,340.0194702,342.9572091,339.2128426,339.8900062,9291265
7/23/2021,343.1563721,344.0227477,337.4203261,340.5771511,9979000
7/26/2021,346.6716614,348.5438446,333.2776376,340.8958041,19695475
7/27/2021,338.1771851,349.1413894,337.3605892,348.9422093,21505655
7/28/2021,329.1947021,339.7406398,327.8304068,339.5813018,25263775
7/29/2021,326.9640198,331.4154242,325.6594723,331.4154242,14971325
7/30/2021,329.5830688,332.5905239,323.8470534,326.9640058,16110005
8/2/2021,331.6345215,334.0643728,330.1208561,331.6146156,12954880
8/3/2021,335.727417,336.4444227,331.6145945,331.6145945,16150700
8/4/2021,348.5339355,349.1911934,335.5979872,338.3265784,35020800
8/5/2021,352.8757629,357.1080812,349.0517426,350.8741156,30260460
8/6/2021,353.9612122,355.4549715,349.7687362,352.3280207,18202345
8/9/2021,354.6981506,356.4309322,350.9538143,353.961239,7984430
8/10/2021,361.1412354,363.4615587,354.3794758,355.5147475,22974240
8/11/2021,354.8144836,362.665601,351.1380085,362.665601,15509515
8/12/2021,356.2293091,356.8868932,351.1081371,353.7185276,8208450
8/13/2021,356.289093,358.4810099,353.4694504,355.4920075,9199585
8/16/2021,355.1632385,358.9194074,353.051015,355.4920154,7768305
8/17/2021,356.3588867,357.6839979,354.1071616,354.4957161,7096685
8/18/2021,348.6571655,356.7971983,347.8401642,356.3588392,13818265
8/20/2021,339.460968,345.1301112,338.1557728,345.1301112,28216210
8/23/2021,342.1112366,343.6455996,338.7535955,343.6455996,15465845
8/24/2021,339.7300415,343.735294,337.0797889,343.735294,23539855
8/25/2021,338.1956482,342.0813451,337.5579798,339.749927,14569050
8/26/2021,338.2554321,342.0414896,336.5417362,337.5181546,21912885
8/27/2021,341.4536743,343.4961776,337.7572831,337.7572831,18306575
8/30/2021,345.8973389,346.6346164,341.931918,341.931918,12806265
8/31/2021,349.4542236,350.629921,346.5349719,347.5313061,22463045
9/1/2021,348.0493774,349.484101,346.3257389,349.4641852,36331770
9/2/2021,353.9776001,356.368796,347.5213438,349.1154845,28819220
9/3/2021,357.0563049,360.9619486,354.2068035,357.2854728,24225670
9/6/2021,353.6089478,360.2744255,352.7022801,360.2744255,9509655
9/7/2021,351.6760559,354.5853649,347.9198872,353.6089465,14614185
9/8/2021,361.7390137,364.2597376,349.7132543,350.7295041,76247785
9/9/2021,362.2371826,366.9896852,360.0352624,363.861212,18214625
9/13/2021,366.6609497,368.6037831,357.6341645,364.3594202,16358075
9/14/2021,372.1805725,374.4223241,367.6771535,368.6435988,20840400
9/15/2021,372.9677124,378.298106,370.2377666,373.4260176,24070115
9/16/2021,379.9619751,380.5996435,372.2304428,374.0238321,20643915
9/17/2021,400.1178284,401.9211908,381.1974526,381.7952591,73192445
9/20/2021,398.8226318,405.9464154,394.8173488,396.541018,29405445
9/21/2021,400.7156372,404.0433896,397.7565235,401.921193,19334440
9/22/2021,395.6542053,402.9972129,394.3091787,401.8215156,9559045
9/23/2021,403.31604,408.8955172,396.720313,399.3307036,14945535
9/24/2021,404.1330566,408.9652834,401.3034713,404.5116685,10574440
9/27/2021,405.1791992,410.091119,403.6149474,404.7507525,9150320
9/28/2021,412.1236877,414.0366324,401.1042037,406.5043483,19496335
9/29/2021,404.6013184,410.4896566,402.5488725,410.4697409,17101570
9/30/2021,399.6296387,405.5080041,397.8959966,403.6050023,22863740
10/1/2021,397.2483826,400.6857476,392.9342691,397.9358556,16869890
10/4/2021,396.7302856,401.5027346,396.1424522,397.5373138,10215265
10/5/2021,395.0166016,398.1251592,393.6516286,397.51741,13599035
10/6/2021,389.7161255,399.5300237,386.9961525,393.76124,14896375
10/7/2021,389.0585022,394.9966755,388.4208642,392.1571171,11110650
10/8/2021,385.8503113,391.7884846,384.7842569,388.5703144,9689170
10/11/2021,393.6316528,399.5299639,387.573955,388.3710101,11880835
10/12/2021,397.557251,399.3307246,391.5593302,394.5483327,9454510
10/13/2021,400.3967896,402.9175137,397.4476491,399.3307047,8712390
10/14/2021,402.0806274,403.6149906,395.5446775,400.1278209,8261780
10/18/2021,400.8451538,407.8892434,400.1178189,402.0805984,10833895
10/19/2021,405.5777588,407.4907034,396.9594743,400.9049491,8476015
10/20/2021,401.6123047,407.4906697,398.1749703,406.9028363,8974465
10/21/2021,427.1782532,429.4200049,402.9175113,404.710931,47477590
10/22/2021,432.6879578,438.7157667,422.9936163,429.4000675,29659130
10/25/2021,429.3203735,434.9895172,421.459313,428.8222065,33886310
10/26/2021,440.5689697,446.3576683,423.1829279,429.3203494,53345005
10/27/2021,436.0456238,448.9481629,433.7241786,438.3870151,22752840
10/28/2021,418.161438,436.39434,416.5473512,436.045617,15511445
10/29/2021,404.7408142,417.8525747,401.5226441,413.9867935,23331725
11/1/2021,413.7775574,415.8300033,405.4681343,409.4933327,9832940
11/2/2021,413.8074341,417.1651056,410.4896549,411.7151568,7681030
11/3/2021,406.0161438,420.7718503,404.1131419,414.4750111,10336455
11/4/2021,409.8918457,410.8881798,406.3050368,406.5043158,1025885
11/8/2021,422.2165222,423.960107,409.4933458,409.4933458,10609980
11/9/2021,417.9023743,423.8305743,415.1325667,422.4456553,8887865
11/10/2021,413.6878662,416.7366461,411.0973915,415.4713127,7228940
11/11/2021,409.3140259,414.0167245,408.0088305,413.080168,7735765
11/12/2021,413.4189148,414.4750266,409.1047707,412.0838306,7172140
11/15/2021,417.9223328,420.0545025,414.475025,414.4949407,9096640
11/16/2021,415.0429382,419.2275236,412.4823521,418.4404414,7725535
11/17/2021,409.1147156,414.8436368,407.6002986,412.4823298,7233815
11/18/2021,403.4057617,410.9778772,400.3071466,408.4970148,13965995
11/22/2021,389.6563416,407.3014119,386.7769515,407.3014119,13741645
11/23/2021,395.1261902,397.1686935,385.1230171,386.1791288,16148125
11/24/2021,400.8052979,403.5053549,392.5556524,394.4586542,9737415
11/25/2021,405.5278931,408.0984521,401.1340561,402.518975,15822140
11/26/2021,391.4197998,399.9285015,389.5865487,398.9321674,13237765
11/29/2021,402.4393005,407.5006646,386.0197029,397.1387956,20859500
11/30/2021,390.9416199,406.4246619,387.9526173,403.1168251,21329080
12/1/2021,389.2378845,395.7239993,386.5776589,394.3490533,12928465
12/2/2021,391.4098511,394.7376033,387.693514,388.0820989,9664645
12/3/2021,381.436554,396.5210672,379.6431647,391.8980623,17458620
12/6/2021,375.6578369,383.8875363,374.0238343,382.5923141,15406680
12/7/2021,386.0097351,391.3202132,380.6395098,380.9981755,36722375
12/8/2021,382.6819763,392.5556513,381.6856422,392.5556513,25627975
12/9/2021,381.8649902,385.9599395,375.8371806,383.7879383,23272265
12/10/2021,377.9593811,382.592329,376.3154358,381.5959948,15274610
12/13/2021,373.2467041,381.7952684,371.084676,380.5996552,20425550
12/14/2021,366.7306519,373.4260184,361.8785095,373.2466856,50556260
12/15/2021,372.1108704,374.9703444,366.0033375,367.7668379,26528735
12/16/2021,370.7857361,376.8036027,368.8229567,375.7972955,15272310
12/17/2021,357.4448547,370.6263363,356.687631,369.6399752,14675630
12/20/2021,347.2224731,354.6949797,343.2172206,354.6949797,16345895
12/21/2021,346.0368042,352.3037544,342.9382197,350.9188354,11321155
12/22/2021,351.1878662,352.7022831,345.3593055,348.318419,17269195
12/23/2021,353.8181763,356.4285669,352.174231,355.6713736,9598245
12/24/2021,348.3981323,354.6949717,344.7316298,354.6949717,11357850
12/27/2021,353.38974,354.4857136,342.9382051,347.3419848,8269165
12/28/2021,353.6786804,356.6278208,351.8155102,355.6912643,6428355
12/29/2021,351.5465393,354.6949589,349.5339553,353.4993457,7059540
12/30/2021,349.763092,352.6923169,347.4516199,350.5103427,12491975
12/31/2021,357.9031677,358.8795862,350.7196068,351.1081613,11064460
1/3/2022,363.5523682,364.2796726,357.0064458,358.0824732,9925545
1/4/2022,369.1617126,370.0384915,361.7290685,364.6582933,13177875
1/5/2022,383.0207214,384.2561964,366.6708748,370.038489,21040835
1/6/2022,376.9929199,381.5959788,373.6253056,380.0217842,11290150
1/7/2022,379.4538574,383.6683313,375.3389926,376.9929109,11516755
1/10/2022,388.1617737,389.6263859,378.8759332,379.4538239,14310435
1/11/2022,385.9399414,389.4171679,382.6321355,388.1717503,13570095
1/12/2022,389.8854675,393.7811375,388.0023815,389.5267714,10746980
1/13/2022,383.8576355,391.937921,383.1004422,390.5629751,7435760
1/14/2022,386.2189941,387.573994,378.2084589,380.4003758,9143810
1/17/2022,386.0695496,389.1581918,382.3133804,382.9908804,8382365
1/18/2022,387.0060425,393.5519647,384.5849579,384.5849579,10407280
1/19/2022,379.7328186,387.5739631,378.6268719,387.5739631,7608510
1/20/2022,377.1323853,383.5886414,374.0238276,383.5886414,7449105
1/21/2022,377.3615417,378.8062384,368.5539519,372.2802317,8769480
1/24/2022,364.837616,376.1958187,360.6729467,375.4386255,12737170
1/25/2022,369.5702209,373.4061135,355.1333488,361.6095208,12845325
1/27/2022,376.4648743,378.3180412,362.8948077,366.6509766,18593095
1/28/2022,378.2682495,389.9452877,376.3453318,377.6106653,24859820
1/31/2022,370.0883179,386.3584405,366.850232,382.5922988,22583125
2/1/2022,375.0799255,379.6032908,365.4752807,375.0201479,15485430
2/2/2022,387.0957642,388.1718222,377.9892851,380.7590931,13552540
2/3/2022,380.4103699,387.0658752,377.8198948,386.5577654,11198565
2/4/2022,375.4585571,382.1937857,374.6714446,381.3967001,8856335
2/7/2022,364.3494568,376.6143284,362.6656496,368.6436548,10269795
2/8/2022,362.2272644,368.2550742,357.305371,365.6546565,17846850
2/9/2022,365.6546326,368.2052456,363.193686,365.7741878,8120290
2/10/2022,372.0709839,376.3950699,364.7080608,365.6545903,12540405
2/11/2022,364.3095398,369.4606002,363.0641222,369.4606002,9298775
2/14/2022,348.0892639,363.432804,346.3157903,356.6976057,15134105
2/15/2022,361.2906494,362.4663163,347.9298061,349.9125316,10276375
2/16/2022,364.6682434,369.2115243,358.6802659,361.6891839,11348780
2/17/2022,362.127594,367.4978495,360.752648,365.6546253,14051145
2/18/2022,363.9708252,364.8575772,359.8460176,360.4836557,6148340
2/21/2022,364.0804443,368.9026981,359.0987735,360.2744405,6719555
2/22/2022,366.9996643,368.4642766,356.6876005,356.6876005,15110375
2/23/2022,375.8371887,381.1675828,369.221515,369.221515,34579605
2/24/2022,357.6540833,373.5057638,354.0473584,365.5251172,24780215
2/25/2022,369.9787292,371.8817312,358.889525,362.854946,19969430
2/28/2022,367.1989136,369.0421377,361.609494,366.0531355,13562810
3/2/2022,359.875885,362.53608,353.7583791,361.0316058,14154775
3/3/2022,357.1360168,362.5859663,353.2204002,361.2608247,14810715
3/4/2022,349.1453857,355.8806147,345.4689101,352.7023061,12745970
3/7/2022,341.1248779,344.9109354,334.7782345,337.4583757,13489675
3/8/2022,343.3566589,344.6319654,333.2837356,338.7536002,27182480
3/9/2022,346.5449219,348.3482841,337.1594416,343.3566407,34597305
3/10/2022,349.5837402,361.2707502,345.9272111,358.6802754,20942345
3/11/2022,351.3074036,354.6750176,345.9272056,347.7205948,12531700
3/14/2022,356.4385376,358.1522335,347.1228073,347.8102803,16583245
3/15/2022,345.4788513,356.6776369,341.5433194,355.4919969,24037275
3/16/2022,350.8092651,353.6587663,349.2649289,350.7096256,14636205
3/17/2022,362.6656189,364.1800358,355.2030861,356.6876142,16795035
3/21/2022,354.1170959,364.6582978,353.3000946,361.7988237,11988495
3/22/2022,360.2445374,361.3903155,349.783029,354.1170886,16987280
3/23/2022,352.6524963,364.1103394,350.3111049,361.6693085,16131700
3/24/2022,341.5732117,344.5124095,338.9528785,341.7426018,98550890
3/25/2022,343.1873169,345.0902884,341.1448136,344.3330951,15195750
3/28/2022,343.7751465,344.3330912,337.1694462,344.3330912,15351020
3/29/2022,344.7315979,346.9035989,342.4898462,346.3257385,12928950
3/30/2022,351.3273315,352.4731097,345.9272177,348.5973858,16790770
3/31/2022,349.4841309,354.445886,348.1191579,349.7332144,14242040
4/1/2022,354.0274048,354.6949621,347.8401781,348.5774557,11868865
4/4/2022,365.8638306,366.650943,345.7279272,356.0897956,19987830
4/5/2022,359.1186829,366.2623817,357.5245421,365.8638541,10664355
4/6/2022,354.5754089,357.2854391,353.0510189,356.1894654,11745005
4/7/2022,351.9949036,357.0861565,351.3074306,352.9015713,21943915
4/8/2022,355.5916443,356.6876179,349.9324737,353.7484201,11908355
4/11/2022,355.3824463,359.905812,351.3672207,353.6986391,9589710
4/12/2022,359.0489197,361.201005,352.7022762,352.9114979,12061210
4/13/2022,354.6152649,362.3667434,353.2502616,360.214658,9618460
4/18/2022,348.7966309,353.8181633,344.7316011,353.8181633,9800705
4/19/2022,340.2481384,352.044732,336.163162,351.3074544,11947870
4/20/2022,342.9979858,344.1337909,335.4457564,341.3440676,16007725
4/21/2022,350.8789978,353.3897488,343.5459629,343.7352688,13653455
4/22/2022,344.2832336,348.4977378,343.0179003,346.7242643,11280190
4/25/2022,344.5024414,346.3058038,337.5579913,339.2517715,10746970
4/26/2022,347.2622986,348.3184103,344.980685,347.9397985,7273885
4/27/2022,347.0231628,349.1154706,343.5359934,343.5359934,14112960
4/28/2022,351.8354797,353.3000921,345.2098638,348.51767,11712485
4/29/2022,356.8370667,360.7327368,352.1044795,352.4930644,18443295
5/2/2022,353.5691223,354.7846513,348.7269526,351.8155643,9897330
5/4/2022,353.8181763,363.4029059,352.3037593,352.3037593,28732370
5/5/2022,358.2020264,362.8648931,355.551774,358.8795567,17840235
5/6/2022,353.7583923,357.6739782,348.7169441,349.743167,14237415
5/9/2022,352.2041321,355.4920227,347.3221007,347.7206283,10846810
5/10/2022,358.1123962,360.433872,352.2041417,352.7023088,9949270
5/11/2022,360.6629944,362.2671082,357.883244,358.2817715,13109420
5/12/2022,350.8889771,359.9954864,350.1118376,359.2382626,21411340
5/13/2022,354.6052856,357.6839545,349.9125604,355.6912862,13685110
5/16/2022,361.2408447,363.6619292,351.9350883,354.8942017,15195905
5/17/2022,366.7107239,367.6273646,362.1873586,363.2634164,15103905
5/18/2022,368.0059204,371.4333119,366.8203109,368.0358396,26608920
5/19/2022,355.3724365,364.1202486,354.3661598,361.0714687,15541605
5/20/2022,364.4889221,366.6310649,357.5743908,360.8722546,13248360
5/23/2022,369.5004883,372.9278804,366.9000706,369.0421831,14130390
5/24/2022,375.1397095,376.6142949,367.2088984,370.2277896,17109500
5/25/2022,380.1114502,386.8765372,375.8770301,378.1785595,31263010
5/26/2022,380.330658,382.9908532,375.4286804,381.5860184,24749145
5/27/2022,387.8130798,388.5703035,381.1974371,382.7915778,12201835
5/30/2022,379.2446594,388.9190559,377.7202389,387.6238032,19939000
5/31/2022,368.0159302,377.8398004,364.3295122,376.8334932,74151530
6/1/2022,371.6525269,373.4260003,365.7243573,366.6509407,11913225
6/2/2022,370.1680298,374.4223657,367.8465846,368.284974,13321505
6/3/2022,370.3673401,374.4223974,369.2613933,374.4223974,9076875
6/6/2022,372.4894714,374.0238345,367.2786633,367.6473021,12940485
6/7/2022,370.2676697,371.6326426,365.0568311,371.4333636,8558195
6/8/2022,367.7469482,374.6415637,366.401891,370.6363113,7328080
6/9/2022,371.6724854,373.1968753,364.1999795,366.4018694,6404340
6/10/2022,357.0462952,369.4805564,355.5019894,366.6509711,14299750
6/13/2022,346.1962585,349.2350658,342.4699782,347.3221211,11747225
6/14/2022,346.6645203,348.447967,343.0577954,345.8475189,7755235
6/15/2022,346.0567322,348.7169578,344.5124264,346.3257619,8850845
6/16/2022,333.9313354,349.4243183,332.7755843,347.122789,14866460
6/17/2022,333.4929504,335.5055344,328.51128,330.9821995,15819320
6/20/2022,334.6088562,336.7310528,329.188796,333.4929668,8837885
6/21/2022,335.0671692,340.5470071,333.2837529,336.7609494,12518015
6/22/2022,332.7158203,333.9413222,329.388068,331.7792638,8859625
6/23/2022,335.5852966,337.7572979,328.5511795,333.7719611,12454005
6/24/2022,338.4347534,341.7226741,336.7908083,338.7535876,8088605
6/27/2022,337.0697937,342.7190215,335.7645984,342.1809926,10640560
6/28/2022,332.5364685,337.2291935,331.7194673,335.7446654,13997215
6/29/2022,327.2857971,330.5737181,326.1400189,328.7902714,14664150
6/30/2022,331.0021362,334.1505558,325.0042155,325.2034641,19910320
7/1/2022,332.32724,334.6686313,326.0005425,327.7939318,11502570
7/4/2022,332.9549561,335.6550436,330.7929279,332.0881502,9343905
7/5/2022,331.390686,337.7174139,330.1751876,333.7719392,13210485
7/6/2022,339.6502991,341.224524,332.9748786,335.1667955,27864745
7/7/2022,346.4253845,347.5213277,341.9518237,342.3404086,15850325
7/8/2022,347.6708374,350.0022558,345.1700288,349.7133104,8890745
7/11/2022,346.9733887,348.1191669,344.372971,347.3221117,7665895
7/12/2022,342.5297241,346.5250034,341.1348624,343.0378339,9144160
7/13/2022,347.132782,347.9099214,343.4164447,343.5359999,18067340
7/14/2022,352.7122803,354.097169,346.1364685,346.724302,32854910
7/15/2022,356.2293091,356.6876143,352.7022778,353.160583,11668660
7/18/2022,367.7768555,368.6436614,357.5345409,358.6803192,15585190
7/19/2022,365.6446533,369.0421564,364.2697074,365.6546264,14475875
7/20/2022,364.2099304,368.6436295,362.2870128,367.8963789,12857345
7/21/2022,358.789856,363.6619443,356.2492162,363.6619443,10933370
7/22/2022,364.0804443,367.0495007,356.6278538,358.8795788,16747900
7/25/2022,357.7935486,368.4045318,355.7112138,361.8685821,9432575
7/26/2022,351.0284729,357.674005,349.1154979,356.8869229,9012235
7/27/2022,349.5339355,350.9387703,345.1998761,350.9387703,17398225
7/28/2022,364.3594055,365.0269324,351.7059498,353.6587562,10772005
7/29/2022,360.7427063,370.0185746,359.4076222,366.1826821,11939990
8/1/2022,369.7893982,371.0348158,361.0714747,361.6692813,8277685
8/2/2022,375.5382996,377.2121337,365.4952338,368.9824035,16788030
8/3/2022,368.862854,374.5818027,366.6509908,373.6253303,12678395
8/4/2022,365.7642212,370.4370309,361.5198583,369.9588099,11805930
8/5/2022,365.4354248,368.6436219,363.1936731,367.5974832,8322855
8/8/2022,367.547699,368.5440332,362.0279987,364.6583357,7779625
8/10/2022,364.3294983,368.4941675,362.8748286,368.2450839,8286635
8/11/2022,369.5634155,370.1914583,365.4759804,368.6661507,13891690
8/12/2022,367.1109314,370.8594126,366.1738111,370.8594126,6982610
8/16/2022,368.1378174,371.2183399,366.5826027,368.9553106,6568120
8/17/2022,366.8118896,369.6631062,365.1071411,369.6631062,16916670
8/18/2022,379.7321167,381.2275176,365.2765751,366.6722765,18306580
8/19/2022,374.2489929,387.2988545,373.0526905,382.6232319,22819530
8/22/2022,365.2865601,366.4729139,361.1492904,364.2696984,20813785
8/23/2022,370.0120239,372.6538928,362.8839524,363.6814874,11071500
8/24/2022,372.3747253,373.6408508,367.1508016,369.064928,7078125
8/25/2022,372.6040649,379.9215565,370.0918023,373.8701601,11022045
8/26/2022,379.2436829,384.218374,372.6340053,373.3218922,16715440
8/29/2022,368.8655396,374.4383963,367.8686057,370.4606399,18198365
8/30/2022,381.9154053,382.8226188,370.2612455,371.826439,19429250
9/1/2022,379.4031677,383.9192774,373.8502382,373.8502382,21039210
9/2/2022,382.5933228,384.6170974,379.7121995,382.2145134,16656880
9/5/2022,386.3916321,390.1999269,381.0281532,381.0281532,19033850
9/6/2022,381.9653015,388.794275,380.8287822,387.797341,13839270
9/7/2022,380.4798279,381.8456225,375.9836765,378.834893,9881290
9/8/2022,384.8264771,386.4115984,381.2275297,382.8425578,12060915
9/9/2022,384.0887451,388.9438392,382.124784,388.8042538,14089865
9/12/2022,383.6201782,387.6079141,382.3740108,383.8195772,7418405
9/13/2022,383.5005493,386.8103774,382.8525483,385.4146759,7922905
9/14/2022,389.7413635,394.3471935,377.2398032,377.2398032,18712145
9/15/2022,385.6439209,396.2214052,383.4207778,392.2934833,18737490
9/16/2022,384.8762817,394.7858067,380.8486604,384.0687677,25844110
9/19/2022,384.7168274,386.8103949,380.3403029,383.4407531,8379560
9/20/2022,386.7605286,391.1370527,385.4146617,387.6078981,8063650
9/21/2022,382.5235596,388.8042311,378.5158657,384.218329,11191380
9/22/2022,377.3893433,383.7398382,375.0864282,379.9414918,9286135
9/23/2022,371.3977966,376.5818351,367.2505476,372.8732395,13068795
9/26/2022,364.6784058,370.4606406,362.2159778,366.0741376,11425880
9/27/2022,358.7566223,365.8448382,357.3110864,365.3164645,13700720
9/28/2022,357.4207458,360.4913194,353.9314771,356.9023512,8855585
9/29/2022,351.9775085,360.8901008,350.8709264,359.2950003,13998135
9/30/2022,362.7244263,364.1699926,350.4621515,352.5158329,14023265
10/3/2022,355.6861267,361.4882901,353.5726314,360.4913561,12200320
10/4/2022,363.3325806,364.4391626,359.2949799,360.4913128,8344610
10/6/2022,362.6646423,366.871705,361.2589618,363.880903,8740755
10/7/2022,363.9606628,364.8778555,359.3349048,360.9898189,5319220
10/10/2022,360.5411377,363.2328714,357.8095486,359.1155295,5188610
10/11/2022,356.4836121,360.8601665,355.5664499,360.8601665,7483590
10/12/2022,360.9299622,361.4882427,354.9483587,356.5035732,5175590
10/13/2022,359.1953125,362.0664873,357.5005429,359.8931785,5864895
10/14/2022,365.675354,370.4606551,363.3824181,364.4790515,8351190
10/17/2022,370.4905701,371.2980841,362.9337937,364.4890082,5521415
10/18/2022,370.7996216,374.0296779,369.8824289,372.3448571,8049290
10/19/2022,372.7236938,374.338722,369.8624983,372.6539012,4566430
10/20/2022,371.5672302,375.4353387,369.9322744,370.8594157,7955535
10/21/2022,379.3632507,383.8195464,372.1155523,372.8532737,19709855
10/24/2022,377.997467,381.8256896,376.84102,379.3333548,3245405
10/25/2022,368.1876831,381.1478255,367.2704904,381.0281983,17558250
10/27/2022,371.8563538,376.4422559,368.7559039,375.5848769,22967460
10/28/2022,375.6945801,377.8080753,373.0626597,373.6508471,15243435
10/31/2022,379.2236938,381.2275103,376.6416083,378.6354761,9371740
11/1/2022,380.669281,387.1094662,379.5128339,380.4300266,12727085
11/2/2022,380.8187866,382.8226336,378.3364308,382.5734001,9320405
11/3/2022,378.8648071,381.4269347,377.5588261,379.7919484,7959355
11/4/2022,378.8249207,380.4300001,377.6983804,380.0312326,10407065
11/7/2022,375.3655396,380.8287483,373.1822519,380.4299808,13123005
11/9/2022,377.5189514,379.5527052,374.986761,378.4361441,11613170
11/10/2022,381.2574158,381.8256754,377.1799599,377.8379399,12550620
11/11/2022,378.6554565,385.5941082,377.0204703,385.4146674,17120150
11/14/2022,383.3809204,384.5572952,379.034303,379.4031637,10711335
11/15/2022,381.307312,385.4744887,377.8977845,383.8195746,9951460
11/16/2022,391.9744873,392.5228192,381.6163593,381.6263079,32188255
11/17/2022,388.9138794,391.795033,387.4583644,391.5557786,12043355
11/18/2022,390.7084045,398.285109,388.3855313,390.9875448,21360200
11/21/2022,387.6278687,389.711457,385.3747882,389.711457,5963050
11/22/2022,386.7605286,389.5718591,384.836423,389.5718591,5833775
11/23/2022,389.4721985,391.0971753,387.9369117,388.9039388,12502815
11/24/2022,387.7774048,390.0603921,385.4246248,389.70148,7002105
11/25/2022,384.497467,388.6048299,382.8226254,388.6048299,10487705
11/28/2022,384.4476624,387.3985785,382.02512,382.02512,7822520
11/29/2022,383.9291992,386.6109538,383.4706181,385.1355111,6817525
11/30/2022,388.2160339,389.8011552,382.0250829,386.6109545,14753670
12/1/2022,385.6738586,391.1470468,384.3878357,389.8011799,12355025
12/2/2022,384.9760437,385.7935369,382.2444542,382.2444542,7954840
12/5/2022,386.5013123,387.5979456,382.8226237,387.2091268,6227545
12/6/2022,385.8632813,387.4284749,382.9322929,382.9322929,6833490
12/7/2022,381.1178894,385.3149728,379.9315356,385.3149728,11811400
12/8/2022,378.2367554,379.79197,374.2689775,378.6155952,63099190
12/9/2022,376.4522095,382.174631,374.6976264,381.626299,13242275
12/12/2022,372.0058899,374.7873441,371.4575884,371.8563559,16407235
12/13/2022,372.5542297,373.2022307,370.5005482,371.6071303,34697825
12/14/2022,373.491333,374.0396345,371.6071133,373.0726074,18735705
12/15/2022,371.4974976,375.2060628,369.8425835,373.9598953,10208995
12/16/2022,366.9813232,370.2512956,365.9146271,369.8026632,12439140
12/19/2022,370.4905701,371.6569658,366.9713944,366.9813431,8568235
12/20/2022,368.2873535,371.2482486,365.8249254,367.8686279,7052930
12/21/2022,361.8072815,371.0488482,360.6906899,370.9591278,11914345
12/22/2022,364.0902405,365.8747608,362.68456,364.0802918,8570465
12/23/2022,363.2727661,366.7021908,361.2788983,362.0764332,10510630
12/26/2022,361.5979004,364.1002143,357.7397709,363.2727725,23733690
12/27/2022,363.063385,364.4690655,360.2919099,363.412318,7741430
12/28/2022,362.9039001,365.1569807,361.936873,363.7612792,9521340
12/29/2022,362.6347351,362.8839686,359.0956316,361.7674074,10772450
12/30/2022,364.3295288,366.4729307,363.3425435,363.9008241,13463440
1/2/2023,363.8908691,365.4759905,362.1761415,364.4391706,5625005
1/3/2023,365.4460754,366.1738177,363.0833469,363.3325804,8317240
1/4/2023,363.0335083,365.8548485,361.6776927,365.8548485,8320520
1/5/2023,362.9437561,365.4360909,360.1224465,362.8839425,8663090
1/6/2023,356.2643127,364.0803019,353.0442355,364.0803019,18998275
1/9/2023,361.2689209,362.086414,356.7029465,359.0956122,17134340
1/10/2023,358.0089417,362.0864283,356.6830329,360.600976,7370655
1/11/2023,359.2650757,359.7236568,355.7259724,358.896215,8018505
1/12/2023,354.8087769,360.2919134,353.3931477,360.2919134,17648025
1/13/2023,354.9683228,356.3640243,350.7213741,354.8088097,19915985
1/16/2023,355.8655396,358.6968284,354.9084915,356.3041929,10590805
1/17/2023,358.4276428,359.2850218,354.2305596,354.9084674,10661970
1/18/2023,358.7167969,364.2796752,358.0987027,359.4844251,14176160
1/19/2023,352.3762817,359.5941046,351.9177006,359.5941046,22128220
1/20/2023,351.4989624,354.6891632,350.3225876,354.6891632,21351470
1/23/2023,355.656189,358.8264316,352.9146206,356.9023564,38823135
1/24/2023,350.9705811,357.440703,348.6776452,357.440703,20795940
1/25/2023,348.8869934,351.0004885,345.53731,350.3225807,21401665
1/27/2023,341.5694885,349.3455912,339.7550615,349.3455912,37584895
1/30/2023,344.1914368,345.0587644,335.7374262,341.5694957,24697780
1/31/2023,345.1385498,346.6538785,341.5595301,345.0388503,21926920
2/1/2023,347.8701172,355.706003,343.0947953,347.9299308,18260490
2/2/2023,351.2696838,352.5158513,342.9452793,342.9452793,20922350
2/3/2023,354.9683228,355.6462306,347.9698569,353.0342683,13376060
2/6/2023,348.3287354,354.5595729,346.9330338,353.9115719,15201045
2/7/2023,353.9913025,354.9084951,348.3387039,349.3655447,18215935
2/8/2023,352.017395,354.9084975,351.1400882,354.6692431,7233450
2/9/2023,353.0940857,353.9514648,348.5181622,352.5058983,10819125
2/10/2023,353.3233643,354.6393244,351.9176837,352.495892,7229710
2/13/2023,353.6723022,355.7957765,351.2497296,353.9314844,11945710
2/14/2023,352.984436,354.3103449,351.6684758,352.9146434,8074465
2/15/2023,356.0050964,356.9023308,350.9705621,352.6055482,12046460
2/16/2023,356.4936218,359.6738437,355.616315,357.6999034,11458010
2/17/2023,350.7711792,357.1814565,349.1361931,355.5265427,12939545
2/20/2023,346.3946533,352.5257909,344.959066,352.5257909,16124195
2/21/2023,344.9790039,347.9299196,343.9521632,347.9299196,14684670
2/22/2023,339.0671997,344.1615481,338.5587841,343.7328738,17695745
2/23/2023,340.3831177,341.6990777,336.5150095,340.4329826,13850550
2/24/2023,338.41922,343.792709,337.7612399,341.5496075,10401815
2/27/2023,344.1316528,344.8992811,337.123208,338.618609,11718990
2/28/2023,344.7896118,347.212154,343.2742527,344.1316318,21975490
3/1/2023,347.9100342,349.0465231,344.1416249,344.7896259,28066930
3/2/2023,343.2842407,348.1991179,342.5465193,346.055716,20599675
3/3/2023,349.1262817,351.9176846,342.9253513,345.3379145,18131345
3/6/2023,349.1262817,351.8379433,347.2221342,350.1830293,25934230
3/8/2023,346.9729004,347.7903631,344.3110734,346.1354795,26013040
3/9/2023,342.2872925,347.8402218,341.689126,346.7934229,34641580
3/10/2023,338.8179626,341.6492819,337.3624476,340.3532495,24380720
3/13/2023,333.75354,343.6032521,332.2182533,338.7581374,44894690
3/14/2023,328.6392517,334.4813001,327.6921828,333.5740866,70694930
3/15/2023,332.1684265,336.5649089,331.3010988,332.5771731,23461815
3/16/2023,331.6898804,334.7404958,328.6293163,332.9759337,18160315
3/17/2023,337.5817566,340.1937186,333.2052325,334.8900533,44641505
3/20/2023,338.8877563,339.5457364,335.1791608,336.3655146,22319685
3/21/2023,340.3233643,341.3402564,337.362469,340.4629496,9025900
3/22/2023,339.984375,341.5894544,337.3823921,340.9514021,16630495
3/23/2023,334.9099731,338.9575223,333.9728529,338.7880302,28210755
3/24/2023,337.392334,340.7420477,333.972858,334.1822056,27403045
3/27/2023,339.9943542,341.5196619,337.5817608,339.0871407,14186020
3/28/2023,338.7381897,340.9114982,336.0564351,340.7420365,11858260
3/29/2023,343.1546021,344.3409558,337.9605851,338.9774467,14105000
3/31/2023,345.5073853,347.0625997,343.1446568,344.0418912,17828775
4/3/2023,348.0695496,349.3655516,345.5772146,345.7366972,12184330
4/5/2023,349.3057251,350.8609396,346.7435975,347.9299514,12631750
4/6/2023,350.3425598,351.2098875,346.8034259,348.9269001,7786775
4/10/2023,350.7811584,352.5158442,348.8570833,350.3524842,6265855
4/11/2023,368.1676941,370.660029,364.0802893,368.3072794,46468815
4/12/2023,367.6791992,369.0549729,365.1768853,367.2704527,17043565
4/13/2023,372.7536011,373.7106492,365.0772278,366.4729293,14620580
4/17/2023,377.8678894,381.5864641,364.1002334,376.631701,51771495
4/18/2023,376.5020752,379.7520896,376.023536,379.0243168,14863605
4/19/2023,375.8241882,376.5120751,374.0795537,376.502096,9383280
4/20/2023,375.6447144,379.5128231,373.2620579,375.704528,11613885
4/21/2023,377.5688171,379.5626851,374.2789168,375.2459439,8356705
4/24/2023,378.2865906,379.2336596,374.3586685,376.8809101,10087030
4/25/2023,376.7014465,380.2306012,374.2489975,379.2336673,23692095
4/26/2023,374.5680237,377.7183386,371.5273873,374.348697,15797590
4/27/2023,380.5496216,381.4269283,374.219085,374.2290641,25306465
4/28/2023,386.4215393,387.4683382,378.0572796,380.0312197,21838060
5/2/2023,383.0519409,386.3019249,376.8410315,382.4238677,23028855
5/3/2023,385.0059509,385.5841593,381.3671478,382.623264,17245035
5/4/2023,388.3257141,389.0235801,383.1715825,384.8065384,17257895
5/5/2023,384.557312,393.5895316,381.9254221,389.2329349,17421090
5/8/2023,390.5687866,392.4928922,383.0220201,385.9928636,19354705
5/9/2023,389.6616211,392.7920086,388.4354117,391.7651677,18115375
5/10/2023,390.5388794,391.5956269,385.1454633,390.7980919,19562195
5/11/2023,390.3893433,394.7858254,389.1730827,392.7919576,22059120
5/12/2023,390.9177246,392.3931978,387.5381344,389.6017645,16085405
5/15/2023,393.3901367,394.1876717,389.2827738,390.209915,14858460
5/16/2023,388.2160339,394.3870572,386.411586,394.3870572,22847485
5/17/2023,380.6592712,388.9836757,377.9476097,388.764349,27410085
5/18/2023,384.2980957,385.5442631,381.0680091,383.6201575,20726140
5/19/2023,387.1393433,388.1761631,383.5204986,384.8165006,19734635
5/22/2023,386.8502808,389.3027299,383.5504316,387.8073289,17004400
5/23/2023,383.1217041,386.8502578,381.8257021,386.8502578,21677620
5/24/2023,380.8985596,386.8103706,378.3165043,383.2114536,17787685
5/25/2023,384.8065186,385.5243122,380.340274,382.4238623,29833785
5/26/2023,387.8172913,388.7942671,383.5205083,388.7942671,16477060
5/29/2023,389.4422913,393.4499548,388.455306,391.416201,18877545
5/30/2023,393.7290955,394.6064022,389.2727995,390.3694329,37148525
5/31/2023,401.6347961,411.6141152,389.5818677,395.7728193,442990630
6/1/2023,384.8264771,394.6163451,383.819564,392.3932019,29837160
6/2/2023,386.5611572,389.0734199,384.4177552,387.7973456,17790360
6/5/2023,383.7996216,389.1032868,383.2712478,387.8072849,12029545
6/6/2023,390.6087036,392.0741978,384.8464264,385.7935258,20564205
6/7/2023,386.6907349,393.1907331,386.0128271,393.1907331,15502070
6/8/2023,376.143158,386.192269,374.7574356,386.192269,27458070
6/9/2023,373.2520752,378.3763304,370.9990251,371.2582072,70984620
6/12/2023,374.7375183,375.6447014,371.7467165,373.8203257,14075865
6/13/2023,370.0519104,375.4453266,369.2643241,373.9200189,47809135
6/14/2023,371.7865906,372.4445707,368.1477875,370.0519351,27892715
6/15/2023,365.5756836,372.6538901,364.6186051,372.4445425,24190940
6/16/2023,370.3410034,371.1883729,365.4759613,366.2635476,15988285
6/19/2023,363.7911682,372.544247,362.4851872,371.6270544,38049565
6/20/2023,367.66922,368.2673864,361.946829,362.8839493,23114525
6/21/2023,367.9782715,368.8157228,366.0940822,368.2773699,11995540
6/22/2023,366.0940857,368.327208,364.9575664,367.978275,17141050
6/23/2023,364.5887146,367.978284,363.6615733,365.4760004,12920315
6/26/2023,363.4721375,365.2666368,362.8640224,365.2666368,11068395
6/27/2023,367.8088074,368.2673885,363.0135576,364.4192381,10693325
6/28/2023,366.9813232,368.4867032,364.7581801,368.068008,26699910
6/30/2023,368.1776733,368.9752083,365.4660118,368.4468346,19673600
7/3/2023,367.6593018,370.6600524,366.4729479,370.0619164,16042700
7/4/2023,371.1983948,372.524334,366.0841186,368.8655729,32877935
7/5/2023,371.8264465,372.4146339,369.4936248,371.4177,15595925
7/6/2023,374.3088074,375.4154199,370.6700046,370.8594245,18271205
7/7/2023,369.5634155,373.730592,368.9652491,373.2520528,10382720
7/10/2023,372.235199,373.7206208,367.8686235,369.4637238,17187710
7/11/2023,372.175415,377.5987385,371.5174349,373.6508579,20483785
7/12/2023,374.4683228,377.0204712,372.434569,373.8303009,21775415
7/13/2023,372.793457,379.1539,372.1454561,376.6416072,26326850
7/14/2023,372.6539001,376.3126611,370.8594312,372.8732268,35659580
7/17/2023,378.2467041,378.7252433,372.1853288,373.0925423,16649280
7/18/2023,377.0105286,380.4300047,374.7175622,377.907763,28978225
7/19/2023,380.1508484,381.8256901,377.1500676,377.7980685,16888935
7/20/2023,390.1800232,391.2766566,377.4192501,379.0343087,46527925
7/21/2023,392.8318787,396.3310963,388.923884,389.1830966,19248750
7/24/2023,378.2865906,388.8042313,376.4821426,388.8042313,35165465
7/25/2023,373.9499512,379.2336892,370.151635,379.0343207,39724580
7/26/2023,377.8977661,378.4161608,373.9798231,374.8471508,12310365
7/27/2023,373.6009827,379.3532804,371.3678604,376.6416189,31450005
7/28/2023,374.2190857,376.003606,371.0787499,372.7735497,11510165
7/31/2023,370.1715698,373.8502588,368.6960965,372.0557897,20126035
8/1/2023,368.8655396,372.0058752,367.7489785,368.8655396,22339710
8/2/2023,363.6216736,368.4468302,362.4951334,366.9813361,20902255
8/3/2023,363.5319519,365.645447,360.0626413,362.9038787,35076460
8/4/2023,366.8744507,367.7325052,361.4167307,364.9786922,27217660
8/7/2023,365.4875793,368.1715423,364.4598931,368.1715423,18541550
8/8/2023,364.7791748,367.7025892,363.5918441,365.4775849,20448115
8/9/2023,365.4775696,365.976447,362.5342112,365.976447,13121620
8/10/2023,359.3613892,365.65722,358.3935657,364.330189,25560495
8/11/2023,357.4855652,359.1917173,355.5997941,358.7926215,21328080
8/14/2023,358.0143738,359.6606631,356.1984528,356.9966444,16499595
8/16/2023,356.4379272,357.1662992,354.7018436,356.5975717,9419700
8/17/2023,352.347168,356.6774204,351.8083718,355.5998281,25658695
8/18/2023,349.3738098,352.8858956,348.5157249,350.6309906,20566460
8/21/2023,351.279541,353.724022,348.9846867,349.4137444,19777340
8/22/2023,351.8282776,353.6042798,350.900373,353.0056209,16644060
8/23/2023,355.2106934,355.5798578,350.012369,353.1652778,16691425
8/24/2023,355.3902893,358.9921696,354.4523973,356.9966599,20618955
8/25/2023,354.9712219,357.0665131,352.6065479,353.4446583,10216750
8/28/2023,357.2660828,358.5132763,354.133118,354.9712284,9902680
8/29/2023,355.8193054,358.7028314,355.0011392,358.5831057,13543460
8/30/2023,354.1830139,357.7848942,352.2074484,357.3957856,12979480
8/31/2023,350.9602661,355.9590276,350.0722497,354.1830252,41570050
9/1/2023,353.4247131,355.1209085,350.0822284,351.9879438,13476050
9/4/2023,351.6487122,356.9966634,350.6709015,354.6818953,23488415
9/5/2023,353.4147034,355.7993518,351.828277,352.2074286,21286715
9/6/2023,353.2650757,354.6020635,351.2496219,353.404776,31101115
9/7/2023,356.9966736,357.6651827,352.6664212,354.2029722,11040445
9/8/2023,357.8348083,360.1894951,355.5100225,358.5930813,11930910
9/11/2023,360.768158,361.4865426,358.2438396,359.1917188,11584510
9/12/2023,361.4266968,362.9831919,358.473351,362.9831919,17044830
9/13/2023,364.100708,366.3755878,359.3114665,359.3114665,29659350
9/14/2023,363.4920349,365.5274632,361.9854155,364.7791471,12797115
9/15/2023,361.9654846,363.8711999,361.3868002,362.4244433,20607700
9/18/2023,358.8624878,361.586339,357.9944155,361.3868063,19850560
9/20/2023,357.0864868,359.8801881,354.3426611,356.5876094,26840715
9/21/2023,350.3516235,357.355851,349.4137316,355.9988887,23923755
9/22/2023,350.5013123,353.1852753,349.6432272,350.8106138,18550615
9/25/2023,356.0787659,357.0565462,350.5711395,352.0079089,11132835
9/26/2023,352.0278625,355.5598927,349.9525155,354.422468,18280835
9/27/2023,352.2373962,353.424727,349.2142002,352.0079017,15021030
9/28/2023,345.8617554,353.5843682,345.0236145,351.6487213,41315985
9/29/2023,346.3606262,348.0168724,345.8118428,348.0168724,17858645
10/3/2023,344.634491,346.2209175,342.3196925,345.2231626,27674345
10/4/2023,343.6367493,344.6245168,341.0325933,342.2299113,31104895
10/5/2023,346.0712585,348.6155211,343.4571458,345.2231609,14834005
10/6/2023,347.9969177,348.6155208,345.2630793,346.2807783,9961615
10/9/2023,343.0879517,345.9814649,342.6389803,345.2231616,9197565
10/10/2023,350.431427,352.945758,343.3473621,344.7242686,16844910
10/11/2023,353.4845886,355.1907409,351.2196961,351.2196961,17499220
10/12/2023,351.9779663,354.5821223,351.4591447,354.2029706,11919135
10/13/2023,351.6087952,353.1952217,349.6432169,350.2119445,10619635
10/16/2023,349.1643066,351.6387191,348.5057848,351.409255,7899785
10/17/2023,353.5145264,354.1630609,349.3738497,350.2119602,16086785
10/18/2023,349.8926697,354.2428967,348.2363929,353.8038822,15258400
10/19/2023,346.9093628,349.8926398,346.3406353,347.6177602,9965895
10/20/2023,353.1253967,353.8437814,345.751974,345.9216058,20361915
10/23/2023,347.3683472,353.005656,343.7165607,353.005656,37732210
10/25/2023,344.8340454,351.5589339,343.6267705,349.0146407,17563340
10/26/2023,338.2089539,344.7642104,337.0415673,344.7642104,31396400
10/27/2023,339.7754211,340.8330388,337.0415523,340.8330388,14874150
10/30/2023,342.7287903,343.4072563,336.9218498,339.6357442,7557815
10/31/2023,347.098938,348.6155143,342.5990542,344.7641955,24196680
11/1/2023,344.1056824,346.4104935,342.798626,345.422726,12640525
11/2/2023,346.7597046,350.9402996,345.6422241,346.2209085,12752790
11/3/2023,345.8717041,348.0667769,345.2431137,347.2186792,7794790
11/6/2023,347.2585754,348.6155073,345.622243,348.0168484,5933425
11/7/2023,349.463623,350.0922135,344.4449176,346.2508513,17998015
11/8/2023,348.4658813,351.399283,347.2186878,349.8128565,18214185
11/9/2023,348.2064209,350.5511507,347.0390649,348.3959967,9718555
11/10/2023,348.3062439,349.0645473,346.1411329,346.1411329,8173995
11/13/2023,348.855011,349.6532027,345.9216094,349.4137513,14276385
11/15/2023,353.1054077,353.664148,349.2441016,351.4092429,17161355
11/16/2023,353.7739258,355.8791738,352.2074434,353.4047614,10395580
11/17/2023,352.127655,356.0488243,351.0700069,351.2097072,13554350
11/20/2023,353.3149414,354.3925337,349.2341279,350.4115017,9618255
11/21/2023,352.6464539,354.9911837,351.3393975,354.9911837,13528825
11/22/2023,348.3461304,351.8083407,346.7197852,350.8105859,22568660
11/23/2023,347.0789795,348.974738,346.6200208,347.2286671,14181445
11/24/2023,348.0168762,349.1144126,345.9615037,347.118903,12809895
11/28/2023,347.6676941,348.8151061,346.8195964,348.2164471,16746460
11/29/2023,349.9026184,351.0600176,347.2585744,348.9148509,17365700
11/30/2023,350.3017273,352.4070057,348.4059993,350.5012904,31274735
12/1/2023,349.3139954,352.4070416,348.8649935,351.2097236,10011890
12/4/2023,362.8934021,364.3700902,349.7430007,353.2052112,22895865
12/5/2023,364.8689575,366.5751097,360.8879256,364.7791632,27857360
12/6/2023,363.4621277,367.0440639,361.8158383,365.5873503,23479400
12/7/2023,364.5496521,366.5451616,361.8656894,364.1804877,12503210
12/8/2023,366.8644714,367.772432,363.322454,364.549673,14927330
12/11/2023,367.9819336,371.4940194,367.2336175,368.1715094,16029165
12/12/2023,364.0507813,369.7679271,362.9931636,368.7701723,19074810
12/13/2023,364.4199524,366.3256677,361.8058397,363.9809378,16256660
12/14/2023,369.937561,372.2523596,365.6671714,367.9719827,24394315
12/15/2023,369.2890015,372.1625402,367.7225191,372.1625402,19385985
12/18/2023,368.5606689,370.3466282,367.1737751,368.2114487,18793650
12/19/2023,368.480835,370.1371116,366.315724,369.1393568,15444615
12/20/2023,364.4798279,371.9629891,362.2448668,369.598315,19842810
12/21/2023,369.7080688,370.6559176,360.1894796,363.3823071,12019200
12/22/2023,371.2645569,375.0859443,369.3688289,370.1071577,16546475
12/26/2023,376.5227051,378.9472418,370.5960394,372.5616175,21753345
12/27/2023,379.6157532,381.1423167,375.7843786,377.9494893,17036215
12/28/2023,383.4072266,384.4349128,379.7654276,381.3418973,24750070
12/29/2023,380.7631836,382.6888431,377.1613034,381.5614057,12230850
1/1/2024,380.9727173,382.9382955,377.7699328,380.9427859,7129510
1/2/2024,372.1725464,380.7432569,371.1847484,380.7432569,25603980
1/3/2024,372.3421631,373.1603294,368.7003638,371.9630114,18907575
1/4/2024,371.8831787,373.4596179,371.2745324,373.4596179,14328830
1/5/2024,368.6903687,373.1403773,367.4531624,372.2623481,38996705
1/8/2024,364.4000244,369.4586488,362.9033922,368.7701955,61265835
1/9/2024,364.5097656,370.765708,363.3823282,366.5751255,21696115
1/10/2024,363.3424072,365.6771499,361.506542,363.3424072,35263790
1/11/2024,363.7514648,367.4531265,362.2548327,365.5773427,20850350
1/12/2024,365.8268127,367.6826526,362.0652879,364.1805233,10863105
1/15/2024,369.4685974,369.8876678,366.4254574,367.7724325,30861560
1/16/2024,368.7702026,371.3543841,367.3733519,369.2790369,23254490
1/17/2024,355.1308899,366.1061937,354.4224924,363.791395,54184415
1/18/2024,354.6519775,357.7350364,352.127659,353.2052208,21467250
1/19/2024,352.067749,359.1817457,350.042308,356.6075517,22801645
1/23/2024,356.0986938,364.16057,351.9879488,359.3913031,33904120
1/24/2024,356.9168701,359.8901906,351.7883955,356.9966771,16341755
1/25/2024,352.8858948,358.7127789,349.6930978,357.1962026,33510850
1/29/2024,363.7614441,365.1882566,354.4025293,356.2583387,26180740
1/30/2024,363.9011536,367.0640499,359.8602586,364.1805237,19145935
1/31/2024,364.2303772,367.4631235,356.8969038,362.3845552,40587005
2/1/2024,363.7315063,365.5873461,361.8258214,365.178263,10360840
2/2/2024,363.7714233,369.1692805,362.8634628,367.532948,25249380
2/5/2024,360.8580017,364.5696509,358.9921746,364.1805119,17304030
2/6/2024,356.5975647,361.9854346,355.8293045,361.9854346,23459485
2/7/2024,357.7150574,361.1473365,355.9989178,357.395799,22961120
2/8/2024,345.1632996,359.9500331,344.6344907,359.5010312,22713870
2/9/2024,347.70755,349.0146064,343.0280777,345.2231504,20319880
2/12/2024,341.1423645,349.0146344,337.4606467,347.8173469,22532445
2/13/2024,346.6499329,348.2363593,341.0325686,341.8307907,22461670
2/14/2024,349.0046692,352.1675349,341.6611778,343.9560322,19251615
2/15/2024,347.0690002,350.7008117,343.2376256,350.2119217,12708350
2/16/2024,346.270813,349.4137652,345.6621971,349.2042147,8215730
2/19/2024,345.5025635,348.0168948,344.454933,348.0168948,22239770
2/20/2024,351.7085876,352.9358371,346.6898819,347.1588279,38055620
2/21/2024,348.4359436,353.0056473,347.3284199,353.0056473,20924355
2/22/2024,344.1755371,348.2164319,342.0702586,348.1166504,31003800
2/23/2024,344.0258789,345.77195,342.3097393,344.1256605,17268830
2/26/2024,340.4938049,344.305205,339.6257631,343.6467137,29790330
2/27/2024,340.5836182,342.2199203,338.6379841,341.8308117,22158260
2/28/2024,335.9639893,341.8008608,334.2877685,341.4316964,15381635
2/29/2024,337.1313782,339.685628,332.7312759,336.6424576,33034875
3/1/2024,344.7642212,345.2730555,338.2388959,338.3386775,17220745
3/4/2024,344.6644287,347.5179929,342.9283451,344.8140858,13885990
3/5/2024,342.3695984,344.6644223,341.0226233,344.6045594,15610970
3/6/2024,351.1598206,353.5943447,342.9083687,343.7963851,37258560
3/7/2024,348.8250427,352.187502,348.2164269,351.1598158,15696800
3/11/2024,345.1533203,353.1752777,344.0757585,352.3870428,18200715
3/12/2024,343.2975159,347.9071384,340.7033472,346.2009861,51216490
3/13/2024,345.1333923,347.7674494,342.6689366,343.297527,29080415
3/14/2024,347.6976318,350.7806908,343.0580473,344.2254339,24048165
3/15/2024,346.8794556,350.4115163,343.4671206,346.3805781,77537270
3/18/2024,346.7996216,348.1865155,342.2897806,346.6998705,11570715
3/19/2024,349.1443481,350.5911049,345.3329173,346.1910023,22405375
3/20/2024,352.287262,352.9058955,345.3828156,349.4935606,22104430
3/21/2024,353.6342163,357.3259211,352.067734,353.6242595,18918405
3/22/2024,354.4823303,355.6995924,352.2074506,353.1852612,35306415
3/26/2024,349.9525146,354.2827669,349.2141858,352.2074503,26518150
3/27/2024,354.3226929,355.1608033,349.9924405,350.8106068,41155650
3/28/2024,356.2982483,359.9699787,354.0433127,354.7916288,33150360
4/1/2024,357.3359375,362.7138203,356.4977966,358.1939921,14429400
4/2/2024,350.6908569,358.7926208,350.1021853,357.9744546,34255950
4/3/2024,345.4526672,350.5511798,345.0236095,349.9126326,63417755
4/4/2024,349.0445557,349.5534204,343.8861803,348.6155284,65626460
4/5/2024,356.2283936,356.6374767,347.2386131,349.0246027,32790115
4/8/2024,356.8769226,359.5608854,356.2184008,357.9545148,13174055
4/9/2024,355.3204346,357.7948774,354.3426544,357.2660686,11866155
4/10/2024,364.3700867,365.1583215,355.9989091,356.9767198,27629090
4/12/2024,361.7958374,362.8035794,359.0619991,361.3867847,19831135
4/15/2024,358.8225708,361.127382,355.2007159,357.1862383,21599340
4/16/2024,357.7150574,360.1096934,354.3326843,354.8016303,20483890
4/18/2024,356.547699,361.7859119,355.819327,357.2062208,21253700
4/19/2024,357.7250366,360.1894923,351.8083578,352.0078905,19351900
4/22/2024,361.1772766,363.6816511,359.1917542,361.7859229,30755695
4/23/2024,361.7958374,364.9786775,359.8103152,361.1872216,29780025
4/24/2024,367.7325134,368.2713096,360.7482297,361.5863401,16475385
4/25/2024,327.7524719,338.7976251,319.6806391,332.2523559,330895395
4/26/2024,320.9777222,330.2568294,320.2792816,327.7524551,110734245
4/29/2024,327.3433838,328.7103335,321.1772664,321.2969921,56137045
4/30/2024,324.0608215,328.660457,323.2725866,327.3434132,91032240
5/2/2024,314.4224854,318.1840101,309.7829315,317.2860369,133202390
5/3/2024,308.6454773,316.8669674,308.0767497,315.8891871,80617945
5/6/2024,324.1306152,325.8667293,318.0842235,320.2792963,108041055
5/7/2024,328.0418396,328.7302929,322.8734768,325.0086563,49333925
5/8/2024,328.9298401,330.7457307,326.4853286,327.2635762,49268765
5/9/2024,327.8821716,331.6237521,326.6649096,328.8599823,23280220
5/10/2024,324.8589783,329.8776836,322.4543856,327.8622299,58847010
5/13/2024,327.5030212,327.9919418,322.474359,324.6694013,29196240
5/14/2024,328.520752,329.2590808,325.766939,327.662667,21410130
5/15/2024,329.4187317,330.0572789,326.674906,329.1992244,26304500
5/16/2024,333.6592102,334.2478819,328.7003673,330.2568624,34991785
5/17/2024,338.5481873,340.3641083,332.2523567,334.0483033,48087255
5/21/2024,338.8874207,342.2299054,337.2411313,337.6402271,29050835
5/22/2024,339.1468506,340.2244124,335.4651328,339.7953851,30293485
5/23/2024,341.042572,341.9505326,338.6479665,339.2366382,28406475
5/24/2024,339.9251099,342.7986488,338.1790388,341.4317295,24680885
5/27/2024,341.4317322,343.6267746,339.7355367,339.9251126,17271435
5/28/2024,339.9649963,342.4294519,338.8375286,341.6910926,18580705
5/29/2024,336.8121033,341.4117384,335.6846354,338.8375443,24762360
5/30/2024,337.2610474,340.753189,335.8442527,336.1136355,27902445
5/31/2024,335.3254395,339.8353109,331.3643514,339.8353109,64022380
6/3/2024,342.838501,346.9891645,339.256565,343.5169974,49005355
6/4/2024,326.8544922,342.3296789,319.770427,339.8851675,76147340
6/5/2024,342.8485107,344.1755417,328.26134,331.7634692,72131590
6/6/2024,346.1610718,346.9193752,339.9949541,343.4272332,31799505
6/7/2024,349.9525146,350.9403126,343.6267528,345.2331539,23040730
6/10/2024,348.3461304,353.8936445,346.4504024,349.2341163,24240220
6/11/2024,343.2276611,348.6554498,342.6489767,348.5357241,20528235
6/12/2024,342.3795776,346.0213768,341.8108501,343.2476195,29407880
6/13/2024,344.494812,346.7298036,343.0281111,345.5025542,30080725
6/14/2024,342.6689148,346.2009754,341.3119524,343.826314,15768330
6/18/2024,343.1079407,344.1555711,339.8851816,342.9482962,28536650
6/19/2024,348.5556641,351.8183114,342.2299022,345.0236035,49798990
6/20/2024,352.4569092,357.1663134,351.2695784,352.2074705,46215520
6/21/2024,354.3326721,356.9966604,348.2762931,353.2052043,95158445
6/24/2024,353.7140808,354.2428897,349.1643211,350.6409788,21144440
6/25/2024,355.579895,358.8425426,351.8083827,354.51229,29669295
6/26/2024,358.8225708,362.3845628,354.4224684,355.2007159,33429660
6/27/2024,365.2879944,366.7746697,356.1984628,357.3957807,66713845
6/28/2024,359.6906128,368.7602005,358.9722281,363.6217692,24845035
7/1/2024,360.8081055,361.8158476,357.1962378,359.6906249,14507550
7/2/2024,353.1253967,363.3723277,346.6399904,363.3723277,48125085
7/3/2024,361.3269348,362.354621,349.6531916,352.3670858,44905015
7/4/2024,365.9465027,366.8843946,359.4511399,360.5087575,25344465
7/5/2024,369.7080688,370.7556992,362.8734424,363.182744,17328265
7/8/2024,369.8078613,370.6160403,366.2658134,369.9674753,19306015
7/9/2024,368.7402649,373.1603115,365.1782728,371.4042533,19601055
7/10/2024,365.1483459,368.0717604,363.2226864,367.7724461,28148945
7/11/2024,368.0717468,369.5683791,363.4920559,365.3478957,23076860
7/12/2024,365.7469788,369.3688335,364.4299351,368.071734,21204275
7/15/2024,367.8821716,370.7457231,364.5097555,366.9742111,29549980
7/16/2024,360.2493591,368.9897012,359.37133,367.5928506,32713510
7/18/2024,364.5297241,365.4177101,357.8248106,360.1894846,37954190
7/19/2024,363.9004517,365.7782915,360.7740513,363.2811705,20694325
7/22/2024,351.1051941,363.7805821,349.3771755,363.7805821,53711805
7/23/2024,353.3725891,355.6899247,347.4294289,353.3925551,30775980
7/24/2024,348.8377991,355.7698093,345.4117564,353.1827956,37436035
7/25/2024,354.6211243,355.3902265,346.0010582,346.0010582,15481985
7/26/2024,362.3522034,365.5485303,351.2150504,351.2150504,26546755
7/29/2024,358.3668213,364.9791927,356.2892301,364.519731,40031835
7/30/2024,356.8086243,360.9138765,355.8497383,358.3668253,28397685
7/31/2024,361.1635742,362.7817342,354.2215965,358.1870256,29031285
8/1/2024,358.1170959,363.2311946,356.8385713,361.0037823,19080220
8/2/2024,360.2746277,361.5831166,354.5911779,355.8097742,16212945
8/5/2024,354.3215027,360.7041281,353.3026578,353.6322949,24559090
8/6/2024,353.702179,358.0272094,351.5946235,356.5888654,19620110
8/7/2024,354.9008179,356.9085129,351.6046304,356.5888741,17688725
8/8/2024,354.1416931,355.9496063,352.1240303,352.9230968,12361105
8/9/2024,353.5223999,356.6787644,352.5934782,356.59887,12322215
8/12/2024,354.1017456,357.7974663,349.8466418,351.7944083,22722215
8/13/2024,350.0064697,357.8873677,348.8178377,352.1939502,17651595
8/14/2024,349.1773987,351.5946251,348.5081873,350.5957768,12928245
8/16/2024,355.0506287,356.7386848,348.7978587,351.9941551,14809355
8/19/2024,355.8597107,357.5877294,353.7921177,355.6998913,10861395
8/20/2024,360.7141113,362.1923874,354.8408781,356.1893295,15577430
8/21/2024,362.1724243,362.9814891,357.0583256,359.5854107,28585950
8/22/2024,363.8804626,364.4398153,360.7440945,362.38219,16089940
8/23/2024,363.1812744,365.1589747,362.1224976,363.88045,9075930
8/26/2024,362.08255,364.1701396,361.5231974,363.5808227,11781285
8/27/2024,360.2546692,362.2024053,357.9273353,361.7928738,22708480
8/28/2024,357.8474426,360.7640629,356.7587015,358.7863626,21403980
8/29/2024,355.0406799,359.2857857,354.1916527,356.2392797,27655790
8/30/2024,355.7498474,357.5877248,354.4613244,355.0506413,37290860
9/2/2024,355.6399536,358.276928,354.1317133,355.9895566,20242600
9/3/2024,356.3491516,356.87854,354.0617803,355.6000153,25981365
9/4/2024,356.3491516,357.248109,352.2938297,353.5923204,15962215
9/5/2024,355.180481,356.8585389,351.594619,355.8397245,17865025
9/6/2024,352.423645,355.9795731,350.8954083,353.1028851,16274400
9/9/2024,357.6176758,358.3768103,351.2849809,353.1328564,17182305
9/10/2024,357.9073486,359.5154798,355.2004477,359.1858733,17488060
9/11/2024,357.4378967,360.6741557,356.5888695,358.5865663,18669360
9/12/2024,365.0690918,366.407545,358.6165397,360.3645244,31827540
9/13/2024,363.6507263,366.9768779,362.9315543,366.9768779,10283600
9/16/2024,365.8382263,368.7149146,365.2389112,366.1778311,13653170
9/17/2024,368.9046631,370.2531145,365.7083665,367.4563512,18374310
9/18/2024,367.5162659,371.4617291,366.6972029,369.573891,34387495
9/19/2024,373.9588623,374.5681452,368.5950209,369.5539373,14462150
9/20/2024,380.4613342,384.8163289,373.5692866,374.3683531,94247895
9/23/2024,386.4943848,387.9526948,381.2005007,382.5489216,18431360
9/24/2024,382.4989929,387.2734869,381.4801786,386.5543148,18546930
9/25/2024,379.1528625,384.0971743,378.4236922,381.5700891,16537335
9/26/2024,380.0218506,382.2193292,376.4259903,378.5635405,21022565
9/27/2024,374.0587158,381.5600768,372.8301518,379.5623801,33215560
9/30/2024,370.3630066,376.4559879,368.1954922,370.912361,16234200
10/1/2024,375.4471436,376.5159187,368.9745949,368.9745949,24357630
10/3/2024,364.1401672,372.300772,362.7417856,371.152072,31816160
10/4/2024,361.3833313,369.5739002,359.2558099,362.6818525,18673160
10/7/2024,357.6376648,366.8570467,353.472484,361.5831282,37233165
10/8/2024,360.2646179,362.3821716,355.9595839,359.5854084,25485515
10/9/2024,359.7452393,363.5808134,357.5677571,359.7852017,35394010
10/10/2024,374.7879028,376.3660699,360.6442056,361.5631596,29528990
10/11/2024,376.0464478,378.2838584,371.8013422,374.0087885,26057900
10/14/2024,381.7199097,382.7587205,376.0564258,376.5758465,21955690
10/15/2024,378.6034851,382.6288427,377.0552519,381.9995634,21477465
10/16/2024,374.8378296,378.0541227,373.1997341,376.3660664,15727780
10/17/2024,372.3806763,375.2274004,369.833625,374.8378348,17707160
10/18/2024,373.7790527,375.2673576,369.1743762,373.1697698,19173835
10/21/2024,357.427887,370.5727348,346.6003746,369.5738865,65890685
10/22/2024,352.2239075,358.6864577,351.364882,357.9772839,27471910
10/23/2024,353.152832,356.9984044,351.2150637,351.8243771,14180685
10/24/2024,352.0341187,354.1416741,349.6568547,352.7932532,11584100
10/25/2024,353.3625793,356.8885129,350.9953136,352.5934771,14146135
10/28/2024,349.5669556,355.719865,348.6080697,353.1927799,16510740
10/29/2024,351.6345825,353.0229659,345.7413833,348.2984327,20790595
10/30/2024,346.5205078,351.5946444,344.9223442,345.0022387,21929745
10/31/2024,345.8212891,348.9177252,344.3929432,345.0721528,14723350
11/1/2024,348.478241,350.4259771,346.8700792,347.519355,912445
11/4/2024,345.4716797,348.3982981,344.4528653,348.3982981,14424150
11/5/2024,351.0252686,351.6945104,341.8059178,343.9034749,20143075
11/6/2024,352.1140137,353.2826797,348.9177172,351.6145895,18261260
11/7/2024,348.9776611,352.5934875,346.2008638,352.1939542,15304920
11/8/2024,348.7579041,352.4136928,347.3794884,348.5980847,18234125
11/11/2024,348.3983154,352.2538862,347.0398962,348.5980973,16025150
11/12/2024,343.8835144,349.4770714,342.6449522,348.5581174,16141950
11/13/2024,337.1812439,345.2319591,335.4232611,342.4052012,17967450
11/14/2024,341.186615,342.1255349,337.5707887,337.6107512,16638790
11/18/2024,344.1531982,345.2519376,339.5485218,342.4052136,10412075
11/19/2024,345.1520386,347.5592668,342.3053451,345.5615701,13798315
11/21/2024,347.019928,347.7490678,340.3575957,342.6249706,16470295
11/22/2024,351.8843079,354.0318258,346.1808616,346.4006095,17768630
11/25/2024,357.7375488,358.5066816,352.9730529,355.9895641,34357160
11/26/2024,356.3092041,358.7763609,354.5911836,358.5865772,11563695
11/27/2024,356.2293091,360.6841644,355.4102461,355.7798151,16012220
11/28/2024,351.4348145,357.3679763,350.2961431,356.2392728,19856975
11/29/2024,352.6434021,354.3114923,350.9953084,350.9953084,14939970
12/2/2024,350.3860168,354.1117016,348.7978516,352.5934631,21326400
12/3/2024,349.5769653,351.8343419,347.5992346,351.5946281,19858250
12/4/2024,351.0952148,352.9930207,348.8777702,349.9964755,15933930
12/5/2024,354.6211243,357.318027,349.1973851,352.3936815,28486145
12/6/2024,354.9807434,356.5988729,351.7944146,354.37143,12979410
12/9/2024,356.8385925,360.5742758,353.2127679,353.2127679,12770115
12/10/2024,358.5266418,360.1447714,356.2392705,356.2392705,9899420
12/11/2024,358.5266418,360.9438379,357.5777237,358.7863522,11967140
12/12/2024,353.3326111,358.8762378,352.6633997,357.5877149,17441295
12/13/2024,360.7141113,361.3833227,349.2073588,351.2650144,19467655
12/16/2024,360.4743958,362.1824179,358.3568116,360.1847212,14946965
12/17/2024,356.3990784,360.9538244,354.5911653,358.8063066,17964305
12/18/2024,355.5900269,356.92848,353.6622568,355.9895601,17647150
12/19/2024,352.0141602,353.1927939,348.6779797,352.2838382,20370400
12/20/2024,348.3084106,353.362581,346.2707819,350.595782,73428440
12/23/2024,348.6679993,352.4336466,347.5992242,349.0974967,13740180
12/24/2024,349.407135,350.5258403,347.2096565,348.1086444,13563125
12/26/2024,350.1562805,353.4824626,348.0087626,350.955347,5660030
12/27/2024,351.5746765,355.0306835,350.3960122,351.5946425,12241355
12/30/2024,347.7390747,355.7897899,346.3007307,352.593463,27513860
12/31/2024,356.7986145,358.9062004,346.6103795,346.6103795,23658490
1/1/2025,357.2680664,358.9361565,354.9906934,355.4401874,7424140
1/2/2025,367.0068665,367.6161798,358.9661489,359.58543,25484935
1/3/2025,367.3065186,370.1732085,363.0014846,369.7736752,21385745
1/6/2025,355.5201111,364.5796736,354.1716596,363.780607,19961975
1/7/2025,354.0018616,359.075998,353.5723641,356.9884085,21999690
1/8/2025,353.3226624,356.5289572,352.0840696,355.6100033,21823395
1/9/2025,357.6276855,361.3234063,354.391396,354.391396,27349135
1/10/2025,350.8354797,357.5177775,350.2661594,356.4290365,17513090
1/13/2025,347.2796021,348.5081965,344.3529836,346.1808627,15461940
1/14/2025,349.7167969,353.3625874,345.5216519,349.5170455,24744805
1/15/2025,357.5078125,358.5865553,351.6145829,351.6145829,17549305
1/16/2025,360.6941223,362.5719621,356.6587968,358.7463863,22257670
1/17/2025,351.3149414,360.6841438,349.2573163,358.9860894,17608640
1/20/2025,383.6576538,385.5354936,372.770213,377.5646728,66621575
1/21/2025,378.223938,383.7475684,377.7644763,383.7475684,22078315
1/22/2025,383.0583496,383.6576647,376.9753667,379.3625985,20883345
1/23/2025,378.5335693,384.3468742,377.9842149,380.98076,15805795
1/24/2025,376.805542,383.2581243,374.178566,377.7644584,20126830
1/27/2025,375.8466797,379.3226831,372.1209641,374.5681549,9642515
1/28/2025,377.1152039,380.5612431,373.7291236,378.5635462,25786920
1/29/2025,383.6277161,384.4967093,376.5658505,377.1252032,11758155
1/30/2025,379.86203,387.1736076,375.0575717,383.627708,21195905
1/31/2025,379.8220825,381.3503193,377.484781,380.1716551,11666145
2/1/2025,380.1816711,382.9884327,373.8889384,379.3626081,5481785
2/3/2025,376.4659424,380.3215129,375.8766255,378.2838537,16599040
2/4/2025,385.2558289,387.7928818,375.0076348,377.7744338,26663090
2/5/2025,381.9096985,387.3434363,380.0318586,387.1136902,17136925
2/6/2025,382.7487183,383.557783,378.8532156,382.9584679,15969855
2/7/2025,385.4056396,391.6684078,381.1405377,383.757546,22070870
2/10/2025,391.5785217,392.5474059,384.2669444,386.6142442,17846865
2/11/2025,383.2781067,393.6461579,380.8808766,392.4675241,17533410
2/12/2025,388.3422546,389.3510707,380.5512193,384.2469703,16095020
2/13/2025,394.1056213,398.1010149,391.6584306,392.147887,63391865
2/14/2025,390.0303345,394.3453364,386.2247245,394.3453364,13050240
2/17/2025,388.6119385,392.3376538,386.0848534,390.5497067,11500595
2/18/2025,392.217804,392.7471924,387.383351,387.9627001,21720625
2/19/2025,396.5428162,398.520547,391.9481074,392.3376729,19570825
2/20/2025,393.6561279,396.013426,391.5485724,396.0034278,23621860
2/21/2025,390.1601563,395.2143572,386.4544372,393.6561256,20042760
2/24/2025,392.7671509,393.5462514,386.2646383,387.2135565,11090405
2/25/2025,392.9969177,395.4540763,391.268899,393.3464903,20099470
2/27/2025,389.0614319,394.5450996,387.5331951,393.9457845,18540340
2/28/2025,380.1517029,386.9638562,378.3437897,386.9638562,34851575
3/3/2025,382.4790344,384.2869475,378.6034978,380.6710908,13038950
3/4/2025,381.120575,382.7587009,378.9131286,379.7921201,15860250
3/5/2025,386.1747437,390.2800262,378.6434186,380.1816536,19058440
3/6/2025,383.8973694,388.5420081,381.5301037,388.3522245,25965465
3/7/2025,386.6342163,387.6730272,381.5700782,382.9584616,13901690
3/10/2025,383.9073792,387.5631679,382.8286058,386.0548971,11142670
3/11/2025,386.5942993,388.3522518,380.4513877,384.1571067,16035260
3/12/2025,396.0533752,399.0798846,387.1536326,387.5531659,33522470
3/13/2025,396.5627747,398.2108989,393.4563708,394.6849653,24628970
3/17/2025,398.1609497,399.3096193,394.3953022,395.5639377,15854645
3/18/2025,398.1609497,398.1609497,398.1609497,398.1609497,0
3/19/2025,403.8443909,409.7276225,402.9853959,407.3803227,26691440
3/20/2025,406.6611328,407.3103781,402.8355266,405.7322112,13416530
3/21/2025,415.3211365,419.0368536,406.5312831,407.5301314,94254040
3/24/2025,434.7287903,436.3469198,417.568552,419.5163185,42541755
3/25/2025,433.5001831,439.9926974,431.5024864,435.4779138,36712165
3/26/2025,428.4859924,434.6988306,425.4894473,434.4990488,15084580
3/27/2025,425.2397461,429.7844942,421.8835996,428.3061876,47106120
3/28/2025,433.7398987,435.4779155,427.3073129,427.3672413,18361265
4/1/2025,428.68573,435.1982408,426.6880333,434.3591813,18754695
4/2/2025,430.4237671,431.6323651,427.4371896,427.7068982,10660960
4/3/2025,426.0288086,429.8444168,424.9400675,425.3096365,8470190
4/4/2025,425.8989868,428.7656769,423.1421555,425.6892067,18942015
4/7/2025,407.100647,416.2401037,399.6991767,403.2750406,35695245
4/8/2025,410.5566406,415.5009522,407.1305981,412.0149507,20471695
4/9/2025,410.0672302,412.5243888,407.9496765,410.3269101,19597890
4/11/2025,421.7537231,427.4072085,411.2258833,412.524374,27973445
4/15/2025,423.5516663,428.9054788,419.4364159,428.5059456,28178320
4/16/2025,424.190918,429.8244374,422.1732552,423.5117084,14498895
4/17/2025,437.1160278,438.2746956,419.0568623,422.5128692,26943160
4/21/2025,447.7637634,451.7191946,434.5789522,438.4944514,24432490
4/22/2025,453.2374573,459.8498288,448.5628236,449.2819957,33664915
4/23/2025,444.8870544,457.4725499,443.4886728,456.4737015,17619395
4/24/2025,444.0879822,447.0645307,442.2301084,443.0891338,20842685
4/25/2025,440.3722839,446.1655924,435.1383281,443.488686,10680015
4/28/2025,444.6073914,445.8459536,437.3757388,438.8939773,12190890
4/29/2025,440.4921265,448.8824466,439.2535643,444.6073768,15291325
4/30/2025,441.1114197,445.6861624,437.1360226,442.2700875,23114585
5/2/2025,435.8374939,444.2078481,433.7399062,440.2923491,9079030
5/5/2025,416.4998169,426.268553,411.1260076,420.5351425,44108085
5/6/2025,414.3222961,417.7982995,412.5243813,416.7195566,17025485
5/7/2025,418.4974976,419.8758827,410.4267857,412.2646631,18697280
5/8/2025,422.0334167,427.2474066,418.4975153,419.3165479,34624355
5/9/2025,420.1355896,423.5117019,414.5220667,414.5220667,23271500
5/12/2025,428.5059509,432.2216681,424.7303053,426.3084723,15109370
5/13/2025,422.6327209,428.7257022,419.7360667,426.5082575,21539120
5/14/2025,417.9980774,423.4917434,416.319989,421.7137946,10687970
5/15/2025,420.7948303,421.9135356,412.6042617,416.5397266,21311795
5/16/2025,421.1544495,422.4929026,417.5385927,419.4963575,10289540
5/19/2025,421.7537231,424.3107725,419.596207,419.9158458,7528520
5/20/2025,417.5385742,423.0921686,416.4598314,422.4728875,19545490
5/21/2025,413.7829285,418.7771702,411.5255214,418.5174599,10708700
5/22/2025,412.6842041,415.0414717,409.6676929,414.3222996,16446640
5/23/2025,419.6761475,421.3741715,412.6842087,412.6842087,8254765
5/26/2025,417.3787537,421.9135337,416.5397247,417.5385731,10201425
5/27/2025,415.0015259,419.3165276,411.7652365,417.5186128,17299700
5/28/2025,414.3822327,415.6008289,412.2047505,414.5220861,8173180
5/29/2025,415.8405762,418.7172645,410.5266953,414.9815507,24936910
5/30/2025,414.4621582,417.5585943,412.6242808,415.8405739,49038640
6/2/2025,412.2446899,414.6818823,409.7675351,412.9238995,13505700
6/3/2025,408.4291077,414.6819085,406.3714824,413.5232406,32319090
6/4/2025,408.7886963,411.2258888,407.689957,408.9485157,11655570
6/5/2025,407.5101624,410.8063497,406.3714606,410.4867109,18626660
6/6/2025,414.2024231,416.4997926,406.2915613,408.309224,22121620
6/9/2025,427.147522,427.9865509,417.5186093,421.7137845,28895440
6/10/2025,429.7245483,434.0795126,427.1475329,428.8455569,24578710
6/11/2025,428.5658875,431.6423576,426.1087289,429.3050255,8910305
6/12/2025,424.8701172,429.2650743,423.9511938,428.5658683,14890860
6/13/2025,420.9946289,423.9112491,413.9227653,413.9227653,22336370
6/16/2025,427.307312,428.4460138,417.2788965,421.0944741,14707980
6/17/2025,426.8678284,430.6634705,425.5493717,427.3073241,15541500
6/18/2025,425.9888611,426.9877094,421.2542991,424.5105545,19503255
6/19/2025,428.7856445,430.4437366,426.1287041,427.4072288,17025995
6/20/2025,433.4602356,434.6988283,425.7691213,428.5059562,16863180
6/23/2025,436.3169556,437.4356609,429.7445162,431.1229318,8603070
6/24/2025,444.2078552,446.205552,437.7752692,441.0914531,28022600
6/25/2025,439.1536865,444.2078569,437.6953764,444.088,17877145
6/26/2025,440.2723999,441.4909962,435.4979057,439.9727576,28350635
6/27/2025,441.0714417,442.9492814,436.0172714,441.4909714,48247195
6/30/2025,432.2016907,441.2911862,430.4037454,441.0714384,18638285
7/1/2025,436.2170715,436.7963902,431.3626525,432.201712,20128770
7/2/2025,433.3204041,438.933927,431.7022746,436.4967345,9382555
7/3/2025,424.8302002,429.8843706,423.8912803,427.3273211,23336995
7/4/2025,425.4694519,426.9677245,421.7138027,424.3107841,8431075
7/7/2025,429.4648438,430.8632254,423.8712867,425.5094127,10852925
7/8/2025,444.3876343,447.7837126,434.7387554,436.4967382,37631455
7/9/2025,445.3465271,446.3054435,442.2900535,442.8893686,10104510
7/10/2025,440.2524109,448.0234499,436.8762986,445.3065811,28609065
7/11/2025,443.608551,444.4875425,439.2136241,439.8528712,13395830
7/14/2025,440.2524109,444.8870514,438.9538897,444.2677703,11976685
7/15/2025,437.1160278,446.2055543,435.8774656,441.4909887,14870715
7/16/2025,435.3780212,437.4955749,430.7034183,436.3169411,11438515
7/17/2025,433.6600037,437.8351825,432.8409407,434.4990326,10897805
7/18/2025,428.1000061,433.6000061,426.2000122,433.519989,12832715
7/21/2025,433.0400085,433.519989,426.0400085,427.6199951,9135495
7/22/2025,432.0400085,435,429,434.3999939,7822810
7/23/2025,434.0799866,435.9599915,431.2399902,434.2000122,13952705
7/24/2025,428.4200134,434.3599854,428,433.0799866,10292000
7/25/2025,424.9200134,429.980011,423.6600037,427.8200073,8727375
7/28/2025,393.3200073,411.0599976,392,405.0599976,69123495
7/29/2025,394.5400085,395.9400024,390.6000061,393.3999939,25219670
7/30/2025,391.9400024,396.1799927,391.3999939,393.2200012,17949955
7/31/2025,395.7200012,399.7200012,387,388.2399902,21519590
8/1/2025,398.480011,401.3999939,394.4200134,396.6000061,13361865
8/4/2025,399.3999939,401.3999939,396.4200134,397.3999939,7716305
8/5/2025,400.6000061,401.6000061,398.9599915,401.6000061,12106660
8/6/2025,400.480011,405.1199951,398.5400085,400.6000061,13311395
8/7/2025,398.4200134,399.1000061,393,396.2000122,72760995
8/8/2025,390.5400085,399.8999939,389.6400146,398.7799988,10928645
8/11/2025,395.1799927,404.7999878,391.2799988,392.7999878,11012565
8/12/2025,391.7999878,397.1799927,391.2799988,395,7889120
8/13/2025,397.5400085,399.2600098,392.4400024,393.6000061,13733665
8/14/2025,395.6400146,398.7000122,395.1000061,397.6000061,9922965
8/18/2025,400.2799988,405.2000122,399.4200134,399.5799866,21519720
8/19/2025,405.980011,406.5,398.5,398.7999878,15558845
8/20/2025,403.5,404.8399963,401.1000061,404.1000061,13134705
8/21/2025,403.5599976,407.7999878,402.5799866,407.7999878,14493935
8/22/2025,397.3200073,403.7200012,396.0400085,402.0400085,8958465
8/25/2025,396.6600037,399.7600098,395.3399963,397.3999939,11849075
8/26/2025,393.1400146,396.7799988,392.2399902,395.6000061,18550690
8/28/2025,388.9400024,393.6000061,388.2200012,391,17989700
8/29/2025,392.0599976,396.980011,390.0400085,390.0400085,15371790
9/1/2025,393.7200012,394.5599976,391.0400085,392.0599976,7891610
9/2/2025,388.5,395.0400085,388.0799866,393.2000122,12917095
9/3/2025,392.0400085,392.7600098,386.2200012,388.7999878,20037270
9/4/2025,389.9400024,394.3399963,389.2999878,392.2000122,9457295
9/5/2025,389.1000061,391.4599915,387.4200134,389.9400024,9906260
9/8/2025,390.019989,392.2999878,386.2999878,388.5,12527790
9/9/2025,392.0799866,393.1799927,387.9599915,391.2000122,15873920
9/10/2025,394.6600037,397.7799988,393.1600037,396.980011,42604510
9/11/2025,394.4599915,397,392.6600037,395.3999939,11816335
9/12/2025,394.4599915,397,393.2000122,394.6400146,18077285
9/15/2025,394.1600037,396.3200073,392.980011,393.6000061,13098130
9/16/2025,404.3399963,406.1000061,394.6400146,395.2799988,20084385
9/17/2025,410.0599976,410.5400085,404.0599976,405.7999878,23917190
9/18/2025,410.9200134,412.2600098,408.4400024,410,17420580
9/19/2025,406.2000122,410.9200134,405.480011,410.9200134,22431125
9/22/2025,404.3399963,407.9200134,403.480011,406.3999939,13229910
9/23/2025,409.5400085,410.6199951,401.6799927,404.6000061,25428240
9/24/2025,406.2600098,409.6199951,405.7999878,408.3999939,18394385
9/25/2025,402.7000122,407.5,402,406.4599915,20039275
9/26/2025,398.9599915,403.8399963,397.8200073,401.7999878,9595825
9/29/2025,398.3200073,400.7399902,394.0599976,399.1799927,26530510
9/30/2025,398.5400085,403,397.2200012,400.7999878,29309685
10/1/2025,412.6600037,414.3999939,397.2000122,397.2000122,30579755
10/3/2025,420.1000061,421.6000061,412.3999939,412.6600037,23679650
10/6/2025,429.2000122,430.9200134,418.6000061,422.7999878,25764180
10/7/2025,425.3800049,430.6199951,424.3399963,428.3999939,12364695
10/8/2025,423.5599976,426.5,422.4400024,425.2999878,4402475
10/9/2025,428.9200134,430.3999939,420.2600098,423.6000061,15827485
10/10/2025,430.019989,431.5599976,427.3200073,429,9681210
10/13/2025,430.4200134,431.2000122,426.7600098,427.2000122,10600020
10/14/2025,430.3599854,433,428.3200073,429.7999878,8022815
10/15/2025,429.9200134,433.1799927,428.2399902,431,11540535
10/16/2025,441.0799866,442.9200134,430.4400024,430.5799866,33692100
10/17/2025,441.1600037,441.980011,438.0799866,440.7799988,16706510
10/20/2025,442.7600098,453.2000122,440.0400085,442.7999878,15207085
10/21/2025,439.3999939,443.9599915,437.3800049,442.7600098,1134020
10/23/2025,445.1199951,448.8800049,442.2000122,445,21496105
10/24/2025,437.3999939,447.6000061,433.6400146,447.6000061,16293685
10/27/2025,429.7200012,437.2000122,424.3999939,434.4400024,18599700
10/28/2025,432.1600037,433.6199951,428.3999939,428.3999939,23304345
10/29/2025,430.1000061,434.8599854,429.3800049,434,7088915
10/30/2025,427.4400024,430.6000061,425.2799988,430,12438465
10/31/2025,420.4400024,429.3800049,420,429.3800049,18931270
11/3/2025,422.7000122,423.8399963,417.5799866,420.4400024,7657265
11/4/2025,419.3200073,424.2200012,418.6000061,423.3399963,9581885
11/6/2025,416.6400146,420.7600098,414.4200134,414.6000061,11902845
11/7/2025,417.6600037,419.8599854,411.8399963,415.7399902,7000945
11/10/2025,418.5400085,420.9599915,416.2000122,416.2000122,10866480
11/11/2025,417.3800049,420.6000061,414.980011,420,10814210
11/12/2025,416.8999939,420.019989,416,420.019989,9035425
11/13/2025,415.0400085,417.8999939,412.9200134,417.8999939,10711530
11/14/2025,415.9400024,417.1000061,412.6000061,413.2000122,12202755
11/17/2025,420.5799866,423.980011,418.480011,419,25151640
11/18/2025,418.6199951,421.3999939,416,418.1199951,10300340
11/19/2025,421.1799927,422,417.8999939,419.8999939,12464500
11/20/2025,419.7399902,422.9599915,418.6400146,422.9599915,36702845
11/21/2025,417.5599976,422.2999878,415.7000122,420,39194210
11/24/2025,417.4599915,420.7999878,415.480011,419,24922845
11/25/2025,413.980011,418.8599854,413.3399963,418.8599854,15164895
11/26/2025,420.7600098,422,414.8200073,415,14896715
11/27/2025,422.0400085,426.1000061,418.2799988,420.7999878,20148975
11/28/2025,424.8800049,428.3599854,420.4400024,423.7999878,15840785
12/1/2025,429.519989,432.6000061,425.6199951,426.7999878,16310160
12/2/2025,428.480011,432,427.8800049,428,18294165
12/3/2025,429.2200012,430.3399963,423.8200073,427.019989,14031015
12/4/2025,427.0799866,429.3599854,424.2999878,429.2200012,12871640
12/5/2025,430.980011,433.2000122,426.3999939,427,9658475
12/8/2025,426.3200073,431.7799988,425.2000122,431.7399902,14960235
12/9/2025,425.5400085,426.6799927,421.7799988,424,16037550
12/10/2025,425.8999939,431.1000061,424.7399902,426,10941335
12/11/2025,436.0400085,441,423.8200073,425.8999939,24978600
12/12/2025,435.3200073,440.2000122,434.9400024,436.3399963,14312745
12/15/2025,436.2600098,437.1199951,431.2999878,433.4200134,13779900
12/16/2025,436.480011,438.7999878,434.2999878,435.6000061,8544595
12/17/2025,434.6400146,438.6400146,432.7000122,437.6000061,8060720
12/18/2025,432.9200134,435.7799988,431.980011,434.6400146,5633400
12/19/2025,431.8999939,435.5,431.2600098,433.7000122,11504670
12/22/2025,429.9400024,435.2000122,429.4200134,434,9041130
12/23/2025,432.5400085,434.1799927,429.9400024,430.5,8070815
12/24/2025,432.7399902,435.6400146,432.2200012,433.6000061,7791790
12/26/2025,432.8399963,434.7200012,430.5799866,432.3999939,3691745
12/29/2025,431.7200012,436.3599854,431.0799866,434.1199951,4858980
12/30/2025,430.5400085,433,427.7799988,431.9400024,28360690
12/31/2025,440.2200012,441.0799866,431.1400146,431.6000061,14284445
1/1/2026,443.5599976,444.1799927,437.7999878,442,6734875
1/2/2026,439.019989,445.5799866,436.1000061,443.5599976,12238470
1/5/2026,438.1799927,441.3399963,436.3999939,439.3800049,10914245
1/6/2026,429.2799988,445.6000061,427,440.4200134,26541035
1/7/2026,428.7999878,430.1000061,421.8399963,429.2799988,10561315
1/8/2026,426.6000061,428.6000061,423.7200012,428.019989,11484710
1/9/2026,425.3599854,426.6000061,423.2000122,426.6000061,10319615
1/12/2026,426.6600037,427.8800049,421.2000122,425.3599854,12720435
1/13/2026,426.519989,428.8800049,424,425.3800049,12717650
1/14/2026,421,427.6000061,418.7999878,426,10818517
1/15/2026,421,421,421,421,0
1/16/2026,418.2000122,427.6000061,417.1000061,424,17993251
1/19/2026,426.8999939,430.3999939,415,419,22228439
1/20/2026,423.7999878,431,422.5,428,18805991
1/21/2026,421.6000061,425.5,416.3999939,422.1000061,16386060
1/22/2026,426,429.7999878,420.2999878,423.7999878,10087657
1/23/2026,422.7999878,429.7999878,420.3999939,429,10548118
1/27/2026,408.7000122,415,400.5,415,47613963
1/28/2026,412.3999939,414.2000122,406.2999878,409.2999878,14823671
1/29/2026,412.3999939,414.6000061,407,407,26085514
1/30/2026,408,412.5,405.3999939,410,20681886
2/2/2026,408.2000122,410.8500061,405.1000061,408.7000122,15422034
2/3/2026,415.7999878,425,410.2999878,415,35396945
2/4/2026,412.3500061,418.6499939,410.6000061,416.7000122,14948177
2/5/2026,408.75,413.9500122,404.1000061,411,24814864
2/6/2026,422.3500061,424.6499939,410.2999878,411,21228778
2/9/2026,428.7999878,434.8999939,424.2000122,430,22538542
2/10/2026,429.2999878,433.8999939,428.2000122,430.7999878,18428055
2/11/2026,429.5499878,431.7000122,427.75,431.7000122,12299205
2/12/2026,426.25,431.0499878,425.1000061,429.3999939,14003384
2/13/2026,420.6499939,428.8999939,419.5499878,426,23233320
2/16/2026,425.6000061,426.7000122,418.25,419,12403028
2/17/2026,424.4500122,425.5,420.6000061,423.6499939,6427007
2/18/2026,426.3500061,427.3999939,421.3500061,425.7000122,7333331
2/19/2026,416.3999939,425.9500122,415.8500061,425.7000122,6473423
2/20/2026,421.3500061,423.3999939,415,415,6603883
2/23/2026,430.7000122,431.7999878,420.3500061,423,10399627
2/24/2026,427.7000122,432.4500122,425.7999878,430.8999939,15016915
2/25/2026,424.9500122,430.1499939,421.3999939,425.5,10192468
2/26/2026,424.5499878,426.7000122,421.7000122,426.7000122,13417228
2/27/2026,415.2000122,422.3500061,414.4500122,420.5,17806739
3/2/2026,413.1000061,414.6000061,407.1000061,410,15236520
