Date,Close,High,Low,Open,Volume
3/2/2016,648.8605347,656.2734945,646.1804987,651.7687099,3652203
3/3/2016,688.3202515,690.6581831,646.893292,655.1330873,5552958
3/4/2016,680.394165,697.9286273,676.8587369,692.8250939,3438969
3/8/2016,677.1154785,691.1145147,668.9897509,684.8420406,3022782
3/9/2016,691.5990601,695.6761752,671.726667,674.235677,3121141
3/10/2016,676.3740845,696.5315751,673.5799784,692.2548768,2932767
3/11/2016,676.0889282,685.4120983,667.9061413,677.9706857,2996377
3/14/2016,675.262085,688.0636741,671.5556309,682.5609757,2726301
3/15/2016,673.2947388,683.0455774,670.329555,677.8280275,2444158
3/16/2016,674.6918945,679.5388365,664.2567405,676.858748,2704711
3/17/2016,680.4227295,687.1228731,675.404761,683.1313226,3872653
3/18/2016,683.8724976,685.9823421,678.6264427,683.7014192,2566830
3/21/2016,700.3234863,702.8324962,681.0498427,684.8418619,3575446
3/22/2016,705.5410156,709.9317827,696.8165945,703.6593105,2979816
3/23/2016,708.5348511,712.2128534,701.5496119,707.0808154,2438136
3/28/2016,687.892395,710.6158957,683.1595244,707.6507124,3717456
3/29/2016,680.8217163,693.4237214,678.569298,688.8333717,2703178
3/30/2016,700.2665405,702.4618982,685.1270192,688.8334734,2874000
3/31/2016,693.7944946,701.3784815,690.8293103,699.0690541,4945963
4/1/2016,705.8831177,711.813485,691.1142603,691.1142603,2539944
4/4/2016,704.7143555,712.7830212,696.5886288,707.0237307,1740162
4/5/2016,681.5061035,704.0870907,678.5979279,700.4661494,3151113
4/6/2016,691.0289307,692.8251231,674.2927464,683.7585436,2583834
4/7/2016,674.520752,689.9454205,671.6126288,688.8334373,2707579
4/8/2016,679.852417,682.5610098,673.4373699,675.1480491,1565038
4/11/2016,691.8842163,693.3382518,676.0604339,681.9907501,2529934
4/12/2016,697.0446777,704.1724894,688.2917001,692.824989,2837052
4/13/2016,704.1725464,714.4936298,700.8652578,704.7997989,4955905
4/18/2016,714.4936523,716.746071,689.4322128,703.1461506,2644515
4/20/2016,721.8781128,723.0185482,711.642542,716.7745796,2522848
4/21/2016,713.8949585,727.0386525,710.5306088,724.0164596,1723543
4/22/2016,721.3933716,723.6172335,707.9360263,712.7829155,2008374
4/25/2016,721.6213989,728.5211232,716.8314667,724.1874173,2128689
4/26/2016,730.460022,731.857101,718.6848502,719.11252,1877685
4/27/2016,727.8655396,734.8793351,724.7862855,730.4600629,1557685
4/28/2016,718.2287598,731.5435339,714.7218357,728.1791838,2789970
4/29/2016,715.4060059,721.9635741,710.2169077,718.5707204,1689373
5/2/2016,713.2106323,716.2043208,704.7998106,710.5020918,1344315
5/3/2016,713.5812988,731.6860041,709.9318534,716.2043263,2525149
5/4/2016,710.958374,717.2878565,707.080841,711.1008958,1644345
5/5/2016,726.3828735,731.3153282,709.4756649,709.6467433,2821255
5/6/2016,718.7419434,725.5561566,715.0639931,724.7578257,1610382
5/9/2016,738.1865845,739.5266026,720.310018,720.7661922,2788513
5/10/2016,752.727356,754.2384524,734.4516241,738.4431741,3676146
5/11/2016,757.118042,760.6819218,738.4430945,741.2086957,4603557
5/12/2016,750.4749146,764.0462772,747.7093133,755.6069517,1553274
5/13/2016,733.5961914,749.8476418,730.1463291,746.9964754,2103742
5/16/2016,731.742981,739.0133671,723.4746813,736.6184268,2410951
5/17/2016,736.2191772,746.4262419,732.5412281,735.0216811,2223565
5/18/2016,746.9110718,748.2510899,728.2076176,732.9690464,2603508
5/19/2016,721.963623,745.8561229,718.5137603,743.5751999,2005083
5/20/2016,715.690979,729.7185658,713.4100566,725.3277993,1672558
5/23/2016,707.7650146,721.8211093,705.9402658,720.5666043,2198760
5/24/2016,708.3067017,711.9847037,697.5579479,707.7650144,1858491
5/25/2016,736.5044556,740.5245624,713.3817804,718.485314,3721570
5/26/2016,840.5992432,846.7291944,792.6147125,800.5978647,20691907
5/27/2016,841.0269165,848.1262248,827.9687354,840.5137336,5885740
5/30/2016,847.9837036,853.315324,836.0374535,838.1758025,3487939
5/31/2016,840.2571411,847.9837546,836.636252,847.4705195,3809605
6/1/2016,835.4100342,846.3013598,833.157616,838.2611482,2486295
6/2/2016,842.3668823,845.4746404,822.0668202,832.5304775,3103587
6/3/2016,832.8726807,847.3279407,830.2496532,842.2244075,2250340
6/6/2016,837.2063599,840.1430396,833.1292447,834.1271583,1901931
6/7/2016,848.4398193,855.3395444,833.2717946,841.0838679,3348535
6/8/2016,861.7260742,863.7218491,849.7228164,852.6024351,3325263
6/9/2016,850.4641724,863.1517448,847.9837188,861.7831701,1813729
6/10/2016,848.3257446,858.1906537,841.825185,845.2465432,2152996
6/13/2016,836.0374146,840.4566342,829.8504549,838.2327722,2209357
6/14/2016,832.8441772,840.0860595,829.736419,837.0923709,1689316
6/15/2016,863.2086792,865.0333757,834.5263001,834.8113959,2960616
6/16/2016,852.0322876,860.4716137,842.7945784,860.4716137,2447025
6/17/2016,844.0775146,856.9646681,839.8863824,852.2032399,2653944
6/20/2016,859.3596802,861.041855,832.7015794,834.4692673,2975367
6/21/2016,852.3743896,861.5550379,849.9224406,861.041855,1195078
6/22/2016,850.5211792,857.050296,844.0491234,853.0586937,1813926
6/23/2016,854.5412598,859.87288,840.1715651,847.983691,2053992
6/24/2016,815.7657471,837.0922246,798.8870451,825.9728117,6840802
6/27/2016,836.3794556,837.8905519,814.2832026,814.824942,2560092
6/28/2016,840.5421753,850.4925974,837.0923128,837.4914782,2342134
6/29/2016,845.7596436,851.3478544,842.3667901,847.4703225,2000545
6/30/2016,853.343811,858.1336918,846.7291814,848.610939,3960568
7/1/2016,879.659729,880.9997471,855.7387257,858.0766573,3497923
7/4/2016,894.1720581,899.2470871,882.9100169,883.850974,2718052
7/5/2016,898.7337646,902.0981143,884.9913226,893.145553,2636760
7/7/2016,886.4169922,902.0696445,884.2216344,898.6767904,2084571
7/8/2016,873.9574585,887.3577958,867.9130728,886.6734824,1915600
7/11/2016,889.4390869,895.9396464,886.4453986,888.4126168,1815517
7/12/2016,894.1149292,896.253278,882.1116718,894.0008074,2383048
7/13/2016,884.6491699,895.1412786,879.916194,894.1719217,2036055
7/14/2016,892.0906372,895.7971434,879.85924,888.954427,1909636
7/15/2016,904.293457,909.5111119,887.9279877,893.0315208,2428458
7/18/2016,897.7643433,914.443464,892.4042713,905.5194077,1855422
7/19/2016,896.8520508,902.9534453,890.4655083,896.3958766,1926168
7/20/2016,895.7400513,904.3790644,894.4285376,896.9660519,1790911
7/21/2016,888.1560059,898.106427,884.9911872,898.106427,1678212
7/22/2016,897.536438,899.7603002,885.3050393,889.6102419,1877206
7/25/2016,904.3220215,905.9755874,891.2637893,896.3958265,2209774
7/26/2016,908.199585,911.2217778,901.5849034,905.8045924,1729183
7/27/2016,913.5882568,920.9156526,904.7498168,910.2524113,2467012
7/28/2016,899.3894653,916.1255939,890.3513921,914.6430542,2811580
7/29/2016,888.8973999,908.6273244,883.8509796,906.6600015,4228011
8/1/2016,851.7471313,904.3790713,849.6372868,889.0114635,9155449
8/2/2016,857.2497559,863.208628,849.7797875,853.0585715,2410914
8/3/2016,843.1367798,865.1190185,838.5179249,859.9014155,2619658
8/4/2016,837.7479858,853.0585307,832.7584709,853.0585307,2254336
8/5/2016,862.2963867,864.8909099,842.7946021,844.1346724,2805628
8/8/2016,859.416748,869.3957278,853.6859621,866.7441436,1403923
8/9/2016,855.8812256,861.0417669,848.1546136,860.9847059,1865400
8/10/2016,845.7596436,857.6203785,841.8536073,856.1092823,1683261
8/11/2016,840.9128418,843.3647908,834.1556385,841.1123723,2240371
8/12/2016,850.7207031,858.5898375,843.079708,843.3648038,1659132
8/16/2016,858.9605103,862.5529469,839.3732132,851.8897066,2610843
8/17/2016,856.7650757,863.4652176,850.2074555,857.4778412,1384653
8/18/2016,855.5240479,865.1062332,854.3118803,860.6614779,1780732
8/19/2016,862.5952759,864.1249525,854.1098911,858.9298125,1392250
8/22/2016,861.6138306,868.1655172,853.7345571,862.9703779,1837995
8/23/2016,852.666687,862.7972195,844.6142315,861.613854,1273489
8/24/2016,850.5599365,859.1896492,845.682305,851.4257933,1230627
8/25/2016,839.6789551,856.2167968,837.2834218,852.0606952,2616154
8/26/2016,823.8337402,842.7382593,819.9085305,839.880943,2788650
8/29/2016,842.4785767,844.9318197,819.2159178,826.6045546,2094229
8/30/2016,851.8007813,853.0418564,841.5259752,847.3849341,2598309
8/31/2016,873.3318481,876.2180192,848.7126449,851.425634,4152240
9/1/2016,869.9550171,875.9871586,867.0399383,873.3607339,1905766
9/2/2016,868.7716675,873.0720958,858.2371136,869.9550331,1755505
9/6/2016,875.3234253,879.8547456,867.6749891,872.8990371,1960860
9/7/2016,876.3911743,889.7830434,871.6289632,878.9598892,2648263
9/8/2016,888.6575317,892.3806517,878.0651629,880.605023,1692184
9/9/2016,876.0737915,889.5811876,871.6290887,888.9461697,2262933
9/12/2016,844.6142578,861.0078235,842.7093627,858.9297465,1953571
9/14/2016,851.5988159,855.4663158,840.5158621,844.6142535,1718754
9/15/2016,848.6837769,852.6089863,841.1219592,851.4833833,1126282
9/16/2016,850.3866577,865.279349,847.6736157,852.6378637,2112271
9/19/2016,854.1962891,860.0841027,845.075941,852.002793,942540
9/20/2016,851.9740601,856.822836,847.7024866,853.1573728,1097205
9/21/2016,849.7516479,858.8719967,846.4036411,854.3118223,1337071
9/22/2016,865.8278198,868.1656434,852.5802233,860.0842792,1952950
9/23/2016,864.125,875.9583927,860.4306815,868.7428849,3121780
9/26/2016,846.0574341,872.7546636,843.6907557,861.2387806,2122144
9/27/2016,829.1442871,852.1761052,826.2869708,848.5683516,2819209
9/28/2016,840.4004517,846.8078121,830.3276807,832.3768501,2393218
9/29/2016,829.8370361,847.9622633,819.9373943,843.6907426,3040345
9/30/2016,827.2682495,831.5397699,814.7710388,828.3361428,3497865
10/3/2016,848.9435425,851.2813659,828.4515853,830.096734,2181718
10/4/2016,836.5040283,854.0520516,833.1560742,852.4646655,2289637
10/5/2016,839.2747192,843.8637483,831.8860839,842.7670002,2059848
10/6/2016,839.5923462,847.0675471,834.6858076,845.0760873,1627375
10/7/2016,841.0065308,842.7093892,831.7996168,838.7264698,1098751
10/10/2016,836.994812,845.8842704,835.2919535,843.3155552,875911
10/13/2016,830.2987671,835.5516164,826.2003757,830.5873683,2659995
10/14/2016,851.3391113,852.8110782,830.414225,833.5313406,2632323
10/17/2016,835.8114014,852.5801864,831.7996271,851.367966,2140920
10/18/2016,859.0740356,861.1809145,837.6007507,841.4393955,1983013
10/19/2016,860.6903687,866.4339091,852.0318021,859.0741276,2146896
10/20/2016,867.963562,870.1859133,855.7838067,863.5476615,1502340
10/21/2016,872.1196289,873.9956691,861.8736768,868.1655645,1670799
10/24/2016,861.6138306,877.4012852,858.2370217,875.4675353,1517035
10/25/2016,856.6785278,865.4813679,853.5614124,862.9704155,838206
10/26/2016,855.6395264,859.5070263,848.8569476,854.1387047,867619
10/27/2016,851.5988159,855.9858086,841.0931174,854.1675309,2440678
10/28/2016,854.7160034,857.1403915,844.4988525,849.1167899,1212981
11/1/2016,844.5853882,854.9179047,842.7670576,854.8890498,947158
11/2/2016,836.2154541,839.8809173,829.2020367,835.7248161,1493443
11/3/2016,833.6467285,846.6057227,832.3767984,832.4634158,1411942
11/4/2016,819.5621948,827.98987,806.3434532,823.6605866,18639006
11/7/2016,806.9783936,826.4313132,803.7170037,822.5638132,2158653
11/8/2016,806.5165405,811.5962077,798.8970133,811.3076065,1881726
11/9/2016,802.6202393,813.3857374,747.5806337,761.9538326,4757398
11/10/2016,815.1174927,823.7182969,808.4503857,808.4503857,2766432
11/11/2016,801.6677856,813.3279956,800.0515446,806.3434327,2518285
11/15/2016,790.9888306,812.4620629,786.9192941,796.0107881,3958053
11/16/2016,794.0194092,801.3791908,779.8482466,800.8019354,3299710
11/17/2016,791.3930054,798.8971142,785.0434073,795.5491069,1377642
11/18/2016,791.0755615,797.9446525,785.6206221,791.9702731,1654947
11/21/2016,778.0586548,795.8376213,773.4984806,795.8376213,1962840
11/22/2016,767.4664307,785.0433625,753.0066672,784.0331789,3084870
11/23/2016,783.4559937,799.4743427,778.1165792,783.3117194,7493139
11/24/2016,779.0689697,788.4490661,773.498611,781.5222127,4315369
11/25/2016,791.2198486,793.8174188,771.4206166,783.7735021,3065824
11/28/2016,783.2827759,792.0856162,779.2709489,791.0754854,1777818
11/29/2016,780.6851807,790.6425314,778.7225231,783.3116052,1741327
11/30/2016,798.175354,803.0818917,779.2708383,787.9294032,4335631
12/1/2016,801.40802,809.5759483,792.4319976,800.282417,2151997
12/2/2016,786.1113281,796.3572816,784.4661792,795.4337152,1217827
12/5/2016,782.8209229,787.8140257,778.7514392,785.1587462,1062822
12/6/2016,786.2844238,793.1247127,783.7734712,783.9755079,1771909
12/7/2016,781.4644165,793.7595905,779.2709202,789.6611992,1557765
12/8/2016,789.0551147,794.134835,786.0823263,788.0160762,1388842
12/9/2016,786.3131714,792.7204778,783.3115285,792.4895862,1211254
12/12/2016,787.9007568,793.6442449,782.7921811,785.0434402,1636279
12/13/2016,794.1060181,795.9531507,788.0450215,788.5068047,2168125
12/14/2016,785.0145264,797.6848672,783.3693776,797.6848672,1360938
12/15/2016,783.2250366,789.1417589,778.6937167,779.126645,900523
12/16/2016,785.3897095,787.6409685,780.4543159,782.9076117,1577425
12/19/2016,776.3560181,784.4661846,774.3933602,783.6003279,1148169
12/20/2016,782.4458008,785.7360454,775.8941135,776.3848043,1177779
12/21/2016,774.6531982,785.3609355,773.4986873,784.0044407,950224
12/22/2016,758.8656616,775.8075764,757.3648399,773.931536,1357563
12/23/2016,772.0266724,774.6530971,751.8521702,759.5006058,2136648
12/26/2016,772.1132813,776.384855,761.0014713,770.9588233,1198728
12/27/2016,782.503479,784.754685,767.2066614,773.4985492,1222356
12/28/2016,779.2421265,786.9193641,776.9620126,783.3116633,1294264
12/29/2016,773.0368652,781.580013,767.9571972,774.39336,2010627
12/30/2016,778.7515259,782.4458442,775.807592,776.3848474,1280979
1/2/2017,784.8123779,790.2384086,778.7802371,782.763156,1476811
1/3/2017,789.1994019,793.7018665,780.5408362,785.0433009,1363398
1/4/2017,794.6254883,797.3673852,791.1043521,793.701922,2144739
1/5/2017,803.6881104,805.2466417,795.4336178,797.8868605,2781498
1/6/2017,802.9088745,810.2686562,800.9751244,805.2466981,1462912
1/9/2017,796.9633789,806.9495858,794.6832649,803.5150138,819484
1/10/2017,800.9174194,805.2467028,795.1738789,796.7324631,1359729
1/11/2017,815.2615967,818.4364214,805.2465374,806.9782503,1514451
1/12/2017,836.6195068,839.476823,816.2141672,816.73366,2707455
1/13/2017,830.5007935,842.7670599,826.7198582,842.7670599,1400770
1/16/2017,832.838562,836.9947159,826.7775659,828.3361501,1052802
1/17/2017,834.5414429,842.7382258,831.2223435,831.2223435,1423840
1/18/2017,838.4089355,847.962213,834.6857627,834.6857627,1538178
1/19/2017,836.677124,844.4986873,834.1372642,838.7263459,1019914
1/20/2017,816.6470947,839.2459307,814.4824532,836.6772157,2177485
1/23/2017,804.409668,815.6369494,797.6848516,815.059694,3534069
1/24/2017,819.5621948,821.9865829,806.9784182,807.1227453,1879687
1/25/2017,836.8505859,839.3038292,819.9086689,822.4484767,2294773
1/27/2017,831.1646729,848.6838426,827.3837373,837.6008352,1871125
1/30/2017,832.838562,846.8077396,830.0678632,832.9540342,2601585
1/31/2017,834.8301392,839.880952,823.7182769,831.2223855,1894153
2/1/2017,860.2285767,862.8838563,834.8589875,835.8114087,3577633
2/2/2017,852.291626,862.3933055,848.7127797,861.0079558,2257914
2/3/2017,854.7160034,858.9298145,841.0354258,852.2915625,1650459
2/6/2017,856.5053101,865.8565502,853.9654501,857.1979847,1526715
2/7/2017,866.0297241,868.6272937,849.7804865,854.4272253,2499546
2/8/2017,869.8106079,872.2061408,859.6512209,868.6272953,1689792
2/9/2017,860.4883423,872.1196976,852.2338491,870.4745488,1529256
2/10/2017,866.9822998,870.5611988,861.3830861,863.1147995,1300986
2/13/2017,865.9432373,871.0518128,855.2066463,869.060353,930046
2/14/2017,861.585083,869.8684838,857.7753454,868.7428278,926545
2/15/2017,854.3119507,869.1469338,852.0895464,861.6428777,1952469
2/16/2017,848.6837769,857.1980156,843.3731652,856.5630506,2071947
2/17/2017,853.1575317,857.1982143,845.6534749,849.1457568,1028691
2/20/2017,855.8416138,861.2387906,851.4545679,855.9570331,1105371
2/21/2017,856.2166748,860.1419371,852.0028642,852.0028642,970615
2/22/2017,852.5512695,859.3626499,850.1556837,856.0435507,1291317
2/23/2017,858.1217041,869.3201316,847.500532,854.3119663,2175397
2/27/2017,846.1439819,865.8566481,842.8248824,862.797295,1553899
2/28/2017,848.0776978,858.9009054,846.3171297,849.6939388,1773558
3/1/2017,852.0895386,857.1115496,849.2033673,849.6940053,1219411
3/2/2017,850.8196411,863.1725259,848.5395272,855.4952354,1920216
3/3/2017,848.7414551,853.3593391,842.7670237,849.3187104,1205019
3/6/2017,857.5444336,859.5070384,847.3850455,847.3850455,821986
3/7/2017,858.0062866,860.9790226,853.9944592,856.6208842,991566
3/8/2017,852.1761475,862.6818469,847.8757189,856.8517418,1424362
3/9/2017,852.5223389,855.9280554,845.653249,850.2134233,1111050
3/10/2017,861.0079346,864.4135989,854.3408273,854.8314654,1836264
3/14/2017,899.394043,905.5128544,875.6696044,875.6696044,7224810
3/15/2017,894.0835571,900.4909175,889.061652,898.7592042,2408866
3/16/2017,906.8694458,909.1495069,899.3364293,899.9137376,2396146
3/17/2017,896.1904907,907.9372652,891.3417146,906.8694247,1927983
3/20/2017,887.5896606,897.8356666,886.2043111,897.0275196,1442107
3/21/2017,894.1700439,903.1461186,890.6777628,894.7184973,2415213
3/22/2017,883.0871582,895.7286433,880.5184433,887.7049896,3371401
3/23/2017,891.1973877,899.5672996,876.8529912,887.2143628,2511771
3/24/2017,895.4111938,899.3364036,889.8119805,893.5640612,1347655
3/27/2017,891.1973877,897.604642,887.791671,894.6608141,1583550
3/28/2017,891.399292,899.2208556,889.5810144,893.5639333,2628958
3/29/2017,898.4993896,904.8778951,894.7185598,897.0274756,2280357
3/30/2017,899.019043,906.2632998,896.0173994,902.2226704,2288326
3/31/2017,909.0917358,919.9149435,895.9306519,895.9306519,3543100
4/3/2017,958.7919312,961.6780494,910.0730161,913.1323691,6576885
4/5/2017,979.255127,981.2754946,951.2013472,958.792074,5179798
4/6/2017,971.6065674,982.6607198,963.4097842,972.6456588,2740816
4/7/2017,972.9342041,992.8200519,964.6220015,966.8732077,4096639
4/10/2017,966.3247681,986.5569777,959.9462633,974.3772763,2406430
4/11/2017,984.1327515,986.4994829,964.5644102,966.3249786,1974126
4/12/2017,982.9204102,987.9424209,967.6236448,978.4179979,2135064
4/13/2017,968.9224854,978.1293999,965.4013489,978.1293999,1975483
4/17/2017,970.5387573,975.300969,964.5066155,969.7594652,1135260
4/18/2017,963.6984253,980.6980489,960.0618697,972.0683375,1839489
4/19/2017,964.3044434,966.8731583,959.2825385,963.9870401,1158162
4/20/2017,970.4521484,973.5692112,960.0618689,966.2382847,1044189
4/21/2017,974.0888062,982.2855901,969.7595226,978.4180897,2415931
4/24/2017,1000.17981,1002.315596,976.1090591,977.2634641,3238530
4/25/2017,1007.914795,1010.166001,1002.084743,1004.393659,2879794
4/26/2017,1010.916321,1018.247246,1004.393542,1007.856968,2885722
4/27/2017,1019.835083,1024.019987,1006.70285,1008.925202,2126127
4/28/2017,1010.050476,1019.257389,1004.508973,1017.69891,1637739
5/2/2017,999.8046265,1019.979129,995.7351425,1010.223761,1861141
5/3/2017,992.9645996,1007.424366,990.5401583,1002.084951,1296282
5/4/2017,999.5737305,1005.519307,994.0033723,995.157883,1255336
5/5/2017,995.3887329,999.2562328,983.1513211,998.6213206,1555141
5/8/2017,986.8455811,1003.70093,984.2480113,997.4668047,1246116
5/9/2017,1007.077881,1014.177969,984.1903886,988.2311235,1836462
5/10/2017,1003.960938,1018.824777,999.2564349,1012.879305,2010127
5/11/2017,1002.575439,1012.76363,992.6180879,1010.16606,1270446
5/12/2017,1004.740234,1014.206949,996.6588692,1002.921956,1803768
5/15/2017,1005.77887,1011.060573,1002.373153,1009.357715,1195701
5/16/2017,1004.797791,1009.155929,997.2070645,1008.434346,1654389
5/17/2017,1013.312073,1018.247413,998.9099131,1006.644913,2502879
5/18/2017,994.3496094,1010.223574,990.7707641,1004.19154,2155830
5/19/2017,995.4753418,1000.930281,979.8899222,998.0440569,2268141
5/22/2017,1011.291687,1015.361171,998.0440383,1000.35306,2839224
5/23/2017,1004.826782,1018.767055,997.1206358,1013.052422,1463805
5/24/2017,972.3282471,1014.149169,968.3741821,1005.606021,2173069
5/25/2017,1021.047058,1024.597155,976.6863814,976.6863814,5404771
5/26/2017,1031.870117,1038.450712,1012.388344,1021.710782,3066081
5/29/2017,1028.868652,1044.771475,1019.401939,1029.734509,3033658
5/30/2017,1020.296509,1058.625035,1012.474945,1048.263611,6550440
5/31/2017,1016.342529,1030.369364,1010.570081,1023.153857,3000732
6/1/2017,1034.871582,1037.873225,1009.011414,1015.938265,2898184
6/2/2017,1029.792114,1041.914106,1026.386398,1039.027882,1425321
6/5/2017,1041.856567,1044.454138,1029.503629,1036.141829,1906419
6/6/2017,1024.683472,1043.674605,1022.951759,1043.472516,1431069
6/7/2017,1032.447388,1035.853104,1023.442458,1024.019661,1327540
6/8/2017,1024.163818,1038.450449,1022.57638,1032.678002,1428979
6/9/2017,1026.444092,1029.734389,1016.86196,1025.751364,1632207
6/12/2017,1002.431152,1026.328883,986.4417633,1026.213358,4068957
6/13/2017,1003.816528,1012.879168,1002.402218,1007.020156,1412274
6/14/2017,1018.50708,1022.489999,1001.391933,1005.548087,2079657
6/15/2017,1001.709473,1017.035091,998.621265,1014.293248,1481092
6/16/2017,996.7163086,1010.743248,993.2528824,1001.42081,2243152
6/19/2017,1013.514282,1015.938724,999.8915173,1002.085014,1781056
6/20/2017,1010.454956,1021.105038,1004.509377,1015.188314,1565472
6/21/2017,1012.590454,1028.637656,1010.743322,1015.072605,3556927
6/22/2017,1002.31543,1019.170776,999.9488047,1015.938295,1761759
6/23/2017,994.4074707,1006.269664,992.271684,1004.393677,1716825
6/27/2017,982.2854614,1003.210294,973.1651123,991.4346654,2317045
6/28/2017,983.1802368,985.922081,970.5387507,980.6403765,1578525
6/29/2017,983.4110718,994.6672071,978.7354252,983.6707653,2709552
6/30/2017,974.1464844,980.7269741,958.9651375,980.7269741,3251535
7/3/2017,973.944458,987.3652361,965.9496586,974.3773863,2170096
7/4/2017,971.6931152,981.3042083,964.5642784,981.3042083,1640038
7/5/2017,978.5908813,980.7266676,969.8168978,972.0681034,1034440
7/6/2017,979.9188232,985.316053,975.7050649,980.8424953,1417581
7/7/2017,983.8441772,991.6368877,975.6473933,979.5726033,1845099
7/10/2017,999.8624268,1003.816491,988.2310719,988.2310719,324259
7/11/2017,1005.028625,1010.108346,998.6213708,1004.047349,2123947
7/12/2017,1004.13385,1014.033491,1001.911499,1009.011586,2036904
7/13/2017,1029.901001,1036.386656,1016.666825,1021.136632,1643754
7/14/2017,1026.48291,1036.824909,1016.272505,1036.824909,1401864
7/17/2017,1026.526978,1035.948677,1018.77053,1032.442928,1646087
7/18/2017,1032.355225,1040.33078,1023.766099,1025.343728,2375324
7/19/2017,1035.335327,1040.330976,1025.519166,1037.701665,1827242
7/20/2017,1039.147705,1046.860288,1030.690065,1035.948688,1845852
7/21/2017,1033.538574,1042.960274,1025.606775,1042.960274,1912305
7/24/2017,1032.442871,1036.518325,1026.395434,1031.566434,1313657
7/25/2017,1026.176147,1034.151702,1021.487231,1032.442693,2182162
7/26/2017,1034.414673,1037.701311,1021.925447,1025.343572,1161591
7/27/2017,1035.99231,1047.254503,1028.060513,1034.896763,3881208
7/28/2017,1017.894165,1043.310843,1010.97029,1037.701624,3278658
7/31/2017,1046.421997,1058.297762,1034.283365,1046.202888,5000536
8/1/2017,1043.004028,1050.19077,1026.921322,1050.19077,2721660
8/2/2017,1031.391113,1044.581426,1027.622391,1043.836476,2154488
8/3/2017,1029.594238,1038.270985,1023.371558,1034.10791,1426006
8/4/2017,1030.558594,1035.904839,1025.168484,1028.937206,1082867
8/7/2017,1034.151855,1038.227309,1027.184224,1031.303435,1035670
8/8/2017,1026.48291,1039.45422,1020.172607,1034.195598,1531255
8/9/2017,1011.32074,1026.307792,1006.14974,1026.307792,1439328
8/10/2017,1014.651062,1022.714347,999.1381701,1008.778977,1713614
8/11/2017,1004.226868,1014.961656,998.238501,1009.594262,2001103
8/14/2017,1017.490173,1022.901861,992.7382333,1014.251997,1866838
8/16/2017,1013.364929,1022.369682,996.5087824,1019.353297,2143899
8/17/2017,1006.045715,1026.450523,1003.42862,1015.804536,1508949
8/18/2017,1003.029297,1009.283857,996.2868607,997.1740262,1230709
8/21/2017,999.9241943,1011.368651,997.7062806,1005.557673,1651344
8/22/2017,991.5848389,1006.932845,987.4596059,1004.271349,1361351
8/23/2017,997.3070679,1001.476702,988.6572047,993.6253096,1710949
8/24/2017,1004.005127,1007.642592,998.9483271,1002.496989,1316100
8/28/2017,1010.392578,1024.675918,1001.43223,1006.666419,1884734
8/29/2017,1002.541443,1010.25974,996.5973689,1007.509548,1045267
8/30/2017,1011.058105,1016.602889,1005.158434,1011.368592,895791
8/31/2017,1008.086182,1015.804478,1002.940579,1014.917313,1926054
9/1/2017,1010.658936,1015.272261,1003.872206,1006.888482,976551
9/4/2017,1003.073792,1010.437201,995.3997875,1000.678379,1006945
9/5/2017,999.5250244,1010.481497,995.6658762,1003.517269,1110437
9/6/2017,991.4960938,999.0370001,989.9879558,995.3996434,891224
9/7/2017,1001.698608,1003.339843,992.0728838,994.6012839,1038623
9/8/2017,1040.112915,1048.629683,1006.090138,1009.150816,4947759
9/11/2017,1080.434326,1086.77758,1022.502492,1046.855139,4364705
9/12/2017,1091.435303,1094.762173,1081.898274,1081.898274,2451814
9/13/2017,1085.313721,1090.326227,1071.252171,1084.116069,2233311
9/14/2017,1077.196289,1094.762209,1074.800986,1085.491373,1440488
9/15/2017,1075.599365,1083.805645,1066.417225,1077.018808,1723247
9/18/2017,1098.266479,1105.408205,1081.055556,1081.055556,3005809
9/19/2017,1087.576172,1098.133463,1082.785457,1095.649356,900287
9/20/2017,1096.492188,1109.400489,1089.572361,1089.572361,2347635
9/21/2017,1089.483643,1100.085227,1072.361305,1097.335036,2216227
9/22/2017,1051.11377,1090.459539,1043.351071,1089.483679,2968531
9/25/2017,1033.725098,1053.065347,1015.8044,1053.065347,2720490
9/26/2017,1031.684692,1037.983545,1021.127402,1021.127402,1809036
9/27/2017,1008.884583,1040.556456,1003.827782,1040.556456,2317721
9/28/2017,1005.468933,1014.651074,1000.72262,1011.679091,3474398
9/29/2017,1013.187317,1023.833302,1003.428497,1011.324183,3193745
10/3/2017,1006.844299,1027.116012,1000.767236,1025.164291,1413186
10/4/2017,1009.860291,1014.783993,1005.468757,1006.932602,1155472
10/5/2017,1004.315918,1016.514446,1001.166437,1013.143173,1303081
10/6/2017,1012.965576,1015.760061,1006.932808,1006.932808,1814990
10/9/2017,1012.211426,1027.559432,1010.3484,1013.142993,1737288
10/10/2017,1013.763977,1024.897947,1009.816134,1023.788991,2347406
10/11/2017,1005.912598,1021.571091,1000.146022,1017.933734,1638071
10/12/2017,1014.606934,1016.780446,1006.267556,1013.143089,1151274
10/13/2017,1010.170959,1020.240266,1007.953046,1014.606787,1762307
10/16/2017,1015.538269,1021.083053,1011.945314,1014.030131,1189499
10/17/2017,1019.131409,1024.676193,1011.36871,1013.143041,1123634
10/18/2017,1012.610657,1026.361721,1009.682967,1020.240258,1263098
10/19/2017,1011.146973,1017.623325,1008.707267,1014.030261,264888
10/23/2017,1007.598145,1022.014583,996.464175,1014.030094,1077546
10/24/2017,1013.63092,1016.15932,999.0369839,1010.48144,1281327
10/25/2017,1068.324585,1077.906015,1020.328956,1020.328956,6377478
10/26/2017,1085.446899,1103.190208,1072.716097,1073.425765,5486055
10/27/2017,1086.467163,1101.859462,1082.69671,1093.830571,2036609
10/30/2017,1097.379395,1099.996598,1086.02374,1089.439306,1808153
10/31/2017,1084.382202,1098.488044,1074.179801,1097.423489,1815888
11/1/2017,1078.172119,1097.113078,1076.397788,1087.75344,1929731
11/2/2017,1074.312866,1078.793095,1067.925319,1078.349512,1183382
11/3/2017,1095.649536,1106.42862,1074.357561,1074.357561,1797145
11/6/2017,1086.511475,1101.415897,1081.011092,1086.777668,1691967
11/7/2017,1074.4021,1094.407622,1067.349067,1087.266003,1658527
11/8/2017,1080.745117,1086.777887,1071.873461,1075.244734,1905789
11/9/2017,1078.704468,1092.189339,1069.832813,1082.474921,1733475
11/10/2017,1122.219849,1131.091503,1079.68031,1080.256989,5671395
11/13/2017,1100.572998,1117.783919,1071.873113,1091.035971,5216845
11/14/2017,1073.647461,1098.310701,1070.852977,1095.649205,2519826
11/15/2017,1073.026611,1086.777676,1069.965934,1073.913777,1801470
11/16/2017,1081.720825,1085.801764,1072.582978,1074.446004,2003168
11/17/2017,1084.82605,1099.597269,1077.906115,1091.213598,2261694
11/20/2017,1091.036255,1107.182625,1085.890651,1100.0853,2799314
11/21/2017,1084.692993,1096.093049,1075.46645,1096.093049,2192795
11/22/2017,1084.737305,1092.987988,1078.03927,1086.777829,2266995
11/23/2017,1078.748901,1090.503845,1074.623668,1084.116296,1654930
11/24/2017,1081.011108,1085.890518,1076.575281,1078.793195,1637839
11/27/2017,1086.555908,1094.762189,1077.906045,1077.906045,1464649
11/28/2017,1074.978271,1089.439111,1072.582968,1089.439111,4940494
11/29/2017,1080.434326,1085.003249,1075.24443,1078.305108,2046078
11/30/2017,1079.281372,1085.802018,1072.583228,1077.906222,3419336
12/1/2017,1074.934326,1095.649623,1071.69615,1078.926572,1772981
12/4/2017,1080.124023,1086.86646,1066.195568,1079.680441,1796642
12/5/2017,1073.381592,1077.462532,1056.924628,1077.462532,2139688
12/6/2017,1056.835938,1075.244622,1054.839815,1069.832934,1696890
12/7/2017,1080.922485,1089.838434,1061.049956,1061.049956,2476888
12/8/2017,1082.652344,1088.552016,1080.301334,1086.777685,2316890
12/11/2017,1083.983154,1090.326409,1078.127884,1085.890582,2227028
12/12/2017,1067.171509,1083.672767,1065.04229,1083.406574,2009798
12/13/2017,1055.061646,1073.470331,1051.291192,1068.59092,2262858
12/14/2017,1054.662354,1064.598563,1043.395287,1061.493484,1709762
12/15/2017,1067.748413,1079.015375,1065.486097,1066.373263,2161729
12/18/2017,1080.478882,1085.89057,1042.41946,1060.16277,2851823
12/19/2017,1082.253296,1084.116322,1076.442318,1084.116322,2878543
12/20/2017,1093.431152,1100.484073,1072.582769,1079.857481,3293207
12/21/2017,1116.763916,1122.264299,1097.423666,1099.197997,3664052
12/22/2017,1123.284668,1126.700234,1111.618419,1118.183466,2490561
12/26/2017,1126.434082,1131.136103,1115.433316,1128.297216,2493302
12/27/2017,1115.921265,1131.978941,1110.110395,1125.724488,1675081
12/28/2017,1111.396484,1122.219859,1108.468795,1115.61052,2850194
12/29/2017,1116.275879,1126.700072,1107.138032,1119.602749,1819413
1/1/2018,1118.449463,1130.248807,1114.191134,1118.715656,2048058
1/2/2018,1108.734985,1126.61139,1102.613522,1124.038589,1512324
1/3/2018,1131.402344,1139.07624,1110.287759,1114.191309,2720736
1/4/2018,1167.24353,1171.058385,1135.660462,1139.963193,4546456
1/5/2018,1166.533936,1178.998546,1160.412472,1175.494285,2418902
1/8/2018,1187.249023,1194.080153,1167.953177,1167.953177,3513256
1/9/2018,1182.369751,1191.463197,1176.736272,1188.8017,1703294
1/10/2018,1174.385376,1185.696737,1168.973688,1181.881881,1098019
1/11/2018,1174.207886,1177.091173,1164.892648,1171.235795,1232290
1/12/2018,1179.176025,1181.970618,1161.964993,1175.93785,1825056
1/15/2018,1176.337036,1198.737965,1174.252219,1184.232831,2386631
1/16/2018,1176.55896,1188.491402,1174.03056,1180.8618,3139385
1/17/2018,1200.645264,1203.883439,1171.280111,1173.719816,2724814
1/18/2018,1207.254761,1228.724121,1198.072512,1206.544985,4966982
1/19/2018,1216.703003,1223.090659,1200.778427,1208.319333,2127776
1/22/2018,1241.011475,1245.269912,1143.733753,1143.733753,3067658
1/23/2018,1251.524292,1255.339147,1235.910201,1247.354658,4804202
1/24/2018,1243.096191,1250.725901,1232.982592,1248.330489,2147973
1/25/2018,1256.670044,1266.029684,1234.934487,1234.934487,6113475
1/29/2018,1270.376587,1278.982157,1258.000672,1258.000672,2945415
1/30/2018,1268.557861,1274.590521,1248.01996,1268.602155,1988140
1/31/2018,1256.670044,1277.252242,1252.677799,1270.332416,2614515
2/1/2018,1291.358154,1304.13336,1246.644989,1294.285844,8187730
2/2/2018,1255.738281,1284.61556,1250.947675,1284.61556,3621563
2/5/2018,1209.783325,1242.031771,1202.198016,1224.28846,3060688
2/6/2018,1200.379028,1217.501253,1148.213666,1171.013771,4230633
2/7/2018,1183.256714,1215.416456,1179.929844,1215.416456,2927403
2/8/2018,1195.366821,1206.101502,1182.591616,1193.237602,1932082
2/9/2018,1179.264771,1191.463296,1169.372853,1175.316927,2029257
2/12/2018,1198.117065,1202.10931,1183.966818,1183.966818,1543603
2/14/2018,1207.609619,1217.634632,1193.769859,1201.843043,2310144
2/15/2018,1197.984009,1215.416834,1194.479748,1210.448728,1861841
2/16/2018,1178.510742,1210.093814,1171.457711,1204.770821,1424576
2/19/2018,1149.322876,1180.772849,1141.781969,1178.155754,4275673
2/20/2018,1144.975586,1161.831728,1142.003604,1153.314962,2063972
2/21/2018,1138.05603,1152.960347,1134.684758,1152.428069,1584305
2/22/2018,1146.217529,1151.540521,1132.022885,1133.797216,3028574
2/23/2018,1154.823364,1157.751054,1135.926803,1146.750179,2176017
2/26/2018,1192.572266,1195.632943,1158.638184,1158.638184,2239306
2/27/2018,1187.116089,1202.818983,1181.083429,1195.455466,2243499
2/28/2018,1169.41687,1181.349199,1162.718729,1178.155426,2439968
3/1/2018,1166.799927,1182.50282,1164.936901,1170.171199,1927606
3/5/2018,1153.936279,1164.582267,1151.496574,1164.582267,1302005
3/6/2018,1138.588379,1170.082758,1131.136166,1161.033604,2381856
3/7/2018,1120.756226,1147.903468,1117.828536,1139.120508,2156582
3/8/2018,1138.943115,1144.266108,1117.163159,1128.385824,3588828
3/9/2018,1144.887085,1149.810897,1135.571847,1140.185064,2508919
3/12/2018,1162.231079,1163.961008,1150.653527,1153.315023,2267260
3/13/2018,1155.754883,1173.675583,1148.036586,1163.428886,1915199
3/14/2018,1156.198608,1164.848473,1146.217995,1155.976817,1714051
3/15/2018,1148.967896,1161.831794,1146.306399,1157.66216,1178352
3/16/2018,1126.079224,1156.775129,1118.183429,1153.226467,5152611
3/19/2018,1135.172607,1146.217774,1123.018376,1135.571789,4452882
3/20/2018,1147.548462,1153.315037,1131.135902,1131.135902,2831066
3/21/2018,1161.610107,1165.380561,1148.879304,1148.879304,2835466
3/22/2018,1149.988281,1172.300515,1143.556331,1166.445245,1834024
3/23/2018,1124.837036,1138.499405,1119.159156,1134.329663,2280525
3/26/2018,1151.008545,1153.403848,1124.925857,1124.925857,1697069
3/27/2018,1160.013306,1165.73548,1154.202328,1159.525321,2003736
3/28/2018,1162.985107,1175.494118,1146.572548,1154.290843,3989865
4/2/2018,1185.208862,1188.358344,1164.005691,1164.848455,1302024
4/3/2018,1180.285034,1187.914636,1169.328562,1182.369852,1123582
4/4/2018,1149.89978,1182.32562,1144.62108,1180.817482,1285513
4/5/2018,1178.865479,1184.410263,1163.07389,1165.735387,1758313
4/6/2018,1167.997681,1173.719854,1157.928266,1157.928266,1492796
4/9/2018,1178.066895,1182.591416,1169.150839,1169.283936,1118116
4/10/2018,1197.584595,1202.508298,1178.155651,1178.155651,2177789
4/11/2018,1200.113159,1206.012832,1188.801799,1205.125666,1536552
4/12/2018,1204.282959,1207.787328,1193.725774,1203.262805,1695410
4/13/2018,1201.976196,1210.404269,1189.334087,1208.319451,1320241
4/16/2018,1213.730957,1217.190924,1194.25772,1195.810259,1304778
4/17/2018,1206.145874,1222.425339,1202.286618,1215.860293,1058589
4/18/2018,1206.633667,1216.702973,1198.560483,1209.295163,1459202
4/19/2018,1228.723999,1231.47419,1208.141806,1211.069387,2229317
4/20/2018,1211.025391,1228.7243,1205.657996,1228.7243,1091415
4/23/2018,1206.545044,1222.514022,1202.552799,1215.416699,1364935
4/24/2018,1222.514038,1226.24009,1199.447735,1202.730204,1002866
4/25/2018,1209.117798,1221.405018,1203.839099,1220.650949,1536003
4/26/2018,1195.189331,1212.089877,1180.018823,1211.424503,4513014
4/27/2018,1222.292236,1226.949855,1200.778474,1200.778474,1746280
4/30/2018,1242.8302,1246.467557,1225.441778,1225.441778,1309980
5/2/2018,1244.826294,1263.101882,1233.248741,1259.775011,3975516
5/3/2018,1222.292236,1247.842645,1219.497643,1247.088468,1278892
5/4/2018,1214.263428,1230.276809,1208.319462,1224.288442,1274703
5/7/2018,1232.406006,1236.620042,1212.134295,1218.965427,1250082
5/8/2018,1210.892212,1235.821541,1203.129514,1234.313403,1604486
5/9/2018,1220.429199,1226.594956,1207.653995,1208.496759,1270004
5/10/2018,1208.496826,1228.901633,1202.242374,1224.377111,1262157
5/11/2018,1230.853394,1232.716419,1210.359893,1213.198779,1033691
5/14/2018,1225.840942,1241.144547,1221.626906,1225.663553,1265158
5/15/2018,1219.142822,1244.693233,1214.44091,1225.175591,1824434
5/16/2018,1208.629761,1219.009661,1205.391585,1210.892076,1491335
5/17/2018,1202.951904,1219.852449,1197.673313,1213.642291,1833028
5/18/2018,1167.110474,1207.07721,1163.960993,1197.673278,2070654
5/21/2018,1165.070068,1186.007152,1163.073946,1163.073946,2047129
5/22/2018,1171.19165,1189.600336,1167.598587,1169.195528,1375132
5/23/2018,1177.179688,1197.673185,1166.622399,1168.396729,1851368
5/24/2018,1187.071777,1195.455448,1176.736278,1185.253045,1482329
5/25/2018,1190.575928,1195.544032,1181.482483,1189.644361,1696915
5/28/2018,1221.138794,1228.6797,1192.439014,1194.12465,2127978
5/29/2018,1224.820557,1264.166321,1220.20734,1236.442402,6814062
5/30/2018,1211.557495,1224.288297,1204.016589,1224.288297,2286366
5/31/2018,1215.771729,1222.026181,1202.996523,1216.259605,2930988
6/1/2018,1217.546021,1238.483106,1208.851755,1220.562405,2234018
6/4/2018,1204.637573,1228.724137,1201.222008,1220.695246,1346919
6/5/2018,1183.256714,1208.141744,1176.91346,1208.141744,1905926
6/6/2018,1198.161377,1202.10922,1180.817249,1180.817249,1581905
6/7/2018,1202.242432,1211.868156,1196.74194,1206.900051,2272271
6/8/2018,1192.306152,1202.109375,1180.906096,1196.830783,2483519
6/11/2018,1191.685059,1202.109253,1186.140274,1191.463267,1417401
6/12/2018,1212.2229,1214.041525,1192.88265,1195.899034,1853562
6/13/2018,1205.436157,1213.86423,1200.334955,1212.577883,1253808
6/14/2018,1191.463257,1206.057086,1188.80176,1201.222077,1325652
6/15/2018,1179.841431,1191.463277,1173.941758,1189.688946,2660969
6/18/2018,1173.897339,1186.495154,1171.99002,1181.039064,951701
6/19/2018,1162.541626,1177.712133,1159.569643,1170.038131,1607343
6/20/2018,1159.303589,1170.348757,1153.315221,1163.118444,2207289
6/21/2018,1144.266113,1167.509806,1140.894841,1162.186813,2161971
6/22/2018,1153.181885,1157.750808,1138.676753,1143.289969,3364048
6/25/2018,1125.058838,1156.641905,1121.598871,1154.2022,1622133
6/26/2018,1126.744507,1138.676839,1118.804311,1125.63555,2003243
6/27/2018,1093.65332,1131.136064,1090.32645,1129.361733,2332129
6/28/2018,1095.60498,1100.08521,1069.921583,1089.439224,4677061
6/29/2018,1131.224731,1133.753132,1093.919486,1096.49218,2324572
7/2/2018,1114.235596,1133.753239,1102.65815,1133.708946,3832519
7/3/2018,1110.28772,1121.377289,1105.452711,1117.163253,2096700
7/4/2018,1117.38501,1119.070646,1102.924168,1110.642573,1842579
7/5/2018,1112.904785,1122.264425,1105.053392,1122.264425,2006459
7/6/2018,1123.417969,1134.019556,1104.432601,1109.84429,2064484
7/9/2018,1142.669189,1145.729867,1120.667441,1128.297151,2021357
7/10/2018,1139.65271,1151.540749,1129.139821,1148.391268,1923397
7/11/2018,1130.914185,1140.850395,1128.119592,1138.721284,1326221
7/12/2018,1153.093262,1157.307297,1131.135917,1135.660439,2777124
7/13/2018,1151.89563,1170.171216,1142.003714,1159.525231,2360493
7/16/2018,1138.322144,1154.335526,1133.708926,1153.315264,1593400
7/17/2018,1141.648804,1145.330562,1125.635533,1140.051971,1598278
7/18/2018,1146.350952,1160.412504,1138.233366,1148.879352,1855985
7/19/2018,1116.142944,1150.343219,1111.618422,1148.258402,1468552
7/20/2018,1127.010742,1143.556401,1113.880757,1115.610686,1937969
7/23/2018,1134.817749,1138.233314,1119.780229,1127.143746,1229445
7/24/2018,1174.606934,1178.155595,1136.458823,1140.007485,4071039
7/25/2018,1171.679321,1185.208594,1165.42487,1181.21635,2254936
7/26/2018,1158.59375,1194.923242,1147.326791,1181.527065,7489743
7/27/2018,1163.473022,1170.614747,1153.758605,1165.469145,1785314
7/30/2018,1149.189941,1167.953516,1145.508182,1164.404853,3090391
7/31/2018,1155.355591,1162.585902,1140.007585,1153.270665,2304148
8/1/2018,1151.540649,1161.166372,1147.060421,1158.637972,1924210
8/2/2018,1137.70105,1150.609243,1135.571831,1148.347036,1415162
8/3/2018,1144.443359,1151.27449,1138.277603,1140.184922,1279748
8/6/2018,1144.842529,1153.137612,1140.717297,1147.99201,842106
8/7/2018,1149.145264,1160.41222,1146.528061,1150.387208,1458197
8/8/2018,1151.762573,1161.122212,1144.576555,1151.230296,1308818
8/9/2018,1139.741455,1156.775097,1138.011526,1153.270729,1035908
8/10/2018,1121.953857,1149.234196,1119.602847,1137.656643,1784956
8/13/2018,1125.857422,1134.507286,1110.731207,1121.820776,1627092
8/14/2018,1126.037109,1138.121804,1123.206833,1135.830712,2146242
8/16/2018,1106.629761,1134.483065,1101.55325,1121.230283,2292161
8/17/2018,1114.266724,1121.140221,1106.449764,1113.233434,1750983
8/20/2018,1189.335815,1196.703528,1151.86868,1168.041563,11227838
8/21/2018,1188.302734,1199.488936,1181.519064,1199.488936,3057182
8/23/2018,1214.808228,1225.455354,1184.84338,1194.277563,8248115
8/24/2018,1206.586914,1224.646611,1204.879755,1216.290578,3506532
8/27/2018,1218.447021,1227.342129,1208.833185,1217.458701,2595682
8/28/2018,1217.997681,1227.342034,1214.763126,1224.062511,1889337
8/29/2018,1214.358887,1219.075977,1208.204119,1219.075977,1435495
8/30/2018,1209.866577,1224.556925,1207.575375,1213.999626,2288925
8/31/2018,1230.53186,1234.530113,1212.022806,1212.022806,3549583
9/3/2018,1224.646851,1248.906179,1222.041197,1235.428774,2347852
9/4/2018,1221.32251,1232.373916,1216.650277,1226.44388,1517216
9/5/2018,1211.169312,1225.455381,1205.239276,1220.06442,2413590
9/6/2018,1210.360596,1217.997791,1202.903165,1212.786594,1586350
9/7/2018,1210.720093,1219.255782,1204.879885,1212.067833,1307928
9/10/2018,1201.106201,1214.763259,1199.488869,1210.944662,1228247
9/11/2018,1194.682129,1210.944842,1192.121444,1205.374226,1617176
9/12/2018,1214.988037,1218.31242,1186.460864,1199.489022,1319469
9/14/2018,1220.918091,1228.420491,1213.460659,1218.357406,1462192
9/17/2018,1208.249268,1216.380679,1203.622004,1214.359068,912431
9/18/2018,1193.109497,1213.100977,1190.728467,1207.395565,1501479
9/19/2018,1197.602051,1206.676814,1191.402423,1197.64691,867001
9/21/2018,1194.726685,1215.16741,1176.622129,1205.957853,2309530
9/24/2018,1184.529053,1202.903313,1170.108296,1197.961598,2425415
9/25/2018,1185.157837,1197.422185,1175.22944,1182.417388,2684511
9/26/2018,1197.377563,1201.106334,1176.128167,1194.09804,2846089
9/27/2018,1176.936646,1201.285797,1164.896811,1201.151001,3847372
9/28/2018,1142.973511,1183.046297,1123.251623,1181.069655,4301355
10/1/2018,1121.409546,1144.680546,1093.960639,1144.680546,4955435
10/3/2018,1119.028809,1133.898922,1102.137195,1120.511345,4302314
10/4/2018,1130.214966,1161.662237,1124.239962,1130.304793,7398229
10/5/2018,1102.810913,1139.020134,1092.43327,1130.304791,4206887
10/8/2018,1091.984253,1117.726118,1080.977706,1105.147207,3957900
10/9/2018,1097.105713,1110.583118,1092.074061,1098.678077,2559815
10/10/2018,1123.700928,1137.402954,1099.486462,1102.451534,4134413
10/11/2018,1101.418335,1111.43656,1096.251997,1105.147105,3942878
10/12/2018,1109.86438,1118.624694,1095.039233,1100.475164,2773440
10/15/2018,1092.927734,1111.257027,1085.739785,1105.147226,2945137
10/16/2018,1100.340088,1104.203544,1092.163819,1096.162071,2336499
10/17/2018,1088.884521,1112.335185,1086.009276,1111.12224,1746801
10/19/2018,1083.628296,1088.884462,1065.613455,1078.192366,2006965
10/22/2018,1084.122559,1094.949452,1078.282349,1090.771434,1452784
10/23/2018,1078.821167,1086.323676,1062.468628,1074.508464,2109820
10/24/2018,1095.17395,1098.228851,1081.8762,1088.255483,1484693
10/25/2018,1079.584839,1089.01902,1073.834459,1085.380078,3063065
10/26/2018,1075.901123,1089.872742,1070.375475,1078.7314,1101325
10/29/2018,1133.27002,1136.145155,1076.619954,1079.090812,2140956
10/30/2018,1142.210083,1148.858958,1121.544729,1130.664461,1957735
10/31/2018,1165.795532,1171.635741,1122.398244,1137.492982,3117499
11/1/2018,1192.076416,1243.515176,1187.449152,1201.690254,8903105
11/2/2018,1220.333862,1230.801334,1203.981324,1203.981324,2665756
11/5/2018,1213.101074,1226.443681,1207.171039,1220.423819,1457946
11/6/2018,1225.4104,1230.756503,1213.011255,1213.101083,1616734
11/7/2018,1227.297363,1230.936306,1225.230894,1230.936306,255086
11/9/2018,1229.678223,1239.022577,1221.9512,1227.297193,1247358
11/12/2018,1228.420532,1243.964517,1223.748409,1233.542012,2174698
11/13/2018,1249.894287,1253.398434,1220.333829,1225.545135,2068670
11/14/2018,1244.144043,1256.094052,1239.022673,1252.500077,1364551
11/15/2018,1256.543213,1265.078902,1245.401871,1247.109031,2890196
11/16/2018,1257.037598,1270.470034,1250.253927,1260.36198,1732865
11/19/2018,1273.345093,1275.726123,1253.443547,1257.891047,1932311
11/20/2018,1269.661255,1278.646191,1264.809368,1267.10057,1889461
11/21/2018,1259.777954,1270.245427,1251.826307,1266.876076,1320423
11/22/2018,1267.01062,1275.411512,1254.47657,1262.383357,1723570
11/26/2018,1277.657959,1284.845908,1267.05569,1267.05569,2630117
11/27/2018,1286.283447,1288.439854,1271.682926,1275.366728,1956946
11/28/2018,1260.946045,1288.439929,1256.992651,1286.283523,1390580
11/29/2018,1278.062012,1289.787396,1264.629578,1270.155335,2816724
11/30/2018,1287.092041,1292.168552,1266.875936,1280.488135,2018571
12/3/2018,1282.599487,1293.785688,1268.672838,1289.383157,1115862
12/4/2018,1275.771118,1284.621258,1271.368477,1278.601395,1061729
12/5/2018,1253.218872,1274.962373,1248.142361,1268.672918,1582751
12/6/2018,1239.471802,1255.240407,1232.778069,1246.929342,1574405
12/7/2018,1257.80127,1261.485072,1232.823102,1246.21068,1185686
12/10/2018,1228.914429,1245.671354,1220.333772,1235.158914,1657418
12/11/2018,1223.209229,1230.801456,1207.260967,1220.154328,2302505
12/12/2018,1258.160645,1264.764551,1226.893023,1229.678331,1751549
12/13/2018,1281.656006,1283.947208,1263.281858,1270.200214,1863210
12/14/2018,1268.133667,1283.542851,1262.428256,1278.960447,2189734
12/17/2018,1265.079102,1279.81442,1253.443652,1253.758103,1610515
12/18/2018,1283.498169,1284.845909,1262.383568,1262.383568,1568498
12/19/2018,1289.11377,1292.033874,1281.611369,1285.744418,2073536
12/20/2018,1303.534546,1305.511188,1278.781004,1285.38491,2782410
12/21/2018,1275.860962,1311.531115,1271.548149,1303.53461,1975704
12/24/2018,1262.203857,1283.677767,1257.891044,1282.689446,1390194
12/26/2018,1278.241943,1286.642837,1243.784736,1256.812893,1712084
12/27/2018,1280.398315,1288.75424,1265.528203,1284.126976,1872745
12/28/2018,1293.29187,1301.018894,1281.521624,1281.746248,1918767
12/31/2018,1291.629272,1302.815472,1285.923751,1298.323005,1487860
1/1/2019,1295.537964,1298.323272,1280.533055,1298.323272,786846
1/2/2019,1280.802734,1298.233534,1273.255366,1294.729386,2058504
1/3/2019,1253.39856,1283.947342,1249.804585,1281.251861,2290756
1/4/2019,1247.153931,1264.719413,1234.125775,1259.598044,2711485
1/7/2019,1243.335449,1265.618024,1239.067605,1255.195521,1851513
1/8/2019,1241.897949,1252.365423,1235.428838,1246.66001,1437271
1/9/2019,1245.357178,1252.09588,1232.733298,1248.456937,1413005
1/10/2019,1251.242188,1256.902741,1242.841294,1247.109139,1063647
1/11/2019,1230.576782,1252.41022,1222.894728,1251.601554,2489197
1/14/2019,1198.50061,1228.420381,1195.894957,1228.420381,3080984
1/15/2019,1204.790283,1211.169567,1194.996679,1203.981617,3079248
1/16/2019,1205.913208,1223.299037,1200.38745,1206.587078,2454470
1/17/2019,1209.417114,1214.583451,1201.240736,1208.56348,1610419
1/18/2019,1184.124634,1214.763241,1179.721994,1213.729951,2135781
1/21/2019,1181.114868,1201.51063,1144.186692,1149.173375,8813681
1/22/2019,1169.074829,1187.35915,1166.33438,1183.226102,2544978
1/23/2019,1169.344482,1174.241338,1162.246471,1168.940204,1821323
1/24/2019,1163.86377,1173.028471,1156.361369,1172.534256,1654706
1/25/2019,1154.968506,1180.710368,1151.4195,1168.041631,3136788
1/28/2019,1168.446045,1202.094699,1160.539366,1163.953577,8004136
1/29/2019,1148.319702,1175.948378,1139.469453,1171.635565,3685535
1/30/2019,1163.055054,1176.12818,1150.970358,1153.935431,2385425
1/31/2019,1180.890259,1187.539024,1164.941996,1171.63573,5852257
2/1/2019,1190.144653,1199.084731,1179.722149,1181.968383,2515736
2/4/2019,1174.690308,1192.165961,1170.377495,1192.165961,2308931
2/5/2019,1172.174683,1188.706986,1168.041634,1177.655471,1447400
2/6/2019,1180.97998,1187.80851,1161.797165,1175.2296,2034886
2/7/2019,1164.492676,1186.775251,1158.337907,1180.620592,1556295
2/8/2019,1133.674316,1167.053376,1128.1037,1163.549229,2993525
2/11/2019,1119.972412,1131.203584,1097.060822,1131.203584,2981408
2/12/2019,1120.286743,1136.504597,1115.524793,1118.175305,1571390
2/14/2019,1102.990723,1106.719493,1079.180642,1095.2637,6974738
2/15/2019,1116.917358,1126.621133,1105.95578,1117.726025,3620228
2/18/2019,1118.175293,1131.697666,1114.132072,1118.62454,2186849
2/19/2019,1130.574341,1141.08667,1118.624334,1118.624334,2389086
2/20/2019,1146.971924,1152.452712,1135.875441,1136.59428,2433082
2/21/2019,1153.755615,1160.40449,1136.684237,1151.868801,2392129
2/22/2019,1150.38623,1153.12668,1137.043623,1151.868767,2390188
2/25/2019,1146.34314,1155.867151,1135.696011,1150.386361,5873730
2/26/2019,1137.35791,1145.579147,1125.812291,1135.516064,2417931
2/27/2019,1154.294678,1163.549206,1139.289879,1141.581081,3555914
2/28/2019,1161.707275,1170.692212,1144.051964,1161.752244,9321535
3/1/2019,1175.723877,1178.778668,1165.570855,1168.311305,2831577
3/5/2019,1173.253174,1177.386223,1147.421479,1169.838854,3948051
3/6/2019,1183.315796,1192.794945,1177.475589,1177.475589,2776738
3/7/2019,1215.122559,1219.525198,1177.026415,1189.470527,6207580
3/8/2019,1203.442261,1224.646686,1201.285854,1212.96627,4868283
3/11/2019,1209.866577,1213.86483,1203.9814,1207.171096,2661353
3/12/2019,1247.917603,1260.586339,1217.458652,1217.458652,6631152
3/13/2019,1238.663208,1255.689727,1233.49687,1254.027426,2241672
3/14/2019,1239.696411,1254.296931,1237.225554,1244.14391,1838850
3/15/2019,1254.746338,1267.594841,1238.66328,1245.312155,5723980
3/18/2019,1238.932861,1268.403386,1231.250697,1255.195574,2450686
3/19/2019,1220.109375,1235.383767,1209.821667,1231.834761,4053209
3/20/2019,1231.744751,1241.718007,1222.849643,1223.748137,3871744
3/22/2019,1253.129028,1271.368493,1236.506896,1239.022722,3788604
3/25/2019,1237.000977,1248.007522,1231.025973,1246.210535,1666203
3/26/2019,1233.452026,1247.827924,1228.91459,1239.741481,2021089
3/27/2019,1227.746704,1249.894596,1224.781741,1239.022844,2558997
3/28/2019,1245.94104,1251.152347,1225.545279,1231.834734,3184285
4/1/2019,1268.852539,1279.454807,1248.995854,1248.995854,3842703
4/2/2019,1266.651367,1282.105413,1261.035782,1271.458286,2737093
4/3/2019,1238.169189,1271.368485,1235.42874,1266.336943,2366304
4/4/2019,1229.768188,1252.410294,1227.072708,1244.323851,1980318
4/5/2019,1234.350586,1251.376996,1231.205858,1234.305617,2037782
4/8/2019,1234.215698,1246.03091,1226.847985,1239.651518,1013017
4/9/2019,1235.608398,1246.210667,1227.342301,1236.23741,2209945
4/10/2019,1232.328735,1241.717948,1226.443559,1230.936027,2014958
4/11/2019,1238.124146,1247.064113,1232.418733,1232.418733,3110225
4/12/2019,1222.759888,1241.583284,1220.423826,1239.921092,2751659
4/15/2019,1219.166016,1229.139273,1216.560362,1226.443792,1933204
4/16/2019,1241.179077,1249.714766,1221.951292,1221.951292,3217456
4/18/2019,1222.5802,1246.7497,1219.615237,1246.210626,2594906
4/22/2019,1222.08606,1231.744866,1215.212562,1223.748251,3101477
4/23/2019,1211.349121,1226.443859,1200.926616,1223.478786,2016454
4/24/2019,1222.535278,1225.050994,1212.9663,1215.661781,1753395
4/25/2019,1217.593628,1240.415387,1214.898147,1228.105959,2886022
4/26/2019,1220.333862,1228.240649,1213.864753,1220.333862,1767153
4/30/2019,1211.663574,1227.79149,1203.98141,1226.44375,1905624
5/2/2019,1220.828247,1236.776509,1205.778478,1212.472212,1985540
5/3/2019,1225.185669,1233.811184,1221.951114,1223.748101,1239667
5/6/2019,1215.39209,1226.308808,1212.876374,1215.931274,1515052
5/7/2019,1227.881226,1234.84455,1212.966255,1219.615129,2596385
5/8/2019,1222.265869,1231.834849,1217.45895,1225.455566,1601700
5/9/2019,1218.761475,1229.857957,1201.824894,1219.25569,2464425
5/10/2019,1217.908081,1224.197536,1208.563726,1221.636851,1466154
5/13/2019,1183.900146,1217.458861,1178.823636,1208.473925,3422913
5/14/2019,1205.598755,1210.854921,1154.833867,1176.128121,3132767
5/15/2019,1191.222656,1217.458621,1186.460597,1210.71992,2054728
5/16/2019,1201.420776,1211.16941,1175.499257,1191.40255,2058450
5/17/2019,1223.658447,1232.283964,1197.287682,1199.488948,2776586
5/20/2019,1304.118408,1307.308104,1257.890959,1257.890959,6210427
5/21/2019,1302.00708,1313.642638,1291.899027,1307.308214,2961180
5/22/2019,1312.78894,1323.840455,1295.268316,1302.905511,3304912
5/23/2019,1326.266357,1403.806398,1317.191594,1326.356185,10485813
5/24/2019,1387.408936,1391.946262,1339.069935,1341.450965,5626500
5/27/2019,1433.995728,1437.589702,1376.581967,1387.00447,6730594
5/28/2019,1414.678223,1443.879266,1404.615138,1433.995836,4987068
5/29/2019,1394.866333,1434.849298,1389.250748,1410.814594,3070738
5/30/2019,1400.39209,1410.050896,1383.680131,1392.665067,2675199
5/31/2019,1399.448608,1420.967484,1379.007881,1410.58984,3945900
6/3/2019,1401.111206,1410.635218,1389.430787,1404.974663,2617068
6/4/2019,1410.455322,1424.112381,1399.853054,1402.548535,3854101
6/6/2019,1362.026489,1412.252304,1358.162923,1410.320521,3268594
6/7/2019,1360.184814,1378.019894,1343.697475,1364.407801,2572146
6/10/2019,1376.582153,1385.477263,1366.878487,1370.20287,1608705
6/11/2019,1369.573853,1383.859813,1367.507273,1383.859813,1745105
6/12/2019,1356.051514,1371.011455,1351.06483,1369.394122,1495586
6/13/2019,1363.509033,1373.796741,1351.873475,1355.826869,1828211
6/14/2019,1371.37085,1383.590341,1359.465809,1366.60879,1854211
6/17/2019,1346.61731,1380.98469,1343.472582,1374.695235,2048759
6/18/2019,1352.502441,1365.665285,1345.763739,1347.740382,2098714
6/19/2019,1352.367554,1374.695096,1345.04481,1360.274231,2140698
6/20/2019,1399.044434,1404.345568,1354.074892,1356.051535,3483179
6/21/2019,1383.455566,1410.59003,1374.695254,1401.650062,3028524
6/24/2019,1384.578491,1404.749627,1381.119313,1388.621712,1941777
6/25/2019,1379.187744,1394.462136,1366.698661,1388.891519,2384122
6/26/2019,1393.743164,1405.019302,1373.796651,1377.390625,2789166
6/27/2019,1393.473633,1409.691375,1384.264074,1401.649902,3763146
6/28/2019,1395.540161,1414.139044,1390.553588,1398.235642,3002811
7/1/2019,1398.640137,1409.736511,1394.686743,1404.749828,1537022
7/2/2019,1405.109253,1406.996068,1395.360619,1401.650074,1294135
7/3/2019,1417.868042,1423.124208,1401.829842,1406.142655,2800104
7/4/2019,1412.162231,1429.143781,1409.062473,1422.270284,1981745
7/5/2019,1400.16748,1430.087361,1388.666828,1420.518382,3693134
7/8/2019,1339.069946,1393.78823,1313.193396,1392.575285,4697122
7/9/2019,1371.640381,1382.24265,1334.577518,1335.700635,4329323
7/10/2019,1347.336182,1374.33585,1332.196476,1369.124652,2823544
7/11/2019,1343.42749,1359.37575,1338.845195,1358.522226,2156264
7/12/2019,1317.955322,1346.841914,1313.59765,1346.841914,3495971
7/15/2019,1294.369751,1324.334488,1286.552901,1321.683976,3950399
7/16/2019,1312.878906,1315.394732,1282.060639,1295.627872,3654380
7/17/2019,1307.712524,1321.279866,1304.612765,1312.699208,2225647
7/18/2019,1289.517944,1307.263193,1286.642809,1298.14357,2342881
7/19/2019,1268.268799,1299.940701,1259.777968,1299.581282,3199700
7/22/2019,1261.215332,1274.962327,1252.499989,1266.516466,2646126
7/23/2019,1266.426758,1271.188818,1245.491813,1271.188818,4013444
7/24/2019,1262.649658,1292.546952,1252.456401,1283.491341,5434450
7/25/2019,1249.043579,1276.802125,1245.949162,1269.703174,4181824
7/26/2019,1267.018188,1271.659759,1240.579271,1247.678221,3019850
7/29/2019,1248.224487,1272.342569,1238.213208,1268.201495,1987927
7/30/2019,1252.638428,1267.928425,1248.952524,1252.319909,2714475
7/31/2019,1262.60437,1272.29702,1244.219954,1248.361028,2693653
8/1/2019,1235.983398,1261.421103,1218.64564,1255.960405,2774996
8/2/2019,1247.086792,1253.139087,1219.555775,1231.023218,2776965
8/5/2019,1224.834351,1236.66586,1205.90389,1233.207375,2287548
8/6/2019,1253.685181,1273.616749,1219.60137,1222.01309,4152548
8/7/2019,1237.803711,1264.97066,1231.250807,1255.960487,2247223
8/8/2019,1238.349609,1248.679406,1219.646677,1246.859173,2788577
8/9/2019,1241.944458,1267.33672,1238.759052,1248.67934,2419380
8/13/2019,1195.209961,1246.859049,1189.521735,1246.859049,3135817
8/14/2019,1213.821899,1220.420242,1197.712888,1201.353352,2798429
8/16/2019,1215.232666,1219.464729,1201.808452,1215.005137,2654524
8/19/2019,1230.659058,1238.622574,1218.645568,1218.645568,2509331
8/20/2019,1221.830811,1233.70787,1214.094824,1231.341479,2145169
8/21/2019,1192.843872,1221.285005,1185.471953,1220.647857,2361165
8/22/2019,1177.917847,1208.133659,1167.815579,1184.971247,3780476
8/23/2019,1170.864502,1180.83023,1159.488049,1174.049909,5252370
8/26/2019,1213.776611,1222.468155,1161.808993,1192.252339,3759248
8/27/2019,1234.9823,1255.914975,1222.877819,1223.969915,5431422
8/28/2019,1223.787842,1246.859267,1216.006303,1239.669326,2272465
8/29/2019,1221.7854,1233.207403,1212.50226,1219.464671,2421312
8/30/2019,1208.861938,1234.936792,1185.790513,1224.060836,3715119
9/3/2019,1178.054443,1207.72421,1174.04991,1207.72421,3617815
9/4/2019,1190.477539,1196.165765,1176.234198,1179.510594,2786181
9/5/2019,1201.626465,1217.735477,1191.023589,1194.846032,2758679
9/6/2019,1209.22583,1214.094929,1201.671822,1209.04374,1694661
9/9/2019,1235.027588,1239.39619,1204.12919,1210.454452,3508361
9/11/2019,1241.080078,1259.418943,1234.117666,1241.398597,2545642
9/12/2019,1239.942505,1255.733001,1233.52614,1246.950356,2249695
9/13/2019,1240.897949,1244.083356,1223.287222,1239.578325,1771658
9/16/2019,1222.832153,1234.982183,1218.281572,1232.297384,1835805
9/17/2019,1195.619507,1224.106186,1192.4341,1223.19607,2210178
9/18/2019,1199.533081,1208.998311,1195.25558,1201.444303,2081625
9/19/2019,1183.788208,1201.535476,1181.330938,1201.353497,1808736
9/20/2019,1284.62915,1289.134182,1173.230894,1187.701765,9975807
9/23/2019,1391.112427,1411.590039,1320.578431,1321.488547,12082820
9/24/2019,1348.155151,1387.017068,1342.921983,1387.017068,3831602
9/25/2019,1319.759521,1348.519172,1316.619665,1347.791146,2746428
9/26/2019,1355.936523,1360.623644,1325.402193,1325.402193,3560962
9/27/2019,1340.282837,1357.620486,1330.590076,1350.658185,2167976
9/30/2019,1341.738892,1350.612525,1318.030319,1340.601246,2961398
10/1/2019,1332.455688,1361.943365,1309.793773,1346.971998,2578275
10/3/2019,1326.995117,1342.876602,1294.412909,1315.527563,1966976
10/4/2019,1296.824585,1341.511268,1292.455983,1332.228127,3266487
10/7/2019,1272.205933,1300.556075,1256.916047,1292.365029,2192329
10/9/2019,1298.053223,1304.560576,1273.343546,1275.072789,1818865
10/10/2019,1297.00647,1303.286293,1280.57894,1295.095248,1626821
10/11/2019,1299.372925,1319.668562,1292.547053,1302.376353,2024214
10/14/2019,1295.959839,1310.476258,1290.863211,1306.016667,2220364
10/15/2019,1303.514038,1314.936042,1292.956711,1300.64715,1797471
10/16/2019,1296.187378,1312.205511,1288.951999,1310.567258,2446615
10/17/2019,1296.323975,1309.29313,1292.54697,1299.645921,2304434
10/18/2019,1317.666382,1326.039407,1297.279755,1299.646035,3516394
10/22/2019,1312.888306,1335.868742,1309.793888,1318.303453,2858390
10/23/2019,1303.104492,1318.667458,1291.090891,1315.117982,2410781
10/24/2019,1303.514038,1335.140579,1298.14433,1328.769765,3646005
10/25/2019,1296.915527,1312.114423,1292.455936,1310.521719,2013793
10/27/2019,1305.470703,1309.611665,1300.419514,1307.563904,398258
10/29/2019,1329.770752,1333.138249,1302.376277,1306.4718,3351491
10/30/2019,1341.738892,1357.847905,1333.320316,1337.825347,3722066
10/31/2019,1340.646606,1352.887624,1335.367888,1347.881985,2210277
11/1/2019,1319.122437,1347.927636,1315.117903,1343.968542,2287220
11/4/2019,1321.670654,1336.050534,1319.668443,1326.767394,1459894
11/5/2019,1310.385254,1328.405487,1303.286304,1324.218975,2401916
11/6/2019,1322.44458,1335.095108,1308.519756,1310.567518,2434431
11/7/2019,1306.062378,1328.724184,1302.376363,1328.724184,1999085
11/8/2019,1295.095337,1317.848242,1292.364988,1301.4206,2217408
11/11/2019,1289.634644,1302.148741,1281.489148,1291.636855,2097492
11/13/2019,1267.791748,1292.228344,1264.196834,1290.954159,2929404
11/14/2019,1256.369751,1279.577712,1253.184345,1271.432217,3000518
11/15/2019,1253.821655,1267.518838,1243.400758,1259.236802,3409434
11/18/2019,1241.853638,1268.520089,1238.89576,1263.24137,2733161
11/19/2019,1242.991333,1254.322236,1239.123339,1241.853688,2396206
11/20/2019,1256.688477,1268.110368,1242.627115,1248.67941,3914075
11/21/2019,1267.518921,1290.453918,1260.51107,1278.713396,5719318
11/22/2019,1254.731812,1273.207105,1247.7694,1268.474545,2363205
11/25/2019,1256.734009,1264.151478,1247.860375,1254.595258,2956576
11/26/2019,1240.488525,1255.960503,1237.348669,1255.368905,4853977
11/27/2019,1215.460205,1246.859214,1196.029246,1242.308633,7904745
11/28/2019,1228.565674,1232.297127,1207.905973,1223.195967,4503913
11/29/2019,1210.955322,1228.839019,1208.634481,1228.65704,2515083
12/2/2019,1213.50354,1222.195195,1201.672028,1210.955281,3044008
12/3/2019,1195.164673,1213.594528,1192.252345,1213.594528,3068849
12/4/2019,1169.590332,1194.072481,1166.905534,1192.252248,10230371
12/5/2019,1185.153198,1194.982497,1169.635785,1177.69029,6644324
12/6/2019,1174.778076,1191.342147,1167.770115,1191.205607,3302384
12/9/2019,1161.308228,1182.14991,1157.485784,1177.690319,3038475
12/10/2019,1164.038696,1168.589278,1153.253841,1162.218464,2759100
12/11/2019,1150.659912,1172.912208,1142.195787,1167.63349,3949135
12/12/2019,1164.675537,1167.542425,1154.209202,1155.847455,3264836
12/13/2019,1187.974731,1190.432001,1169.772407,1172.184126,3655956
12/16/2019,1185.88147,1199.533213,1183.151121,1196.302256,3969819
12/17/2019,1199.487793,1205.904158,1186.609736,1191.524275,3719446
12/18/2019,1200.761841,1206.768586,1196.438789,1205.676491,2961222
12/19/2019,1193.844971,1202.263546,1189.612908,1198.395552,1936623
12/20/2019,1193.663086,1208.543465,1189.795092,1194.98271,3297390
12/23/2019,1193.390015,1203.173765,1187.701788,1190.341147,3394916
12/24/2019,1184.061279,1200.443372,1181.33093,1196.484389,1803814
12/26/2019,1164.311768,1189.248864,1162.218456,1182.832611,3723801
12/27/2019,1182.786987,1184.834749,1165.085272,1166.359457,2459664
12/30/2019,1185.244263,1189.703743,1179.965545,1184.880194,2072838
12/31/2019,1181.512939,1192.252356,1175.096686,1183.151193,3043254
1/1/2020,1192.206665,1200.352272,1185.881402,1190.796052,3123998
1/2/2020,1224.379395,1226.836664,1193.162364,1194.07248,4335359
1/3/2020,1215.050659,1224.060721,1210.591068,1224.060721,2059871
1/6/2020,1198.395386,1212.274656,1195.983556,1211.36454,2646905
1/7/2020,1201.808594,1219.100804,1195.665309,1208.634466,2077893
1/8/2020,1175.460693,1191.069098,1167.997673,1184.971364,4147568
1/9/2020,1197.849487,1201.262423,1187.792659,1193.162367,2067779
1/10/2020,1205.539917,1215.869714,1200.443288,1200.443288,2360798
1/13/2020,1214.731934,1219.009546,1209.271237,1209.544316,1825244
1/14/2020,1206.905029,1211.364621,1196.893751,1210.272526,2046500
1/15/2020,1204.629639,1216.05164,1201.353243,1206.449871,2127677
1/16/2020,1200.716309,1213.093866,1198.987066,1208.361196,1773135
1/17/2020,1186.973511,1206.768538,1184.9713,1201.899439,2941837
1/20/2020,1191.888184,1201.262425,1189.066846,1195.847167,2542477
1/21/2020,1185.289795,1195.801681,1183.560552,1187.474096,1361576
1/22/2020,1177.872314,1194.072427,1175.870103,1193.162311,2449753
1/23/2020,1212.547729,1219.419039,1188.611632,1189.521748,10056067
1/24/2020,1237.029907,1244.902435,1212.274791,1212.274791,5837319
1/27/2020,1227.382568,1242.217505,1219.555592,1219.555592,2510013
1/28/2020,1225.608032,1233.20748,1217.735505,1229.476026,2352852
1/29/2020,1242.945557,1251.364131,1230.567999,1231.478116,3678474
1/30/2020,1247.040894,1253.047748,1231.386943,1243.172901,2743506
1/31/2020,1246.222046,1253.229896,1238.167429,1252.274229,3939306
2/3/2020,1171.001099,1186.700604,1157.667873,1174.049966,5767353
2/4/2020,1175.642578,1189.794929,1171.820135,1179.510572,3604309
2/5/2020,1192.297607,1205.903798,1178.600316,1181.239675,4220104
2/6/2020,1199.168945,1205.903827,1191.387519,1203.992605,2354458
2/7/2020,1182.240723,1196.256532,1179.510375,1195.027897,3053804
2/10/2020,1169.772339,1185.380742,1158.668855,1183.151002,3039992
2/11/2020,1171.228638,1182.195472,1168.589278,1175.870208,2200796
2/12/2020,1180.693848,1183.014577,1164.948792,1173.230828,2568696
2/13/2020,1176.097534,1183.014394,1169.499192,1182.240818,1545536
2/14/2020,1178.737061,1187.656133,1174.595987,1178.600521,1780119
2/17/2020,1165.130615,1181.194187,1162.218288,1180.420611,2155085
2/18/2020,1170.727905,1173.867873,1152.616571,1166.313864,2347917
2/19/2020,1166.223022,1182.241047,1161.85442,1181.33093,1820353
2/20/2020,1165.494751,1173.04876,1160.671202,1164.857714,3034681
2/24/2020,1146.473267,1157.57675,1140.057014,1157.57675,3414064
2/25/2020,1130.40979,1151.888509,1128.680547,1148.748541,3133077
2/26/2020,1102.287476,1126.724078,1097.600354,1123.993729,5721483
2/27/2020,1101.55896,1107.565704,1092.139281,1103.379192,4003149
2/28/2020,1080.808594,1088.908539,1057.555079,1082.719816,6286647
3/2/2020,1056.553955,1103.379391,1047.134274,1096.690059,3177486
3/3/2020,1075.120361,1080.126001,1057.600624,1061.195538,3134527
3/4/2020,1070.888184,1081.08144,1053.914495,1078.487631,3135151
3/5/2020,1076.166992,1080.535595,1061.377602,1074.028241,2625152
3/6/2020,1054.733765,1059.375335,1029.204959,1044.813475,3956575
3/9/2020,1002.902344,1033.709861,971.3669113,1033.709861,8038295
3/11/2020,1016.554321,1020.194786,988.2042884,992.0267323,5628125
3/12/2020,925.1785889,973.8698599,913.8476314,973.8243097,9200130
3/13/2020,956.9417725,965.1328194,810.0035352,864.6105151,8117911
3/16/2020,881.6295776,948.3410843,875.4407986,923.0853596,6671806
3/17/2020,870.7537231,914.6668323,855.6458156,884.632996,4720207
3/18/2020,823.2455444,887.1357087,819.1045271,880.9924247,5586097
3/19/2020,767.3189087,804.5426817,762.4043148,795.3505307,7251950
3/20/2020,786.977478,798.8999779,756.5795752,772.6886428,6130185
3/23/2020,658.9695435,737.1485378,642.5419592,736.2839164,7308612
3/24/2020,653.2940674,697.4529939,620.1632973,696.7608474,7110384
3/25/2020,706.6817017,715.2181767,610.01189,643.4195116,16122446
3/26/2020,773.3583984,777.326694,695.976438,726.9845804,9028497
3/27/2020,772.4816895,821.3472476,749.3640057,800.9520183,6573448
3/30/2020,737.0438232,752.1325957,729.9839058,739.2125266,4474168
3/31/2020,746.1339722,759.515472,730.1684699,756.7468858,8045468
4/1/2020,714.6182861,749.7332361,707.4199726,744.6113061,4104403
4/3/2020,714.8951416,730.0761779,703.959192,730.0761779,4268480
4/7/2020,739.8123779,750.2868396,729.9838747,742.9039432,5768998
4/8/2020,744.8418579,767.821143,736.1669894,741.9810084,6151091
4/9/2020,750.102356,769.9900243,742.3503476,769.9900243,6410296
4/13/2020,798.690979,805.1048816,745.6264107,750.1022691,9462711
4/15/2020,812.2570801,855.1239785,801.9671454,822.2239793,10435477
4/16/2020,841.3271484,848.8484398,803.0283762,808.3809644,6980512
4/17/2020,860.9379272,867.4902245,845.3415379,858.2616051,5827648
4/20/2020,844.9724731,870.2589159,840.7273302,868.2286081,4958362
4/21/2020,803.2129517,836.6667005,796.4299382,827.8072475,5122305
4/22/2020,786.8322144,817.1944004,784.4327954,805.658624,6090168
4/23/2020,775.7578125,802.4285481,770.5898076,793.6613587,6321888
4/24/2020,785.5402222,801.9671561,769.8054348,773.3584313,7960368
4/27/2020,789.277771,807.4120329,786.5091848,795.460958,4224177
4/28/2020,791.031311,800.7674954,786.3708121,797.1683105,3772704
4/29/2020,807.8272705,814.9333195,788.1241883,795.5070847,4837925
4/30/2020,828.3148804,846.0799761,815.9023737,821.5318664,6332497
5/4/2020,785.0325928,812.1185703,779.8183999,812.1185703,4678576
5/5/2020,772.3433228,802.7054524,770.5898622,794.5842771,4296433
5/6/2020,772.7124634,782.5870996,754.5320678,773.3584781,5081524
5/7/2020,759.3770142,771.5588045,756.8391435,768.7440865,3529134
5/8/2020,753.0093384,770.4513982,747.5182976,768.7441258,4394509
5/11/2020,758.2235107,763.6684199,753.3784845,757.8543997,2882920
5/12/2020,751.947998,756.0547455,741.981099,753.9783059,3024381
5/13/2020,796.3376465,804.6895364,784.8941351,797.0759248,8625444
5/14/2020,804.4126587,811.7493663,776.5883478,792.6461686,6778584
5/15/2020,797.7220459,816.7329832,788.1242572,813.918265,5653901
5/18/2020,750.6098633,802.8900236,747.5182978,802.7977599,6211249
5/19/2020,734.9212036,769.4824002,730.6299287,763.2992129,5533176
5/20/2020,770.5897827,776.1269548,738.2896122,738.2896122,5949898
5/21/2020,757.208313,779.8184332,754.9934215,771.4665429,4701930
5/22/2020,752.7785645,762.745463,747.6105033,752.1325498,4607479
5/26/2020,761.8688354,777.6959438,757.6698239,758.5004224,4335209
5/27/2020,785.2171021,791.0773095,763.2068661,767.7750442,5159287
5/28/2020,835.6516724,841.6502763,789.047134,789.047134,11481079
5/29/2020,860.3381348,865.1831605,822.2700757,824.3003835,10166556
6/1/2020,856.5544434,899.0060981,852.7245433,871.7816673,7617144
6/2/2020,872.5199585,879.4875559,842.6192048,862.8760386,7325471
6/3/2020,887.1472778,897.8063232,881.3332582,882.2099884,4651554
6/4/2020,858.9077148,893.3304578,856.9696708,886.9165553,5355931
6/5/2020,881.5639648,885.8552959,864.3525652,867.4903187,6071040
6/8/2020,887.1933594,918.2476881,875.7960362,903.9433272,9858804
6/9/2020,879.7644653,895.4069898,876.4421842,890.1005325,5117749
6/10/2020,873.5350342,885.4861086,863.5220038,883.1789536,5175923
6/11/2020,858.677002,878.5646678,856.6005623,871.1817714,3602957
6/12/2020,854.9393921,858.1694091,821.3471923,821.3471923,5411314
6/15/2020,830.4835815,857.7541439,825.1309366,850.6942266,4982324
6/16/2020,826.0076904,853.3705735,822.4085621,849.0331105,4661460
6/17/2020,816.5482788,830.3450768,813.1336782,823.8389111,4681085
6/18/2020,827.484314,830.5758794,806.5814651,808.4271893,5869802
6/19/2020,828.9147339,845.249404,826.0538276,832.4215985,5409996
6/22/2020,837.4512329,845.3416927,826.8844505,835.1902095,6839642
6/23/2020,892.9612427,895.176134,838.8815524,839.8044144,14580218
6/24/2020,881.8408813,913.5412287,878.5647321,903.4820092,11985132
6/25/2020,870.3511963,890.3773145,864.0296136,876.6267034,7508087
6/26/2020,887.9779053,900.8056544,867.9517869,881.333287,6554103
6/29/2020,864.3526001,882.3484106,858.2617329,876.7189745,4575801
6/30/2020,870.8588257,878.7031534,859.5537652,875.5192679,3656480
7/1/2020,853.0012817,868.4130874,846.2644008,868.4130874,6426017
7/2/2020,868.6900024,877.3649279,854.5702249,863.798845,6542705
7/3/2020,871.4125366,881.7024716,868.9669295,874.8732695,3928063
7/6/2020,877.826416,885.48616,873.6274048,879.5798202,3900219
7/7/2020,870.812561,887.7009807,867.4902804,881.3332104,4051767
7/8/2020,868.6438599,890.0081378,865.6445584,872.0584605,5227021
7/9/2020,872.0585938,878.5647606,867.4904149,872.1047256,3777760
7/10/2020,860.2458496,878.5646381,858.7692366,867.4902939,4537688
7/13/2020,856.5544434,871.9200629,853.6474053,867.4903362,3821300
7/14/2020,842.4807739,862.8298705,835.9745515,856.4159681,3646237
7/15/2020,841.8347778,853.6474009,839.1584553,847.2334983,3229770
7/16/2020,850.0943604,852.7244945,829.1453815,842.5730125,3134451
7/17/2020,854.1549072,858.2155225,847.1873104,850.9710221,2040517
7/20/2020,848.6639404,860.015189,844.4187974,857.3388665,3035845
7/21/2020,865.6907349,869.6128986,849.5867808,855.4931205,4756570
7/22/2020,849.8637085,868.4132137,839.8044893,866.7520732,4977432
7/23/2020,845.8491821,865.5984521,841.0502883,841.6501712,9075059
7/24/2020,834.6364746,843.9573589,828.7762667,843.8650953,6059379
7/27/2020,834.0827026,844.4187688,827.1612373,837.9587345,3615970
7/28/2020,843.0345459,846.2645633,829.6530452,838.6970827,3793721
7/29/2020,850.8327026,868.2747621,846.4952396,848.663943,7245021
7/30/2020,838.1895142,860.7535041,834.4519339,857.338903,3364408
7/31/2020,842.9884033,851.7094615,837.0820633,843.4037025,2943858
8/3/2020,845.2493286,848.8023248,833.8519491,842.5730063,3583167
8/4/2020,852.9552612,858.2617181,845.8953439,847.1873733,3860346
8/5/2020,861.7990723,869.9446212,857.1910075,860.1234279,3007723
8/6/2020,858.4476929,869.1998049,856.6789226,862.0782459,2188023
8/7/2020,852.3967285,862.8229847,850.9537574,858.820041,2461109
8/10/2020,893.7294312,902.9920934,861.1007076,861.1007076,11861641
8/11/2020,895.4517822,912.0221434,890.9833217,902.6198193,5427516
8/12/2020,884.1410522,889.9593008,879.7191833,886.2356217,3672458
8/13/2020,922.2622681,925.0084929,885.8167347,890.8902591,8816193
8/14/2020,914.90802,946.7454904,906.1574075,930.8733182,13443785
8/17/2020,931.6644897,937.4362037,919.4694635,932.7816048,4735094
8/18/2020,935.1554565,938.3671412,926.6375746,936.458767,4362050
8/19/2020,939.3911133,954.1461688,935.9467556,946.9781321,4914223
8/20/2020,926.9633789,935.5743869,913.232312,917.886911,4791040
8/21/2020,925.473938,940.228994,923.4724377,940.228994,2806380
8/24/2020,922.8673096,932.2230989,921.6105906,927.1961093,2026255
8/25/2020,912.6737671,930.8267026,910.2533416,924.4033335,2914757
8/26/2020,902.0147705,919.7487817,898.3376259,918.8178619,4482066
8/27/2020,908.2053833,912.3014534,898.6169202,907.8795841,4466609
8/28/2020,914.0235596,935.2951105,910.6257365,919.7487389,7821191
8/31/2020,879.6727295,926.6376476,875.4370555,919.8418872,8489726
9/1/2020,889.2145386,899.2684603,878.136571,898.291006,5099949
9/2/2020,889.5404053,893.4968144,882.5119721,890.3782558,2107714
9/3/2020,894.7536011,903.9231385,887.4458465,893.6830206,3278899
9/4/2020,877.3918457,890.0989227,875.0645464,882.5119042,3130721
9/7/2020,867.7568359,885.0719199,852.9551897,881.7206317,3470806
9/8/2020,853.3742065,871.3409476,849.8832572,871.3409476,3738931
9/9/2020,846.6716309,863.8936486,838.7588119,844.8563257,5656245
9/10/2020,857.3305664,859.2389406,848.9988232,854.3050772,2948599
9/11/2020,854.0258789,857.8891621,848.9988891,856.4462477,2632298
9/14/2020,839.7827759,859.5648227,838.7587868,858.6804943,5006356
9/15/2020,847.0904541,851.9777829,837.827791,847.1369887,4488829
9/16/2020,858.1218872,860.1699222,848.3937636,851.7916437,3596197
9/17/2020,843.692627,854.5378657,842.5289772,851.7916408,4512652
9/18/2020,838.4794922,850.9537837,835.0350775,848.2541503,7496145
9/21/2020,820.9315796,841.36528,813.9031467,838.758716,4597697
9/22/2020,797.3328247,826.6102644,793.1436855,826.6102644,5089087
9/23/2020,801.1495361,813.3446193,795.5174829,806.362721,3709291
9/24/2020,791.9334717,800.4979451,784.765378,796.8673352,11609426
9/25/2020,827.8204346,833.5456141,793.1436719,800.6840996,4961967
9/28/2020,840.480896,854.1188934,831.3113589,835.9659578,3853608
9/29/2020,833.5921631,849.7901338,830.752869,847.0905005,3362381
9/30/2020,839.3173218,842.0170121,823.0262243,835.7798377,3582787
10/1/2020,840.4343872,850.4883097,838.4794783,847.0904865,2506154
10/5/2020,834.9885254,845.7871723,833.219755,845.2286432,2788003
10/6/2020,830.9390869,842.0635912,826.889608,838.8053715,3497325
10/7/2020,826.5637207,833.1732286,815.5322869,833.1732286,5073845
10/8/2020,820.1868896,832.2423126,818.32505,828.7978979,3918217
10/9/2020,845.6940918,851.7450704,824.4225406,826.0982416,9668150
10/12/2020,843.180603,861.7989989,839.7361884,853.6069161,6188905
10/13/2020,834.5230103,852.4432152,827.4479862,845.2285872,4548652
10/14/2020,851.9777832,853.6534274,825.9120297,835.0350321,5286914
10/15/2020,827.4015503,855.5153411,824.2364569,849.929822,4927777
10/16/2020,832.3353882,841.0860572,828.0531797,832.2423189,2373435
10/19/2020,840.5274658,843.4132943,822.9330598,836.8968561,5800391
10/20/2020,853.9327393,870.8754913,849.9297954,855.5153143,13188572
10/21/2020,860.5887451,866.6862579,845.8802249,861.054205,6390783
10/22/2020,871.6201782,874.133673,856.5858579,858.3080367,6151367
10/23/2020,876.2282715,882.9774401,863.893584,875.0646217,5102184
10/26/2020,886.0029297,892.9848283,877.8573813,884.2341593,6975809
10/27/2020,914.1166992,917.886913,889.1680602,893.6829985,9638520
10/28/2020,914.9545288,925.9394282,906.9021064,921.5640937,7369181
10/29/2020,869.944519,892.5658579,862.0317011,885.3977644,11852038
10/30/2020,865.289978,881.3948796,860.3561143,875.995556,4797473
11/2/2020,865.1037598,873.1562388,857.0513376,865.755415,3682174
11/3/2020,882.2792969,887.0735569,868.082769,879.626198,4049112
11/4/2020,891.8635864,902.1122118,882.516526,886.5495316,3369408
11/5/2020,909.1818237,910.7950376,896.0864283,903.3932974,2889134
11/6/2020,911.6964111,918.1017723,901.5901514,910.0357619,3419233
11/9/2020,916.5360107,924.8392569,913.2622057,921.4230874,3040456
11/10/2020,980.9217529,983.9584382,921.9924506,925.2188781,12149416
11/11/2020,1005.356934,1008.535983,969.1073819,986.9000511,10254627
11/12/2020,1018.404846,1020.919566,998.7142932,1001.039271,6743163
11/13/2020,997.8129272,1013.612841,985.097076,1010.671143,5025096
11/14/2020,1005.119812,1013.28081,1000.185358,1005.926506,911852
11/17/2020,1025.711914,1040.8475,1006.87543,1008.725821,7611327
11/18/2020,1089.52832,1095.316846,1024.05129,1025.711939,13436421
11/19/2020,1076.338013,1116.905304,1051.143543,1067.607788,10841151
11/20/2020,1074.487427,1101.722025,1061.391977,1081.794236,7009257
11/23/2020,1068.366821,1089.243555,1065.519994,1080.655695,4998877
11/24/2020,1077.524292,1085.590304,1070.691952,1077.049821,4623887
11/25/2020,1059.019775,1089.196192,1055.650983,1083.217808,4651911
11/26/2020,1061.724121,1077.00207,1045.307488,1072.304851,7360928
11/27/2020,1065.093018,1081.604639,1036.245144,1071.356015,18995549
12/1/2020,1058.97229,1081.794402,1054.464813,1081.794402,3551604
12/2/2020,1056.884766,1074.250461,1047.727447,1062.86315,4434968
12/3/2020,1067.702393,1079.374313,1063.100046,1077.049451,4087608
12/4/2020,1090.809326,1102.671107,1071.118771,1072.304949,6542918
12/7/2020,1109.978027,1112.06577,1085.590251,1095.838876,5484461
12/8/2020,1111.591309,1122.124548,1089.433524,1114.959985,4982626
12/9/2020,1120.700928,1124.496697,1106.798899,1117.854101,4304573
12/10/2020,1129.573608,1132.800036,1110.310146,1121.649962,4921373
12/11/2020,1133.322021,1154.673227,1121.649983,1127.343638,6689415
12/14/2020,1185.845947,1199.368377,1136.927918,1136.927918,9723233
12/15/2020,1182.619507,1188.075926,1154.008869,1186.178041,6953407
12/16/2020,1203.496216,1212.748404,1183.378683,1192.108907,5729223
12/17/2020,1213.50769,1218.442145,1190.021364,1205.15695,5345257
12/18/2020,1216.11731,1234.574195,1205.156977,1218.394679,10315248
12/21/2020,1171.801514,1270.159418,1095.079543,1211.087753,21153346
12/22/2020,1198.229614,1203.259056,1151.589184,1172.18119,7998730
12/23/2020,1200.222534,1206.390661,1184.61236,1203.259104,4057070
12/24/2020,1197.755005,1215.595168,1189.499253,1209.901513,3277840
12/28/2020,1223.566406,1225.084691,1201.835601,1209.901612,3405825
12/29/2020,1219.248535,1228.927816,1202.974151,1228.83283,3778319
12/30/2020,1226.081055,1230.161437,1206.105771,1222.427534,2866392
12/31/2020,1221.858276,1237.420956,1216.544222,1226.982589,3889877
1/1/2021,1230.778442,1233.577776,1217.493247,1217.493247,2058419
1/4/2021,1247.479858,1255.024021,1235.523205,1238.370033,4014636
1/5/2021,1239.603638,1245.961506,1228.928035,1240.267851,2833637
1/6/2021,1246.910278,1262.093356,1233.625085,1241.216624,4615963
1/7/2021,1270.586548,1278.035839,1257.348846,1262.093559,4270598
1/8/2021,1303.277588,1312.339919,1278.225484,1280.882569,4984995
1/11/2021,1281.072266,1314.237757,1276.327554,1311.438423,3252470
1/12/2021,1280.882568,1297.061968,1275.426149,1284.86808,2836161
1/13/2021,1283.44458,1302.897899,1275.663299,1284.867994,4389762
1/14/2021,1306.314209,1318.745332,1287.003252,1288.663902,5168591
1/15/2021,1285.010498,1313.810879,1276.375145,1306.409082,2587576
1/18/2021,1267.834595,1284.725701,1258.440041,1276.517325,3185998
1/19/2021,1299.908813,1311.438488,1268.736077,1271.630398,3885798
1/20/2021,1312.055298,1321.924322,1292.981578,1299.10221,3957992
1/21/2021,1301.284912,1324.723746,1291.558251,1323.774803,2985423
1/22/2021,1292.554443,1304.795824,1279.64885,1292.459572,3282665
1/25/2021,1291.795532,1325.103392,1273.480895,1300.051286,4847989
1/27/2021,1290.419312,1321.592046,1262.188275,1298.912416,8896211
1/28/2021,1276.659668,1295.401281,1271.582849,1276.042832,2962948
1/29/2021,1266.553345,1299.102115,1257.443521,1292.459518,5130876
2/1/2021,1374.875244,1387.353861,1268.925797,1277.039301,11317043
2/2/2021,1442.582275,1511.665333,1398.74118,1398.74118,14349665
2/3/2021,1450.505981,1478.452289,1428.158341,1451.881902,6197782
2/4/2021,1451.692261,1470.860853,1432.903153,1447.13729,3957579
2/5/2021,1439.071167,1468.013911,1433.946855,1456.057259,3270494
2/8/2021,1472.568848,1489.839553,1442.392433,1443.48374,5223019
2/9/2021,1486.470703,1494.109735,1466.115936,1477.503244,3825206
2/10/2021,1473.565186,1484.145916,1450.648203,1480.350147,2578777
2/11/2021,1452.356445,1480.255377,1448.608169,1470.291481,2720190
2/12/2021,1443.673584,1465.167154,1438.691636,1456.626672,1867284
2/15/2021,1459.141357,1465.167119,1443.673549,1449.035097,1917477
2/16/2021,1470.338867,1493.635451,1460.422465,1461.371407,3838556
2/17/2021,1469.295166,1486.992968,1454.728921,1465.167289,2340184
2/18/2021,1446.75769,1471.999537,1437.79023,1463.459055,2446843
2/19/2021,1431.764404,1468.013959,1422.322357,1446.045919,3044240
2/22/2021,1378.054199,1434.753511,1373.214616,1433.757191,6168108
2/23/2021,1410.41333,1421.515911,1385.456095,1387.35398,3733776
2/24/2021,1448.65564,1453.779952,1410.79281,1410.79281,2380414
2/25/2021,1429.534424,1461.940834,1425.311676,1455.677837,3168105
2/26/2021,1368.849487,1417.245552,1361.874783,1406.332714,5579058
3/1/2021,1397.64978,1410.128396,1364.768903,1381.660124,2494481
3/2/2021,1409.796509,1413.592279,1383.700589,1403.770747,2089473
3/3/2021,1420.472046,1432.903169,1405.715944,1417.245618,2184001
3/4/2021,1387.923218,1418.052141,1383.558106,1397.792243,3530366
3/5/2021,1388.824707,1401.777678,1365.622996,1379.382661,3306902
3/8/2021,1437.837524,1447.137207,1394.945373,1402.536912,4150049
3/9/2021,1431.290039,1454.064659,1415.632488,1447.137333,3779948
3/10/2021,1446.378052,1456.389441,1430.530759,1445.239367,2210547
3/12/2021,1436.698853,1485.094917,1426.40285,1448.370891,4885349
3/15/2021,1407.993408,1450.078984,1388.587581,1442.392573,3181450
3/16/2021,1387.164063,1420.566789,1382.609093,1412.311036,3233903
3/17/2021,1364.24707,1416.723516,1358.648287,1400.638988,5178384
3/18/2021,1355.18457,1394.66055,1347.49816,1381.233108,3381940
3/19/2021,1339.195068,1349.253835,1308.212073,1342.753603,9920812
3/22/2021,1328.566895,1345.031023,1321.165097,1337.059883,2964175
3/23/2021,1332.647339,1344.177013,1326.716448,1330.322476,2564844
3/24/2021,1299.244629,1335.162079,1290.609275,1328.519481,4237815
3/25/2021,1301.094971,1318.081064,1291.510675,1291.510675,3894604
3/26/2021,1326.90625,1336.110945,1311.438442,1315.518941,3093766
3/30/2021,1350.867065,1355.279555,1324.296677,1336.110964,2801282
3/31/2021,1346.454468,1358.505991,1338.388457,1350.914451,2400871
4/1/2021,1370.842285,1373.926348,1347.972795,1358.885633,1380763
4/5/2021,1332.12561,1365.528342,1310.869274,1365.528342,2548649
4/6/2021,1329.468384,1343.98725,1322.161573,1334.118225,1824079
4/7/2021,1332.45752,1344.841149,1318.318254,1330.41727,1841308
4/8/2021,1346.69165,1361.542622,1338.008804,1338.008804,1644834
4/9/2021,1332.410156,1344.651538,1325.767559,1341.80471,2015002
4/12/2021,1276.469971,1322.778293,1263.991354,1322.778293,3755497
4/13/2021,1303.562134,1311.438402,1278.462654,1278.462654,2063654
4/15/2021,1304.463745,1320.073802,1288.758701,1308.544128,2625838
4/16/2021,1289.755249,1322.161659,1286.101843,1291.036298,3752588
4/19/2021,1243.541626,1277.46632,1239.318878,1271.582923,4157065
4/20/2021,1263.516968,1271.061014,1250.421515,1252.604129,2989204
4/22/2021,1268.546265,1271.108363,1240.50497,1243.114562,2398100
4/23/2021,1255.355835,1275.995331,1247.337203,1262.093302,2062964
4/26/2021,1267.692261,1272.721586,1255.45088,1262.14097,1431562
4/27/2021,1310.157349,1317.55903,1267.692176,1270.633874,4303909
4/28/2021,1305.649902,1328.471898,1302.423475,1314.142891,3220346
4/29/2021,1289.280762,1318.603108,1284.393685,1313.288938,2221346
4/30/2021,1272.009766,1295.306347,1267.881889,1281.072212,1968093
5/3/2021,1273.9552,1282.30594,1251.797418,1257.823179,1653245
5/4/2021,1269.30542,1281.926401,1263.042423,1281.07233,2029558
5/5/2021,1270.30188,1277.988291,1256.399849,1273.670556,1813150
5/6/2021,1271.488159,1287.288076,1267.550024,1275.378801,2333882
5/7/2021,1274.14502,1290.4669,1270.633979,1278.225519,2362325
5/10/2021,1323.77478,1327.428186,1278.225541,1278.225541,3929224
5/11/2021,1312.956787,1328.424596,1305.839719,1309.540617,1975828
5/12/2021,1314.570068,1352.243039,1306.693799,1309.540627,4283174
5/14/2021,1343.228027,1351.199167,1303.894409,1322.825765,4558155
5/17/2021,1315.945923,1367.42605,1298.342994,1359.834511,9620003
5/18/2021,1344.936157,1349.39614,1325.672579,1333.264119,3312380
5/19/2021,1331.793335,1361.732518,1328.51953,1341.804725,3215258
5/20/2021,1337.771729,1354.093494,1330.085317,1338.768165,1996254
5/21/2021,1345.647949,1351.958324,1335.256959,1342.753628,2185322
5/24/2021,1369.561157,1383.558058,1338.008822,1347.498246,5035538
5/25/2021,1376.868042,1387.306409,1368.469924,1385.456018,2892219
5/26/2021,1397.697388,1401.208429,1378.623667,1384.412193,3230579
5/27/2021,1407.139404,1409.179654,1387.11674,1400.591678,3747221
5/28/2021,1402.631714,1423.081469,1398.646202,1411.172195,2315923
5/31/2021,1392.762817,1400.639086,1383.131144,1397.128045,2405318
6/1/2021,1399.358154,1416.296756,1388.30295,1391.102285,2077742
6/2/2021,1395.941895,1399.310571,1380.758815,1393.332303,2469417
6/3/2021,1433.709717,1437.647851,1397.982009,1404.529736,3025466
6/4/2021,1459.046509,1468.251204,1439.450824,1441.396087,5677538
6/7/2021,1478.262573,1489.365153,1462.083058,1466.543041,3131245
6/8/2021,1470.054199,1502.175878,1467.112501,1481.299144,3945382
6/9/2021,1441.728271,1475.60547,1436.034617,1470.860758,3025732
6/10/2021,1442.107788,1455.677711,1437.647805,1447.137229,1584311
6/11/2021,1426.6875,1449.177506,1422.132646,1443.341487,1909384
6/14/2021,1438.359497,1441.918031,1402.53692,1426.687459,2005404
6/15/2021,1433.662354,1445.903619,1428.965019,1442.392578,1831871
6/16/2021,1414.778442,1438.596877,1412.026486,1428.965087,1504791
6/17/2021,1411.599487,1423.271411,1404.672161,1405.383867,1675778
6/18/2021,1400.639038,1414.825681,1385.55083,1411.59937,4649835
6/21/2021,1392.14624,1394.376232,1373.357131,1385.456149,1970012
6/22/2021,1422.654541,1427.968712,1394.518489,1395.040338,3862264
6/23/2021,1403.723022,1430.056174,1400.733831,1428.158289,1818874
6/24/2021,1427.256958,1435.939689,1406.33273,1413.92427,2762042
6/25/2021,1446.045898,1451.217704,1430.530713,1433.37754,2099002
6/28/2021,1437.125854,1449.936578,1433.235214,1448.086186,1173658
6/29/2021,1433.757202,1451.692238,1427.114605,1435.749958,2174022
6/30/2021,1423.935547,1445.618857,1419.143341,1438.59666,2139362
7/1/2021,1416.107056,1426.260695,1404.57738,1420.661911,2060651
7/2/2021,1409.796509,1424.030647,1400.164719,1423.413811,1814564
7/5/2021,1430.957764,1436.698912,1412.026408,1413.924293,1605396
7/6/2021,1428.632935,1441.443658,1423.413751,1429.107406,1072506
7/7/2021,1439.023682,1442.107744,1418.668913,1418.668913,1096808
7/8/2021,1424.078003,1446.18841,1420.566962,1426.260617,1456033
7/9/2021,1423.034058,1426.118121,1409.653992,1421.420902,1248405
7/12/2021,1424.125366,1438.596738,1415.44252,1427.589029,865284
7/13/2021,1436.319336,1437.647879,1424.69479,1437.647879,995833
7/14/2021,1465.831299,1470.765869,1431.005159,1436.271835,4010254
7/15/2021,1527.18042,1542.031392,1470.813219,1470.860712,9066480
7/16/2021,1536.100586,1539.943849,1513.658074,1527.180504,4157388
7/19/2021,1527.417603,1555.696131,1516.030294,1518.307779,3027093
7/20/2021,1509.150513,1539.801398,1501.226867,1527.654889,1847026
7/22/2021,1558.305786,1563.050498,1510.289324,1527.797265,3231269
7/23/2021,1529.457886,1561.911669,1524.808045,1560.061278,2259058
7/26/2021,1516.030273,1544.213931,1511.47542,1529.457831,2219416
7/27/2021,1526.136597,1536.337727,1503.361979,1527.93961,3984778
7/28/2021,1529.92749,1536.741337,1490.388574,1528.248044,4119892
7/29/2021,1531.654785,1542.547169,1522.057951,1529.735418,1672177
7/30/2021,1536.88501,1559.389657,1521.098264,1533.574149,2536568
8/2/2021,1548.880981,1552.767746,1537.460843,1541.539497,1083353
8/3/2021,1568.458618,1572.633218,1545.378302,1559.485601,1777140
8/4/2021,1557.758179,1578.007594,1548.545241,1573.880908,2067087
8/5/2021,1561.78894,1567.019169,1543.938851,1554.687259,1831728
8/6/2021,1545.42627,1572.921225,1543.458989,1561.405023,1192143
8/9/2021,1533.046265,1558.525907,1525.89667,1554.687173,1223794
8/10/2021,1524.40918,1544.994461,1508.622433,1541.251672,1429931
8/11/2021,1519.466919,1533.478274,1499.745376,1526.088641,1370930
8/12/2021,1557.998169,1561.405092,1518.219334,1525.896802,1645811
8/13/2021,1601.135864,1609.197229,1559.48558,1560.445263,5439442
8/16/2021,1589.331909,1609.43735,1586.692779,1606.510268,1794407
8/17/2021,1572.681274,1597.872965,1559.533658,1591.155181,1838525
8/18/2021,1567.019043,1594.130099,1561.500863,1580.598587,1570228
8/20/2021,1529.351563,1557.56628,1525.896725,1553.631601,2416059
8/23/2021,1517.019775,1553.727671,1504.687865,1535.589629,1973841
8/24/2021,1541.059692,1548.305232,1518.986974,1525.896647,1580003
8/25/2021,1529.543457,1560.445216,1525.896613,1549.840667,1795313
8/26/2021,1531.415039,1538.324714,1521.098441,1529.543703,2051262
8/27/2021,1572.057617,1599.504544,1533.622361,1539.332431,4903187
8/30/2021,1593.170532,1617.018643,1578.77528,1580.31075,3345934
8/31/2021,1604.782593,1608.429437,1578.67925,1593.122533,3264644
9/1/2021,1618.410156,1648.736129,1604.782581,1604.830612,3530101
9/2/2021,1618.218262,1641.058776,1614.187638,1619.849794,2400278
9/3/2021,1623.304565,1635.588561,1604.686683,1628.582824,2336258
9/6/2021,1625.895752,1646.816899,1622.057018,1631.461963,1850835
9/7/2021,1613.899536,1636.260206,1611.740248,1625.895579,1734879
9/8/2021,1599.360596,1626.375593,1591.155255,1614.187659,1644392
9/9/2021,1602.71936,1612.84395,1588.467968,1588.467968,1225239
9/13/2021,1604.302856,1608.093677,1593.554448,1595.042004,1578773
9/14/2021,1628.054932,1630.310281,1607.853665,1608.429452,1407269
9/15/2021,1647.776489,1655.07006,1628.58282,1631.461871,2757989
9/16/2021,1651.855225,1658.81293,1640.339023,1640.674888,2128381
9/17/2021,1647.008789,1671.480719,1637.316009,1654.494367,3473932
9/20/2021,1635.636475,1665.050796,1631.413844,1631.653765,1820374
9/21/2021,1651.519409,1660.972269,1624.168429,1630.11842,2029747
9/22/2021,1641.922607,1660.25254,1637.220135,1651.519443,1487933
9/23/2021,1698.351807,1703.438176,1645.905198,1649.02417,3702946
9/24/2021,1697.440186,1737.02713,1679.44612,1708.236625,3612494
9/27/2021,1669.46521,1710.875572,1666.970057,1700.558975,1650711
9/28/2021,1667.114136,1688.131227,1649.695858,1674.935579,1442615
9/29/2021,1651.615356,1671.768711,1647.392725,1662.171875,1698747
9/30/2021,1634.292969,1664.331109,1628.582899,1650.607588,1792078
10/1/2021,1628.486938,1643.457977,1619.46589,1629.062725,1563937
10/4/2021,1646.097168,1654.446368,1616.155089,1628.103102,1588493
10/5/2021,1647.488647,1669.84932,1637.220081,1645.377391,1705242
10/6/2021,1626.711548,1665.914595,1621.865099,1647.488602,1845661
10/7/2021,1643.410034,1659.580796,1631.462021,1641.058856,1378863
10/8/2021,1657.277466,1670.80898,1650.655626,1669.849296,1755402
10/11/2021,1647.680542,1676.423015,1645.85712,1663.851185,1528151
10/12/2021,1648.928101,1655.981868,1631.461908,1641.538585,1671988
10/13/2021,1681.413574,1692.785801,1654.542435,1657.373455,2105025
10/14/2021,1717.161865,1744.608792,1696.192685,1703.438343,4440909
10/18/2021,1716.345825,1737.506892,1710.155914,1734.291976,1918546
10/19/2021,1771.623657,1809.00328,1729.397586,1736.835133,6639827
10/20/2021,1733.859985,1793.312443,1723.879372,1780.212741,3295376
10/21/2021,1732.948364,1752.861796,1718.841065,1741.825436,2774633
10/22/2021,1719.992798,1757.660376,1709.532224,1742.785282,1520637
10/25/2021,1712.21936,1739.714316,1689.378846,1719.992773,2488386
10/26/2021,1723.831421,1738.850491,1709.724121,1713.034982,1930107
10/27/2021,1712.603271,1740.865904,1703.534192,1728.390019,1408879
10/28/2021,1741.105835,1786.930723,1718.793193,1726.998534,6379424
10/29/2021,1695.424805,1751.326366,1665.818593,1748.543261,3984689
11/1/2021,1722.967529,1732.228497,1680.597485,1704.397679,2316925
11/2/2021,1742.449463,1750.894608,1723.015871,1727.430392,1687119
11/3/2021,1813.321899,1837.793828,1744.704532,1744.704532,11580233
11/4/2021,1831.987793,1843.40805,1823.398672,1823.398672,764191
11/8/2021,1846.958862,1875.125549,1835.106678,1866.152532,3674523
11/9/2021,1865.240845,1884.914357,1852.477124,1855.548065,3550645
11/10/2021,1871.526855,1875.221614,1854.108576,1854.780308,3208195
11/11/2021,1853.820435,1901.852637,1848.01442,1869.319345,7061537
11/12/2021,1880.931641,1885.778089,1850.365744,1861.786002,2026320
11/15/2021,1868.55188,1894.895146,1864.665115,1882.179339,1127678
11/16/2021,1876.468994,1900.125096,1865.624525,1871.382625,2279531
11/17/2021,1874.165894,1899.117664,1865.192876,1870.423105,2166686
11/18/2021,1820.519653,1875.221614,1816.680919,1874.165986,1883794
11/22/2021,1789.329834,1823.398597,1763.754246,1821.719151,2407464
11/23/2021,1810.29895,1819.176023,1770.136219,1775.414478,2028470
11/24/2021,1787.410522,1825.701918,1771.527714,1817.640553,1361828
11/25/2021,1775.318481,1791.585069,1764.090115,1780.212844,1930012
11/26/2021,1706.461304,1767.497153,1697.296279,1746.624036,2796595
11/29/2021,1696.00061,1717.88144,1665.194794,1706.317208,2111420
11/30/2021,1693.601563,1726.37478,1680.693865,1696.000771,3385628
12/1/2021,1713.994751,1721.672219,1691.010378,1692.881714,1359786
12/2/2021,1717.065674,1721.672201,1691.922013,1713.946702,2813690
12/3/2021,1728.629883,1770.424146,1724.119417,1727.382247,3612772
12/6/2021,1710.779785,1747.583623,1706.317234,1726.470587,1566109
12/7/2021,1725.606934,1737.027191,1700.655162,1718.02541,2097201
12/8/2021,1751.470337,1766.777241,1729.349586,1729.349586,3433206
12/9/2021,1804.012939,1808.187539,1754.25326,1761.019075,3791595
12/10/2021,1797.871094,1814.617524,1786.019026,1804.013092,1771926
12/13/2021,1786.450806,1819.799807,1780.260894,1817.352567,1857829
12/14/2021,1790.481445,1798.446865,1771.767617,1775.414461,1685243
12/15/2021,1804.972778,1822.19905,1788.514183,1790.769416,2176709
12/16/2021,1798.35083,1831.076012,1791.057259,1815.721077,2469902
12/17/2021,1772.631226,1799.118465,1757.852077,1791.249107,2352938
12/20/2021,1726.806519,1755.884976,1700.079356,1747.58369,2488158
12/21/2021,1753.869629,1777.525733,1739.426345,1744.60866,2077840
12/22/2021,1795.567749,1803.773089,1753.86955,1753.86955,1692505
12/23/2021,1802.717285,1811.738333,1787.026485,1807.083892,1677127
12/24/2021,1784.435425,1812.602111,1775.414377,1812.602111,1203991
12/27/2021,1790.961182,1800.03026,1771.383733,1784.435405,1139744
12/28/2021,1822.918823,1832.035817,1796.623472,1796.623472,1916098
12/29/2021,1818.456055,1831.987567,1813.849645,1818.600031,1287946
12/30/2021,1809.675049,1825.029984,1805.068639,1816.009053,1805349
12/31/2021,1819.463867,1830.212275,1811.210613,1811.258527,1145546
1/3/2022,1845.327393,1859.338748,1817.304681,1818.600231,1906676
1/4/2022,1859.434814,1864.665043,1837.362094,1845.327397,1643920
1/5/2022,1870.039307,1872.342571,1849.933984,1862.457783,1711667
1/6/2022,1846.910889,1874.261868,1842.208416,1866.104559,1372015
1/7/2022,1828.101074,1856.939492,1820.663527,1851.277454,1447123
1/10/2022,1874.357788,1880.931597,1830.356324,1832.995453,2397846
1/11/2022,1882.083252,1890.576427,1859.530691,1870.423074,2232435
1/12/2022,1894.606934,1904.011878,1881.267428,1898.733619,1585970
1/13/2022,1937.025146,1947.197768,1895.902733,1895.902733,2373324
1/14/2022,1962.312866,1967.303174,1926.084814,1932.802598,3124945
1/17/2022,1985.968872,1988.416112,1959.673639,1962.312768,1858651
1/18/2022,1940.671875,1994.750132,1929.491656,1991.96691,1460676
1/19/2022,1939.424438,1945.278484,1906.891144,1938.464755,2336679
1/20/2022,1922.72583,1952.955859,1904.107947,1938.560607,2031107
1/21/2022,1877.188965,1914.376701,1864.713079,1902.236681,2209132
1/24/2022,1823.302612,1880.019881,1805.692444,1876.181147,2307120
1/25/2022,1847.678589,1853.43669,1775.510323,1818.600134,2998042
1/27/2022,1833.811157,1844.511651,1791.72906,1837.362056,2932713
1/28/2022,1821.047485,1869.463471,1815.049463,1838.849544,2233620
1/31/2022,1832.227661,1846.431024,1775.846256,1813.993675,3161064
2/1/2022,1910.249878,1919.270926,1839.713145,1850.893481,5392787
2/2/2022,1902.764404,1927.044443,1891.152258,1914.664503,3579380
2/3/2022,1855.692017,1904.971741,1852.189148,1901.612848,2262217
2/4/2022,1869.415405,1878.868381,1845.759301,1869.463436,1440816
2/7/2022,1808.523438,1868.983494,1798.974634,1854.588242,2641464
2/8/2022,1799.9823,1820.471519,1773.495059,1813.801765,2040523
2/9/2022,1812.650269,1823.302732,1799.982376,1808.523583,1390810
2/10/2022,1824.358398,1833.955234,1805.164728,1815.721247,1288856
2/11/2022,1795.807617,1812.841998,1775.414344,1812.841998,1744894
2/14/2022,1726.470581,1772.487357,1722.631847,1768.936575,2290199
2/15/2022,1800.414307,1806.124377,1733.332405,1737.027164,2602134
2/16/2022,1785.682983,1811.210657,1767.880925,1800.414218,1898439
2/17/2022,1793.360352,1808.907293,1779.348997,1793.648303,1459905
2/18/2022,1807.179932,1819.559872,1789.95366,1794.608102,1912482
2/21/2022,1788.802002,1807.947758,1774.310805,1799.35852,1262585
2/22/2022,1770.088013,1780.212719,1727.909974,1739.906016,2288298
2/23/2022,1746.911987,1777.333909,1742.929277,1774.454858,1583872
2/24/2022,1686.499634,1727.430155,1680.405668,1711.355458,3616355
2/25/2022,1705.405518,1726.182571,1693.841285,1710.155904,2476882
2/28/2022,1743.504883,1748.783142,1682.133174,1693.74532,2553662
3/2/2022,1712.555176,1753.293693,1697.20024,1727.43027,3152628
3/3/2022,1681.653442,1740.434057,1675.175579,1737.027133,2259979
3/4/2022,1642.738159,1683.332816,1634.340929,1669.849217,3906819
3/7/2022,1568.554565,1599.600419,1540.819807,1591.395078,6318251
3/8/2022,1591.635132,1598.832758,1530.695228,1562.268839,4421730
3/9/2022,1622.776733,1631.270026,1583.525773,1608.909354,3306502
3/10/2022,1658.525024,1687.12364,1638.179781,1669.849337,2776325
3/11/2022,1658.956787,1665.482564,1637.028044,1650.655502,1577597
3/14/2022,1676.327026,1683.284731,1646.336919,1665.050746,1558334
3/15/2022,1673.160156,1693.841383,1656.989513,1677.526763,2062332
3/16/2022,1685.396118,1699.263615,1675.799283,1690.002646,2101909
3/17/2022,1715.818115,1731.844782,1697.152201,1709.340252,3383036
3/21/2022,1685.492065,1732.228602,1674.647596,1732.228602,2301462
3/22/2022,1702.526489,1705.357509,1651.759211,1685.492108,3986030
3/23/2022,1696.00061,1719.320966,1688.227198,1708.236575,1574226
3/24/2022,1700.127441,1707.948769,1680.405898,1684.244632,1580887
3/25/2022,1680.501587,1706.221149,1668.889441,1704.01383,1483897
3/28/2022,1671.384766,1684.244548,1655.549988,1681.365497,1799629
3/29/2022,1676.231201,1683.380796,1663.131498,1678.198482,2071779
3/30/2022,1702.094482,1705.40546,1683.380656,1695.66465,1712835
3/31/2022,1696.384399,1709.532015,1687.123431,1708.188435,1401916
4/1/2022,1717.929321,1721.67211,1688.083189,1688.083189,2050573
4/4/2022,1752.717773,1756.076665,1704.973524,1712.075204,1955281
4/5/2022,1762.026855,1770.615976,1753.341673,1765.817558,1718581
4/6/2022,1778.101685,1783.091992,1754.013534,1759.099904,2245496
4/7/2022,1752.669922,1781.028497,1737.171011,1775.318428,2003954
4/8/2022,1756.940552,1764.761996,1744.752618,1761.403103,1903321
4/11/2022,1709.676147,1755.980876,1707.276939,1746.863883,2262446
4/12/2022,1677.238892,1709.676242,1663.707377,1708.236717,4215141
4/13/2022,1689.810791,1701.374907,1676.663056,1683.476786,1673417
4/18/2022,1668.265747,1679.398052,1645.857161,1675.895301,1808707
4/19/2022,1636.980103,1689.762694,1618.986037,1677.814682,2737766
4/20/2022,1623.400635,1643.362099,1603.967043,1641.010804,3832617
4/21/2022,1645.377319,1656.221789,1631.461909,1634.292928,1797489
4/22/2022,1626.039795,1647.200864,1622.249092,1632.421714,1474689
4/25/2022,1590.531494,1607.469932,1585.397211,1607.469932,1964344
4/26/2022,1631.41394,1634.436967,1596.913365,1612.268301,2440990
4/27/2022,1609.437256,1623.40058,1599.504438,1607.469858,1346726
4/28/2022,1649.935913,1661.212195,1612.268334,1621.86517,3117433
4/29/2022,1626.039795,1668.889689,1619.13012,1661.21222,2404830
5/2/2022,1611.740356,1617.978299,1588.324174,1601.327814,1399802
5/4/2022,1568.074829,1614.091724,1559.53374,1611.78846,1777673
5/5/2022,1571.62561,1603.82292,1567.163059,1584.149409,1707752
5/6/2022,1557.038452,1567.16316,1547.105751,1550.84854,1439520
5/9/2022,1550.992554,1564.140171,1527.09641,1542.739299,1400010
5/10/2022,1543.122925,1563.900094,1536.453172,1546.050006,1176030
5/11/2022,1507.470703,1544.130561,1494.562891,1535.973253,2988788
5/12/2022,1464.620972,1492.259786,1452.097055,1487.509399,3407191
5/13/2022,1472.634277,1511.405513,1441.444565,1468.315702,4328846
5/16/2022,1480.695557,1504.303745,1477.384579,1487.509285,1775914
5/17/2022,1539.428345,1543.075189,1482.711071,1482.711071,1608711
5/18/2022,1509.102173,1557.566185,1501.904547,1557.566185,2984009
5/19/2022,1485.541992,1499.745355,1478.248421,1487.50939,1798843
5/20/2022,1545.186401,1548.401318,1498.113995,1506.127329,2175224
5/23/2022,1577.863525,1593.074484,1540.867683,1563.324298,4177811
5/24/2022,1560.733276,1587.02851,1545.186334,1578.487421,1970395
5/25/2022,1511.261597,1573.592993,1507.758728,1567.163161,1417130
5/26/2022,1501.4729,1524.841171,1474.697707,1511.501546,3578710
5/27/2022,1535.781494,1541.251643,1510.541772,1511.693345,1279218
5/30/2022,1593.890259,1596.625333,1548.545215,1554.687213,2119326
5/31/2022,1587.796387,1606.894112,1578.679393,1593.554488,3534742
6/1/2022,1581.55835,1594.034235,1572.393326,1586.88464,1425466
6/2/2022,1571.145874,1582.949911,1558.238061,1566.203481,1852251
6/3/2022,1585.445068,1606.222121,1578.631222,1591.107107,2928263
6/6/2022,1574.072754,1595.281852,1568.218708,1585.541041,1538005
6/7/2022,1525.368774,1572.345348,1522.153858,1564.283984,2157491
6/8/2022,1520.666504,1542.979145,1506.799007,1530.695149,2122442
6/9/2022,1530.791138,1535.49361,1493.459426,1493.459426,1361104
6/10/2022,1521.194214,1530.215262,1505.791365,1506.703017,1337799
6/13/2022,1470.283081,1502.816256,1457.087434,1497.250163,2460367
6/14/2022,1482.375,1491.635968,1463.709087,1470.283012,1983405
6/15/2022,1497.442139,1503.824057,1477.00095,1485.54204,1461683
6/16/2022,1465.820557,1511.501466,1455.599904,1505.167579,2329325
6/17/2022,1429.880249,1468.267585,1421.675026,1460.638149,4548572
6/20/2022,1412.46228,1437.461966,1397.635099,1429.928474,1837431
6/21/2022,1439.81311,1454.1123,1417.356494,1420.33149,1458922
6/22/2022,1419.131958,1430.84005,1408.815361,1429.928397,1906619
6/23/2022,1434.054932,1450.80136,1421.770937,1421.770937,1828491
6/24/2022,1434.582886,1451.041482,1428.968761,1441.204725,1731440
6/27/2022,1473.881958,1482.423047,1448.882156,1462.557646,2389778
6/28/2022,1488.949097,1494.707198,1462.653743,1468.315899,2072405
6/29/2022,1485.494141,1491.348187,1463.901261,1469.515387,1480197
6/30/2022,1495.426758,1503.728043,1479.927846,1486.597717,3308971
7/1/2022,1508.766479,1512.461238,1472.730316,1498.017954,1294305
7/4/2022,1517.931396,1523.449577,1487.701365,1508.718458,1269969
7/5/2022,1501.808716,1532.854453,1498.641713,1520.138647,1445200
7/6/2022,1493.411377,1526.376479,1489.236778,1502.432425,2422594
7/7/2022,1546.145996,1549.073078,1502.52843,1502.768351,1697912
7/8/2022,1619.417969,1633.381411,1552.767993,1555.647043,6516138
7/11/2022,1595.953735,1620.761532,1586.740797,1617.018742,1316037
7/12/2022,1587.076538,1605.4545,1582.566073,1588.276142,781516
7/13/2022,1580.838623,1615.387229,1578.103549,1596.913321,1914814
7/14/2022,1579.782959,1600.128202,1568.698568,1585.253108,1170472
7/15/2022,1616.922607,1619.801658,1582.70987,1587.220452,1345141
7/18/2022,1657.997192,1664.666946,1621.865086,1627.671218,3200640
7/19/2022,1660.060547,1665.002823,1644.897501,1650.607571,1351783
7/20/2022,1669.801147,1676.422987,1658.284946,1670.185044,1509911
7/21/2022,1715.678467,1719.371894,1667.031162,1678.500493,2827327
7/22/2022,1718.205566,1729.674897,1703.431622,1716.018627,1495629
7/25/2022,1732.493408,1735.457974,1710.721306,1715.532525,1916615
7/26/2022,1702.167969,1730.841177,1693.080044,1730.841177,1585897
7/27/2022,1746.295654,1768.505218,1700.953081,1704.840974,5369460
7/28/2022,1750.766724,1765.103328,1736.867459,1754.411623,1831059
7/29/2022,1757.376099,1781.140795,1743.719828,1764.082618,1747781
8/1/2022,1763.8396,1766.901339,1740.12355,1757.327427,1341943
8/2/2022,1742.796509,1760.875186,1725.93268,1758.299433,1749346
8/3/2022,1739.637573,1753.439544,1723.308377,1742.796486,1264299
8/4/2022,1730.209473,1763.937014,1725.252433,1743.525577,1856927
8/5/2022,1737.353271,1756.355393,1725.543893,1732.979393,1430542
8/8/2022,1778.370605,1780.703365,1740.074842,1746.0525,2625195
8/10/2022,1803.156006,1814.673864,1771.178066,1778.710858,3422074
8/11/2022,1814.81958,1826.14309,1803.20443,1817.638326,1918049
8/12/2022,1794.699829,1816.617872,1786.486703,1812.729979,1041383
8/16/2022,1797.081177,1811.757948,1790.374538,1807.870055,1426893
8/17/2022,1803.690552,1815.014063,1798.198998,1809.279397,1748371
8/18/2022,1841.451782,1845.339675,1798.150331,1804.954143,2519639
8/19/2022,1881.788696,1887.571889,1839.702211,1841.014351,4134598
8/22/2022,1827.941406,1889.515884,1822.449734,1882.809245,3175874
8/23/2022,1824.442261,1858.364029,1813.41027,1817.589803,1811509
8/24/2022,1840.2854,1844.805099,1799.70552,1823.421689,1534933
8/25/2022,1825.268433,1864.244533,1820.50574,1846.749016,1121363
8/26/2022,1851.997681,1858.41268,1834.307698,1837.223617,1119310
8/29/2022,1828.767578,1837.02935,1808.842127,1817.589886,1183546
8/30/2022,1868.618408,1873.964261,1836.203127,1840.819999,1394462
9/1/2022,1859.335938,1876.394113,1839.070322,1851.608799,2014905
9/2/2022,1886.113892,1903.901048,1846.991972,1847.234966,3201140
9/5/2022,1913.18335,1917.460055,1887.669054,1893.355073,2474746
9/6/2022,1907.302979,1929.463895,1896.611274,1918.48067,1172733
9/7/2022,1903.220703,1906.379616,1879.796173,1886.697159,1238549
9/8/2022,1919.063843,1921.590949,1892.966387,1912.746017,1632797
9/9/2022,1895.104736,1931.699551,1889.51589,1921.931173,980869
9/12/2022,1906.914185,1911.871224,1893.30656,1895.104687,791708
9/13/2022,1935.538696,1939.086422,1908.080455,1913.717947,1761021
9/14/2022,1899.138306,1917.654322,1894.764427,1909.587017,2322752
9/15/2022,1902.637451,1929.075074,1900.013171,1904.192584,1566565
9/16/2022,1866.188599,1902.054434,1861.328732,1892.431876,3881617
9/19/2022,1857.149048,1877.803477,1851.608848,1867.257592,1755456
9/20/2022,1878.532471,1900.985146,1871.048325,1876.880164,1666658
9/21/2022,1842.520996,1891.751462,1838.584457,1867.257666,1618385
9/22/2022,1835.279663,1852.19202,1820.505719,1829.253477,1875115
9/23/2022,1804.80835,1842.32649,1800.628936,1837.029284,1948766
9/26/2022,1799.55957,1824.199184,1767.047117,1797.178284,1529101
9/27/2022,1789.597046,1811.758083,1781.140926,1803.982297,1443698
9/28/2022,1784.008179,1803.982276,1774.434266,1778.419333,1853503
9/29/2022,1764.617188,1805.342885,1747.024498,1792.950227,2377718
9/30/2022,1795.914795,1830.176849,1765.151939,1772.830432,2339518
10/3/2022,1768.310791,1800.094265,1763.159286,1800.094265,1850414
10/4/2022,1819.096436,1828.232888,1783.862408,1783.862408,1637532
10/6/2022,1859.335938,1865.216422,1825.462698,1829.253417,2771898
10/7/2022,1870.610962,1874.887549,1849.713539,1851.608839,1469264
10/10/2022,1856.128418,1863.272396,1830.711298,1851.608719,1656954
10/11/2022,1826.28894,1869.882032,1818.804794,1869.882032,1047963
10/12/2022,1857.683716,1862.300588,1805.974791,1827.309554,1907748
10/13/2022,1823.567505,1858.41272,1815.888893,1847.721015,1303645
10/14/2022,1858.023926,1882.469075,1845.242455,1846.749061,1819114
10/17/2022,1830.4198,1860.35662,1825.7544,1849.567742,2588147
10/18/2022,1864.341797,1877.074622,1840.042467,1840.042467,1401849
10/19/2022,1851.511719,1892.431766,1848.352806,1866.18849,1636141
10/20/2022,1850.782715,1864.050172,1833.433018,1845.436862,1374019
10/21/2022,1824.150757,1871.048465,1814.771191,1860.06512,2225676
10/24/2022,1856.225708,1866.091259,1846.74897,1852.580809,269400
10/25/2022,1894.4729,1899.867399,1838.535915,1861.328639,2136147
10/27/2022,1909.004028,1916.585348,1895.250584,1897.388877,2245395
10/28/2022,1919.695679,1930.338738,1908.76098,1916.731113,2013794
10/31/2022,1966.398926,1977.625264,1922.757306,1930.338744,3176507
11/1/2022,1967.710938,1998.376737,1934.275157,1975.049382,4464211
11/2/2022,1956.873535,1984.769116,1943.946245,1979.423264,1889651
11/3/2022,1952.402466,1965.815743,1937.142534,1949.778186,1052241
11/4/2022,1958.623169,1972.473787,1948.56327,1953.666129,2312753
11/7/2022,1961.101563,1975.049353,1937.142402,1964.746462,1395070
11/9/2022,1947.348145,1979.860598,1940.301339,1968.294213,1301233
11/10/2022,1922.222778,1945.744482,1914.981507,1939.086489,1261210
11/11/2022,1954.735229,1962.219494,1936.121919,1947.445431,1203125
11/14/2022,1943.751953,1965.232536,1939.329428,1956.630597,1175155
11/15/2022,1940.593018,1960.469821,1922.660042,1946.862197,1450841
11/16/2022,1947.445435,1953.520267,1929.415403,1930.33873,1195832
11/17/2022,1972.668213,2001.292776,1945.015505,1945.890304,3786182
11/18/2022,1967.710938,1993.468225,1950.604234,1981.853194,1248459
11/21/2022,1955.075317,1976.021386,1950.750084,1962.413762,714687
11/22/2022,1972.911133,1976.167219,1962.996936,1964.892354,1337869
11/23/2022,1968.245728,1986.713218,1961.441915,1981.804706,1046988
11/24/2022,1994.68335,2002.264788,1971.550459,1973.591579,1611889
11/25/2022,2004.937622,2037.061382,2000.75809,2003.236669,2652761
11/28/2022,2006.589966,2013.928411,1994.488947,2006.492911,1105372
11/29/2022,1993.07959,2013.928366,1981.46444,2011.98442,1413764
11/30/2022,2016.698608,2027.536014,1987.685115,1995.4609,2104550
12/1/2022,2045.274414,2050.863259,2021.169434,2026.806925,2614357
12/2/2022,2027.049927,2040.074272,2011.158071,2037.352937,1957264
12/5/2022,2027.147339,2038.033391,2010.866788,2037.207119,1767537
12/6/2022,2034.825806,2041.143631,2009.068517,2022.676141,1530731
12/7/2022,2064.470947,2083.91041,2037.547339,2037.547339,3438327
12/8/2022,2106.946289,2114.041741,2060.583214,2060.583214,3743754
12/9/2022,2093.678955,2132.849523,2077.592751,2107.237934,2573609
12/12/2022,2103.05835,2108.209855,2074.725426,2088.673099,1536090
12/13/2022,2112.000244,2114.721816,2092.172088,2109.181617,1233124
12/14/2022,2133.918457,2148.060714,2114.090299,2115.936953,1516631
12/15/2022,2116.520264,2147.088773,2112.681017,2135.133455,1323412
12/16/2022,2114.041504,2149.615814,2100.43388,2100.43388,2822390
12/19/2022,2122.789551,2126.142811,2094.650973,2110.153899,1592779
12/20/2022,2102.621094,2118.804353,2078.07877,2118.804353,1747181
12/21/2022,2086.145996,2113.992932,2082.792736,2092.755461,1979681
12/22/2022,2050.814941,2088.138857,2038.130643,2083.910679,1993744
12/23/2022,2004.937622,2045.177216,1992.642257,2035.79777,2026125
12/26/2022,2032.444702,2048.919601,1993.517126,1995.218079,1154610
12/27/2022,2064.568359,2068.35896,2026.564113,2042.650316,1059351
12/28/2022,2061.652588,2076.134895,2054.411197,2069.331082,1153883
12/29/2022,2051.738037,2061.11772,2035.457487,2050.523071,1517150
12/30/2022,2027.341797,2073.218886,2022.77357,2055.723368,1189427
1/2/2023,2030.889038,2038.810761,2016.892721,2034.242298,807344
1/3/2023,2030.403442,2038.033527,2009.992004,2029.480115,1260225
1/4/2023,2012.519165,2042.553042,2000.320854,2032.347323,1015547
1/5/2023,2028.848145,2040.365883,2010.526357,2021.704047,1881403
1/6/2023,2028.070679,2062.235441,2013.78272,2031.618286,1877917
1/9/2023,2062.235352,2067.678496,2041.872562,2048.919367,1844365
1/10/2023,2047.607178,2072.1495,2038.422079,2072.1495,1425414
1/11/2023,2065.783203,2080.022515,2038.324962,2047.07272,1455621
1/12/2023,2099.218994,2103.981568,2058.736408,2058.736408,2726901
1/13/2023,2093.046875,2104.176157,2057.861495,2101.308647,2180210
1/16/2023,2077.301025,2100.434034,2072.538452,2086.82641,1009649
1/17/2023,2151.073975,2155.642201,2076.523441,2079.925347,4645453
1/18/2023,2202.977295,2211.04472,2138.341076,2158.752514,4090049
1/19/2023,2209.392334,2219.7924,2178.1919,2196.513689,2176835
1/20/2023,2186.890869,2233.253939,2175.713178,2218.479995,1962410
1/23/2023,2170.9021,2209.58668,2164.584274,2191.799523,1466706
1/24/2023,2145.630859,2189.175307,2138.34106,2181.788215,1036962
1/25/2023,2113.749756,2143.200587,2094.601934,2139.312695,2134447
1/27/2023,2099.316162,2133.480921,2067.484044,2113.74982,1647900
1/30/2023,2053.682129,2112.340808,2025.39785,2069.719687,3441304
1/31/2023,2064.859619,2072.97569,2014.56001,2060.534386,4516463
2/1/2023,2085.416992,2153.843805,2021.995746,2073.218682,6868872
2/2/2023,2084.785156,2106.217212,2048.77374,2075.745996,3488506
2/3/2023,2105.828613,2120.699851,2071.323564,2115.93704,2045634
2/6/2023,2095.671387,2120.456702,2082.25811,2103.592873,1332484
2/7/2023,2104.613281,2111.125453,2089.790692,2101.648716,1089248
2/8/2023,2071.129395,2114.284914,2065.977889,2099.996954,1452145
2/9/2023,2087.215088,2091.637613,2075.843049,2089.742313,1563181
2/10/2023,2103.204102,2109.132995,2077.641161,2080.216795,1454665
2/13/2023,2141.54834,2148.449206,2099.656205,2112.097508,2978938
2/14/2023,2130.224854,2153.892495,2120.991109,2152.920521,1874906
2/15/2023,2114.090088,2126.531391,2096.78892,2124.733146,1946344
2/16/2023,2117.249268,2140.576624,2110.83415,2125.51104,2464602
2/17/2023,2163.952637,2185.967735,2099.46212,2108.987505,3753179
2/20/2023,2163.126221,2188.883509,2152.920503,2171.096353,1779752
2/21/2023,2166.965576,2198.603351,2160.404757,2176.247968,1882604
2/22/2023,2133.238037,2178.191795,2120.894026,2166.528117,2103097
2/23/2023,2098.635986,2146.311323,2093.144432,2142.229082,2000556
2/24/2023,2074.239258,2111.417229,2059.368022,2099.461912,1479060
2/27/2023,2054.459473,2079.92512,2023.745265,2074.23922,1398112
2/28/2023,2050.037109,2078.37027,2026.564052,2055.723247,2108587
3/1/2023,2056.014893,2070.302851,2041.143656,2041.143656,1389077
3/2/2023,2062.138428,2088.770398,2048.482157,2070.254262,1727640
3/3/2023,2091.734863,2099.36471,2072.489747,2080.022539,1821066
3/6/2023,2081.140137,2123.615552,2079.828115,2097.760972,1821012
3/8/2023,2109.959473,2128.232616,2080.605929,2091.686329,2965342
3/9/2023,2131.731445,2137.368937,2110.639676,2113.992935,1873933
3/10/2023,2097.372559,2120.845618,2073.218929,2110.639898,1900535
3/13/2023,2074.044922,2117.880767,2047.947349,2103.398462,2334468
3/14/2023,2084.10498,2110.153911,2074.579595,2084.250919,2871343
3/15/2023,2115.645264,2150.44195,2099.462006,2103.544245,3044201
3/16/2023,2112.680908,2125.705253,2072.246731,2123.664015,2946792
3/17/2023,2134.209961,2166.430775,2125.413557,2125.413557,3286473
3/20/2023,2116.520264,2143.20088,2091.686301,2129.690548,1996773
3/21/2023,2146.553955,2164.584104,2120.845314,2121.525648,3178680
3/22/2023,2151.899902,2183.294682,2146.019417,2157.294401,1956033
3/23/2023,2144.804443,2179.163789,2138.87555,2151.948541,2455799
3/24/2023,2105.439453,2157.148612,2092.706748,2144.172676,1449544
3/27/2023,2093.630127,2128.62116,2089.742234,2114.090209,1540581
3/28/2023,2073.802002,2108.987382,2062.964359,2106.99479,1627243
3/29/2023,2087.263672,2098.781649,2061.55503,2077.738288,2372385
3/31/2023,2103.544189,2115.936847,2090.276851,2096.060044,1489542
4/3/2023,2109.327393,2122.303329,2094.602095,2118.901423,1231654
4/5/2023,2194.472412,2199.089285,2104.321901,2109.181767,2763363
4/6/2023,2210.51001,2227.422248,2191.264893,2194.472452,2389899
4/10/2023,2244.966309,2254.880387,2214.203454,2220.861327,1955914
4/11/2023,2236.996094,2264.697327,2223.194123,2254.977596,1342440
4/12/2023,2224.360596,2247.882299,2217.994124,2239.42618,1165839
4/13/2023,2195.444336,2230.678362,2179.601126,2230.484015,1956668
4/17/2023,2151.948486,2210.072526,2139.458537,2195.444283,4125850
4/18/2023,2154.47583,2167.500176,2126.677302,2157.780444,2848601
4/19/2023,2157.391602,2172.359892,2146.213911,2146.213911,1970015
4/20/2023,2170.173096,2188.348947,2159.967377,2162.640304,1898996
4/21/2023,2153.11499,2180.135893,2140.284991,2177.365674,1009316
4/24/2023,2166.430908,2170.124454,2125.267987,2157.780442,1239073
4/25/2023,2184.947266,2190.827751,2155.934006,2168.521012,1350118
4/26/2023,2212.356689,2223.194333,2181.156492,2184.850038,1894812
4/27/2023,2240.981445,2245.258032,2203.560478,2211.967951,1252989
4/28/2023,2298.133301,2302.604472,2247.49364,2247.49364,2884961
5/2/2023,2317.621338,2348.627424,2306.68664,2306.68664,1840153
5/3/2023,2290.260498,2323.015947,2282.67906,2317.2814,998235
5/4/2023,2290.843262,2314.899595,2277.18723,2295.606072,1230912
5/5/2023,2310.865967,2339.490526,2290.940519,2290.940519,2425866
5/8/2023,2299.105469,2318.15624,2288.073715,2310.817794,1583576
5/9/2023,2307.804443,2334.582113,2301.292034,2301.292034,1417301
5/10/2023,2298.181885,2321.995227,2284.13692,2320.099927,1675409
5/11/2023,2179.30957,2249.194584,2174.644289,2235.538314,9470848
5/12/2023,2158.849854,2172.360187,2135.765489,2160.356222,5367292
5/15/2023,2183.877686,2196.659036,2152.92025,2158.654796,2662740
5/16/2023,2164.778564,2191.799466,2160.793617,2191.410771,2528855
5/17/2023,2157.391602,2181.10765,2148.254912,2162.008474,1961004
5/18/2023,2126.871582,2170.950659,2119.873423,2167.500107,2290757
5/19/2023,2128.669922,2137.417681,2107.723852,2130.565222,1729803
5/22/2023,2154.47583,2159.72439,2117.346265,2128.621249,1112099
5/23/2023,2136.056641,2166.139399,2132.509034,2163.223479,2265389
5/24/2023,2123.906982,2146.60265,2115.013523,2138.340878,2648479
5/25/2023,2142.909424,2145.436649,2116.957785,2128.621464,1689521
5/26/2023,2156.273682,2158.509267,2139.312798,2147.088583,1249128
5/29/2023,2162.202881,2178.969417,2157.974703,2162.640221,1369656
5/30/2023,2148.838379,2174.304029,2145.33918,2167.500217,1716729
5/31/2023,2143.83252,2161.668322,2138.340966,2139.410231,2809284
6/1/2023,2145.922363,2159.724335,2140.430573,2154.864469,1049488
6/2/2023,2171.922607,2174.595534,2150.150267,2158.752324,1399950
6/5/2023,2204.726807,2209.100686,2177.219918,2182.079784,2344944
6/6/2023,2214.106201,2216.779127,2200.255584,2205.407089,1677680
6/7/2023,2250.604004,2253.033937,2214.155008,2214.155008,2128603
6/8/2023,2274.708984,2279.325857,2247.931075,2252.013315,2556995
6/9/2023,2296.772461,2302.458599,2272.716126,2279.276945,2501720
6/12/2023,2274.368652,2303.576495,2267.710778,2298.716629,1172382
6/13/2023,2288.41333,2291.815236,2261.878655,2280.10315,1688768
6/14/2023,2289.045654,2293.856874,2274.417409,2286.955769,1013564
6/15/2023,2295.120361,2303.090494,2283.165044,2288.996883,2561534
6/16/2023,2300.466064,2313.296062,2286.323808,2297.501499,1794542
6/19/2023,2300.028809,2352.077782,2294.828657,2312.324174,3111256
6/20/2023,2315.23999,2322.67549,2288.462083,2298.667801,1771306
6/21/2023,2327.341064,2344.399241,2315.240046,2315.240046,1607299
6/22/2023,2348.530029,2356.062821,2313.296004,2327.486906,1741775
6/23/2023,2322.578613,2358.978962,2316.455135,2351.154531,1212955
6/26/2023,2310.915039,2336.477983,2301.584001,2330.889137,793572
6/27/2023,2321.120605,2329.771072,2305.083048,2320.537327,1012317
6/28/2023,2353.584473,2364.713518,2323.064609,2332.735695,1734938
6/30/2023,2406.168213,2413.895352,2347.363836,2352.175056,2690699
7/3/2023,2385.270752,2422.54578,2379.390267,2408.743809,1078456
7/4/2023,2392.852295,2414.770101,2389.30445,2389.30445,1441581
7/5/2023,2401.55127,2415.304594,2385.562359,2392.025885,1191896
7/6/2023,2418.852539,2429.884292,2398.392456,2398.927089,1796824
7/7/2023,2380.702637,2433.820877,2376.085764,2413.166446,1837661
7/10/2023,2370.399658,2394.310294,2352.175161,2381.334357,1178479
7/11/2023,2405.196289,2409.521522,2378.612728,2378.612728,1219658
7/12/2023,2386.145508,2416.276676,2379.195995,2410.785123,1822435
7/13/2023,2381.47998,2415.256048,2377.68938,2396.88585,1141663
7/14/2023,2402.960693,2407.626212,2380.022031,2381.577283,845623
7/17/2023,2399.607178,2424.100852,2395.913633,2405.633363,878697
7/18/2023,2405.341797,2420.164387,2398.926917,2399.801598,720865
7/19/2023,2424.246826,2432.800238,2397.27457,2405.24494,1431080
7/20/2023,2419.921387,2425.753225,2399.850237,2424.100919,1045704
7/21/2023,2513.765869,2522.270635,2450.441906,2451.316587,4610417
7/24/2023,2532.23291,2564.065029,2511.48119,2563.724744,2155297
7/25/2023,2489.125977,2544.382746,2481.447483,2542.681793,2068876
7/26/2023,2572.083984,2598.910539,2512.550628,2518.382467,5820099
7/27/2023,2585.643066,2601.340576,2572.278435,2594.147832,2117794
7/28/2023,2575.291504,2593.370062,2551.429516,2585.594277,1325724
7/31/2023,2606.200439,2614.607913,2557.358786,2580.588851,1284981
8/1/2023,2591.912109,2613.635804,2580.929003,2606.200305,1298745
8/2/2023,2577.658203,2600.071389,2558.538272,2593.239362,1479486
8/3/2023,2554.016357,2597.908654,2542.416528,2570.629508,1612618
8/4/2023,2582.327393,2590.29005,2554.409372,2560.799082,1101278
8/7/2023,2591.174805,2608.967786,2578.592183,2583.408945,1163125
8/8/2023,2587.537598,2604.544105,2583.703868,2594.271465,767310
8/9/2023,2606.608643,2609.950857,2570.875321,2590.29021,906865
8/10/2023,2598.645996,2616.438977,2577.166643,2595.303782,1040041
8/11/2023,2593.730957,2611.818657,2586.603972,2597.22077,1320121
8/14/2023,2614.767578,2618.35579,2571.612555,2592.256234,1364413
8/16/2023,2645.38916,2649.27209,2607.0509,2623.71325,1703875
8/17/2023,2607.493408,2645.389355,2597.171568,2645.389355,1629067
8/18/2023,2597.122314,2629.316624,2588.078465,2605.035773,1898966
8/21/2023,2617.077881,2621.354168,2578.936178,2597.024117,1376318
8/22/2023,2633.346924,2640.080551,2616.831933,2622.730127,1497180
8/23/2023,2671.48877,2679.746145,2636.935039,2643.914665,1990672
8/24/2023,2642.53833,2719.853969,2635.116628,2700.881396,2619182
8/25/2023,2593.632568,2637.180951,2586.358225,2632.020031,1408427
8/28/2023,2649.616455,2654.18746,2605.08504,2608.525653,1551734
8/29/2023,2672.815918,2675.912614,2650.55033,2664.017826,1101830
8/30/2023,2663.034668,2691.198449,2661.068603,2676.747921,1920079
8/31/2023,2656.841553,2678.370106,2632.904858,2673.848061,2439625
9/1/2023,2656.251709,2669.866563,2642.685815,2664.017568,1263430
9/4/2023,2665.099121,2695.474725,2659.102528,2686.627434,1548282
9/5/2023,2686.578125,2692.525519,2673.847904,2674.339421,1066447
9/6/2023,2684.120605,2696.261151,2665.983707,2693.508612,1747425
9/7/2023,2798.103271,2807.491279,2683.678398,2686.627496,4100519
9/8/2023,2852.366943,2879.006978,2823.711405,2838.997607,3638510
9/11/2023,2845.092285,2876.352763,2841.012797,2855.709083,1545803
9/12/2023,2894.145752,2957.944458,2882.693281,2901.518495,7788759
9/13/2023,2857.429199,2893.752195,2839.43966,2893.555637,2458417
9/14/2023,2869.078125,2881.906504,2856.691822,2875.271036,1910041
9/15/2023,2859.19873,2885.150688,2850.793756,2883.233823,1655275
9/18/2023,2870.306885,2880.284566,2857.674824,2860.623921,736631
9/20/2023,2840.963379,2894.980956,2837.080449,2877.286375,1399240
9/21/2023,2850.154785,2855.807221,2797.759116,2836.097375,2444711
9/22/2023,2868.97998,2886.625364,2853.005704,2859.346215,1965569
9/25/2023,2853.251465,2874.190102,2822.285945,2868.439267,1049532
9/26/2023,2863.131104,2894.047425,2860.624323,2865.539485,953456
9/27/2023,2914.73999,2944.083361,2862.245921,2872.420401,2903693
9/28/2023,2958.927246,2998.740055,2927.71597,2938.283568,4081102
9/29/2023,2972.247559,3006.457133,2954.258018,2988.418393,2698016
10/3/2023,3021.104248,3025.232936,2944.280364,2988.909938,3254492
10/4/2023,2976.376221,3012.109543,2939.315949,3012.109543,3100946
10/5/2023,3043.517334,3062.04735,2981.09478,2981.09478,3413447
10/6/2023,3041.207275,3062.096714,3021.005912,3062.096714,1898118
10/9/2023,3022.529297,3032.654577,3003.704325,3022.824255,1181760
10/10/2023,3023.807617,3046.417362,3020.022847,3021.694194,1551789
10/11/2023,3036.291992,3057.230629,3032.064905,3037.569982,2066921
10/12/2023,3029.459961,3052.364663,3015.009433,3041.502107,1870280
10/13/2023,3037.176758,3046.417166,3011.519518,3015.697406,1437808
10/16/2023,3049.268066,3060.42558,3022.529633,3046.368169,818794
10/17/2023,3014.272217,3061.359372,3011.028162,3057.132284,1847182
10/18/2023,2993.92334,3026.903882,2985.616525,3016.582043,1350839
10/19/2023,3002.573975,3017.810976,2956.125695,2974.262834,1599104
10/20/2023,2961.237549,3004.392572,2926.782218,2988.369097,1667471
10/23/2023,2908.104736,2955.879966,2898.962487,2952.046236,1614030
10/25/2023,2866.620605,2915.182305,2860.91897,2908.792595,2108353
10/26/2023,2815.994629,2866.669756,2808.572686,2856.692073,3286109
10/27/2023,2852.661621,2861.164995,2809.162437,2816.043664,2399538
10/30/2023,2876.696777,2882.250814,2807.687715,2850.007305,1693052
10/31/2023,2879.351074,2901.469303,2858.608995,2880.235707,1556467
11/1/2023,2846.173584,2932.532831,2822.33505,2897.438625,3875595
11/2/2023,2868.58667,2888.001558,2853.939345,2885.19982,1451606
11/3/2023,2861.852783,2898.02842,2855.708831,2884.216768,1136175
11/6/2023,2924.963623,2928.453436,2877.581511,2883.233947,1235499
11/7/2023,2911.053711,2932.97538,2905.941991,2919.606044,1112206
11/8/2023,2945.607178,2951.800329,2910.75873,2924.226225,1013438
11/9/2023,2973.525391,2977.309921,2946.147845,2952.046039,1719911
11/10/2023,2981.782959,2992.350557,2954.258052,2969.790012,947753
11/13/2023,2996.77417,3002.525005,2980.209979,2998.248718,531769
11/15/2023,3012.945068,3018.941662,3003.163944,3010.389328,1160184
11/16/2023,2999.37915,3029.804195,2993.333597,3006.063819,1597607
11/17/2023,3056.247559,3062.588069,2993.480847,2998.24865,1325050
11/20/2023,3036.390381,3059.147484,3024.004077,3042.583533,1231164
11/21/2023,3022.677246,3046.417382,3010.4875,3036.095542,1884782
11/22/2023,3030.000732,3036.242844,3010.536643,3022.677189,1104208
11/23/2023,2993.972412,3035.603929,2979.620284,3027.73967,1514688
11/24/2023,3002.426514,3014.960176,2988.025186,2998.248626,915121
11/28/2023,2998.248779,3007.24343,2983.503293,3002.180909,1210508
11/29/2023,3031.426025,3037.471578,2997.265651,2998.248683,1801107
11/30/2023,3056.444092,3071.533734,3006.800959,3024.102424,3131624
12/1/2023,3136.511963,3143.688147,3068.093058,3076.841949,2112908
12/4/2023,3257.326904,3290.750004,3194.85515,3229.261283,3095974
12/5/2023,3259.19458,3268.582587,3223.412298,3262.733593,1659309
12/6/2023,3334.740723,3343.293056,3264.650467,3273.497759,2057233
12/7/2023,3298.663574,3352.042041,3280.428275,3334.740815,2128823
12/8/2023,3321.125732,3371.8011,3308.887027,3319.700383,2428891
12/11/2023,3328.351074,3347.225248,3302.988791,3320.634174,1534238
12/12/2023,3285.687256,3317.734207,3275.463815,3317.734207,1888423
12/13/2023,3342.113525,3352.140408,3289.422894,3296.058363,1509107
12/14/2023,3374.848633,3381.63146,3342.408564,3367.819807,2425646
12/15/2023,3428.816895,3439.531851,3374.602756,3376.863538,2632935
12/18/2023,3432.355957,3446.511527,3407.190232,3436.681204,1767429
12/19/2023,3439.581055,3465.189096,3417.069709,3429.750731,1311700
12/20/2023,3360.496094,3454.965599,3354.647099,3445.528392,1876048
12/21/2023,3366.050293,3381.582253,3276.446986,3332.529032,2292802
12/22/2023,3418.937256,3436.681037,3350.764108,3365.902709,1681707
12/26/2023,3430.832031,3448.821571,3418.937244,3418.937244,1072263
12/27/2023,3483.866699,3488.781861,3444.692764,3450.443599,1389266
12/28/2023,3458.357178,3499.546139,3441.104911,3484.849853,3371121
12/29/2023,3466.172119,3479.934572,3435.698116,3471.087281,968577
1/1/2024,3465.631348,3477.968452,3436.730293,3477.968452,777080
1/2/2024,3379.763672,3465.631405,3373.767078,3465.238288,1511464
1/3/2024,3381.975342,3407.042666,3353.713163,3374.749958,1283859
1/4/2024,3400.013916,3421.050952,3364.919709,3382.663491,1651616
1/5/2024,3462.141602,3494.680069,3401.291994,3406.157956,2069018
1/8/2024,3441.69458,3499.545889,3430.782825,3479.934442,1993855
1/9/2024,3495.61377,3532.77244,3460.372204,3467.597348,1807271
1/10/2024,3485.341309,3498.563046,3460.273983,3489.715755,1534821
1/11/2024,3445.380859,3499.152678,3441.153772,3485.341026,1105348
1/12/2024,3508.24585,3517.928574,3434.764182,3445.577538,1782631
1/15/2024,3482.932861,3544.519743,3478.0177,3515.422129,1783518
1/16/2024,3512.865967,3528.102968,3477.96832,3487.798643,1791818
1/17/2024,3510.359375,3553.121283,3487.503873,3494.680057,2699076
1/18/2024,3534.984375,3555.578855,3465.189077,3510.212007,2148898
1/19/2024,3584.135986,3593.818951,3541.865595,3541.865595,1913923
1/23/2024,3490.747803,3599.225516,3476.198876,3575.878498,1742142
1/24/2024,3528.299805,3556.561986,3461.945118,3509.425631,3711521
1/25/2024,3532.477539,3556.856789,3504.313758,3538.81805,2206540
1/29/2024,3645.08374,3670.495221,3539.014652,3542.848382,2072982
1/30/2024,3571.651611,3674.476655,3563.393995,3652.899142,1454989
1/31/2024,3420.706787,3477.968421,3329.579737,3460.273839,9637606
2/1/2024,3340.343994,3434.469344,3313.80212,3420.952649,6149780
2/2/2024,3318.766357,3378.043255,3303.971673,3344.964073,7579802
2/5/2024,3285.04834,3350.125033,3262.143638,3318.225681,2954238
2/6/2024,3366.148438,3369.589051,3280.919583,3289.226158,2545192
2/7/2024,3337.099854,3388.512493,3331.496617,3386.546428,2099940
2/8/2024,3278.904541,3359.808155,3237.961338,3355.089551,3471727
2/9/2024,3268.140381,3332.479803,3252.80498,3279.641812,3121873
2/12/2024,3243.564453,3282.49239,3231.227349,3273.49774,1922273
2/13/2024,3265.14209,3281.90284,3228.376774,3255.803282,2151493
2/14/2024,3252.854004,3260.669063,3207.683716,3234.225589,2502138
2/15/2024,3244.301758,3265.584312,3234.373035,3252.854091,1999189
2/16/2024,3329.284668,3340.343781,3247.987944,3248.872577,2768329
2/19/2024,3283.180664,3350.174222,3278.904377,3342.850679,1216447
2/20/2024,3299.793945,3310.607302,3271.974081,3283.180794,1578162
2/21/2024,3240.467773,3299.941231,3234.225662,3299.941231,2430672
2/22/2024,3306.675049,3311.835969,3221.347793,3253.83706,2521388
2/23/2024,3330.464355,3342.211544,3284.065277,3306.675021,2107176
2/26/2024,3411.269531,3432.404726,3335.428683,3342.30991,4122419
2/27/2024,3446.953613,3452.409491,3393.329152,3416.037295,2122286
2/28/2024,3411.318604,3453.392434,3387.676629,3445.528175,1666903
2/29/2024,3418.544189,3436.681088,3378.141464,3425.867732,2119512
3/1/2024,3571.8479,3596.276349,3440.613087,3442.234994,4407803
3/4/2024,3582.612305,3617.362595,3560.592475,3607.72883,1307501
3/5/2024,3551.302734,3582.61217,3529.381065,3569.586992,1981370
3/6/2024,3580.400391,3590.476472,3525.20322,3556.611056,1500196
3/7/2024,3614.560547,3642.28201,3581.432407,3598.635472,2344401
3/11/2024,3578.827881,3637.21991,3569.83299,3637.21991,1748541
3/12/2024,3560.198975,3609.694749,3551.8432,3577.303881,1470377
3/13/2024,3478.509277,3575.092209,3452.31132,3573.224303,2503293
3/14/2024,3546.977295,3574.305642,3462.239954,3467.204315,4528490
3/15/2024,3477.132813,3541.865589,3464.255233,3536.950428,4054210
3/18/2024,3500.774658,3511.588014,3466.860043,3477.132683,1354787
3/19/2024,3442.284424,3489.273419,3421.935702,3480.917644,1447405
3/20/2024,3450.148682,3465.139925,3428.571169,3443.316655,1442811
3/21/2024,3499.595215,3534.98438,3465.336441,3465.336441,2504962
3/22/2024,3556.414551,3585.414006,3486.029337,3486.029337,3020545
3/26/2024,3607.827148,3614.511576,3538.916484,3543.831646,2320963
3/27/2024,3643.51123,3663.958353,3607.827346,3620.508368,2387693
3/28/2024,3700.0354,3748.646543,3634.811347,3643.658639,4278668
4/1/2024,3772.878174,3786.493268,3716.697971,3716.697971,1905190
4/2/2024,3742.797363,3794.504962,3707.260839,3784.47808,3608162
4/3/2024,3718.270752,3735.22806,3706.179406,3735.22806,1684618
4/4/2024,3733.409424,3754.937736,3667.742816,3740.33961,2339529
4/5/2024,3679.588379,3725.692499,3653.193865,3706.130252,1645597
4/8/2024,3743.23999,3754.987179,3679.588643,3681.456308,1083395
4/9/2024,3721.023438,3762.998873,3710.947355,3755.183814,1997057
4/10/2024,3689.516846,3735.522806,3686.46959,3735.522806,1951581
4/12/2024,3616.821777,3737.587398,3601.339018,3686.322117,3437544
4/15/2024,3539.702881,3617.411635,3525.350513,3564.524447,1719910
4/16/2024,3483.325928,3537.097749,3469.563475,3519.305008,2291042
4/18/2024,3490.69873,3556.266941,3479.639616,3501.512086,3273257
4/19/2024,3458.651855,3482.785107,3413.481328,3465.188924,2759031
4/22/2024,3551.400879,3558.577063,3480.868309,3508.196656,2605754
4/23/2024,3548.894043,3571.110669,3527.119973,3571.110669,1434580
4/24/2024,3573.175049,3592.933854,3539.997709,3555.18551,1501234
4/25/2024,3590.329102,3603.796597,3550.319733,3554.743378,2420380
4/26/2024,3544.02832,3598.783176,3524.171114,3590.034284,1973113
4/29/2024,3572.634521,3587.969682,3544.028184,3544.913057,1396979
4/30/2024,3533.313232,3587.035854,3523.237151,3577.254731,1571996
5/2/2024,3538.425049,3572.487025,3515.372988,3529.135441,3748847
5/3/2024,3440.416748,3560.543256,3429.259235,3548.746868,4079696
5/6/2024,3404.536133,3467.155248,3382.712862,3463.02656,2614667
5/7/2024,3369.589355,3436.681318,3366.886016,3420.362884,3376013
5/8/2024,3427.686523,3438.057323,3310.656472,3370.818005,4116670
5/9/2024,3219.873291,3319.700275,3211.222558,3256.540446,12120574
5/10/2024,3215.941162,3250.052337,3179.716564,3225.919085,4132191
5/13/2024,3237.961182,3258.75222,3170.475867,3211.615867,3557067
5/14/2024,3322.108643,3327.466121,3237.51866,3244.00677,2870328
5/15/2024,3353.418213,3359.414566,3296.254739,3332.479576,2718682
5/16/2024,3401.881836,3409.647695,3321.371343,3370.768718,3398714
5/17/2024,3392.198975,3416.971343,3354.253829,3416.971343,2676919
5/21/2024,3382.565186,3411.417282,3375.733159,3399.325935,2100848
5/22/2024,3402.127686,3413.776475,3376.765402,3391.510888,1409992
5/23/2024,3524.563965,3540.53824,3396.376647,3402.176442,4525637
5/24/2024,3564.376953,3596.91542,3521.516886,3525.154058,2740360
5/27/2024,3590.033936,3632.304324,3538.916256,3583.05431,2570708
5/28/2024,3596.128906,3622.719979,3584.185159,3590.034154,1440187
5/29/2024,3573.125977,3599.717049,3549.090884,3549.729759,1506146
5/30/2024,3573.027588,3582.120637,3546.534914,3564.524454,2701849
5/31/2024,3607.040771,3681.259716,3574.698862,3574.698862,6432341
6/3/2024,3831.024414,3853.3884,3736.604349,3789.982814,5767666
6/4/2024,3345.455566,3831.86001,3263.667325,3786.640523,9920882
6/5/2024,3351.157471,3383.106024,3121.177087,3383.106024,10372458
6/6/2024,3423.459473,3478.165129,3327.859573,3379.665332,8374602
6/7/2024,3472.561768,3487.798769,3387.52947,3406.256284,5879660
6/10/2024,3483.62085,3524.170934,3461.306064,3461.306064,3151257
6/11/2024,3537.638428,3577.254679,3490.944392,3509.425448,2548176
6/12/2024,3568.702393,3587.03585,3517.289753,3553.66195,2242274
6/13/2024,3640.807617,3652.849763,3573.322543,3603.30503,2965500
6/14/2024,3625.226807,3656.880401,3612.643944,3654.914336,1746508
6/18/2024,3626.602783,3647.049903,3612.643772,3645.083839,1936792
6/19/2024,3529.037109,3636.23684,3514.340823,3627.389549,2936151
6/20/2024,3561.236572,3579.912492,3531.662537,3551.824354,2618715
6/21/2024,3502.336182,3576.643173,3483.511744,3570.7482,4508508
6/24/2024,3498.967529,3534.040331,3472.613221,3487.821481,2330559
6/25/2024,3554.648193,3558.75975,3495.400707,3523.637362,2158039
6/26/2024,3569.658203,3591.405334,3559.057121,3567.72627,2480187
6/27/2024,3531.464355,3568.02354,3517.19751,3564.209017,5519875
6/28/2024,3515.661621,3542.907516,3505.407402,3507.289749,3141514
7/1/2024,3493.964111,3508.67675,3481.530027,3502.534087,2961120
7/2/2024,3592.990479,3600.421177,3502.385542,3502.385542,5087748
7/3/2024,3580.952881,3616.768752,3571.68918,3616.620235,1923801
7/4/2024,3540.282227,3610.3289,3532.851528,3582.686797,1851947
7/5/2024,3593.634521,3604.384363,3535.031173,3540.282248,1635209
7/8/2024,3598.439697,3612.013059,3560.790824,3606.464949,1706210
7/9/2024,3632.224854,3650.950118,3612.409656,3616.273523,2425176
7/10/2024,3616.322998,3659.866845,3567.72618,3650.999592,2231438
7/11/2024,3587.640625,3650.553876,3569.707775,3626.181087,2942924
7/12/2024,3615.629639,3633.809937,3579.318144,3596.458338,2001185
7/15/2024,3617.858643,3640.051566,3603.393453,3636.088526,943302
7/16/2024,3602.947754,3617.858738,3587.54139,3612.409559,2220953
7/18/2024,3622.416016,3645.253078,3565.397739,3606.365755,3240772
7/19/2024,3585.064453,3625.14064,3576.642995,3617.264148,2432533
7/22/2024,3617.709961,3628.014008,3534.634894,3584.46992,3639057
7/23/2024,3505.35791,3679.682056,3428.029056,3635.692416,6957691
7/24/2024,3486.929688,3525.073942,3468.650217,3516.206689,3184060
7/25/2024,3585.708496,3597.349925,3499.413456,3506.299189,4691483
7/26/2024,3645.896973,3666.802102,3562.871493,3595.467394,2617659
7/29/2024,3740.068848,3754.979832,3652.53536,3666.802205,4159919
7/30/2024,3749.679199,3759.933661,3704.054901,3739.969946,1979989
7/31/2024,3779.748779,3786.684098,3728.32844,3742.149492,2703636
8/1/2024,3744.378662,3803.477389,3731.052991,3774.79494,1998663
8/2/2024,3631.828369,3714.259541,3623.307979,3695.881139,2512525
8/5/2024,3495.400635,3574.562247,3479.053098,3563.763062,2900685
8/6/2024,3543.155273,3601.312827,3513.234375,3515.215894,2125532
8/7/2024,3604.63208,3621.970378,3576.989977,3596.458311,1613097
8/8/2024,3520.7146,3595.21969,3514.670868,3587.541301,2038088
8/9/2024,3558.858887,3572.234144,3542.659867,3566.735379,848232
8/12/2024,3538.94458,3577.6338,3530.077328,3545.929485,1965035
8/13/2024,3518.980957,3573.670854,3512.441845,3546.920337,1316218
8/14/2024,3512.44165,3545.632104,3503.822088,3526.064598,1584372
8/16/2024,3535.37793,3547.811772,3500.354473,3544.938665,2808865
8/19/2024,3522.200928,3566.636363,3514.225262,3566.587018,1898535
8/20/2024,3539.687744,3546.92034,3515.216024,3529.086662,1285569
8/21/2024,3562.822021,3581.894149,3548.802624,3556.827876,1714248
8/22/2024,3573.175293,3578.772989,3550.833611,3573.720259,1734927
8/23/2024,3565.298828,3588.532098,3553.90509,3573.17532,1825180
8/26/2024,3608.248291,3614.292023,3561.484473,3577.633908,1606911
8/27/2024,3668.486328,3702.469438,3602.402697,3608.991153,3315435
8/28/2024,3654.962646,3689.985862,3650.950021,3670.765218,1278175
8/29/2024,3649.414307,3675.719029,3617.809164,3656.399212,2165489
8/30/2024,3670.418457,3710.395715,3632.521892,3683.992061,2592912
9/2/2024,3649.067627,3687.558501,3632.4724,3671.75593,1277813
9/3/2024,3656.052246,3679.632378,3633.01708,3659.817182,1211993
9/4/2024,3617.066162,3646.987062,3597.548241,3616.273506,1930121
9/5/2024,3590.662109,3634.107024,3575.057642,3634.107024,2958770
9/6/2024,3541.71875,3590.315569,3503.52491,3581.696006,3096557
9/9/2024,3545.236084,3560.790966,3521.012054,3550.883367,1454589
9/10/2024,3562.920898,3591.504417,3538.003385,3551.874023,1203483
9/11/2024,3504.268066,3570.648978,3483.907903,3561.781725,1865165
9/12/2024,3588.532227,3604.433971,3501.345359,3525.123595,3751523
9/13/2024,3579.615234,3601.16426,3566.784943,3588.532073,1752455
9/16/2024,3628.410156,3636.088545,3579.615235,3585.708311,1045964
9/17/2024,3661.055664,3670.765159,3625.88369,3634.107045,1289060
9/18/2024,3695.97998,3723.225876,3650.157338,3654.913034,2249929
9/19/2024,3649.662109,3715.745745,3640.051787,3715.349538,1711564
9/20/2024,3758.84375,3774.695908,3646.243988,3665.811496,5401701
9/23/2024,3752.700928,3803.328851,3714.358571,3764.887322,1937874
9/24/2024,3756.565186,3796.393684,3740.118475,3752.701077,2676546
9/25/2024,3758.794434,3777.965492,3743.090793,3752.552598,2113862
9/26/2024,3727.386963,3767.810012,3701.874898,3765.878079,2750597
9/27/2024,3671.40918,3703.460358,3617.26425,3703.460358,4095425
9/30/2024,3641.587402,3681.316727,3631.134838,3664.820672,1837697
10/1/2024,3619.741211,3689.589782,3605.722055,3633.116469,1674100
10/3/2024,3465.331055,3583.578338,3453.194247,3549.397124,5315877
10/4/2024,3461.665283,3520.714666,3436.450494,3482.520826,3445879
10/7/2024,3436.302002,3480.489746,3397.315505,3472.613253,2304227
10/8/2024,3499.76001,3505.803742,3436.945932,3460.674582,2249452
10/9/2024,3454.878662,3524.82616,3448.83493,3509.320866,1645791
10/10/2024,3428.375977,3522.052128,3423.570694,3482.520906,2686116
10/11/2024,3450.37085,3464.786454,3415.149288,3437.342212,1280465
10/14/2024,3522.200928,3540.827262,3468.947585,3477.567147,1974378
10/15/2024,3519.079834,3537.012684,3487.623209,3537.012684,1231552
10/16/2024,3499.958252,3548.802518,3481.084229,3517.197376,1961835
10/17/2024,3537.310059,3549.892661,3489.258204,3517.098412,2968537
10/18/2024,3544.740723,3559.255258,3507.537641,3536.963161,2102609
10/21/2024,3552.468506,3588.48248,3538.300592,3546.920154,1750549
10/22/2024,3479.449463,3558.462562,3467.659517,3551.874106,1363574
10/23/2024,3423.471436,3481.480472,3411.18611,3468.699767,2125268
10/24/2024,3410.839355,3442.494327,3385.178772,3412.176978,1924421
10/25/2024,3295.663574,3403.260194,3284.418595,3393.352595,3236774
10/28/2024,3309.930664,3341.833084,3232.403703,3285.359771,2991674
10/29/2024,3349.659912,3353.127572,3285.359694,3285.359694,2253467
10/30/2024,3376.856445,3406.628585,3322.017791,3348.71872,1785128
10/31/2024,3588.829346,3621.177557,3475.932313,3497.382166,7637083
11/1/2024,3592.842041,3608.248163,3586.550619,3591.454832,212796
11/4/2024,3541.421387,3591.454758,3498.273748,3591.454758,1724189
11/5/2024,3541.768311,3551.874012,3509.172167,3523.141977,1251506
11/6/2024,3611.765381,3626.081812,3524.528929,3560.790836,1819732
11/7/2024,3612.855469,3629.15342,3586.550746,3613.648125,1581009
11/8/2024,3626.478271,3633.116314,3587.194499,3606.762006,1622142
11/11/2024,3595.319092,3627.171925,3572.680132,3612.310527,926127
11/12/2024,3558.165527,3617.264256,3546.920306,3616.273496,1116206
11/13/2024,3515.16626,3571.540639,3502.979866,3551.87396,1568694
11/14/2024,3493.666992,3532.802007,3467.808063,3525.123618,1291765
11/18/2024,3509.419922,3535.328437,3478.409332,3488.56462,1233217
11/19/2024,3473.504883,3573.670801,3462.705697,3527.005915,1826460
11/21/2024,3451.312012,3497.927312,3420.548869,3497.382346,1510581
11/22/2024,3570.203125,3580.110724,3441.008137,3467.65948,2534018
11/25/2024,3718.321777,3726.247856,3620.236551,3626.18111,4753829
11/26/2024,3668.387451,3720.203997,3655.903781,3720.203997,1141534
11/27/2024,3664.523438,3685.626671,3650.950076,3669.774513,971816
11/28/2024,3632.175293,3686.12212,3614.292029,3665.811542,2124283
11/29/2024,3690.382324,3715.349424,3601.511214,3601.511214,2094305
12/2/2024,3669.823975,3683.496509,3638.961661,3672.59815,1158369
12/3/2024,3752.057129,3763.748143,3667.297576,3686.617393,3252670
12/4/2024,3754.880615,3799.563981,3723.32506,3740.11839,2510166
12/5/2024,3796.145996,3848.111302,3725.25708,3774.795073,2765170
12/6/2024,3830.970947,3848.061554,3764.887316,3796.59163,1856562
12/9/2024,3910.826416,3922.418258,3831.763731,3831.763731,3332753
12/10/2024,3886.899414,3926.876671,3865.251456,3918.455212,2349493
12/11/2024,3880.558594,3911.172976,3865.944886,3886.89936,1237958
12/12/2024,3824.233887,3922.418286,3811.403595,3893.68625,1899867
12/13/2024,3851.083496,3861.981854,3759.140935,3823.342221,2300361
12/16/2024,3842.018066,3878.230144,3821.608317,3846.129623,918660
12/17/2024,3772.020752,3839.590524,3761.91505,3827.354785,1690180
12/18/2024,3723.424072,3783.711907,3710.395677,3772.020892,1318341
12/19/2024,3682.010498,3727.436692,3665.811478,3667.941515,1856838
12/20/2024,3596.309814,3690.580519,3573.770027,3682.010543,2796593
12/23/2024,3606.861328,3665.811541,3583.628057,3636.088744,1217612
12/24/2024,3606.118164,3645.005488,3598.835982,3614.242346,627922
12/26/2024,3595.962891,3631.283383,3576.989936,3624.199546,1124705
12/27/2024,3574.760742,3609.982062,3570.20315,3598.836013,1309122
12/30/2024,3545.879883,3589.522902,3533.049591,3574.562332,1591690
12/31/2024,3574.314697,3587.145231,3517.197488,3529.631573,1267628
1/1/2025,3633.611816,3654.913154,3566.685939,3566.735525,1202029
1/2/2025,3679.186768,3689.688919,3616.323102,3642.627825,1882900
1/3/2025,3626.081787,3685.527377,3617.709915,3673.737431,1290107
1/6/2025,3569.905762,3658.132973,3552.369361,3650.702274,1212012
1/7/2025,3609.635498,3616.125024,3562.475231,3573.770039,1453540
1/8/2025,3563.119385,3629.995677,3556.827963,3628.162674,1813201
1/9/2025,3495.301514,3572.97723,3453.788773,3566.636222,2921681
1/10/2025,3503.475342,3519.377086,3460.030668,3467.609884,1794238
1/13/2025,3432.289307,3501.840598,3416.734426,3473.158149,2137212
1/14/2025,3430.605225,3459.683882,3416.734586,3433.825194,2924491
1/15/2025,3469.046387,3493.567693,3439.224661,3439.224661,1155446
1/16/2025,3475.486328,3510.707889,3451.559575,3502.336016,2305460
1/17/2025,3535.675049,3546.771753,3479.499014,3491.437718,1600246
1/20/2025,3559.800049,3583.726802,3523.637315,3541.867199,1593334
1/21/2025,3508.379883,3609.635493,3495.500004,3579.367731,2576596
1/22/2025,3485.691162,3549.24855,3457.850956,3530.077251,1626055
1/23/2025,3470.879395,3495.202597,3428.623584,3459.733346,1993204
1/24/2025,3426.245605,3488.564544,3414.20797,3482.025432,1206454
1/27/2025,3425.700684,3461.615728,3369.722752,3415.347292,1552938
1/28/2025,3382.35498,3449.974341,3372.596141,3432.93332,1657689
1/29/2025,3417.824219,3423.075294,3380.472621,3399.297058,1238704
1/30/2025,3389.339844,3485.295032,3363.629674,3423.075265,2717740
1/31/2025,3534.436523,3556.827792,3448.884557,3468.699754,3995513
2/1/2025,3415.644531,3595.665545,3370.564959,3544.93869,4752505
2/3/2025,3258.807129,3388.398561,3239.784589,3388.398561,6077580
2/4/2025,3407.371582,3417.130663,3276.690457,3285.359605,4742516
2/5/2025,3351.938721,3419.062701,3348.223371,3412.820866,2670316
2/6/2025,3321.77002,3372.546461,3311.812835,3372.546461,2874856
2/7/2025,3306.066406,3338.811067,3280.504996,3335.888374,1722789
2/10/2025,3297.892578,3318.054637,3263.612433,3316.865774,1236663
2/11/2025,3209.715088,3329.943894,3201.145112,3329.894307,2593537
2/12/2025,3259.25293,3269.507391,3192.475815,3228.886238,1632415
2/13/2025,3233.493408,3284.269852,3222.892326,3259.253165,2127644
2/14/2025,3207.733643,3255.438876,3191.782554,3244.788207,1378340
2/17/2025,3192.079834,3209.467476,3165.032041,3183.856479,1966689
2/18/2025,3190.395264,3211.052703,3153.588632,3197.182065,2428215
2/19/2025,3245.630127,3272.331299,3181.924461,3190.395265,1677978
2/20/2025,3245.53125,3255.091986,3217.740387,3229.926782,1236693
2/21/2025,3284.468018,3294.17727,3240.676239,3245.531108,1706850
2/24/2025,3227.598389,3294.771956,3219.969586,3259.302705,1512844
2/25/2025,3196.092041,3218.929103,3176.772224,3203.126533,2529084
2/27/2025,3179.84375,3228.390983,3154.579374,3208.080406,2572065
2/28/2025,3134.615723,3170.233492,3111.976763,3170.233492,2494680
3/3/2025,3167.756592,3197.182112,3130.8012,3136.696173,1352460
3/4/2025,3183.311279,3191.237358,3138.528984,3141.748954,1442098
3/5/2025,3209.715088,3215.01575,3158.393921,3183.311434,1945855
3/6/2025,3229.777832,3236.267357,3185.292813,3220.068579,1854837
3/7/2025,3214.718506,3258.609217,3210.161156,3229.778008,930240
3/10/2025,3148.337646,3216.303872,3139.76767,3216.006595,1777752
3/11/2025,3165.923584,3174.790836,3131.891128,3141.00607,1274649
3/12/2025,3164.140137,3192.178689,3123.915431,3175.385358,1360149
3/13/2025,3157.848877,3203.27507,3148.684348,3172.660688,1414376
3/17/2025,3144.126709,3210.11141,3129.810278,3160.523832,2805790
3/18/2025,3144.126709,3144.126709,3144.126709,3144.126709,0
3/19/2025,3288.876953,3295.861859,3238.298614,3244.738553,1616312
3/20/2025,3320.085938,3327.863257,3246.620947,3304.431883,2434722
3/21/2025,3384.385986,3423.075206,3301.954817,3325.980743,3042073
3/24/2025,3449.677246,3484.502358,3414.158409,3417.130689,1955564
3/25/2025,3437.540527,3492.428527,3403.607002,3472.61333,4235900
3/26/2025,3412.969482,3464.488993,3386.912451,3440.908861,2315715
3/27/2025,3469.244873,3495.400837,3419.112327,3428.029166,3467864
3/28/2025,3460.030762,3481.530203,3440.463254,3477.46799,1348143
4/1/2025,3405.043457,3469.244743,3398.306242,3447.844234,1935147
4/2/2025,3388.299561,3425.799918,3376.509615,3401.278612,1338839
4/3/2025,3388.547119,3431.001274,3361.648087,3368.583405,1200631
4/4/2025,3230.025635,3372.348433,3207.386917,3368.583497,2366979
4/7/2025,3040.146484,3062.042373,2937.90012,3020.876254,4953864
4/8/2025,3131.891113,3164.387843,3064.122993,3096.074999,2877816
4/9/2025,3025.929199,3129.612366,3019.836123,3129.612366,4451381
4/11/2025,3087.158203,3127.828945,3071.504149,3085.22627,3979116
4/15/2025,3227.499268,3241.766112,3146.752343,3150.616209,2161492
4/16/2025,3197.875488,3246.521893,3194.308898,3239.784678,1578260
4/17/2025,3217.294434,3219.870264,3133.178779,3184.401256,3209331
4/21/2025,3250.187744,3259.599963,3195.299744,3219.474188,1643003
4/22/2025,3227.69751,3254.646129,3217.988015,3249.69233,2060322
4/23/2025,3270.498291,3284.368929,3236.51518,3245.134742,2381699
4/24/2025,3270.102051,3276.442817,3249.692301,3276.442817,1993448
4/25/2025,3241.865479,3304.877661,3200.253564,3279.415181,2004819
4/28/2025,3296.555176,3319.838031,3224.725089,3229.876992,1689485
4/29/2025,3291.601563,3345.201526,3284.368967,3304.184164,1843861
4/30/2025,3310.128662,3323.9993,3272.777064,3293.285745,1930714
5/2/2025,3304.084961,3343.715355,3294.276535,3294.276535,1411889
5/5/2025,3299.428467,3319.045561,3270.201051,3319.045561,1947332
5/6/2025,3303.193359,3322.017797,3272.2817,3315.082478,1695516
5/7/2025,3290.709717,3308.939843,3253.754567,3301.211868,2422707
5/8/2025,3293.186523,3334.897609,3269.309357,3279.514231,3204333
5/9/2025,3412.077637,3444.871883,3300.22095,3300.22095,5637694
5/12/2025,3554.053711,3569.509661,3457.751901,3480.539378,3147384
5/13/2025,3534.040283,3572.679916,3512.243567,3554.053583,2374439
5/14/2025,3540.084229,3583.578491,3534.040496,3553.855694,2440116
5/15/2025,3584.767334,3614.98551,3510.26224,3560.790993,3720879
5/16/2025,3571.39209,3608.347482,3566.735567,3608.347482,1278520
5/19/2025,3566.933594,3586.451515,3553.855612,3571.392013,1519244
5/20/2025,3534.833008,3600.421261,3523.141993,3596.458222,1532347
5/21/2025,3555.837158,3577.138495,3522.151323,3532.752405,1563885
5/22/2025,3518.584473,3558.80942,3504.218455,3551.874101,1597159
5/23/2025,3566.63623,3598.043511,3518.386275,3537.012608,1119217
5/26/2025,3614.985352,3638.565484,3575.057682,3582.38945,1678934
5/27/2025,3606.365967,3631.134964,3569.707851,3614.985529,2013954
5/28/2025,3612.607666,3629.153307,3586.550634,3626.181027,1293244
5/29/2025,3621.524414,3634.998602,3584.569024,3630.044803,1972248
5/30/2025,3641.141602,3661.154902,3620.731852,3621.524508,2571304
6/2/2025,3645.600098,3663.136499,3572.283868,3641.141678,1954517
6/3/2025,3644.800049,3669.199951,3615.300049,3655,2472483
6/4/2025,3626.5,3661.699951,3615.300049,3645,1086783
6/5/2025,3642.600098,3677.399902,3612,3629.899902,1466416
6/6/2025,3656.300049,3667,3623,3645,1172711
6/9/2025,3678.899902,3708.899902,3662.199951,3664,898170
6/10/2025,3679.800049,3704,3667.199951,3704,1454535
6/11/2025,3684.800049,3692,3656.100098,3689.899902,1265737
6/12/2025,3603.899902,3708,3585,3684.800049,2335718
6/13/2025,3587.399902,3596,3485.899902,3501.199951,1981445
6/16/2025,3628.699951,3653.699951,3561.800049,3575.5,1322630
6/17/2025,3622.300049,3627.600098,3602,3622,930603
6/18/2025,3601.5,3639.100098,3587.199951,3622,743311
6/19/2025,3621.100098,3643,3591.100098,3607,1580819
6/20/2025,3662,3669.899902,3614,3614,2575277
6/23/2025,3583.699951,3660,3574.600098,3645,1867977
6/24/2025,3604.800049,3684,3597,3637.100098,2751637
6/25/2025,3619.800049,3642,3608.899902,3640,1405262
6/26/2025,3659.600098,3669,3620.100098,3620.100098,2578926
6/27/2025,3679.199951,3731.399902,3665,3665,2720600
6/30/2025,3669.800049,3717.5,3652.699951,3682,1508882
7/1/2025,3666.699951,3678.899902,3645,3669.800049,1054380
7/2/2025,3596.800049,3674.199951,3583.899902,3666.600098,1330176
7/3/2025,3582.899902,3625,3576,3605,1229034
7/4/2025,3594.600098,3600,3570.100098,3590,696402
7/7/2025,3581.399902,3609.800049,3575.100098,3599.899902,719539
7/8/2025,3606.399902,3614,3560,3580,1513912
7/9/2025,3579.699951,3605.100098,3568.199951,3605,1008876
7/10/2025,3574.699951,3589.899902,3569,3575,1063910
7/11/2025,3540.600098,3586.600098,3535.5,3575,1439747
7/14/2025,3495.899902,3548.699951,3488,3540.600098,1358844
7/15/2025,3494,3521,3481.699951,3519,1585193
7/16/2025,3503.800049,3516,3477,3504,1266964
7/17/2025,3474,3515,3467.5,3515,2217275
7/18/2025,3464.800049,3499,3450,3489,1818696
7/21/2025,3502.800049,3508.100098,3444.899902,3467.600098,1521623
7/22/2025,3464.600098,3507.600098,3454.100098,3502,2586522
7/23/2025,3484.899902,3490,3458.600098,3476.199951,1192261
7/24/2025,3477.5,3493.399902,3461,3484.899902,1083671
7/25/2025,3442.899902,3477,3437.399902,3470,1338744
7/28/2025,3422.199951,3446.100098,3405.100098,3430.100098,2256080
7/29/2025,3495.600098,3504.300049,3406.5,3418,1241060
7/30/2025,3665.100098,3685.300049,3590,3622,8760659
7/31/2025,3636.5,3662.899902,3621,3625,1927627
8/1/2025,3587.300049,3636,3578.100098,3636,1205945
8/4/2025,3631.100098,3636.800049,3577,3595.199951,1033049
8/5/2025,3652.600098,3657.699951,3608.300049,3630,1158433
8/6/2025,3628.399902,3671,3622.199951,3650,931383
8/7/2025,3641.600098,3649,3599.199951,3610.300049,1211790
8/8/2025,3607.600098,3662.300049,3600,3641.600098,1337067
8/11/2025,3668.399902,3676.899902,3600,3610,1822410
8/12/2025,3686.100098,3727.899902,3673.100098,3680,2280103
8/13/2025,3693.699951,3716,3681.300049,3696,1227196
8/14/2025,3677,3708.5,3641.699951,3700,1769702
8/18/2025,3635.100098,3701.5,3621.699951,3699,1950151
8/19/2025,3613,3654,3608.199951,3648.899902,1352944
8/20/2025,3592.300049,3619.899902,3580,3613.5,1325096
8/21/2025,3612.600098,3648,3588,3599,1624009
8/22/2025,3595.800049,3634.5,3582,3610,1060447
8/25/2025,3603.100098,3617.899902,3584.300049,3616,980393
8/26/2025,3541.300049,3600,3531,3599,1787363
8/28/2025,3560.100098,3576.899902,3537.199951,3540,1695226
8/29/2025,3601,3615,3540.199951,3575.600098,1678055
9/1/2025,3598.399902,3628.600098,3581.899902,3601,1094155
9/2/2025,3574.899902,3619.899902,3560,3598.399902,1230950
9/3/2025,3600.800049,3606.300049,3560,3594,1314831
9/4/2025,3592.600098,3624.899902,3572.5,3622.899902,1434998
9/5/2025,3553.600098,3609.100098,3549.100098,3592.800049,830812
9/8/2025,3529.600098,3579.899902,3525,3570,1039999
9/9/2025,3525,3550,3516.399902,3547.199951,1522116
9/10/2025,3550,3577.399902,3541.100098,3559,1136732
9/11/2025,3539.699951,3564.699951,3533,3548,1177793
9/12/2025,3579.800049,3595.399902,3548.100098,3556.399902,1146873
9/15/2025,3586.199951,3607,3575.5,3581,1177076
9/16/2025,3667.800049,3674,3593.100098,3603.899902,2928060
9/17/2025,3685.5,3704,3662.699951,3672,1610471
9/18/2025,3686,3700,3672.5,3691,1270148
9/19/2025,3675.399902,3705,3671,3679,2227521
9/22/2025,3644.5,3693.600098,3633.899902,3693.600098,839430
9/23/2025,3657.600098,3673.5,3613.199951,3646.899902,1262120
9/24/2025,3673.800049,3709.199951,3637.100098,3657.600098,1745130
9/25/2025,3644.399902,3704,3635.699951,3684,1999071
9/26/2025,3729.5,3794.899902,3661,3664,5870301
9/29/2025,3688.399902,3740,3679.600098,3738,2599630
9/30/2025,3659,3696.600098,3648,3695,1676302
10/1/2025,3670.300049,3688,3615,3658.899902,2005028
10/3/2025,3733.100098,3746,3666.300049,3690,1959124
10/6/2025,3737,3767,3703,3720,1581506
10/7/2025,3729.699951,3766,3725,3748,1673945
10/8/2025,3729.800049,3760,3715,3730,1424633
10/9/2025,3769.199951,3796.399902,3730.100098,3735.5,1827249
10/10/2025,3784,3799,3760,3765,1129678
10/13/2025,3769.5,3784,3745,3780,1191248
10/14/2025,3744.300049,3786.800049,3730.199951,3775,1364583
10/15/2025,3828.699951,3843.899902,3744.300049,3747,2575918
10/16/2025,3861.800049,3885.899902,3830,3830.300049,2330283
10/17/2025,3839.399902,3869.5,3830.100098,3860,1337364
10/20/2025,3872.699951,3887.600098,3845.399902,3862,1223232
10/21/2025,3888.199951,3895,3877.199951,3892,260327
10/23/2025,3918.699951,3966.199951,3890,3890,2815778
10/24/2025,3904.899902,3939.899902,3897.5,3929.300049,1146636
10/27/2025,3923.800049,3948,3907,3912,1057688
10/28/2025,3972.800049,3986,3917.300049,3922.100098,3391806
10/29/2025,3958.100098,4016.699951,3920,3988,2563641
10/30/2025,3987.5,4062.600098,3975.600098,3980,4959400
10/31/2025,4030.899902,4045.899902,3980.199951,4001.100098,2328183
11/3/2025,3980.5,4041,3974.899902,4030,1154072
11/4/2025,3924.399902,3990,3916.800049,3985,2042881
11/6/2025,3881.600098,3978,3872.100098,3945,1749063
11/7/2025,3882.5,3892.899902,3831.100098,3877.100098,1577294
11/10/2025,3918.5,3943.800049,3894,3895,1397176
11/11/2025,3955,3966.800049,3897,3929,1775462
11/12/2025,3954.600098,3973.800049,3936.899902,3970,981350
11/13/2025,4002.5,4022.899902,3925.600098,3954.600098,1834962
11/14/2025,4004.399902,4011.5,3971.600098,4002,1916910
11/17/2025,4027.699951,4030,4000.100098,4004.399902,1206133
11/18/2025,3999.600098,4026.800049,3978.899902,4020,1748928
11/19/2025,4019.600098,4026.5,3980.300049,4007,923032
11/20/2025,4037.399902,4048,4007.699951,4035,1463574
11/21/2025,4024.899902,4057,4015.199951,4026,1241149
11/24/2025,4013.300049,4038,4003.699951,4025,1584741
11/25/2025,3996.699951,4055.5,3981.600098,4013,1749083
11/26/2025,4062,4074.600098,3998,3999,2058237
11/27/2025,4081.300049,4140,4059.600098,4071,2225064
11/28/2025,4069.600098,4104.200195,4054.699951,4085,1318133
12/1/2025,4073.199951,4103.399902,4050,4087,1251770
12/2/2025,4030.5,4088.600098,4023.800049,4066.5,1490917
12/3/2025,3988,4046.899902,3970.100098,4032,1123990
12/4/2025,3983.600098,4009.199951,3961.699951,3990,1026968
12/5/2025,4038.199951,4048,3975.100098,3999,1073758
12/8/2025,3996.699951,4047.899902,3976.899902,4047,1127841
12/9/2025,3997.5,4019.899902,3949.100098,3990,1788464
12/10/2025,3991.300049,4030,3970,4000,957277
12/11/2025,4003.899902,4015,3984.600098,3993.199951,841371
12/12/2025,4074.100098,4114,4048.600098,4061,2207898
12/15/2025,4092.300049,4096,4063.800049,4072.800049,1064975
12/16/2025,4063.800049,4103.799805,4051.199951,4083.699951,2199214
12/17/2025,4062.399902,4079,4040,4079,1087334
12/18/2025,4031.100098,4071.800049,4023.399902,4067,1004303
12/19/2025,4073.5,4091.5,4040.100098,4040.100098,1327935
12/22/2025,4072.399902,4098.5,4068.5,4081,764774
12/23/2025,4058.800049,4095,4053.300049,4089,1867147
12/24/2025,4053.600098,4080.699951,4048.100098,4065,1021436
12/26/2025,4047.300049,4061.5,4030.199951,4052,594330
12/29/2025,4038.699951,4061.100098,4033.399902,4053,952143
12/30/2025,4052,4063.899902,4006.199951,4039,1362208
12/31/2025,4083.5,4094.5,4048,4058,1160164
1/1/2026,4140.399902,4146.799805,4088.300049,4090,1360716
1/2/2026,4163.399902,4172.700195,4127.100098,4138.100098,984027
1/5/2026,4150.399902,4195,4132.799805,4162.899902,1167460
1/6/2026,4140.600098,4185,4129.899902,4153,1205337
1/7/2026,4157,4180,4094,4106,1213160
1/8/2026,4028.399902,4169.899902,3991.300049,4160,2328813
1/9/2026,4025.199951,4094,4006.199951,4029,1718127
1/12/2026,4019,4026.899902,3944.300049,4026,1386513
1/13/2026,3887.399902,4028,3837,4028,4978634
1/14/2026,3865.800049,3904.899902,3856.600098,3900,1914244
1/15/2026,3865.800049,3865.800049,3865.800049,3865.800049,0
1/16/2026,3856.399902,3914,3848.699951,3890,1807300
1/19/2026,3869.800049,3878.399902,3808.5,3820,1709380
1/20/2026,3810.5,3874.300049,3800,3858,1658119
1/21/2026,3766.5,3830,3722,3800,2537185
1/22/2026,3793.800049,3801.300049,3755.100098,3798.899902,1856812
1/23/2026,3743.800049,3799.399902,3720.100098,3798,1898703
1/27/2026,3787.800049,3815,3739,3743.800049,2162193
1/28/2026,3794,3828.199951,3769.100098,3804.300049,2111741
1/29/2026,3932.899902,3960.899902,3843.600098,3860,4227139
1/30/2026,3932.300049,3942.399902,3891.800049,3902.5,2208465
2/2/2026,3921.300049,3934.800049,3825,3830.699951,3034613
2/3/2026,4038.800049,4122,4030.600098,4117,3742190
2/4/2026,4087.100098,4107,4016.899902,4029,1403373
2/5/2026,4063.300049,4088.5,4035.899902,4088,1433240
2/6/2026,4068.100098,4078,4042.300049,4055,1630836
2/9/2026,4113.600098,4124.700195,4062.399902,4073.899902,1830267
2/10/2026,4169,4174.600098,4122.399902,4140,1890409
2/11/2026,4170.399902,4187.700195,4140.299805,4172.899902,1689489
2/12/2026,4185.899902,4199,4160.899902,4187.899902,2006458
2/13/2026,4173.899902,4199,4134.100098,4174.100098,2234376
2/16/2026,4201.5,4206,4135.299805,4170,852552
2/17/2026,4279.799805,4287,4190.100098,4210.100098,1763048
2/18/2026,4325.899902,4335,4261.100098,4290.5,2042626
2/19/2026,4280.5,4334,4261.899902,4326.100098,2007080
2/20/2026,4380.600098,4390,4267.100098,4267.100098,2542442
2/23/2026,4418.100098,4431.600098,4371.700195,4395.600098,2122782
2/24/2026,4259.200195,4440,4228.100098,4415.5,3673070
2/25/2026,4298.5,4344.899902,4254.200195,4270,2481469
2/26/2026,4286.5,4340,4278.299805,4304.899902,2370148
2/27/2026,4278.299805,4304.700195,4254.399902,4288.899902,2357853
3/2/2026,4066.699951,4141.399902,3975.399902,4061,6540933
