Date,Close,High,Low,Open,Volume
3/2/2016,3298.447266,3312.188368,3232.161632,3234.809321,1236996
3/3/2016,3294.794922,3329.809598,3266.810732,3310.453469,742263
3/4/2016,3245.902588,3304.244928,3219.333411,3304.244928,610234
3/8/2016,3161.49292,3285.938547,3150.491123,3243.939304,1100041
3/9/2016,3265.349854,3286.897381,3141.817472,3154.371594,752948
3/10/2016,3311.731445,3318.579148,3262.610549,3286.897156,1016572
3/11/2016,3324.51416,3369.069926,3301.551618,3317.666457,1002559
3/14/2016,3330.859619,3363.591729,3311.594882,3341.679079,483295
3/15/2016,3336.702881,3359.847982,3301.049132,3350.809103,688839
3/16/2016,3348.389893,3355.37446,3321.135946,3332.548784,459188
3/17/2016,3319.26416,3423.851454,3305.157937,3365.737371,710449
3/18/2016,3306.436279,3332.274991,3247.683119,3323.418673,1073782
3/21/2016,3350.398193,3358.843693,3291.462257,3314.379324,474712
3/22/2016,3377.789551,3411.023649,3334.375066,3349.896527,713115
3/23/2016,3411.068848,3418.373064,3347.567776,3389.019335,586282
3/28/2016,3322.459961,3449.233864,3314.242717,3432.06891,743468
3/29/2016,3405.544678,3441.198423,3327.983086,3331.635194,686482
3/30/2016,3403.262695,3423.760108,3363.591714,3419.286365,872340
3/31/2016,3393.082764,3422.710449,3345.3314,3414.264948,1223191
4/1/2016,3399.382324,3437.501204,3361.765654,3378.610958,769731
4/4/2016,3362.906494,3425.220583,3356.287049,3410.155639,299849
4/5/2016,3245.674072,3375.369377,3228.919938,3356.287203,826024
4/6/2016,3262.291016,3293.562189,3237.593592,3257.680185,664480
4/7/2016,3169.117188,3247.181008,3149.943618,3247.181008,1221608
4/8/2016,3132.276367,3171.856182,3121.183177,3159.073802,1631533
4/11/2016,3176.101563,3184.638455,3125.291695,3138.074074,970375
4/12/2016,3262.884766,3295.890828,3163.684465,3168.386465,1404427
4/13/2016,3407.051758,3419.605879,3292.923379,3298.766663,1107727
4/18/2016,3395.501709,3423.851242,3359.939352,3397.190898,999621
4/20/2016,3350.85498,3400.432394,3333.461771,3400.432394,1830988
4/21/2016,3383.039307,3412.210477,3354.461514,3373.635083,1928958
4/22/2016,3484.157227,3499.632992,3360.031233,3380.939465,1165761
4/25/2016,3403.719238,3507.850021,3392.032447,3475.072438,838216
4/26/2016,3534.82959,3555.327001,3370.804162,3381.897573,2782566
4/27/2016,3523.736572,3590.707197,3497.121922,3507.028355,1388262
4/28/2016,3421.979736,3518.806301,3410.247472,3486.850354,1821236
4/29/2016,3464.61792,3487.763244,3401.025677,3416.547136,962848
5/2/2016,3497.669922,3506.024031,3425.312525,3469.411555,762337
5/3/2016,3487.717285,3541.631572,3465.576381,3506.753986,795697
5/4/2016,3480.04834,3509.676023,3465.89642,3469.502833,557609
5/5/2016,3503.147949,3515.154166,3471.328867,3492.328489,485772
5/6/2016,3486.804199,3501.458326,3471.328437,3496.847496,411877
5/9/2016,3511.95874,3540.719094,3492.328658,3496.893793,771389
5/10/2016,3510.406494,3558.112158,3501.550176,3515.610704,1094666
5/11/2016,3551.720947,3558.979468,3460.372546,3469.502816,679706
5/12/2016,3518.98877,3569.753162,3507.393371,3546.973182,857976
5/13/2016,3511.730469,3540.627687,3495.067724,3520.632483,435056
5/16/2016,3544.006104,3556.240578,3506.024087,3533.4149,878812
5/17/2016,3607.096191,3623.804632,3548.251638,3552.634213,865028
5/18/2016,3574.409424,3596.413464,3474.113539,3587.100633,1921044
5/19/2016,3585.092041,3597.326514,3543.457919,3560.805433,679821
5/20/2016,3601.846191,3614.674267,3543.549545,3546.014674,485214
5/23/2016,3573.451172,3623.165452,3560.805657,3619.239391,348354
5/24/2016,3582.901123,3595.455246,3554.551585,3573.40573,283533
5/25/2016,3707.75708,3717.846073,3597.326505,3604.630721,842663
5/26/2016,3759.845459,3766.236648,3676.942557,3710.541997,1074664
5/27/2016,3785.958252,3800.01878,3735.239552,3756.832777,880888
5/30/2016,3717.618164,3793.810455,3701.411933,3772.628048,555311
5/31/2016,3799.653076,3816.452683,3702.370009,3706.889448,775477
6/1/2016,3803.077881,3834.668711,3789.062824,3807.962665,647041
6/2/2016,3822.524658,3830.10305,3765.323602,3789.062306,411143
6/3/2016,3851.102539,3866.669472,3816.452985,3827.546174,591630
6/6/2016,3781.758301,3850.235334,3759.84565,3849.322307,443085
6/7/2016,3775.960205,3824.624814,3759.845367,3811.887908,471388
6/8/2016,3798.283936,3807.14003,3765.962867,3771.714759,417715
6/9/2016,3806.546631,3825.355077,3779.931982,3790.933779,305434
6/10/2016,3753.911133,3831.974954,3743.411321,3802.849477,464892
6/13/2016,3775.138916,3789.06258,3708.716192,3719.672518,385639
6/14/2016,3747.519531,3794.449033,3739.758801,3784.497127,403193
6/15/2016,3843.479004,3848.409261,3754.458861,3766.236821,510807
6/16/2016,3728.893799,3801.84457,3708.715812,3798.192462,1118517
6/17/2016,3756.650146,3796.366827,3737.430881,3757.10666,951658
6/20/2016,3773.724121,3784.31488,3712.094563,3722.000998,667114
6/21/2016,3795.818604,3805.588171,3751.628183,3785.410184,512383
6/22/2016,3790.294678,3816.909325,3766.2818,3784.496867,417540
6/23/2016,3806.044922,3811.888206,3762.082755,3790.797191,341093
6/24/2016,3716.06543,3736.197719,3530.310139,3700.498275,1559787
6/27/2016,3675.025391,3707.802974,3655.851822,3707.802974,836629
6/28/2016,3723.963379,3726.930717,3688.629277,3689.633696,626447
6/29/2016,3771.943115,3780.845129,3733.550282,3743.411019,646945
6/30/2016,3823.027588,3834.714157,3784.999649,3816.362222,770542
7/1/2016,3803.122803,3847.67879,3772.627788,3824.305209,804652
7/4/2016,3810.792236,3826.039967,3794.312276,3808.235939,343648
7/5/2016,3810.381592,3836.539728,3789.062321,3816.453133,282439
7/7/2016,3780.936279,3825.49182,3766.236455,3817.45736,325843
7/8/2016,3799.836182,3812.481697,3767.149988,3781.758423,261295
7/11/2016,3900.496582,3913.142094,3825.537426,3825.5829,518428
7/12/2016,3990.293945,4000.88515,3917.799676,3926.01692,688921
7/13/2016,3945.554688,3980.797618,3926.929026,3971.667348,416940
7/14/2016,4043.157471,4052.927038,3949.754983,3949.754983,637580
7/15/2016,4083.102539,4102.732621,4021.427739,4062.97047,654076
7/18/2016,4067.307617,4167.420953,4046.901372,4087.622471,684924
7/19/2016,4095.56543,4107.708511,4053.839917,4067.718106,378788
7/20/2016,4080.455322,4117.752572,4064.842468,4082.920674,357560
7/21/2016,4029.827637,4102.275976,4022.11238,4098.578395,252227
7/22/2016,4030.740479,4062.057126,4021.883938,4036.49237,339886
7/25/2016,4154.774902,4167.968321,4036.492431,4041.970593,499616
7/26/2016,4082.417725,4185.316053,4064.020318,4177.235674,1828186
7/27/2016,4161.714844,4225.489883,4117.752673,4118.026403,1212744
7/28/2016,4349.20459,4367.921645,4173.035833,4180.75109,1879461
7/29/2016,4343.816895,4404.441792,4309.98898,4337.790828,799265
8/1/2016,4443.017578,4460.136834,4357.193041,4381.57104,1206974
8/2/2016,4552.398926,4600.743893,4455.572573,4473.833116,1611134
8/3/2016,4449.956543,4583.395344,4431.056707,4578.738817,1019631
8/4/2016,4464.382813,4514.918951,4445.848541,4514.918951,727097
8/5/2016,4511.859863,4533.179133,4473.832377,4491.179891,598288
8/8/2016,4557.603027,4574.265772,4528.65989,4546.874959,474502
8/9/2016,4529.390625,4584.993887,4487.893365,4574.174426,508711
8/10/2016,4438.771973,4546.874276,4428.180771,4542.309141,512317
8/11/2016,4454.338867,4495.288215,4387.094521,4439.228449,623156
8/12/2016,4472.554199,4510.353428,4425.533308,4457.397862,686072
8/16/2016,4441.146484,4517.657975,4430.007376,4517.657975,793106
8/17/2016,4464.564941,4484.149102,4427.359093,4437.310998,498247
8/18/2016,4488.305176,4519.484968,4474.746632,4492.870312,479572
8/19/2016,4473.923828,4504.145112,4463.834612,4488.440869,426426
8/22/2016,4416.996094,4471.09294,4408.094081,4470.179913,292890
8/23/2016,4413.389648,4432.928783,4382.529515,4414.530932,270869
8/24/2016,4518.15918,4550.343379,4461.460565,4464.701632,952400
8/25/2016,4504.602051,4549.431325,4479.539278,4541.214081,914319
8/26/2016,4492.914551,4533.087739,4483.054037,4505.605537,337715
8/29/2016,4498.849609,4524.049246,4492.914933,4496.658434,299611
8/30/2016,4626.901367,4659.998597,4520.396853,4524.048961,996156
8/31/2016,4646.208008,4692.360898,4630.256732,4655.631619,804288
9/1/2016,4652.736328,4688.821869,4614.627979,4664.918071,870402
9/2/2016,4744.397949,4770.324104,4665.837026,4668.595156,956049
9/6/2016,4890.80957,4904.875858,4781.679351,4781.679351,970024
9/7/2016,4905.839844,4929.697849,4863.594754,4890.164651,734051
9/8/2016,5046.826172,5055.652278,4890.164478,4892.003231,942300
9/9/2016,4967.392578,5047.332566,4943.534572,5047.102722,547599
9/12/2016,4899.358398,4918.665309,4827.647016,4877.293358,795632
9/14/2016,4931.445801,4950.614899,4900.324802,4900.324802,539702
9/15/2016,5012.810059,5020.716789,4918.252063,4924.182223,704384
9/16/2016,5123.962891,5166.805942,5031.749571,5031.749571,1669960
9/19/2016,5049.125488,5120.009531,5042.781878,5120.009531,632835
9/20/2016,5070.224609,5111.734377,5055.054894,5079.556193,423083
9/21/2016,5057.72168,5095.645973,5021.728167,5080.476256,549370
9/22/2016,5145.84375,5179.86069,5116.285877,5116.653538,526494
9/23/2016,5150.165039,5176.091646,5116.883867,5176.091646,559592
9/26/2016,5119.917969,5171.495103,5107.644197,5135.639404,418297
9/27/2016,5067.053223,5148.464308,5056.572417,5147.544931,427991
9/28/2016,5076.614746,5107.138236,5062.088772,5066.317995,449876
9/29/2016,5000.123047,5127.364714,4960.038126,5125.52596,693217
9/30/2016,5035.702148,5054.273739,4948.637439,4983.02204,646631
10/3/2016,5222.979492,5258.835187,5177.745975,5204.591957,840940
10/4/2016,5222.060059,5256.950587,5194.478755,5254.376062,464913
10/5/2016,5230.518555,5302.045889,5215.624471,5246.883282,644731
10/6/2016,5250.055664,5282.37167,5240.447997,5240.447997,416860
10/7/2016,5225.554199,5256.307536,5210.384481,5249.136576,309473
10/10/2016,5251.801758,5272.073835,5236.724069,5263.339756,205840
10/13/2016,5257.501953,5288.990608,5196.869323,5231.253925,441169
10/14/2016,5231.66748,5301.9998,5212.038698,5295.794007,352350
10/17/2016,5147.682617,5239.528268,5125.157886,5239.528268,400595
10/18/2016,5173.057617,5190.203905,5130.214569,5167.81699,487798
10/19/2016,5152.739258,5192.548093,5142.120187,5179.493212,384608
10/20/2016,5189.422363,5225.278059,5162.300748,5162.300748,311728
10/21/2016,5194.663086,5212.866567,5163.220219,5194.938719,224567
10/24/2016,5253.226563,5284.577399,5209.188507,5209.188507,412403
10/25/2016,5315.331543,5331.466427,5264.030045,5271.706931,339506
10/26/2016,5395.914551,5422.484451,5318.594871,5329.259732,590811
10/27/2016,5387.685547,5468.452884,5322.364009,5421.56467,1864862
10/28/2016,5402.395508,5450.570759,5392.83408,5444.549021,935542
11/1/2016,5404.188965,5492.357112,5383.135325,5441.791387,1163831
11/2/2016,5327.421387,5392.053402,5318.595279,5336.982817,522312
11/3/2016,5337.487793,5387.456012,5313.997895,5332.293404,585730
11/4/2016,5244.905762,5322.271214,5210.382901,5322.271214,679821
11/7/2016,5255.112305,5318.45728,5247.803079,5298.368806,532212
11/8/2016,5211.947266,5268.948629,5131.501793,5266.006444,684050
11/9/2016,4958.15332,5105.299398,4877.293951,4877.293951,1299603
11/10/2016,4898.898438,5072.430779,4877.293086,5061.628103,942971
11/11/2016,4720.310059,4866.215328,4691.579535,4863.502987,1058491
11/15/2016,4455.850586,4706.334464,4418.891468,4690.567245,2793900
11/16/2016,4588.425781,4605.52628,4506.371398,4527.011588,1952224
11/17/2016,4528.435547,4641.013399,4519.931313,4624.464619,668715
11/18/2016,4551.742676,4587.598372,4493.821935,4537.124674,699355
11/21/2016,4401.470703,4587.690297,4381.106148,4587.690297,864696
11/22/2016,4536.710449,4556.43126,4436.498382,4440.589788,845997
11/23/2016,4487.340332,4546.318264,4468.171236,4546.318264,757744
11/24/2016,4440.727539,4490.14404,4416.685927,4470.009778,550368
11/25/2016,4480.674805,4509.543146,4406.067468,4458.058046,669501
11/28/2016,4499.199219,4516.897218,4443.347091,4473.686518,1387068
11/29/2016,4677.927246,4706.290112,4501.269074,4503.107827,874897
11/30/2016,4841.437988,4856.148016,4688.913475,4698.520692,1270618
12/1/2016,4828.65918,4879.592567,4784.666908,4841.438428,1221883
12/2/2016,4659.494141,4814.041487,4639.175821,4799.147401,772281
12/5/2016,4783.47168,4799.054847,4647.449703,4655.632067,578935
12/6/2016,4721.184082,4836.841508,4705.41641,4799.147058,646660
12/7/2016,4704.128906,4789.722971,4629.107674,4735.663798,590462
12/8/2016,4812.570313,4845.024137,4753.178476,4755.01723,845955
12/9/2016,4812.9375,4884.189201,4781.862744,4863.503223,562518
12/12/2016,4729.64209,4806.502083,4707.255174,4806.502083,357439
12/13/2016,4746.879883,4787.194642,4720.12593,4761.22225,484291
12/14/2016,4726.562012,4794.320263,4716.587132,4762.326129,371699
12/15/2016,4736.675293,4778.001462,4670.434371,4688.776118,457317
12/16/2016,4770.323242,4787.193892,4735.892858,4757.314153,1170505
12/19/2016,4702.657715,4776.575962,4692.544571,4757.774529,369118
12/20/2016,4696.17627,4732.49165,4663.078708,4721.82679,377676
12/21/2016,4723.620605,4743.984714,4664.504403,4706.657922,413072
12/22/2016,4674.479492,4729.274441,4645.611149,4729.274441,399573
12/23/2016,4778.138672,4793.63026,4634.578086,4642.852476,589006
12/26/2016,4750.741211,4833.898563,4735.80134,4761.45186,510998
12/27/2016,4802.824707,4815.144267,4704.635438,4766.96901,486703
12/28/2016,4809.489746,4852.47061,4798.64128,4826.728061,595514
12/29/2016,4886.303711,4917.746578,4796.572893,4796.572893,655325
12/30/2016,4890.670898,4944.316627,4875.455391,4915.907972,559886
1/2/2017,5025.313965,5032.853035,4843.09329,4891.130731,651321
1/3/2017,5064.294922,5078.821344,4994.606342,5025.313437,631753
1/4/2017,5058.549316,5106.86284,5051.056485,5084.154052,679443
1/5/2017,5180.642578,5194.386992,5079.648945,5079.648945,744210
1/6/2017,5162.806152,5201.190133,5145.751892,5194.478862,544695
1/9/2017,5202.293457,5222.060058,5158.255399,5189.697816,345094
1/10/2017,5217.325195,5234.655537,5186.204203,5222.059896,410444
1/11/2017,5297.770996,5307.470242,5232.173372,5232.173372,539326
1/12/2017,5311.561035,5327.787944,5279.060979,5304.803527,421634
1/13/2017,5239.987305,5326.8684,5225.415095,5325.029646,1086873
1/16/2017,5219.209961,5263.616129,5204.59196,5238.563112,290142
1/17/2017,5212.31543,5257.824587,5200.961035,5231.254684,343048
1/18/2017,5226.150391,5257.914672,5208.268337,5226.655868,308483
1/19/2017,5257.318359,5266.190256,5217.463286,5217.463286,239027
1/20/2017,5211.901855,5285.497797,5187.124468,5256.077736,444280
1/23/2017,5240.448242,5252.170297,5188.779082,5211.901769,297515
1/24/2017,5274.648926,5282.509418,5230.288994,5244.125435,301613
1/25/2017,5334.729492,5363.644071,5247.848388,5299.19567,1148793
1/27/2017,5438.94043,5449.789344,5355.414968,5370.998583,576906
1/30/2017,5419.680664,5460.179034,5410.532685,5439.033367,323448
1/31/2017,5419.035645,5456.408214,5401.797333,5414.208917,374637
2/1/2017,5681.013184,5703.35386,5411.451732,5424.323007,1212008
2/2/2017,5648.972168,5717.006042,5635.779023,5672.55409,745214
2/3/2017,5622.40332,5660.281377,5605.026739,5652.23683,304078
2/6/2017,5653.891602,5688.184176,5631.182815,5660.602873,322223
2/7/2017,5712.272461,5729.096878,5648.651403,5668.877694,456427
2/8/2017,5695.217285,5731.302824,5668.09567,5718.247943,410369
2/9/2017,5660.695313,5703.813997,5618.863666,5695.999294,511610
2/10/2017,5619.460938,5676.002612,5604.888725,5672.554949,284471
2/13/2017,5536.487305,5644.881744,5518.099768,5600.843683,404675
2/14/2017,5460.960449,5557.632831,5450.157772,5557.632831,439745
2/15/2017,5390.030762,5481.140647,5371.183537,5470.29218,609791
2/16/2017,5538.831055,5551.151062,5387.547789,5387.547789,576390
2/17/2017,5506.836914,5567.607807,5474.934361,5551.196842,326378
2/20/2017,5601.900391,5627.275279,5435.631015,5506.836924,504439
2/21/2017,5574.319336,5599.602198,5555.793983,5581.628561,287864
2/22/2017,5589.488281,5623.04553,5553.035086,5583.374516,431264
2/23/2017,5544.76123,5600.93524,5530.096992,5599.004459,461009
2/27/2017,5471.670898,5563.103099,5461.098065,5520.857556,394395
2/28/2017,5445.008789,5516.260487,5437.929409,5466.889776,558820
3/1/2017,5442.343262,5515.157638,5410.67055,5479.485996,559896
3/2/2017,5441.561035,5515.156963,5424.552566,5471.210935,473769
3/3/2017,5413.061523,5450.940033,5401.339468,5446.388937,362057
3/6/2017,5456.363281,5493.092114,5435.355432,5447.767019,361209
3/7/2017,5413.75,5473.969177,5406.854674,5452.823512,373103
3/8/2017,5391.363281,5428.827885,5332.38535,5419.726145,639968
3/9/2017,5483.53125,5493.276734,5391.36372,5409.61344,598391
3/10/2017,5475.440918,5523.983837,5457.466831,5513.50303,443986
3/14/2017,5637.98584,5649.018361,5525.454216,5571.423054,875005
3/15/2017,5642.537598,5671.45173,5601.303456,5621.989435,384040
3/16/2017,5659.178711,5687.541129,5637.34351,5662.994035,252721
3/17/2017,5693.33252,5724.774935,5654.16698,5667.957632,1048024
3/20/2017,5662.349609,5718.523621,5655.17865,5718.523621,207710
3/21/2017,5586.408203,5700.640753,5563.929713,5667.727248,532134
3/22/2017,5521.592285,5565.354705,5495.482077,5558.919068,462793
3/23/2017,5548.254395,5579.697258,5530.878264,5530.878264,447530
3/24/2017,5520.536621,5559.472324,5508.99862,5559.472324,573292
3/27/2017,5503.205566,5534.648433,5484.680213,5495.11523,340512
3/28/2017,5492.586426,5561.309836,5481.829538,5489.782506,505962
3/29/2017,5464.913574,5524.443223,5451.306977,5524.443223,494597
3/30/2017,5476.359375,5517.087583,5456.546538,5484.08205,898999
3/31/2017,5530.695313,5553.955366,5461.190335,5472.13083,501939
4/3/2017,5582.455566,5603.601231,5543.841743,5603.601231,378716
4/5/2017,5831.055664,5846.31741,5581.582665,5617.392573,1076674
4/6/2017,5784.397461,5825.171915,5755.299272,5824.252538,505863
4/7/2017,5754.70166,5825.171807,5733.27991,5746.105397,467235
4/10/2017,5763.436035,5799.245496,5741.554595,5775.525752,318486
4/11/2017,5744.081543,5796.67007,5727.716817,5768.904714,373105
4/12/2017,5658.304688,5758.884423,5632.746191,5758.884423,415372
4/13/2017,5587.92627,5677.151606,5577.766887,5658.764071,386820
4/17/2017,5622.494629,5642.675129,5535.567732,5581.168911,342286
4/18/2017,5642.353027,5731.716629,5626.585806,5626.585806,453391
4/19/2017,5697.331543,5720.683621,5620.885012,5637.52582,366504
4/20/2017,5767.709473,5794.968901,5689.102768,5700.135288,466934
4/21/2017,5687.080566,5787.522477,5678.990231,5777.271516,294827
4/24/2017,5808.944824,5824.252359,5700.136484,5721.466207,426893
4/25/2017,5826.274902,5838.042746,5775.984811,5817.540823,384281
4/26/2017,5889.802734,5906.765414,5802.186315,5824.251356,540500
4/27/2017,5860.153809,5929.98066,5810.783541,5919.867514,1087684
4/28/2017,5998.794922,6058.508167,5875.322366,5893.204422,949573
5/2/2017,6164.880859,6187.40559,6084.435393,6137.759245,888539
5/3/2017,6108.338867,6173.568824,6096.478997,6173.430559,370021
5/4/2017,6104.478516,6147.827495,6091.791294,6124.888862,372533
5/5/2017,6117.67041,6138.126542,6069.725005,6091.376147,337498
5/8/2017,6095.974121,6163.18066,6079.425337,6148.792502,208481
5/9/2017,6094.824219,6128.565526,6081.677311,6128.565526,215203
5/10/2017,6194.53125,6209.471124,6100.89263,6109.259049,295859
5/11/2017,6217.286133,6242.017281,6170.030251,6204.874545,259056
5/12/2017,6187.589844,6249.92341,6151.550094,6249.92341,256491
5/15/2017,6273.734863,6287.709569,6190.577506,6214.435063,336356
5/16/2017,6393.300781,6414.997716,6279.343842,6297.731379,707624
5/17/2017,6397.208008,6416.330866,6330.691005,6389.668938,445461
5/18/2017,6280.309082,6387.830385,6265.047785,6360.524713,406814
5/19/2017,6243.074219,6338.091905,6152.055912,6302.144181,552223
5/22/2017,6161.387207,6292.168547,6149.940787,6255.393478,327493
5/23/2017,6324.254883,6352.893379,6199.954966,6219.583749,956457
5/24/2017,6315.796387,6355.237559,6263.713784,6346.457691,433647
5/25/2017,6422.490723,6452.186414,6283.940459,6325.266626,435721
5/26/2017,6495.212402,6513.829781,6376.980917,6409.112863,373937
5/29/2017,6559.248535,6617.490701,6459.128034,6481.606978,427378
5/30/2017,6571.245117,6625.580371,6513.002512,6559.247431,403698
5/31/2017,6629.625977,6663.642918,6559.707552,6562.511471,650259
6/1/2017,6570.417969,6660.884551,6536.860717,6658.126421,649217
6/2/2017,6541.090332,6608.204839,6527.575313,6602.964211,310268
6/5/2017,6551.203125,6584.484294,6519.392599,6564.165978,296147
6/6/2017,6538.700195,6577.497629,6513.830782,6558.834459,324579
6/7/2017,6624.753906,6642.4977,6534.562948,6559.753784,518152
6/8/2017,6665.021973,6688.420291,6617.674068,6618.593445,426525
6/9/2017,6863.009766,6877.765583,6647.094042,6684.788489,1122640
6/12/2017,6779.162109,6849.356612,6762.475512,6844.759729,454342
6/13/2017,6756.45459,6853.954324,6743.629103,6798.424053,607567
6/14/2017,6758.384766,6796.447325,6740.733,6750.983962,277472
6/15/2017,6722.758789,6796.952676,6685.8459,6755.902592,388150
6/16/2017,6678.260742,6766.658728,6665.481495,6740.870389,547028
6/19/2017,6664.791992,6731.814468,6651.690873,6724.321638,372747
6/20/2017,6626.178223,6696.418518,6610.594607,6679.272231,757716
6/21/2017,6682.214844,6697.200506,6576.578087,6637.900701,460423
6/22/2017,6726.252441,6759.257977,6700.417865,6703.175995,436033
6/23/2017,6637.118164,6740.548042,6624.109074,6730.986614,355854
6/27/2017,6604.205566,6681.295403,6578.233171,6655.828485,365667
6/28/2017,6642.542969,6733.51548,6624.109644,6632.338246,637214
6/29/2017,6641.899414,6702.256407,6624.109384,6669.986194,543979
6/30/2017,6635.693848,6650.403876,6580.117342,6633.119323,367886
7/3/2017,6761.09668,6771.209824,6629.809858,6655.276325,556846
7/4/2017,6781.461426,6817.225095,6748.226043,6790.517377,428293
7/5/2017,6782.839355,6797.871254,6740.869899,6780.173253,273869
7/6/2017,6871.467773,6893.487027,6781.507116,6782.839943,416512
7/7/2017,6833.543457,6871.467749,6821.775614,6867.744452,339803
7/10/2017,6831.383789,6895.326268,6159.8248,6857.447763,47033
7/11/2017,6855.792969,6890.729288,6803.38849,6871.330347,423681
7/12/2017,6873.858887,6881.535773,6835.658958,6881.535773,233096
7/13/2017,6957.430176,6963.820025,6863.286075,6886.13268,472029
7/14/2017,6947.960449,6977.104874,6913.713663,6964.233598,267450
7/17/2017,6915.828125,6967.037594,6899.279342,6961.475544,289180
7/18/2017,6940.696777,6979.448417,6909.116097,6918.309864,387214
7/19/2017,6951.868164,6972.554144,6927.504677,6954.39645,223986
7/20/2017,6887.005859,6973.01338,6876.984293,6968.876184,290547
7/21/2017,6934.859375,6941.202985,6844.760446,6895.326172,434483
7/24/2017,6945.477539,6958.762713,6890.728832,6944.972061,357195
7/25/2017,6899.785156,6962.440596,6889.395929,6962.440596,323585
7/26/2017,6955.315918,6982.66738,6899.004084,6931.182275,377790
7/27/2017,6986.895996,7063.939592,6928.423542,7001.054309,1148259
7/28/2017,7015.258789,7054.929808,6972.553558,7002.892992,459181
7/31/2017,7125.21582,7138.960683,7034.15173,7046.103628,505371
8/1/2017,7222.716309,7281.464397,7102.185918,7134.272079,1096934
8/2/2017,7167.001465,7244.6888,7148.154241,7243.677396,414448
8/3/2017,7113.585449,7197.800448,7089.313993,7165.622262,287116
8/4/2017,7143.833496,7175.644024,7115.976558,7125.170326,325021
8/7/2017,7206.672852,7256.043565,7144.477101,7152.291804,327318
8/8/2017,7130.594238,7249.28587,7113.12608,7216.188306,319951
8/9/2017,7043.897461,7166.542238,7023.211483,7133.444672,285089
8/10/2017,6967.727539,7024.039373,6931.090281,7021.603114,385730
8/11/2017,6856.160156,6926.400451,6785.000485,6897.072422,676390
8/14/2017,6995.033203,7030.475002,6909.117254,6910.036631,328598
8/16/2017,7080.258301,7097.68067,6973.518568,7032.40492,488766
8/17/2017,6971.129395,7087.338542,6955.086088,7080.121344,321296
8/18/2017,6986.160156,7009.328631,6924.148461,6942.214125,332924
8/21/2017,6897.072266,7040.632854,6886.131772,7013.925139,277519
8/22/2017,6891.740234,6957.383645,6872.433322,6932.100784,278131
8/23/2017,6962.486328,6978.069945,6896.245409,6939.456119,258051
8/24/2017,7069.086426,7089.654225,6949.068376,6997.725506,436912
8/28/2017,7037.654785,7102.654895,7027.486729,7102.654895,391028
8/29/2017,6984.26123,7034.450416,6959.700295,7024.654153,368309
8/30/2017,7017.644043,7093.694079,6994.475966,7059.940361,471048
8/31/2017,7150.290527,7168.954935,6994.011872,7024.561833,586954
9/1/2017,7254.290527,7275.276367,7177.869152,7194.119179,627407
9/4/2017,7262.833008,7313.440231,7202.707912,7280.011607,362724
9/5/2017,7258.841309,7294.823514,7243.798244,7282.798312,182518
9/6/2017,7286.187012,7339.440762,7215.011984,7242.869173,340420
9/7/2017,7353.555176,7381.226469,7297.190616,7324.583518,389478
9/8/2017,7401.422852,7409.780008,7328.297732,7373.287273,341309
9/11/2017,7560.812012,7584.583569,7428.583319,7428.583319,547463
9/12/2017,7572.047852,7606.869336,7536.297794,7606.869336,387447
9/13/2017,7542.426758,7614.298214,7521.580114,7578.919493,371832
9/14/2017,7493.815918,7581.751958,7467.629979,7558.537635,293890
9/15/2017,7521.208984,7539.176962,7468.976754,7500.037702,400099
9/18/2017,7575.159668,7600.370335,7549.949001,7549.949001,219992
9/19/2017,7550.876465,7600.322972,7544.144311,7593.869209,245577
9/20/2017,7540.151855,7581.24121,7529.891305,7581.24121,185837
9/21/2017,7563.180176,7587.276371,7498.319267,7522.369215,258168
9/22/2017,7491.912598,7591.548296,7475.012388,7563.22682,366359
9/25/2017,7396.036621,7511.225904,7293.986101,7497.297311,626129
9/26/2017,7326.347656,7410.058417,7307.03352,7410.01217,440508
9/27/2017,7187.108398,7408.155008,7163.940322,7381.226393,564788
9/28/2017,7333.265625,7354.297711,7104.51159,7182.604665,768225
9/29/2017,7408.34082,7435.826217,7358.940558,7391.440611,486217
10/3/2017,7324.862305,7492.701877,7293.941005,7479.980698,516298
10/4/2017,7286.697754,7367.204756,7271.283352,7330.154786,301347
10/5/2017,7271.701172,7336.655032,7249.555069,7276.297789,272177
10/6/2017,7338.697266,7353.368536,7284.700391,7303.179353,440453
10/9/2017,7332.663086,7388.65586,7304.805894,7344.084353,261839
10/10/2017,7329.875977,7368.132907,7322.075602,7326.904362,224485
10/11/2017,7266.222656,7334.658665,7243.79771,7328.29785,644166
10/12/2017,7339.672363,7352.440241,7270.725825,7284.654419,396436
10/13/2017,7311.722656,7372.869276,7298.629687,7335.726358,328108
10/16/2017,7281.869141,7368.226426,7255.869098,7335.726372,502632
10/17/2017,7278.990234,7337.861667,7271.561651,7290.226057,304861
10/18/2017,7228.058105,7310.701098,7194.769128,7297.65483,489207
10/19/2017,7178.890137,7245.654438,7140.725699,7245.654438,115449
10/23/2017,7260.047363,7298.583139,7163.011493,7195.32565,471496
10/24/2017,7312.511719,7365.626271,7281.497474,7303.50438,354257
10/25/2017,7308.055176,7377.512253,7252.433292,7363.583658,254379
10/26/2017,7491.772461,7508.440526,7304.340382,7335.725965,684763
10/27/2017,7534.858887,7651.441038,7486.712289,7543.68033,1201080
10/30/2017,7609.887695,7687.655682,7580.219607,7614.298417,726605
10/31/2017,7624.744629,7638.905366,7583.841172,7609.655318,318652
11/1/2017,7649.956543,7666.717105,7577.156053,7661.656201,631375
11/2/2017,7638.254883,7682.966031,7615.226456,7660.726529,247753
11/3/2017,7632.313477,7654.134943,7591.084472,7646.798853,288916
11/6/2017,7716.62793,7772.66695,7613.695063,7623.120442,392588
11/7/2017,7633.148438,7751.727391,7623.584317,7751.727391,348296
11/8/2017,7644.012695,7693.27331,7618.848731,7631.012674,199176
11/9/2017,7618.754883,7682.733919,7566.662305,7682.733919,442672
11/10/2017,7598.976074,7646.705082,7531.700788,7613.183058,351694
11/13/2017,7529.983887,7631.987262,7502.869375,7600.369534,181361
11/14/2017,7542.751953,7601.298297,7529.798179,7548.369638,237427
11/15/2017,7546.744141,7595.726361,7509.369081,7521.440529,275441
11/16/2017,7580.59082,7646.658239,7548.601302,7549.297732,321844
11/17/2017,7752.05127,7765.144692,7631.012154,7631.012154,419255
11/20/2017,7823.832031,7845.51385,7753.585116,7778.656589,372037
11/21/2017,7823.041992,7845.93168,7800.942135,7842.727922,255180
11/22/2017,7905.080566,7916.083792,7840.869389,7844.583681,383442
11/23/2017,7858.885254,7910.513551,7840.406288,7904.01354,289808
11/24/2017,7881.680176,7930.012212,7858.883893,7858.883893,343432
11/27/2017,7900.857422,7915.343708,7841.80053,7879.872031,172254
11/28/2017,8008.152832,8039.584664,7870.630633,7884.141188,456041
11/29/2017,8051.97998,8074.869664,7963.44092,8031.22674,382984
11/30/2017,7984.890625,8056.298242,7962.512381,8032.155347,582023
12/1/2017,7994.083984,8073.941253,7979.226818,8041.441202,436589
12/4/2017,7893.612305,8041.395044,7874.808704,8041.209148,242191
12/5/2017,7893.242676,7943.896154,7871.049417,7911.396097,213998
12/6/2017,7997.242188,8021.709722,7846.487822,7887.298785,420876
12/7/2017,8247.958984,8346.248095,7999.240108,8000.494226,834850
12/8/2017,8396.389648,8467.65763,8263.371559,8291.971428,1006694
12/11/2017,8481.400391,8512.229197,8440.496929,8457.443387,564023
12/12/2017,8479.125,8560.050503,8450.014598,8496.44325,491488
12/13/2017,8469.188477,8520.584622,8426.798762,8441.655928,446829
12/14/2017,8461.853516,8493.471245,8399.871269,8475.085681,655484
12/15/2017,8511.208008,8576.579006,8493.936005,8515.014795,620495
12/18/2017,8644.177734,8676.585292,8348.010129,8459.29923,658668
12/19/2017,9101.40918,9153.873559,8659.872674,8677.515562,1275759
12/20/2017,9038.637695,9282.388124,9007.390849,9254.15914,1216280
12/21/2017,8943.132813,9116.172935,8923.632779,9088.872526,849633
12/22/2017,9007.158203,9123.043933,8918.943767,8974.658148,814330
12/26/2017,8987.657227,9067.514497,8929.343029,9045.228747,542587
12/27/2017,8955.25,9054.23642,8941.321406,9001.586153,402886
12/28/2017,8941.415039,9001.1221,8928.971799,9001.1221,659995
12/29/2017,9034.598633,9071.231025,8960.730821,8969.087979,471554
1/1/2018,8962.493164,9089.800146,8941.971159,9052.65723,426354
1/2/2018,8871.631836,9024.428327,8844.656974,9006.228661,451227
1/3/2018,8743.999023,8912.442507,8730.442222,8911.513934,658281
1/4/2018,8715.817383,8810.299675,8698.12825,8775.013905,562919
1/5/2018,8760.018555,8851.158363,8740.24013,8782.443957,732512
1/8/2018,8774.039063,8816.799663,8751.79956,8810.299653,294549
1/9/2018,8713.310547,8813.503931,8692.371408,8788.757099,427590
1/10/2018,8706.160156,8779.517418,8650.492934,8717.256784,394826
1/11/2018,8672.68457,8756.442023,8659.870446,8737.870566,368996
1/12/2018,8783.511719,8816.568555,8686.892972,8716.514814,685141
1/15/2018,8690.003906,8829.382347,8672.871554,8821.396982,385462
1/16/2018,8656.203125,8736.618085,8635.728273,8701.656951,364816
1/17/2018,8648.635742,8699.613852,8594.871007,8650.585383,390461
1/18/2018,8699.521484,8838.993321,8665.442676,8682.156989,686971
1/19/2018,8657.967773,8724.871272,8619.013958,8658.942594,542339
1/22/2018,8645.107422,8688.425717,8609.35736,8681.229276,454188
1/23/2018,8722.457031,8755.792254,8626.442231,8679.370886,561948
1/24/2018,8761.040039,8839.968744,8673.28989,8746.229118,568489
1/25/2018,8615.485352,8807.514048,8589.299414,8807.514048,705224
1/29/2018,8942.807617,9020.157562,8785.228608,8803.800066,1546624
1/30/2018,8887.883789,8984.409145,8867.87322,8932.873338,573988
1/31/2018,8830.450195,8900.371556,8783.278872,8875.346334,462650
2/1/2018,8730.303711,8880.593795,8646.871789,8863.229299,550971
2/2/2018,8348.427734,8690.514377,8301.442305,8690.514377,984189
2/5/2018,8432,8468.586141,8067.442587,8218.011068,651062
2/6/2018,8342.857422,8462.550856,8042.928314,8078.585883,840339
2/7/2018,8284.541992,8515.013981,8239.227813,8515.013981,509440
2/8/2018,8385.664063,8412.871069,8278.227989,8346.849894,465683
2/9/2018,8297.819336,8344.666017,8236.441034,8269.869656,364892
2/12/2018,8466.589844,8496.443832,8320.014943,8320.014943,408523
2/14/2018,8358.641602,8503.406482,8344.156227,8496.349691,357737
2/15/2018,8375.958984,8440.726939,8358.083958,8402.655453,250781
2/16/2018,8205.751953,8422.155672,8177.801367,8394.205993,632659
2/19/2018,8101.660156,8232.588955,8070.832257,8223.442874,436138
2/20/2018,8099.616699,8142.609443,8032.155516,8120.369941,517802
2/21/2018,8155.424316,8166.799335,8086.199382,8144.513584,471756
2/22/2018,8017.345703,8142.656814,7987.120833,8142.656814,638857
2/23/2018,8077.470703,8114.753272,8036.845634,8046.085117,567960
2/26/2018,8362.124023,8408.228033,8125.059531,8132.441868,869374
2/27/2018,8256.12793,8463.896126,8238.855929,8443.513768,684609
2/28/2018,8218.753906,8295.871718,8145.442882,8236.443042,680125
3/1/2018,8239.644531,8297.772826,8181.979616,8240.155065,609369
3/5/2018,8166.89209,8233.656852,8148.228135,8233.656852,388180
3/6/2018,8001.049316,8250.371169,7985.727862,8223.024512,543686
3/7/2018,8059.177734,8091.445647,7941.156466,8005.970682,598715
3/8/2018,8105.837402,8148.227118,8033.084079,8078.770047,533856
3/9/2018,8041.998047,8147.298576,8032.155537,8134.298555,323450
3/12/2018,8181.006836,8196.328291,8061.035018,8096.228299,438339
3/13/2018,8130.631348,8216.013815,8070.227856,8180.728042,521943
3/14/2018,8214.433594,8240.155242,8101.844139,8111.08362,411769
3/15/2018,8206.310547,8241.085789,8172.325136,8208.493238,313431
3/16/2018,8056.80957,8235.513619,8031.599358,8235.513619,622932
3/19/2018,8146.833984,8171.441165,8081.880131,8089.262467,571830
3/20/2018,8173.67041,8213.691539,8111.084234,8138.430887,408924
3/21/2018,8240.759766,8306.084506,8194.702006,8208.491858,516020
3/22/2018,8075.381348,8274.049723,8064.09973,8236.442516,471749
3/23/2018,7992.459961,8023.335013,7931.963067,7997.381216,644482
3/26/2018,8139.221191,8169.585712,7990.371113,7992.228259,447858
3/27/2018,8220.006836,8252.228501,8140.939387,8185.371243,423455
3/28/2018,8228.176758,8435.156015,8172.369891,8182.584192,1194227
4/2/2018,8364.769531,8438.869458,8313.744275,8347.869325,552649
4/3/2018,8381.717773,8412.871216,8315.371053,8365.467746,339709
4/4/2018,8369.691406,8495.88482,8339.140997,8429.584355,488280
4/5/2018,8480.285156,8503.546635,8403.585392,8403.585392,236956
4/6/2018,8548.62793,8570.727783,8396.666613,8510.370545,429514
4/9/2018,8628.904297,8643.297178,8528.66466,8561.443105,426170
4/10/2018,8611.075195,8650.07526,8579.085675,8626.442897,299119
4/11/2018,8638.050781,8682.158001,8550.811162,8626.443618,318010
4/12/2018,8547.003906,8626.443145,8525.321183,8626.443145,300797
4/13/2018,8472.253906,8605.086094,8455.817983,8605.086094,366224
4/16/2018,8572.585938,8584.657387,8417.514246,8450.014301,271057
4/17/2018,8506.052734,8581.871077,8484.881453,8580.942504,342578
4/18/2018,8469.977539,8568.360017,8446.206436,8522.441907,452854
4/19/2018,8429.260742,8527.781971,8420.29965,8490.871196,256088
4/20/2018,8380.371094,8457.582299,8369.181971,8433.299753,303913
4/23/2018,8417.374023,8473.228048,8362.681622,8394.206854,302205
4/24/2018,8417.189453,8489.524744,8385.94261,8445.37128,312103
4/25/2018,8296.426758,8421.041418,8271.727082,8411.941585,488641
4/26/2018,8307.430664,8339.512674,8255.012546,8309.798343,614321
4/27/2018,8155.980957,8484.371148,8092.605852,8371.085246,1873816
4/30/2018,8185.324219,8268.199354,8134.577345,8162.156143,497504
5/2/2018,8119.905762,8355.298993,8101.79859,8278.227442,806846
5/3/2018,8130.538086,8170.512968,8078.584251,8138.941489,406825
5/4/2018,8058.34082,8162.15508,8046.083478,8156.583643,490244
5/7/2018,8119.163086,8143.584372,8041.441352,8072.084258,342702
5/8/2018,8148.412598,8177.198356,8069.29801,8157.51243,404969
5/9/2018,8095.624512,8166.799999,8083.228424,8166.799999,314057
5/10/2018,8083.181641,8132.442256,8069.299293,8132.442256,298598
5/11/2018,8125.29248,8138.942686,8080.488831,8113.871213,264405
5/14/2018,8085.084961,8134.299329,8067.534569,8125.942172,276620
5/15/2018,8103.283203,8125.336808,8021.940587,8101.797849,506107
5/16/2018,8074.499023,8109.646056,8055.370782,8055.370782,288597
5/17/2018,8076.263184,8140.288469,8042.556167,8101.79894,379606
5/18/2018,7903.039063,8101.799945,7889.156714,8079.328295,603507
5/21/2018,7826.477051,7915.898444,7665.833932,7909.584329,872463
5/22/2018,7949.188477,7973.09923,7773.316395,7814.870035,410467
5/23/2018,7890.455566,7953.040835,7854.055328,7948.583866,399631
5/24/2018,7809.994629,7909.862464,7800.01247,7892.962256,292331
5/25/2018,7937.580566,7961.583812,7795.508917,7811.155007,519151
5/28/2018,8087.220215,8157.513369,7944.034085,7948.584455,446264
5/29/2018,8092.419922,8208.584023,8060.012367,8095.298135,665121
5/30/2018,7974.770996,8049.799515,7960.516856,8049.799515,508262
5/31/2018,7927.412598,8022.03363,7907.634177,8021.941136,679959
6/1/2018,8179.65918,8216.384964,7976.487607,7995.012818,1002010
6/4/2018,8124.872559,8208.583761,8102.772707,8208.583761,380690
6/5/2018,8181.100098,8199.299766,8060.013813,8125.013925,400886
6/6/2018,8210.765625,8236.441027,8180.726657,8198.36954,328784
6/7/2018,8274.745117,8296.612827,8231.798621,8240.155777,267961
6/8/2018,8294.432617,8310.728893,8237.371621,8258.728802,287823
6/11/2018,8378.189453,8399.87127,8284.263932,8320.013993,337828
6/12/2018,8372.710938,8417.514587,8315.371552,8393.371688,343452
6/13/2018,8326.836914,8445.323347,8304.226529,8385.012363,369407
6/14/2018,8318.157227,8375.682507,8271.728575,8294.060575,269078
6/15/2018,8312.212891,8352.513318,8265.227464,8352.513318,496572
6/18/2018,8332.503906,8403.957783,8299.539563,8308.407255,305144
6/19/2018,8229.570313,8343.042109,8190.059715,8329.299411,350407
6/20/2018,8309.149414,8329.299629,8229.94232,8239.22805,325981
6/21/2018,8229.988281,8344.156507,8220.610057,8336.727923,313349
6/22/2018,8240.993164,8252.228535,8180.728412,8231.799928,319027
6/25/2018,8164.943848,8235.515408,8152.872396,8235.515408,254954
6/26/2018,8293.40918,8343.552116,8125.012848,8164.941482,387769
6/27/2018,8262.720703,8368.299632,8239.227988,8297.681838,501622
6/28/2018,8144.791016,8258.773335,8111.130249,8256.869942,376404
6/29/2018,8195.212891,8264.299079,8125.29153,8125.29153,458807
7/2/2018,8190.987793,8296.798856,8171.487762,8243.870201,298529
7/3/2018,8334.083008,8352.514821,8125.014417,8194.657398,375718
7/4/2018,8562.185547,8588.60363,8313.049598,8370.156836,656141
7/5/2018,8679.417969,8723.943225,8566.782247,8568.871536,887919
7/6/2018,8651.978516,8741.539559,8598.585571,8649.657083,508241
7/9/2018,8705.27832,8747.016946,8682.156493,8723.942273,331872
7/10/2018,8850.228516,8864.064615,8710.014004,8710.014004,485745
7/11/2018,8714.379883,8848.697433,8692.37252,8848.372796,328446
7/12/2018,8679.371094,8828.871334,8659.174633,8773.156959,336960
7/13/2018,8757.417969,8816.800392,8693.532329,8736.014543,511150
7/16/2018,8714.935547,8820.421978,8686.799968,8755.514366,216426
7/17/2018,8770.745117,8802.594995,8679.373157,8683.227099,457123
7/18/2018,8697.757813,8853.015407,8632.851101,8805.007999,430624
7/19/2018,8718.462891,8760.156174,8682.156055,8736.01328,199983
7/20/2018,8727.612305,8788.015803,8668.229874,8721.15854,272916
7/23/2018,9008.086914,9053.586992,8702.586389,8773.157939,607813
7/24/2018,9130.148438,9219.801986,9030.37308,9079.587453,749626
7/25/2018,9061.897461,9170.447098,9008.086475,9149.229568,384750
7/26/2018,8725.103516,9129.450785,8692.371319,9118.400404,1261317
7/27/2018,8645.385742,8767.771473,8626.442492,8730.44266,672141
7/30/2018,8711.77832,8732.763705,8573.513455,8654.299296,539464
7/31/2018,8840.526367,8866.804804,8686.801273,8728.587062,426388
8/1/2018,8674.356445,8902.925033,8635.728174,8853.942811,700719
8/2/2018,8489.384766,8660.798951,8468.584371,8660.798951,875157
8/3/2018,8530.799805,8570.728442,8496.442605,8496.442605,470958
8/6/2018,8623.101563,8635.729794,8542.872484,8586.979706,237693
8/7/2018,8739.264648,8747.157519,8608.800144,8650.585928,381947
8/8/2018,8549.743164,8774.086032,8527.131868,8774.086032,638498
8/9/2018,8492.774414,8579.085451,8412.870893,8579.085451,651728
8/10/2018,8494.818359,8552.157745,8454.657575,8496.443362,427827
8/13/2018,8432.231445,8528.942682,8368.485455,8468.074906,348201
8/14/2018,8555.65918,8580.204211,8474.764598,8505.445658,344056
8/16/2018,8619.316406,8652.480421,8511.066318,8547.602541,465479
8/17/2018,8573.926758,8699.836566,8553.223265,8659.084626,477538
8/20/2018,8501.087891,8635.475783,8489.518454,8591.351638,449317
8/21/2018,8537.578125,8553.223306,8478.652305,8534.486781,380824
8/23/2018,8640.628906,8671.263306,8525.211735,8567.275598,751705
8/24/2018,8584.887695,8693.653765,8564.558384,8656.274034,401110
8/27/2018,8661.192383,8688.126136,8618.800997,8627.232433,326945
8/28/2018,8832.350586,8849.728529,8632.853267,8691.451562,684054
8/29/2018,8776.28125,8870.151419,8749.629276,8825.839722,433440
8/30/2018,8624.234375,8778.061419,8602.547398,8778.061419,674292
8/31/2018,8521.745117,8670.325367,8506.661668,8626.294542,634522
9/3/2018,8339.766602,8542.870311,8314.331408,8525.117274,992161
9/4/2018,8308.242188,8430.497992,8277.280268,8348.994122,530967
9/5/2018,8334.099609,8384.59491,8235.26444,8310.585637,491163
9/6/2018,8206.456055,8401.175916,8188.797248,8401.175916,687535
9/7/2018,8168.374512,8233.764792,8088.79095,8220.649226,636918
9/10/2018,8093.615234,8197.227828,8080.124573,8150.386526,577299
9/11/2018,7978.995117,8150.294331,7943.910794,8120.40921,552622
9/12/2018,7957.35498,7999.558817,7870.276803,7999.558817,634678
9/14/2018,8081.717773,8150.386943,8038.295335,8050.146551,754169
9/17/2018,7998.433105,8112.632565,7978.947307,8044.525129,422191
9/18/2018,7868.544434,8053.426725,7850.791393,7998.341525,507455
9/19/2018,7691.67041,7914.682613,7673.589848,7893.228927,959340
9/21/2018,7532.222656,7799.077676,7119.550738,7738.183976,1646047
9/24/2018,7300.733398,7560.187603,7111.166979,7560.187603,1801469
9/25/2018,7494.094238,7511.706387,7194.824937,7260.402769,1159438
9/26/2018,7347.106445,7578.830507,7328.369921,7564.871888,754963
9/27/2018,7075.894531,7380.31637,7035.751897,7354.085238,1594739
9/28/2018,6883.751953,7165.034007,6831.945192,7138.615327,1413254
10/1/2018,6992.42334,7012.143346,6750.768865,6889.419127,1034603
10/3/2018,6788.242188,6942.537635,6755.453273,6932.513413,1148091
10/4/2018,6743.976563,6827.588288,6577.455731,6698.306292,1104174
10/5/2018,6468.175781,6763.884867,6372.1511,6609.121002,1481376
10/8/2018,6454.498047,6547.478043,6346.294625,6478.152907,1393849
10/9/2018,6276.220215,6501.573565,6240.199066,6388.920219,1079041
10/10/2018,6544.526855,6604.62416,6298.516224,6321.702671,1162309
10/11/2018,6441.148926,6510.942482,6281.607597,6370.418543,869569
10/12/2018,6826.839844,6863.188516,6510.941876,6510.941876,1053651
10/15/2018,6728.285645,6876.304181,6675.870037,6857.567658,682234
10/16/2018,6699.149902,6818.220595,6673.761823,6758.263723,637012
10/17/2018,6450.610352,6787.305585,6420.491482,6780.419821,1021019
10/19/2018,6329.619141,6524.994049,6291.255927,6398.52252,903940
10/22/2018,6381.847656,6468.784945,6297.392408,6387.281065,774016
10/23/2018,6343.53125,6423.817441,6244.883631,6350.744995,734440
10/24/2018,6340.720215,6450.048009,6267.366911,6417.259094,681526
10/25/2018,6298.469727,6420.725539,6201.976634,6276.735177,2101936
10/26/2018,6292.942383,6365.733961,6089.370235,6323.576782,874526
10/29/2018,6369.199707,6379.785659,6268.350013,6297.344963,505428
10/30/2018,6273.925293,6435.012747,6253.502664,6368.544743,771389
10/31/2018,6198.416504,6332.944832,6089.370031,6332.944832,1315746
11/1/2018,6287.743164,6314.161846,6183.052838,6228.910662,842039
11/2/2018,6684.67627,6706.738342,6323.623109,6342.125425,1834118
11/5/2018,6723.834961,6796.392324,6614.038762,6687.064537,1040315
11/6/2018,6628.044922,6780.747582,6604.624268,6740.464058,667413
11/7/2018,6677.603027,6691.749194,6642.097408,6688.938715,127507
11/9/2018,6823.373535,6852.88356,6596.052752,6679.570715,986090
11/12/2018,6640.035645,6888.013689,6606.497454,6838.83032,687443
11/13/2018,6698.729004,6715.87274,6577.456671,6604.577972,572295
11/14/2018,6903.518555,6940.944942,6726.505528,6726.505528,1112945
11/15/2018,7005.866699,7040.342175,6870.261116,6912.746273,1048278
11/16/2018,6877.427734,7067.462537,6841.219041,7026.195531,806420
11/19/2018,6943.427734,6978.418284,6829.46292,6895.040753,577408
11/20/2018,6870.636719,6974.202673,6849.74522,6943.42784,637243
11/21/2018,6955.465332,6994.343615,6868.340505,6876.303527,701156
11/22/2018,6942.912109,7007.459337,6896.164578,6926.845633,668352
11/26/2018,7077.440918,7099.034578,6920.61585,6955.93438,899481
11/27/2018,7164.472168,7174.027521,7026.899148,7091.774363,783389
11/28/2018,7095.708984,7195.293424,7072.662969,7174.214835,686734
11/29/2018,7069.992676,7159.225366,7055.237664,7132.057408,725583
11/30/2018,7177.587402,7238.855742,7091.820693,7095.521339,869715
12/3/2018,7288.460449,7307.24363,7148.076966,7202.787519,772869
12/4/2018,7233.84375,7293.145121,7214.498381,7288.507649,551195
12/5/2018,7076.831543,7250.940778,7044.932795,7210.470162,704296
12/6/2018,6754.235352,7013.361086,6726.411433,6979.40114,1339030
12/7/2018,6851.899902,6885.625644,6746.085204,6786.368729,688881
12/10/2018,6886.140137,6927.828897,6717.043028,6745.147811,785024
12/11/2018,6843.842773,6881.924664,6759.715514,6783.089508,843166
12/12/2018,6999.825195,7033.035411,6834.147384,6876.304565,643037
12/13/2018,7185.925293,7213.561666,7005.117838,7005.117838,881204
12/14/2018,7178.102539,7204.193239,7069.243613,7198.572282,676653
12/17/2018,7245.460449,7307.24432,7166.720391,7205.973317,712296
12/18/2018,7281.34082,7293.19158,7171.40418,7222.929618,658919
12/19/2018,7434.652344,7447.533703,7289.44429,7289.44429,856358
12/20/2018,7313.848633,7418.726506,7273.190468,7354.0855,824303
12/21/2018,7060.203125,7340.033295,7040.24891,7335.349164,1257227
12/24/2018,7053.504395,7115.803332,6998.09122,7082.405572,611297
12/26/2018,7090.931152,7119.87899,6934.387406,7014.954457,594156
12/27/2018,7026.149414,7184.379258,7006.803588,7165.783168,704523
12/28/2018,7031.395508,7101.142399,7016.828044,7071.163962,616845
12/31/2018,6993.876465,7094.351082,6972.891648,7073.038284,547975
1/1/2019,7004.461426,7020.575018,6927.829231,6979.120462,625360
1/2/2019,6808.711914,6988.722964,6786.368519,6974.670572,891844
1/3/2019,6748.849121,6885.672401,6731.658269,6820.094569,715168
1/4/2019,6777.46875,6847.262298,6708.799577,6781.684468,774445
1/7/2019,6896.960938,6939.071457,6838.831056,6848.199318,687845
1/8/2019,6969.518555,6983.851813,6859.53525,6913.777395,516841
1/9/2019,7019.544434,7053.363948,6945.628943,6989.191358,740580
1/10/2019,6924.644043,7036.50099,6895.180679,7026.195903,452699
1/11/2019,6858.035645,6932.513321,6821.967839,6916.306412,488399
1/14/2019,6940.664063,6963.756736,6798.547353,6866.935662,424152
1/15/2019,6890.496094,6998.090658,6854.756271,6960.617616,491196
1/16/2019,6848.433105,6917.524031,6830.492977,6885.20353,424769
1/17/2019,6872.791504,6931.530692,6845.85775,6875.367776,462725
1/18/2019,6893.120117,6913.730292,6855.69373,6880.988036,334555
1/21/2019,6753.017578,6913.777038,6708.61211,6893.166863,654537
1/22/2019,6622.283691,6726.411828,6608.840145,6726.411828,896521
1/23/2019,6600.314941,6681.678385,6581.203779,6604.624433,702474
1/24/2019,6595.818359,6649.59209,6571.273331,6613.898921,520703
1/25/2019,6101.92334,6682.380913,6005.055608,6608.371647,3062762
1/28/2019,6099.72168,6192.42081,5918.586711,6101.080261,2398091
1/29/2019,6114.617676,6200.992773,6040.09288,6070.633505,1101399
1/30/2019,6134.572266,6171.811108,6096.86501,6144.643147,583773
1/31/2019,6221.603027,6239.30895,6051.943716,6159.632068,926270
2/1/2019,6522.464844,6748.895918,6232.282929,6257.062165,2545419
2/4/2019,6546.728516,6594.3191,6418.804634,6534.362228,658776
2/5/2019,6645.469727,6674.885975,6544.104959,6553.098581,681498
2/6/2019,6729.597168,6763.885098,6620.550691,6670.202479,567827
2/7/2019,6841.220215,6857.568016,6731.190248,6746.085694,690174
2/8/2019,6683.551758,6838.830687,6651.465463,6810.725904,576159
2/11/2019,6724.443848,6754.469398,6605.654483,6698.306491,502244
2/12/2019,6710.01709,6773.252853,6677.64993,6738.590287,494592
2/14/2019,6574.177734,6661.958531,6548.415014,6592.16498,622311
2/15/2019,6492.252441,6612.775502,6464.100996,6583.452567,768798
2/18/2019,6410.420898,6555.722278,6386.344282,6524.713696,509963
2/19/2019,6374.680664,6478.996355,6343.250327,6421.94373,493861
2/20/2019,6417.165527,6452.858696,6374.539936,6409.764692,534284
2/21/2019,6371.869629,6445.035842,6290.78751,6435.012076,722938
2/22/2019,6475.716797,6500.636463,6388.263987,6395.711938,764535
2/25/2019,6487.427734,6543.637307,6436.042725,6509.068511,495728
2/26/2019,6468.128906,6534.362701,6382.222219,6450.048344,673415
2/27/2019,6528.272949,6602.750627,6420.257078,6504.383883,961829
2/28/2019,6398.241699,6595.256054,6371.354606,6567.15127,1031563
3/1/2019,6497.030762,6510.942724,6395.947296,6442.366856,768822
3/5/2019,6668.094238,6705.941923,6458.901145,6510.941654,838538
3/6/2019,6611.088379,6693.52908,6567.151324,6686.924639,557197
3/7/2019,6584.997559,6644.43936,6559.656595,6630.855381,396771
3/8/2019,6527.523926,6581.203883,6511.878746,6534.362574,486432
3/11/2019,6634.509277,6671.70146,6534.36265,6539.04678,720905
3/12/2019,6705.052246,6775.126659,6647.718303,6648.655129,828847
3/13/2019,6643.081055,6747.912269,6604.624523,6723.601447,534982
3/14/2019,6638.631348,6696.433707,6602.048467,6654.276528,584482
3/15/2019,6636.476563,6704.864873,6613.992735,6659.897217,861945
3/18/2019,6458.479492,6630.340433,6348.496193,6630.340433,1336134
3/19/2019,6394.026367,6465.927778,6379.083806,6464.100784,816763
3/20/2019,6251.956055,6426.627476,6229.893982,6426.627476,1017560
3/22/2019,6138.741211,6292.005611,6119.676706,6152.137643,1715983
3/25/2019,6110.541504,6202.725093,6081.125258,6103.421535,1093184
3/26/2019,6169.65625,6183.052681,6070.633542,6143.705982,909087
3/27/2019,6106.23291,6220.525702,6089.370039,6209.283788,887601
3/28/2019,6179.539551,6206.473303,6090.494407,6122.158949,949713
4/1/2019,6408.546387,6435.995208,6276.734774,6305.588834,1142386
4/2/2019,6454.451172,6464.756259,6356.833706,6426.112181,866805
4/3/2019,6626.077148,6649.591575,6460.352705,6460.352705,1491021
4/4/2019,6663.738281,6717.043599,6615.538392,6670.20229,1388375
4/5/2019,6658.679199,6692.639146,6604.624149,6646.781325,729603
4/8/2019,6679.055664,6698.307259,6599.659644,6658.023733,498374
4/9/2019,6760.652344,6777.936969,6632.72892,6683.317531,741669
4/10/2019,6732.360352,6762.900974,6693.247862,6762.900974,590107
4/11/2019,6733.766602,6763.885474,6698.307637,6732.923549,609539
4/12/2019,6878.973633,6892.229631,6708.658373,6734.749071,929935
4/15/2019,6888.01416,6923.098482,6834.146657,6886.655579,585205
4/16/2019,6987.364258,7002.77523,6885.671966,6904.314714,707823
4/18/2019,6976.966309,7063.060543,6964.412472,7057.205379,713163
4/22/2019,6858.738281,6955.840218,6838.830726,6953.123514,479609
4/23/2019,6603.594238,6922.115152,6563.404485,6864.125701,952628
4/24/2019,6573.428711,6653.293146,6473.46917,6618.677234,1063510
4/25/2019,6469.018555,6693.575958,6431.311303,6571.601015,3075510
4/26/2019,6410.561523,6451.781878,6323.577116,6375.102559,1999920
4/30/2019,6245.257813,6323.576571,6211.157432,6276.735263,1640025
5/2/2019,6261.042969,6286.056408,6112.79024,6136.210892,1337101
5/3/2019,6286.103516,6351.681347,6253.3146,6253.3146,795679
5/6/2019,6285.775391,6306.713546,6219.86958,6238.325238,480317
5/7/2019,6278.608887,6356.599664,6257.998711,6318.798637,586684
5/8/2019,6230.03418,6270.177271,6198.041659,6257.061705,552749
5/9/2019,6206.42627,6256.124711,6183.052275,6217.714841,570000
5/10/2019,6212.657227,6243.853359,6159.632768,6204.600429,608669
5/13/2019,6130.356445,6238.60653,6089.370299,6207.4104,555672
5/14/2019,6160.756836,6194.295032,6042.529183,6099.675583,843313
5/15/2019,6083.515137,6220.525968,6054.988596,6173.684658,612357
5/16/2019,6070.306152,6114.945832,6034.472548,6094.991616,555991
5/17/2019,6283.152832,6361.049838,6075.31785,6086.559764,782196
5/20/2019,6637.038574,6698.306912,6426.627331,6440.679723,1286198
5/21/2019,6441.008301,6686.831412,6387.281225,6656.150353,973836
5/22/2019,6463.913086,6492.720491,6408.82789,6442.74118,645280
5/23/2019,6491.50293,6603.781641,6398.52293,6554.036078,1364516
5/24/2019,6645.048828,6670.202704,6451.687987,6524.947981,1002742
5/27/2019,6621.90918,6739.433749,6464.147285,6646.781732,1022289
5/28/2019,6608.980469,6679.57041,6587.293035,6620.550363,915732
5/29/2019,6456.091309,6566.215049,6435.996203,6558.720439,768022
5/30/2019,6433.841309,6483.773961,6393.838648,6454.732349,850456
5/31/2019,6435.855469,6521.527949,6393.838723,6455.669251,1084204
6/3/2019,6579.236328,6609.308539,6332.944823,6332.944823,1157809
6/4/2019,6606.310547,6650.528925,6531.317796,6557.783135,575281
6/6/2019,6547.197266,6650.52901,6490.331734,6614.180337,720856
6/7/2019,6509.302734,6548.415229,6429.110319,6548.415229,470376
6/10/2019,6529.631348,6598.347177,6484.710353,6539.046267,395116
6/11/2019,6537.454102,6574.833833,6492.205579,6548.368493,387309
6/12/2019,6419.132813,6527.757988,6393.885165,6523.869794,494886
6/13/2019,6356.084961,6430.094231,6338.846993,6410.701746,561159
6/14/2019,6321.140625,6406.953991,6302.357444,6346.997118,449930
6/17/2019,6165.86084,6340.485117,6146.047061,6323.013404,567397
6/18/2019,6032.223633,6228.957126,5986.319151,6187.268362,1048826
6/19/2019,6018.779297,6146.187638,5976.950106,6075.31684,715496
6/20/2019,6198.744629,6228.957273,5939.71219,5986.319293,992450
6/21/2019,6011.847656,6135.274502,5967.770169,6135.274502,1345890
6/24/2019,6051.803223,6086.653339,5923.41138,6005.992515,911826
6/25/2019,6110.449219,6126.843678,6021.310293,6050.960752,580392
6/26/2019,6070.914063,6143.518086,6051.99045,6107.169416,572239
6/27/2019,6076.910156,6159.631719,6065.949108,6085.810004,1022011
6/28/2019,6121.831055,6136.211428,6065.949465,6089.370119,618701
7/1/2019,6096.724121,6199.91543,6080.001683,6183.052559,754667
7/2/2019,6145.579102,6172.55951,6072.506667,6098.784456,518084
7/3/2019,6121.03418,6173.683989,6103.46869,6166.189381,517709
7/4/2019,6131.012207,6171.810804,6098.925911,6126.843148,576449
7/5/2019,5958.214355,6163.379284,5902.004786,6133.588395,866460
7/8/2019,5657.212402,5886.219286,5607.513499,5883.362149,1927495
7/9/2019,5569.853027,5686.534537,5536.642358,5677.166276,1337999
7/10/2019,5553.411133,5616.272253,5527.273777,5582.546515,809385
7/11/2019,5650.186035,5667.798184,5555.379046,5596.599397,779113
7/12/2019,5594.211426,5705.271997,5575.943313,5637.539641,719883
7/15/2019,5695.622559,5710.892643,5578.800146,5602.220801,675004
7/16/2019,5769.021973,5782.09088,5673.419049,5695.856218,627259
7/17/2019,5691.874512,5783.964334,5667.797898,5778.343378,598778
7/18/2019,5510.740234,5673.139164,5487.46001,5671.921015,1097857
7/19/2019,5404.644043,5537.532929,5349.371298,5513.222106,1228672
7/22/2019,5538.983887,5564.746602,5382.112185,5414.854438,897510
7/23/2019,5502.682129,5595.099929,5452.515276,5536.642074,841517
7/24/2019,5403.612793,5494.484922,5363.610137,5494.484922,800687
7/25/2019,5393.07373,5475.701977,5340.892333,5423.380147,990461
7/26/2019,5438.884766,5578.799846,5324.826179,5366.140305,2346714
7/29/2019,5209.924316,5405.486771,5190.016761,5405.486771,1548125
7/30/2019,5159.241699,5288.242835,5145.048875,5210.626702,1189163
7/31/2019,5124.157715,5229.643964,5102.001412,5176.713291,1053202
8/1/2019,5220.557617,5260.278955,5105.702637,5124.158296,1134178
8/2/2019,5329.932129,5362.393065,5138.491607,5189.642408,1391678
8/5/2019,5312.132324,5335.224998,5107.57624,5246.226512,1122496
8/6/2019,5464.788086,5479.49644,5283.699765,5283.699765,1125521
8/7/2019,5410.170898,5496.358902,5373.353815,5465.396982,955090
8/8/2019,5529.382324,5571.305296,5363.329884,5363.329884,831725
8/9/2019,5714.54541,5766.16462,5552.755818,5562.545376,1445079
8/13/2019,5448.066406,5736.187137,5425.675893,5714.359268,909354
8/14/2019,5524.57959,5636.096974,5423.890897,5501.78215,1030939
8/16/2019,5675.660156,5694.610714,5309.903902,5514.130975,1207075
8/19/2019,5682.784668,5722.5378,5615.390008,5698.4106,902389
8/20/2019,5880.742188,5920.685016,5660.461557,5702.209554,2198337
8/21/2019,5916.790527,5961.530596,5833.294996,5911.186249,2128640
8/22/2019,5897.459473,5982.902555,5858.941487,5889.338071,1551394
8/23/2019,5940.965332,5964.950138,5737.355608,5851.342805,1232405
8/26/2019,5942.104492,6142.674822,5809.689467,6136.310351,1552155
8/27/2019,5963.192871,6022.323731,5942.532691,5981.953264,1078065
8/28/2019,5797.578613,5934.933276,5765.85227,5934.933276,1242304
8/29/2019,5804.038086,5887.43853,5761.102724,5797.578533,1006756
8/30/2019,5816.908691,5850.629901,5749.608663,5836.144029,794518
9/3/2019,5746.569824,5822.846073,5701.4972,5732.606207,1173373
9/4/2019,5538.590332,5771.741827,5509.381113,5758.253157,1964992
9/5/2019,5669.580566,5697.460028,5501.069587,5514.13062,1149196
9/6/2019,5876.942383,5908.33617,5663.358787,5697.175081,1524051
9/9/2019,6018.049316,6047.923648,5737.355832,5780.101032,2061193
9/11/2019,6266.730957,6297.792654,5970.174544,6012.82466,2492039
9/12/2019,6071.765137,6307.29136,6050.820175,6236.049365,1892862
9/13/2019,6127.097168,6186.465505,6022.324112,6111.614091,1929801
9/16/2019,6091.428711,6163.85808,6022.41905,6031.72782,1377371
9/17/2019,5823.225586,6122.869602,5803.847856,6088.815836,1706567
9/18/2019,5789.647461,5900.547513,5686.631802,5856.092688,1955137
9/19/2019,5672.525391,5865.591206,5644.645929,5831.395047,1721431
9/20/2019,6261.649414,6601.568365,5682.689439,5713.608281,4892962
9/23/2019,6552.222656,6649.25418,6341.583783,6341.583783,3140286
9/24/2019,6657.897461,6818.23927,6511.518805,6587.510272,2354230
9/25/2019,6305.867188,6649.253644,6271.196079,6649.253644,2296343
9/26/2019,6513.846191,6554.168885,6346.284637,6364.285301,1893865
9/27/2019,6434.291992,6568.511721,6397.530938,6516.267593,1457894
9/30/2019,6379.293457,6468.39373,6307.291728,6433.627541,1264165
10/1/2019,6442.176758,6506.769506,6316.790834,6383.28337,1473158
10/3/2019,6415.626953,6454.477962,6345.287537,6446.54626,850852
10/4/2019,6316.411133,6502.875018,6286.774274,6452.625751,1065056
10/7/2019,6297.650879,6363.335915,6229.543336,6340.253691,696713
10/9/2019,6382.85498,6405.889892,6259.796496,6295.892439,1017731
10/10/2019,6274.473145,6404.275977,6229.637993,6364.285374,985523
10/11/2019,6363.240234,6383.283076,6294.277887,6294.277887,835065
10/14/2019,6479.317383,6530.088902,6360.532945,6362.338114,963217
10/15/2019,6635.716797,6667.300748,6467.823164,6469.722951,1276061
10/16/2019,6625.506348,6662.457107,6549.514877,6652.531,876844
10/17/2019,6766.945313,6797.009345,6592.260014,6627.406069,1248295
10/18/2019,6936.40625,7076.705688,6707.814501,6726.479813,1463126
10/22/2019,6892.663086,7021.611098,6869.628174,6965.567395,959552
10/23/2019,7067.443848,7097.602961,6839.231975,6840.229178,1278695
10/24/2019,7021.041016,7100.452186,6906.673959,7086.203787,1658859
10/25/2019,7096.794922,7132.748474,6985.372628,7025.885483,1353615
10/27/2019,7050.203125,7124.19972,7021.658553,7102.352174,128351
10/29/2019,7334.411621,7369.938005,7011.970589,7044.409356,1396732
10/30/2019,7178.296387,7365.140121,7161.910727,7355.973744,1243366
10/31/2019,7180.623535,7261.934497,7126.099751,7231.442828,1067275
11/1/2019,7236.904785,7265.734141,7167.040316,7219.142058,1151035
11/4/2019,7052.008301,7242.936866,7036.287751,7171.694864,824953
11/5/2019,7018.761719,7164.048087,6957.968546,7057.660036,1207089
11/6/2019,6944.8125,7043.459015,6929.471816,7024.461148,923041
11/7/2019,6922.015137,6988.365279,6878.177652,6988.365279,877885
11/8/2019,6839.753906,7000.713509,6818.381307,6921.35011,983936
11/11/2019,6779.672852,6874.805031,6719.544795,6801.235614,864507
11/13/2019,6796.106934,6810.592807,6739.493198,6772.739465,687017
11/14/2019,6884.019043,6905.724197,6801.235936,6801.235936,802462
11/15/2019,6789.077148,6990.264351,6759.630458,6934.22065,1049492
11/18/2019,6742.770508,6817.384444,6720.495324,6791.737324,537228
11/19/2019,6692.425781,6796.486404,6679.649531,6787.937365,755114
11/20/2019,6794.349609,6856.33015,6691.048708,6763.240602,1289948
11/21/2019,6667.348633,6839.232017,6653.812653,6791.737351,763454
11/22/2019,6706.674316,6722.822502,6649.253081,6681.549453,685503
11/25/2019,6873.522949,6899.549933,6687.533564,6720.685211,952419
11/26/2019,6767.989746,6909.523847,6729.044121,6875.327689,1249810
11/27/2019,6928.901367,6934.220862,6807.505193,6807.505193,1070680
11/28/2019,6897.412598,6954.263803,6859.132084,6934.030798,602077
11/29/2019,6882.784668,6928.379548,6774.63922,6890.526206,792083
12/2/2019,6781.621582,6929.330007,6750.654964,6925.672824,703838
12/3/2019,6781.097656,6877.227037,6706.246255,6784.754838,668269
12/4/2019,6721.540527,6810.735421,6698.648005,6772.549523,737723
12/5/2019,6661.458984,6768.131811,6640.276087,6734.743156,602894
12/6/2019,6541.630859,6696.748261,6520.163176,6661.459815,770911
12/9/2019,6644.266113,6751.841529,6603.99073,6655.902306,1479832
12/10/2019,6614.724609,6695.750789,6559.013458,6667.301298,790378
12/11/2019,6642.793457,6682.498808,6606.697515,6649.252545,603048
12/12/2019,6649.062988,6692.900935,6625.980766,6678.129816,932863
12/13/2019,6853.433594,6885.777279,6677.893015,6691.001822,1199360
12/16/2019,6782.286133,6894.041462,6767.990423,6877.228163,727854
12/17/2019,6834.624512,6911.898422,6806.935215,6848.635438,939918
12/18/2019,6877.845703,6891.429457,6805.036465,6858.230497,841740
12/19/2019,6877.845703,6943.720905,6806.936252,6885.730097,1001697
12/20/2019,6897.650391,6938.353412,6865.354018,6877.845022,679779
12/23/2019,6992.070313,7008.883611,6886.822308,6910.474561,914067
12/24/2019,6960.628418,7051.723563,6936.121355,7026.361224,850537
12/26/2019,6878.08252,6975.494359,6860.129628,6966.517681,556360
12/27/2019,6976.871582,6999.289158,6888.056554,6903.824876,665383
12/30/2019,7044.645996,7059.559506,6973.736556,7008.312578,739631
12/31/2019,6999.383789,7041.084012,6986.702621,7041.084012,560622
1/1/2020,6945.334961,7038.661977,6917.170254,7007.362807,634725
1/2/2020,6962.575195,6998.81353,6945.619508,6960.437935,616838
1/3/2020,6890.763672,6964.617878,6863.929185,6961.720889,571967
1/6/2020,6689.52832,6848.730526,6674.42511,6839.231594,748516
1/7/2020,6719.165527,6806.555713,6674.330377,6744.242618,590500
1/8/2020,6682.688965,6760.057489,6630.682311,6706.246131,793313
1/9/2020,6865.733887,6877.227689,6746.14241,6782.238356,798184
1/10/2020,6963.193359,6981.621198,6871.908514,6897.555635,747847
1/13/2020,6984.280762,7000.713731,6915.033168,6964.617785,537399
1/14/2020,7016.671387,7040.988747,6958.538197,6986.464966,548522
1/15/2020,7108.004395,7128.949357,6984.565572,7018.714423,692726
1/16/2020,7088.721191,7144.147559,7049.348392,7082.87944,640207
1/17/2020,7143.340332,7190.597526,7060.129582,7094.75338,750738
1/20/2020,7076.325195,7152.221577,7049.205463,7144.384957,407828
1/21/2020,6936.738281,7062.124198,6922.632273,7040.134261,442561
1/22/2020,6778.059082,7005.416148,6751.794624,6972.21719,1048435
1/23/2020,6788.98291,6858.230043,6766.232779,6787.367906,589326
1/24/2020,6771.26709,6848.730703,6754.92874,6790.597047,645723
1/27/2020,6790.597168,6862.979224,6707.19672,6745.6674,573149
1/28/2020,6646.450195,6858.181766,6614.106517,6820.186037,1614448
1/29/2020,6659.037598,6759.67899,6625.506546,6658.752815,1001252
1/30/2020,6668.679199,6695.79847,6631.20572,6668.251562,579174
1/31/2020,6567.087891,6710.046844,6550.037119,6682.499936,868935
2/3/2020,6659.986816,6691.856015,6440.276678,6440.276678,1010531
2/4/2020,6838.852051,6853.480315,6650.203144,6668.251117,973311
2/5/2020,6688.103027,6869.247848,6673.569847,6853.479528,718489
2/6/2020,6669.770508,6763.572466,6627.215012,6720.494714,875714
2/7/2020,6622.418945,6696.7481,6587.510365,6686.299273,645814
2/10/2020,6547.519531,6638.899454,6507.814176,6625.505865,593773
2/11/2020,6681.312012,6733.793617,6565.947285,6601.758448,743160
2/12/2020,6690.383301,6753.741369,6656.804944,6702.542213,599364
2/13/2020,6654.050293,6702.447545,6578.011515,6696.748185,723169
2/14/2020,6567.372559,6733.746752,6555.214109,6649.300861,614859
2/17/2020,6560.675781,6630.255468,6535.266135,6573.261868,463548
2/18/2020,6441.321777,6582.760802,6398.291331,6578.011335,830678
2/19/2020,6418.049805,6511.471913,6292.663877,6506.769755,1033939
2/20/2020,6418.999023,6466.445915,6383.282943,6422.228568,682513
2/24/2020,6146.189941,6373.784485,6117.123112,6373.784485,1091346
2/25/2020,6093.138184,6183.805689,6057.042236,6179.436087,964897
2/26/2020,5922.442871,6049.728585,5876.087796,6031.823002,1580738
2/27/2020,5974.638672,6020.471023,5857.801796,5917.835238,1492657
2/28/2020,5968.274414,6048.302921,5797.38871,5854.23945,1468843
3/2/2020,5970.222168,6116.88561,5936.833509,6080.220098,1219764
3/3/2020,6066.065918,6100.357159,5965.804866,6001.425864,849199
3/4/2020,6064.45166,6102.114838,5897.88777,6069.818465,904360
3/5/2020,6046.974121,6140.110984,6013.015432,6090.621445,645853
3/6/2020,6122.965332,6155.309016,5794.491928,5885.919164,1140899
3/9/2020,5890.383789,6054.620258,5774.781582,5985.278043,1082030
3/11/2020,5838.329102,5994.729407,5799.098693,5851.342826,937029
3/12/2020,5360.390625,5641.701451,5277.179874,5641.701451,1345964
3/13/2020,5546.046875,5759.677776,4562.384632,5058.371769,1480205
3/16/2020,5205.652344,5402.992661,5129.423412,5356.068029,933412
3/17/2020,5323.154785,5458.989528,5226.312977,5226.312977,1238640
3/18/2020,5084.446289,5403.75283,5046.355475,5386.844914,973395
3/19/2020,4578.058105,4841.226325,4419.425923,4625.980408,2554559
3/20/2020,4824.698242,4963.1925,4571.456595,4625.030485,1614552
3/23/2020,4008.882324,4549.988956,3933.508197,4345.761894,1531965
3/24/2020,4261.648926,4341.012324,3828.069949,4123.486762,1746431
3/25/2020,4755.118652,4900.879504,4094.135293,4216.576449,1728819
3/26/2020,4633.580566,4863.454797,4511.994196,4772.692657,1338787
3/27/2020,4413.298828,4879.126354,4326.763466,4844.455253,1339426
3/30/2020,4111.566406,4407.45821,4056.04495,4357.588805,1528082
3/31/2020,4073.427002,4244.170312,3999.050547,4227.024925,2140261
4/1/2020,4033.57959,4203.135547,3980.148091,4075.04234,1323842
4/3/2020,3810.497314,4053.195074,3800.618516,4037.046887,1724808
4/7/2020,4325.481934,4381.763117,3913.560759,3942.05756,2688172
4/8/2020,4462.693359,4678.224035,4185.704408,4185.704408,2798833
4/9/2020,5059.75,5128.474886,4498.885674,4554.216969,3786650
4/13/2020,5018.428711,5075.659782,4750.416408,5020.186106,2192268
4/15/2020,4839.041504,5081.929419,4788.412374,5041.558952,2094519
4/16/2020,4873.712402,4966.042217,4720.969744,4765.614729,1752169
4/17/2020,5229.163086,5322.205329,4950.559542,5058.182277,2192902
4/20/2020,5064.213867,5294.65808,5015.436752,5235.812003,1555307
4/21/2020,4750.511719,4874.187554,4639.754062,4874.187554,1843169
4/22/2020,4921.255371,4985.278094,4740.918014,4758.016096,1991584
4/23/2020,4897.981934,4981.810009,4792.211232,4909.99799,1454061
4/24/2020,4792.829102,4882.451628,4777.963364,4844.455896,1070808
4/27/2020,4802.993164,4963.192579,4741.439799,4892.045662,1432313
4/28/2020,4799.525879,4863.45351,4740.204859,4834.956712,1172062
4/29/2020,4814.486816,4844.455764,4759.962571,4844.455764,1038094
4/30/2020,5090.288574,5153.171703,4865.354002,4865.354002,2341081
5/4/2020,4641.463379,4873.190032,4597.483505,4840.656187,1742771
5/5/2020,4587.841797,4777.535192,4559.487392,4744.716567,1570620
5/6/2020,4600.570801,4749.466578,4473.997516,4598.623705,2214528
5/7/2020,4511.328125,4688.056054,4497.744836,4654.002286,1530808
5/8/2020,4420.946289,4634.529914,4405.130657,4629.780446,1828141
5/11/2020,4690.383789,4763.335886,4493.138503,4511.993981,3176473
5/12/2020,4703.207031,4735.218625,4455.047379,4667.776193,3124672
5/13/2020,4783.758301,5051.010905,4736.406021,4986.940409,3304845
5/14/2020,4857.80127,4887.20065,4609.024326,4659.226276,2590674
5/15/2020,4844.835938,4866.493784,4712.563289,4853.955006,2182462
5/18/2020,4484.399414,4839.706853,4446.02335,4825.838317,3164086
5/19/2020,4564.521973,4654.477051,4517.454946,4599.383241,2108177
5/20/2020,4646.831055,4673.475378,4507.718985,4515.793079,1518296
5/21/2020,4797.056641,4819.568835,4607.980085,4644.978618,1868166
5/22/2020,4877.037109,4891.95062,4683.686509,4758.965555,1935875
5/26/2020,4983.282715,5020.945892,4902.066837,4939.445231,1508751
5/27/2020,4981.620605,5025.885728,4878.08223,5005.937968,1534655
5/28/2020,5194.349121,5219.663685,4958.443027,5003.088012,2325084
5/29/2020,5329.661133,5382.807848,5105.676479,5105.676479,3386733
6/1/2020,5503.301758,5570.791489,5382.950095,5404.892722,2340994
6/2/2020,5404.987793,5555.925741,5343.24473,5507.243711,2110719
6/3/2020,5342.200684,5539.778518,5325.102602,5442.889388,1652859
6/4/2020,5405.083496,5433.342824,5292.805913,5374.496744,1642049
6/5/2020,5458.277344,5495.13302,5386.940261,5441.273882,1236658
6/8/2020,5447.448242,5556.876143,5415.816979,5556.876143,1176769
6/9/2020,5378.581055,5497.032944,5338.400751,5465.686462,1336806
6/10/2020,5391.214844,5452.387883,5333.651213,5371.646948,1432292
6/11/2020,5154.263184,5403.942718,5129.70835,5354.548269,1766481
6/12/2020,5283.068848,5327.286193,4940.394854,4940.394854,2064628
6/15/2020,5201.378418,5305.154265,5120.922267,5243.411198,1530562
6/16/2020,5226.50293,5331.323281,5129.423652,5309.903373,1184933
6/17/2020,5439.279297,5522.157489,5172.169111,5172.169111,3454833
6/18/2020,5428.070313,5469.485754,5358.348235,5409.642475,1580214
6/19/2020,5601.853516,5637.616907,5421.041228,5462.836534,1854589
6/22/2020,5600.570801,5675.61237,5515.412961,5604.370374,1497563
6/23/2020,5591.546875,5706.199181,5568.796745,5604.370434,1398070
6/24/2020,5466.967773,5640.465669,5442.887889,5640.465669,1268449
6/25/2020,5473.569824,5553.835806,5367.846888,5392.544114,1266203
6/26/2020,5466.540527,5518.879738,5409.642015,5509.380805,1063057
6/29/2020,5394.15918,5509.38105,5366.897057,5442.88852,1102655
6/30/2020,5545.761719,5580.148041,5396.77133,5461.886328,2015814
7/1/2020,5512.326172,5590.122344,5485.634076,5545.762139,1284965
7/2/2020,5650.393066,5661.364149,5474.045002,5556.875884,1470941
7/3/2020,5634.862305,5688.531278,5588.269759,5650.393153,1059779
7/6/2020,5816.766602,5839.659122,5628.117703,5664.641285,1385081
7/7/2020,5914.748047,5936.833066,5787.367264,5832.344804,1799721
7/8/2020,5741.534668,5922.584414,5720.827181,5914.747795,1204072
7/9/2020,5701.592285,5790.549702,5634.149859,5775.351409,1043427
7/10/2020,5657.232422,5780.196306,5624.318709,5680.362418,1168821
7/13/2020,5688.768555,5755.64095,5630.777291,5699.359772,1035069
7/14/2020,5482.546875,5660.176929,5461.886695,5652.815256,1602929
7/15/2020,5510.615723,5585.182345,5466.635849,5518.87998,1246705
7/16/2020,5580.955566,5623.368209,5463.786138,5517.930055,1018658
7/17/2020,5622.893066,5657.56417,5557.825379,5602.470362,810152
7/20/2020,5573.499023,5638.566715,5520.779944,5637.616822,912610
7/21/2020,5823.653809,5841.844174,5604.370833,5622.893754,1854694
7/22/2020,5702.589355,5821.896047,5642.08143,5810.497327,1140092
7/23/2020,5762.004883,5784.849629,5668.915349,5711.707852,701651
7/24/2020,5700.024902,5744.337332,5634.862129,5708.858724,793324
7/27/2020,5740.489746,5759.060438,5631.014548,5706.9587,902597
7/28/2020,5967.989746,6003.65852,5728.949178,5746.85476,1774828
7/29/2020,5875.23291,5979.57879,5812.350247,5955.784147,2057197
7/30/2020,5951.461426,6073.285242,5860.889006,5874.187513,2217867
7/31/2020,5948.944336,6060.176935,5897.88757,5951.081596,1613555
8/3/2020,5856.283203,6114.891691,5818.144611,6060.320128,1836582
8/4/2020,6040.324707,6057.327706,5875.090568,5888.389075,1223516
8/5/2020,6199.241211,6267.111273,6060.319314,6068.773272,2278663
8/6/2020,6227.262695,6255.854575,6111.993056,6207.505101,1233252
8/7/2020,6344.337402,6411.304881,6157.066029,6172.406714,1567980
8/10/2020,6277.750488,6391.547998,6246.499088,6354.786937,1601750
8/11/2020,6316.030762,6377.108716,6279.744652,6331.03889,880808
8/12/2020,6393.067383,6438.424793,6261.792393,6278.748083,1114981
8/13/2020,6451.867188,6490.540243,6378.40303,6450.238124,1087096
8/14/2020,6314.379395,6464.80591,6279.731498,6459.870049,905793
8/17/2020,6487.089355,6507.743968,6314.37917,6383.194807,1028536
8/18/2020,6606.606934,6637.085065,6479.901284,6487.089566,1322527
8/19/2020,6699.766602,6723.152855,6598.891038,6636.222372,1326450
8/20/2020,6684.81543,6708.105278,6594.098929,6604.689947,958157
8/21/2020,6683.185547,6771.361808,6662.099919,6755.068369,971836
8/24/2020,6788.135254,6804.907914,6665.934443,6694.687575,961177
8/25/2020,6814.444336,6877.461615,6781.569642,6804.907694,1047620
8/26/2020,6717.354492,6860.497261,6682.227843,6814.49225,992395
8/27/2020,6802.990723,6831.456509,6671.492884,6750.27665,1158891
8/28/2020,6808.836914,6858.579734,6736.3312,6828.868167,1019984
8/31/2020,6555.666504,6862.41432,6508.223835,6841.328689,1580774
9/1/2020,6618.635742,6726.987414,6519.29376,6575.314635,1117127
9/2/2020,6633.10791,6689.895346,6567.598598,6618.491735,776392
9/3/2020,6778.645996,6821.104595,6633.10715,6637.18051,947751
9/4/2020,6891.262695,7019.597404,6675.56602,6694.687038,2185292
9/7/2020,6909.520996,6996.595154,6832.941918,6924.712327,1348919
9/8/2020,6923.753418,6975.50905,6840.992235,6919.919667,1145062
9/9/2020,6915.367676,6954.759559,6825.226796,6900.751501,1273303
9/10/2020,6931.085449,6996.019599,6870.080987,6962.091,978701
9/11/2020,6894.617188,7044.420805,6876.790154,6977.378372,1383019
9/14/2020,6832.558594,6938.705568,6790.531008,6918.961658,1003491
9/15/2020,6759.668945,6876.790215,6713.855812,6866.2474,894418
9/16/2020,6764.60498,6871.039291,6748.359276,6779.987717,920570
9/17/2020,6791.345703,6817.271255,6652.515912,6756.5064,1133411
9/18/2020,6675.279297,6851.871452,6643.507179,6850.913014,1143550
9/21/2020,6351.519043,6696.50842,6316.104582,6675.279118,1290480
9/22/2020,6172.866211,6408.067215,6049.994769,6397.572134,2665724
9/23/2020,6231.09082,6277.719189,6114.832515,6193.424406,1456226
9/24/2020,6035.953125,6217.193315,6009.547886,6167.54643,1237674
9/25/2020,6227.640625,6247.623676,6067.868878,6129.208889,1316468
9/28/2020,6424.408203,6440.701645,6270.38707,6305.561923,1099583
9/29/2020,6462.505859,6530.123453,6393.737954,6468.496095,1199391
9/30/2020,6463.177246,6498.160224,6393.738244,6431.117316,812841
10/1/2020,6513.830078,6621.846196,6493.798823,6553.988993,1255993
10/5/2020,6535.443359,6591.751577,6464.662638,6579.675168,833476
10/6/2020,6605.935547,6651.365398,6546.129131,6572.965385,756192
10/7/2020,6754.014648,6776.154653,6580.201875,6632.388996,1101957
10/8/2020,6785.595215,6843.245149,6729.191063,6795.323264,851205
10/9/2020,6768.870117,6861.45529,6710.022138,6766.56996,839682
10/12/2020,6840.034668,6857.622094,6713.856432,6814.492396,799712
10/13/2020,6740.596191,6886.374655,6730.149314,6838.452771,819414
10/14/2020,6711.316895,6780.947306,6639.529998,6747.401983,779630
10/15/2020,6606.127441,6756.889497,6572.678061,6736.858243,681316
10/16/2020,6608.332031,6689.895173,6577.757962,6608.427969,657914
10/19/2020,6567.166992,6689.894745,6541.336911,6685.102557,548457
10/20/2020,6560.12207,6660.182862,6526.960036,6533.669099,659864
10/21/2020,6576.65625,6658.842288,6483.495912,6617.054308,911967
10/22/2020,6528.445801,6574.882292,6493.606967,6544.212287,584523
10/23/2020,6808.022461,6828.581136,6548.04624,6572.96562,1758998
10/26/2020,6761.585449,6863.659054,6646.812546,6804.907016,1559351
10/27/2020,6860.880371,6910.096241,6759.861131,6773.279258,1461819
10/28/2020,6887.380859,7027.265025,6814.491861,6895.911329,1645177
10/29/2020,6821.87207,6899.792867,6696.316734,6818.325664,1434852
10/30/2020,6675.662109,6814.491901,6595.009672,6784.828067,1360249
11/2/2020,6582.885742,6760.244453,6565.298317,6752.097733,1059351
11/3/2020,6626.014648,6673.840591,6567.645892,6651.556917,926491
11/4/2020,6665.022949,6760.818977,6622.32474,6626.014819,901404
11/5/2020,6798.006836,6809.604026,6689.559702,6728.232757,843221
11/6/2020,6620.504395,6838.453035,6603.635797,6797.240214,1378439
11/9/2020,6586.527832,6740.309355,6531.753209,6699.432079,1479540
11/10/2020,6511.098633,6684.144368,6480.428627,6683.281868,1695413
11/11/2020,6572.342773,6617.053798,6472.425644,6573.924102,1481918
11/12/2020,6552.694336,6641.972707,6509.708315,6572.00676,1418041
11/13/2020,6526.242188,6594.051658,6503.95851,6594.051658,970632
11/14/2020,6567.45459,6574.786544,6550.92154,6565.298105,128193
11/17/2020,6691.285156,6706.092738,6577.758022,6579.674897,1243068
11/18/2020,6761.107422,6776.155082,6659.225673,6689.847948,1400300
11/19/2020,6673.888672,6833.660415,6627.788196,6738.775088,1305695
11/20/2020,6676.333008,6728.232313,6617.053545,6670.29457,923474
11/23/2020,6697.322754,6751.234872,6644.465011,6747.401122,735755
11/24/2020,6860.880371,6909.377413,6756.985818,6756.985818,1910670
11/25/2020,6762.44873,6950.925401,6725.357006,6948.672979,947742
11/26/2020,6703.553223,6802.991139,6616.095778,6785.73926,1068945
11/27/2020,6743.375977,6815.450681,6641.973452,6747.688946,2123905
12/1/2020,6806.537109,6844.970086,6685.294742,6844.970086,1076695
12/2/2020,6906.981445,6919.920355,6809.700017,6814.492205,1106734
12/3/2020,7417.445313,7459.376962,6948.290057,6948.673339,3846792
12/4/2020,7478.833008,7555.028805,7323.662039,7473.897147,2393536
12/7/2020,7421.566406,7509.359393,7370.385927,7503.416892,1037296
12/8/2020,7440.064941,7680.105396,7379.970707,7425.975719,1885285
12/9/2020,7388.835938,7475.766425,7372.302887,7451.853217,822760
12/10/2020,7414.474121,7523.73602,7389.554741,7437.476626,1186739
12/11/2020,7412.125488,7471.692764,7379.970092,7456.597371,706875
12/14/2020,7376.90332,7499.775224,7336.84081,7485.398658,1038032
12/15/2020,7442.508301,7466.229634,7322.990933,7376.903053,891801
12/16/2020,7472.316406,7570.69995,7447.061477,7494.983366,963504
12/17/2020,7374.219727,7506.388193,7308.087525,7475.718186,734075
12/18/2020,7245.548828,7405.847521,7228.296951,7393.387832,1078328
12/21/2020,7069.532227,7283.167891,6975.605334,7245.788821,970306
12/22/2020,7088.030762,7128.860305,6905.640237,7073.270913,1138240
12/23/2020,7140.313477,7241.572331,7086.688697,7092.822605,951805
12/24/2020,7136.574219,7219.670947,7106.048355,7195.230788,589281
12/28/2020,7171.989258,7229.495519,7144.194565,7154.737379,521320
12/29/2020,7142.613281,7231.41244,7109.978197,7207.451498,538719
12/30/2020,7296.490234,7317.671801,7121.192074,7185.407399,1029800
12/31/2020,7331.665527,7377.095383,7264.958166,7298.167941,908515
1/1/2021,7371.631836,7426.454661,7332.048545,7335.882296,767574
1/4/2021,7382.174805,7432.876535,7324.956353,7417.349657,598645
1/5/2021,7337.271973,7354.092367,7270.708288,7341.632677,562668
1/6/2021,7311.537598,7426.933398,7241.475711,7335.881821,840678
1/7/2021,7251.587402,7384.187352,7238.217477,7356.967815,642968
1/8/2021,7681.782227,7725.00786,7284.126519,7284.126519,2557157
1/11/2021,7890.577637,7943.531317,7554.788909,7762.3866,2182019
1/12/2021,7847.73584,7982.827825,7801.683094,7821.810287,1514072
1/13/2021,7801.538574,7907.110385,7773.887555,7847.687252,877225
1/14/2021,7810.739746,7840.019829,7689.976604,7825.451389,718274
1/15/2021,7691.222656,7877.878392,7667.549059,7818.11971,751177
1/18/2021,7505.189941,7690.456226,7423.099848,7678.044271,771183
1/19/2021,7593.317871,7658.203816,7509.358643,7571.657088,779892
1/20/2021,7806.427246,7830.435923,7533.559849,7554.405868,999226
1/21/2021,7741.061523,7923.404292,7688.060107,7863.981156,769494
1/22/2021,7714.321289,7962.700323,7667.501514,7748.968718,1172914
1/25/2021,7649.77002,7825.355982,7619.675171,7779.63832,753043
1/27/2021,7543.76709,7753.76088,7495.461924,7660.74469,1080785
1/28/2021,7273.103516,7652.692529,7247.70492,7514.150565,2085637
1/29/2021,6907.124512,7365.59325,6871.997866,7365.59325,3069968
2/1/2021,7092.24707,7164.321772,6854.746397,6963.241731,1611478
2/2/2021,7336.553223,7446.821292,7178.842019,7221.732106,1700845
2/3/2021,7273.774902,7395.736088,7165.135906,7360.80085,1491567
2/4/2021,7322.464355,7442.269073,7216.125501,7284.126846,1198036
2/5/2021,7182.67627,7414.474536,7150.904151,7360.802021,1128089
2/8/2021,7259.782227,7320.547083,7163.84252,7202.659247,912372
2/9/2021,7310.052246,7360.801711,7259.207312,7265.916376,925127
2/10/2021,7304.924316,7355.912918,7194.080629,7289.110095,1015600
2/11/2021,7348.677246,7422.141401,7253.120822,7284.126375,818869
2/12/2021,7253.935547,7356.009159,7213.106008,7303.391025,756833
2/15/2021,7280.916016,7331.186263,7264.958121,7284.126876,470093
2/16/2021,7377.142578,7474.855487,7308.32694,7321.505458,1321126
2/17/2021,7191.350098,7371.823733,7160.77556,7360.753965,1023548
2/18/2021,7185.934082,7264.046751,7149.944935,7260.021594,821462
2/19/2021,7018.638672,7175.247285,6982.218042,7138.443374,1013887
2/22/2021,6791.92041,7020.555516,6762.735798,7018.63864,1502068
2/23/2021,6680.789551,6826.3284,6649.640328,6822.925665,1589884
2/24/2021,6663.969727,6743.567792,6591.655413,6618.012451,1225254
2/25/2021,6642.309082,6775.196381,6627.596969,6771.36263,1740066
2/26/2021,6580.776855,6780.946661,6538.6538,6613.220065,2687534
3/1/2021,6723.440918,6740.549126,6629.561752,6687.020283,1417600
3/2/2021,6914.265625,6934.29688,6737.817148,6766.570279,1395296
3/3/2021,6828.581055,6960.461704,6806.057769,6944.456075,796258
3/4/2021,6835.194336,6876.982313,6719.606657,6785.738857,906310
3/5/2021,6947.714355,7010.971239,6776.15402,6833.660278,1821165
3/8/2021,6957.77832,7033.782241,6916.086281,6962.95379,977572
3/9/2021,6998.081055,7024.77364,6954.424402,7024.77364,678485
3/10/2021,6969.855469,7079.979876,6949.632338,7015.764545,659270
3/12/2021,6801.265625,7009.054726,6767.911713,6996.595036,946720
3/15/2021,6794.652344,6865.241656,6719.606857,6848.037512,700250
3/16/2021,6853.116699,6900.751239,6804.907472,6804.907472,796357
3/17/2021,6771.026855,6871.950627,6750.755992,6862.413984,688581
3/18/2021,6818.085938,6941.005568,6766.569913,6828.868361,984545
3/19/2021,6817.894043,6852.781548,6618.491275,6766.522159,838756
3/22/2021,6806.105469,6845.641022,6757.177413,6808.741172,533767
3/23/2021,6887.573242,6924.712705,6833.661119,6841.328621,757590
3/24/2021,6772.512695,6860.880371,6756.938083,6839.41146,457147
3/25/2021,6504.772949,6765.611674,6474.486225,6756.985734,1338767
3/26/2021,6502.473145,6612.214266,6489.58197,6602.677624,911299
3/30/2021,6567.022949,6589.25889,6459.869806,6527.91888,1088817
3/31/2021,6574.116211,6651.461854,6512.776197,6567.502616,735382
4/1/2021,6636.126953,6700.917438,6570.090687,6661.142272,660759
4/5/2021,6487.233398,6621.366944,6445.110342,6621.366944,668129
4/6/2021,6470.700195,6562.375135,6440.701283,6534.867786,628262
4/7/2021,6579.674805,6598.843559,6493.463146,6507.791977,598115
4/8/2021,6543.11084,6650.886884,6523.942085,6595.01015,604553
4/9/2021,6543.350098,6589.498779,6496.290713,6565.298227,641327
4/12/2021,6249.588379,6459.725825,6231.905018,6459.725825,1020746
4/13/2021,6532.519531,6560.889381,6199.941647,6249.013845,995718
4/15/2021,6368.099609,6562.279179,6278.725295,6562.039569,1267365
4/16/2021,6371.790039,6502.8564,6331.487451,6397.571921,1000325
4/19/2021,6241.106445,6258.597933,6148.377602,6230.18035,772219
4/20/2021,6370.399414,6401.117621,6285.960965,6340.064957,914142
4/22/2021,6373.706055,6397.47512,6272.974168,6350.55988,667911
4/23/2021,6398.625488,6435.621274,6287.350787,6287.350787,709306
4/26/2021,6362.971191,6506.832767,6325.688063,6412.13932,937344
4/27/2021,6295.737793,6430.158684,6270.099584,6392.731878,1610651
4/28/2021,6300.577148,6373.610284,6272.974332,6295.737226,1406270
4/29/2021,6292.766113,6371.166594,6279.683533,6359.233858,757075
4/30/2021,6187.338379,6286.968167,6154.128605,6265.403318,849997
5/3/2021,6323.628418,6346.774595,6134.001421,6162.754553,834923
5/4/2021,6237.751953,6372.172836,6212.592964,6363.978381,507170
5/5/2021,6316.200684,6324.730686,6213.551907,6285.147394,499160
5/6/2021,6389.568359,6430.158288,6302.398735,6316.104206,520125
5/7/2021,6424.455566,6473.815107,6364.026257,6401.405327,605050
5/10/2021,6482.87207,6491.641681,6383.290495,6397.762997,541534
5/11/2021,6456.65918,6468.495979,6383.434634,6402.50745,406046
5/12/2021,6534.196289,6555.713401,6407.155568,6450.285262,770204
5/14/2021,6456.419434,6557.774217,6421.724271,6555.71367,647029
5/17/2021,6438.640137,6554.179602,6419.183573,6437.346152,995827
5/18/2021,6528.015137,6578.716398,6436.340664,6505.875132,805827
5/19/2021,6494.277832,6570.042612,6479.038766,6516.417836,432774
5/20/2021,6457.80957,6531.465601,6449.806522,6498.974189,470476
5/21/2021,6531.41748,6551.401,6463.943559,6498.207707,434363
5/24/2021,6586.000488,6675.518474,6519.293132,6519.293132,1027484
5/25/2021,6624.530273,6659.225909,6601.719641,6651.510672,438736
5/26/2021,6741.937988,6757.944085,6624.721247,6638.139375,691574
5/27/2021,6679.256348,6775.196054,6662.244079,6730.149483,922091
5/28/2021,6680.310547,6754.110247,6652.036636,6698.137581,393809
5/31/2021,6791.776367,6804.90715,6636.269862,6665.933694,718277
6/1/2021,6796.425293,6846.120381,6754.158097,6812.143577,642841
6/2/2021,6886.087402,6898.547092,6769.876833,6769.876833,598862
6/3/2021,6909.856445,6929.504418,6867.253703,6900.751287,401590
6/4/2021,6914.84082,6969.759115,6853.884088,6900.751599,575591
6/7/2021,6973.257813,7024.24689,6911.39084,6920.879281,520482
6/8/2021,7031.817383,7060.283168,6991.994486,7013.367458,538816
6/9/2021,6938.130859,7034.166509,6900.751787,7006.371814,443778
6/10/2021,6900.655273,6976.899271,6875.879566,6956.340596,278027
6/11/2021,6923.562012,6942.92264,6887.716536,6942.92264,253689
6/14/2021,6879.521973,6913.163229,6800.163052,6895.959085,322353
6/15/2021,6868.404297,6928.402592,6858.867654,6882.684925,207625
6/16/2021,6818.56543,6894.761227,6776.154561,6868.164581,283007
6/17/2021,6679.688477,6804.045779,6643.028231,6766.570768,595255
6/18/2021,6670.103516,6699.335866,6537.503566,6699.335866,797389
6/21/2021,6613.124023,6637.180903,6557.630576,6584.466831,443795
6/22/2021,6963.433594,6996.547899,6641.973663,6651.558041,1757310
6/23/2021,7123.780273,7168.155753,6939.136871,6964.104455,2227399
6/24/2021,7214.592285,7236.204869,7102.119524,7139.210783,1041762
6/25/2021,7331.089844,7346.424847,7226.620136,7226.620136,1216123
6/28/2021,7280.532227,7378.053261,7256.714957,7378.053261,433364
6/29/2021,7176.302246,7285.084925,7142.804661,7280.292736,480219
6/30/2021,7203.521484,7328.789473,7181.190074,7193.553826,729267
7/1/2021,7269.174805,7288.918715,7183.538303,7188.282756,584331
7/2/2021,7259.062988,7317.192137,7232.89736,7308.08698,434905
7/5/2021,7283.599609,7370.385956,7267.833122,7280.580156,484183
7/6/2021,7202.611816,7339.668412,7176.254779,7284.126758,425103
7/7/2021,7139.785645,7265.916138,7124.690251,7215.118941,395336
7/8/2021,7093.588867,7186.365444,7078.06199,7145.152625,391940
7/9/2021,7117.071289,7138.348326,7038.191583,7074.228935,400686
7/12/2021,7159.625977,7274.350695,7141.367457,7188.283172,496478
7/13/2021,7121.527344,7216.269,7096.272418,7207.451186,350032
7/14/2021,7022.233398,7139.402407,7006.179567,7126.942717,460178
7/15/2021,7003.303711,7052.18403,6965.924644,7051.225592,430055
7/16/2021,6999.99707,7028.223246,6970.525113,7028.223246,281552
7/19/2021,6867.73291,6993.71973,6853.883767,6950.30269,386598
7/20/2021,6932.092285,6963.049635,6847.510161,6881.582433,413816
7/22/2021,6996.164063,7020.55649,6945.127253,6998.512422,439934
7/23/2021,6990.700195,7068.477313,6974.550428,6996.594493,436330
7/26/2021,6935.063477,7054.101629,6881.582839,7003.30443,431758
7/27/2021,6939.328613,7015.76402,6863.228753,6940.334786,417171
7/28/2021,6867.253906,7008.096515,6769.445525,6977.426508,739427
7/29/2021,6702.834473,6833.661227,6647.724301,6833.661227,1519226
7/30/2021,6687.691406,6800.115969,6675.423122,6709.064381,715546
8/2/2021,6782.816406,6812.048758,6738.776003,6804.90821,433760
8/3/2021,6900.17627,6920.878617,6791.585466,6828.820864,470570
8/4/2021,6807.687012,6947.331571,6712.418398,6919.920159,484122
8/5/2021,6778.413086,6828.955808,6757.627253,6821.287458,495133
8/6/2021,6849.065918,6914.366041,6792.880967,6804.696686,517575
8/9/2021,6830.691406,6910.99007,6788.492409,6882.053614,264983
8/10/2021,6753.720703,6853.020691,6747.016903,6795.437427,356726
8/11/2021,6772.577637,6843.471955,6679.64329,6753.76894,414311
8/12/2021,6763.414063,6833.633005,6737.371253,6773.059547,330283
8/13/2021,6753.961914,6799.970596,6726.616869,6780.776175,431784
8/16/2021,6584.828125,6769.201479,6568.575388,6734.960007,750966
8/17/2021,6641.302246,6696.860335,6507.230003,6558.929897,752517
8/18/2021,6597.608398,6697.583758,6578.220879,6697.583758,434144
8/20/2021,6608.025391,6669.515359,6539.638994,6573.398193,657982
8/23/2021,6583.911621,6672.746634,6559.894457,6660.207503,537302
8/24/2021,6562.016602,6609.08638,6501.635771,6548.802099,646993
8/25/2021,6473.519531,6595.582961,6462.475262,6595.582961,722194
8/26/2021,6374.31543,6463.777305,6357.339282,6462.47507,1199429
8/27/2021,6389.989258,6457.266516,6366.020133,6394.715451,1428388
8/30/2021,6555.939453,6568.575132,6417.960982,6452.829315,819447
8/31/2021,6603.395508,6628.377219,6523.771747,6578.220698,938326
9/1/2021,6544.364746,6578.220491,6464.741459,6558.881483,1108476
9/2/2021,6552.081543,6615.790255,6470.384566,6609.761827,741052
9/3/2021,6619.793457,6711.329023,6512.24629,6529.99389,1196077
9/6/2021,6604.166992,6707.47023,6595.582605,6679.498324,897444
9/7/2021,6633.344238,6684.224169,6610.72586,6635.996747,743783
9/8/2021,6540.844238,6615.211019,6516.48939,6609.182591,847767
9/9/2021,6561.100098,6576.725972,6501.056953,6510.702438,515702
9/13/2021,6630.017578,6650.996509,6571.758469,6593.171635,508397
9/14/2021,6650.031738,6708.434963,6608.218466,6665.030279,817280
9/15/2021,6664.065918,6692.037826,6636.09401,6692.037826,310138
9/16/2021,6685.237793,6702.647705,6626.448372,6668.213135,556648
9/17/2021,6765.777344,6814.293944,6703.612005,6708.434748,980793
9/20/2021,6703.998047,6766.742212,6661.365284,6732.452229,550405
9/21/2021,6536.745605,6693.677845,6502.021857,6667.441936,1085249
9/22/2021,6588.831055,6603.299283,6544.461822,6578.221021,548623
9/23/2021,6603.974609,6635.997338,6579.185524,6624.519305,432740
9/24/2021,6705.782715,6788.299656,6605.228528,6607.157625,1649962
9/27/2021,7140.986816,7183.957264,6726.761273,6726.761273,2646138
9/28/2021,7160.663086,7254.899187,7073.51604,7183.956837,1346961
9/29/2021,7122.273926,7200.354313,7032.522879,7128.495452,643556
9/30/2021,7077.904785,7145.423179,7042.216491,7122.949388,625717
10/1/2021,6908.38623,6964.040873,6838.649555,6964.040873,901588
10/4/2021,6916.102051,6959.169519,6878.966933,6925.45836,466994
10/5/2021,7000.934082,7041.203982,6901.971313,6910.796837,546004
10/6/2021,6944.026367,7023.360488,6910.267167,7013.136179,726695
10/7/2021,7226.879883,7287.164166,6969.104287,6978.460597,1646727
10/8/2021,7166.596191,7303.514055,7138.76887,7281.0883,630622
10/11/2021,7427.794922,7537.753451,7156.756793,7157.142989,1069536
10/12/2021,7421.043457,7475.251274,7359.553487,7415.352715,406814
10/13/2021,7216.896973,7475.203362,7172.913464,7465.605915,1084436
10/14/2021,7231.124023,7291.987132,7181.064047,7272.696161,831546
10/18/2021,7385.547852,7432.135356,7142.48163,7142.48163,913963
10/19/2021,7384.246094,7493.192042,7316.100832,7398.280558,658869
10/20/2021,7321.646484,7395.530993,7248.581936,7345.036785,488082
10/21/2021,7306.696777,7378.796785,7219.646266,7378.796785,563128
10/22/2021,7146.243164,7354.682186,7124.685411,7330.568473,224520
10/25/2021,7003.201172,7133.848988,6963.702721,7094.254459,248058
10/26/2021,7038.648926,7077.809694,6954.588608,7007.445684,292203
10/27/2021,7095.459961,7196.737554,6987.189391,7026.73588,1218064
10/28/2021,7108.433594,7262.761361,6978.556756,6992.976945,961511
10/29/2021,7217.138184,7282.341762,7036.237286,7089.432046,819875
11/1/2021,7345.567383,7394.229045,7138.623684,7138.623684,1005690
11/2/2021,7515.520996,7629.57886,7360.276722,7376.819106,1302733
11/3/2021,7460.05957,7564.230813,7438.21264,7515.521112,656492
11/4/2021,7472.743164,7542.721442,7461.265131,7499.075621,53365
11/8/2021,7412.169434,7603.150035,7400.016028,7484.848257,428433
11/9/2021,7308.914551,7489.237087,7271.442217,7435.704644,632879
11/10/2021,7245.350586,7311.27757,7195.531751,7301.632085,562432
11/11/2021,7189.214355,7299.220926,7178.170087,7245.688483,486991
11/12/2021,7214.678711,7276.554407,7178.170453,7263.050727,349666
11/15/2021,7237.104004,7311.133102,7187.815481,7187.815481,314414
11/16/2021,7764.953613,7840.574126,7267.921457,7277.518903,2619355
11/17/2021,7981.397949,8053.980226,7730.904508,7750.147439,2377268
11/18/2021,7829.385254,8071.342355,7717.449582,7942.092847,1337493
11/22/2021,7585.595215,7897.578619,7529.795989,7868.786752,672298
11/23/2021,7575.564453,7671.971271,7528.301573,7570.838259,567198
11/24/2021,7397.557129,7617.956474,7365.871615,7586.656685,571078
11/25/2021,7304.043945,7445.736034,7171.418519,7369.150973,1007618
11/26/2021,6916.29541,7253.40513,6877.231194,7253.40513,1154876
11/29/2021,6896.039551,6954.394735,6742.869436,6911.954601,733010
11/30/2021,6817.236328,6992.977269,6766.838664,6896.040136,1287938
12/1/2021,7015.402344,7118.367896,6877.278811,6936.06823,1669583
12/2/2021,7065.27002,7094.68875,6988.781038,7026.736117,618573
12/3/2021,6953.141113,7069.176112,6895.316241,7046.026947,603798
12/6/2021,6793.17041,6944.749111,6772.094932,6937.997271,609507
12/7/2021,6931.824707,7004.358475,6839.80687,6876.266616,637151
12/8/2021,7171.321777,7232.040296,6897.583093,6968.863135,930339
12/9/2021,7158.638184,7204.213102,7065.318112,7204.213102,615037
12/10/2021,7162.399902,7210.000468,7097.100248,7118.368355,431682
12/13/2021,7249.932617,7307.323256,7161.772974,7219.645887,883009
12/14/2021,7227.506836,7288.417982,7193.409951,7250.318315,749704
12/15/2021,7299.655273,7369.150807,7188.82827,7210.964847,529018
12/16/2021,7186.658203,7350.824556,7143.446616,7322.370374,595582
12/17/2021,7037.925293,7214.823409,6984.296297,7214.823409,1081907
12/20/2021,7028.279785,7061.990475,6786.419228,6944.749784,867425
12/21/2021,7055.816895,7142.433633,7025.771303,7047.473644,415744
12/22/2021,7160.566895,7189.744487,7046.509035,7046.509035,368978
12/23/2021,7125.264648,7234.114045,7094.254507,7215.787623,249919
12/24/2021,7057.697754,7185.741564,6995.050142,7177.205216,357447
12/27/2021,7031.07666,7070.140876,6931.438983,7019.116352,190180
12/28/2021,7038.744629,7098.112401,6997.895906,7060.495009,214533
12/29/2021,7089.479492,7103.899681,6983.765354,7038.985755,287776
12/30/2021,7024.083496,7132.98093,6998.185274,7089.431659,296041
12/31/2021,7163.171387,7185.404041,7031.606595,7031.606595,313398
1/3/2022,7257.166992,7336.308486,7156.950489,7156.950489,456599
1/4/2022,7359.601563,7377.831435,7253.404679,7330.568559,495182
1/5/2022,7499.702148,7531.194562,7335.970043,7354.537602,710043
1/6/2022,7602.66748,7619.40249,7411.542298,7506.116086,739981
1/7/2022,7625.720215,7663.144507,7557.719548,7602.667601,523116
1/10/2022,7837.535645,7940.163514,7643.227154,7668.160828,827930
1/11/2022,7855.138672,7873.079369,7783.231296,7812.843124,688923
1/12/2022,7881.084961,7909.298006,7827.31138,7909.298006,288174
1/13/2022,7790.706543,7967.170886,7670.089937,7885.18426,684931
1/14/2022,7797.603027,7856.247387,7669.124981,7669.124981,299536
1/17/2022,7972.476563,8072.211266,7812.940316,7836.764384,862249
1/18/2022,7634.546387,7956.512976,7611.734908,7956.512976,785199
1/19/2022,7731.532227,7774.26154,7581.351825,7647.905676,681632
1/20/2022,7751.449219,7851.424574,7714.024455,7716.387788,522850
1/21/2022,7899.26709,7951.738438,7577.541631,7687.452129,1041476
1/24/2022,7766.833984,8037.389849,7670.861405,7898.687958,1153538
1/25/2022,8297.625,8356.848658,7608.262432,7706.742934,2162832
1/27/2022,8507.510742,8653.591799,8102.255319,8349.131692,2899559
1/28/2022,8247.806641,8613.418581,8220.219987,8483.204527,1045088
1/31/2022,8292.512695,8410.862986,8249.590287,8319.230877,561419
2/1/2022,8255.957031,8479.152995,8054.944742,8384.820338,819689
2/2/2022,8213.37207,8375.17509,8141.030929,8275.537413,580433
2/3/2022,8288.992188,8486.097287,8220.557286,8246.889271,810019
2/4/2022,8247.419922,8372.280913,8191.041874,8333.602895,404421
2/7/2022,8209.899414,8309.585122,8102.2072,8242.066729,446099
2/8/2022,8294.586914,8477.512975,8136.97931,8311.225376,998182
2/9/2022,8632.179688,8671.098847,8316.338059,8316.338059,1403525
2/10/2022,8493.285156,8729.165342,8478.286613,8729.165342,811887
2/11/2022,8427.40625,8550.723413,8365.819256,8428.22574,671572
2/14/2022,8069.799805,8309.63425,8029.867116,8198.663121,995540
2/15/2022,8317.012695,8357.089498,8060.249691,8111.853037,682766
2/16/2022,8278.671875,8426.682033,8241.102522,8410.863061,422704
2/17/2022,8249.253906,8351.350999,8222.776859,8271.004289,305313
2/18/2022,8265.3125,8339.43862,8218.001583,8246.89,385273
2/21/2022,8307.368164,8414.963375,8144.262426,8241.151524,626049
2/22/2022,8317.110352,8352.798654,8087.5958,8193.841216,620828
2/23/2022,8390.462891,8478.33383,8348.360911,8381.927013,557954
2/24/2022,7919.088379,8282.819248,7865.893151,8104.136635,947351
2/25/2022,8059.863281,8165.867537,7918.508888,7967.170548,1344343
2/28/2022,8019.401855,8044.28702,7826.443632,8005.753116,961303
3/2/2022,7537.175293,7908.333378,7488.754768,7907.079653,1783011
3/3/2022,7326.276855,7658.467767,7290.540519,7643.083028,1050154
3/4/2022,6990.372559,7252.633688,6877.231201,7216.752293,2511658
3/7/2022,6529.077148,6780.631692,6491.411716,6744.123435,2469925
3/8/2022,6565.006348,6611.980049,6304.819387,6467.297772,2840376
3/9/2022,6777.738281,6827.171396,6536.745724,6630.306937,1827539
3/10/2022,6956.131348,7137.514993,6922.854421,6997.800035,1535070
3/11/2022,6850.753906,6944.749348,6829.003525,6944.749348,1024452
3/14/2022,7057.36084,7074.963851,6763.414659,6800.067506,1023874
3/15/2022,7157.046387,7349.859537,7058.565891,7061.459537,1586111
3/16/2022,7220.416992,7326.469288,7176.240859,7301.632164,584457
3/17/2022,7420.271484,7467.486321,7263.050082,7305.490215,1133271
3/21/2022,7432.376465,7658.515048,7378.795984,7565.918392,1354525
3/22/2022,7491.310547,7532.15927,7269.464391,7441.443672,1093502
3/23/2022,7373.828613,7584.051674,7341.178553,7523.478217,808597
3/24/2022,7289.04541,7383.619208,7259.53013,7329.893665,565485
3/25/2022,7152.561523,7274.914127,7123.190833,7248.58214,686637
3/28/2022,7212.26709,7271.731413,7150.198297,7161.77288,599515
3/29/2022,7175.420898,7294.976874,7138.623467,7267.872967,446257
3/30/2022,7329.21875,7359.457441,7224.468683,7254.369688,589206
3/31/2022,7293.240723,7381.448875,7261.121445,7329.170156,434317
4/1/2022,7427.071289,7454.995156,7250.848565,7305.490142,449386
4/4/2022,7499.171875,7517.691396,7361.096844,7378.796404,491029
4/5/2022,7486.681152,7619.933438,7455.960187,7505.152163,488132
4/6/2022,7469.656738,7570.741233,7402.909793,7464.640898,393628
4/7/2022,7369.633301,7473.322271,7350.872643,7388.200861,458566
4/8/2022,7290.009766,7456.442426,7248.967943,7435.511535,849846
4/11/2022,7297.194824,7346.531384,7219.645222,7344.891934,496254
4/12/2022,7348.268066,7438.115664,7234.113659,7272.695598,598047
4/13/2022,7204.695313,7431.798454,7176.241131,7348.268457,527991
4/18/2022,7305.008301,7329.604288,7094.254447,7113.063143,551783
4/19/2022,7171.515137,7405.803889,7089.43196,7311.27813,425990
4/20/2022,7394.904297,7426.059026,7207.685336,7233.149322,542622
4/21/2022,7599.870605,7619.739927,7413.567689,7436.475715,772708
4/22/2022,7624.273438,7732.447455,7456.924277,7512.868088,960818
4/25/2022,7631.845215,7714.458697,7533.123584,7533.123584,701521
4/26/2022,7626.443848,7781.495019,7552.41475,7716.387995,801963
4/27/2022,7512.290039,7586.174554,7446.315011,7572.670874,570519
4/28/2022,7608.503418,7658.515354,7491.359281,7565.918694,561932
4/29/2022,7444.192383,7664.784818,7355.647017,7637.295185,1162749
5/2/2022,7364.086914,7475.251133,7276.843311,7393.264507,544053
5/4/2022,7135.633789,7472.35779,7095.701572,7378.796578,599211
5/5/2022,7145.038086,7270.767086,7118.513,7185.886812,524174
5/6/2022,7021.189453,7098.980193,6902.935716,7054.707512,650559
5/9/2022,7099.366211,7161.290414,6877.230877,6946.196096,570578
5/10/2022,7249.450195,7306.455108,7089.576277,7089.576277,663616
5/11/2022,7134.235352,7291.552844,7086.152512,7252.440589,605312
5/12/2022,6996.497559,7064.305605,6955.166559,6965.487417,571754
5/13/2022,6850.175781,7079.786376,6811.979564,7079.786376,703097
5/16/2022,6990.662109,7046.364788,6896.522077,6903.273917,369545
5/17/2022,7265.750977,7315.762912,6997.847622,7021.913297,811448
5/18/2022,7298.304688,7369.295555,7243.37393,7297.774374,576970
5/19/2022,7142.047852,7258.227914,7123.239155,7185.886772,363255
5/20/2022,7317.644043,7377.735229,7185.886618,7253.935329,742204
5/23/2022,7617.474121,7672.839114,7500.426061,7523.575226,1161175
5/24/2022,7526.034668,7660.396564,7515.086948,7638.259986,581609
5/25/2022,7511.180176,7580.868804,7423.213166,7562.060108,454335
5/26/2022,7528.30127,7562.012429,7349.859792,7523.478527,476799
5/27/2022,7661.36084,7683.496946,7555.308542,7644.047006,431411
5/30/2022,7729.79541,7774.261192,7669.125402,7697.290407,389517
5/31/2022,7683.931152,7812.842967,7619.933264,7729.795246,2494005
6/1/2022,7657.936523,7782.845558,7600.738984,7692.322584,522004
6/2/2022,7644.432617,7689.380672,7577.10732,7644.046892,352848
6/3/2022,7431.894531,7711.565568,7408.697327,7668.160884,591905
6/6/2022,7437.199219,7501.197106,7322.32187,7417.377936,606990
6/7/2022,7532.544922,7542.76923,7287.163879,7345.084828,991192
6/8/2022,7612.651367,7640.18904,7446.990154,7546.627831,813596
6/9/2022,7648.725586,7726.03406,7552.511866,7569.777191,687937
6/10/2022,7653.788574,7705.006192,7548.556243,7548.556243,442921
6/13/2022,7621.476074,7684.895134,7517.44943,7571.657241,565826
6/14/2022,7534.71582,7621.284055,7475.251495,7528.301666,553462
6/15/2022,7575.03418,7647.905636,7538.911647,7538.911647,604566
6/16/2022,7555.887207,7740.501695,7528.301026,7656.585976,1319566
6/17/2022,7415.593262,7571.41635,7375.082226,7528.300845,1317656
6/20/2022,7389.358398,7508.142458,7355.647238,7426.830733,1043423
6/21/2022,7504.766602,7562.060692,7354.82734,7441.444083,954884
6/22/2022,7506.839844,7590.032152,7443.035055,7475.25088,796824
6/23/2022,7977.78125,8022.921935,7526.372518,7533.124358,1676430
6/24/2022,8066.712402,8092.562114,7946.239915,8015.398232,1156788
6/27/2022,8149.229004,8243.706716,8093.767466,8144.647399,921090
6/28/2022,8188.728027,8237.148553,8083.92945,8116.917199,691242
6/29/2022,8207.24707,8227.598667,8073.270908,8092.513838,655413
6/30/2022,8170.449219,8328.490114,8136.544962,8198.662262,1130302
7/1/2022,8104.714844,8150.434819,8011.153639,8140.789334,530569
7/4/2022,8144.02002,8167.41032,8025.043341,8104.714669,625431
7/5/2022,8052.725586,8206.908274,8039.511084,8197.214751,610290
7/6/2022,8324.101563,8345.707826,8073.270914,8080.022754,976098
7/7/2022,8301.291016,8391.572383,8272.161461,8386.74964,547662
7/8/2022,8175.465332,8350.048617,8145.612367,8314.40836,686327
7/11/2022,8206.041992,8222.776533,8117.736817,8152.075311,536114
7/12/2022,8121.209473,8196.203121,8079.299651,8193.839789,424358
7/13/2022,8140.983398,8187.233693,8083.881932,8154.293981,413855
7/14/2022,8264.010742,8282.915517,8150.435152,8164.855341,606496
7/15/2022,8466.854492,8487.061971,8272.160761,8291.258632,631246
7/18/2022,8396.202148,8529.502948,8376.139727,8489.956457,478682
7/19/2022,8406.858398,8486.964893,8360.174823,8391.522645,478458
7/20/2022,8438.882813,8551.156634,8411.055965,8464.395309,398132
7/21/2022,8485.133789,8518.796911,8412.840685,8481.275595,421090
7/22/2022,8517.879883,8573.871736,8479.345981,8536.254344,415294
7/25/2022,8315.952148,8544.550175,8189.017925,8515.517638,623462
7/26/2022,8223.595703,8319.617263,8171.027808,8316.337421,429454
7/27/2022,8351.157227,8398.758262,8160.08054,8252.242963,1298855
7/28/2022,8411.875,8459.234894,8322.895406,8391.571444,725196
7/29/2022,8462.514648,8625.957587,8420.508748,8453.978771,821432
8/1/2022,8684.21582,8762.922596,8509.824708,8536.253713,1009408
8/2/2022,8847.851563,8870.807629,8636.567399,8666.468403,848311
8/3/2022,8698.722656,8878.630081,8597.89421,8878.630081,753729
8/4/2022,8705.760742,8784.694646,8573.038652,8761.393068,643264
8/5/2022,8583.913086,8723.722553,8553.620845,8705.85763,558385
8/8/2022,8662.313477,8736.150164,8583.719004,8583.913374,520993
8/10/2022,8621.291992,8737.605502,8569.154527,8678.477374,445375
8/11/2022,8557.359375,8736.150839,8470.124463,8695.081993,508318
8/12/2022,8446.044922,8558.474838,8422.548976,8558.474838,712782
8/16/2022,8741.683594,8776.927038,8451.724226,8482.890653,963726
8/17/2022,8684.060547,8806.054392,8660.419534,8747.800449,623749
8/18/2022,8687.314453,8750.131817,8618.671694,8665.274853,442229
8/19/2022,8523.475586,8707.023887,8461.386393,8694.839292,572597
8/22/2022,8376.916992,8512.309054,8351.867986,8496.337575,488485
8/23/2022,8466.725586,8502.163403,8314.779877,8356.528538,558231
8/24/2022,8450.705078,8516.726212,8343.906186,8407.985521,442582
8/25/2022,8481.677734,8577.893455,8427.404096,8467.210959,525721
8/26/2022,8466.823242,8575.709967,8452.842862,8543.913018,398063
8/29/2022,8577.117188,8602.069484,8340.023433,8352.256383,459057
8/30/2022,8817.947266,8897.318257,8611.873957,8626.243072,1016312
9/1/2022,8761.879883,8964.943831,8680.809799,8689.499537,888864
9/2/2022,8660.03125,8883.630072,8643.040516,8763.820743,632909
9/5/2022,8689.594727,8754.402237,8616.728944,8641.001419,386455
9/6/2022,8630.078125,8760.178586,8611.87377,8722.847331,397902
9/7/2022,8529.251953,8615.32159,8505.076186,8606.049693,496785
9/8/2022,8534.834961,8626.535627,8524.494506,8572.068564,428924
9/9/2022,8685.663086,8727.411746,8475.948887,8577.553854,632296
9/12/2022,8667.847656,8750.033695,8644.885513,8708.868143,383641
9/13/2022,8666.730469,8727.460015,8651.584823,8711.197456,405093
9/14/2022,8706.24707,8738.092373,8568.86484,8602.020477,509547
9/15/2022,8941.737305,9053.633417,8767.218205,8767.26656,1392132
9/16/2022,8922.223633,9044.799649,8757.55857,8941.495601,1056382
9/19/2022,9010.767578,9071.546424,8806.053904,8908.289379,727024
9/20/2022,9030.186523,9155.578522,8980.816683,9067.226703,747257
9/21/2022,8978.77832,9124.509898,8943.388858,9029.361785,440725
9/22/2022,9128.24707,9160.432754,8918.678885,8931.300573,511112
9/23/2022,9071.547852,9175.967866,9007.370849,9124.461855,574213
9/26/2022,8577.844727,9000.525247,8543.911615,9000.525247,865432
9/27/2022,8518.716797,8649.691461,8418.180388,8631.292734,686285
9/28/2022,8472.793945,8592.457263,8408.034784,8466.240376,663740
9/29/2022,8373.859375,8543.912745,8353.713217,8515.174509,817007
9/30/2022,8571.243164,8613.81671,8309.148766,8415.753296,658982
10/3/2022,8298.274414,8708.964724,8262.351148,8708.964724,1123076
10/4/2022,8437.598633,8503.668127,8378.859237,8445.851275,503140
10/6/2022,8449.735352,8568.185049,8437.599112,8479.833225,474445
10/7/2022,8523.619141,8588.183925,8457.501297,8495.366359,428616
10/10/2022,8604.496094,8618.137036,8406.043949,8422.549233,411218
10/11/2022,8431.43457,8592.457822,8412.841472,8554.592753,422610
10/12/2022,8433.811523,8466.239932,8340.605212,8444.880152,380365
10/13/2022,8397.839844,8529.785406,8341.964792,8412.840424,355605
10/14/2022,8366.529297,8511.484355,8355.849406,8505.076799,274160
10/17/2022,8469.928711,8495.075375,8317.740289,8359.440592,304671
10/18/2022,8551.047852,8629.593968,8497.357321,8509.979009,369973
10/19/2022,8465.608398,8597.311236,8441.967385,8593.816379,385416
10/20/2022,8454.006836,8484.881236,8360.411787,8446.821804,328270
10/21/2022,8450.026367,8538.08711,8389.53954,8475.949564,356203
10/24/2022,8510.367188,8533.037301,8491.336997,8533.037301,30052
10/25/2022,8742.946289,8754.597078,8541.388018,8563.329958,727441
10/27/2022,8778.821289,8812.802757,8642.943771,8786.636837,849108
10/28/2022,9216.306641,9272.03662,8787.606399,8830.325953,1873029
10/31/2022,9250.337891,9484.713313,9176.064109,9369.17632,1932020
11/1/2022,9179.462891,9356.458567,9102.179696,9354.61348,805517
11/2/2022,8960.816406,9179.462122,8941.980585,9170.14187,788679
11/3/2022,8970.234375,9039.071507,8897.708964,8941.981588,616860
11/4/2022,8960.913086,9052.663049,8923.581827,8988.486999,465775
11/7/2022,9061.692383,9080.624915,8984.991354,9007.030953,469017
11/9/2022,8984.213867,9204.947375,8951.688751,9204.461925,617256
11/10/2022,8832.511719,8981.544729,8807.025618,8933.242499,445700
11/11/2022,8823.094727,8971.108497,8786.637652,8932.27253,461074
11/14/2022,8886.007813,8896.396622,8730.858329,8835.181625,282822
11/15/2022,8895.572266,8935.718566,8864.309124,8922.563072,359888
11/16/2022,8869.115234,8983.244238,8835.036106,8893.436068,350737
11/17/2022,8724.936523,8902.756127,8708.965043,8836.152827,409572
11/18/2022,8590.563477,8761.345005,8578.864332,8747.800773,515615
11/21/2022,8607.214844,8669.352386,8530.319446,8568.184511,520644
11/22/2022,8615.515625,8674.934838,8601.243219,8616.729249,455948
11/23/2022,8674.498047,8727.412048,8642.943826,8679.837992,621006
11/24/2022,8706.149414,8733.141169,8661.391342,8707.897791,455343
11/25/2022,8757.024414,8815.763809,8687.119679,8738.091882,545439
11/28/2022,8723.916992,8839.161955,8689.546785,8765.276914,439956
11/29/2022,8650.905273,8762.121575,8629.351124,8723.528336,606692
11/30/2022,8712.994141,8757.509483,8611.874625,8664.303174,1087650
12/1/2022,8697.459961,8762.364185,8670.128773,8756.587146,694489
12/2/2022,8559.299805,8669.060698,8499.978253,8563.329415,971612
12/5/2022,8536.193359,8595.564219,8509.930728,8586.631758,519621
12/6/2022,8463.666992,8543.912183,8441.919421,8521.775873,551379
12/7/2022,8407.161133,8493.279123,8389.538935,8466.239962,546450
12/8/2022,8430.025391,8457.501644,8355.605599,8412.840288,476001
12/9/2022,8362.694336,8508.717956,8296.770848,8453.619426,790406
12/12/2022,8407.744141,8440.317618,8267.497565,8358.471007,445039
12/13/2022,8369.830078,8444.248925,8359.441268,8409.928021,330236
12/14/2022,8390.121094,8425.171119,8345.89683,8398.277025,343670
12/15/2022,8334.34375,8421.189915,8325.459644,8389.538984,472176
12/16/2022,8238.854492,8338.080559,8200.212902,8310.409938,624222
12/19/2022,8353.469727,8370.558119,8205.06818,8251.476967,464106
12/20/2022,8276.282227,8334.585468,8186.668442,8334.585468,694906
12/21/2022,8107.396484,8317.644502,8047.103079,8276.28363,800720
12/22/2022,8091.812012,8140.017528,8046.811221,8113.463819,580858
12/23/2022,7904.671875,8087.540808,7886.467518,8058.171111,503012
12/26/2022,8016.519531,8103.123921,7841.029518,7909.914999,315102
12/27/2022,8063.753906,8073.025803,7991.275911,8057.443062,423308
12/28/2022,8175.98877,8207.494631,8046.422109,8073.025121,538632
12/29/2022,8190.310547,8203.126605,8090.502308,8126.425575,452134
12/30/2022,8150.30957,8242.933728,8118.901362,8223.515745,433976
1/2/2023,8158.755859,8207.980631,8094.967602,8121.570615,398159
1/3/2023,8138.803711,8157.493517,8062.491428,8136.133739,493207
1/4/2023,8177.688477,8288.613695,8069.190506,8132.25059,566744
1/5/2023,8214.873047,8228.368922,8145.890863,8199.193597,417716
1/6/2023,8139.095215,8237.05931,8107.00719,8213.806088,368978
1/9/2023,8133.22168,8201.136261,8082.831638,8179.678822,613406
1/10/2023,8051.811523,8165.260694,8022.441828,8136.133723,493677
1/11/2023,8043.364258,8092.103576,8009.091713,8092.103576,327536
1/12/2023,8125.648926,8133.221749,8019.626555,8073.026005,283772
1/13/2023,8207.399414,8252.691291,8107.97896,8152.640322,705220
1/16/2023,8136.230469,8266.525306,8100.792655,8233.22366,500575
1/17/2023,8232.592773,8246.137005,8099.386178,8165.115287,409248
1/18/2023,8246.864258,8288.953297,8217.980013,8226.427024,402883
1/19/2023,8254.245117,8271.089838,8210.408641,8232.253872,184776
1/20/2023,8194.193359,8252.64167,8167.202556,8215.795863,346337
1/23/2023,8172.153809,8235.165535,8134.095325,8233.223737,410827
1/24/2023,8445.65625,8464.297701,8172.057094,8204.096762,1039571
1/25/2023,8528.474609,8575.951956,8427.69547,8493.32882,1131883
1/27/2023,8483.230469,8630.321675,8369.246541,8571.533927,743546
1/30/2023,8560.416016,8607.019165,8464.29702,8523.521856,1036998
1/31/2023,8636.438477,8683.575438,8573.233325,8599.15652,643670
2/1/2023,8513.666992,8767.65473,8421.480894,8676.924032,707460
2/2/2023,8612.020508,8679.837427,8496.434218,8509.930094,456995
2/3/2023,8682.070313,8702.168112,8587.748039,8679.837434,351157
2/6/2023,8648.769531,8675.954707,8563.330407,8667.16826,205161
2/7/2023,8507.455078,8660.420043,8497.842798,8648.769254,318669
2/8/2023,8577.601563,8596.825173,8420.65536,8517.696905,391645
2/9/2023,8545.077148,8575.951549,8446.821972,8546.144758,392186
2/10/2023,8554.930664,8616.728766,8517.648711,8541.775172,276298
2/13/2023,8553.086914,8606.438007,8500.90109,8531.290041,253037
2/14/2023,8519.106445,8589.544991,8509.931258,8558.476217,227030
2/15/2023,8587.942383,8636.827724,8487.600335,8519.106202,452568
2/16/2023,8548.863281,8621.584003,8534.203084,8621.584003,247514
2/17/2023,8551.436523,8615.758589,8495.124376,8531.290367,214587
2/20/2023,8440.657227,8591.48602,8422.792304,8551.436433,298434
2/21/2023,8417.548828,8466.239795,8387.063167,8440.99642,323478
2/22/2023,8406.96582,8465.268114,8335.167652,8423.034009,363931
2/23/2023,8443.180664,8492.890884,8365.266017,8440.462336,317544
2/24/2023,8408.470703,8485.657173,8358.760485,8457.501102,242982
2/27/2023,8380.996094,8391.529971,8281.770008,8378.859926,220225
2/28/2023,8373.373047,8455.560033,8354.877609,8398.276987,370998
3/1/2023,8509.106445,8520.853946,8369.150949,8369.150949,333441
3/2/2023,8299.972656,8515.754955,8261.476132,8515.754955,603893
3/3/2023,8350.945313,8377.887761,8301.186737,8342.012852,437977
3/6/2023,8380.267578,8410.899256,8340.946163,8388.568576,275417
3/8/2023,8440.900391,8458.521641,8359.489929,8374.005061,348171
3/9/2023,8293.371094,8482.744758,8285.700612,8471.09397,431466
3/10/2023,8351.236328,8376.916797,8233.320452,8281.768692,516128
3/13/2023,8270.506836,8385.946164,8234.291543,8351.236523,479314
3/14/2023,8264.439453,8296.284755,8199.243197,8296.284755,349510
3/15/2023,8228.321289,8451.628076,8194.388177,8398.276982,509229
3/16/2023,8191.912598,8285.070554,8166.232127,8213.902893,340261
3/17/2023,8074.821289,8263.273361,8052.199531,8255.554524,471602
3/20/2023,7980.401367,8074.821299,7893.409192,8074.821299,488199
3/21/2023,7988.946289,8034.189806,7975.935862,8005.062834,287497
3/22/2023,8012.248047,8048.364735,7977.87784,7996.324923,218120
3/23/2023,8110.114258,8131.279668,7993.023262,8023.509872,540553
3/24/2023,8003.024414,8142.445143,7972.052354,8110.114393,391840
3/27/2023,8037.442383,8074.773644,7990.062695,8009.917772,364326
3/28/2023,7969.916016,8112.443808,7903.11835,8064.190883,360349
3/29/2023,8053.899414,8077.006624,7949.236677,8009.771859,339851
3/31/2023,8050.841309,8126.425424,8016.762181,8083.657508,478757
4/3/2023,8255.603516,8329.343493,8146.182996,8168.028226,627265
4/5/2023,8201.232422,8299.244868,8184.678783,8273.953138,272888
4/6/2023,8268.808594,8286.624214,8133.318859,8217.690374,309551
4/10/2023,8286.769531,8306.818028,8158.513196,8210.504651,308275
4/11/2023,8407.549805,8418.618435,8296.333493,8330.314965,409240
4/12/2023,8370.168945,8456.482249,8340.993619,8419.636441,408458
4/13/2023,8418.47168,8450.705719,8369.150195,8376.965743,480202
4/17/2023,8422.209961,8592.456733,8398.27692,8592.456733,489356
4/18/2023,8478.522461,8494.201913,8437.113235,8439.977577,276111
4/19/2023,8427.355469,8487.405196,8410.364735,8437.16117,280819
4/20/2023,8461.045898,8485.5611,8412.986395,8417.694876,369060
4/21/2023,8309.391602,8450.705776,8301.187315,8426.822037,424157
4/24/2023,8219.777344,8327.401124,8198.999725,8327.401124,543745
4/25/2023,8222.448242,8276.915306,8174.970894,8262.351818,906406
4/26/2023,8259.341797,8301.187168,8189.437063,8278.856489,959058
4/27/2023,8294.342773,8320.605405,8224.729117,8320.605405,536521
4/28/2023,8339.585938,8361.819906,8286.720293,8342.935729,387567
5/2/2023,8521.435547,8570.126517,8355.557812,8371.772017,865562
5/3/2023,8541.290039,8571.09683,8461.433592,8514.784685,537008
5/4/2023,8544.494141,8566.194304,8488.570732,8540.659848,271926
5/5/2023,8688.236328,8726.440827,8534.202812,8544.493963,951591
5/8/2023,8812.12207,8855.521445,8699.255061,8782.752375,678780
5/9/2023,8846.395508,8874.017777,8788.432642,8818.676528,415394
5/10/2023,8901.348633,8912.853407,8796.34552,8863.143186,366827
5/11/2023,8991.400391,9043.925656,8876.008457,8973.972561,644550
5/12/2023,9024.895508,9058.293867,8963.971592,8991.447846,403028
5/15/2023,8939.358398,9036.64267,8918.096279,8973.048784,259316
5/16/2023,8807.365234,8960.718938,8793.529922,8950.815577,448981
5/17/2023,8854.018555,8866.251505,8769.209941,8816.104182,290482
5/18/2023,8789.84082,8883.726955,8780.908359,8878.824104,272497
5/19/2023,8840.958984,8852.852499,8699.789874,8796.34598,543472
5/22/2023,8890.183594,8902.853637,8809.79239,8825.47279,182115
5/23/2023,8932.951172,8966.25282,8890.279969,8902.173482,269008
5/24/2023,9000.962891,9047.032243,8892.464915,8901.203007,470365
5/25/2023,9011.739258,9022.953901,8947.854288,8952.417703,218979
5/26/2023,9126.402344,9141.014184,9040.283412,9061.400465,346760
5/29/2023,9061.886719,9212.667159,9041.060743,9160.432977,236834
5/30/2023,9110.286133,9129.26797,9029.362068,9107.034,372004
5/31/2023,9095.091797,9174.948249,8997.904227,9174.948249,1614766
6/1/2023,9056.837891,9104.654671,8953.631506,9065.770352,378706
6/2/2023,9209.317383,9247.959925,9041.692222,9115.771634,445105
6/5/2023,9303.251953,9359.467391,9212.424531,9274.513719,434649
6/6/2023,9452.867188,9485.683385,9331.310441,9348.786623,542318
6/7/2023,9425.00293,9514.811096,9369.661681,9503.160307,453747
6/8/2023,9377.525391,9480.829431,9345.389011,9449.760661,273746
6/9/2023,9347.621094,9431.216066,9331.406891,9393.933165,161389
6/12/2023,9272.524414,9417.722199,9260.097094,9344.904759,316879
6/13/2023,9240.53125,9338.154955,9229.026476,9308.97963,561014
6/14/2023,9255.095703,9319.660494,9214.317941,9242.959464,328167
6/15/2023,9315.630859,9415.585111,9265.29012,9276.940909,459978
6/16/2023,9324.223633,9362.768516,9274.027961,9315.824977,682099
6/19/2023,9254.610352,9361.555268,9233.250571,9357.525658,395006
6/20/2023,9215.871094,9261.309931,9145.869647,9252.668549,612713
6/21/2023,9166.112305,9259.464632,9122.616215,9225.483163,356331
6/22/2023,9129.413086,9218.055989,9101.014286,9164.365455,288487
6/23/2023,9055.866211,9152.665033,9034.215352,9145.868739,309138
6/26/2023,9194.608398,9242.958982,9029.36119,9055.866545,405168
6/27/2023,9185.675781,9223.540844,9121.6448,9213.831853,339375
6/28/2023,9263.008789,9296.358794,9158.054028,9199.705979,482586
6/30/2023,9504.179688,9566.754324,9263.348354,9290.533529,845006
7/3/2023,9391.506836,9501.072418,9375.535356,9458.547228,398066
7/4/2023,9366.651367,9433.740109,9340.096711,9417.720275,247673
7/5/2023,9701.514648,9744.865671,9393.448561,9414.808341,815044
7/6/2023,9572.483398,9724.816905,9529.569467,9708.943083,652120
7/7/2023,9563.598633,9655.59132,9529.37444,9567.239504,457050
7/10/2023,9452.964844,9644.280324,9436.896653,9567.239859,272008
7/11/2023,9612.046875,9667.096094,9452.964492,9510.927357,568772
7/12/2023,9549.568359,9660.445217,9519.664859,9607.045771,552967
7/13/2023,9366.797852,9610.882276,9332.282577,9566.220915,519564
7/14/2023,9324.175781,9444.226889,9311.893528,9419.614976,498441
7/17/2023,9407.576172,9416.751359,9276.941874,9366.2646,444583
7/18/2023,9384.371094,9482.091517,9322.281908,9427.624458,320985
7/19/2023,9327.960938,9384.710176,9248.444875,9370.146691,450254
7/20/2023,9488.112305,9500.248545,9296.79681,9340.050179,466813
7/21/2023,9485.732422,9558.501498,9420.633828,9437.139112,328483
7/24/2023,9412.672852,9529.375119,9398.303734,9485.733012,358506
7/25/2023,9474.615234,9490.490003,9336.941937,9343.9326,240998
7/26/2023,9472.430664,9524.519778,9442.236083,9477.431173,209861
7/27/2023,9469.760742,9541.171127,9409.614304,9485.683866,256672
7/28/2023,9388.884766,9466.265608,9268.590944,9455.585719,381151
7/31/2023,9534.956055,9551.412982,9326.455501,9388.884115,600060
8/1/2023,9433.983398,9604.133458,9369.224242,9475.974783,1394528
8/2/2023,9372.865234,9508.451668,9243.298564,9432.284447,672815
8/3/2023,9353.166992,9467.096143,9325.627415,9407.215387,614897
8/4/2023,9281.331055,9424.023879,9238.79712,9369.141876,540470
8/7/2023,9333.664063,9349.344634,9233.896617,9300.539046,366329
8/8/2023,9352.040039,9430.884107,9315.239888,9349.492329,430636
8/9/2023,9274.175781,9349.589722,9229.486535,9349.540912,404602
8/10/2023,9209.983398,9310.33944,9155.542605,9274.175739,523490
8/11/2023,9170.046875,9279.958264,9157.453799,9209.983331,498504
8/14/2023,9135.550781,9177.054913,9073.073501,9173.13477,336864
8/16/2023,9231.496094,9249.332937,9069.398746,9147.654222,336363
8/17/2023,9188.128906,9285.593652,9163.334193,9226.938896,402798
8/18/2023,9267.266602,9280.938291,9150.250911,9163.334005,400745
8/21/2023,9250.360352,9279.95762,9225.320632,9266.775949,375347
8/22/2023,9302.401367,9318.22837,9221.84224,9232.132615,435930
8/23/2023,9409.274414,9447.544619,9257.417683,9328.960293,546842
8/24/2023,9382.567383,9468.761709,9364.240525,9468.761709,385559
8/25/2023,9315.925781,9432.598843,9295.63885,9363.261315,346449
8/28/2023,9406.088867,9476.945257,9320.139545,9324.990913,325938
8/29/2023,9429.168945,9491.401215,9316.219825,9408.343186,317224
8/30/2023,9600.822266,9621.941844,9418.143225,9467.145011,543634
8/31/2023,9804.081055,9864.059432,9575.046518,9575.046518,1581818
9/1/2023,10124.99414,10190.36272,9752.678184,9799.377269,1193178
9/4/2023,10155.57129,10258.96506,10080.94119,10193.35147,819552
9/5/2023,10057.22363,10204.81758,10041.24924,10143.36915,507107
9/6/2023,9975.635742,10055.16602,9927.90877,10055.16602,663758
9/7/2023,10075.50195,10095.25006,9947.362286,9947.362286,445805
9/8/2023,10125.72949,10192.37192,10094.36835,10191.39189,439721
9/11/2023,10323.54883,10339.37679,10137.48943,10138.46947,598050
9/12/2023,10293.90332,10357.4104,10197.27218,10333.49715,568773
9/13/2023,10264.30664,10326.04889,10231.57306,10290.37521,301707
9/14/2023,10278.76172,10368.77761,10222.80111,10256.12232,501196
9/15/2023,10315.12109,10339.37698,10268.22677,10279.88862,544616
9/18/2023,10312.03418,10411.55758,10284.54437,10290.42458,430213
9/20/2023,10140.18457,10284.54364,10131.16805,10284.54364,545106
9/21/2023,10078.98145,10138.46981,10002.73486,10136.55855,577252
9/22/2023,10324.82422,10355.79297,10102.64992,10170.81121,986206
9/25/2023,10376.81445,10505.98297,10319.77618,10324.82375,756801
9/26/2023,10345.89453,10421.6511,10316.39488,10419.64222,452503
9/27/2023,10467.5166,10492.2625,10314.87604,10339.37693,458359
9/28/2023,10354.41992,10491.28229,10321.78492,10437.87035,598144
9/29/2023,10398.7666,10491.77237,10300.71422,10330.5565,481725
10/3/2023,10140.33203,10495.98642,10097.6019,10495.98642,623006
10/4/2023,9927.614258,10078.58952,9888.560218,10078.58952,407793
10/5/2023,10006.3125,10065.89848,9907.1815,9978.6753,377196
10/6/2023,10096.37598,10126.65946,10055.16567,10077.70649,335700
10/9/2023,10040.26953,10128.0813,9980.634742,10045.36591,230083
10/10/2023,10167.87109,10209.0326,10065.06496,10084.56805,348342
10/11/2023,10204.22949,10231.57287,10133.61811,10143.32085,193526
10/12/2023,10369.66016,10412.43814,10212.16823,10251.17346,569237
10/13/2023,10513.38184,10530.53246,10319.57978,10323.74493,625954
10/16/2023,10490.79297,10595.01939,10452.08156,10515.73507,304196
10/17/2023,10536.16797,10582.27846,10354.37134,10515.78342,474718
10/18/2023,10573.06641,10594.0386,10497.21126,10540.28402,267435
10/19/2023,10556.65137,10583.11233,10486.38261,10486.38261,286284
10/20/2023,10511.52051,10583.40575,10482.16825,10548.22208,232512
10/23/2023,10342.9541,10510.54021,10320.21708,10467.76126,227925
10/25/2023,10377.45117,10434.88184,10291.94305,10309.97609,401105
10/26/2023,10216.04004,10382.49873,10185.02152,10328.59676,506129
10/27/2023,10349.86328,10628.48724,10231.57278,10231.62159,1116713
10/30/2023,10190.11816,10486.38279,10040.46651,10486.38279,991168
10/31/2023,10184.8252,10280.57488,10114.94884,10280.57488,439996
11/1/2023,10023.56055,10214.12869,9985.241532,10182.66897,699116
11/2/2023,10097.89551,10138.46937,9997.344227,10084.86122,569194
11/3/2023,10071.14063,10162.97016,10036.54556,10112.0083,517582
11/6/2023,10079.51953,10132.54004,10047.32574,10132.54004,490459
11/7/2023,10048.59961,10119.84839,10031.4978,10094.36747,264935
11/8/2023,10116.22168,10134.00971,10055.75329,10113.96779,287006
11/9/2023,10192.71484,10240.98161,10110.78423,10143.32161,310536
11/10/2023,10181.39453,10208.44409,10113.96827,10167.87023,206395
11/13/2023,10190.80371,10220.79242,10156.74747,10220.79242,261891
11/15/2023,10247.30273,10287.43539,10167.91984,10287.43539,436538
11/16/2023,10275.18457,10333.20288,10201.38807,10270.77441,488715
11/17/2023,10313.40527,10395.04205,10289.54179,10290.37444,403772
11/20/2023,10355.30273,10381.86132,10290.37537,10290.37537,234246
11/21/2023,10324.82422,10406.99984,10290.37558,10406.99984,312242
11/22/2023,10285.03418,10340.6024,10211.9727,10339.37735,378891
11/23/2023,10279.10449,10314.8758,10186.53993,10278.41828,453820
11/24/2023,10305.71289,10355.54732,10253.13359,10296.20635,380306
11/28/2023,10327.1748,10345.64905,10296.25487,10329.52727,268026
11/29/2023,10387.64355,10422.23862,10315.56212,10358.97751,343341
11/30/2023,10396.90527,10436.40052,10335.55446,10369.75809,665660
12/1/2023,10374.36426,10544.20426,10322.76499,10396.21886,591519
12/4/2023,10387.83984,10481.57969,10216.87242,10481.48207,625235
12/5/2023,10507.8457,10554.98504,10352.51004,10438.26316,580996
12/6/2023,10413.61426,10534.35485,10378.57798,10507.84507,464163
12/7/2023,10483.09961,10714.58328,10422.68002,10574.58556,704413
12/8/2023,10406.55762,10533.42343,10340.3564,10515.78278,548373
12/11/2023,10331.29102,10425.61945,10290.42334,10417.77916,579749
12/12/2023,10132.00195,10411.89978,10095.44585,10407.97964,1088687
12/13/2023,10172.81934,10205.01408,10055.16624,10153.16981,603469
12/14/2023,10146.50684,10285.47572,10106.42299,10231.57375,635475
12/15/2023,10081.04004,10267.58946,9636.299054,10250.19383,1244681
12/18/2023,10113.57617,10144.25206,10022.04141,10089.46768,652498
12/19/2023,10029.29297,10169.83047,10002.44056,10113.57604,585734
12/20/2023,9879.984375,10103.2363,9790.556122,10035.56503,964051
12/21/2023,9812.950195,9897.625664,9702.353548,9800.357119,739806
12/22/2023,10013.17188,10112.30191,9829.757816,9849.358529,652545
12/26/2023,10065.60449,10075.94368,9912.767727,10064.96709,395273
12/27/2023,10083.09766,10099.61088,10025.76557,10080.64757,397675
12/28/2023,10066.53418,10105.09916,9983.623543,10105.09916,584234
12/29/2023,10096.6709,10189.08904,10067.90723,10075.20869,705227
1/1/2024,10078.00098,10138.46937,10010.7221,10138.46937,411724
1/2/2024,9994.15918,10089.17383,9948.391321,10078.00104,776837
1/3/2024,9876.457031,10006.16437,9864.059197,9996.364015,521046
1/4/2024,9815.350586,9917.960507,9786.194526,9898.359795,711733
1/5/2024,9817.017578,9873.859649,9770.9559,9810.794734,673131
1/8/2024,9748.12207,9926.733591,9714.017017,9805.257965,600153
1/9/2024,9823.975586,9842.156014,9692.55318,9775.856215,666469
1/10/2024,9810.353516,9850.093772,9751.355175,9849.309935,481699
1/11/2024,9811.235352,9921.979389,9800.357338,9824.955852,1024815
1/12/2024,9766.693359,9844.410001,9737.586107,9824.858097,850190
1/15/2024,9885.522461,9897.184311,9749.39512,9785.754061,463380
1/16/2024,9980.243164,10035.56638,9859.159935,9885.473513,536823
1/17/2024,9851.024414,9958.925955,9796.877445,9921.880799,610250
1/18/2024,9726.364258,9849.358738,9543.244971,9747.483836,614860
1/19/2024,9837.304688,9850.976377,9750.424139,9761.155721,377018
1/23/2024,9663.592773,9773.895595,9635.808188,9665.111637,956269
1/24/2024,9788.792969,9800.357199,9560.248447,9663.152198,459092
1/25/2024,9683.733398,9800.161456,9620.569902,9788.793424,718817
1/29/2024,9791.929688,9834.658864,9677.901952,9732.882533,446516
1/30/2024,9752.972656,9833.188195,9733.224554,9810.990004,399869
1/31/2024,9983.526367,10031.25334,9715.094198,9760.469661,997024
2/1/2024,10425.57031,10486.18513,10000.28366,10006.16387,1869594
2/2/2024,10442.72266,10497.75109,10329.96973,10386.41941,814940
2/5/2024,10220.35059,10545.13478,10192.37076,10390.33796,365105
2/6/2024,10628.33984,10640.00265,10249.21341,10290.3261,829040
2/7/2024,10717.37695,10754.42211,10571.44925,10643.18806,560808
2/8/2024,10529.40625,10732.37127,10476.53313,10732.37127,557082
2/9/2024,10518.57617,10554.98488,10399.25682,10497.40778,645489
2/12/2024,10495.88867,10534.35507,10437.42916,10486.38213,190655
2/13/2024,10578.99512,10613.78638,10427.72699,10515.78282,397979
2/14/2024,10807.78516,10829.39475,10489.71475,10491.28243,354676
2/15/2024,10868.84082,10910.73735,10760.79189,10819.59403,447248
2/16/2024,11153.19922,11250.8104,10876.43674,10897.99753,716486
2/19/2024,11254.09277,11381.2036,11106.7936,11153.19886,581383
2/20/2024,11217.93066,11250.76186,11089.93742,11211.60924,355044
2/21/2024,11236.94238,11290.99174,11143.00634,11227.28941,348461
2/22/2024,11425.05957,11461.51709,11163.83126,11270.41013,584406
2/23/2024,11305.2998,11486.01878,11246.10622,11471.26943,472884
2/26/2024,11238.06934,11303.68292,11188.52872,11275.31069,277700
2/27/2024,11271.04785,11332.05507,11156.97131,11187.10741,307585
2/28/2024,10930.1416,11269.38133,10907.79698,11241.98914,358812
2/29/2024,11062.98535,11122.4249,10907.30707,10932.29798,943841
3/1/2024,11388.94629,11441.91703,11069.50345,11069.50345,487355
3/4/2024,11362.68164,11444.17104,11313.67985,11368.41447,369936
3/5/2024,11437.60449,11495.819,11330.9768,11364.54302,320702
3/6/2024,11336.12207,11445.83726,11288.44391,11437.60458,639542
3/7/2024,11280.25977,11401.24536,11193.13517,11340.04194,255325
3/11/2024,11168.0459,11325.1952,11123.45427,11285.25875,525344
3/12/2024,11280.11328,11344.79564,11153.7863,11172.40698,283816
3/13/2024,11162.75391,11324.16502,11042.64977,11280.2108,385204
3/14/2024,11176.91504,11231.2094,11076.41257,11174.12232,523058
3/15/2024,11247.52734,11291.04036,11088.17296,11152.80651,972333
3/18/2024,11403.98926,11432.50887,11139.37962,11208.3257,311049
3/19/2024,11365.52246,11446.7678,11227.43601,11311.66931,409259
3/20/2024,11702.75391,11784.92952,11418.54355,11418.54355,1031037
3/21/2024,11670.41211,11760.428,11589.26439,11759.44797,544311
3/22/2024,12091.3877,12179.19852,11652.67429,11652.67429,1062263
3/26/2024,12005.97656,12075.90269,11898.81004,12040.27781,507568
3/27/2024,12260.58984,12468.70101,12040.42539,12044.63935,878986
3/28/2024,12348.79297,12472.71868,12138.23267,12319.00046,860324
4/1/2024,12318.65625,12435.67289,12256.47375,12361.53281,314676
4/2/2024,12301.84961,12395.49183,12213.4502,12372.9022,333508
4/3/2024,12179.73633,12275.4372,12164.74197,12201.4445,271935
4/4/2024,12316.35449,12396.47242,12072.12939,12240.64673,491166
4/5/2024,12173.61133,12307.19096,12137.25239,12242.60623,231600
4/8/2024,12608.25684,12669.55883,12201.4444,12201.4444,570422
4/9/2024,12630.7002,12726.44988,12524.85634,12608.25699,314466
4/10/2024,12429.54785,12699.30268,12349.33231,12674.80179,464239
4/12/2024,12021.65723,12407.25248,11980.93693,12407.25248,973366
4/15/2024,12174.83594,12260.24643,11792.7206,11955.94535,831257
4/16/2024,12253.09277,12299.35065,12030.28108,12062.27963,579183
4/18/2024,12157.34375,12350.4108,12074.08952,12319.04965,679117
4/19/2024,12457.18555,12504.66847,11980.93699,12152.34562,635535
4/22/2024,12530.24707,12622.0278,12406.27255,12527.94437,342212
4/23/2024,12736.78906,12764.47507,12521.23002,12588.55866,397281
4/24/2024,12685.63086,12812.93788,12642.46048,12740.46405,296364
4/25/2024,12664.51172,12721.54999,12485.99783,12705.1832,640725
4/26/2024,12449.73633,12784.56591,12407.25216,12664.02152,704626
4/29/2024,12436.50586,12735.36794,12351.39014,12544.50599,613937
4/30/2024,12561.6084,12736.54478,12485.85183,12530.73727,528776
5/2/2024,12549.7002,12587.72635,12264.951,12495.4556,814923
5/3/2024,12242.75391,12573.8586,12163.61602,12562.04936,834990
5/6/2024,12190.95898,12393.92497,12125.49279,12299.44914,342231
5/7/2024,12117.21094,12258.77729,11994.65766,12223.39839,604375
5/8/2024,12293.12695,12309.19992,12078.94034,12144.60273,399669
5/9/2024,12255.00391,12485.45873,12188.4591,12289.64779,504590
5/10/2024,12422.44336,12443.46532,12251.42712,12255.34726,328670
5/13/2024,12420.8252,12454.68619,12228.44438,12407.25208,281421
5/14/2024,12558.37402,12583.65875,12398.8244,12420.82543,331037
5/15/2024,12512.40918,12615.4115,12446.45297,12564.05725,232030
5/16/2024,12248.14355,12591.49868,12054.43912,12591.49868,914201
5/17/2024,12389.12207,12413.03533,12076.29446,12265.29493,809226
5/21/2024,12224.2793,12425.77521,12193.40817,12348.5974,443136
5/22/2024,12281.16992,12312.18843,12116.27892,12179.68742,280015
5/23/2024,12676.66504,12716.06171,12224.03495,12315.17827,768732
5/24/2024,12740.90527,12773.78528,12555.23732,12608.15925,624801
5/27/2024,12648.43848,12797.7963,12521.91625,12763.44624,464953
5/28/2024,12562.68555,12726.6951,12544.70227,12632.66048,333806
5/29/2024,12533.33398,12593.5076,12495.45522,12562.09765,353706
5/30/2024,12346.49023,12554.25781,12299.44852,12467.03463,524559
5/31/2024,12151.75684,12381.13401,12083.84055,12346.49013,908304
6/3/2024,12227.07324,12568.95833,12154.94204,12568.95833,485936
6/4/2024,11932.96387,12345.7063,11330.63429,12345.1177,825928
6/5/2024,12252.99414,12362.26812,11883.03066,11936.835,447581
6/6/2024,12420.4834,12436.65399,12219.08605,12261.76641,447536
6/7/2024,12555.13965,12571.89788,12331.15173,12331.15173,532480
6/10/2024,12463.65332,12662.06175,12375.79369,12510.3036,293471
6/11/2024,12606.83691,12681.22105,12402.54828,12489.08524,358807
6/12/2024,12592.82227,12693.03092,12546.41795,12606.83754,302719
6/13/2024,12590.37109,12681.6618,12485.26227,12681.6618,297240
6/14/2024,12588.75488,12637.56047,12523.68013,12575.3282,216967
6/18/2024,12310.17969,12622.85989,12291.65663,12621.29221,823306
6/19/2024,11997.69531,12372.95139,11956.43619,12358.25085,694871
6/20/2024,11906.94434,12059.82991,11892.73382,12001.51779,907751
6/21/2024,11957.90625,12119.36714,11842.26203,11976.03691,947800
6/24/2024,11940.16699,12043.65838,11800.60953,11937.81452,550862
6/25/2024,11874.7002,11993.48071,11831.0398,11957.80799,594272
6/26/2024,11954.7207,12077.81281,11826.77723,11875.0928,447931
6/27/2024,11935.60938,11983.18992,11770.22836,11956.43513,1230852
6/28/2024,11793.60254,11957.90591,11764.49624,11941.68651,1160395
7/1/2024,11866.91016,12015.23818,11765.8679,11804.5305,1134926
7/2/2024,11802.17773,11907.38514,11755.52842,11907.38514,687181
7/3/2024,11881.61133,11907.43489,11721.22809,11873.13364,467532
7/4/2024,11848.23926,11966.23594,11830.79481,11892.73326,299684
7/5/2024,11862.40039,11895.13396,11781.89104,11828.19772,406926
7/8/2024,11783.55762,11870.19316,11727.10794,11862.35288,496933
7/9/2024,12571.60449,12701.21422,12019.20697,12078.94034,2114130
7/10/2024,12517.7998,13034.47482,12478.45195,12691.51113,2070520
7/11/2024,12461.34961,12665.78467,12441.60151,12544.45644,608983
7/12/2024,12311.69922,12416.95544,12225.94609,12368.05127,674746
7/15/2024,12391.52344,12513.5867,12338.65032,12348.45067,697186
7/16/2024,12387.20996,12542.49681,12330.56409,12390.59128,347810
7/18/2024,12391.62109,12426.85357,12214.18581,12380.79189,391216
7/19/2024,12274.26172,12456.25455,12246.96811,12397.45241,351955
7/22/2024,12388.87598,12406.2228,12152.49118,12250.44594,249631
7/23/2024,12376.91992,12480.70609,12113.2415,12466.05436,332258
7/24/2024,12237.95117,12410.38865,12209.48133,12381.77142,285860
7/25/2024,12259.46289,12274.94726,12140.73118,12140.73118,396789
7/26/2024,12410.87793,12488.69219,12141.85814,12221.04483,537693
7/29/2024,12496.97461,12518.68278,12351.39049,12455.27428,388263
7/30/2024,12616.63672,12709.88654,12456.15588,12505.25528,526539
7/31/2024,12853.95215,13107.9776,12637.70784,12720.86349,836405
8/1/2024,13092.3457,13406.88835,12850.22808,13125.61811,2040384
8/2/2024,12590.13281,13033.83051,12537.35348,12985.45372,1333355
8/5/2024,12070.20898,12356.2633,11898.8643,12356.2633,1131415
8/6/2024,12001.20605,12420.469,11980.33237,12257.33427,623565
8/7/2024,12239.03223,12316.69169,12134.56332,12266.23777,433514
8/8/2024,12088.0166,12260.00569,12022.03156,12238.53785,358577
8/9/2024,12093.30957,12257.33407,12064.52058,12257.33407,320211
8/12/2024,12141.83398,12237.54803,11970.43906,12069.36831,291212
8/13/2024,12045.87305,12207.91897,11992.20393,12204.90182,464483
8/14/2024,12074.95801,12107.95053,12000.11765,12107.95053,449827
8/16/2024,12082.52637,12211.77782,11981.32193,12183.08834,552732
8/19/2024,12019.70605,12112.94687,11996.95233,12064.42227,277319
8/20/2024,12084.1582,12178.19026,12020.00201,12030.29104,471927
8/21/2024,12090.09473,12117.79492,12046.6644,12084.15897,295984
8/22/2024,12144.90039,12193.02986,12050.57174,12148.51169,501316
8/23/2024,12170.57324,12242.54427,12123.18671,12168.29806,440809
8/26/2024,12112.69922,12202.42824,12091.13284,12193.02996,232805
8/27/2024,12363.08984,12395.83504,12094.19937,12113.88668,477609
8/28/2024,12225.18164,12385.89239,12197.9761,12366.15582,313227
8/29/2024,12320.45117,12346.37083,12118.83355,12210.83775,608598
8/30/2024,12270.19531,12435.40717,12184.32491,12326.58499,2271179
9/2/2024,12294.33398,12390.88855,12218.15846,12240.51609,331514
9/3/2024,12264.35742,12340.73099,12227.55651,12340.4344,445514
9/4/2024,12204.15918,12265.24799,12103.10257,12193.07891,735076
9/5/2024,12166.91211,12237.54798,12099.04703,12204.90133,595865
9/6/2024,12055.66699,12173.09524,11965.196,12118.83293,733354
9/9/2024,12015.69922,12089.00541,11972.41767,12066.8951,415790
9/10/2024,12132.08984,12156.47532,11968.46048,12020.00223,285122
9/11/2024,12111.51172,12201.93344,12034.74301,12128.72579,349799
9/12/2024,12268.06738,12293.93777,12021.23891,12130.80305,547830
9/13/2024,12184.17578,12262.28062,12159.44347,12232.60184,361093
9/16/2024,12157.41602,12231.61296,12124.76936,12190.0134,170114
9/17/2024,12114.62891,12153.45864,12021.53687,12153.45864,568161
9/18/2024,12073.42383,12205.8412,12039.68934,12108.98909,182282
9/19/2024,12219.24609,12277.1197,12075.70014,12128.67656,465608
9/20/2024,12479.43066,12569.11042,12227.70499,12228.05182,875654
9/23/2024,12547.29492,12612.48968,12489.81742,12489.81742,235586
9/24/2024,12602.20117,12642.1197,12448.36619,12448.36619,425916
9/25/2024,12648.40137,12678.97089,12475.96788,12590.97313,341172
9/26/2024,13240.49316,13267.40211,12692.62315,12697.56962,1471069
9/27/2024,13351.0957,13396.6534,13132.31424,13239.70175,865698
9/30/2024,13096.25391,13355.44854,13067.26783,13200.67353,415743
10/1/2024,13025.02539,13158.03596,12860.8521,13096.25445,388888
10/3/2024,12511.92773,13007.2174,12457.46738,12802.48313,863520
10/4/2024,12470.77441,12739.96053,12378.52288,12554.02377,679362
10/7/2024,12393.3623,12512.57206,12245.46307,12490.85689,465500
10/8/2024,12397.76465,12494.86313,12328.61271,12368.38247,387060
10/9/2024,12624.06543,12712.40906,12406.22302,12420.51849,465231
10/10/2024,12805.50098,12826.17758,12575.39192,12661.85647,492698
10/11/2024,12639.84473,12841.01698,12588.74738,12805.50099,274243
10/14/2024,12403.60059,12661.95471,12328.85973,12638.21169,488067
10/15/2024,12313.47656,12572.91852,12222.70897,12572.91852,532135
10/16/2024,12251.2998,12321.58884,12100.03659,12281.12639,418138
10/17/2024,12013.7207,12287.1113,11940.76038,12267.2269,875937
10/18/2024,11975.48438,12011.24769,11717.62586,11940.76059,506871
10/21/2024,12045.52734,12118.83353,11816.65394,12015.50174,375275
10/22/2024,11795.63086,12158.20655,11713.22299,12085.14769,904901
10/23/2024,11828.17969,11990.12707,11627.60062,11795.63158,412638
10/24/2024,11637.74023,11870.47129,11512.29814,11870.47129,552495
10/25/2024,11379.68262,11668.0121,11317.50597,11637.64063,624582
10/28/2024,11360.29297,11508.09365,11317.50607,11381.61203,613830
10/29/2024,10927.72461,11360.04542,10627.42507,11327.39877,2268683
10/30/2024,11135.92188,11396.64972,10827.80653,10861.44247,1672966
10/31/2024,10957.84961,11127.11718,10931.68263,11104.80882,838211
11/1/2024,10991.04004,11089.52392,10961.36126,11030.61174,65670
11/4/2024,10934.10645,11174.05916,10743.7169,11174.05916,444462
11/5/2024,11050.49609,11154.27327,10893.99079,10923.76811,321159
11/6/2024,11232.6748,11307.61371,11052.96943,11098.87299,416027
11/7/2024,11179.1543,11263.09538,11066.81936,11184.10076,530194
11/8/2024,11181.97363,11222.53463,11006.47275,11139.9287,269993
11/11/2024,11277.6377,11394.81958,11188.89797,11210.16775,450681
11/12/2024,11023.78516,11393.58348,10988.31941,11270.06972,549747
11/13/2024,10931.28613,11023.53766,10747.97042,11020.71856,507710
11/14/2024,10888.20215,10998.65704,10775.47208,10936.62821,431348
11/18/2024,10975.16211,11063.20914,10798.12802,10832.75326,333440
11/19/2024,10841.95313,11075.37688,10779.72721,10971.25385,864067
11/21/2024,10745.15137,10840.86542,10654.68037,10804.21232,540201
11/22/2024,10945.13574,10987.72556,10711.31685,10788.23434,493678
11/25/2024,10907.09863,11127.51281,10872.37389,11082.05463,635726
11/26/2024,10826.76758,10959.33277,10774.82972,10907.09832,406586
11/27/2024,10939.94238,10997.86623,10753.60953,10818.90283,343332
11/28/2024,10832.60449,10961.95449,10771.41714,10941.97155,607669
11/29/2024,10955.62305,11010.92392,10803.07395,10832.70346,338207
12/2/2024,11118.95508,11208.6841,11031.60074,11031.60074,446880
12/3/2024,11158.47754,11187.90899,11083.04399,11129.54073,258644
12/4/2024,11010.67676,11179.00526,10987.08252,11160.20871,554674
12/5/2024,11062.51563,11149.32604,10912.88514,11015.72228,545501
12/6/2024,11196.76367,11254.14264,11001.92231,11080.07642,417214
12/9/2024,11159.02148,11247.16803,11132.06326,11200.76982,254485
12/10/2024,11078.2959,11193.20165,11050.39766,11154.27337,410569
12/11/2024,11156.99316,11199.63128,11100.45471,11109.65591,226584
12/12/2024,11047.8252,11178.36156,10959.62938,11178.36156,396561
12/13/2024,11151.84863,11169.11198,10915.457,11018.14634,263579
12/16/2024,11156.25195,11208.14054,11085.02289,11135.03143,223389
12/17/2024,10989.60547,11151.7509,10941.27891,11142.4019,295445
12/18/2024,10884.6416,10979.21758,10852.63741,10966.30751,497103
12/19/2024,10838.04492,10917.23856,10736.24731,10771.41646,435360
12/20/2024,10784.32715,10958.39336,10749.60337,10822.86029,404608
12/23/2024,10706.12305,10872.12613,10640.23656,10810.98805,237165
12/24/2024,10621.6377,10770.87305,10610.16229,10706.12366,151149
12/26/2024,10779.33105,10857.28711,10654.6802,10655.17485,349811
12/27/2024,10823.89844,11013.79332,10795.75287,10812.4723,257973
12/30/2024,10683.32031,10832.75275,10634.99279,10823.89839,335481
12/31/2024,10742.13379,10777.05562,10635.48729,10649.73349,198997
1/1/2025,11088.28711,11153.23455,10684.55722,10741.73813,383202
1/2/2025,11714.50879,11732.16824,11105.79732,11164.16558,1417042
1/3/2025,11806.46387,11920.77642,11661.73057,11723.0667,701315
1/6/2025,11629.77637,11851.6252,11565.52163,11801.26983,383268
1/7/2025,11595.79395,11699.32379,11548.70401,11629.77672,308104
1/8/2025,11695.41602,11732.95986,11599.75124,11600.44393,303100
1/9/2025,11614.83789,11723.11615,11534.80471,11695.41596,266413
1/10/2025,11506.55957,11634.07976,11446.11419,11564.82928,218246
1/13/2025,11374.58887,11529.66047,11345.20669,11345.70133,253524
1/14/2025,11615.43164,11659.35565,11407.53144,11410.45005,627463
1/15/2025,11819.47363,12061.8503,11733.99837,11763.23177,692822
1/16/2025,11962.82129,12004.07498,11828.17897,11853.1586,551211
1/17/2025,12006.39941,12059.3768,11875.76354,11972.31906,285370
1/20/2025,11891.34473,12016.98487,11855.7302,12016.98487,251731
1/21/2025,11756.45508,12009.81249,11735.03651,11888.37684,300038
1/22/2025,11891.6416,11949.51521,11772.62991,11772.62991,396590
1/23/2025,11916.77051,11976.67198,11833.22456,11876.45684,480876
1/24/2025,11839.75391,11963.51401,11786.5292,11802.25933,310343
1/27/2025,11865.42578,11917.90852,11684.5833,11774.46111,251783
1/28/2025,11993.93457,12034.44629,11757.69172,11889.66276,533451
1/29/2025,11849.64746,12188.77675,11757.79107,11990.22554,817549
1/30/2025,11871.50977,11981.17245,11795.43279,11892.28491,418442
1/31/2025,12178.83398,12257.33396,11871.50989,11871.50989,709009
2/1/2025,12778.19629,13009.19608,12097.71184,12188.08333,1101170
2/3/2025,12999.25391,13317.06412,12783.29155,12850.90931,926127
2/4/2025,12969.5752,13117.96907,12832.60746,13108.12541,530749
2/5/2025,12946.67285,13009.19633,12864.26498,12969.62463,271633
2/6/2025,12934.00977,12989.41014,12867.52912,12920.15967,414134
2/7/2025,12909.77246,12968.14072,12872.67399,12920.16003,355223
2/10/2025,12762.61523,12920.16007,12748.6666,12910.26714,294142
2/11/2025,12588.10352,12877.86767,12563.47071,12761.82386,354195
2/12/2025,12520.04102,12628.66514,12473.04962,12564.01526,425735
2/13/2025,12535.62207,12608.48385,12479.67777,12539.28265,186742
2/14/2025,12544.47656,12643.15849,12449.3557,12564.01509,233454
2/17/2025,12626.24121,12637.22197,12443.41919,12466.66756,192210
2/18/2025,12649.29199,12746.98463,12598.7888,12628.26953,267936
2/19/2025,12550.31348,12632.42475,12515.53946,12590.72569,288694
2/20/2025,12307.44238,12514.55039,12247.4414,12514.55039,423739
2/21/2025,12191.49707,12305.41352,12113.88688,12287.01307,477013
2/24/2025,12213.01367,12299.37871,12089.2526,12117.20012,399571
2/25/2025,12342.75879,12373.47709,12217.76207,12256.09715,363355
2/27/2025,12248.03418,12415.62071,12180.1691,12397.51685,236805
2/28/2025,11817.93945,12206.38554,11685.22644,12206.38554,605149
3/3/2025,11649.5127,11930.32396,11631.85421,11758.73098,186884
3/4/2025,11491.86914,11598.71273,11466.8895,11564.82946,255726
3/5/2025,11492.95703,11703.33047,11444.4817,11480.73966,349730
3/6/2025,11541.48242,11603.90639,11357.07791,11575.71156,315309
3/7/2025,11539.25684,11616.56947,11476.78263,11525.25796,259055
3/10/2025,11461.99219,11572.64513,11410.15384,11475.79301,153894
3/11/2025,11522.24023,11566.80767,11386.75644,11455.51226,245822
3/12/2025,11515.46289,11598.41564,11398.62784,11496.36974,249361
3/13/2025,11390.51563,11559.88269,11366.72333,11510.22002,260736
3/17/2025,11429.98926,11627.10579,11333.68105,11390.5161,275569
3/18/2025,11429.98926,11429.98926,11429.98926,11429.98926,0
3/19/2025,11491.17676,11589.01818,11423.36095,11574.72271,476555
3/20/2025,11604.59863,11639.02582,11463.92105,11574.62326,379421
3/21/2025,11607.1709,11794.04864,11580.46,11653.8657,560565
3/24/2025,11794.59277,11861.61734,11616.32207,11653.81664,359033
3/25/2025,11741.81445,11945.95458,11673.65181,11823.43109,514283
3/26/2025,11608.65527,11741.81463,11584.61566,11680.57703,478517
3/27/2025,11596.4375,11770.60225,11513.3862,11647.08947,645787
3/28/2025,11398.77734,11620.18082,11278.03342,11573.78261,541795
4/1/2025,11358.16602,11422.17344,11169.1126,11357.07818,498244
4/2/2025,11590.64941,11606.37955,11287.87664,11358.16568,452994
4/3/2025,11562.94922,11676.57004,11486.72443,11505.96636,326624
4/4/2025,11359.05664,11505.47193,11208.68418,11475.79316,355785
4/7/2025,11208.43652,11236.87868,10941.03096,10986.68623,602353
4/8/2025,11336.2041,11426.67413,11169.16148,11406.54241,629968
4/9/2025,11334.7207,11415.14999,11302.66724,11337.39102,255114
4/11/2025,11474.85254,11553.69934,11357.07746,11357.42333,231420
4/15/2025,11728.0625,11812.15236,11554.93631,11663.75849,458593
4/16/2025,11539.10742,11641.99384,11490.63209,11641.99384,470494
4/17/2025,11569.77539,11602.42204,11401.59567,11539.10732,302146
4/21/2025,11619.24023,11642.98325,11463.92131,11569.77561,318493
4/22/2025,11608.3584,11661.78019,11490.63259,11643.97293,516753
4/23/2025,11779.50586,11842.82058,11603.41179,11672.66227,493839
4/24/2025,11766.64551,11911.08222,11731.03098,11812.15296,387863
4/25/2025,11572.74414,11917.01794,11473.81489,11774.55982,906266
4/28/2025,11719.15918,11768.62381,11168.12325,11305.63491,457303
4/29/2025,11714.21289,11812.15285,11615.28364,11685.52341,455596
4/30/2025,12125.75781,12193.0297,11673.65115,11698.38347,967250
5/2/2025,12272.17383,12590.72602,12118.83349,12125.75853,707908
5/5/2025,12324.60645,12356.26381,12229.63436,12356.26381,270014
5/6/2025,12446.28906,12464.09633,12238.53764,12304.82023,414921
5/7/2025,12497.73242,12533.34695,12222.7091,12222.7091,303619
5/8/2025,12259.3125,12462.11746,12197.97637,12425.51364,485326
5/9/2025,12118.83301,12227.65518,11985.27852,12005.06437,278112
5/12/2025,12480.91406,12494.76416,12292.94849,12292.94849,185165
5/13/2025,12348.34863,12564.01439,12296.90542,12465.08514,378269
5/14/2025,12534.33594,12581.82198,12278.10918,12351.31683,306050
5/15/2025,12813.31641,12883.55617,12413.64224,12465.08545,561496
5/16/2025,12855.85645,12945.88207,12773.74517,12811.33828,425275
5/19/2025,12849.91992,12906.30959,12791.55167,12850.90921,244277
5/20/2025,12502.67871,12870.69552,12474.97852,12865.74906,361111
5/21/2025,12479.9248,12670.85826,12459.14966,12539.28235,209104
5/22/2025,12311.74512,12475.96767,12262.28049,12475.96767,434848
5/23/2025,12319.65918,12361.20946,12289.98041,12316.6913,169465
5/26/2025,12288.00195,12404.73847,12258.32318,12321.6379,214703
5/27/2025,12281.07715,12345.38116,12158.40488,12288.0022,344679
5/28/2025,12198.96582,12282.06639,12173.24422,12281.0771,178181
5/29/2025,12259.3125,12294.92703,12134.66165,12207.86929,191097
5/30/2025,12187.09473,12356.26375,12119.82283,12259.31308,351353
6/2/2025,12158.40527,12187.09476,12002.09705,12030.78654,264972
6/3/2025,11998.13965,12217.76259,11930.86776,12141.58706,369114
6/4/2025,12032.76465,12113.88663,11998.13941,11998.13941,205846
6/5/2025,11996.16113,12125.75845,11887.33896,12069.36878,319783
6/6/2025,12328.56348,12400.78183,11970.43958,12009.02199,456129
6/9/2025,12501.68945,12524.44318,12332.52043,12371.10284,323443
6/10/2025,12385.94238,12607.54391,12327.57412,12524.44334,325292
6/11/2025,12318.66992,12425.51351,12293.93761,12336.47719,306061
6/12/2025,12257.33398,12356.26323,12175.22271,12325.59517,347339
6/13/2025,12275.1416,12291.95957,12045.62574,12069.36876,385493
6/16/2025,12395.83496,12432.43878,12203.91222,12271.18411,184242
6/17/2025,12460.13867,12479.92452,12336.47711,12394.84537,226597
6/18/2025,12611.50098,12742.08759,12415.62106,12484.87153,467738
6/19/2025,12668.87988,12687.67644,12577.86497,12613.4795,339117
6/20/2025,12654.04004,12751.97999,12591.71461,12671.8473,652128
6/23/2025,12563.02539,12649.09384,12530.37874,12634.25445,192037
6/24/2025,12475.96777,12717.35514,12418.58881,12692.62283,332717
6/25/2025,12630.29785,12669.86955,12481.90397,12548.18657,316536
6/26/2025,12578.85449,12710.4304,12553.13289,12643.15851,354735
6/27/2025,12506.63574,12661.95466,12485.8606,12613.47933,346403
6/30/2025,12267.22656,12539.28199,12199.95467,12531.36765,448956
7/1/2025,12308.77734,12325.59532,12188.08366,12316.69168,283481
7/2/2025,12486.84961,12507.62475,12226.66569,12247.44083,609735
7/3/2025,12615.45801,12682.7299,12455.19262,12494.76432,606221
7/4/2025,12510.59277,12611.50061,12472.99966,12578.85395,225607
7/7/2025,12385.94238,12534.33626,12337.46705,12511.58253,220116
7/8/2025,12281.07715,12420.56739,12226.66606,12390.88862,241050
7/9/2025,12336.47754,12405.72801,12296.90584,12301.8523,174203
7/10/2025,12514.5498,12534.33565,12268.21598,12366.15593,277325
7/11/2025,12439.36426,12549.17573,12386.93175,12504.65756,194420
7/14/2025,12380.00684,12480.91467,12297.89556,12455.19307,246737
7/15/2025,12401.77051,12463.10664,12347.35942,12347.35942,147377
7/16/2025,12429.4707,12436.39575,12305.80914,12401.77051,204480
7/17/2025,12342.41309,12491.79625,12329.55228,12434.41729,189207
7/18/2025,12286.02344,12392.86703,12237.54811,12390.88844,124068
7/21/2025,12272.17383,12344.39218,12209.8484,12297.89543,232066
7/22/2025,12358.24219,12395.8353,12187.09458,12315.70261,169006
7/23/2025,12491.79688,12582.81179,12405.72842,12405.72842,342005
7/24/2025,12422.5459,12525.43232,12384.95278,12512.57152,157163
7/25/2025,12271.18457,12422.54633,12224.68782,12410.67482,260700
7/28/2025,12207.86914,12400.78117,12170.27603,12238.53721,292879
7/29/2025,12335.48828,12373.0814,12136.64049,12207.86955,285115
7/30/2025,12482.89258,12507.62489,12287.01267,12297.89488,203847
7/31/2025,12473,12623.37246,12330.54188,12372.09216,709783
8/1/2025,12302,12779,12273,12521,346024
8/4/2025,12365,12425,12225,12326,255693
8/5/2025,12537,12577,12370,12400,233560
8/6/2025,12524,12619,12483,12570,151608
8/7/2025,12632,12654,12429,12525,173393
8/8/2025,12590,12725,12564,12630,247048
8/11/2025,12597,12734,12482,12585,187230
8/12/2025,12840,12959,12606,12620,504476
8/13/2025,12834,12925,12752,12840,252065
8/14/2025,12936,12956,12825,12864,318580
8/18/2025,14068,14125,13664,13703,2154781
8/19/2025,14250,14270,13979,14070,906623
8/20/2025,14221,14362,14200,14362,391425
8/21/2025,14280,14401,14156,14219,513460
8/22/2025,14349,14370,14230,14349,458935
8/25/2025,14452,14478,14280,14401,357110
8/26/2025,14714,14825,14391,14452,962974
8/28/2025,14752,14895,14625,14895,666635
8/29/2025,14791,14850,14692,14750,621560
9/1/2025,14887,14938,14654,14790,572927
9/2/2025,14842,14934,14783,14859,379167
9/3/2025,14927,14991,14750,14875,561656
9/4/2025,14662,15240,14630,15240,784369
9/5/2025,14895,14957,14701,14740,473806
9/8/2025,15258,15319,14850,14921,691077
9/9/2025,15365,15384,15201,15249,605860
9/10/2025,15108,15384,15072,15366,489062
9/11/2025,15095,15191,15038,15111,657161
9/12/2025,15325,15373,15153,15160,420101
9/15/2025,15265,15378,15249,15350,170587
9/16/2025,15573,15594,15284,15300,381944
9/17/2025,15801,15818,15570,15592,624986
9/18/2025,15817,15939,15703,15916,642175
9/19/2025,15864,16060,15811,16000,652443
9/22/2025,15816,16000,15779,15879,302234
9/23/2025,16097,16325,16031,16120,873114
9/24/2025,16249,16375,16063,16188,663647
9/25/2025,16269,16370,16067,16249,490262
9/26/2025,16286,16435,16202,16235,490957
9/29/2025,15984,16340,15950,16300,627326
9/30/2025,16029,16054,15921,15985,390006
10/1/2025,15965,16109,15850,16026,426075
10/3/2025,15806,16025,15736,15949,470216
10/6/2025,15998,16057,15708,15840,268497
10/7/2025,16108,16159,15977,16014,330326
10/8/2025,16012,16236,15979,16108,306518
10/9/2025,15985,16075,15853,16070,300499
10/10/2025,16265,16315,15911,15980,423031
10/13/2025,16323,16432,16218,16264,337617
10/14/2025,16261,16350,16121,16350,307925
10/15/2025,16212,16380,16200,16300,266435
10/16/2025,16298,16332,16200,16246,265727
10/17/2025,16401,16549,16298,16298,411608
10/20/2025,16424,16518,16380,16500,374246
10/21/2025,16396,16476,16330,16453,28990
10/23/2025,16393,16660,16340,16660,481753
10/24/2025,16274,16423,16200,16392,208520
10/27/2025,16388,16410,16275,16350,209829
10/28/2025,16311,16495,16261,16399,383383
10/29/2025,16138,16428,16046,16360,232815
10/30/2025,16206,16275,16077,16190,230383
10/31/2025,16186,16516,15949,16204,719402
11/3/2025,15651,16100,15530,16016,942850
11/4/2025,15374,15633,15355,15607,748848
11/6/2025,15452,15534,15309,15534,429800
11/7/2025,15479,15499,15260,15459,227247
11/10/2025,15583,15647,15380,15380,274191
11/11/2025,15645,15680,15512,15640,181524
11/12/2025,15696,15731,15555,15674,244015
11/13/2025,15749,15800,15660,15661,250711
11/14/2025,15684,15735,15572,15725,253698
11/17/2025,15878,15892,15655,15689,301069
11/18/2025,15930,15999,15750,15878,392903
11/19/2025,15768,15950,15715,15950,286434
11/20/2025,15801,15823,15618,15810,249492
11/21/2025,15977,16150,15737,15790,586351
11/24/2025,15958,16085,15911,16005,525788
11/25/2025,15889,16050,15842,15958,214525
11/26/2025,16156,16210,15950,15950,314946
11/27/2025,15903,16171,15875,16166,339986
11/28/2025,15900,16049,15850,15906,352340
12/1/2025,16097,16177,15851,15975,434052
12/2/2025,16239,16261,16095,16127,383165
12/3/2025,16082,16248,16010,16219,264397
12/4/2025,15994,16135,15887,16058,248812
12/5/2025,16282,16338,15979,16000,332032
12/8/2025,16187,16256,16094,16200,220513
12/9/2025,16020,16226,15985,16051,276388
12/10/2025,16019,16125,15925,16090,293374
12/11/2025,16248,16296,15983,16049,268701
12/12/2025,16522,16536,16247,16248,404711
12/15/2025,16415,16500,16360,16500,225221
12/16/2025,16354,16451,16320,16400,156134
12/17/2025,16398,16490,16357,16389,257406
12/18/2025,16329,16486,16221,16440,213981
12/19/2025,16414,16475,16329,16329,360190
12/22/2025,16649,16693,16414,16464,271590
12/23/2025,16585,16720,16558,16709,215650
12/24/2025,16703,16720,16542,16640,258486
12/26/2025,16596,16703,16516,16703,212925
12/29/2025,16542,16682,16499,16600,251796
12/30/2025,16647,16818,16482,16575,1055843
12/31/2025,16697,16776,16581,16581,314427
1/1/2026,16708,16798,16602,16700,171293
1/2/2026,16960,16999,16723,16750,388562
1/5/2026,17155,17370,16980,17025,305668
1/6/2026,17292,17306,17142,17170,192182
1/7/2026,16809,17249,16524,17230,427979
1/8/2026,16664,16808,16541,16808,238421
1/9/2026,16501,16704,16417,16663,286302
1/12/2026,16582,16615,16271,16456,288686
1/13/2026,16426,16726,16293,16662,312205
1/14/2026,16152,16412,16090,16390,240043
1/15/2026,16152,16152,16152,16152,0
1/16/2026,15859,16197,15770,16000,703056
1/19/2026,16176,16242,15813,15859,385141
1/20/2026,15879,16233,15850,16200,289609
1/21/2026,15770,15973,15675,15675,345738
1/22/2026,15765,15971,15714,15950,352320
1/23/2026,15469,15846,15439,15819,338669
1/27/2026,15245,15387,15013,15300,565768
1/28/2026,14877,15294,14431,15161,1584483
1/29/2026,14502,14870,14353,14870,716545
1/30/2026,14599,14679,14300,14502,946509
2/2/2026,14384,14446,14058,14251,621514
2/3/2026,14782,15281,14482,15200,638870
2/4/2026,15071,15170,14723,14800,451065
2/5/2026,15059,15150,14900,15090,374759
2/6/2026,14997,15118,14871,15084,276529
2/9/2026,14978,15126,14905,15125,200034
2/10/2026,15146,15349,14983,14999,360240
2/11/2026,15412,15432,15174,15180,360742
2/12/2026,15326,15459,15265,15459,201895
2/13/2026,15237,15434,15190,15309,208645
2/16/2026,15051,15299,14960,15237,210175
2/17/2026,15179,15211,14960,15031,166765
2/18/2026,15164,15239,15074,15208,280772
2/19/2026,14903,15279,14853,15163,152788
2/20/2026,14977,15077,14848,14903,515847
2/23/2026,15072,15118,14984,15050,242968
2/24/2026,14926,15062,14904,15001,300991
2/25/2026,15070,15133,14837,14860,356495
2/26/2026,15213,15224,15046,15145,308213
2/27/2026,14857,15192,14804,15110,478164
3/2/2026,14388,14684,14204,14407,603715
