Date,Close,High,Low,Open,Volume
3/2/2016,73.27400208,73.82298276,70.67358396,71.48260645,7180521
3/3/2016,73.04286194,74.45864346,72.78282011,73.96745158,4161891
3/4/2016,72.84059143,73.76518621,71.65596016,73.67850561,7395987
3/8/2016,73.70742035,73.96746221,71.94491614,72.81172235,4202145
3/9/2016,73.12953186,73.79407957,72.86949007,73.56293484,4332384
3/10/2016,73.27400208,73.96744691,73.04285733,73.1584297,4072078
3/11/2016,73.04286194,74.40085463,72.60945889,73.2740067,2484648
3/14/2016,73.6207428,73.8518929,72.84061717,73.24512852,2195317
3/15/2016,73.5629425,73.90966493,72.81170882,73.79408726,2454310
3/16/2016,73.70742035,74.05414284,73.18733662,73.79410097,6045006
3/17/2016,73.30290222,74.11191946,72.81171035,73.62072759,5303053
3/18/2016,73.64962769,73.90966952,73.01396634,73.10064695,6395342
3/21/2016,73.47628021,74.37197826,72.98508823,73.64964147,3162202
3/22/2016,74.11192322,74.42975389,73.27400887,73.736309,4386978
3/23/2016,73.59183502,74.14081043,73.30290143,74.11191866,2682230
3/28/2016,74.63201904,75.2676752,73.53406268,73.96746581,6322756
3/29/2016,73.5629425,75.15208518,73.30290069,74.92093513,5982391
3/30/2016,75.06542969,75.32547159,73.44738941,73.96747322,4581528
3/31/2016,74.45864105,76.19225318,74.16970746,75.00761646,12576144
4/1/2016,75.09429932,75.70106358,74.14081262,74.37196267,6204711
4/4/2016,75.75885773,76.10558019,75.06541281,75.1809852,2727397
4/5/2016,73.30290222,76.19225404,73.12954101,75.75885101,4594977
4/6/2016,72.92729187,73.8518869,72.72503886,73.8518869,4536128
4/7/2016,73.12953186,73.30289305,72.26272589,72.98506244,9263898
4/8/2016,76.01889801,76.56787347,73.21622661,73.79409383,9962676
4/11/2016,77.78139496,78.012545,75.84552986,76.01889108,4473735
4/12/2016,78.30148315,78.76378327,76.82791277,77.83918833,4394954
4/13/2016,79.25495911,79.65947033,78.73487551,78.87934494,4541049
4/18/2016,80.61296844,80.8441185,78.59042261,80.55517961,5881213
4/20/2016,81.65313721,81.91317905,80.38181979,80.61296985,3941576
4/21/2016,81.56646729,82.40438175,81.27753363,81.91318978,5878872
4/22/2016,83.01112366,83.21337663,80.93078924,81.13304221,5904096
4/25/2016,81.10416412,83.12671005,79.77505783,83.09781827,3757774
4/26/2016,81.01747131,81.8264885,80.3240265,80.55517124,6118725
4/27/2016,81.30641937,81.62425007,80.78633567,81.19084698,2213048
4/28/2016,79.25495911,81.7398047,79.05270614,81.39308231,7582244
4/29/2016,80.49739075,81.21972736,78.64820097,79.68836824,4812152
5/2/2016,80.0639801,81.07525021,77.89696517,80.49738309,2710262
5/3/2016,78.90823364,81.76869329,78.27257771,79.86172019,5122599
5/4/2016,80.20845795,80.52628862,78.76378461,78.76378461,7557462
5/5/2016,80.72855377,81.33531815,80.23736709,80.55519252,4772552
5/6/2016,80.90190887,81.16195073,79.65948844,80.7574447,3943374
5/9/2016,82.75108337,83.67567294,80.90189367,80.90189367,8002119
5/10/2016,81.27751923,82.86666196,80.95968856,82.86666196,5002198
5/11/2016,81.76869965,82.98222808,80.55517122,81.27751309,5366452
5/12/2016,81.73982239,82.51994795,80.90190799,81.50867231,2931638
5/13/2016,81.47977448,81.88428576,80.95969081,81.19084087,3152124
5/16/2016,80.95968628,81.71091996,80.38181381,81.47976992,6137539
5/17/2016,79.16828156,81.82648845,78.677095,81.19083247,8913270
5/18/2016,78.64819336,79.77504112,78.33036803,79.1104934,6099468
5/19/2016,78.21481323,78.59043279,77.08796514,78.4748551,5504425
5/20/2016,79.11048889,79.39942244,78.18589414,78.21478591,5662137
5/23/2016,78.41705322,79.74615403,78.18590319,79.31275102,2955597
5/24/2016,80.03508759,81.07525481,78.59041441,78.64819795,5846558
5/25/2016,81.9709549,82.05763549,80.35291528,80.38180705,2999689
5/26/2016,81.59535217,82.34658595,80.526293,81.53756862,9645368
5/27/2016,80.95968628,81.88428118,80.55517502,81.76870351,3192600
5/30/2016,82.98222351,84.2535407,79.54389667,81.10414743,11452723
5/31/2016,82.72219849,85.49597817,80.84412202,83.27117924,49654994
6/1/2016,83.56011963,83.90684212,81.79761541,82.57774101,5578209
6/2/2016,83.76235199,84.34022442,83.21337662,83.38673782,3890110
6/3/2016,85.29373169,86.2761103,83.76237228,83.79126934,5230866
6/6/2016,85.00478363,85.72712026,84.60027237,85.52486727,3080890
6/7/2016,85.78489685,86.21829982,84.97587444,85.23591622,4160961
6/8/2016,85.61155701,86.47836317,85.06257624,85.98717125,3645885
6/9/2016,87.28736877,88.00970538,85.66932906,85.69822612,7092262
6/10/2016,87.54741669,88.26975335,86.70950235,87.25848308,2818471
6/13/2016,85.95827484,87.05622573,85.6115524,86.68061151,1383117
6/14/2016,85.66932678,86.1894104,85.00477903,85.72711561,2696526
6/15/2016,89.07875824,89.56995535,85.84268432,85.84268432,4583678
6/16/2016,87.72078705,89.2810382,86.73840846,89.0787799,3753651
6/17/2016,88.00970459,88.50089644,87.34515682,87.89413222,3636291
6/20/2016,89.2521286,89.54106749,87.11401048,87.11401048,2779868
6/21/2016,87.72078705,89.33882175,87.34517279,89.04989341,3185960
6/22/2016,88.18306732,88.61647035,86.79617764,87.8363449,2958055
6/23/2016,86.16052246,86.62281726,84.57137978,85.52486645,7649942
6/24/2016,86.21829987,86.65170284,82.77996785,84.34021855,3570870
6/27/2016,86.21829987,87.48961173,84.94698271,84.94698271,2847684
6/28/2016,85.52487946,87.05623354,85.03368752,87.02734176,3265359
6/29/2016,87.89412689,88.12527692,85.52485896,85.52485896,3666712
6/30/2016,90.32119751,90.7257035,88.03860983,88.09639338,9291400
7/1/2016,90.58123779,91.07242439,89.56996753,89.74332875,3022617
7/4/2016,90.118927,91.30356892,89.13655392,90.14782406,3504501
7/5/2016,88.18306732,90.09004593,87.98081434,90.09004593,3307670
7/7/2016,88.35644531,89.07878206,86.68062172,88.18308407,6193146
7/8/2016,88.87652588,89.25213482,87.05622771,87.98082268,1792663
7/11/2016,91.10131836,91.70808261,89.62774803,89.62774803,3684830
7/12/2016,91.47695923,92.08372362,90.92797839,91.13023672,2558658
7/13/2016,91.10131836,92.11258859,90.49455411,91.93922737,3752023
7/14/2016,91.70809174,91.99703065,90.58124373,90.58124373,3467246
7/15/2016,90.29230499,90.58124391,82.54883838,82.54883838,24967578
7/18/2016,89.91669464,90.61013956,89.36771389,90.14783942,3678940
7/19/2016,90.26340485,90.49454959,89.4254853,89.85888831,3266539
7/20/2016,90.92797089,91.30359044,89.83001989,90.26342299,3747645
7/21/2016,89.51217651,91.39026352,89.22324819,91.30358291,3602185
7/22/2016,90.49456787,90.7835068,89.04989439,89.56997811,4439348
7/25/2016,91.01463318,91.30357205,90.14782715,90.14782715,2762284
7/26/2016,91.36136627,91.79476934,90.78349904,91.18800505,2391322
7/27/2016,91.91034698,92.6904725,90.78349901,91.82366637,3822085
7/28/2016,91.65031433,92.45932641,90.32120794,91.93924268,9605690
7/29/2016,91.50582886,92.45931559,90.75460042,91.39026176,3023502
8/1/2016,92.11258698,92.4593094,90.9857391,91.65029746,4640031
8/2/2016,92.08370209,92.9216111,91.59250492,92.40152745,2760872
8/3/2016,91.01463318,92.08369748,90.5523331,91.82365567,3387386
8/4/2016,91.91034698,92.17038882,90.92796318,90.92796318,3007062
8/5/2016,93.29721069,94.19290306,91.91032127,92.45929128,3142065
8/8/2016,92.37262726,93.64394984,91.82365715,93.64394984,2541385
8/9/2016,92.37262726,93.75951693,91.9681213,92.19926605,3574959
8/10/2016,91.24578094,93.38390961,90.58123316,92.80603185,3919809
8/11/2016,92.19927216,92.45931399,90.84127946,91.88144678,2147083
8/12/2016,92.77714539,93.21054842,92.02590641,92.17038114,2793805
8/16/2016,93.23943329,93.73063043,92.28594664,92.60378258,5136718
8/17/2016,93.35501099,93.6150528,92.517102,92.77714382,1653793
8/18/2016,96.38883972,97.51568767,93.38391539,93.470596,8815767
8/19/2016,96.35995483,98.23804204,95.8398711,96.88003857,5195581
8/22/2016,94.56854248,97.54458019,93.78841702,97.02449655,8943697
8/23/2016,91.88145447,94.53965654,91.15911246,94.30851176,7852124
8/24/2016,93.2105484,94.51075749,91.36135861,91.7369781,6789516
8/25/2016,91.67918396,93.32611547,91.3613586,92.86382596,8434987
8/26/2016,91.24578094,92.34374234,90.87017204,91.8236587,3957362
8/29/2016,92.19927216,92.45931399,90.61013469,91.30357957,1646781
8/30/2016,93.47059631,93.7884217,91.79476763,92.45931546,2913315
8/31/2016,92.02588654,93.75949828,91.62138066,92.63265065,11099280
9/1/2016,91.73697662,92.83492742,91.3035736,92.28594673,3383041
9/2/2016,92.45932007,92.92162021,91.15911083,91.9970305,4700020
9/6/2016,94.51074982,94.77079161,92.74824078,92.74824078,5273948
9/7/2016,93.181633,94.53962536,92.77712711,94.30848065,3051766
9/8/2016,93.32771301,94.64218784,92.91876885,92.94797227,2926024
9/9/2016,92.77268219,93.99952501,92.53900141,93.47373523,2551233
9/12/2016,89.29663086,92.42215543,88.94610434,91.60426735,3768448
9/14/2016,90.96166229,91.48745225,88.80007958,88.80007958,3852837
9/15/2016,89.61798096,91.72113548,89.00455933,91.37060884,3226718
9/16/2016,89.41349792,91.69192633,89.03376253,90.28981983,7863216
9/19/2016,90.64033508,91.13691084,89.29664629,89.79322205,2220804
9/20/2016,89.61798096,90.55272046,89.38429474,90.49429222,3677742
9/21/2016,89.96847534,90.78637417,89.5011084,89.5011084,3328227
9/22/2016,91.72113037,91.89639368,90.55271541,91.57508118,2877253
9/23/2016,91.6627121,92.30534781,91.31218547,91.83797541,4637128
9/26/2016,88.88770294,91.42902617,88.39112715,90.84480803,5557129
9/27/2016,88.91692352,89.58876266,88.21587026,88.82929187,2940974
9/28/2016,89.20903015,89.73482011,88.88771228,89.09218972,2364836
9/29/2016,87.31032562,89.82243452,86.60927248,89.55953959,9046064
9/30/2016,86.46321869,88.71242718,86.05426926,87.1642718,3917944
10/3/2016,87.9821701,88.59559161,86.7553271,86.90138162,2458561
10/4/2016,88.94611359,89.29664014,87.89453392,88.09900596,3592586
10/5/2016,89.06296539,89.85165559,87.83612229,89.53033776,3460152
10/6/2016,87.01823425,89.88086478,86.75533929,89.50112939,5083105
10/7/2016,86.63848877,87.71927728,86.28796219,87.04743288,2824920
10/10/2016,85.67454529,87.31033253,85.23638704,86.93059716,5757795
10/13/2016,84.56454468,85.87901947,83.71743692,85.87901947,7622096
10/14/2016,84.71060181,85.06112843,83.83428525,84.88586512,3912372
10/17/2016,86.17111969,86.81375535,85.35322608,85.87901598,9453096
10/18/2016,86.46321869,86.93058565,85.96663762,86.46321869,10349815
10/19/2016,87.07665253,87.74849162,86.25875355,86.72612592,8062418
10/20/2016,87.04743958,87.57322949,86.6677042,87.48559784,3200011
10/21/2016,87.33953857,87.63164227,86.69690297,86.69690297,1824866
10/24/2016,88.42033386,88.80006923,87.45638572,87.54401737,1329955
10/25/2016,88.80007172,89.12138955,87.36875653,87.98217809,2033961
10/26/2016,88.71244812,89.32586974,88.27428982,88.47876726,1938522
10/27/2016,88.62482452,89.26746032,87.92377118,88.62482452,3302029
10/28/2016,88.94611359,90.52348309,87.77769352,88.74164154,7337786
11/1/2016,90.55270386,91.45822373,88.04059491,88.62480231,4078814
11/2/2016,91.42902374,92.0716487,89.47191336,89.93928571,8157837
11/3/2016,89.41349792,91.89639306,89.09218542,91.60429467,4332021
11/4/2016,89.67636871,90.8447887,89.26742466,89.73479158,2394276
11/7/2016,90.61112213,91.66270189,89.58875114,90.05611814,4567302
11/8/2016,90.05612183,91.48744234,89.70560058,90.78638914,4490103
11/9/2016,90.0269165,91.13691381,85.06112134,86.28796441,8218180
11/10/2016,90.43585205,91.34138256,89.99769385,90.84479614,4426790
11/11/2016,88.62482452,89.96850831,88.09903452,89.96850831,3641463
11/15/2016,87.71926117,89.12136724,87.04741689,88.44952297,4077310
11/16/2016,87.71926117,88.68320909,87.19347139,88.39110545,3384367
11/17/2016,88.68323517,89.2090251,87.16428826,87.6316553,6488716
11/18/2016,92.91876221,93.47375552,88.887701,89.20901883,13243760
11/21/2016,90.4942627,93.38610658,90.2313678,92.88953089,9888339
11/22/2016,90.0269165,91.19533134,88.24506943,91.13691381,10578529
11/23/2016,93.3861084,94.05795806,88.18663319,90.20216614,10153308
11/24/2016,91.72113037,93.4737635,90.64034707,92.77271025,5111353
11/25/2016,94.3500824,94.90508647,90.84481605,92.27613671,5798672
11/28/2016,96.01506042,96.36558697,93.53217116,93.53217116,4603195
11/29/2016,95.22639465,96.51166606,94.75903296,96.1027112,6154771
11/30/2016,95.31401062,95.81059705,94.49612244,95.34322473,9674742
12/1/2016,94.58376312,96.36559952,94.14560488,95.31401973,3768108
12/2/2016,94.43769073,95.19717205,93.35690767,94.61295401,3513333
12/5/2016,94.90506744,95.34322565,93.79507022,93.79507022,3422251
12/6/2016,95.28481293,96.71612267,94.81744058,95.2263847,5353840
12/7/2016,95.31401062,96.86217673,94.93428064,95.72296541,3689476
12/8/2016,95.25561523,96.48245848,94.23324942,95.7814052,4154828
12/9/2016,95.83981323,96.04429065,94.11639431,95.48928662,2481586
12/12/2016,96.65772247,98.14746072,95.547725,95.75219174,3724072
12/13/2016,96.27796936,97.56324069,95.25560367,97.18349998,3550705
12/14/2016,95.5477066,97.21270785,95.25559756,96.45322647,3354277
12/15/2016,93.59059906,96.13191682,93.32770412,95.05112295,3354172
12/16/2016,93.47375488,94.75902619,93.21085994,93.73664983,4329195
12/19/2016,93.41532898,94.20401375,93.0355883,94.05796458,3143113
12/20/2016,94.5545578,94.93429855,93.76587289,93.99955374,2882146
12/21/2016,95.60613251,96.33639984,94.0871803,94.84666175,3838824
12/22/2016,93.76587677,95.86903662,93.47376767,95.43087832,2898685
12/23/2016,94.0871582,94.55453047,92.24689394,93.532165,3019249
12/26/2016,93.44455719,94.72981788,93.09403057,93.53218884,2883518
12/27/2016,93.70745087,94.32087244,93.18166095,93.41534179,3137931
12/28/2016,93.91191101,94.81744159,93.47375278,93.7074443,2598544
12/29/2016,95.5477066,95.95665071,93.7658596,93.7658596,5976016
12/30/2016,96.24877167,96.65771583,95.22639522,95.343241,4244060
1/2/2017,96.27796936,97.65087234,96.04428853,96.42402924,3152186
1/3/2017,96.65772247,97.1250949,95.95666918,96.33640995,2448501
1/4/2017,96.30718994,97.85534563,96.01508086,96.42403572,3729337
1/5/2017,96.39480591,97.15427657,95.83980194,95.83980194,6652960
1/6/2017,95.81060028,97.15427835,95.57690877,96.42402178,4947444
1/9/2017,95.25561523,95.98588264,94.11640364,95.81061932,4569656
1/10/2017,94.81744385,95.69376033,94.46691725,95.43086539,2423820
1/11/2017,96.10269928,96.27796257,94.5545438,95.22638284,2763603
1/12/2017,101.4774399,101.8571806,96.10269569,96.39480472,12138549
1/13/2017,99.90007782,102.2369182,99.69560041,102.1785006,6432948
1/16/2017,99.69561005,101.1561448,98.73166183,98.93613926,5560533
1/17/2017,102.6458893,102.9379877,99.46193536,100.075357,7873125
1/18/2017,100.9224319,102.9671737,100.4842738,102.8211246,6211531
1/19/2017,101.7403259,102.2369016,100.3382198,101.068487,7877224
1/20/2017,99.57878113,101.7111444,99.19904036,101.4774636,4372642
1/23/2017,99.08217621,100.7471775,98.84849539,99.31586773,4522695
1/24/2017,100.6887741,101.7695681,99.1406184,99.1406184,7209640
1/25/2017,100.1045532,101.3605997,99.57876335,100.8056064,13115185
1/27/2017,103.697464,104.1356223,100.1337695,100.1921977,6091371
1/30/2017,102.6458893,103.9311501,101.944836,103.3177285,5516523
1/31/2017,100.6887741,103.8142996,100.3382475,102.821148,7441196
2/1/2017,99.84166718,101.2437736,98.90692241,100.8640329,10397133
2/2/2017,100.805603,102.8211308,100.3382307,100.8932347,7142464
2/3/2017,100.4550858,101.4482373,100.1629767,100.7763982,4129434
2/6/2017,101.4190216,102.1784923,100.5427052,100.776386,6082885
2/7/2017,101.0685043,102.5290282,100.6887636,100.9516586,6618921
2/8/2017,100.4258575,102.3829677,99.46190952,101.8863813,10220055
2/9/2017,98.26430511,101.6235116,97.7969327,100.4258825,7504140
2/10/2017,99.5203476,100.2798291,98.52719595,98.87772258,4783242
2/13/2017,100.7764053,101.126932,99.87087465,99.87087465,7380872
2/14/2017,99.81243896,101.0100678,99.25743501,101.0100678,5174097
2/15/2017,100.2929993,101.2125779,99.84804364,100.115017,4591172
2/16/2017,101.0345993,101.3608965,100.3226703,100.5599763,4049570
2/17/2017,100.7082825,101.4202114,100.1743357,101.2718965,3268471
2/20/2017,101.9245148,102.3991269,100.5599804,100.8566212,7358422
2/21/2017,102.339798,102.6660952,101.1829133,102.0135008,2167004
2/22/2017,98.89881134,103.2297093,98.4538557,103.1407182,8138626
2/23/2017,98.18688965,99.31410708,97.32663476,99.31410708,8046589
2/27/2017,98.12754059,98.75047844,97.05964712,98.5724962,8850588
2/28/2017,96.67403412,98.57250431,96.25873494,98.48351318,16850186
3/1/2017,94.89419556,97.47493788,94.33058154,96.97064766,11781903
3/2/2017,92.52110291,95.45781004,92.10581461,95.45781004,16388160
3/3/2017,92.61011505,93.26272041,91.77953827,92.52112391,9776836
3/6/2017,93.97462463,94.33058912,92.61009048,93.08471342,5028422
3/7/2017,93.38136292,94.95353593,93.14404599,94.9238686,4820226
3/8/2017,93.20337677,94.06362071,92.69908648,93.50000662,3653134
3/9/2017,93.91529846,94.47890164,92.31345831,92.93639615,5600349
3/10/2017,93.20337677,94.59756746,92.7880776,93.94496225,2902393
3/14/2017,94.68656158,95.48748175,93.79665029,95.19084103,5506806
3/15/2017,94.12294769,94.92386786,93.91530897,94.627238,3038296
3/16/2017,95.66545105,95.81376596,94.36025162,94.59755764,3935551
3/17/2017,94.89419556,96.02141272,94.18226664,95.93242161,7716466
3/20/2017,95.75445557,96.02142896,94.38992129,94.38992129,2691794
3/21/2017,96.19940186,96.43670789,94.92385883,95.78411358,3637201
3/22/2017,95.36882019,96.11041653,95.07219034,95.69512823,2992011
3/23/2017,97.53426361,97.77156963,95.57645905,95.75444128,6384273
3/24/2017,97.65294647,98.21654978,97.00034117,97.80126142,4581844
3/27/2017,96.91133881,97.86057389,96.70368922,97.29697065,3264932
3/28/2017,97.83091736,98.09789074,97.23763593,97.35629439,1686946
3/29/2017,97.26731873,98.45387091,96.94102149,98.45387091,4597850
3/30/2017,96.76303101,98.18688916,96.46639027,97.32663428,9615726
3/31/2017,98.48351288,98.92846853,96.76302495,97.05965481,3814359
4/3/2017,97.68258667,99.25477043,97.32662217,98.48350678,3542816
4/5/2017,98.78016663,99.67007804,97.71227293,98.42420206,6131202
4/6/2017,99.49206543,99.69971498,97.89022538,98.78013652,5319375
4/7/2017,99.81837463,100.4413125,98.48350776,99.07678917,7405474
4/10/2017,98.92845917,100.2336695,98.03854796,99.69972279,2686148
4/11/2017,99.07676697,99.6107136,96.88164581,99.10642343,17414233
4/12/2017,97.86056519,99.81836984,97.47494424,99.31409044,8425531
4/13/2017,97.68258667,98.15720962,97.4156133,97.89023625,4090750
4/17/2017,94.5085907,97.89025402,93.97464386,97.71227174,9580728
4/18/2017,95.93243408,96.97066027,94.92386436,95.22050507,5073410
4/19/2017,97.83091736,98.42418793,95.57647182,95.93243633,5434806
4/20/2017,97.1190033,97.83093243,96.82236253,97.77159776,2381107
4/21/2017,99.19544983,99.3734321,97.26731216,97.32663596,9538297
4/24/2017,98.80981445,99.93703173,98.33519151,99.19543541,2517796
4/25/2017,98.15723419,99.07681299,97.03001663,99.04714565,3704083
4/26/2017,98.24620819,98.75048764,97.53427915,98.15721706,4119194
4/27/2017,97.35630035,98.75049116,96.70369509,98.03856209,4868335
4/28/2017,97.59361267,98.0089119,96.94101822,97.29698278,3063996
5/2/2017,96.1697464,98.24620977,95.69513427,97.68259564,4025983
5/3/2017,96.1697464,97.62327184,95.72479074,96.70369319,3870368
5/4/2017,96.4960556,96.91134394,96.19941487,96.46638827,3344888
5/5/2017,94.7458725,96.34771261,94.59755759,96.31805614,2507920
5/8/2017,95.27981567,95.72477124,94.56788676,94.56788676,3692730
5/9/2017,95.66545105,95.84343328,94.83486367,95.72477484,3186598
5/10/2017,96.22905731,96.67401286,95.635776,95.72476711,2730601
5/11/2017,95.07218933,96.37738888,94.77554863,96.28839776,4567666
5/12/2017,94.24158478,95.87309207,93.73730545,94.95351365,2748128
5/15/2017,94.77555084,94.92386577,93.61866618,94.3305952,2060881
5/16/2017,94.89419556,95.45779871,94.56788756,94.77553712,5617327
5/17/2017,94.27127075,95.99175863,94.03395384,95.22050582,8423958
5/18/2017,93.61865997,94.53823852,93.32201928,93.73731842,6185143
5/19/2017,94.38991547,95.33916137,93.79664493,94.56789771,2852978
5/22/2017,93.85595703,95.07217615,93.58898369,94.50856215,3324104
5/23/2017,93.11437988,93.97462376,92.0168191,93.73731773,2820800
5/24/2017,92.81774902,94.24160711,92.31346957,93.20338088,2830014
5/25/2017,92.75842285,93.23303496,91.83884424,92.93640511,5992188
5/26/2017,92.55077362,92.90673813,92.2541329,92.69908855,3186957
5/29/2017,92.84741974,93.61867261,90.85994747,93.08472581,8203143
5/30/2017,95.66545105,97.00031781,92.78806797,92.84740262,5871019
5/31/2017,95.04250336,96.52568487,94.80519736,94.98317957,6385513
6/1/2017,95.30950165,95.87311577,94.6568964,95.04252825,2350266
6/2/2017,96.46637726,96.9410002,95.39848378,95.48747491,5955807
6/5/2017,96.46637726,96.76301796,95.81377207,96.25872768,2986412
6/6/2017,93.79664612,96.70368593,93.58899654,96.70368593,5236093
6/7/2017,93.64833069,94.03395165,93.11438394,93.55933956,10697568
6/8/2017,93.64833069,93.91530406,93.02539281,93.79664561,1812870
6/9/2017,93.61865997,94.6568861,92.75841608,93.73731842,2940114
6/12/2017,93.70765686,94.21193629,92.43211375,93.73732419,3738913
6/13/2017,94.92386627,95.10184853,93.79664894,93.88564007,4090297
6/14/2017,94.89419556,95.10183425,93.97461708,95.10183425,2630623
6/15/2017,94.36026764,96.40706368,93.88564465,94.6568975,6250599
6/16/2017,95.27981567,95.66544746,94.36024807,94.36024807,5082594
6/19/2017,95.48747253,95.93242814,94.53823753,95.57646365,3415876
6/20/2017,94.30093384,95.39849477,94.12295157,95.07219757,2603080
6/21/2017,94.80521393,95.51714292,93.61866199,94.4789059,4094097
6/22/2017,94.30093384,95.39849477,93.91531284,94.9535391,5139614
6/23/2017,93.64833069,95.45780965,93.29236619,94.27126856,4643132
6/27/2017,93.67797852,94.21192522,91.95749084,93.44067249,3746638
6/28/2017,94.7162323,94.9832057,93.29237418,93.67799518,5058873
6/29/2017,94.12294769,94.86454406,93.64833558,94.33059728,10103880
6/30/2017,94.30093384,94.83488064,93.17371644,93.91531284,6122950
7/3/2017,92.99571228,94.27125518,92.13546848,94.27125518,8945122
7/4/2017,93.76698303,94.77555279,93.6186681,94.38992094,5282948
7/5/2017,94.33061218,94.98321752,93.61868303,93.85598913,5059808
7/6/2017,93.76698303,94.12294755,93.14404513,93.79665036,5379126
7/7/2017,94.36026764,94.68656484,93.50001278,93.67799505,4768952
7/10/2017,94.95354462,95.45782411,93.73733601,95.16119423,1170691
7/11/2017,96.88166046,97.71224785,94.86453207,94.95352319,5956020
7/12/2017,97.32662964,97.53427923,96.52570946,96.94100865,4097499
7/13/2017,97.23764801,98.60218244,97.00034193,97.89025332,3014683
7/14/2017,99.25476837,99.8480389,96.91133187,97.29696369,4127641
7/17/2017,99.99636078,100.2633342,99.34376641,100.1446866,4854055
7/18/2017,99.40310669,101.9541825,98.6021864,99.55142164,4280904
7/19/2017,99.55139923,101.2125741,98.9581287,99.72938148,4443198
7/20/2017,98.15723419,100.1447067,97.80126961,99.61075987,3079837
7/21/2017,97.77156067,98.83945397,96.05107315,98.1275251,4679146
7/24/2017,97.32662964,98.78015506,97.17831471,97.35629697,4095321
7/25/2017,97.23764801,98.30554168,97.08933307,97.35630648,5238774
7/26/2017,98.69116974,99.16579275,97.2969789,97.2969789,4710169
7/27/2017,98.12754059,99.19543406,97.44527894,99.07678647,13313542
7/28/2017,97.23764801,98.39453282,95.99177206,97.83092951,5825488
7/31/2017,97.41562653,98.92847584,96.08075949,98.30553789,11319219
8/1/2017,98.00888824,98.4835003,96.76301259,97.65292377,7131372
8/2/2017,101.9541473,102.6067524,98.39450285,98.39450285,22272063
8/3/2017,102.3694611,103.3780199,100.8862684,102.043153,7242470
8/4/2017,105.2171783,105.7214578,100.6192963,102.2508039,9251462
8/7/2017,103.4966507,106.2850422,103.111019,105.1874816,4356682
8/8/2017,101.5388718,103.0220535,100.5006456,102.2211334,4508409
8/9/2017,103.022049,104.0306186,101.1532354,101.4498761,3248853
8/10/2017,102.428772,103.3780069,100.5006348,103.0220424,2957564
8/11/2017,100.174324,102.5177603,99.34374757,100.5599558,6021926
8/14/2017,101.8948364,102.9923972,100.0853466,100.8566103,4955436
8/16/2017,100.9159241,102.9330524,100.6489507,101.7465114,6909514
8/17/2017,104.8908844,105.2765163,100.4413275,101.4498974,6198212
8/18/2017,102.8737183,105.988407,102.4287627,105.2468108,9086977
8/21/2017,102.0431595,103.8823168,101.8355208,102.7550885,4958263
8/22/2017,99.49206543,103.1407011,99.19542476,103.1110338,5514501
8/23/2017,101.0049286,101.509208,99.43275564,99.67006169,5016500
8/24/2017,100.2633514,101.8058682,99.81839572,101.4499036,5959692
8/28/2017,102.8144073,103.2296956,100.6786205,100.6786205,6243884
8/29/2017,99.90737152,100.2040122,98.5428481,98.63183923,26027901
8/30/2017,99.64039612,101.6575356,98.33519653,98.48351145,24858153
8/31/2017,100.1149979,100.3819712,97.14862394,97.29694969,100020078
9/1/2017,99.81837463,100.2040065,98.92846339,99.34376254,6407655
9/4/2017,99.81837463,100.3819887,98.98779804,99.07678917,5787289
9/5/2017,100.5599594,100.7082743,99.40307492,99.90735428,3431329
9/6/2017,100.8269424,101.0049247,100.1150135,100.2336719,2789814
9/7/2017,102.2211304,102.5816987,100.868999,100.9591411,5341582
9/8/2017,100.8089218,102.2211444,100.087785,101.6802918,3959727
9/11/2017,102.4915771,102.9422877,100.2079734,100.6586839,13794789
9/12/2017,102.3713684,103.2727894,101.7103337,102.4314705,4997685
9/13/2017,101.5300598,103.0023735,101.3197246,101.9807703,5065327
9/14/2017,101.3497696,102.1610485,101.0192412,101.5300538,7281802
9/15/2017,100.5685272,101.0793398,100.2981009,100.9591466,6626685
9/18/2017,100.9591446,102.3713671,100.7788604,100.9591446,3664866
9/19/2017,101.5600815,101.9206498,100.2680522,100.9591379,2329150
9/20/2017,100.8389587,101.8004818,100.147873,101.5600955,4668108
9/21/2017,101.0793533,101.2596375,100.3882565,100.4183075,3728936
9/22/2017,99.75725555,100.9591539,98.88588557,100.6286365,6742154
9/25/2017,99.90750122,100.8990644,99.03612022,100.3582117,5028435
9/26/2017,100.3281555,100.6286328,98.64550668,100.2981045,4261666
9/27/2017,99.15631866,100.6286434,98.8558413,100.5084503,3760716
9/28/2017,99.78730774,100.057734,98.6154604,99.15631302,6199570
9/29/2017,100.6286316,100.9290979,99.30654016,100.057728,4245489
10/3/2017,101.1995392,101.5300676,100.7187886,100.9591639,5038693
10/4/2017,100.9891891,101.6802748,100.4783766,101.1995133,6354854
10/5/2017,102.8220825,103.1225598,100.8389564,100.8690074,13895436
10/6/2017,105.7967606,106.9686077,102.8521227,102.9122137,18944218
10/9/2017,105.1056824,106.7282401,104.6549719,105.1357334,6961627
10/10/2017,105.4662476,105.6765828,104.7451108,105.1056792,5929921
10/11/2017,105.0756378,106.5179114,104.7150694,105.8268257,5036053
10/12/2017,106.1874008,107.5094814,105.1657866,105.1657866,19542392
10/13/2017,105.67659,107.2090056,105.0455953,106.9686194,6797923
10/16/2017,105.4362183,106.4578325,105.1057009,105.7667467,2658920
10/17/2017,105.7066345,106.0672029,104.4146051,105.5864524,23635226
10/18/2017,106.9986649,108.1705121,105.165772,105.9470108,8205376
10/19/2017,105.1958237,107.2690918,104.6850221,107.2090008,556915
10/23/2017,106.337616,106.9085195,104.35449,105.1958198,6443756
10/24/2017,109.1620789,109.9132667,105.9169634,106.3676739,14176243
10/25/2017,110.1837082,111.3855956,109.2522361,109.3123271,10983906
10/26/2017,110.9649124,111.2353387,109.6728721,110.1235826,11019600
10/27/2017,109.3423767,112.9781121,108.9217172,110.8747925,7227376
10/30/2017,109.7329712,110.0634885,109.4324939,109.4324939,5224491
10/31/2017,108.9217377,110.0935853,108.2306407,109.9733921,9992200
11/1/2017,108.6212234,110.8747758,108.200564,108.8916497,9539526
11/2/2017,108.3207779,108.6813464,106.3076112,106.4277934,7958055
11/3/2017,109.3423767,110.5142241,107.5695856,107.5695856,10815914
11/6/2017,107.7198029,109.3123095,107.3592345,109.3123095,4282537
11/7/2017,107.2089996,108.6512731,106.4578119,107.9902274,10390363
11/8/2017,105.9770508,107.6897506,105.6765845,106.9085227,7184114
11/9/2017,106.9986649,108.0202789,106.0972439,106.0972439,5041654
11/10/2017,106.0972443,107.2090004,105.4963006,106.8784721,6573186
11/13/2017,106.337616,107.5395142,105.9169565,106.9986616,5605167
11/14/2017,106.3977203,109.2822673,105.9169588,106.6681466,11136588
11/15/2017,104.6850433,106.3376414,104.2944238,106.037175,8244417
11/16/2017,106.0371704,107.2090178,104.6249367,105.4662667,8639272
11/17/2017,106.6981964,108.2005721,105.8268264,107.0287248,8639323
11/20/2017,108.4409332,108.8615926,106.4578073,106.4578073,5624824
11/21/2017,109.9432983,111.655998,108.5310759,108.6512691,12956512
11/22/2017,109.28228,111.1752641,108.8616095,110.6043605,7199913
11/23/2017,108.4108963,109.6728857,107.5395263,109.3123173,6313909
11/24/2017,108.3507919,109.2221618,107.6296552,108.1705078,4985976
11/27/2017,111.9865417,112.2870081,107.9301472,108.1705224,12239492
11/28/2017,109.8531723,111.7461565,109.582746,111.7461565,21490923
11/29/2017,109.3724136,110.8146872,109.1320274,110.4541188,14803374
11/30/2017,108.8616409,110.0034486,108.1405039,108.7714988,21081258
12/1/2017,108.9517593,110.3940331,108.4710088,109.8531804,5247830
12/4/2017,108.2907181,109.5226565,107.9601897,109.3123213,10381372
12/5/2017,106.4277725,107.9000972,105.947022,107.9000972,9543513
12/6/2017,105.5563812,106.8183704,104.9854777,105.7967565,10349719
12/7/2017,108.3507919,109.0418776,105.2258698,106.367666,13097042
12/8/2017,108.4108963,109.1620841,106.9986737,107.0287248,13832593
12/11/2017,107.1789627,109.3724243,106.7883433,109.132038,8522901
12/12/2017,105.7066345,106.8784818,105.1056908,106.7883397,9448897
12/13/2017,105.7967606,106.3676641,105.3761011,106.1873799,8234570
12/14/2017,106.5479584,106.9085268,104.294406,105.8268216,8551278
12/15/2017,106.6381149,107.3292008,105.8268359,107.0287344,6455800
12/18/2017,106.8183899,107.1188672,104.4746953,105.4061673,6610290
12/19/2017,108.2005692,108.3808533,106.3376251,106.8784777,7419950
12/20/2017,107.2390518,108.4108992,106.7883413,108.290717,5873828
12/21/2017,108.2306061,108.3808502,107.2690941,107.4794293,6576799
12/22/2017,108.0202713,108.5611238,107.689743,107.8700272,3793356
12/26/2017,107.2390518,108.4710012,106.3075908,108.4710012,11741056
12/27/2017,106.6681671,108.3508162,106.1273145,107.2390598,7842159
12/28/2017,105.8568726,107.3892882,105.4963042,106.9085267,17995456
12/29/2017,106.3676987,107.1188866,105.6465617,106.3376476,8900653
1/1/2018,106.0972443,106.5780058,105.5864427,106.3977216,6689762
1/2/2018,107.5094986,107.7198339,106.0972757,106.2475089,10171537
1/3/2018,106.3977203,108.3507953,106.2174362,107.8700338,12409998
1/4/2018,106.4277725,106.9085341,106.0972551,106.6381078,8712321
1/5/2018,106.6681671,107.1188777,106.0672124,106.547974,12431070
1/8/2018,106.758316,107.2691177,106.3076055,106.728265,7290126
1/9/2018,106.1874008,107.209015,105.6164971,106.9085377,7868696
1/10/2018,104.5347824,106.2474823,104.2042651,105.8869139,9836607
1/11/2018,104.2643509,105.1056808,103.9638846,104.5648282,6643371
1/12/2018,103.663414,104.6249261,103.2427545,104.3845508,8369301
1/15/2018,103.9338455,105.4061702,103.2427597,103.9638966,5463837
1/16/2018,104.1141281,104.925407,102.5216213,104.3244634,10138000
1/17/2018,104.7150803,105.0756487,102.6718628,104.0840855,7596332
1/18/2018,103.4530869,105.0756448,103.1526205,105.0756448,8280381
1/19/2018,103.813652,104.2343225,102.2812363,103.3929926,3836697
1/22/2018,103.6033325,104.1441852,103.0324288,103.9639009,5422626
1/23/2018,103.7836075,105.9169668,103.4230391,103.4230391,6478592
1/24/2018,104.5648499,104.9855094,103.1225761,103.7535708,11677422
1/25/2018,103.3328857,105.4662449,103.0023574,104.2943977,13565392
1/29/2018,102.7920609,103.8136641,102.4615324,103.3629536,12918822
1/30/2018,102.3413467,103.6634274,102.0408694,102.7920573,9204885
1/31/2018,102.3113022,102.7319617,101.409881,102.161069,7820538
2/1/2018,101.5901489,102.0408594,100.5985858,101.7103421,11024756
2/2/2018,99.27651215,101.2896786,99.03612586,100.6586838,4803742
2/5/2018,99.90750122,100.598587,97.3534713,97.3534713,7129994
2/6/2018,99.33659363,99.75725309,96.90275694,97.35346744,4853142
2/7/2018,101.0963821,101.585217,97.06352556,100.5158915,11374195
2/8/2018,100.0270691,101.2796951,99.59933441,101.0963834,7486767
2/9/2018,99.75209045,100.240914,98.07172998,99.26325567,4518222
2/12/2018,100.7603302,101.0047421,99.04941362,100.0881836,10466476
2/14/2018,99.56880188,101.2491516,99.07996698,100.821428,4921964
2/15/2018,99.72154999,100.424241,99.38548232,99.87430599,2581964
2/16/2018,99.4771347,100.0881699,99.01885554,99.9048582,7340724
2/19/2018,99.53823853,99.99651771,98.65223583,99.81320604,2634882
2/20/2018,100.3325729,100.8825079,99.04939138,99.20215855,6225978
2/21/2018,99.1716156,100.8214207,98.68278074,100.8214207,9316350
2/22/2018,98.22451019,99.17162432,97.85788681,98.92721246,5934736
2/23/2018,99.93544006,100.2104076,98.28563463,98.40783498,4571212
2/26/2018,99.56880188,99.99652542,98.68278793,99.96596974,3486711
2/27/2018,101.157486,101.4324535,99.32436927,100.2103831,3844933
2/28/2018,99.75209045,100.9436161,99.32435582,100.2103696,5257828
3/1/2018,99.59932709,100.0576062,98.98829198,100.0270617,2576112
3/5/2018,99.78264618,100.8825162,97.79677353,98.68277619,3945470
3/6/2018,99.81321716,100.7908758,99.11052607,100.3937079,6137704
3/7/2018,99.90485382,100.6381005,98.92719537,99.59933066,3130801
3/8/2018,101.0047302,101.4324537,99.14105785,100.2103834,5446693
3/9/2018,100.4547882,101.0047232,99.32436259,100.8825117,4485285
3/12/2018,104.5793152,105.5569738,100.2714906,100.6992142,3493401
3/13/2018,103.5099869,104.3348893,102.2268053,103.5099869,3752316
3/14/2018,103.6933212,103.9682888,102.7462071,103.4488982,4448883
3/15/2018,103.815506,103.9682732,102.2268123,103.265571,4383296
3/16/2018,100.7297745,103.54055,99.99652771,102.5323357,14854449
3/19/2018,102.0434952,102.5934302,99.99651123,100.8214137,6026004
3/20/2018,101.6768799,102.2268149,100.6075543,101.6768799,3780434
3/21/2018,104.0904617,104.3959849,101.2185867,102.3490011,6866022
3/22/2018,104.4570999,104.6098671,102.960062,103.265574,4472313
3/23/2018,103.9071579,104.9764834,102.8378436,103.2044669,10827793
3/26/2018,103.7849503,104.4876412,103.1128038,103.8460504,6600055
3/27/2018,104.5182114,104.7931789,102.9295064,104.0293765,4195293
3/28/2018,103.6933212,104.4876682,101.707437,104.3043565,10138818
4/2/2018,104.1210327,104.3960002,102.7156395,103.8155095,3367125
4/3/2018,103.479454,105.0376035,103.0211748,104.3654569,4460793
4/4/2018,101.7685318,103.479437,101.126941,103.3572255,3998232
4/5/2018,103.2350311,103.7238548,101.9212937,102.0435052,3916746
4/6/2018,103.5405426,103.8766215,102.1351605,102.8989517,3134724
4/9/2018,103.6627502,104.1515851,102.9295036,103.2655712,3930802
4/10/2018,102.8989639,104.1210457,102.7462079,103.8155224,2607237
4/11/2018,102.960083,104.243265,102.471248,103.4489068,6787894
4/12/2018,103.5710907,103.784958,102.2573534,102.7156325,6867020
4/13/2018,104.4570999,104.9153791,103.3572299,103.6321974,3483164
4/16/2018,106.3818817,106.8707166,103.6322063,103.6322063,3694548
4/17/2018,108.1233444,108.642735,106.3818833,106.5957507,6699236
4/18/2018,109.1009979,109.9870006,107.7567049,107.8483607,4948994
4/19/2018,108.4899368,109.7425738,108.1538692,109.3759506,3141238
4/20/2018,106.5346603,108.7344009,105.8625137,108.7344009,3495886
4/23/2018,106.076355,107.2373251,105.8013875,106.3513225,3569025
4/24/2018,105.618103,106.7179733,105.1598237,106.0458266,2003576
4/25/2018,105.0070496,105.618096,103.5711116,105.5875403,5424140
4/26/2018,105.0986938,106.2291196,103.6016559,105.4958729,5347538
4/27/2018,104.3348999,105.5569703,103.5099974,105.4653145,9327048
4/30/2018,105.1903534,105.8013998,103.7544156,104.6098738,2290147
5/2/2018,104.1210327,105.5569705,103.7544094,105.5569705,2610385
5/3/2018,106.5040894,107.6650596,103.9071701,104.3349048,3549040
5/4/2018,104.4265442,106.4429724,104.2432325,106.4429724,3371295
5/7/2018,104.1821289,105.2819989,103.8766169,104.5793079,5823535
5/8/2018,104.7320633,105.0986866,104.0293723,104.5182071,3453937
5/9/2018,104.1210327,105.3431143,103.8155095,104.2126886,10928712
5/10/2018,102.960083,104.9154005,102.5629039,104.7320888,9844190
5/11/2018,102.3184967,104.0294024,101.9824178,102.6545645,15561708
5/14/2018,104.8848343,105.6486255,101.3713568,102.3490153,7046984
5/15/2018,103.9377136,106.2902096,103.4488788,104.0293695,5782708
5/16/2018,103.8766098,104.9153684,102.9600515,104.2126774,3899072
5/17/2018,102.1046066,104.5487587,101.7990834,103.9377234,6783446
5/18/2018,101.7990723,102.7156306,101.279693,101.7379721,5496430
5/21/2018,100.4547882,102.1656933,99.41601842,101.4324467,3879174
5/22/2018,100.9130936,102.6239991,100.2104024,100.3631585,4612272
5/23/2018,101.7685318,102.6239788,100.5464503,100.6992063,3475720
5/24/2018,100.8519897,102.5323395,100.3631548,101.8296484,2379879
5/25/2018,101.0047302,102.7156354,100.7603184,101.0658304,7705690
5/28/2018,102.4712067,103.7849438,101.1574695,101.4629926,11540245
5/29/2018,101.4019089,103.5099931,100.6381065,103.1739142,7141778
5/30/2018,101.0047302,102.8684026,100.4547952,100.5158954,5414080
5/31/2018,102.37957,104.1515866,100.2714858,101.126944,29432894
6/1/2018,100.4242554,102.3490282,100.0270875,102.3490282,2975864
6/4/2018,99.01885223,101.065825,98.89664073,100.6992017,5021538
6/5/2018,98.56059265,99.32438393,97.76623451,98.68279299,2369418
6/6/2018,99.29382324,99.6298909,97.91898574,98.62167673,3647491
6/7/2018,99.29382324,99.9048584,98.86608856,98.98830007,4624826
6/8/2018,98.65223694,99.2938278,98.25505791,99.14106061,2199740
6/11/2018,98.8355484,99.35492775,98.53002521,98.68278121,4838494
6/12/2018,98.56059265,99.32438393,98.3161696,98.98831621,3082809
6/13/2018,97.91897583,98.77442273,97.76620866,98.68276691,6527995
6/14/2018,96.78855133,97.88842123,96.54413953,97.88842123,6200254
6/15/2018,95.35264587,96.9718956,94.43608731,96.84968406,10800649
6/18/2018,95.9331131,96.421948,95.2609777,95.53594523,2289944
6/19/2018,95.41371155,96.14695813,94.19163018,96.14695813,5222522
6/20/2018,95.96364594,96.36082489,95.26095503,95.81088996,7262452
6/21/2018,94.86378479,96.36083375,94.64991746,96.36083375,9600354
6/22/2018,96.11642456,96.66635962,93.91668431,94.71104241,5141889
6/25/2018,94.49716949,96.36084194,93.70281703,95.96366291,8198617
6/26/2018,95.07766724,95.50539078,93.82503549,94.37496496,6173371
6/27/2018,93.9777832,95.5970325,92.63349581,95.5970325,7083915
6/28/2018,95.56648254,96.48304092,91.35031963,93.48895396,15010362
6/29/2018,97.55235291,98.31614398,93.85556426,94.92487848,6659236
7/2/2018,93.8250351,97.24685144,92.51129759,97.1551956,15954402
7/3/2018,94.71102905,94.98599655,92.63349502,94.09998272,7506727
7/4/2018,93.42784882,95.23041549,93.18343698,94.68048046,11418056
7/5/2018,92.96957397,93.79447655,92.69460645,93.3973031,4155312
7/6/2018,91.74750519,93.15289301,91.56419349,93.12234293,10642270
7/9/2018,92.41963959,92.81681864,91.80860437,91.83915445,5759994
7/10/2018,94.03889465,94.25276202,92.45019524,92.87791878,3890373
7/11/2018,93.3056488,93.94723971,92.72516366,93.36675456,4037034
7/12/2018,94.13054657,94.5277256,93.15288242,94.09999089,3424965
7/13/2018,93.45840454,95.01654819,92.81681368,94.22220133,3615536
7/16/2018,95.07766724,95.93311433,92.90847703,93.48896219,4117044
7/17/2018,94.89433289,95.32205633,93.51948994,94.71102124,2670880
7/18/2018,94.86378479,95.3831641,93.36674142,95.29150827,2892637
7/19/2018,94.4360733,95.23042021,93.76392673,94.71104083,3163729
7/20/2018,95.10819244,95.32205977,94.09997835,94.09997835,3659896
7/23/2018,96.63580322,97.52180587,94.8943424,94.8943424,6286406
7/24/2018,96.20805359,97.12461177,95.56646286,96.54413238,4224482
7/25/2018,92.26686859,96.02475194,91.56417205,95.32206099,15232765
7/26/2018,93.70281219,94.00832978,91.65583377,92.54184203,17803995
7/27/2018,94.68048096,94.86379263,92.93902003,93.48895506,5766367
7/30/2018,95.26098633,96.17754485,94.13056042,95.93312179,9747265
7/31/2018,94.61937714,97.03297333,94.2527538,95.23041231,9065227
8/1/2018,94.92489624,95.32207528,93.33619685,94.58882855,4903117
8/2/2018,94.95545197,95.16931933,94.19164956,94.52772843,3895179
8/3/2018,95.59702301,95.99420197,94.95543225,95.23039972,3276529
8/6/2018,95.7803421,96.54414441,95.32206295,95.87199793,2395237
8/7/2018,97.06354523,97.70513618,95.53595146,95.93311935,4450873
8/8/2018,96.69690704,97.6134654,96.29972802,97.46070941,4151246
8/9/2018,98.1939621,98.59112995,95.81091021,96.7885688,4915016
8/10/2018,97.49124908,98.65223041,96.69690227,98.37726291,4518788
8/13/2018,96.54415894,97.18574984,95.65814499,97.15519416,2702390
8/14/2018,95.87200928,97.00243504,95.62759743,96.42194432,2030044
8/16/2018,96.88021851,97.15518601,95.41372513,95.87200431,2153881
8/17/2018,96.54415894,97.91899659,96.33029157,97.15519416,4672155
8/20/2018,96.88021851,97.82733254,96.54415084,96.72746251,3448567
8/21/2018,98.28560638,98.8049857,96.29972259,97.52180406,5279408
8/23/2018,100.4242554,100.8214344,97.82734709,98.49948253,7704134
8/24/2018,100.3936768,102.4406492,99.99649782,100.5769884,5436786
8/27/2018,101.5241165,101.9518512,100.2103902,100.7603253,2630486
8/28/2018,102.8378448,106.6568342,101.646319,101.8296307,8727238
8/29/2018,101.4630203,103.5405491,101.1269526,103.5405491,3769664
8/30/2018,103.6933212,104.3349122,101.1575019,101.1575019,13384598
8/31/2018,104.7931747,105.5264214,103.26557,103.5405375,8445506
9/3/2018,103.5710907,105.587519,102.287909,105.4042073,4592967
9/4/2018,102.7156372,104.1821306,102.2879137,103.5710954,3016566
9/5/2018,102.6239929,104.1210421,101.7379901,102.4712369,2837060
9/6/2018,104.6943359,105.8100837,102.6797951,102.8967385,7658860
9/7/2018,105.0972214,105.7170773,102.8347296,105.6860806,3585828
9/10/2018,104.8802719,106.2129742,104.2294192,105.31417,5871138
9/11/2018,105.2211914,106.4609147,104.6013354,104.7872934,9709410
9/12/2018,105.3761597,106.3679315,103.4236015,105.6240998,7109565
9/14/2018,108.444458,108.537437,105.6240926,105.6240926,7340733
9/17/2018,106.7708511,108.7234094,106.0580048,108.475458,2792490
9/18/2018,105.1902084,108.1345386,104.8182926,107.3597101,3646318
9/19/2018,104.8492813,106.5848963,104.1364463,105.9960257,5092003
9/21/2018,104.2914124,107.7316344,103.4236162,104.880283,9597428
9/24/2018,104.0744553,105.872041,103.0826721,104.2604132,6216532
9/25/2018,105.3761597,105.686082,101.9049413,104.8492713,6496965
9/26/2018,104.0124588,106.3679296,102.8967113,106.3679296,3591889
9/27/2018,104.1054535,105.3761737,103.2066605,104.2294292,6718629
9/28/2018,103.4236145,105.190215,102.8967261,104.1054527,5444684
10/1/2018,105.128212,105.5621214,102.9896958,103.8265065,4950123
10/3/2018,103.7335358,104.6633255,102.9587186,104.6323401,5780126
10/4/2018,103.3926163,104.5083639,102.1219074,103.1446761,6563494
10/5/2018,100.9751587,104.0744614,99.51849198,103.2686361,13292940
10/8/2018,101.3160782,102.2148824,98.83664283,100.0453694,4637569
10/9/2018,100.2313232,102.2768605,99.73543165,102.1528847,5756458
10/10/2018,101.8739471,103.2996284,99.95238568,100.2313226,3411681
10/11/2018,101.1301193,102.7107618,99.9833863,100.4172844,3668989
10/12/2018,101.7809677,102.493814,101.0681328,101.5950098,4147903
10/15/2018,102.059906,102.6177798,101.4710468,101.8119659,2191491
10/16/2018,101.6260147,102.4938222,100.4792703,102.0599128,3857880
10/17/2018,100.9751587,102.7107623,100.5412606,101.9979273,5369029
10/19/2018,100.0763626,102.4318221,99.36351632,100.7891976,6202959
10/22/2018,102.1838913,104.0744675,100.479273,101.0681436,6407974
10/23/2018,102.2768784,102.8967344,100.7582179,101.7500013,7316558
10/24/2018,101.0681381,103.3616155,98.99160406,102.8967207,12856915
10/25/2018,100.603241,102.2458656,97.50393832,100.7272167,94631476
10/26/2018,98.7436676,99.3325382,95.95429846,98.52671289,9339921
10/29/2018,98.52672577,99.14659323,97.50395695,98.8986417,6963919
10/30/2018,98.8056488,99.82841748,97.22500631,98.61969086,3257071
10/31/2018,98.96062469,99.73544191,96.23323769,99.17756807,6069514
11/1/2018,97.31798553,99.33253747,97.16302437,99.02260378,2992327
11/2/2018,97.93784332,98.77465398,96.72911682,97.87584978,11487762
11/5/2018,95.14847565,97.62791669,94.03272803,97.62791669,18263054
11/6/2018,95.55138397,95.89231443,94.43564201,95.42741958,6223800
11/7/2018,95.98529053,96.10925492,95.76833582,96.07826949,212175
11/9/2018,95.73734283,96.45018917,95.14847791,96.4191924,8098182
11/12/2018,94.71457672,96.35720704,94.52861879,95.64436072,3916333
11/13/2018,97.1940155,97.81387149,94.43563764,94.52861661,7903864
11/14/2018,97.534935,99.54947547,96.94606443,97.31798029,3853852
11/15/2018,95.33444977,98.65069622,95.08650393,97.90686439,4538966
11/16/2018,95.48939514,96.388188,94.8385424,94.96251246,5166086
11/19/2018,94.80755615,95.76833693,94.15670338,95.45840325,6879644
11/20/2018,92.4520874,94.9005374,92.04918042,94.46663365,4600113
11/21/2018,91.64626312,92.88598069,91.21235942,92.45207699,7625524
11/22/2018,90.49954224,91.98720598,90.25160206,91.58429894,3684871
11/26/2018,89.6937027,91.08838706,87.83412355,90.74746232,6534517
11/27/2018,90.34456635,90.99541913,88.79491498,89.56973782,4866687
11/28/2018,88.91888428,91.46031318,88.02009137,91.08839731,17823474
11/29/2018,88.17506409,90.3445774,87.30726217,89.16684176,30727317
11/30/2018,86.96631622,88.39199735,85.2617039,88.02008152,29840662
12/3/2018,89.81768036,90.28257518,86.7803656,86.99732031,12013041
12/4/2018,88.76393127,89.72471214,88.02009946,89.72471214,6785000
12/5/2018,87.43123627,89.81769875,86.28449735,88.60897196,8833965
12/6/2018,86.65639496,88.14405839,85.66461744,87.21426875,5460772
12/7/2018,85.44766998,87.46221614,84.64185038,86.78036661,13240540
12/10/2018,84.42490387,86.31547435,83.49511418,84.23894593,34436070
12/11/2018,85.13774872,85.57164681,83.0922113,83.0922113,13406569
12/12/2018,87.21427917,87.77215303,84.85881368,85.50966651,12274362
12/13/2018,87.43123627,88.02010695,86.62542219,87.61719424,10636545
12/14/2018,88.94988251,89.35278948,86.53242931,87.40023113,13732576
12/17/2018,90.56152344,93.81578763,89.72471265,92.97897684,21749589
12/18/2018,91.55327606,91.98717405,90.03461607,90.49951083,13037010
12/19/2018,92.85500336,93.16493138,91.27436081,91.95620472,8182075
12/20/2018,92.5450592,92.94797183,90.90243464,92.11116116,13909968
12/21/2018,93.31988525,93.84676225,91.89420408,92.66903253,18956932
12/24/2018,90.74746704,93.31988689,90.00363534,92.97896213,8506178
12/26/2018,90.22058868,91.95619795,89.41477476,90.62350132,10358386
12/27/2018,91.92520142,92.82399426,89.3837727,90.93342394,32905857
12/28/2018,92.88598633,93.97074281,90.80945799,91.39832288,11010662
12/31/2018,92.3901062,93.00996223,91.8012356,92.85500106,5010889
1/1/2019,92.17313385,92.73100757,90.74745846,92.32810066,4011082
1/2/2019,91.11938477,92.17314447,90.59250208,91.70824965,5201079
1/3/2019,88.88789368,91.36733472,88.5469689,91.11938892,7035283
1/4/2019,90.34456635,90.68548545,88.1750533,89.22881872,7988112
1/7/2019,92.11118317,92.79302717,90.59252263,90.65451051,14121843
1/8/2019,91.08838654,92.6690288,90.49951603,91.73923923,6656692
1/9/2019,90.8404541,92.01818962,90.12761344,91.11939101,4636543
1/10/2019,91.80122375,92.70002225,90.96441312,91.08838885,15340801
1/11/2019,91.73926544,93.16494129,91.24337375,91.73926544,13579929
1/14/2019,90.22058868,91.95619795,90.00363965,91.73924892,5010679
1/15/2019,90.37555695,90.77846392,89.3527883,90.49952701,14730974
1/16/2019,90.71648407,92.04918075,90.31357141,90.6854873,5679378
1/17/2019,89.81768036,91.52229283,89.4147734,91.057398,7529166
1/18/2019,89.44577789,90.7474836,89.25981993,90.06563965,3100312
1/21/2019,88.88789368,90.96442208,88.42299884,90.80946091,13187677
1/22/2019,88.51598358,89.1978275,88.02009761,89.1978275,7074433
1/23/2019,87.24525452,89.01185474,86.96631764,88.57795671,5323552
1/24/2019,86.81134796,88.08205649,86.2224775,87.24524594,4250377
1/25/2019,85.72659302,87.95808785,85.57162621,87.09028619,5463236
1/28/2019,85.91256714,86.47044095,84.70384054,85.85057927,7303346
1/29/2019,85.85057068,86.40844444,85.16872687,85.91255854,9728281
1/30/2019,85.9745636,87.02832346,85.60264769,86.40846171,13777792
1/31/2019,86.59440613,87.52419576,86.16050808,87.09029772,44034840
2/1/2019,86.87335968,87.09031442,86.03654885,86.7803807,7099405
2/4/2019,85.07575989,87.02831831,84.76583187,86.84236037,6716304
2/5/2019,85.57164764,85.78860237,84.42490885,84.92079482,8526399
2/6/2019,87.24526215,87.65889566,85.90890146,86.4179893,12810810
2/7/2019,86.51343536,87.81797976,85.9725314,87.18161564,5193513
2/8/2019,84.0316391,87.43617932,83.71345989,86.16345667,5597162
2/11/2019,82.9498291,84.8270999,81.83619309,83.96801076,13126864
2/12/2019,84.79527283,85.24072837,82.72709928,82.75891545,14900754
2/14/2019,83.52253723,84.82708166,81.51799634,83.36344474,37913966
2/15/2019,86.70436096,87.43617954,83.99982314,83.99982314,25855830
2/18/2019,87.46798706,89.34525759,85.87708536,86.41798938,13001166
2/19/2019,85.08164215,87.75436395,84.28619118,87.24527603,9029095
2/20/2019,87.30890656,88.39072049,84.19072945,85.39981972,14955330
2/21/2019,86.83162689,88.13616556,86.2270789,87.69071589,4719134
2/22/2019,88.89980316,89.24980434,85.90890257,87.02253843,11678731
2/25/2019,89.31345367,89.72708724,86.70436427,88.83618193,27557787
2/26/2019,89.44072723,89.85436081,86.73618922,87.30891533,15501729
2/27/2019,88.29527283,90.9679946,87.91345543,88.64527405,18258775
2/28/2019,89.88618469,90.80890622,88.0089138,89.21800422,50183582
3/1/2019,90.99982452,91.47709634,90.14073525,90.17255726,6789074
3/5/2019,93.54525757,94.30889232,90.99980644,90.99980644,12988303
3/6/2019,94.78616333,95.13616453,93.60889503,93.99071241,10313295
3/7/2019,93.03617859,95.83617102,92.590723,94.88162748,8337421
3/8/2019,96.8543396,98.50887956,92.4952561,93.86343304,34663172
3/11/2019,96.34525299,102.0088757,95.13616847,97.36343464,30007645
3/12/2019,96.24980164,99.49525538,95.58162118,95.96343858,23315044
3/13/2019,94.3088913,96.12252382,92.27253391,96.09070765,20943115
3/14/2019,97.77708435,98.57252956,94.24526729,94.75436108,14675396
3/15/2019,100.5770569,101.3406916,97.14070632,98.38160697,20356743
3/18/2019,101.022522,102.3270608,99.11343502,100.4497959,19289406
3/19/2019,103.014328,104.8470585,99.57797146,102.2888773,25950621
3/20/2019,98.69979858,103.8543335,97.82162322,103.7016089,28098992
3/22/2019,102.8234024,104.0070385,99.04341316,100.0361406,53779933
3/25/2019,103.3579788,104.999789,102.1361584,102.2125266,31535535
3/26/2019,107.5197906,108.4361502,103.854341,103.854341,23510777
3/27/2019,104.6179733,107.5961445,104.0070631,107.5961445,20849776
3/28/2019,103.663414,106.4125037,103.1670561,104.9997748,41232946
4/1/2019,103.1670609,104.9997796,101.9834246,104.1597767,26716877
4/2/2019,103.2052383,104.3888746,102.327063,103.8925167,14343829
4/3/2019,102.9379654,104.9997769,102.3270553,103.8161407,12596804
4/4/2019,103.5870361,104.465223,102.6706769,102.9379537,12939086
4/5/2019,102.9379654,104.1979581,102.6325045,103.5106914,7742848
4/8/2019,103.5106888,104.4652322,102.7470541,103.0143192,13409083
4/9/2019,103.7779694,104.1979708,103.1288867,103.4725201,7506763
4/10/2019,102.7852478,104.6179666,102.556155,104.0452406,9502300
4/11/2019,103.8161469,104.1597802,102.6325106,103.0525121,8703097
4/12/2019,103.8161469,104.2361483,103.2434208,103.8543309,7212573
4/15/2019,104.4270477,105.6106839,103.3961362,104.0452304,11013801
4/16/2019,105.0379639,105.4961377,104.236145,104.9234117,7469500
4/18/2019,103.3579788,105.2670659,103.128886,104.999789,6634192
4/22/2019,103.8543396,104.1597889,102.5943468,103.1670729,5541225
4/23/2019,102.0597916,103.9307062,101.7543423,103.8543381,8790522
4/24/2019,102.2888718,102.6706891,101.0288791,102.059779,9255095
4/25/2019,101.4870453,103.3579596,101.0288715,102.3270481,29354749
4/26/2019,102.4034271,103.1670619,101.830701,101.9070575,4789673
4/30/2019,102.365242,102.9379681,100.379787,102.5179666,7527996
5/2/2019,101.6397934,102.2506919,100.8761586,101.792518,6401386
5/3/2019,103.4343185,104.3506779,101.5634158,101.639784,9226969
5/6/2019,103.0906906,103.5488761,102.0979631,103.0906906,6080575
5/7/2019,102.4034271,104.0070531,102.0216097,103.4343271,9137799
5/8/2019,99.88341522,102.3270438,99.42522977,102.2125033,8742473
5/9/2019,97.51615906,99.88343154,96.52343734,99.84524747,14395488
5/10/2019,96.9815979,98.3179585,96.40887193,98.08886578,9724014
5/13/2019,94.34708405,96.98162184,93.92708257,96.90525952,11507204
5/14/2019,95.91252899,96.59980147,93.46889998,94.46162172,6908544
5/15/2019,94.65252686,96.90525291,93.92707616,96.44707322,9384447
5/16/2019,96.02706909,96.48524877,94.11798223,95.33979666,6519422
5/17/2019,95.83616638,96.67616349,94.69071419,95.26344029,10003051
5/20/2019,98.69979858,99.34889283,95.91253038,97.89797971,12330905
5/21/2019,98.20344543,99.08162084,97.55435116,99.04343677,8095621
5/22/2019,98.96707153,99.6161541,97.28707153,98.20343676,9540723
5/23/2019,99.1579895,101.907068,98.77617208,99.73071564,11017547
5/24/2019,98.62342072,100.0361496,98.16524687,99.65433226,9371443
5/27/2019,101.7161636,104.3125292,99.38707492,101.1052534,19948676
5/28/2019,101.2579803,102.8997905,100.570702,102.2888803,15628186
5/29/2019,99.95977783,101.754324,99.42523587,100.7997807,5397986
5/30/2019,103.1670609,103.5488782,100.0743377,100.0743377,30257040
5/31/2019,101.7543488,103.8925288,101.0288979,103.2816185,11325445
6/3/2019,101.6397934,102.9379702,101.3343325,102.6325093,7302092
6/4/2019,103.1288757,104.1216032,101.6779627,101.6779627,10439893
6/6/2019,104.2743454,104.6179788,101.4107146,103.2052496,12191883
6/7/2019,103.2052383,104.9997848,102.7088804,104.6179674,9310029
6/10/2019,103.0906906,104.6943282,102.5943327,103.2434152,7295669
6/11/2019,103.3198013,104.3507014,102.1361649,103.3961578,4554162
6/12/2019,102.632515,103.6252425,101.7925236,103.0907005,3660802
6/13/2019,103.014328,103.7397904,101.7925193,102.7088787,5113806
6/14/2019,101.3725128,103.4725084,101.105236,103.0525069,4761596
6/17/2019,100.9906921,102.2125124,100.341598,101.9070515,3655275
6/18/2019,101.1052399,101.8307022,100.7234225,101.2579761,5172138
6/19/2019,102.8234024,103.2815879,101.1815925,101.1815925,5278372
6/20/2019,102.7470398,103.2815817,102.0215892,102.7852239,6963441
6/21/2019,102.7470398,103.2433976,102.3652225,102.9761325,9456244
6/24/2019,103.5488892,103.8543384,102.13616,102.8616108,5918107
6/25/2019,105.7252426,106.6797862,103.2052453,103.8161555,18761799
6/26/2019,106.9470444,108.3597616,106.3743183,106.5270429,24643824
6/27/2019,107.0234222,108.4361514,106.1834309,107.7107006,38789825
6/28/2019,107.9397812,108.3215986,106.5270522,106.9852377,10648757
7/1/2019,108.8561401,111.3761372,105.8779575,108.5888633,31289422
7/2/2019,109.1615829,110.268851,108.8561337,109.199767,8847109
7/3/2019,109.3906784,110.2688537,108.9324929,109.8488639,6947927
7/4/2019,109.5434036,110.3070384,108.7034124,110.3070384,5792826
7/5/2019,104.2361526,109.8106892,103.3961497,109.0470543,21459265
7/8/2019,98.96707153,104.312515,98.16525269,104.312515,20404790
7/9/2019,98.92890167,100.7998048,97.43981015,98.08889864,19374808
7/10/2019,98.54707336,100.0361589,98.24161245,98.50888929,9141198
7/11/2019,98.47071075,99.95979637,98.20344555,99.46343838,6669919
7/12/2019,97.59253693,101.1434343,96.56162521,99.15799071,21467991
7/15/2019,97.70706177,98.4706965,97.21070385,97.74524583,5852788
7/16/2019,99.99797821,100.3416116,97.7452578,98.35616799,11313969
7/17/2019,98.58525085,100.9143275,98.27978996,100.4943377,10958942
7/18/2019,97.01978302,99.99795345,96.52341934,99.34887099,18049102
7/19/2019,99.19616699,100.03617,96.25617967,97.7070813,33840376
7/22/2019,99.92160797,101.2961411,97.47797337,99.65433116,15870663
7/23/2019,101.6016235,101.9070728,99.65435225,100.3798031,9840729
7/24/2019,100.6852493,101.9834261,99.80706235,101.9834261,10421947
7/25/2019,99.081604,101.4488763,98.05069248,100.7997821,29337351
7/26/2019,98.35616302,99.57797169,97.93616156,99.57797169,11411885
7/29/2019,97.21070862,98.35616077,96.79070716,97.74525063,22168687
7/30/2019,97.13433838,98.24160644,96.29434131,96.71434276,16228044
7/31/2019,96.63798523,97.24888957,95.83616637,96.37070839,14557889
8/1/2019,96.86708069,97.55435323,95.56890376,96.52344733,11138203
8/2/2019,94.00344849,96.90526323,93.50708467,96.37071535,21851409
8/5/2019,92.39980316,94.27070594,91.97980173,93.46889296,8713907
8/6/2019,94.1943512,95.37798746,91.44526709,91.63617579,13232442
8/7/2019,93.96526337,95.41616481,93.23980682,93.9270793,13132981
8/8/2019,95.18708038,95.56889779,93.3161716,94.04162817,8227791
8/9/2019,94.61434174,96.71433719,94.0416157,95.1488837,10566552
8/13/2019,91.30207062,95.8613277,89.4316045,95.8613277,25954194
8/14/2019,91.65277863,92.74388434,90.8344538,91.38000368,8641527
8/16/2019,91.80863953,92.9776799,90.87340366,91.49689424,10992249
8/19/2019,92.66593933,93.87394421,91.65276858,92.23728879,9653434
8/20/2019,91.92556,93.71809136,91.45794493,92.74389082,7758935
8/21/2019,91.88658142,93.21149156,91.53586571,91.96451626,12842739
8/22/2019,89.43159485,92.27626115,88.73016939,91.96451584,16991585
8/23/2019,92.35420227,92.70491205,88.92501551,89.62644102,9284204
8/26/2019,93.56221008,93.9908547,91.73070855,92.74387936,11965007
8/27/2019,96.01718903,97.7317853,93.64014362,93.64014362,22238086
8/28/2019,93.44529724,97.18622296,93.09458155,96.48480347,11905383
8/29/2019,95.93926239,96.75759317,91.88659076,92.5490459,38336134
8/30/2019,94.80919647,96.36791732,90.09406354,95.783397,18833819
9/3/2019,91.69174957,95.04299563,91.30206938,95.04299563,7635093
9/4/2019,93.09460449,93.44532027,90.91239877,91.9645342,7299231
9/5/2019,96.2120285,101.0440601,93.40633256,93.40633256,19432303
9/6/2019,98.97874451,99.60223504,96.09511417,96.21201344,11891983
9/9/2019,98.47218323,99.71915865,97.5759176,99.21257916,5303272
9/11/2019,97.03036499,99.40741647,96.52377957,98.58908571,5473674
9/12/2019,95.27680206,97.22520292,94.77021665,96.64068267,8444053
9/13/2019,96.67965698,96.87449708,94.49744555,95.35474078,7509999
9/16/2019,96.05615997,96.75758545,94.96505433,96.13409482,5593727
9/17/2019,94.22465515,95.97821571,93.95188025,95.74440526,5663425
9/18/2019,95.47164154,95.74441647,93.25046576,94.7312516,8627190
9/19/2019,94.84815979,95.82236031,93.60118432,95.82236031,6031946
9/20/2019,93.40633392,97.73178611,92.35419867,94.34156988,34008081
9/23/2019,90.44477081,94.77021718,88.88605012,94.380537,33355557
9/24/2019,89.74334717,91.02929296,89.1198565,90.63961278,20864605
9/25/2019,91.10723114,92.43214143,89.6654156,90.09406025,18851203
9/26/2019,90.83444977,92.51006974,90.36682881,91.37999963,21458595
9/27/2019,91.22412872,92.82181383,90.63960848,91.88658381,9325734
9/30/2019,91.57483673,92.12038657,90.21095618,91.26309142,12045142
10/1/2019,91.22412872,92.66594414,90.60063808,91.96451866,9718865
10/3/2019,90.99031067,91.61380126,89.31468491,91.61380126,10477900
10/4/2019,91.49690247,93.91291826,90.79547699,91.41896762,20289650
10/7/2019,90.36682892,91.9255496,89.39262849,91.53586943,14111765
10/9/2019,91.38001251,91.96453285,89.93819687,90.40581195,8413122
10/10/2019,91.38001251,91.57485262,90.67858692,91.34104211,6885340
10/11/2019,90.95135498,92.23730081,90.32787024,91.34103517,9176578
10/14/2019,91.76968384,92.08142918,90.56167288,90.83445377,12146203
10/15/2019,93.05561829,93.36736359,91.18515243,91.18515243,7630007
10/16/2019,91.49690247,93.36736842,91.10722231,92.5880081,10206387
10/17/2019,92.51007843,92.89975864,91.14619771,91.73071802,10163035
10/18/2019,94.34159088,94.69230073,92.27628437,92.58802976,16961782
10/22/2019,94.22465515,94.80917534,93.48425935,94.80917534,12091476
10/23/2019,94.34159088,94.84817045,93.7181001,93.7181001,6580501
10/24/2019,93.67912292,95.0819741,92.89976248,95.0819741,8009018
10/25/2019,92.35420227,94.18569792,92.12039179,94.18569792,8505881
10/27/2019,92.58802032,92.82182488,92.39318022,92.74389003,312098
10/29/2019,93.44529724,93.79600698,91.65276625,92.51006135,8581053
10/30/2019,94.2636261,94.88711672,92.93871596,94.30259649,12119474
10/31/2019,95.39369965,96.79654459,94.14672438,94.6922742,16511583
11/1/2019,94.69228363,96.01719386,94.3805383,95.86132417,4170369
11/4/2019,93.95189667,95.54958189,93.44531123,94.8091919,7894331
11/5/2019,93.99085236,94.69227783,93.1725276,93.67910704,6156847
11/6/2019,94.0298233,94.88711846,93.48426751,93.60117275,5317553
11/7/2019,93.17253876,94.45847867,92.82182301,94.41951422,6794239
11/8/2019,91.49690247,93.01665271,91.18515715,92.82181263,9771715
11/11/2019,92.1593399,94.88710049,91.76965982,92.70488964,22943443
11/13/2019,92.198349,92.93873909,91.61382863,91.88660361,12220298
11/14/2019,92.39317322,92.86078825,91.61381286,92.35420282,5208393
11/15/2019,91.45793915,92.62697971,91.14619381,92.39317517,4650424
11/18/2019,91.53588104,91.84762641,91.02930151,91.22414162,4727251
11/19/2019,91.45793915,92.19833507,91.02929451,91.76968449,7577320
11/20/2019,91.22412872,91.65277334,90.4447684,91.41896881,10033434
11/21/2019,89.86026001,91.49691572,89.47057979,91.49691572,15099980
11/22/2019,91.80863953,92.89973912,91.14617856,91.14617856,13934099
11/25/2019,92.04246521,92.27627572,91.26310478,91.96453036,10863475
11/26/2019,90.9123764,92.66593701,90.56166072,92.04244641,14426269
11/27/2019,90.21096802,91.41897904,89.97715751,91.02929883,5455521
11/28/2019,90.05509949,90.60064941,89.66541927,90.52271455,10014250
11/29/2019,90.67856598,91.65276631,90.01611094,90.40579107,7014266
12/2/2019,89.86026001,90.63962044,89.70438436,90.21096983,6609154
12/3/2019,89.27573395,90.24993442,89.1588287,89.70437859,6614178
12/4/2019,89.47058105,89.86026128,88.84709032,89.66542117,4444594
12/5/2019,88.92501831,89.82128394,88.73017822,89.43160375,2537275
12/6/2019,87.79494476,89.39262992,87.44422904,89.39262992,3836996
12/9/2019,87.83390045,88.22358059,86.8986705,88.22358059,7866941
12/10/2019,85.72963715,88.1846234,85.49582667,87.67803799,18958648
12/11/2019,88.06771851,88.69120916,85.80757233,86.11931765,8746687
12/12/2019,89.19778442,89.58746458,88.22358404,88.49636491,3850652
12/13/2019,90.13303375,90.52271396,89.23676808,89.66541869,4293299
12/16/2019,89.58747864,90.63961997,89.31470368,90.56167917,3659151
12/17/2019,90.05509949,90.3668389,88.53534309,89.58747848,6241009
12/18/2019,88.96398926,90.60064488,88.69121431,89.6264444,8626400
12/19/2019,88.88604736,89.15882229,87.95081141,88.84707697,5995825
12/20/2019,89.39261627,89.938172,88.69119682,88.88603688,5813877
12/23/2019,89.31469727,89.93818794,88.69121254,89.00295193,13980109
12/24/2019,89.78230286,90.24992379,89.23675303,89.23675303,7929835
12/26/2019,90.71755981,92.1983459,88.8470935,89.74335923,12763347
12/27/2019,91.06825256,91.34102749,90.2109574,90.63960795,4474934
12/30/2019,90.83444977,91.69174495,90.67857413,91.0682543,4193724
12/31/2019,92.78286743,93.28944699,90.67859057,90.83446623,12438719
1/1/2020,94.73125458,95.08196436,92.159363,92.78285367,9953746
1/2/2020,94.61434937,95.19886964,93.9908587,94.69228421,8731299
1/3/2020,93.01667023,94.57539116,92.82183011,94.30261618,7392962
1/6/2020,92.66593933,92.8607794,90.79547345,92.74387417,6596841
1/7/2020,93.95189667,94.73125705,92.93872579,92.93872579,8959942
1/8/2020,93.48426819,94.10775882,91.61380817,93.28942811,6372683
1/9/2020,93.01667023,94.4584859,92.6659604,93.91293595,8309627
1/10/2020,93.75706482,94.9261055,92.78286425,93.4842839,5588344
1/13/2020,94.88713837,95.08197849,93.60119239,93.83500291,3534313
1/14/2020,96.25100708,96.64068727,94.57538107,94.88712641,8631692
1/15/2020,96.52378082,97.42004644,95.35474027,95.8613257,6537916
1/16/2020,94.65332031,96.17307669,94.2636401,96.17307669,8806007
1/17/2020,94.45846558,94.84814572,93.99085059,94.65330565,6811534
1/20/2020,92.1593399,94.88710049,91.80863021,94.30258037,10655638
1/21/2020,91.30207062,93.17253674,91.14619497,92.2762711,5150830
1/22/2020,87.40527344,90.2109698,86.89868797,89.58747907,19388739
1/23/2020,88.45740509,89.19779509,87.52217499,87.75597954,22793170
1/24/2020,89.43159485,90.6396057,88.49636486,88.84707462,9898052
1/27/2020,88.18462372,89.86024964,87.75597315,89.62643916,5597365
1/28/2020,87.3273468,88.65225728,86.43108103,88.65225728,12128081
1/29/2020,88.22359467,89.54851091,87.09352447,87.36629942,18501507
1/30/2020,88.57430267,89.47056824,87.32732733,88.41842704,18545239
1/31/2020,87.95081329,89.8212793,86.89867802,88.65223879,64518347
2/3/2020,85.92446899,87.01557455,83.54741781,85.30097841,14889516
2/4/2020,87.2883606,87.52217108,85.92447996,86.00241481,9743806
2/5/2020,86.66487885,87.75598465,86.11932891,86.74281965,10671590
2/6/2020,87.2883606,87.67804078,86.11932005,86.11932005,11852617
2/7/2020,90.09406281,90.60064826,87.522177,87.60011186,18446803
2/10/2020,88.45740509,90.32787123,87.32733489,90.24993638,31637511
2/11/2020,91.06825256,91.61380836,88.92501167,89.23675699,20937033
2/12/2020,91.02929688,92.66595252,90.71755153,91.18516658,13679292
2/13/2020,89.74334717,91.2630975,89.39263144,91.02929296,20903696
2/14/2020,87.83390045,90.0161116,87.2104158,89.47056178,23827224
2/17/2020,85.9634552,88.65224622,85.106154,88.14566077,22137354
2/18/2020,85.41788483,86.43105556,80.89759881,85.41788483,34458578
2/19/2020,87.3273468,88.65225728,86.04140078,87.52218693,17935374
2/20/2020,86.7817688,87.6000995,86.47002349,87.05454372,19663654
2/24/2020,85.49583435,86.31416516,84.83337919,86.31416516,11370193
2/25/2020,85.80757141,87.639067,85.45686164,86.43106206,10775289
2/26/2020,85.0282135,86.93764994,84.36575839,85.72963901,14998071
2/27/2020,84.98922729,85.96342749,83.11876173,85.10612656,22610691
2/28/2020,83.04086304,85.88552408,82.10562688,83.1187979,25696761
3/2/2020,80.97554016,85.72963703,80.04030419,85.22305162,15614944
3/3/2020,84.87234497,85.69066979,81.28728848,81.56006342,17194661
3/4/2020,84.13195801,86.50900975,83.78124818,84.67751389,17095867
3/5/2020,84.05401611,85.45686718,83.43053137,84.24885621,11579256
3/6/2020,81.94975281,83.54743817,80.19619179,81.63800744,13533444
3/9/2020,80.19617462,81.36521505,77.58531885,81.05346975,47383195
3/11/2020,80.31309509,81.67697585,79.10508404,80.27412469,28434577
3/12/2020,73.53265381,77.93604133,72.67535854,77.15668092,47225243
3/13/2020,76.41628265,78.52055316,63.32302675,70.14242963,49533058
3/16/2020,70.76592255,74.81859401,68.77855126,74.81859401,34649740
3/17/2020,68.66165161,74.74066525,67.29777088,70.92179801,21241388
3/18/2020,62.77747345,70.41520069,58.37408664,69.36306549,88654467
3/19/2020,61.06288528,66.20666266,58.49099957,61.21876093,33846928
3/20/2020,63.32302856,64.18032376,59.50416165,61.1797876,58499591
3/23/2020,59.54312897,62.3488249,57.0491724,58.3740885,37653540
3/24/2020,60.43939972,62.03708493,58.49099877,60.86804436,13742927
3/25/2020,62.11503601,62.73852685,58.68585421,60.7901254,16472741
3/26/2020,62.4679451,64.46785685,59.91903339,64.31100314,39959613
3/27/2020,65.09527588,66.19326968,62.93850469,64.70313566,39345541
3/30/2020,64.1149292,65.48742004,62.11501158,62.66401151,17043895
3/31/2020,66.03640747,66.5069805,63.64435583,64.89920328,28293281
4/1/2020,63.52672195,66.15406049,63.21300855,66.11485006,14355207
4/3/2020,62.38951874,64.38943051,61.84051878,64.35022007,18310156
4/7/2020,63.95806885,64.35020905,62.82085868,63.99727928,47686619
4/8/2020,66.8207016,68.07555529,62.97773163,63.95808233,38072700
4/9/2020,68.31083679,69.29118751,66.89913535,69.29118751,9322342
4/13/2020,69.52648163,69.91862196,66.46778586,68.31084421,33266662
4/15/2020,70.50681305,73.87921537,69.56567293,69.76174304,24127975
4/16/2020,74.58508301,75.52622331,68.23241142,68.42848157,20876392
4/17/2020,74.89879608,79.21233931,74.50665579,79.21233931,16969641
4/20/2020,77.56535339,77.87906683,73.25181005,76.07521904,17639066
4/21/2020,76.31051636,77.17322395,74.9380251,75.68308939,15085097
4/22/2020,76.545784,77.36928101,74.42822881,76.31050341,10342633
4/23/2020,74.66350555,76.62420692,74.15372799,76.42813678,14078729
4/24/2020,73.25180054,75.56542564,72.11459021,74.31057802,10148964
4/27/2020,72.42831421,74.03609188,72.07539032,74.03609188,22675928
4/28/2020,70.85974884,72.8596667,69.52647425,72.27145627,19815445
4/29/2020,70.74209595,72.42830015,70.38917213,71.72244653,21550996
4/30/2020,74.54586792,76.07521258,70.8989622,71.64402632,15151435
5/4/2020,71.72245026,73.44787097,70.97738617,71.40874284,10305663
5/5/2020,72.62437439,74.4674324,71.64402375,72.31066099,10628539
5/6/2020,74.27136993,74.85958038,72.31066845,72.89887889,10232281
5/7/2020,70.93817902,74.03609103,70.70289842,73.80080445,8449705
5/8/2020,68.23242188,72.50674936,67.25207099,71.36954472,28174665
5/11/2020,67.95791626,70.15389838,67.33048938,69.17354762,12243824
5/12/2020,71.87931824,73.134166,67.17363463,67.84027195,18124894
5/13/2020,72.97731018,77.25163694,72.66359675,74.46743849,19037031
5/14/2020,70.07546997,73.33023564,68.62455207,73.17338191,39115884
5/15/2020,71.25189209,71.99696226,69.95782789,70.58525477,16925981
5/18/2020,69.72254944,70.97739725,68.89905238,70.97739725,11368562
5/19/2020,71.40874481,72.07538207,69.17354051,70.27153445,12262118
5/20/2020,72.85966492,73.2518052,70.03625611,70.50682325,10126022
5/21/2020,70.78132629,72.66360099,70.42840241,72.27146068,20143324
5/22/2020,71.33031464,71.52638478,69.29118637,70.50682364,9392095
5/26/2020,72.93809509,73.25180853,70.7028966,70.7028966,12350762
5/27/2020,74.27136993,74.66351023,71.48717741,72.93809532,11684730
5/28/2020,75.05564117,75.68306797,74.11450697,74.70271734,12156645
5/29/2020,76.74185181,77.52613237,73.9576594,74.27136684,19891080
6/1/2020,76.78106689,78.15355785,76.19285648,77.17320717,10106253
6/2/2020,75.87913513,77.60454976,75.3301412,77.44769606,18170659
6/3/2020,74.27136993,76.70264456,74.03608935,76.66342814,23102350
6/4/2020,74.62429047,74.89878744,72.74201608,73.84000997,12827335
6/5/2020,76.82028198,77.01635213,73.84001931,74.50665662,11744302
6/8/2020,77.29084015,78.58489809,76.6634134,77.60454754,14168383
6/9/2020,76.85949707,78.19277167,76.23207021,77.64377765,14232434
6/10/2020,76.9771347,78.54569575,76.27128104,76.9771347,12104423
6/11/2020,76.89871979,78.19277807,75.91836898,76.97714666,10258905
6/12/2020,75.99679565,76.82028674,73.95766718,74.11452091,10925477
6/15/2020,73.09494019,76.03599206,72.62437308,75.83992193,10980359
6/16/2020,72.78123474,74.58507635,72.34987806,74.46743307,8757035
6/17/2020,71.76167297,73.0165207,71.2518894,72.89887742,17081311
6/18/2020,72.70281219,73.95766599,70.50683002,71.99696441,16520026
6/19/2020,72.93809509,73.76159211,72.46752793,72.97731152,13836691
6/22/2020,74.74194336,75.1732941,73.2125926,73.80080305,18868376
6/23/2020,79.01626587,79.32997929,74.50665268,74.58507954,20331626
6/24/2020,76.11442566,81.40831909,75.87913911,79.99661178,24055051
6/25/2020,75.36936188,77.29085287,73.99687087,76.11443201,69278017
6/26/2020,76.0752182,76.38893164,74.93801372,75.60465104,15572219
6/29/2020,74.42822266,76.89870749,74.07529283,76.58499409,18130595
6/30/2020,75.13407135,76.66341587,74.66349828,76.07520552,18496305
7/1/2020,73.40866852,74.27137605,72.38910725,74.27137605,21639137
7/2/2020,73.25180054,74.1145079,73.05573041,74.1145079,14333457
7/3/2020,74.11451721,74.78115453,72.74202615,73.40866347,15274841
7/6/2020,74.66350555,75.6046458,74.38900856,75.21250553,11830916
7/7/2020,72.5851593,74.85956786,72.34987277,74.82035743,18786009
7/8/2020,71.36953735,72.82045532,71.25189406,72.82045532,26256635
7/9/2020,71.52638245,72.15380927,71.21267502,71.60481529,11910945
7/10/2020,70.89896393,71.60481763,70.38918037,71.52638479,12213053
7/13/2020,70.50681305,72.82043796,70.19309968,71.40873676,17508551
7/14/2020,68.7421875,70.50681864,68.54611737,70.42839178,14240946
7/15/2020,69.0559082,70.38918281,68.82062163,69.25197835,11582839
7/16/2020,68.03633881,69.33040293,67.3304851,69.17354323,10152592
7/17/2020,69.25196838,69.52646535,68.23240137,68.38925507,12238969
7/20/2020,68.35004425,69.72253507,68.23240098,69.72253507,12349129
7/21/2020,69.29118347,69.52647002,68.07555224,69.01668648,20118152
7/22/2020,70.85974884,72.62438014,69.56568469,69.60490112,31321718
7/23/2020,71.01660919,71.84010021,70.78132262,71.2911062,11161294
7/24/2020,70.11469269,70.97740022,69.44805532,70.82054648,11352904
7/27/2020,68.7421875,70.27153209,68.4284741,70.23232166,10071266
7/28/2020,69.44804382,69.64411396,68.15397974,68.93826028,13888285
7/29/2020,69.13433838,70.31075932,68.93826822,69.4088354,10732504
7/30/2020,67.91868591,69.80096019,67.52654569,69.44803638,10668042
7/31/2020,68.23242188,68.70298911,67.68342777,68.153995,7906179
8/3/2020,67.1344223,68.38927014,66.66385511,68.38927014,14158505
8/4/2020,67.1344223,68.23241641,66.93835214,67.84027608,19621505
8/5/2020,67.36968994,67.91868385,66.97754973,67.36968994,9478990
8/6/2020,67.56576538,68.58532643,67.13440872,67.84026236,12208873
8/7/2020,67.29128265,67.99713046,66.93835277,67.60499013,10339288
8/10/2020,69.17354584,69.56568613,67.56577421,68.0755578,12215464
8/11/2020,69.2127533,70.27153076,68.85982947,69.80096366,11180265
8/12/2020,69.56568146,69.91861129,68.27162335,69.01668747,14803880
8/13/2020,70.53579712,70.73790542,69.92947222,70.65706333,13723113
8/14/2020,71.46551514,72.63774112,70.09117463,70.61665758,25402282
8/17/2020,77.04369354,78.013811,72.27393599,72.27393599,115111358
8/18/2020,76.84159088,79.06478255,76.03315755,77.77128428,52023697
8/19/2020,76.51821899,78.01381948,76.19484442,77.6096028,21840924
8/20/2020,81.73261261,82.37936177,76.19484525,76.4777957,112338263
8/21/2020,85.65349579,87.18952011,82.13681257,83.02608787,107862545
8/24/2020,85.20887756,87.31080307,83.87496128,86.58321181,49154455
8/25/2020,83.91539764,86.82575694,83.43033262,85.69394883,50940674
8/26/2020,83.10694885,84.56212515,82.13682516,84.56212515,30828711
8/27/2020,82.94525146,83.99621717,82.46019274,83.43031019,19363725
8/28/2020,82.09640503,84.2791725,81.85387257,83.38989709,21358972
8/31/2020,77.93296814,83.02609402,77.20537697,82.94525193,40298594
9/1/2020,80.68164825,81.77303201,78.01381582,78.82224914,44304572
9/2/2020,79.99446869,81.24754271,79.468992,80.68164189,20904846
9/3/2020,78.9839325,80.60079913,78.33718954,80.03489827,19004282
9/4/2020,76.5586319,78.7818235,75.99273105,77.6500218,27339411
9/7/2020,74.69924164,77.60960042,74.4162912,76.63948288,28474893
9/8/2020,73.28448486,75.38641035,73.00153442,75.38641035,31186005
9/9/2020,73.08236694,73.76953397,71.54634254,72.8398345,28307198
9/10/2020,73.2036438,73.97165303,72.15267796,73.56743635,27263673
9/11/2020,72.83984375,73.4865929,72.31436084,72.92068585,18190992
9/14/2020,73.44617462,74.33545015,72.5568991,73.08238205,22533738
9/15/2020,73.64827728,74.98219355,73.20364264,73.48659308,26866105
9/16/2020,72.4760437,74.05248611,72.19309329,74.05248611,20778500
9/17/2020,71.6676178,72.31436078,71.38466736,71.99099237,21804215
9/18/2020,73.2036438,73.64827845,71.70803714,71.99099375,44757908
9/21/2020,71.38465118,73.85036865,70.61663597,73.68868448,17714694
9/22/2020,70.89958191,72.39518811,68.95934736,71.38464671,25113194
9/23/2020,68.79767609,71.26340024,68.07008485,70.85918357,24107408
9/24/2020,66.81700897,69.24230871,66.41279235,67.98923471,17724521
9/25/2020,68.55515289,68.83810334,66.57448742,67.38292079,15999517
9/28/2020,70.73792267,71.34424772,68.79768127,69.20189797,22735756
9/29/2020,68.83809662,71.86972149,68.43387997,71.54634694,21328822
9/30/2020,68.79767609,69.40400109,67.42334187,69.20189276,18475452
10/1/2020,68.63598633,69.36357751,68.31261178,69.36357751,18244405
10/5/2020,68.27219391,69.08062726,67.74671717,68.71683472,15677842
10/6/2020,68.02966309,68.43387973,67.62544644,68.27218937,13094249
10/7/2020,66.9382782,68.11050399,66.49363743,68.07007986,19056844
10/8/2020,66.77658844,67.38291341,66.57448012,67.18080508,11961568
10/9/2020,67.01912689,67.22123523,66.00858519,66.97870276,18016087
10/12/2020,66.89785767,68.35304012,66.61490724,67.62544889,11714109
10/13/2020,66.81700897,67.42333391,66.61490066,66.93827519,11503196
10/14/2020,63.9470787,67.14039424,63.13864533,66.93828589,47114322
10/15/2020,63.86623001,65.07887995,63.46201337,63.94707211,20107413
10/16/2020,64.91719055,65.07887473,63.42158415,63.86622489,16578267
10/19/2020,66.00858307,67.22123307,65.0788835,65.44267603,21839955
10/20/2020,65.20015717,66.25111692,64.9172067,66.00859059,14238188
10/21/2020,66.53406525,67.74671524,65.20014902,65.84689198,38563701
10/22/2020,68.43386841,69.44440986,65.80646063,66.53405171,34256481
10/23/2020,69.72737122,70.01032163,68.31261296,69.52526289,46258872
10/26/2020,69.48484039,71.14213114,68.15093037,70.41453993,34724632
10/27/2020,72.31435394,72.79941884,70.37411902,71.78887725,95412168
10/28/2020,71.22298431,73.28449204,70.73792549,72.31436822,44763206
10/29/2020,69.92948151,71.54634813,69.52526485,70.33369816,41912944
10/30/2020,70.81874847,71.74844791,69.76778899,70.25284769,40735912
11/2/2020,72.11225891,72.43563351,71.10171713,71.38467376,31922062
11/3/2020,69.48484039,74.37586438,67.14038873,73.93122359,118128168
11/4/2020,68.79767609,70.41454277,68.31261732,69.64653356,47519427
11/5/2020,70.17201233,70.33369652,69.20188868,69.403997,41267817
11/6/2020,70.57622528,71.74845103,70.25285075,70.49537702,46143960
11/9/2020,72.31435394,72.63772849,70.89959571,71.66761102,42703600
11/10/2020,73.97164917,74.1737575,72.39520665,72.59731499,43483223
11/11/2020,75.10345459,75.58851333,74.13333093,74.37586339,51801855
11/12/2020,73.40575409,74.86093049,73.0823795,74.69924628,33374610
11/13/2020,73.93121338,74.65880449,72.11223869,72.75898771,24025139
11/14/2020,73.48658752,74.69923746,73.00152878,73.20363711,12521960
11/17/2020,71.7080307,74.69923759,71.34423819,74.17375471,55324429
11/18/2020,71.38465118,72.39519264,71.22296085,71.70801952,37574681
11/19/2020,72.59732819,74.29503724,71.14214547,71.46552009,55196018
11/20/2020,74.21417236,74.45669863,72.67814801,72.9610984,47670803
11/23/2020,75.7097702,76.3160951,74.37585419,75.1034453,54262598
11/24/2020,76.11399841,76.63948131,75.79062385,76.19484051,35713773
11/25/2020,75.95230865,76.72032402,75.06303323,76.35652532,32464332
11/26/2020,76.07357025,76.63947725,75.50766942,75.95230403,30825401
11/27/2020,76.5586319,78.45845511,74.21418024,77.40748934,216981706
12/1/2020,75.79062653,77.77128577,75.54809405,76.55863574,35330973
12/2/2020,76.63948059,76.96284898,75.83104728,76.51821436,27650080
12/3/2020,79.6710968,80.1561555,77.04368882,77.48832339,43841111
12/4/2020,79.6710968,80.68163833,78.82223945,80.19657346,34813873
12/7/2020,80.64122772,81.77303566,79.79237023,80.0349027,27049393
12/8/2020,79.38816071,81.53051054,79.06479227,81.28798421,30386160
12/9/2020,79.46900177,80.76249391,79.14562719,80.237011,24061383
12/10/2020,78.53928375,80.31783426,78.01380096,79.54982522,25985382
12/11/2020,82.78356934,83.18778598,78.94351125,79.14561957,63463638
12/14/2020,84.56211853,85.16844348,83.26862654,83.63241904,45802433
12/15/2020,85.57267761,86.01731847,83.14737731,84.96635254,52215593
12/16/2020,84.80464935,86.70446626,84.52169895,86.46193382,25184934
12/17/2020,84.44086456,85.41098833,84.07707201,85.41098833,16840984
12/18/2020,83.87493896,84.72379624,83.1473479,84.52168795,33596568
12/21/2020,78.82225037,84.03664292,76.59905869,83.83453459,34210970
12/22/2020,79.95405579,80.681647,78.0138146,78.70098169,29181188
12/23/2020,79.6710968,80.35826381,79.06477188,80.07531341,17602151
12/24/2020,80.80289459,82.0559685,80.03488553,80.27741795,23052394
12/28/2020,81.20713043,82.09641208,80.84333788,81.53050502,15454893
12/29/2020,79.71152496,81.69219032,79.18604207,81.24754952,23647197
12/30/2020,80.11575317,80.56039404,79.38816184,80.03491106,30281285
12/31/2020,80.31784821,81.04543942,79.22646447,79.30730657,50363279
1/1/2021,80.07531738,81.0050107,79.87320907,80.80290239,13493039
1/4/2021,80.07531738,80.84332652,79.63067662,80.6412182,22325584
1/5/2021,78.9030838,79.54983287,78.41802509,79.54983287,23510160
1/6/2021,79.10520935,80.03490902,78.62015053,79.2264756,21952878
1/7/2021,78.41802979,79.63067973,78.29676356,79.30730518,24999580
1/8/2021,80.96459198,81.24754239,78.70097639,78.90308471,43240591
1/11/2021,80.03489685,81.85387178,79.79236439,81.44965513,22036573
1/12/2021,80.96459198,81.65175902,79.46899169,80.0348925,24262426
1/13/2021,82.90483093,84.36000706,80.96458993,81.04543202,49236964
1/14/2021,82.62187958,83.95579574,82.21766293,83.83452951,29301114
1/15/2021,81.20713043,83.75369681,80.76249577,82.86442133,24067229
1/18/2021,78.86267853,81.57092911,78.25635349,81.20713039,23613664
1/19/2021,80.56037903,81.53049651,78.86267034,79.22646286,22934496
1/20/2021,79.46900177,80.60080354,79.22646929,80.51996144,25599184
1/21/2021,77.69043732,80.1561613,77.28622068,79.79236262,22667011
1/22/2021,76.03315735,78.01381655,75.10345778,77.85213235,26029669
1/25/2021,75.34597778,77.04369257,74.94176115,76.84158426,18599824
1/27/2021,73.80996704,75.26514336,73.40575037,75.18430126,22812859
1/28/2021,74.05249023,74.90134768,73.04194859,73.40574728,32227832
1/29/2021,71.91014099,74.86092383,71.26339804,74.37586507,36962884
2/1/2021,74.37588501,74.69925966,71.46552553,72.23353491,29033297
2/2/2021,76.11399841,77.08411593,75.10345676,75.10345676,29279584
2/3/2021,78.37760162,79.3073011,76.23525843,76.88200134,31420256
2/4/2021,80.07531738,81.0050107,78.41802672,78.66055917,39264443
2/5/2021,80.43910217,82.46018514,79.3477186,81.16669328,54911202
2/8/2021,81.08586121,81.61133791,77.6904377,77.77127979,53737961
2/9/2021,80.80289459,81.81343608,80.43910213,81.16669323,28074809
2/10/2021,80.72207642,81.24755938,79.75195877,80.84334266,19070866
2/11/2021,81.09714508,81.59722896,80.22199352,81.59722896,18452535
2/12/2021,79.97193909,81.59721946,79.01344774,81.51387322,21660998
2/15/2021,79.34682465,80.59703726,79.18013217,80.38866849,12574055
2/16/2021,81.68055725,82.63905486,79.59686957,79.88858457,32865663
2/17/2021,82.80574799,83.47253059,80.84708282,81.55553536,28774857
2/18/2021,86.18133545,86.88978809,82.97245726,83.09747345,50705280
2/19/2021,86.84809875,88.9734627,84.5143724,86.38969129,61069583
2/22/2021,85.05614471,88.59841423,84.51438458,86.93146387,30636415
2/23/2021,86.18133545,86.80644184,83.80593244,85.13949147,31233104
2/24/2021,86.01463318,87.26484591,85.09781178,87.09815342,16153025
2/25/2021,90.01531219,91.8489549,85.84793663,86.34802043,68361756
2/26/2021,89.43188477,92.47406393,87.34819692,89.26518592,67331805
3/1/2021,90.39037323,91.51556972,89.3068594,91.26552464,27205189
3/2/2021,93.80762482,94.76611609,89.93196434,90.39037183,53649872
3/3/2021,93.93265533,95.59960578,93.34922522,95.39123698,31702057
3/4/2021,92.3490448,94.1826875,92.09899972,92.93247483,28057179
3/5/2021,90.59875488,93.64094074,90.34871613,92.51575045,24778407
3/8/2021,92.14067078,94.4327272,91.26551942,92.22401701,28163362
3/9/2021,91.26552582,93.22419108,89.55689927,92.84912982,20611697
3/10/2021,91.39053345,92.18233214,90.80709714,91.97396339,13207045
3/12/2021,90.93214417,93.4325698,90.51540656,92.51574834,21763020
3/15/2021,92.09901428,92.5157519,89.76528106,91.64060036,20350674
3/16/2021,91.3072052,92.8908029,91.09883641,92.14068035,15360040
3/17/2021,88.80677032,91.59891051,88.47337903,91.43221168,18850429
3/18/2021,86.51472473,90.22368667,86.01463454,89.51523406,20023557
3/19/2021,90.43206787,91.30721946,85.01447855,85.30619363,72249183
3/22/2021,91.55725098,92.14068744,89.05682533,90.68210582,31980425
3/23/2021,90.55708313,91.84896589,90.09866922,91.6822734,14060206
3/24/2021,88.34837341,91.18219044,88.01498205,90.01532385,15196366
3/25/2021,85.84793091,88.76509361,85.55621591,88.34835608,22543755
3/26/2021,86.84809875,88.13998764,86.43136122,88.13998764,17402475
3/30/2021,89.76526642,90.59874152,87.18149486,88.22333874,36129962
3/31/2021,88.80677032,90.84878168,88.43170273,89.76526156,23063667
4/1/2021,89.93196869,90.64042128,89.14016349,89.59857736,13753303
4/5/2021,88.59841156,89.84862429,86.47304737,89.51523296,15666099
4/6/2021,88.39004517,90.09866547,88.18167637,89.80695042,17393454
4/7/2021,87.88993073,89.4735344,87.72323828,89.09847322,15692013
4/8/2021,87.51487732,88.72341356,87.26483227,88.34835234,11394998
4/9/2021,85.68125153,88.30669327,85.34786018,88.30669327,19751417
4/12/2021,82.55571747,84.59772907,81.7222423,84.59772907,20221362
4/13/2021,83.84759521,84.30600907,82.72240508,83.0141201,19192856
4/15/2021,84.47270203,85.84793724,82.76408185,84.34767949,13865351
4/16/2021,85.38952637,85.764594,83.76425237,84.93111885,14654851
4/19/2021,82.55571747,83.68090767,82.22232613,83.34751633,11652043
4/20/2021,82.55571747,84.09764525,81.80558855,82.68073366,16528675
4/22/2021,82.47236633,83.13914902,80.88876858,81.72224376,18614270
4/23/2021,85.4728775,85.84793877,81.6805631,81.6805631,29484794
4/26/2021,85.34785461,86.63973725,84.05596562,86.63973725,24369413
4/27/2021,85.05614471,86.30635749,84.76442331,85.05614471,17763436
4/28/2021,86.34801483,86.63972983,85.13947854,85.72290854,15160578
4/29/2021,85.88961792,87.51489194,85.55622658,87.1815006,11588556
4/30/2021,85.38952637,88.05665066,85.0561414,85.22283388,15321193
5/3/2021,86.8897934,87.18150846,84.22267518,84.51439024,12186212
5/4/2021,86.47303772,88.39003291,86.26466895,86.93145155,12992684
5/5/2021,86.59806061,88.05664197,85.68123931,87.30651314,14956169
5/6/2021,85.88961792,87.59823819,85.55622658,87.51489194,13547274
5/7/2021,87.55656433,87.93162559,86.1396528,86.68141291,13229291
5/10/2021,89.76526642,90.01531149,88.01496997,88.34836128,23980945
5/11/2021,93.93265533,94.51609181,88.93180398,90.01532432,45613487
5/12/2021,94.43273926,97.30822605,93.1408502,95.18286182,62158914
5/14/2021,92.84912109,94.97447864,91.80727729,94.97447864,16227312
5/17/2021,92.97415161,93.55758165,91.64058634,92.68243023,12832920
5/18/2021,93.43256378,95.18286034,93.14084875,93.84930136,14892142
5/19/2021,93.30754089,94.30771489,92.47406574,94.30771489,12610425
5/20/2021,93.14084625,93.97432139,92.43239366,93.34921504,10303689
5/21/2021,94.05767822,94.30772333,92.72411913,93.59927066,12171685
5/24/2021,94.09934235,94.97448741,93.39088977,93.64092849,11341268
5/25/2021,94.43273926,95.72462196,94.22437047,94.93282309,15289982
5/26/2021,92.59908295,95.01616202,92.43239047,95.01616202,17466748
5/27/2021,91.93231201,93.0575022,91.09883686,93.0158259,34169451
5/28/2021,90.80712128,92.515748,90.30703742,91.93231789,13383166
5/31/2021,92.09901428,92.80746697,89.84863367,90.80712511,14754293
6/1/2021,91.84895325,92.89079712,91.26552322,92.47405957,10271211
6/2/2021,92.64076996,92.80746246,91.72394851,91.76561845,6492771
6/3/2021,93.18252563,93.51591061,92.05732908,93.01582679,12140851
6/4/2021,93.14084625,94.18269017,92.5574162,92.93247747,8930671
6/7/2021,97.01651001,97.30822504,93.34921803,93.47424058,28407410
6/8/2021,96.84980774,98.76680309,96.68311526,97.93332795,43191813
6/9/2021,98.43341064,100.8504898,96.51642168,97.09985172,49807823
6/10/2021,98.76681519,99.93368178,97.76664745,99.47526786,22144392
6/11/2021,99.01685333,99.64195971,97.97500936,99.10019958,13871562
6/14/2021,98.51676941,99.10020588,96.89149526,99.01685963,14179055
6/15/2021,98.18338013,99.14187151,98.01668127,98.51676512,8148417
6/16/2021,99.85033417,100.5171105,97.39157845,98.18338372,21585917
6/17/2021,97.84996796,100.5170855,97.47490038,98.51674415,14466025
6/18/2021,94.64110565,98.47509006,94.09934553,97.8499837,43927941
6/21/2021,98.35006714,98.72512841,94.22436771,94.3910602,34597018
6/22/2021,98.60011292,99.10019673,97.47491637,98.7668054,16712010
6/23/2021,97.7249527,99.05851155,97.47490763,99.05851155,12590251
6/24/2021,98.35006714,98.76680471,96.43307176,97.68328448,14046692
6/25/2021,96.72479248,99.26688784,96.43307109,99.26688784,12768348
6/28/2021,96.80812836,98.2250334,96.68310583,97.43323464,10709748
6/29/2021,98.01668549,98.80849077,96.18304253,96.8914952,33488455
6/30/2021,97.01651001,98.72513027,96.80814122,98.22504645,16739618
7/1/2021,97.80831146,98.18337911,96.43307614,97.34990393,12479506
7/2/2021,97.93332672,99.2252157,97.51658916,97.97500302,17215972
7/5/2021,98.85015869,99.2668963,97.72496843,98.26672859,16409169
7/6/2021,98.05834198,99.14185574,97.55825822,98.43340321,14979094
7/7/2021,97.89164734,98.51675366,97.39156355,97.55826239,14545289
7/8/2021,97.89164734,98.93349121,97.68327857,97.8083011,12037089
7/9/2021,98.18338013,98.68346397,96.89149104,97.51659743,9585144
7/12/2021,98.22503662,98.97516546,97.64160661,98.35005915,7651672
7/13/2021,99.93366241,101.6839588,98.43340474,98.47508104,30663035
7/14/2021,100.642128,100.8088205,99.85032911,99.9753453,9539611
7/15/2021,100.2670593,101.0171818,99.35023161,100.6421206,11278872
7/16/2021,99.26687622,100.6837876,98.6001,100.1420276,17198632
7/19/2021,101.183876,101.5589373,98.76679703,99.26688081,14364285
7/20/2021,98.7251358,101.6839753,98.516767,101.6839753,11360716
7/22/2021,99.35023499,99.76697256,98.80848123,98.97517371,9520328
7/23/2021,98.76681519,100.1003743,98.60012268,99.51694417,10442400
7/26/2021,99.4752655,100.0170257,98.39175154,98.51676774,5370055
7/27/2021,99.05850983,99.68361612,98.51674976,99.43357742,5280342
7/28/2021,97.34989929,99.64195594,96.51642415,99.64195594,11010096
7/29/2021,97.30822754,98.55844031,96.05801477,98.10002642,11897018
7/30/2021,98.51676941,99.97535106,96.89149526,97.47492537,14546264
8/2/2021,98.14169312,98.97516822,97.51658679,98.85014568,11742555
8/3/2021,98.05834198,98.76679451,97.09984439,98.76679451,21122697
8/4/2021,98.22503662,99.0585117,97.14152284,98.39173545,9432176
8/5/2021,97.09985352,98.18337374,96.64143965,97.55826738,11045322
8/6/2021,98.05834198,98.93348698,97.05816809,97.09984439,8434733
8/9/2021,97.26656342,99.26690538,97.14154721,98.76682148,7816050
8/10/2021,95.30788422,97.68328717,94.72445414,97.43324844,9774255
8/11/2021,97.47491455,97.76663594,95.47457931,95.5995955,8056886
8/12/2021,99.3085556,99.51692437,97.0998454,97.47490664,8640167
8/13/2021,98.55844879,99.55861655,97.68329723,99.55861655,9744939
8/16/2021,99.05850983,99.51692365,98.43340353,98.55842606,8768804
8/17/2021,97.84996796,99.60026421,96.84979412,99.47524169,8758578
8/18/2021,97.14152527,99.10019048,96.76645766,97.84997783,9357721
8/20/2021,95.14118195,97.51658466,94.55774557,96.93315465,11684504
8/23/2021,94.51608276,96.47474808,93.51590877,96.2663793,6271685
8/24/2021,94.97450256,96.9331745,94.7244638,95.18287138,11791078
8/25/2021,95.01616669,96.05801062,94.8494742,95.59959675,9491958
8/26/2021,93.97432709,95.43290866,93.3075444,95.09951732,11668986
8/27/2021,94.51608276,95.09951282,93.43256253,93.93264635,8095717
8/30/2021,95.80797577,96.26638969,94.39107041,94.39107041,9915170
8/31/2021,96.64144135,96.97483268,95.59959741,96.05801128,11386659
9/1/2021,96.18302917,97.266543,95.64126908,96.68311297,7508413
9/2/2021,97.09985352,97.266546,95.84964081,95.93298705,5700524
9/3/2021,97.51657867,98.26670747,97.09984116,97.51657867,9364904
9/6/2021,97.05818939,98.0583635,96.59978182,98.0583635,7005043
9/7/2021,96.55809784,97.43324932,96.05801401,97.26655047,7723357
9/8/2021,97.71473694,98.18595708,96.30106346,97.54337881,10508654
9/9/2021,98.14312744,98.31447904,97.24351521,97.62905958,5757417
9/13/2021,98.52867889,98.95706445,97.80042475,98.22881031,6322443
9/14/2021,99.29975891,99.51395166,98.35731213,98.74285646,7369292
9/15/2021,106.4109497,106.9678521,99.38543051,99.38543051,48721413
9/16/2021,106.239624,107.6961324,105.3828529,106.6680096,17684303
9/17/2021,106.0254135,106.8393434,104.1405199,106.3681232,15763396
9/20/2021,105.1257935,106.1967571,104.3547048,104.9544419,7431359
9/21/2021,106.3252869,107.4390919,104.6117448,104.7831029,8629222
9/22/2021,106.5823288,108.8099324,106.239619,106.7536804,11698183
9/23/2021,108.1245041,108.8099235,106.7965129,106.9250298,11053966
9/24/2021,106.453804,108.5528905,106.1967701,108.3815389,8598140
9/27/2021,108.6813965,109.4953328,106.667986,107.3534054,8490460
9/28/2021,113.0509338,114.507442,109.1097884,109.2383054,35900138
9/29/2021,120.5048447,123.5892257,111.8943059,112.5797123,75859390
9/30/2021,121.5329666,122.6895996,119.1768465,121.4472843,34614825
10/1/2021,119.8622437,123.6748846,117.9773503,120.7618557,22452069
10/4/2021,124.7030411,127.958774,120.3763442,122.9038165,58612212
10/5/2021,124.5745087,126.6736083,123.546386,124.7030322,24390676
10/6/2021,122.7752686,126.202352,122.3468831,125.4740916,14421296
10/7/2021,122.3469086,124.7886982,121.8756819,123.5463828,10035682
10/8/2021,120.8903885,123.2893367,120.2049691,122.9894747,10686586
10/11/2021,124.0604477,125.7311486,121.1902595,121.6614862,17449923
10/12/2021,123.8462524,125.3027605,123.2036742,125.0885678,16030831
10/13/2021,125.3884354,126.159524,123.9747554,124.6601748,19100941
10/14/2021,128.0015869,129.0297226,125.8168312,126.3737272,29263867
10/18/2021,128.1300812,129.9721332,127.4018207,129.586589,25346029
10/19/2021,128.2157745,130.3148739,126.8877899,129.3295794,20234486
10/20/2021,125.3027496,129.0725365,124.4888199,129.0725365,16129487
10/21/2021,126.7164383,127.2733473,125.0028961,126.5450867,20818539
10/22/2021,124.1461182,126.8877959,123.3750295,126.6736032,11379569
10/25/2021,123.2893372,125.3027542,122.6467589,123.9747565,14079380
10/26/2021,122.6896057,124.7886921,122.0470275,124.4888301,16224116
10/27/2021,121.0617676,123.8462738,120.6762232,123.3750471,15072448
10/28/2021,117.6775055,121.5329751,116.7778933,121.0617484,19999659
10/29/2021,113.6506729,117.2919498,110.1379195,112.2370059,29217522
11/1/2021,115.0643539,115.921125,112.1513245,114.1219006,10043407
11/2/2021,117.0777359,120.6333429,115.6640692,115.6640692,21525811
11/3/2021,117.1634293,119.0483228,116.1353067,118.1915518,9808728
11/4/2021,117.5061569,118.4914516,117.3348053,118.4914516,1026849
11/8/2021,120.2049789,120.4620129,116.9920876,118.8341401,12765483
11/9/2021,118.662796,121.147427,118.2772516,120.590531,9556650
11/10/2021,117.7203217,118.4485822,117.1634258,118.405741,5479056
11/11/2021,117.0777359,118.0201891,115.1071733,117.8059964,11418813
11/12/2021,116.9064026,118.4057519,115.3642121,118.4057519,9306659
11/15/2021,117.5061569,117.9345425,116.5208753,117.6346804,3991733
11/16/2021,115.0643539,118.0630526,114.80732,117.9773703,5762128
11/17/2021,116.9064026,118.2344003,114.8073162,114.8073162,15264066
11/18/2021,115.9211197,117.8916956,115.449893,117.0349246,9942974
11/22/2021,111.5087509,117.2919557,111.1232065,115.6640959,15990636
11/23/2021,114.3789368,114.5931295,109.7952064,111.4230792,11510010
11/24/2021,115.9639587,117.6346596,114.4217683,115.2356982,7570759
11/25/2021,115.8354416,117.1205981,113.3508108,116.0924755,13919886
11/26/2021,110.3949585,114.8501655,109.6666979,114.1219048,13323593
11/29/2021,108.3815308,110.8233333,107.1392154,109.4953357,16077669
11/30/2021,109.0241013,110.9089947,106.8393328,109.4953279,22883512
12/1/2021,109.4096603,113.9077083,107.8246352,111.3802364,17010938
12/2/2021,110.2664337,111.6372727,108.4672158,109.4096626,12916313
12/3/2021,108.8099289,111.5944349,108.2958675,110.2664371,12827354
12/6/2021,106.5394745,109.3239803,106.2396059,108.809919,8158812
12/7/2021,107.3962402,108.2958524,106.2396007,107.1820475,8701301
12/8/2021,109.0241013,109.3668109,106.9678497,106.9678497,12093435
12/9/2021,107.9959717,109.3668038,107.653262,109.0240941,11518172
12/10/2021,108.081665,108.5528852,106.5823158,108.0388239,8389566
12/13/2021,107.7817917,110.180753,107.5247578,109.3239755,13223189
12/14/2021,108.2530289,109.1954758,107.0963892,107.0963892,11649242
12/15/2021,108.5528793,110.0522285,107.8674665,108.0816592,11916145
12/16/2021,109.1526337,109.8380466,108.1673456,109.2811506,10758513
12/17/2021,107.5676041,109.4096565,106.3252822,109.1526291,13041775
12/20/2021,104.3118744,107.4819246,102.0414298,106.6679948,14185935
12/21/2021,104.6974182,106.8393458,103.5407786,105.8540643,10168470
12/22/2021,104.9972839,106.1539234,104.2261888,105.4256694,7885198
12/23/2021,106.7108383,107.4390924,105.211489,105.4685164,9836979
12/24/2021,103.8834915,107.096383,103.583623,106.9250314,8509575
12/27/2021,104.3975449,104.6545788,103.3265811,103.8834836,5097217
12/28/2021,106.3252869,106.7536724,104.4832278,104.526069,6511374
12/29/2021,105.5113449,106.8821771,104.6974086,106.7536602,8960770
12/30/2021,108.7242508,109.5381807,104.740264,105.5970351,32394253
12/31/2021,106.5823288,108.6385808,106.239619,108.6385808,9155163
1/3/2022,107.9531479,108.4243746,106.839343,107.4390866,9034081
1/4/2022,113.8648682,114.2075844,108.5957314,108.8099242,33986738
1/5/2022,113.0937805,113.8220412,111.9799755,113.6078484,16122852
1/6/2022,112.1513138,113.3936421,110.7804881,113.3936421,8037648
1/7/2022,112.5368805,113.265128,110.9090077,112.4940393,8820039
1/10/2022,112.9652634,113.3508077,112.02281,113.0509326,7324926
1/11/2022,113.3508224,114.8073307,112.2370174,113.2222989,11971883
1/12/2022,114.6788025,114.9786645,113.393646,114.250417,10439580
1/13/2022,115.6212387,117.0777467,114.3789234,115.1500121,15114699
1/14/2022,115.9639587,116.6493651,114.2075756,115.1500158,9344382
1/17/2022,117.0349579,117.6775363,115.1928919,115.3642435,9803141
1/18/2022,115.664093,118.0202134,115.1500252,117.0349319,6473378
1/19/2022,115.4927216,115.921107,113.9076901,114.8929845,21136414
1/20/2022,115.5784149,116.8207435,114.9358366,115.2357117,8466412
1/21/2022,114.8929977,116.6065398,113.5650001,114.8501566,12437749
1/24/2022,113.6078262,115.8782639,112.2369876,113.9505294,14284658
1/25/2022,115.9211197,116.2209817,112.2798429,112.4083533,10007486
1/27/2022,115.664093,116.5208641,114.0790613,114.9786736,18760325
1/28/2022,120.0764313,123.3750043,118.2343791,119.9479209,34009553
1/31/2022,121.7043381,122.8609712,118.7056392,121.6614969,27928927
2/1/2022,120.9332199,123.5035329,120.3334828,123.3750225,17413984
2/2/2022,120.9332199,122.3040587,120.5905167,121.6614805,10783943
2/3/2022,120.4923325,122.2117729,120.183725,121.2418328,9571728
2/4/2022,118.3320541,121.1977709,118.0675237,120.800982,7213085
2/7/2022,119.1697083,120.2278297,118.33204,118.33204,10562489
2/8/2022,119.0374527,119.6105906,117.0975858,119.4342415,8721631
2/9/2022,119.0815582,119.5665284,118.0234501,119.301998,5144026
2/10/2022,120.3160019,120.6687135,118.4202256,119.1697126,6081460
2/11/2022,120.9332428,121.4182129,118.5524962,118.5524962,8426925
2/14/2022,116.8330536,120.3159985,116.2158251,118.7729205,7705072
2/15/2022,119.346077,119.7428658,115.2017992,116.4803604,12674466
2/16/2022,117.4502869,120.5364431,117.1416793,118.9492744,12946623
2/17/2022,117.0535049,118.9492814,116.7889746,118.5965832,5811964
2/18/2022,116.700798,118.2438761,116.3039958,117.0534962,6760078
2/21/2022,116.3480835,118.2879504,115.6426737,116.7448723,12212740
2/22/2022,116.4803543,116.8330525,112.7769629,115.5545048,13578566
2/23/2022,114.8050003,117.6707166,114.4963928,116.3921689,9263264
2/24/2022,109.6908188,113.7469088,109.0294995,111.9833908,18045779
2/25/2022,114.9372711,115.510409,110.2198559,110.2198559,10424521
2/28/2022,117.7148132,118.111602,113.5705491,113.7028075,13262687
3/2/2022,115.4663239,119.03745,115.0254444,117.0975832,12587947
3/3/2022,116.4803543,117.6707207,114.849095,116.4803543,15628119
3/4/2022,114.8050003,117.5825488,114.4082115,116.3921689,15883138
3/7/2022,114.6727524,115.0695412,111.8952104,113.7469028,14985637
3/8/2022,117.9352646,119.7428732,115.0695479,115.0695479,28572640
3/9/2022,115.9513092,118.1116161,115.598611,118.1116161,14286413
3/10/2022,117.2298431,119.0374516,116.3480842,117.1857525,13101323
3/11/2022,116.3480835,117.6266312,115.9512947,117.1857518,8669803
3/14/2022,116.524437,117.1857561,115.2899798,116.3480879,5670284
3/15/2022,115.5545044,117.2298409,115.2017928,115.7749441,6895190
3/16/2022,117.0535049,117.2739447,115.9953969,116.7448839,5561866
3/17/2022,117.1857529,118.4202234,116.303994,117.7148136,13995384
3/21/2022,117.1857529,117.6266323,116.1276449,117.1857529,9172207
3/22/2022,117.1416702,118.287946,116.1717301,117.538459,10343712
3/23/2022,117.6707153,117.9352457,116.5685168,117.1857453,11892811
3/24/2022,119.390152,119.6546823,117.582557,117.7148154,11276181
3/25/2022,118.8170242,120.0514814,118.3320541,119.919223,7266868
3/28/2022,118.8610916,119.4783201,117.9793328,119.4783201,7778682
3/29/2022,118.4643097,119.3019779,118.0675074,119.0374476,5116935
3/30/2022,119.3019943,119.8751323,117.6707348,119.0374639,24047012
3/31/2022,119.0374527,119.5665134,118.4202242,118.4202242,11615450
4/1/2022,126.0474319,126.4883114,120.6246201,121.6827281,32589741
4/4/2022,127.2378082,128.7367956,124.7688807,125.0775017,15437496
4/5/2022,131.4702454,132.7928836,127.6345891,128.207727,23958626
4/6/2022,134.9091187,136.9371669,130.7648543,132.5724628,52737388
4/7/2022,135.3499756,139.3178902,134.2036865,134.8650056,37738903
4/8/2022,134.0714417,136.5844464,133.3219412,136.5844464,17585569
4/11/2022,134.9973145,136.319953,133.8951157,134.424163,15583159
4/12/2022,134.5564117,135.4381706,133.0133337,134.6445796,11306524
4/13/2022,135.7467804,137.7307379,134.6886724,134.9532028,19454061
4/18/2022,143.9030457,144.3880157,136.2317461,136.5844443,82098517
4/19/2022,141.6545563,146.6805926,140.640539,145.4020315,38522118
4/20/2022,141.5222931,143.9030393,140.1996548,142.9771898,20047692
4/21/2022,143.4621582,144.0793867,141.390033,142.4922316,21966151
4/22/2022,141.4782104,143.7266983,140.9491632,142.1836202,9922564
4/25/2022,137.6425629,141.8749946,137.0253209,139.84696,12008027
4/26/2022,138.436142,139.7146896,137.5543831,138.9652027,11735823
4/27/2022,137.2457428,140.7287006,136.8489541,138.2597734,17873048
4/28/2022,140.8168793,141.1695909,136.8930553,139.317892,29123808
4/29/2022,137.7307434,141.963189,137.2898639,141.4341283,28941216
5/2/2022,138.8770294,139.6265299,134.9091143,136.3199339,13368198
5/4/2022,139.8910522,142.7567688,138.7006857,139.3179143,24511385
5/5/2022,139.6706085,141.7427474,138.4361514,140.72873,33396072
5/6/2022,140.1996918,141.3900719,137.5985052,137.9512035,22604305
5/9/2022,140.1996918,140.9051017,137.5103239,140.1556011,22958742
5/10/2022,137.069397,142.1836005,136.2317288,140.1555526,20322427
5/11/2022,134.5123291,138.3920631,132.3079317,135.8349675,13794764
5/12/2022,130.9852753,134.9090993,130.5003052,133.2337629,11818556
5/13/2022,127.1055527,132.2638481,126.5324147,132.2638481,22913410
5/16/2022,130.7207336,131.2938714,124.9011206,126.4441984,16286682
5/17/2022,132.7046967,132.9251364,129.0013125,130.0594203,13925542
5/18/2022,130.9411774,133.057393,129.7948883,132.7046949,17611218
5/19/2022,130.5002899,130.9852599,128.5163328,130.0594106,11701170
5/20/2022,131.9111481,133.1015146,130.1917073,133.1015146,17841739
5/23/2022,132.3960876,136.9812445,130.8530096,136.1435628,26055890
5/24/2022,129.5303955,133.8951134,129.0013482,132.3961123,16581141
5/25/2022,134.6005096,135.0413892,129.9712748,130.8530338,19926619
5/26/2022,135.9231262,136.7608079,132.792893,135.0413673,22698086
5/27/2022,132.660614,136.6726194,131.8229458,136.6726194,10245727
5/30/2022,133.0574188,134.4682385,131.2057331,132.3079318,12513990
5/31/2022,137.5543823,139.3179,132.5724501,133.2337693,124665699
6/1/2022,138.2598114,141.2577866,137.7748413,137.9511904,16084988
6/2/2022,140.2437592,140.4641989,136.0113136,137.1135123,17646975
6/3/2022,136.6726227,140.5964469,136.4080923,140.1996581,14063328
6/6/2022,136.8489685,139.8910338,136.3199213,137.3780292,18485464
6/7/2022,138.6565704,139.0533592,135.349975,136.8489622,14911957
6/8/2022,138.4802551,140.8610018,137.6425868,137.6425868,16416591
6/9/2022,136.8048859,139.3179041,136.4080971,136.9371578,13821409
6/10/2022,136.8930969,138.0834771,135.7908981,135.8790794,7908849
6/13/2022,131.293869,136.5844214,130.2798519,135.7908439,19208167
6/14/2022,133.4982758,134.4241252,131.2938788,131.2938788,17034328
6/15/2022,130.6325836,135.5263485,130.1035363,134.5123311,15172295
6/16/2022,126.0474319,132.3960933,125.2097637,132.3520161,18494040
6/17/2022,123.8430252,127.3700605,123.0494476,124.4161765,21387729
6/20/2022,121.0214005,124.6806942,119.0374431,123.843026,16578770
6/21/2022,123.4021606,124.54845,121.4622937,121.8590825,51398446
6/22/2022,121.3740997,123.4021478,120.4041731,123.4021478,8317317
6/23/2022,120.3600769,122.6967324,119.6105765,121.5945338,11257409
6/24/2022,120.4482956,121.5945716,118.993385,121.5945716,21879039
6/27/2022,122.1236191,122.6085892,120.5805409,121.0214204,12872030
6/28/2022,122.2117767,122.8290052,120.9332157,122.1235955,14272044
6/29/2022,124.9893341,126.1797141,120.6246299,121.5063889,53487394
6/30/2022,126.0033493,126.9291989,124.4602711,125.474302,19270932
7/1/2022,124.0193863,126.2678742,123.2258086,125.2097662,9592229
7/4/2022,124.680687,125.3860967,122.8730922,122.8730922,17526429
7/5/2022,124.195755,127.1937301,123.6226036,124.6807117,11370649
7/6/2022,122.5203934,125.2097606,120.0073886,124.7688812,15929985
7/7/2022,123.8430252,125.8710732,123.005357,123.4462364,18144208
7/8/2022,126.7087631,127.1496426,124.3280166,124.3280166,15375888
7/11/2022,127.6786957,129.6185626,126.6205877,126.9732858,16779135
7/12/2022,129.7067566,130.5885156,127.0173889,127.0173889,19138561
7/13/2022,131.0293884,131.6907077,130.0594482,130.2798879,13644449
7/14/2022,130.7648315,131.6465903,129.6185424,131.38206,9775869
7/15/2022,132.043396,132.3960942,130.6325764,130.8971067,11518139
7/18/2022,132.0875092,133.6305875,131.6466296,133.4983156,8286352
7/19/2022,132.9251556,133.3219445,131.6025173,132.0874874,6798359
7/20/2022,132.7488403,134.2478282,132.3961286,134.1155697,7271345
7/21/2022,133.0133514,133.3660497,132.2638509,133.1456099,7521568
7/22/2022,131.3379822,133.4982887,130.6325724,133.1455906,6800124
7/25/2022,132.3519897,132.6605972,129.9271533,131.5583988,7996687
7/26/2022,132.2638245,133.1014927,131.5143241,132.2638245,5774871
7/27/2022,131.9992981,132.7487985,131.4261602,131.8670396,5403197
7/28/2022,132.572464,133.1015113,131.4261747,132.3079336,6030744
7/29/2022,134.8650208,136.1876591,132.6606235,133.101503,11771461
8/1/2022,137.9952545,139.0533624,133.145581,134.8209174,14221965
8/2/2022,140.6846313,141.1696014,138.0393547,138.5243248,18278835
8/3/2022,140.7727966,141.9190858,138.6124901,141.1255082,10147608
8/4/2022,136.4081268,141.5223322,134.9532297,140.8169222,15754128
8/5/2022,137.2016907,138.5684062,134.9091121,136.1435692,33864055
8/8/2022,140.5523682,141.0814289,136.6285436,137.1135137,16964235
8/10/2022,139.9682159,141.2263517,139.2942117,141.0016836,14055597
8/11/2022,138.0810242,140.9567871,137.3620971,140.3726418,15810624
8/12/2022,142.4395599,142.8888961,137.1373988,138.1259301,17998843
8/16/2022,142.6642456,143.6078544,141.0466325,142.8889137,8309725
8/17/2022,145.0906525,147.067729,142.8889079,142.8889079,19674110
8/18/2022,144.5065613,146.1690974,143.6977477,145.090693,9585888
8/19/2022,141.765564,145.2703807,141.2263551,144.7311855,9599472
8/22/2022,140.6422424,142.8439873,140.1929062,141.3611832,11400211
8/23/2022,142.5743713,143.0686439,139.8783541,140.5972948,14362373
8/24/2022,144.5065613,146.4836383,141.9902752,142.7990751,20602844
8/25/2022,142.7990417,145.5399954,142.3946419,145.0008001,12889454
8/26/2022,146.8430634,148.0113402,142.7990376,142.8889103,30724938
8/29/2022,144.6413269,146.8430716,144.4166588,145.405204,10928330
8/30/2022,147.3822784,148.6853507,145.1805337,145.4052018,24663153
9/1/2022,144.4166718,147.606962,144.0572082,145.1356125,14554158
9/2/2022,145.4052124,149.5390977,144.9109398,146.4836167,25106698
9/5/2022,147.831604,148.3708129,145.7646548,146.124132,15226001
9/6/2022,151.3813477,151.7408248,148.1011992,148.9998715,27866331
9/7/2022,150.3479004,152.9091086,149.7637551,151.4263046,19415892
9/8/2022,149.8985748,152.0553833,149.1346977,150.9769791,11595205
9/9/2022,149.7188416,152.1901909,149.1346962,150.6624367,16415150
9/12/2022,149.539093,151.0668472,148.7302933,150.4827019,15469466
9/13/2022,150.4377594,151.8307044,148.8650826,150.0333595,15644741
9/14/2022,154.8862152,155.5152832,148.2809667,148.2809667,38751148
9/15/2022,157.3575439,158.301139,155.1557856,156.7284623,29483891
9/16/2022,155.2906036,156.9980758,153.9425949,156.3240715,26126152
9/19/2022,153.6730042,156.4588945,153.2686043,155.9196855,13304030
9/20/2022,154.4817963,155.6051369,153.5831238,154.4817963,15395199
9/21/2022,151.5161896,154.616607,151.111776,153.6729981,7370283
9/22/2022,151.5610962,152.4597686,149.9434968,150.0782922,7447846
9/23/2022,147.3373718,151.4263349,146.1690947,150.2131214,12264388
9/26/2022,142.5294495,147.2474796,140.7321046,145.98933,21951865
9/27/2022,142.888916,145.2703925,141.5409074,143.2483795,8367800
9/28/2022,141.9452972,143.2933058,139.2942165,141.8105019,14261815
9/29/2022,143.3832092,145.3153497,141.990264,142.6642684,17623352
9/30/2022,143.473053,145.1805389,141.4510399,143.7875938,12015533
10/3/2022,144.1021118,147.472133,142.8439623,143.6527757,10528629
10/4/2022,146.0791931,147.3822653,145.000789,145.5399842,9013773
10/6/2022,146.3937378,148.3708282,145.9444016,147.6069511,6456408
10/7/2022,147.651886,148.1461586,145.000805,146.5734818,8825983
10/10/2022,147.3373718,148.8201899,145.4501676,146.2140311,10484521
10/11/2022,144.7312164,147.7417612,144.057212,147.7417612,13805741
10/12/2022,148.2809601,148.5505646,144.8210655,145.4950699,12496248
10/13/2022,148.0562744,149.8985555,147.6069382,148.1461471,9447511
10/14/2022,148.3708344,150.5276429,148.1461662,149.4043022,9588164
10/17/2022,151.3813477,151.9205565,147.3822586,148.3708036,13426449
10/18/2022,150.0333557,152.2800367,149.5390831,151.8307005,20635735
10/19/2022,147.4272003,151.066826,147.2474686,149.6289448,6947654
10/20/2022,150.0333557,150.8870918,145.1355938,147.3822749,12020720
10/21/2022,148.325882,151.3813626,147.8316094,150.5276266,7414335
10/24/2022,150.0333557,150.9320281,149.4042878,150.0333557,685185
10/25/2022,152.1901855,152.5047127,148.6853547,150.4826997,8131380
10/27/2022,153.3584442,154.1223213,150.5725679,152.6844399,16225577
10/28/2022,156.4139557,156.9980873,152.6844565,153.3584609,16185760
10/31/2022,155.5601959,156.3689956,151.92057,152.6844333,24233760
11/1/2022,163.3786316,164.4120993,155.9196485,156.3689847,41101936
11/2/2022,162.6147919,164.1874688,161.7610557,163.468528,22146420
11/3/2022,160.0984955,163.4235946,159.2896957,161.1769134,16719953
11/4/2022,159.0200653,161.3116825,158.4808701,160.9072827,14881752
11/7/2022,158.0315399,161.3116885,157.1328676,159.8288846,12799401
11/9/2022,155.8297882,159.7390186,154.7963204,159.7390186,14929008
11/10/2022,154.6615295,156.5487334,153.2685845,155.9196654,10668583
11/11/2022,154.0774078,156.0095621,152.4597945,155.470353,16963169
11/14/2022,154.0774078,155.8298166,153.7628807,154.8862214,10224241
11/15/2022,154.6615295,156.503797,154.0324479,154.8412613,13899999
11/16/2022,152.7293701,155.4253873,152.0104295,154.661524,9781274
11/17/2022,151.2465973,153.4932787,150.5276565,152.7294016,12778124
11/18/2022,149.0448303,151.9205794,148.370826,151.4712432,11134908
11/21/2022,147.7417297,149.3593427,147.5170616,148.2809386,12788632
11/22/2022,150.1232605,150.5276604,148.1461835,148.5056471,15198091
11/23/2022,151.0219116,151.2016434,149.4042984,150.8421799,12004998
11/24/2022,152.3249817,152.7743179,150.6175095,151.606041,10986350
11/25/2022,152.5496521,153.8976608,151.5161842,152.9989883,12358833
11/28/2022,153.1337585,154.481767,152.2350862,152.7742951,5471921
11/29/2022,152.9091034,154.2121893,151.920572,153.6729804,7693168
11/30/2022,154.7514191,155.3355645,152.5496739,152.8642148,9133076
12/1/2022,154.7514191,156.0544916,153.5382193,155.9196962,9214914
12/2/2022,154.7064514,155.3355331,153.807779,154.9311195,6376672
12/5/2022,157.4024963,157.8518326,154.0324742,155.5152922,9861212
12/6/2022,157.447403,158.1663436,156.2342034,157.8068801,7008295
12/7/2022,154.4368439,157.2676562,153.9425714,156.4588566,7718718
12/8/2022,153.0888519,154.9760558,152.7743111,154.4368606,4225180
12/9/2022,152.3249817,154.3469947,150.976973,153.8527221,6174919
12/12/2022,151.7857666,152.7743118,150.5725671,152.7743118,7153044
12/13/2022,152.0553741,152.7743148,151.0219063,152.5496467,5166993
12/14/2022,154.2121887,156.0993925,152.2800348,152.729371,8562333
12/15/2022,154.6615295,156.413938,154.3020523,154.5716568,10644546
12/16/2022,152.594574,155.5601956,151.9205697,154.4817778,9433166
12/19/2022,154.391922,154.7963218,152.3249727,152.5945772,7706855
12/20/2022,152.5496521,154.0773926,151.4712479,153.8077881,7387632
12/21/2022,150.9320374,153.7179275,149.7188378,152.7743186,8454254
12/22/2022,149.0897522,151.5611014,147.8765526,151.426306,6979001
12/23/2022,146.4835968,149.4941547,145.8994652,147.6518736,5313321
12/26/2022,148.8650818,150.7522994,145.4950602,145.5849329,8321609
12/27/2022,148.4607086,151.1567264,147.8765769,150.078322,9244387
12/28/2022,149.0448303,150.6175071,148.1012215,148.2809533,9652984
12/29/2022,149.853653,150.4377846,147.3823034,148.2809759,19571340
12/30/2022,149.5840454,150.7972589,149.1796455,149.8536499,8626291
1/2/2023,150.9769745,151.4712471,149.5390931,150.1232384,7322962
1/3/2023,150.6175232,152.055391,149.8985824,150.9769867,9629995
1/4/2023,149.7188416,151.4263138,148.0113556,150.8421822,11995082
1/5/2023,152.6844482,153.0888618,150.2130989,150.976976,18887530
1/6/2023,151.8756256,154.706438,151.4712258,153.1786978,13216749
1/9/2023,153.1337585,153.6729674,152.2800226,152.9989632,6012344
1/10/2023,150.9320374,153.4033866,150.2130966,153.1337821,7557693
1/11/2023,149.2245483,151.6958973,148.7302758,151.3813565,8463293
1/12/2023,149.1346741,150.2580145,148.7752106,149.9884101,7628932
1/13/2023,150.7972412,151.1117683,148.7302918,149.3593598,5090393
1/16/2023,149.1346741,151.5610867,147.9663973,151.5610867,10321015
1/17/2023,150.7073517,151.1566879,148.9998797,149.7188203,13015434
1/18/2023,152.2800446,152.5047127,150.1681725,150.527636,5536057
1/19/2023,151.6060333,153.1337737,150.3478974,153.1337737,6812613
1/20/2023,151.6060333,152.6844375,150.6624245,152.6844375,8545359
1/23/2023,149.9434967,152.3249731,149.1796197,152.2351004,7787735
1/24/2023,149.2245483,150.5725569,148.6404031,150.2580161,7033092
1/25/2023,149.0897522,149.7188339,147.7417435,149.1796249,9257370
1/27/2023,149.449234,150.1232384,147.3822846,149.4042976,13756671
1/30/2023,151.74086,154.7963411,150.1681831,150.6175193,30768122
1/31/2023,153.807785,155.1557937,150.3928407,152.6395218,24990701
2/1/2023,152.7743073,156.1892651,150.2580218,154.7963201,13878016
2/2/2023,149.9884338,153.5382012,148.7302978,152.7743241,19898080
2/3/2023,152.6626892,153.4926227,149.8962255,151.6944241,11730514
2/6/2023,153.1237488,153.8614752,151.2794399,151.6944066,7588936
2/7/2023,152.3860321,154.6453078,151.5099881,153.5387252,8699758
2/8/2023,152.6165771,152.8471158,151.3255664,152.7087982,8839686
2/9/2023,153.077652,153.6770468,151.8327377,153.0315414,5507650
2/10/2023,152.1554871,152.8932134,151.3255537,152.2477081,9468345
2/13/2023,154.7836304,155.106376,151.9710565,152.2477056,9829152
2/14/2023,153.1237488,155.3830244,152.0171663,155.3830244,12916373
2/15/2023,152.8932037,153.538709,151.4177511,153.0776318,11855678
2/16/2023,154.3686676,154.6453168,152.7088007,153.0776568,7923121
2/17/2023,154.9680481,156.4434867,153.4925954,153.9997832,10182025
2/20/2023,154.8297424,156.7662726,154.2303476,154.6453143,6679716
2/21/2023,159.7632751,160.6854297,155.8902289,155.8902289,26883881
2/22/2023,157.2273407,159.717155,155.3830317,159.4866164,12225021
2/23/2023,156.3973999,158.2878053,155.8441016,157.6423,11184381
2/24/2023,157.6884308,157.8728589,156.2129779,156.9968149,8338893
2/27/2023,158.9794312,159.9938067,157.2273432,157.826738,17669762
2/28/2023,157.2273407,159.5327269,156.6279459,159.3482988,19044910
3/1/2023,158.8411102,159.5788366,156.7201521,157.6423066,9318790
3/2/2023,157.5039978,158.7950085,156.99681,158.7950085,7725981
3/3/2023,159.1638794,161.3770447,158.1495038,158.610581,12962719
3/6/2023,163.0369263,163.6824316,159.256087,159.4405151,12402804
3/8/2023,164.9273529,165.203988,161.7920189,162.0225575,22099710
3/9/2023,165.4806213,168.0165462,164.1435001,164.5123563,18874546
3/10/2023,166.6794281,166.9099667,163.9590751,164.1435032,12399692
3/13/2023,165.7111816,167.4171733,165.480643,167.1866347,13669178
3/14/2023,164.0513,166.909985,163.4057946,164.742916,9217542
3/15/2023,164.3278961,165.5728101,163.9129295,165.480589,8548173
3/16/2023,165.618927,165.9877831,163.1752095,164.3279025,9405016
3/17/2023,163.1752319,167.5554657,162.2069669,167.5554657,47276890
3/20/2023,162.2991943,163.7285366,161.3309293,163.7285366,5627841
3/21/2023,163.3135529,163.7285195,161.6536721,163.0830143,12894327
3/22/2023,160.7776794,163.9591104,160.2704915,163.9591104,7893205
3/23/2023,161.008194,162.1608872,160.1782464,160.5010061,5759884
3/24/2023,159.2560577,161.5614437,158.9333122,161.5614437,4977283
3/27/2023,157.9189606,160.4087749,157.4117728,159.2099713,12077986
3/28/2023,158.6105652,159.5327196,157.2273335,158.0111704,8750986
3/29/2023,160.454895,161.7459058,158.3339367,159.2099807,20272070
3/31/2023,161.4692383,163.4518646,161.0081611,161.1925892,8125121
4/3/2023,163.9590759,164.2357251,161.7920072,161.9303388,9098662
4/5/2023,162.2069702,164.4201494,161.5153543,164.4201494,10829323
4/6/2023,161.5614624,162.8524871,161.2387168,162.668045,7159274
4/10/2023,163.7746429,164.1434991,161.5614637,162.1608726,10968456
4/11/2023,164.2357178,165.757267,162.8063755,164.2357178,9208605
4/12/2023,162.1147919,164.4201785,161.6537145,164.1435293,7591360
4/13/2023,159.5788269,162.3914007,158.8872111,162.2991797,9944382
4/17/2023,156.3973999,160.4087633,156.0746402,158.9333246,17401126
4/18/2023,156.8585205,157.4579154,155.8441447,156.7662994,16199789
4/19/2023,154.092041,156.7201732,153.8153918,155.6135905,16314641
4/20/2023,156.4895935,156.9506707,153.8153515,154.0920006,15498083
4/21/2023,156.4895935,156.7201321,155.29079,156.443483,6672391
4/24/2023,157.6423187,157.9189679,155.1063937,155.3830429,8088991
4/25/2023,157.7806244,159.0255244,157.0890086,157.9650525,9175412
4/26/2023,156.6279449,158.3339223,156.3051852,157.7806381,9032416
4/27/2023,157.6423187,158.011189,155.6596921,156.7662747,9054900
4/28/2023,158.6105652,159.0716424,156.3974001,158.5183441,21552892
5/2/2023,161.9303284,162.2991845,159.1177545,159.2099615,8893428
5/3/2023,162.6219482,164.7428923,161.4692551,161.9303324,11194149
5/4/2023,162.6219482,163.6363097,161.192606,162.7141552,4671155
5/5/2023,160.6854248,162.6680514,159.5327317,162.6219549,5958697
5/8/2023,163.2674561,163.7285333,160.9159593,161.1926084,6287186
5/9/2023,162.2991943,164.7428982,161.5614679,163.4057769,7918748
5/10/2023,163.2674561,163.5441052,161.330926,162.299191,6231734
5/11/2023,165.5728302,165.9877969,163.1752231,163.7746319,12125975
5/12/2023,161.3309326,165.2961999,160.9159659,165.1578824,8920297
5/15/2023,162.2530975,162.990824,160.3165813,160.4548989,7980565
5/16/2023,163.636322,164.1435098,161.8381235,163.1291342,7874923
5/17/2023,162.2991943,164.0051858,161.4231504,163.6363156,6639494
5/18/2023,161.4692383,163.8668312,161.0542576,163.221326,6921939
5/19/2023,159.8094025,161.6998223,159.4866427,161.3770625,6657753
5/22/2023,160.5470886,163.2674413,159.6710307,159.8093623,13339834
5/23/2023,160.5932007,161.9764324,159.3483006,161.3309271,8359389
5/24/2023,161.3309326,161.6536923,159.9477008,160.4548886,8507023
5/25/2023,160.9159546,161.8842196,159.901579,161.3309213,7986243
5/26/2023,160.9159546,163.4518794,160.5470984,161.3770318,6926193
5/29/2023,162.5758514,163.9590833,161.1926196,161.3309372,9943211
5/30/2023,163.0369263,164.1435089,161.9303436,163.2213544,9727639
5/31/2023,160.3165741,163.2213553,158.564472,163.2213553,41785992
6/1/2023,160.8237457,161.1003949,158.4722629,160.0860334,11602551
6/2/2023,160.9620514,162.2069514,159.9015654,162.2069514,7262018
6/5/2023,160.5470886,162.4836044,160.0399009,162.1147483,12239684
6/6/2023,161.7458801,162.0686398,160.0399029,160.9159468,4889564
6/7/2023,163.5441132,164.143508,161.7459006,162.2530884,6270083
6/8/2023,167.8782196,169.9991776,164.2357124,164.8351071,27382635
6/9/2023,168.5698395,169.9069606,166.4949919,169.676422,10235269
6/12/2023,171.2440796,171.9356954,168.4315057,168.5698373,17450400
6/13/2023,170.9213409,172.1201305,170.5985812,171.5207357,8332566
6/14/2023,172.6272888,173.7338712,170.9213117,170.9213117,15061573
6/15/2023,172.1662445,172.7195428,170.9213444,172.4428937,9840499
6/16/2023,173.5494843,174.0105615,171.5668576,172.3506805,8562558
6/19/2023,171.3824158,173.5494704,170.7830069,173.5494704,5363723
6/20/2023,172.9039612,173.3650384,170.1836083,171.5207295,6035600
6/21/2023,172.9039612,174.0105437,171.9818067,172.9039612,5906854
6/22/2023,170.1375275,173.3189581,169.0770553,172.9039913,6683123
6/23/2023,172.1662445,172.9039709,169.4458915,170.1836179,15255365
6/26/2023,170.5063629,172.8117492,170.0913962,172.8117492,7231775
6/27/2023,171.5668488,172.3967822,170.4141556,170.5063626,6787438
6/28/2023,174.379425,175.7626568,170.8752351,171.566851,32476741
6/30/2023,174.4255066,176.7308927,173.3650346,173.4572557,9579059
7/3/2023,176.3620605,177.6069748,174.0105636,175.2093673,7352149
7/4/2023,178.9440918,179.6357077,174.2872085,176.2237387,13258826
7/5/2023,178.3446655,179.5895797,177.3764146,178.8979638,6558910
7/6/2023,181.4339142,181.8027704,177.7452959,178.4369118,16276609
7/7/2023,177.6069489,182.3560385,177.1919681,181.4338841,12652336
7/10/2023,176.6387177,178.2985988,175.0249471,177.6530793,10238356
7/11/2023,177.4225311,177.9297189,175.9470923,177.6530698,11236383
7/12/2023,175.9470978,179.5896056,175.4399099,178.667451,9191559
7/13/2023,173.2728271,176.8692382,172.3967832,176.8692382,10612659
7/14/2023,172.8578491,173.6877966,170.3680349,173.3189263,12369394
7/17/2023,171.9817963,174.2410717,171.336291,173.7799945,9058800
7/18/2023,172.7656555,174.4255224,171.7973905,172.4428958,7177677
7/19/2023,177.5608521,181.2955806,175.3937833,176.1315098,31761232
7/20/2023,177.8835754,179.1284895,176.9153246,177.6991474,8936996
7/21/2023,179.9123535,181.0650467,177.1458899,177.7913953,11031250
7/24/2023,180.6500397,181.6644151,177.929687,180.2811835,9981788
7/25/2023,185.0302887,185.6758081,180.650055,181.2033533,18028061
7/26/2023,185.9063568,186.4135305,184.430904,185.8141357,13857423
7/27/2023,186.2291107,187.1973758,184.9842105,186.0446826,16013422
7/28/2023,193.6524353,194.067402,183.9698135,186.1368821,39630520
7/31/2023,201.3524323,201.9057165,193.3296772,195.6811739,43494779
8/1/2023,207.6230927,209.0063245,201.8135302,202.4590356,63510580
8/2/2023,202.0440674,207.6230911,199.9692196,207.5308841,22647784
8/3/2023,202.9662323,206.1937734,200.9835915,202.0440777,29868065
8/4/2023,200.983551,204.9027073,200.6608054,204.4416301,12879897
8/7/2023,200.983551,204.1188845,200.7069019,202.5973212,12929354
8/8/2023,200.6147156,203.2428475,197.3410643,203.1506405,15314866
8/9/2023,201.6751862,202.5973407,199.6003385,201.4446475,12554174
8/10/2023,200.4763794,203.6578236,199.646446,202.1362603,10970619
8/11/2023,199.1673126,202.4400149,198.8400367,200.9439167,7970536
8/14/2023,199.1673126,200.1023704,198.0452461,199.4478328,9283695
8/16/2023,203.3283081,203.795837,198.2790019,199.1205482,9687712
8/17/2023,201.7387238,205.5257108,201.1776834,205.1984348,11865239
8/18/2023,201.1776733,202.58026,199.447825,201.7854695,14101163
8/21/2023,204.5906219,205.2919152,201.6919375,203.094524,13336739
8/22/2023,207.3023071,207.8633475,204.637401,205.0114184,16930149
8/23/2023,207.3023071,208.4243736,206.6945253,208.4243736,13507905
8/24/2023,206.5074921,207.95682,205.3854114,207.5828027,11182959
8/25/2023,203.749054,207.442543,203.0945165,207.442543,7413549
8/28/2023,204.4971313,205.0581717,203.0945447,203.7490823,4851793
8/29/2023,206.7412567,207.3490385,204.0763366,204.9646386,8799235
8/30/2023,206.0867157,207.5828138,205.4789339,207.5828138,5490930
8/31/2023,205.9932404,207.2555599,204.5438979,207.2555599,18532999
9/1/2023,215.7178192,216.6061212,202.1127262,203.7023357,29859815
9/4/2023,220.4866028,221.1411403,215.5307942,218.522976,21895573
9/5/2023,219.364563,221.5151845,216.6528868,221.5151845,13952922
9/6/2023,216.8399048,220.5333946,213.5672024,220.2061187,14623019
9/7/2023,218.8970337,222.5437534,214.4555092,217.8684644,30334731
9/8/2023,224.6476288,227.780078,219.7385755,220.6736333,28856420
9/11/2023,227.3125458,228.0605806,222.6839985,227.7800747,22493483
9/12/2023,219.832077,229.0423871,218.8970193,228.3410938,21174310
9/13/2023,221.7489319,222.9645098,218.008701,220.7671327,9151928
9/14/2023,222.496994,223.6658162,220.6268785,222.496994,7568464
9/15/2023,220.8606567,223.7593417,220.2996306,220.2996306,14098284
9/18/2023,225.5359497,226.4242518,220.7204075,221.6087096,11163399
9/20/2023,226.0502167,230.0242122,224.7411415,225.8164522,18936709
9/21/2023,223.4320526,227.125528,221.7022043,224.4606219,10134737
9/22/2023,222.496994,223.7593277,220.6736342,223.1047901,7209300
9/25/2023,224.0865784,224.6476187,221.7489341,223.6190495,8027642
9/26/2023,224.6008606,227.4060337,223.5255499,224.1800875,10681642
9/27/2023,223.7593384,224.8814049,222.4035074,224.3203645,9679279
9/28/2023,221.6554565,225.5359407,220.346367,224.0398568,32887087
9/29/2023,229.6034241,235.1670146,223.9463221,223.9930778,35038887
10/3/2023,225.5359497,230.6787679,224.9281678,228.4813905,14885044
10/4/2023,219.8788452,225.3489393,216.4658898,225.3489393,25424437
10/5/2023,218.6632843,221.9827283,216.9801773,221.8424753,22472389
10/6/2023,220.2528687,222.0762285,218.4762503,219.0372907,8825123
10/9/2023,219.4580536,220.9541517,215.5308138,218.6632631,10659145
10/10/2023,220.5801392,221.4684555,218.5697705,219.6450813,11665907
10/11/2023,223.1982727,224.1333304,220.6736197,220.9073842,14313043
10/12/2023,225.9099426,226.9852533,223.1047696,223.4320312,13170027
10/13/2023,226.3307648,227.9671161,224.0398758,224.9281779,11880728
10/16/2023,227.6398163,229.0891587,225.3489276,227.0787902,6936948
10/17/2023,229.9774475,231.1462697,227.4995502,228.9488926,10084205
10/18/2023,226.2839661,230.7722459,225.9099487,229.9306854,6987265
10/19/2023,223.9463348,226.0969706,223.0112771,224.6008724,11485237
10/20/2023,225.348938,226.4242488,222.1229913,223.4320666,9040953
10/23/2023,221.187912,225.2554046,219.7385696,225.1619074,7058625
10/25/2023,216.9801636,220.9541592,213.5204526,220.673639,23949207
10/26/2023,216.6061401,218.1489941,212.9594203,215.8581053,17410264
10/27/2023,221.2346802,222.9645285,216.9334086,216.9334086,10519462
10/30/2023,219.364563,222.9177712,215.6710733,222.0294691,8812268
10/31/2023,220.4866028,221.7956778,218.382723,219.271025,6583581
11/1/2023,217.4944153,221.3281431,217.0268865,221.3281431,6718059
11/2/2023,219.9723358,220.3931089,218.5697492,218.9905223,6057787
11/3/2023,221.2468414,222.0965141,220.255547,220.255547,6825146
11/6/2023,222.6629944,223.9375036,221.435678,222.1909507,5338605
11/7/2023,225.7784729,226.1561165,222.0493309,223.0878327,7002346
11/8/2023,223.4654846,227.4306488,222.7574191,226.4393686,9777991
11/9/2023,224.6455383,226.2976909,222.8045712,223.937473,13987058
11/10/2023,229.1772003,229.649244,222.6157962,224.5511781,9589671
11/13/2023,231.9622498,236.5882862,229.696446,231.2541843,18792969
11/15/2023,233.4727936,235.0305319,232.19827,235.0305319,10965645
11/16/2023,238.240448,240.0342082,233.8032259,234.888935,22145147
11/17/2023,237.5323944,238.9485255,236.9659362,238.854111,5618928
11/20/2023,237.013092,241.1198627,236.3050266,236.9658848,6283832
11/21/2023,236.0218201,238.6652673,233.4727873,238.4764528,6851869
11/22/2023,239.4677429,239.7981792,235.408179,236.7771027,5275418
11/23/2023,238.6180573,241.4031118,237.6267627,239.7981663,8200025
11/24/2023,239.7037354,242.4888041,238.8540626,239.1372917,7149443
11/28/2023,243.1496582,243.8577236,239.4677237,240.6006399,6151585
11/29/2023,243.9521637,245.0378584,241.7807743,245.0378584,8637363
11/30/2023,246.6900024,247.0204388,241.6863512,243.527333,21687673
12/1/2023,253.9122925,260.04886,247.1148524,247.6813105,29121320
12/4/2023,259.4351807,263.4003589,257.9718569,260.568097,20464526
12/5/2023,269.4896851,270.5281579,257.5469597,259.8127919,18883076
12/6/2023,265.3829346,272.1331527,263.3531527,271.8971309,13415314
12/7/2023,267.9319458,272.1331455,265.5717277,266.090993,25133786
12/8/2023,269.1120605,275.579064,265.2885187,270.4338058,20815064
12/11/2023,271.2362671,272.3691834,268.4984197,270.056158,8071675
12/12/2023,267.5543518,272.4636176,265.1469406,271.3779229,8640883
12/13/2023,277.6088867,278.4113668,268.5928636,268.8288855,23629670
12/14/2023,278.8833618,281.810038,277.1840163,281.1019726,24900443
12/15/2023,288.0410461,289.8348063,278.5057585,281.3380204,28843558
12/18/2023,286.2472839,289.4099534,284.8783458,288.8907169,13307504
12/19/2023,292.3366089,295.0272633,285.5863909,287.946609,15650536
12/20/2023,281.0075684,295.8297499,278.6473502,295.02727,23497233
12/21/2023,285.0671692,286.2000567,276.8064054,279.2610093,17868637
12/22/2023,285.8696289,291.675789,282.8485668,287.0025452,15207726
12/26/2023,292.2893982,293.3278999,287.5689623,289.3155293,9917180
12/27/2023,288.9379272,294.7912804,286.5777088,294.1776294,12630732
12/28/2023,296.348999,297.8595445,290.5428679,291.8173915,37591916
12/29/2023,293.7527466,296.7738374,290.9204848,296.7738374,12682889
1/1/2024,292.4310303,295.7825285,290.5900486,294.5552266,8024960
1/2/2024,288.8907166,293.4223241,285.1615602,293.4223241,13506040
1/3/2024,289.0794983,290.7788436,286.3416225,290.0235854,14259987
1/4/2024,299.3700867,303.7600868,291.3453447,293.5167339,40057506
1/5/2024,297.340271,307.4419866,295.2160748,304.8457468,27456415
1/8/2024,298.7564087,300.5501686,295.1216672,298.7564087,10136462
1/9/2024,301.8718872,303.476847,298.378753,300.0781273,12229517
1/10/2024,295.8297424,301.871895,290.7788699,301.7774805,14455000
1/11/2024,295.4049072,299.5588855,294.8856707,297.3403035,10316319
1/12/2024,295.1688538,297.670679,292.3838138,297.5762934,12341629
1/15/2024,299.5588989,300.2197716,292.2894438,297.2930951,9706124
1/16/2024,294.0831604,299.5116618,292.8086369,299.5116618,10162832
1/17/2024,292.0061646,296.5378005,289.92919,292.4310153,13502940
1/18/2024,282.5653381,293.8943866,279.9690979,291.6758043,32481018
1/19/2024,291.2037659,292.1478533,284.831176,286.8137365,28651237
1/23/2024,285.6808167,297.6707078,283.5093986,295.9241694,21652362
1/24/2024,291.5813599,293.3279271,281.574029,286.0112507,23922028
1/25/2024,297.1515198,299.4645455,291.911846,292.6671045,32525422
1/29/2024,306.4035034,307.5364196,298.4731763,300.0309145,24694773
1/30/2024,297.8123474,305.8370894,296.915453,303.8545003,20918448
1/31/2024,299.7476501,302.1078679,295.1216292,300.7389301,20931224
2/1/2024,303.9960938,308.6693372,299.370072,302.1551121,24020951
2/2/2024,313.9090271,315.0419434,305.0346122,305.8842851,32346639
2/5/2024,317.3077393,321.980954,314.4282558,319.1014993,19651482
2/6/2024,318.5947266,320.3106649,313.6375261,320.3106649,12024661
2/7/2024,315.2581482,322.1219305,314.2571599,322.1219305,8080437
2/8/2024,315.4487915,319.5956763,312.6842113,318.3563908,17754869
2/9/2024,309.7289429,319.357334,304.6764355,317.4030694,18304439
2/12/2024,301.3875427,311.4449337,299.8145944,310.9205982,11714289
2/13/2024,306.5353699,308.8233263,301.1491997,303.6754534,15426888
2/14/2024,312.6841736,313.9711417,303.4847822,305.9156994,14085723
2/15/2024,323.4088745,324.9818227,314.7337891,315.5441045,21973316
2/16/2024,321.9789429,326.9361433,321.073291,325.935155,20307449
2/19/2024,322.932251,325.9351576,321.7406191,324.5051993,8496898
2/20/2024,329.5577393,330.3203721,322.0266022,324.6958751,19340526
2/21/2024,320.4059753,331.7979583,319.0713535,330.7969992,17751633
2/22/2024,323.6948242,324.3621496,315.1627587,323.1705179,16083122
2/23/2024,321.9789429,324.1238803,319.2143627,324.1238803,9665454
2/26/2024,321.8359375,322.6939066,318.9283383,322.2172539,7711995
2/27/2024,320.4059753,322.2172499,318.4993644,320.4059753,8882923
2/28/2024,317.7367249,320.7873142,316.3067665,320.0246814,12977628
2/29/2024,319.9293213,320.3106377,315.1627939,317.7367013,13149469
3/1/2024,327.4604492,328.2707647,319.3573522,319.9293414,13027254
3/4/2024,337.3271484,341.5693403,329.6053683,331.7503056,38075510
3/5/2024,341.521698,343.142329,337.0411505,338.3281187,15918221
3/6/2024,335.5158691,342.6656601,328.8903845,342.6656601,13120921
3/7/2024,335.7542114,337.3748133,333.3709477,335.5635387,9172926
3/11/2024,331.7026062,336.6597765,330.5109745,335.8018075,10664917
3/12/2024,328.6520691,333.1326166,326.5547854,331.7503119,9637912
3/13/2024,307.4410095,328.4137296,304.5810932,327.7940868,23722232
3/14/2024,306.8214111,311.6832755,301.7212204,306.0587492,20859127
3/15/2024,301.5304871,310.8252147,291.4731267,307.5839822,43285007
3/18/2024,302.3408508,307.8223578,300.2435961,302.2931972,13690352
3/19/2024,298.8135986,303.0557903,295.6200196,299.623885,13388060
3/20/2024,299.0042725,302.6268509,293.9040821,301.2445463,10026655
3/21/2024,309.8242798,311.111248,302.197836,302.4361623,23370426
3/22/2024,309.585968,311.9692318,306.1540623,309.3476416,14709219
3/26/2024,313.7328491,314.8767983,305.1530995,305.1530995,11208959
3/27/2024,316.1160889,318.4993525,311.0635526,316.4974052,45209520
3/28/2024,320.1199646,324.1238592,314.8767845,316.4020791,19868037
4/1/2024,326.3641357,328.3184003,320.4536302,323.1705566,8580656
4/2/2024,328.6997375,329.4623994,324.8388618,326.9837992,9745257
4/3/2024,334.8485413,337.5654676,326.0304658,328.2707394,21679943
4/4/2024,338.0898132,345.7639405,336.1832021,338.423476,28962927
4/5/2024,337.9944458,341.4740341,335.1345294,339.7580668,11208130
4/8/2024,346.5265198,348.9097833,336.7551392,338.9954128,11447140
4/9/2024,345.9545288,349.7677505,343.5236116,347.956476,10010148
4/10/2024,345.5732422,351.1500852,344.4769467,347.0985368,12886638
4/12/2024,344.8582458,357.0128903,344.1432668,345.5732249,30924494
4/15/2024,344.2862549,348.9097921,336.3261486,338.9000849,18126999
4/16/2024,342.4749756,345.0489119,338.0421112,344.1432601,15328939
4/18/2024,334.7532349,344.3816266,332.8943065,342.7609956,22966560
4/19/2024,334.1812439,335.944865,326.9837987,327.0791351,12867942
4/22/2024,326.8884583,338.4234609,325.9351527,338.4234609,37382916
4/23/2024,330.9400024,332.3699607,327.9370959,329.8437069,14651106
4/24/2024,335.2298279,336.6597859,331.0829437,333.4662071,11132307
4/25/2024,342.4273071,343.7619289,332.7989169,334.6101913,19865014
4/26/2024,339.3767395,344.5245831,338.4234341,343.8572867,10986589
4/29/2024,346.0498962,346.669539,340.2824096,342.9039997,13652173
4/30/2024,346.2405701,348.3855074,342.5226553,347.9088547,14566548
5/2/2024,351.8173828,355.2016348,346.2405689,346.2405689,27892188
5/3/2024,347.908844,362.6373961,343.523633,354.9156159,26844664
5/6/2024,340.1394043,351.6267535,337.8514768,350.6257652,15319437
5/7/2024,332.8466187,341.7123775,330.6540276,341.5217048,10028071
5/8/2024,338.8523865,341.7599561,329.081007,329.081007,9595776
5/9/2024,329.8913269,341.2833382,328.7473779,339.8533801,9043486
5/10/2024,338.9000854,339.7104009,331.3212955,331.4166319,11699095
5/13/2024,334.5149231,339.3767874,330.3203844,338.9001346,10691781
5/14/2024,339.1860657,340.5683702,333.9428857,334.1812121,10891985
5/15/2024,344.4769287,346.5265296,339.9963815,340.8066969,8538183
5/16/2024,344.5722961,346.8602236,336.5645064,346.8602236,13114162
5/17/2024,348.3855286,349.3864878,343.5236644,345.5256119,8509179
5/21/2024,354.6296387,356.631586,348.290163,349.8631113,10939593
5/22/2024,356.3932495,359.7298186,353.2950068,357.489545,14001806
5/23/2024,354.9155884,358.0615137,352.2463449,357.5371782,15370357
5/24/2024,357.4418945,360.4924546,351.4837354,355.5829372,13317821
5/27/2024,352.3894043,362.7327757,350.8164559,362.2084693,21891930
5/28/2024,348.3377991,355.8212525,347.0985136,355.2016098,10200096
5/29/2024,347.5751648,349.2434493,343.189954,344.6199122,18146672
5/30/2024,342.9039917,347.7658264,340.4730453,347.0031936,14425073
5/31/2024,342.2366943,349.529476,338.9001249,346.4789157,30515612
6/3/2024,373.5050659,374.8397168,356.0119341,367.0226005,39261174
6/4/2024,315.7824402,373.6004117,299.290267,373.6004117,84042244
6/5/2024,325.0771484,326.2687802,300.5771875,324.123843,46418629
6/6/2024,333.4185791,342.9516335,328.8903782,331.5596218,33171039
6/7/2024,343.7619629,345.0965847,331.464328,335.5635299,23930193
6/10/2024,347.861145,352.8183449,344.9058924,347.9564814,16072588
6/11/2024,350.2444153,354.5819725,347.8611517,351.5313835,11235777
6/12/2024,353.9622803,356.5362165,348.3377843,352.2939958,12134524
6/13/2024,352.6753845,358.8241876,350.7687735,358.8241876,11243702
6/14/2024,351.2453613,353.5332883,349.005088,352.722973,10298434
6/18/2024,352.3894043,354.8680046,351.4837814,354.4390055,10228382
6/19/2024,345.5732422,353.5810025,344.6675903,352.5323607,8337334
6/20/2024,340.9497375,347.8612031,340.3777484,345.5732755,14338604
6/21/2024,342.9992676,346.0022028,340.0916978,343.1422867,17931844
6/24/2024,345.811554,347.6228285,338.947743,340.9020367,9335598
6/25/2024,344.0002747,347.6705064,341.045022,347.2415073,14983828
6/26/2024,348.0041809,349.767802,342.8563367,346.0499162,15918394
6/27/2024,359.5391541,363.3047223,347.0985292,348.004152,55378829
6/28/2024,360.6831665,371.3125177,359.1102181,360.3018501,25141039
7/1/2024,352.4847107,364.1627031,350.6257533,363.9243768,23389211
7/2/2024,353.1043396,355.2016233,348.0994859,355.2016233,13702830
7/3/2024,355.2492676,356.7745621,351.4360458,353.2473203,9207317
7/4/2024,355.5353088,363.0664167,354.3913306,356.4409316,14916930
7/5/2024,362.0653687,363.4476731,353.676293,356.8698718,15946104
7/8/2024,359.8251953,363.4477448,358.5858806,363.0664284,8898299
7/9/2024,359.4438171,362.4944063,357.5372062,361.4934472,8355819
7/10/2024,363.5906982,365.8786255,352.7230218,361.1120982,17715196
7/11/2024,359.4914856,365.4019618,357.108222,364.5439928,19873143
7/12/2024,359.5391541,361.6840914,354.6296367,361.2551214,16151583
7/15/2024,367.6422729,370.7881987,359.3008495,360.9214806,22951140
7/16/2024,362.6851196,370.5975443,362.2561205,368.5955968,11893034
7/18/2024,360.111145,365.0206624,356.7269222,365.0206624,15709153
7/19/2024,347.6228027,360.3494354,345.9545183,360.1111091,13330099
7/22/2024,356.0596313,359.6345272,345.43028,347.7182076,18715538
7/23/2024,364.5916748,367.6422347,344.667568,359.1101686,49882257
7/24/2024,374.2677307,376.555658,363.876707,366.1646343,36868466
7/25/2024,373.8387451,377.7949571,368.2142485,372.694796,25973101
7/26/2024,377.7949219,380.8455108,371.5031295,376.5079828,20381410
7/29/2024,375.507019,389.234612,374.3153872,385.1354101,27751449
7/30/2024,387.9476929,393.4291996,378.4622913,378.4622913,34447139
7/31/2024,396.5751038,397.9097257,389.4729659,390.3786178,29727771
8/1/2024,403.6772156,404.5351847,396.1937618,400.2929637,28803487
8/2/2024,400.1023254,406.3941184,394.0488298,396.8134099,24233263
8/5/2024,393.9534912,396.2414186,385.7550582,388.6149747,42489503
8/6/2024,395.6217957,405.1071973,393.953511,393.953511,18230579
8/7/2024,399.9935608,404.509474,398.7444934,404.509474,15556736
8/8/2024,391.7304382,400.6661463,389.9048376,400.0416126,16447385
8/9/2024,394.5648499,400.0415928,392.2108339,397.5914586,10954753
8/12/2024,385.1487427,393.940332,384.4281201,393.940332,26254763
8/13/2024,380.6808777,388.6557554,379.5278699,387.2145103,11355664
8/14/2024,380.8250122,384.3320362,378.2307592,383.2751172,9424614
8/16/2024,382.458374,385.2448045,377.8944315,382.458374,13844122
8/19/2024,387.3106079,391.5382544,385.7252442,386.5419263,10677045
8/20/2024,390.3372192,392.2108496,387.3106104,388.7037964,10126083
8/21/2024,392.9315186,393.6521412,389.3284053,391.538303,9726854
8/22/2024,387.5508423,393.9883866,386.4939233,393.7481791,10445288
8/23/2024,386.205658,390.0009191,383.8996423,387.5508142,11513586
8/26/2024,398.6003418,399.6572607,386.2056403,386.6860553,13772637
8/27/2024,393.6040344,399.897489,393.0755896,399.2248962,8441188
8/28/2024,393.0274963,398.1679427,391.3941029,393.9883263,15884745
8/29/2024,393.8442383,396.4384912,387.9351392,393.0275269,19014705
8/30/2024,399.8974915,402.7799817,395.3815783,396.5345862,22633988
9/2/2024,393.9403076,402.6838667,391.7304103,401.43477,11107165
9/3/2024,390.4813232,395.4295921,389.7126709,394.4207323,7538160
9/4/2024,389.2322693,392.2588782,384.2359412,384.33203,11052003
9/5/2024,387.4547119,392.4029807,386.1095557,389.4724609,14246871
9/6/2024,379.3356628,388.799844,377.3179433,387.4546879,17956121
9/9/2024,374.5796204,377.3660218,370.2078258,375.8767469,12293356
9/10/2024,380.7769165,383.7554954,374.4834917,374.8197881,15852309
9/11/2024,374.3874512,383.659456,372.3216723,383.3712187,11492592
9/12/2024,388.9920654,390.3372217,375.3482665,375.6845629,24028069
9/13/2024,385.6772156,391.3461076,383.7075255,388.9920913,12017217
9/16/2024,394.9972534,395.8619946,386.2536938,386.6860791,11479712
9/17/2024,399.9935608,401.2906873,394.0364317,395.7178844,14432501
9/18/2024,397.9277649,403.3084191,396.8228162,402.1073815,10303840
9/19/2024,407.3439026,414.934454,404.077057,407.3919324,59601773
9/20/2024,407.3439026,413.0127939,400.2337369,411.2832822,36084164
9/23/2024,411.5715637,413.6373425,408.3527771,410.7548523,14139629
9/24/2024,411.3313293,414.5501157,410.2744105,414.5501157,12539885
9/25/2024,419.0179749,419.882716,408.9772895,411.3313347,19443168
9/26/2024,417.5767822,420.795569,413.6854026,420.795569,20041825
9/27/2024,419.7866211,425.167275,416.519805,418.92188,53885913
9/30/2024,425.8398743,430.8842318,416.6159003,419.7866276,20903229
10/1/2024,422.8613586,430.2117035,421.6122618,428.5302507,15984996
10/3/2024,418.2973633,425.1672922,415.0785768,415.0785768,13563784
10/4/2024,413.589325,422.1407069,409.6018566,415.9433411,18347292
10/7/2024,399.1768494,416.0394047,393.0275137,413.7334185,23431004
10/8/2024,404.4614258,410.9470287,395.1893922,397.7836451,18706355
10/9/2024,402.0593262,408.1125435,400.6661109,407.8243062,13916492
10/10/2024,406.1428833,413.0608422,404.0290454,404.2212232,15866037
10/11/2024,405.9506836,409.9381223,403.1642824,407.3438989,8639087
10/14/2024,407.872345,409.31359,403.5486099,407.9684338,8483177
10/15/2024,409.8901367,410.4666407,406.9595872,409.9381665,9365964
10/16/2024,407.6321716,412.5804408,404.7496813,408.6410315,6219440
10/17/2024,401.3867493,408.9292709,400.2818006,407.0556406,11968387
10/18/2024,408.3047485,409.2655786,398.2160328,401.3387306,8828971
10/21/2024,408.3527832,411.955896,402.6838916,409.3616431,9139781
10/22/2024,399.4651184,409.6018643,397.2552209,406.2870181,14242323
10/23/2024,392.3069153,398.5042811,385.9654601,397.7836585,22522821
10/24/2024,395.7658997,398.9846863,390.8656604,393.2197058,9400171
10/25/2024,383.2750854,391.5382294,376.2610381,386.7340794,19642277
10/28/2024,388.0792542,390.5774182,382.2181849,383.2751039,11716022
10/29/2024,396.0061035,398.0718823,388.6077296,392.9794947,20284308
10/30/2024,392.499115,398.5523332,389.9048619,397.9277995,12264297
10/31/2024,394.5776062,396.9944726,390.0822406,395.3993467,12204072
11/1/2024,397.6711731,401.6348396,396.7044266,398.2995524,2145479
11/4/2024,387.6170349,400.5230775,380.6081225,400.0880593,13866505
11/5/2024,389.6955261,390.6622726,383.9433726,386.698606,6665326
11/6/2024,395.3026733,397.139486,389.7438805,393.1758486,9700643
11/7/2024,390.3722534,397.23616,388.6321214,397.23616,7589295
11/8/2024,384.4267578,390.7589654,382.3965842,389.7438638,7536509
11/11/2024,379.4963379,387.5686773,378.771278,384.9101243,12243693
11/12/2024,367.6536865,381.6715109,366.4452534,380.0763851,10549517
11/13/2024,368.6687927,374.7109585,366.7352997,371.2306651,20602407
11/14/2024,360.1130371,372.3907283,359.0012846,367.4119607,15086601
11/18/2024,354.5059204,367.3636359,350.5905797,367.3636359,16383636
11/19/2024,354.5059204,365.9135162,352.9107652,355.7626789,17055094
11/21/2024,344.3067932,352.2341271,343.0016794,351.6057477,21276150
11/22/2024,353.2975159,354.8926417,343.8717376,345.1768218,15949254
11/25/2024,356.1494141,364.6568012,355.2793481,361.5632005,18388844
11/26/2024,349.6238708,358.0829028,348.2704316,357.6962101,11222231
11/27/2024,357.0194702,359.2430049,349.3338533,351.7023645,14225274
11/28/2024,350.0105591,359.4846925,347.6420479,357.4061934,16837860
11/29/2024,351.557373,353.2491795,348.2221152,351.1706803,14280017
12/2/2024,346.2886047,351.799042,345.1284971,351.5573554,12510350
12/3/2024,355.2310181,357.6962099,346.2886128,347.0619982,14205760
12/4/2024,360.3547668,362.6749526,355.7627209,356.6811419,22035954
12/5/2024,356.8744812,361.5148823,352.2824351,360.3547747,18758283
12/6/2024,357.2128296,358.8563104,355.8110354,357.1645041,9736086
12/9/2024,357.551239,360.8864971,355.5210652,358.5663112,10878679
12/10/2024,356.8744812,358.8563293,354.2159282,356.7294751,7913822
12/11/2024,353.3458862,358.4213059,352.5725007,356.971186,9998662
12/12/2024,343.7750854,354.7959904,341.2615385,353.8292439,22538216
12/13/2024,345.2735291,346.3852817,336.4761294,343.9200898,14269143
12/16/2024,341.164856,346.9653353,340.0047778,345.2735288,12168143
12/17/2024,337.4428711,342.0832722,335.7027391,340.2947852,15646176
12/18/2024,330.3856201,339.3280253,328.6938137,337.9262311,14672392
12/19/2024,326.1802979,329.2738988,323.9084374,325.7936051,14513129
12/20/2024,322.1682739,332.4641183,319.9930943,326.5669587,20375797
12/23/2024,322.5549927,327.0020329,319.5097468,324.7301725,8884187
12/24/2024,324.1500854,325.6485602,320.7181472,323.9567539,7755462
12/26/2024,323.521698,326.1802508,321.2015124,324.1500773,9030212
12/27/2024,323.8600769,328.6938094,323.0866915,325.4552027,9090597
12/30/2024,320.3797913,325.6002166,316.5128052,323.8600846,36657549
12/31/2024,322.2649841,323.4734174,315.3527519,319.1230577,8580998
1/1/2025,322.5549927,323.5217393,317.8662658,321.9266133,7843971
1/2/2025,326.7603149,327.3403687,319.026343,322.5549618,16543382
1/3/2025,328.5488281,333.0441938,325.84192,326.8086666,8689629
1/6/2025,316.6094666,330.3372781,315.5943946,330.3372781,10538077
1/7/2025,317.6728821,319.3646883,314.2892696,316.1260819,13891401
1/8/2025,314.5793152,319.5097284,311.1473768,319.5097284,8993608
1/9/2025,309.6972351,315.1110212,309.1655069,313.2741793,12403467
1/10/2025,297.9996338,310.3256527,297.3712544,309.6972733,15941143
1/13/2025,288.283844,299.6431164,286.9787302,291.0874032,29630336
1/14/2025,300.0780945,302.301629,290.2172983,290.4589849,22732888
1/15/2025,310.6639709,313.5158552,302.1565847,302.1565847,21894626
1/16/2025,314.6759949,316.4161268,310.9540148,313.9026095,14865186
1/17/2025,315.3043823,318.0596159,312.5975038,314.4826419,7129232
1/20/2025,324.8751831,325.7936042,313.7575972,315.3527527,17991880
1/21/2025,313.5158997,327.0020261,313.0325264,326.5669783,12774630
1/22/2025,311.6790771,316.1261171,306.7970189,316.1261171,11068145
1/23/2025,312.8875122,314.2893065,308.9238455,310.3256398,6477347
1/24/2025,312.8875122,318.9296781,311.3890669,313.9992648,7492600
1/27/2025,311.4857483,314.2409523,304.5251614,312.8875131,13803855
1/28/2025,307.6670837,313.0808702,297.9029379,311.7757565,22008929
1/29/2025,310.5673218,312.1624476,302.8816751,309.3588886,16056888
1/30/2025,312.2591248,315.9327497,310.4706378,311.5340649,10375720
1/31/2025,315.6691589,317.8613059,309.3849925,314.1590252,13195557
2/1/2025,309.5311584,322.2943012,308.6055734,317.6664355,10097627
2/3/2025,303.2469788,305.9749718,296.1833945,302.1265541,15881217
2/4/2025,310.8951416,312.2104356,302.3213939,306.7544198,12141064
2/5/2025,311.3822937,314.7435678,310.2131368,312.7462903,12226722
2/6/2025,304.7571106,314.4025804,303.3931141,314.3051457,13384442
2/7/2025,308.8004456,311.041295,304.0751451,305.4391417,8937447
2/10/2025,302.5162659,308.7029974,301.0548346,308.3619908,6806132
2/11/2025,297.7422485,304.3186888,296.3295198,304.3186888,13241830
2/12/2025,298.3755188,299.5933781,292.2862225,298.3268163,7616083
2/13/2025,298.8139954,300.6651357,295.3065543,298.2781194,9086906
2/14/2025,292.6272278,300.3240923,290.678653,298.9600959,7446248
2/17/2025,294.5758057,295.4039559,285.271343,289.8505058,6464173
2/18/2025,303.1982727,304.3673998,289.8505225,293.4066658,15793327
2/19/2025,306.7056885,308.2158519,302.6136989,303.1982773,13079903
2/20/2025,316.7895813,318.7381563,303.4905626,304.5135526,22888146
2/21/2025,317.8612976,321.2713039,313.2821345,314.9871376,10809296
2/24/2025,311.8694458,317.0331578,311.2361648,313.8180209,6034113
2/25/2025,310.5054016,313.2333944,307.6312419,311.869398,10686112
2/27/2025,307.5825806,311.0899918,306.4134237,307.241574,7302366
2/28/2025,303.4418335,307.5338229,298.6678013,305.9262546,21127180
3/3/2025,306.315979,309.6285505,299.7882707,303.2956819,9779703
3/4/2025,305.6827087,306.8031334,300.0805555,303.2956924,8734999
3/5/2025,317.8125916,318.884284,305.4391285,305.487831,10493615
3/6/2025,329.211731,330.0885837,314.889723,320.5405784,26294903
3/7/2025,321.076416,330.0398724,320.2482955,327.2144448,8992315
3/10/2025,320.9302673,326.3375803,317.9099704,320.9789995,11383132
3/11/2025,321.8071289,324.6812887,315.3768556,318.5919923,10299324
3/12/2025,321.6610107,326.1914417,318.0074326,322.4891611,6984859
3/13/2025,323.3659973,325.9478531,320.0047235,323.463432,8965150
3/17/2025,323.1224365,325.8991618,322.0020119,324.3890281,4353561
3/18/2025,323.1224365,323.1224365,323.1224365,323.1224365,0
3/19/2025,332.5243225,335.057476,327.7016171,330.2834731,30582397
3/20/2025,332.9627686,335.8369287,331.5500397,335.8369287,15002119
3/21/2025,342.2671814,344.7516323,332.9627478,333.2063197,36406837
3/24/2025,357.514801,358.537791,344.5567598,347.8206288,24588471
3/25/2025,357.514801,361.8990947,354.7867783,359.5120785,23189083
3/26/2025,345.5310364,359.5120672,344.2157424,357.5147898,18668095
3/27/2025,351.37677,355.0790802,341.9749019,344.8003296,37930538
3/28/2025,348.4051819,354.9328897,347.2847573,352.6920405,11327077
4/1/2025,343.0953369,353.5689275,341.8287751,343.2902063,18736320
4/2/2025,342.7055969,344.3618974,338.1264342,343.0953059,13593404
4/3/2025,349.6717834,352.0587998,342.7056337,342.7056337,10317410
4/4/2025,341.3903198,349.6230607,339.5878821,349.6230607,10872963
4/7/2025,340.8057556,342.3646216,315.66915,319.5663,18025165
4/8/2025,343.8747864,349.0384983,341.0006263,347.6745017,17506712
4/9/2025,340.3673706,345.6772201,339.2469458,344.8978019,7462119
4/11/2025,350.8409424,352.204939,341.97492,341.97492,11246077
4/15/2025,353.1791992,358.9762214,352.2536143,357.5634927,17497327
4/16/2025,350.0614929,353.6663686,348.6974963,353.1792249,11541484
4/17/2025,354.640625,356.0533537,348.0641848,350.0127597,12288196
4/21/2025,355.1764832,358.7326562,352.4971926,356.3943425,7375594
4/22/2025,350.9870605,357.6122034,350.4512143,357.6122034,12077119
4/23/2025,354.4458008,354.8842421,348.6975102,353.6176801,9719205
4/24/2025,353.8612061,357.0276402,352.3023402,354.3970522,7491123
4/25/2025,347.2847595,356.394323,342.0723159,353.8611995,9785640
4/28/2025,352.204895,353.5688914,344.6054652,344.6054652,5315840
4/29/2025,347.7719421,354.9816638,344.9952168,354.6406573,9472828
4/30/2025,345.4336243,351.7177906,342.949203,347.8206406,16739088
5/2/2025,339.7340393,348.7949005,338.6623172,345.433597,8221620
5/5/2025,339.6366272,342.9491987,336.6650325,341.9749112,9492646
5/6/2025,333.0114441,340.5134695,331.2577385,340.0263257,8904223
5/7/2025,333.2550049,334.8626029,328.3348652,329.3091527,8465490
5/8/2025,331.2577209,334.2780179,329.6988551,332.2807108,14286109
5/9/2025,326.1427307,330.0398806,322.0994437,325.6068845,11322011
5/12/2025,339.5878601,340.2211707,329.4065747,331.6474238,7978210
5/13/2025,332.7191467,340.8057202,331.7448593,339.6365932,14738980
5/14/2025,329.8450012,335.0087425,329.0655832,333.644746,22485535
5/15/2025,333.1576233,334.9113289,324.0967317,330.770607,43307763
5/16/2025,334.2780457,338.6623394,333.2063235,334.180611,6920351
5/19/2025,336.2753296,338.7597806,333.5960389,334.2780521,6218209
5/20/2025,333.7908936,340.7083405,332.7678739,337.9803178,9986143
5/21/2025,337.2496033,338.4674626,331.1116041,333.7421624,5930972
5/22/2025,332.6217651,338.0777814,329.5527653,337.249631,8717514
5/23/2025,335.7394714,336.080478,331.4038803,333.206318,4045937
5/26/2025,334.6677246,342.1697495,333.7421397,341.9748802,16655082
5/27/2025,329.8450012,335.6420234,328.1399982,335.1548797,24937330
5/28/2025,331.306427,331.9397376,328.4322969,329.8937281,10985957
5/29/2025,330.6244507,333.4498783,329.3578592,332.232019,15884093
5/30/2025,325.3145752,331.9884502,324.2915853,328.822016,19143010
6/2/2025,323.9992981,326.191445,321.8071512,325.3145922,29479727
6/3/2025,319.809845,326.1427132,318.5919857,324.4377102,14081719
6/4/2025,320.7841492,321.4661623,316.4972903,320.5405773,15654279
6/5/2025,320.1995544,323.0737142,319.1765645,320.7354304,16270360
6/6/2025,324.2915955,324.9248764,320.5892852,321.1738636,11402511
6/9/2025,328.432312,328.8707235,324.1941556,325.3145802,19416373
6/10/2025,330.4783325,332.1346034,328.1400187,330.0885937,12061248
6/11/2025,329.4066162,333.79091,328.7733353,332.2320441,10807496
6/12/2025,325.119751,332.8653188,324.0967313,329.4553125,11881618
6/13/2025,323.4147339,324.3402891,318.20229,318.3971297,11711773
6/16/2025,325.119751,326.0453063,322.0994538,323.4634503,8065112
6/17/2025,326.5811768,328.2374476,324.5351671,325.4120199,6796992
6/18/2025,323.8531494,327.2631556,322.245581,326.5811722,17835507
6/19/2025,321.5635681,324.5838652,320.1021369,323.8531496,11610604
6/20/2025,326.5811768,327.3605949,321.2225956,321.5148699,16592862
6/23/2025,324.0480042,327.0683011,321.8558574,325.1197263,8277787
6/24/2025,321.466156,323.171159,313.087278,322.4891459,100814893
6/25/2025,322.3430176,325.1197428,320.9302888,322.9762985,17963666
6/26/2025,328.4810181,329.114299,322.7814304,323.8531525,13754087
6/27/2025,329.6014404,332.5243029,325.8504574,330.2347511,50845169
6/30/2025,326.2888794,328.578461,325.07102,327.1170297,11858890
7/1/2025,324.0480042,326.6298599,323.6095629,326.6298599,8903292
7/2/2025,325.1684265,327.0195667,322.7814104,324.0967044,11326880
7/3/2025,325.996582,327.701585,322.4891413,325.996582,15786429
7/4/2025,326.8734436,327.3605873,323.7070094,327.068313,5899185
7/7/2025,328.7732849,330.2834184,325.1684097,326.8734126,9454556
7/8/2025,334.3754883,335.0574717,328.3348938,329.5040507,12092302
7/9/2025,335.1548767,336.7137425,333.9857199,334.4241611,9079872
7/10/2025,332.6704712,336.1291798,332.4268993,335.1548924,6426072
7/11/2025,333.8883057,335.1548674,330.7705741,331.7448615,17234194
7/14/2025,333.303772,336.1291999,331.2090597,334.2293273,11516965
7/15/2025,333.2062988,335.2523084,332.1833089,334.3267234,8450777
7/16/2025,333.6447754,334.9600398,332.0371772,333.2063341,6001484
7/17/2025,333.8395996,335.6420374,333.2063187,335.349763,7562006
7/18/2025,333.303772,335.0574776,331.8910432,334.1806248,6370338
7/21/2025,332.7678833,333.9857427,330.5757364,333.3037593,4463318
7/22/2025,332.085907,333.7909101,331.3064591,332.7678904,4728372
7/23/2025,334.2292786,335.1548635,332.1832988,333.0114193,5058422
7/24/2025,330.1860046,334.7651675,327.8477207,334.7651675,9098453
7/25/2025,324.6325989,331.1603071,323.9992882,330.1860197,7790739
7/28/2025,324.3890076,327.9451507,321.8558543,324.8761513,4605823
7/29/2025,325.996582,326.8734348,320.0534227,323.4634288,7551356
7/30/2025,330.088562,333.4985679,323.9505632,326.3862818,12537358
7/31/2025,325.6556091,331.3551972,324.4377497,327.4093148,8935384
8/1/2025,322.3917236,326.1427364,321.7097402,324.4377333,7107542
8/4/2025,323.4634399,324.7300018,318.786872,322.3917178,8193399
8/5/2025,325.0223083,325.753024,322.7814293,323.9018837,9855535
8/6/2025,323.5608521,326.7759886,323.0737083,325.0222832,13872826
8/7/2025,321.2712708,323.9018586,320.1995487,323.5608521,8731389
8/8/2025,326.1427307,328.8220213,321.1738587,321.5148652,11247218
8/11/2025,327.5067444,330.3809045,325.3633297,326.3863197,11993280
8/12/2025,331.3551941,333.0601973,327.1170374,327.6041812,7221182
8/13/2025,331.2090759,334.1806412,330.429628,331.5500528,5417151
8/14/2025,330.6244507,331.6961728,327.6528561,331.2090291,5689423
8/18/2025,327.4093018,333.0114549,326.824753,332.670478,6511340
8/19/2025,326.4350281,331.8910442,325.5581752,330.186041,10316115
8/20/2025,333.2062988,334.5702953,327.847718,329.1142798,10824544
8/21/2025,330.088562,335.495875,328.2374219,333.5473002,11135121
8/22/2025,328.3348694,330.1860096,326.8734382,329.7963006,8534844
8/25/2025,329.1630249,332.6217335,328.3835771,328.3835771,7142387
8/26/2025,324.6325989,328.7245884,323.2198701,327.5067291,13113388
8/28/2025,322.294281,324.3402906,320.2483011,322.7327223,10486948
8/29/2025,319.1278381,322.9762854,318.5919919,322.4891417,11813425
9/1/2025,322.1968994,323.0737522,319.5663112,319.5663112,6897558
9/2/2025,327.6528625,329.552735,322.5865856,322.5865856,9224639
9/3/2025,325.6556091,329.3091874,324.9248935,327.8477561,10778333
9/4/2025,324.8190308,329.5921692,324.0809175,328.2143638,7934237
9/5/2025,323.4904785,326.5413229,320.784063,324.8190585,5678244
9/8/2025,321.5221863,325.7048286,321.1777274,323.5396841,5239184
9/9/2025,318.9633484,322.949148,318.5204684,322.4078769,9735495
9/10/2025,320.4888,322.8507567,319.9967245,320.3411834,6509477
9/11/2025,325.8031921,328.2143742,320.8332414,321.2761213,10309925
9/12/2025,326.4429321,328.2143921,323.1952155,326.7381654,5257048
9/15/2025,325.8524475,328.5096376,325.4095675,325.7540264,6566824
9/16/2025,329.7398071,330.4779204,325.9508495,325.9508495,8784889
9/17/2025,331.0684204,332.1017971,329.2477349,330.1826904,7936518
9/18/2025,331.6097107,332.2494029,328.8048742,331.6589062,6497322
9/19/2025,333.2827759,334.1193104,331.1176614,331.609737,10646331
9/22/2025,333.8240662,334.9558339,331.5113051,333.7748406,6966213
9/23/2025,337.5638428,338.646415,332.7415082,334.0701182,10738268
9/24/2025,342.0909119,344.8465228,336.8256977,337.8590443,14653575
9/25/2025,335.1034546,345.2401991,334.611379,343.7639724,13228081
9/26/2025,332.5446472,335.3494838,331.1176462,335.1034461,6337702
9/29/2025,335.5463257,338.3019367,332.643068,333.7256402,16922231
9/30/2025,335.0542603,337.6130291,333.7748458,335.6939525,8308029
10/1/2025,334.8574219,337.613033,332.6922774,334.9066174,6022078
10/3/2025,336.5796509,338.0558774,333.38116,334.8573866,8506827
10/6/2025,333.7256165,336.3828062,330.3302834,335.201843,8436245
10/7/2025,332.6430664,335.9891741,331.5112987,333.7256386,16130172
10/8/2025,328.5096436,333.8732794,327.0334168,333.8732794,13223442
10/9/2025,330.5271301,331.0684012,325.9508338,328.5096025,6824759
10/10/2025,334.3161316,336.5304715,330.6255651,330.6747606,8970962
10/13/2025,336.2844543,336.6781088,330.8716231,332.5938876,6663149
10/14/2025,331.3144531,337.5638185,329.8874521,336.5796674,7545848
10/15/2025,333.8732605,336.3336382,331.4128827,331.609725,8121744
10/16/2025,336.0875854,337.1701576,334.2669,334.8082011,6788416
10/17/2025,335.59552,338.7448155,334.7589856,336.0875956,7032129
10/20/2025,336.5304871,338.9908649,334.9066137,335.9891859,6896835
10/21/2025,336.5796509,338.0558774,335.6446954,337.5146064,346988
10/23/2025,337.2193604,339.7289636,335.6447126,338.3511281,8710859
10/24/2025,334.2177124,337.8098578,332.7906813,337.022549,7584711
10/27/2025,336.3336487,337.4654165,335.0542642,335.300302,6752390
10/28/2025,333.7748413,337.465408,331.9541558,336.9733324,13186584
10/29/2025,341.9924927,344.4528703,333.7748253,333.8732464,15423201
10/30/2025,339.6797485,343.4687363,338.0067097,343.4687363,6721032
10/31/2025,331.6097107,339.5321147,330.2811008,339.5321147,18651312
11/3/2025,329.8874512,332.1509866,328.1159612,331.5112944,10242245
11/4/2025,325.3603516,330.6747614,324.4746216,330.0842647,11887651
11/6/2025,321.4729309,327.6731005,319.4554333,326.7873405,11587302
11/7/2025,323.6564636,324.6489704,318.4458031,321.96919,8578167
11/10/2025,323.0113525,325.7903595,321.5722056,323.6564759,5246998
11/11/2025,324.2023315,324.9963551,320.4308179,323.507595,6103758
11/12/2025,324.6986084,325.790372,323.1105914,325.0459919,6850550
11/13/2025,324.5001221,327.4776426,323.1105883,324.6986053,7276001
11/14/2025,325.9888611,327.4279777,323.7557208,324.5497142,9169855
11/17/2025,327.725769,328.9664026,326.0881085,326.5347487,6283156
11/18/2025,325.9888611,327.2791078,324.6985841,326.5843409,6776200
11/19/2025,324.1527405,326.4851376,322.6143367,326.4851376,6935056
11/20/2025,324.1527405,327.5272577,323.7557438,325.542244,5155775
11/21/2025,324.2023315,325.9392184,322.5647014,324.400845,6142545
11/24/2025,321.0263367,324.6489804,319.6368029,324.2519838,13719726
11/25/2025,321.2744751,323.160232,320.0834548,321.0263484,8074651
11/26/2025,323.6564636,325.343707,321.5721933,321.8699333,7101095
11/27/2025,324.8970947,326.2865981,322.5646978,324.6985813,6755179
11/28/2025,324.0038452,325.6910885,321.8203182,325.5422186,8930988
12/1/2025,324.6489868,325.7903636,323.0113566,324.6489868,6936186
12/2/2025,326.1377563,327.4776467,324.3016126,324.9963795,5806943
12/3/2025,320.5300903,326.5347445,318.8924298,326.5347445,8546132
12/4/2025,320.5300903,321.8699503,318.6939467,320.4804468,5965357
12/5/2025,320.8774414,321.7210783,318.5450746,319.8353214,6574010
12/8/2025,317.1059265,320.7782138,315.4682963,320.7782138,7906928
12/9/2025,317.4533081,318.9916815,313.1855107,315.0712978,7152584
12/10/2025,319.1901855,321.2744558,317.1059153,317.4532987,5484712
12/11/2025,320.1827087,321.0263456,316.7585481,319.2398151,6317942
12/12/2025,322.6143188,323.5075992,320.4804353,320.4804353,4261023
12/15/2025,321.522583,322.8624429,319.1405425,320.6293027,10219819
12/16/2025,318.594696,321.3737031,316.6592956,319.6368161,5241263
12/17/2025,318.842804,319.9841807,317.1555303,317.6021705,5043027
12/18/2025,316.1134033,319.7360469,314.6246432,319.587177,5554193
12/19/2025,317.5029297,318.1976966,315.1209193,316.5600664,10833662
12/22/2025,318.296936,321.2248129,317.1059158,317.552556,8925871
12/23/2025,320.8278198,322.31658,317.8502995,318.6442928,6024641
12/24/2025,320.1330566,324.2023406,319.8353167,321.4729469,5678004
12/26/2025,321.6714478,323.3090779,319.8849174,320.1330441,4174183
12/29/2025,323.0609741,323.3587141,320.6293203,321.6714706,14043845
12/30/2025,322.4654541,323.1105775,320.9270807,322.5647108,8035909
12/31/2025,327.0805969,328.1723604,322.2669633,322.3165765,8497983
1/1/2026,333.7800293,334.3755394,327.1302518,327.328735,10357315
1/2/2026,349.4616394,350.3548894,333.4326611,334.2762677,23128940
1/5/2026,347.9729004,352.1414109,345.7893733,347.7247737,18248271
1/6/2026,348.1713867,351.4466775,343.556236,347.2781366,8641743
1/7/2026,346.2359924,348.7172594,343.705082,346.930729,7165806
1/8/2026,341.8193359,347.1788666,339.6358392,344.151733,8805975
1/9/2026,333.4822998,341.8193512,331.8942828,341.8193512,10161744
1/12/2026,334.9214172,338.0974207,331.1995169,334.2266504,9406174
1/13/2026,335.368042,336.7079322,332.5393916,334.9214321,5583379
1/14/2026,346.4841309,347.8736343,334.9214327,336.3605494,20389924
1/15/2026,346.4841309,346.4841309,346.4841309,346.4841309,0
1/16/2026,343.7547302,351.3970143,342.8118367,350.0075108,14275582
1/19/2026,340.7772217,345.3427591,339.4869446,340.9260916,9974363
1/20/2026,336.2116699,345.6900975,335.1695499,340.4298237,7718407
1/21/2026,336.1620789,339.0403426,334.2762916,336.2613053,6948955
1/22/2026,339.8839722,340.6283523,334.5740546,336.1620716,5885972
1/23/2026,334.177063,342.8614978,333.5815528,341.3727375,10084314
1/27/2026,342.1170959,343.903596,334.5243949,337.9485554,12203590
1/28/2026,345.4419861,350.6030337,342.1171125,342.1171125,13566973
1/29/2026,355.4663086,357.7987057,344.6976036,347.3773841,20624409
1/30/2026,353.332428,356.6573319,348.4691506,356.3099484,22641103
2/2/2026,347.724762,350.1067722,335.2191703,342.3652313,12622760
2/3/2026,355.8633118,363.2078865,351.1489043,363.2078865,11559806
2/4/2026,364.4981079,365.7883546,354.9204237,356.7565673,15515053
2/5/2026,364.25,367.9222873,362.2649864,366.9793937,18789794
2/6/2026,365.0499878,365.9500122,361,361.7999878,7328789
2/9/2026,361.8999939,368.6000061,361,366.5499878,7983235
2/10/2026,366.8999939,368.1499939,361.25,361.8999939,8319282
2/11/2026,368.4500122,369,366,369,5782448
2/12/2026,368.25,372,366.8500061,370,6763353
2/13/2026,363,368,362.3999939,367.5499878,7111972
2/16/2026,369.1000061,369.6499939,362.5,362.6000061,6292850
2/17/2026,368.3999939,369.5,366.0499878,368.75,4442793
2/18/2026,368.3999939,370.7000122,367.3999939,368.4500122,4871319
2/19/2026,363.2000122,370.8999939,362.2000122,367,5375352
2/20/2026,372.9500122,373.6499939,362.7000122,362.7999878,16736731
2/23/2026,375.4500122,376.5,372.1499939,374,16135451
2/24/2026,382.75,385,373.5499878,374.9500122,20774629
2/25/2026,384.8999939,388.5499878,382.7000122,382.75,12750016
2/26/2026,381.8999939,385.8500061,378.3999939,385,10721570
2/27/2026,381.8999939,385.2000122,380.1499939,381,11548959
3/2/2026,377.5499878,378.9500122,365,365,14730256
