Date,Close,High,Low,Open,Volume
3/2/2016,76.09986115,77.01720564,74.98735066,75.88517319,15524956
3/3/2016,76.97814178,78.40294072,75.63142173,76.70489696,16866745
3/4/2016,78.34440613,79.78871833,77.6808025,78.03211734,22523046
3/8/2016,78.79331207,80.54991305,78.46151026,79.14463584,12258796
3/9/2016,80.12052155,80.41328838,78.57861739,78.85187121,7688815
3/10/2016,80.29619598,81.56485546,79.76921917,81.56485546,13467873
3/11/2016,80.0619812,81.0378648,78.92994873,81.0378648,14262115
3/14/2016,81.29159546,81.58436232,80.31571188,80.9988286,7498647
3/15/2016,80.9597702,81.15495401,80.0424349,80.41327162,5504455
3/16/2016,80.90104675,81.78253512,80.27421118,81.21446006,5188654
3/17/2016,83.1537323,84.19192727,81.68458509,81.7041779,8394324
3/18/2016,84.0743866,84.23109322,83.25166785,83.74138054,6776230
3/21/2016,84.87752533,85.21053141,83.44755489,83.83933044,5801745
3/22/2016,84.66202545,85.8569356,84.23107337,84.87750149,6610557
3/23/2016,84.0743866,85.30847369,83.01659894,84.77957538,5978227
3/28/2016,83.8197403,85.68066299,83.21249759,84.81875856,7205974
3/29/2016,83.1537323,84.62287951,82.5464806,84.6032867,5003185
3/30/2016,85.36723328,85.79818546,83.17331365,83.44755024,5849823
3/31/2016,83.87850952,85.23012668,83.11455122,84.11356948,18261630
4/1/2016,81.80211639,84.21152145,81.52787976,84.03522199,10266195
4/4/2016,81.21444702,81.74334534,80.13707551,81.66498306,5494027
4/5/2016,80.50926208,81.68457978,79.94119605,80.70514538,4906771
4/6/2016,80.74432373,81.4886982,79.92160491,80.97939265,4317508
4/7/2016,81.39074707,82.07635202,80.97938769,81.90005258,5045077
4/8/2016,80.76393127,82.05677921,80.56804794,81.41035972,2418253
4/11/2016,81.3319931,81.97842152,80.39174419,81.72376872,5192644
4/12/2016,82.80113983,83.31044543,81.155702,81.42993865,6343279
4/13/2016,83.58468628,84.3878213,83.36921015,84.23110569,6437622
4/18/2016,81.31240845,82.95785524,80.74433337,82.95785524,4950201
4/20/2016,82.2134552,82.54646123,81.5082665,81.84127252,4820409
4/21/2016,83.42795563,84.01561442,82.95783577,83.11454239,7037139
4/22/2016,84.66202545,85.15173802,83.31040871,84.58367216,4497202
4/25/2016,83.17332458,84.79917843,82.93825565,84.79917843,2813826
4/26/2016,83.9568634,84.46616894,82.6444229,83.13413562,4140094
4/27/2016,86.89515686,87.65911516,84.58369811,84.62287477,10536442
4/28/2016,84.95586395,88.30551695,84.32902857,87.09102283,11597841
4/29/2016,85.11257172,86.48378143,84.46615248,85.4259939,6088467
5/2/2016,85.30849457,86.54257299,84.62288947,85.40643175,4911861
5/3/2016,84.34862518,86.07241585,83.44754423,85.81777209,5806392
5/4/2016,82.52687836,84.34862408,82.27222563,84.15273185,4247746
5/5/2016,82.46811676,83.54549722,82.27223348,83.03619173,4590195
5/6/2016,81.66497803,82.52688236,81.13608871,82.4877057,3327823
5/9/2016,82.899086,83.25168494,81.91965146,82.23307374,4008649
5/10/2016,81.44950867,83.03618554,80.82267325,83.03618554,3924151
5/11/2016,80.41130829,81.07732039,79.56899676,81.07732039,5481087
5/12/2016,80.82268524,81.6649879,80.21543357,81.52787407,7061337
5/13/2016,79.82364655,80.68555086,79.13805063,80.68555086,7262070
5/16/2016,79.37311554,80.27419656,78.35450455,80.07830431,10092505
5/17/2016,82.37016296,83.05575879,80.35253419,80.54841743,14657428
5/18/2016,83.93726349,84.34863183,82.11552656,82.38976316,8832225
5/19/2016,82.29183197,83.54550299,81.95881692,83.44755686,6740377
5/20/2016,83.48673248,84.09398414,82.44853758,82.97742696,4576983
5/23/2016,81.54746246,84.03522081,81.29280968,83.91769082,5845633
5/24/2016,80.95979309,81.76292799,80.13707434,81.68457468,4087501
5/25/2016,82.33100128,82.56606121,81.54745024,81.76292633,3108448
5/26/2016,84.64246368,86.6405001,82.54647217,82.66401111,13519851
5/27/2016,83.44754028,85.75899857,82.9774115,85.40639974,10044087
5/30/2016,83.62385559,84.50534386,83.44755614,83.8393317,4589130
5/31/2016,82.56606293,84.42698548,82.19388021,84.23109324,8791201
6/1/2016,82.52687836,83.5650731,82.31140228,82.82070773,4521807
6/2/2016,83.36919403,83.78055339,81.93922373,82.46811304,4079509
6/3/2016,82.99700928,84.03520405,82.70317989,83.76096747,4345935
6/6/2016,82.58567047,83.58468883,82.38977819,83.33003604,3665349
6/7/2016,83.42795563,83.81973114,82.95783577,83.05577292,5568472
6/8/2016,84.5249176,85.11257638,83.83932168,84.03520494,5491938
6/9/2016,86.44460297,87.09102219,85.01463279,85.03421663,10532686
6/10/2016,85.48477936,87.2477561,85.0146594,86.18997723,4451983
6/13/2016,83.54547882,84.77955667,83.25164948,84.62285008,2914852
6/14/2016,83.36919403,84.15273609,82.74235859,83.81973004,3050001
6/15/2016,83.7217865,84.03520871,83.27125048,83.56507988,2865534
6/16/2016,82.93825531,83.46715368,82.48771923,83.44756087,3296191
6/17/2016,82.56606293,83.34960502,82.35058683,83.31042836,4717605
6/20/2016,83.7805481,84.32903019,82.40934734,82.5268773,5253388
6/21/2016,85.23011017,85.48475392,84.23108314,84.54450532,4754095
6/22/2016,85.54354095,85.95490036,84.622876,85.19094205,4300168
6/23/2016,85.60230255,86.01366192,83.91767944,85.4064103,4451146
6/24/2016,82.03716278,83.80013898,81.09690522,83.68260006,6098569
6/27/2016,82.33100128,83.19289667,81.37115081,81.48868974,3541858
6/28/2016,82.80113983,82.99703212,82.07636706,82.27225038,3242284
6/29/2016,84.13316345,84.28987009,83.09495955,83.34961232,3248850
6/30/2016,84.74040222,85.99407321,84.2310967,84.54451893,7536646
7/1/2016,88.14881134,90.02931752,84.7991583,84.97545772,8428420
7/4/2016,90.91083527,92.18409928,89.91181687,89.91181687,16861305
7/5/2016,90.40150452,92.61502579,89.53960917,90.34274402,6551590
7/7/2016,88.77567291,90.83247912,88.59937344,90.40152685,5971878
7/8/2016,87.48281097,88.26635308,87.07145159,88.14882311,3248257
7/11/2016,88.14881134,89.16742222,87.58074541,88.14881134,6210183
7/12/2016,89.28497314,89.89221587,88.18800871,88.18800871,4319643
7/13/2016,91.7335434,94.63266078,90.94999234,91.53765115,17397438
7/14/2016,90.32317352,91.96862028,89.75510742,91.83149748,9416404
7/15/2016,90.20561218,91.00874695,89.53960017,90.53861819,8673333
7/18/2016,85.64148712,89.71592249,85.05382826,89.71592249,11088225
7/19/2016,86.58171844,87.16937719,85.01463444,85.2105177,10601104
7/20/2016,87.71786499,87.91375723,86.09201142,86.58172408,9715894
7/21/2016,87.20857239,88.83443516,86.97351243,88.07047684,4614313
7/22/2016,87.1497879,87.61991666,86.50335974,87.32608731,4734196
7/25/2016,88.85402679,89.01073345,86.85599006,86.89516672,5161390
7/26/2016,87.89414978,89.95095517,87.4044372,88.89316775,6075612
7/27/2016,87.46322632,89.12826578,86.20955525,87.83540908,3982969
7/28/2016,86.71886444,88.26636502,86.42503499,87.46322999,12199317
7/29/2016,86.22913361,87.69828055,86.05283418,86.973499,4943548
8/1/2016,85.71983337,87.54157031,85.40641116,87.09103428,4868154
8/2/2016,86.62089539,86.93431757,85.24969464,85.70023062,5714404
8/3/2016,85.70023346,87.32609595,85.40640408,86.9734971,6926821
8/4/2016,86.13119507,87.71787211,85.66106621,87.71787211,5368087
8/5/2016,88.52101898,88.81484844,86.30750615,86.58174279,4722490
8/8/2016,88.57978821,88.93237817,87.81582984,88.6973182,3995137
8/9/2016,89.71590424,90.04891026,88.97152992,89.63755093,11431887
8/10/2016,89.73548126,90.49943936,88.73646327,89.71589742,10287928
8/11/2016,90.65618134,90.85207362,89.03032736,89.61798629,9320215
8/12/2016,91.51807404,91.83148731,90.0293341,91.0087685,5870230
8/16/2016,92.14490509,92.59544113,91.0087641,92.06655178,5039550
8/17/2016,93.16349792,93.39855782,91.77270446,92.22324041,5430909
8/18/2016,94.5542984,94.86772062,93.04597473,93.35939694,5751255
8/19/2016,94.6522522,95.39661769,94.24089279,94.92649778,5606353
8/22/2016,93.77077484,95.55334442,93.35941539,94.65226323,3785410
8/23/2016,93.39860535,93.90791101,92.69341633,93.04600636,5012451
8/24/2016,94.41717529,95.2007173,93.73157043,93.9470465,3600733
8/25/2016,93.16349792,95.10276449,92.85007576,94.61305189,4189737
8/26/2016,93.39860535,93.57490484,92.45834735,93.28107534,2902111
8/29/2016,92.96761322,93.82951751,92.75213715,93.39856536,2465332
8/30/2016,94.69141388,95.00483607,92.9284376,93.45733586,4245724
8/31/2016,93.83763885,95.78348666,93.38095305,94.90983477,9766926
9/1/2016,93.95677185,94.96940639,93.36110341,94.11561435,4602483
9/2/2016,94.81056976,95.36652762,93.38095995,94.11562017,4273123
9/6/2016,94.73113251,95.98203065,94.51271956,95.20765994,3884562
9/7/2016,97.27263641,97.80873425,94.63183964,94.98923518,17504218
9/8/2016,97.80875397,101.223922,96.93511118,99.27807427,15232855
9/9/2016,101.2437897,102.2564334,98.08675375,98.08675375,17437126
9/12/2016,99.67517853,100.4098387,98.56326294,99.27807231,7995681
9/14/2016,98.56326294,100.3105576,97.37192611,99.29792308,8058135
9/15/2016,98.68241882,99.39721921,97.33223021,99.2979381,3706279
9/16/2016,99.3972168,100.4694219,98.4838542,99.03981207,12910044
9/19/2016,100.9261017,101.4621997,99.39721978,99.57592215,6271972
9/20/2016,102.3556671,103.4080211,100.5686622,101.0650585,12886207
9/21/2016,101.4026108,103.0506241,100.747372,102.0578405,6438340
9/22/2016,103.0506516,103.7058905,102.454983,102.8123878,8053006
9/23/2016,103.4676132,104.5795289,102.633681,102.8719447,7589790
9/26/2016,99.09938049,103.4477622,98.54342264,103.0506469,13915599
9/27/2016,98.30514526,99.99286936,97.82860873,99.23835848,10949967
9/28/2016,99.93328094,100.2311151,97.4513358,98.48382083,9666958
9/29/2016,99.33760834,102.4549413,98.58309763,101.66072,14336461
9/30/2016,101.9188766,102.196851,99.11922763,99.83403705,9438718
10/3/2016,103.3484726,104.0235623,100.2311387,102.0578546,6960220
10/4/2016,108.6300735,109.1661715,103.7853046,104.0434282,17825014
10/5/2016,105.8899689,109.3051363,105.4928627,108.8087491,9426820
10/6/2016,106.8827744,108.5903584,105.631867,106.8232039,9511054
10/7/2016,106.1679535,108.6896094,105.9098299,107.3791409,11598678
10/10/2016,106.0091248,107.2203215,104.6589454,106.9820578,7032378
10/13/2016,108.3123932,109.1661854,105.3340505,106.5849581,14122951
10/14/2016,110.0199738,110.8737659,107.9351339,108.8087859,9532546
10/17/2016,110.5758972,111.1914254,109.4242712,110.0199395,7432578
10/18/2016,109.8015442,111.5885495,109.0668931,110.8737492,7430623
10/19/2016,110.6156464,111.3503067,109.7618542,110.0001271,7137429
10/20/2016,111.7275543,112.4423547,110.4170854,111.548852,6078450
10/21/2016,111.1120224,111.6084097,109.6228513,111.5885499,3639472
10/24/2016,116.0957642,116.6120113,110.5957661,111.2112852,15753549
10/25/2016,114.6661758,116.6318835,114.2094991,116.3539001,11650041
10/26/2016,115.2022858,116.2943508,113.6932637,114.5669066,6344125
10/27/2016,115.4802704,118.1012082,112.8196128,115.956807,24448257
10/28/2016,113.9315033,116.9297051,113.4946865,116.3340367,10070332
11/1/2016,114.8250275,115.2817133,111.9062555,115.2817133,11064357
11/2/2016,110.09935,113.4946664,109.5036817,113.1769724,14774770
11/3/2016,108.0003204,110.6039555,107.778304,110.4626706,10778124
11/4/2016,108.7874908,109.7764668,106.9710022,108.101263,7203463
11/7/2016,107.859024,110.6039437,107.5159102,110.2002766,4419261
11/8/2016,109.2315216,109.6755547,107.1122847,108.3434647,5654563
11/9/2016,108.9489441,109.3929771,100.9160308,101.8040875,7471795
11/10/2016,111.4113235,112.8039669,109.4737372,110.2003309,5849239
11/11/2016,110.3819504,112.5415527,109.0296732,110.2002997,6617526
11/15/2016,111.2498398,115.6295889,108.7874891,109.0902372,12179968
11/16/2016,109.958107,114.8828079,109.4333424,112.6222864,8986996
11/17/2016,110.3012085,112.2186066,109.0700288,109.4938742,5879166
11/18/2016,111.0479889,112.1177055,110.3819487,110.3819487,6513859
11/21/2016,111.431488,112.2993573,110.0590232,111.2498373,7038115
11/22/2016,112.1782532,114.4387746,111.0479924,113.409433,8852827
11/23/2016,112.9856033,113.6112779,111.4113094,112.6223019,6432657
11/24/2016,111.915863,113.7121731,111.0479846,113.0259454,7236183
11/25/2016,111.9965973,112.9653948,111.1690939,111.7140367,4391635
11/28/2016,114.6405945,115.2460906,110.8259764,111.1287244,6170169
11/29/2016,114.9635162,116.1745083,113.5506952,114.7414998,6467512
11/30/2016,116.6185684,117.546991,114.0956646,114.6406074,10633435
12/1/2016,117.9304581,120.5340932,117.4662468,119.0809062,12753523
12/2/2016,117.5671768,119.4038436,117.2240629,118.5561527,7668508
12/5/2016,119.242363,119.74694,116.7396471,116.7396471,5358345
12/6/2016,120.594635,120.9982929,119.746935,120.0093172,6281910
12/7/2016,119.9286041,121.2808813,119.5653027,121.0588648,6324726
12/8/2016,122.4313126,122.8753455,120.3120762,120.3120762,7229704
12/9/2016,123.8441544,124.2478123,122.7542594,122.7744377,5012332
12/12/2016,125.7211838,126.9927294,125.1358751,125.1358751,7390621
12/13/2016,125.9431915,126.7303383,124.6312802,126.7303383,11867766
12/14/2016,123.2386703,125.7211993,122.7542715,125.1964347,14303529
12/15/2016,125.0046463,126.3064682,121.9166223,122.7945896,10011138
12/16/2016,122.1285629,125.9129136,121.5836201,125.7615396,6046045
12/19/2016,121.9469223,123.1579146,121.1597847,122.9762732,6134651
12/20/2016,121.0084076,121.9771959,119.585488,121.9469192,4487663
12/21/2016,122.0074387,122.5221139,120.8872674,121.462496,4699901
12/22/2016,118.0111771,121.6441534,117.5267876,121.6441534,5073928
12/23/2016,116.8305054,119.4341412,116.5580339,119.2524905,5637468
12/26/2016,114.4387817,116.7093925,113.9241063,116.2552703,4468708
12/27/2016,115.2258835,115.5891755,113.6515903,115.0442328,4972743
12/28/2016,114.9837265,116.3158256,114.5901577,114.7415317,4245082
12/29/2016,116.0130768,117.3148899,115.0140025,115.0442792,13079156
12/30/2016,115.8616867,117.072679,115.1956373,116.6791009,3664012
1/2/2017,116.4066238,116.8607459,115.8616811,116.1341524,2690448
1/3/2017,116.5580063,117.3148765,115.7405828,117.1029491,4764310
1/4/2017,117.950676,119.1313919,116.3158379,117.163529,7507779
1/5/2017,120.8872833,121.2505847,118.253381,118.253381,6831388
1/6/2017,122.6432495,125.3074289,121.0992325,121.0992325,8399536
1/9/2017,119.888237,124.0964334,119.3432942,123.4909372,4783989
1/10/2017,120.160675,122.9156836,119.7065531,120.4331464,6865373
1/11/2017,119.6763153,121.099235,119.4643972,120.2515441,3657809
1/12/2017,120.8267517,122.1285647,120.1909789,120.1909789,7180398
1/13/2017,121.8863983,123.4909597,121.129528,122.9157401,7173268
1/16/2017,120.1001511,122.1891107,119.9185004,121.704712,4070898
1/17/2017,117.950676,120.8873273,116.8607808,120.4937585,4631529
1/18/2017,119.888237,120.1304318,117.3148784,118.3744966,9444964
1/19/2017,121.6139221,121.9772143,119.1919372,119.7974334,11378619
1/20/2017,119.464386,122.3102159,118.3442145,121.6138991,7834336
1/23/2017,121.0386963,122.1891447,119.4644116,119.4644116,5350419
1/24/2017,122.0680466,122.4313388,120.70568,121.7955659,3600754
1/25/2017,124.0661621,124.5505609,122.2799502,122.2799502,11413512
1/27/2017,123.8239899,125.9432269,123.0065662,124.7322343,5089894
1/30/2017,122.2193909,124.3991713,121.5836181,123.8239518,4594038
1/31/2017,122.6432495,128.244089,121.7047286,127.1541941,39669868
2/1/2017,121.2203522,124.1267361,120.7965066,122.9157436,11271144
2/2/2017,121.6139221,123.8239797,121.3414414,121.7047429,8549969
2/3/2017,121.6744461,123.0368124,121.4322513,122.1285682,4940894
2/6/2017,120.4937668,122.8249313,120.3423927,122.7946546,5926274
2/7/2017,118.3808746,122.1778795,117.9827957,121.2592489,10805646
2/8/2017,119.0545502,120.0344268,117.9215778,118.8095857,7106853
2/9/2017,118.1358948,120.156884,117.8603075,119.6975687,6092204
2/10/2017,118.5952148,119.6975735,118.2583911,118.8095657,6287846
2/13/2017,117.7378082,119.115754,116.8498006,118.9932718,4083916
2/14/2017,119.8506927,120.156903,117.4928794,118.1971592,7785934
2/15/2017,119.3913727,121.1367748,118.9014344,119.9731703,5793110
2/16/2017,118.8708038,120.2181268,118.656453,120.0650217,3343438
2/17/2017,119.0545502,119.5444885,118.5033754,119.4220062,3230898
2/20/2017,119.6057205,120.1568952,117.7378362,119.2382645,8954741
2/21/2017,120.1875229,120.4937331,119.115787,119.8813126,3280290
2/22/2017,119.7894592,121.565475,119.483249,121.2592648,5671343
2/23/2017,120.0344086,121.014285,119.0239186,119.9731628,20504597
2/27/2017,119.2382889,121.2592787,118.6871141,120.6468581,7881156
2/28/2017,118.5339813,120.830558,117.9827973,120.7080758,10367585
3/1/2017,118.7176895,120.4630819,118.4420929,120.4630819,11243767
3/2/2017,118.0134048,119.3607278,117.6765718,119.2994914,6978509
3/3/2017,118.2277756,118.5033629,117.3397677,117.7990831,4294857
3/6/2017,118.6871185,119.2689163,118.1971802,118.5033905,3847930
3/7/2017,120.2793884,120.6162216,118.5033726,118.8095829,7768654
3/8/2017,118.1665268,120.7693138,117.7684572,120.6468315,6553289
3/9/2017,116.1455231,117.4009867,115.8086993,117.2785045,6323875
3/10/2017,117.3397598,117.8603116,115.3187705,116.1761554,7822853
3/14/2017,117.5234756,119.1770183,117.2785112,119.1770183,8850096
3/15/2017,116.7885666,118.1665125,116.6660844,117.1560226,4219974
3/16/2017,117.4622498,118.5646085,117.1254166,118.1971525,6732778
3/17/2017,116.3599014,117.829707,116.0230683,117.5847425,7462534
3/20/2017,116.8804779,117.4010298,116.1761886,116.3905395,5070076
3/21/2017,118.8401871,119.0851515,116.9723029,116.9723029,6715278
3/22/2017,117.8909378,118.7483227,116.9723071,117.8909378,4960436
3/23/2017,118.5646057,119.1157804,118.0440446,118.5339828,4208188
3/24/2017,117.5234756,118.4421063,117.1866519,118.4114927,9289757
3/27/2017,115.6862259,117.5847331,115.4412614,117.4622509,4780041
3/28/2017,114.4613953,116.3599027,114.0939485,116.1761746,9790503
3/29/2017,114.492012,115.1963012,114.1551789,115.0738096,9676087
3/30/2017,112.6241226,115.2881554,112.0729479,114.5532527,14882692
3/31/2017,113.2977753,114.0939237,112.8078371,113.2365295,8217678
4/3/2017,113.787735,114.1245681,113.1753145,113.4202789,4802523
4/5/2017,114.0633163,114.3389037,113.1446856,114.1245621,6772865
4/6/2017,114.8594513,115.1962844,113.4202596,113.9101978,7216198
4/7/2017,114.1551895,115.4106535,113.6958741,114.981961,8049423
4/10/2017,114.1857681,114.9819164,114.032663,114.7063291,3953031
4/11/2017,115.0431976,115.3800214,114.4307771,114.8900925,7982429
4/12/2017,114.3388901,115.5637309,113.7570925,115.1656614,4050669
4/13/2017,113.1752853,114.7063363,112.899698,114.5226083,3338347
4/17/2017,112.1342163,113.5427762,111.7667602,113.5427762,3070001
4/18/2017,110.8174744,112.930323,110.541887,112.287289,3358340
4/19/2017,110.1438141,111.4298913,109.7457352,110.8480938,4198156
4/20/2017,109.6845016,112.317902,109.3170457,110.939956,9102962
4/21/2017,110.3887787,111.4911373,110.0519456,110.2969194,4117134
4/24/2017,111.123703,111.5830184,110.5419054,110.5419054,4311732
4/25/2017,111.1543045,111.736102,110.5112612,111.7054791,5784684
4/26/2017,110.2969284,111.3380413,110.1132004,111.2155591,4850265
4/27/2017,109.6845016,110.7256145,109.1945634,110.6643687,7471812
4/28/2017,114.2470627,114.6145094,109.8682499,110.235706,10789077
5/2/2017,117.8296814,118.748312,114.9206845,115.1350354,17143827
5/3/2017,117.0335846,119.2689161,116.7579878,118.7789778,6245067
5/4/2017,115.6862259,117.8603205,115.3800156,117.5847331,4432281
5/5/2017,112.5628815,115.5025015,111.6136279,115.4412557,8117137
5/8/2017,113.8796005,115.2575468,112.6853823,113.0528384,5592129
5/9/2017,113.9714432,114.9819331,113.6039872,114.461372,4713977
5/10/2017,115.1044159,115.4106261,113.6652335,114.4919955,4038348
5/11/2017,112.4403992,116.5129915,112.1341889,115.8087117,10796830
5/12/2017,113.205925,114.1551692,112.6853639,113.1446792,6242350
5/15/2017,114.3695068,115.3187603,114.0020509,114.7063399,5766195
5/16/2017,113.3896255,114.8288171,113.0528018,114.7981942,6960470
5/17/2017,112.9915848,114.3082851,112.6241287,113.4202773,6074714
5/18/2017,110.7868652,112.930337,110.5419008,112.930337,4628258
5/19/2017,110.2663269,111.8586148,109.7151428,111.3992994,5853904
5/22/2017,108.4902725,111.2155508,108.1534488,110.8787177,5558525
5/23/2017,106.9592056,108.9495717,106.3774082,108.9495717,5162996
5/24/2017,106.3774338,107.9391078,105.8874955,106.7448898,6540417
5/25/2017,106.6530533,107.5716843,106.2549836,107.0511323,8230189
5/26/2017,107.6328964,108.7046322,106.7448886,106.9898531,6460263
5/29/2017,107.6328964,108.58215,104.8463814,106.8673708,6629243
5/30/2017,109.408905,109.8376068,106.0099792,107.23482,6532975
5/31/2017,108.3984222,109.3476758,107.3266864,109.3476758,10715866
6/1/2017,106.5611649,108.3371805,105.7037799,108.3371805,8676208
6/2/2017,106.5611649,107.4491727,106.0099902,107.1123396,4039371
6/5/2017,107.6328964,109.3170527,106.6224064,106.7755115,5836542
6/6/2017,104.9994888,107.7860039,104.7851473,107.7860039,6437174
6/7/2017,105.366951,106.5611691,105.0301178,105.0301178,7404338
6/8/2017,104.4483032,105.152583,103.4990497,104.8769956,5798852
6/9/2017,103.6215515,104.8770155,102.7641665,104.7545332,6859186
6/12/2017,103.1928406,104.4176814,102.9784897,103.805261,4382264
6/13/2017,103.5603027,103.9583723,102.7947772,103.5603027,5988071
6/14/2017,103.8052597,104.1420928,102.9784884,103.6215317,5698882
6/15/2017,102.3660507,104.6626269,102.1517092,104.1420752,8396153
6/16/2017,102.3660507,102.825366,101.5699118,101.9679813,9457498
6/19/2017,101.692421,102.7641568,100.8044131,102.5804288,5175569
6/20/2017,103.5603027,104.3258283,101.5393134,102.274216,6212122
6/21/2017,100.9269104,103.1622417,100.651323,103.0091366,8411843
6/22/2017,98.26285553,101.1412297,98.0178911,100.9268881,8856235
6/23/2017,96.82366943,98.81403574,96.33373124,98.72216708,4803636
6/27/2017,97.95664978,98.5078338,95.04765262,97.34422933,7105195
6/28/2017,96.82366943,98.87527218,96.45621345,98.63030775,7419236
6/29/2017,96.67059326,98.56909147,96.30313717,97.86481154,8800016
6/30/2017,96.3337326,97.25236322,95.72131219,96.63994281,5746101
7/3/2017,97.43610382,97.68106828,95.47635077,96.39498151,6622621
7/4/2017,97.92603302,99.05901467,97.37485831,97.68106856,5371351
7/5/2017,99.70204926,100.1307417,97.95664727,98.2322346,5605189
7/6/2017,99.02839661,100.0695096,98.04852938,99.70206292,7115526
7/7/2017,97.74228668,99.21209171,97.43607652,98.90588155,5247930
7/10/2017,99.45707703,99.94701525,98.59969214,98.75279725,1376868
7/11/2017,98.14038086,100.0695016,97.98727574,99.54894982,7988251
7/12/2017,99.73267365,101.6005485,98.63031497,98.63031497,12966188
7/13/2017,97.31359863,100.4981922,97.12987999,100.4981922,9072801
7/14/2017,96.97678375,98.01789667,96.54808195,97.68106354,7114944
7/17/2017,98.0178833,98.53843501,97.25235783,97.98726041,6649645
7/18/2017,99.02839661,99.21212463,97.61982754,98.29349385,5319994
7/19/2017,99.82452393,100.1307341,97.86478054,99.24272642,9814913
7/20/2017,101.5699539,102.794795,99.27337681,99.33461326,16154989
7/21/2017,100.6513138,102.0292599,100.1919984,101.9373912,7090770
7/24/2017,99.97764587,101.0493817,99.02839224,101.0493817,10394896
7/25/2017,100.0082779,100.3144882,99.05902417,100.1307601,6521103
7/26/2017,100.4369431,100.804399,100.0694871,100.5900482,9143178
7/27/2017,99.76328278,101.0493694,99.21210814,101.0493694,12361923
7/28/2017,100.8962708,101.3555861,98.14037868,98.96715004,10303502
7/31/2017,103.7440186,104.1114746,101.0493724,101.0493724,13899095
8/1/2017,102.5191879,104.295213,102.1517412,104.2645901,6705176
8/2/2017,101.2943649,102.5804519,100.4982256,102.5804519,7743355
8/3/2017,101.4780655,102.1211088,99.91639149,101.049373,6902925
8/4/2017,101.9067459,102.4579299,100.1919763,101.3555713,6316753
8/7/2017,101.6005859,102.3048753,101.1106569,101.6618317,3289743
8/8/2017,100.4369431,101.8455118,99.51831248,101.6311609,5981069
8/9/2017,101.4780655,101.7842757,99.51832194,100.3144704,5908883
8/10/2017,100.2532425,101.4168471,99.30398877,100.7431808,8412268
8/11/2017,97.77293396,99.21212594,97.06865409,98.93653857,5471462
8/14/2017,99.02839661,99.39585266,97.98728359,98.17101161,3892174
8/16/2017,98.5690918,99.05903014,97.68108381,99.02840724,6213088
8/17/2017,98.35474396,98.99777806,97.98728789,98.50784909,5184915
8/18/2017,98.53845978,98.99777518,97.68107477,98.04853083,5559512
8/21/2017,96.24186707,100.7737839,95.78255174,98.87527679,11137965
8/22/2017,97.65042877,98.23222627,96.45621089,96.76242108,5611720
8/23/2017,97.80355835,98.44660179,97.52797098,98.23225086,2344934
8/24/2017,97.65042877,98.23222627,97.40546436,98.23222627,3724532
8/28/2017,98.35474396,98.84467292,97.74232341,98.23225237,3680139
8/29/2017,96.30311584,97.98727208,96.15001073,97.98727208,7756416
8/30/2017,97.00739288,97.43609466,96.54807756,97.00739288,5219322
8/31/2017,96.11938477,98.38533849,95.56821012,98.35472495,16715886
9/1/2017,97.95664978,98.23223712,96.33373931,96.76243176,6511029
9/4/2017,99.08963776,99.395848,97.43610429,98.23224346,4859269
9/5/2017,99.70204926,100.222601,98.84465503,99.82453147,5823055
9/6/2017,99.39585114,100.3144819,99.15087732,99.45708758,3791076
9/7/2017,99.39585114,99.94702586,98.96715865,99.94702586,9101357
9/8/2017,99.12025452,100.0082623,97.58920338,99.45707829,10505052
9/11/2017,99.85516357,100.3757154,98.59969969,99.3958482,9449161
9/12/2017,99.39585114,100.1307539,98.90591286,99.88578941,10536298
9/13/2017,98.63031769,99.7020535,98.50783546,99.27336104,7006941
9/14/2017,97.58921814,99.51833913,96.9155518,98.90591858,15371676
9/15/2017,102.1211166,102.7947829,97.37485784,97.68106809,25453536
9/18/2017,101.1718674,102.8560238,100.9269029,102.3048491,8383548
9/19/2017,101.6005859,101.998665,100.2838852,100.3145081,7052113
9/20/2017,102.7029037,104.6626472,100.7431602,102.2742113,12062311
9/21/2017,102.0875549,103.5028756,100.7645433,103.1951976,7198883
9/22/2017,101.1952744,101.7183306,100.4876188,101.7183306,10308999
9/25/2017,101.4106827,101.7183607,99.10309741,100.8568566,8935570
9/26/2017,105.4720154,106.1489107,102.2106361,102.2106361,19866213
9/27/2017,104.7336044,106.487373,104.3951567,105.872017,7437060
9/28/2017,105.5643082,106.6719507,102.6105979,104.1489877,14120709
9/29/2017,105.1950912,107.287307,104.610505,105.7181475,6418518
10/3/2017,105.0104904,107.1027063,104.6105128,107.0719366,5604933
10/4/2017,105.9028015,106.333549,104.6720892,105.0720669,5087199
10/5/2017,105.3489227,106.2719565,105.1027841,106.2719565,3767993
10/6/2017,106.9796371,107.5026841,105.5335469,105.7181556,6144349
10/9/2017,105.0412598,106.7334886,104.8566511,106.702719,2981922
10/10/2017,104.8258896,105.9335228,104.0566947,105.2258672,3112910
10/11/2017,104.087471,105.9335391,103.3798153,105.4720221,4202871
10/12/2017,104.4258957,104.9797216,103.2259535,104.4258957,4877955
10/13/2017,104.395134,104.8258907,103.5644091,104.087456,5190805
10/16/2017,105.8719788,106.3950256,104.641267,104.8874056,5054731
10/17/2017,105.3489227,105.8412093,104.6104976,105.3181531,6819547
10/18/2017,107.348877,107.656555,104.9182221,105.2259001,7869107
10/19/2017,105.8719788,107.9949546,105.4104619,107.6872767,1215089
10/23/2017,105.6566391,106.7027426,104.9489833,106.3950645,4126469
10/24/2017,108.3026276,109.0718224,105.256618,105.5335263,10817861
10/25/2017,108.8257141,109.7179784,108.0257494,109.5026001,6103342
10/26/2017,109.1333923,110.764082,108.2411186,108.5795663,15326252
10/27/2017,113.225502,113.7793186,109.0410794,109.4718267,9866477
10/30/2017,114.8254166,117.7483571,114.4561993,115.6869111,16606395
10/31/2017,117.5945511,118.1483678,113.5947366,114.70237,10698129
11/1/2017,117.5330124,118.8867939,116.9791957,118.1483685,5341109
11/2/2017,115.6869278,118.2714211,115.4100195,117.5329958,4024181
11/3/2017,119.970459,120.3143854,116.3122474,117.0313784,7942915
11/6/2017,124.5979614,125.3483613,119.5014865,120.5958224,16363370
11/7/2017,121.189888,128.5063034,120.6270809,126.6302989,20559837
11/8/2017,120.408226,122.378027,119.4389551,121.9402945,6275377
11/9/2017,118.5634766,121.9402805,116.2184712,121.2836771,7527346
11/10/2017,119.5015106,120.4707721,117.7818395,118.8136384,6035746
11/13/2017,115.186676,119.0012224,114.7802122,118.7823514,6894203
11/14/2017,113.810936,115.7494777,113.4044722,115.6244031,4663077
11/15/2017,111.0281906,113.4357238,109.9338548,112.9354636,7701984
11/16/2017,112.0287094,114.2173809,110.7467809,114.1235845,7245718
11/17/2017,111.0594559,114.7489271,110.8093162,114.0610551,6851616
11/20/2017,112.560257,112.8416557,111.1219851,111.7473199,4004561
11/21/2017,113.1230392,113.8109112,111.4346375,113.1230392,5170506
11/22/2017,113.3731766,114.2799099,112.5602396,113.3106393,3217008
11/23/2017,113.6233139,114.2799173,112.8729142,113.7483789,3511238
11/24/2017,113.185585,114.1861244,112.8103804,114.1235871,2358579
11/27/2017,115.0928726,115.3430027,113.5295356,114.0298054,6930971
11/28/2017,113.3419266,114.8739948,112.5602581,114.6238648,10710188
11/29/2017,114.0923157,115.2179201,113.1855823,113.1855823,5407391
11/30/2017,112.966713,113.8109186,112.2163132,113.1855839,9645385
12/1/2017,112.3413849,114.4987974,111.9349211,113.8109254,3451636
12/4/2017,113.5607834,114.9365178,113.0917824,113.3419124,6347567
12/5/2017,111.5597153,112.9979871,110.8718528,112.622792,4550575
12/6/2017,109.9651337,112.0599996,109.6837254,111.5597298,4194219
12/7/2017,110.7155304,110.9031327,109.6524631,109.7775282,4373514
12/8/2017,112.7165756,113.4357067,110.9656366,110.9969053,4832733
12/11/2017,111.8723907,113.7796638,111.1219909,113.7796638,2310668
12/12/2017,114.6238556,115.186653,112.6853142,112.8103792,6983526
12/13/2017,114.9990616,116.9376032,114.4988014,114.8739965,11488267
12/14/2017,115.2804565,116.7499874,114.0610462,116.2809863,5885128
12/15/2017,114.4362488,116.3747901,113.9985164,115.7807146,7297568
12/18/2017,114.4675217,114.9990505,110.6842447,114.436253,4785160
12/19/2017,115.8119812,116.3122509,114.4362468,114.4675155,4240135
12/20/2017,117.5629272,119.5014687,117.2502599,119.2513291,8877376
12/21/2017,117.5629272,118.5634666,117.0001298,118.1257247,3893100
12/22/2017,120.9397278,121.1898674,117.4065905,118.0006566,8914713
12/26/2017,121.1273499,123.284753,120.502015,121.8464906,11345494
12/27/2017,120.4394913,122.5656259,119.6578227,122.1278934,7260402
12/28/2017,120.6895828,121.5650475,120.0955168,120.7833792,12772109
12/29/2017,122.0653534,122.5030859,120.3769513,121.3149535,5899591
1/1/2018,120.2831497,122.3780155,120.0642787,122.0653481,5899565
1/2/2018,123.0971375,123.5036012,121.9402645,122.4092655,12878378
1/3/2018,120.9710007,123.4410709,120.689602,123.4410709,8032715
1/4/2018,124.7542801,125.0669475,122.0653388,122.1278761,12740860
1/5/2018,124.0976944,125.6610315,122.7532283,125.6610315,6812787
1/8/2018,123.4410934,125.0044305,123.003361,123.8162982,4858711
1/9/2018,123.1909714,124.4416411,122.8783039,124.1289737,4598757
1/10/2018,123.753746,125.0669529,123.3472823,124.0038857,7673209
1/11/2018,123.753746,124.8793505,123.1909486,123.8162833,5701402
1/12/2018,125.5359497,126.2863495,123.5974082,124.3790766,9291346
1/15/2018,122.9408264,125.2858319,122.5656217,124.7542935,4500523
1/16/2018,123.3160019,123.9726052,121.9402674,123.5661415,5778244
1/17/2018,122.3780212,124.222757,121.3774913,122.7532259,6306388
1/18/2018,121.3774796,123.5036139,120.8459412,122.8157419,6247782
1/19/2018,121.1273499,122.6594182,120.0642826,121.4087486,5046015
1/22/2018,125.5046616,128.7876685,123.8162599,123.8162599,23165754
1/23/2018,129.6631622,130.5073584,125.3170782,126.3176176,15755015
1/24/2018,131.8518677,132.570999,130.0696594,130.8200594,16132441
1/25/2018,130.382309,133.1025192,129.506844,132.8211109,10247173
1/29/2018,128.2874298,130.3510365,127.7246323,130.0696378,7620080
1/30/2018,128.0685425,130.0696115,127.2556055,127.4744765,7323876
1/31/2018,127.2243271,127.9434676,124.3165249,126.9429284,11990243
2/1/2018,121.877739,129.4755619,121.3149415,127.5995576,10015459
2/2/2018,120.5019913,123.6599333,117.5629202,121.3149283,12239774
2/5/2018,118.0319366,120.3456734,117.5629356,120.3144047,7607002
2/6/2018,115.9683151,116.9375858,112.6227803,113.8109124,5935676
2/7/2018,118.8136215,119.7516238,116.937617,117.5942205,8644010
2/8/2018,118.0006638,119.8141402,117.5629313,118.8136008,4540513
2/9/2018,117.1564636,118.9386619,115.4367931,117.1877227,7314145
2/12/2018,119.4389648,121.627637,119.032501,120.0642997,14960914
2/14/2018,116.1559296,120.0642717,115.2491961,119.438937,4960527
2/15/2018,117.7505264,118.1882588,115.68692,117.0001267,5046557
2/16/2018,116.875061,118.3758702,116.624931,117.312803,4167034
2/19/2018,115.8745499,117.1877473,113.7171465,117.1877473,4265576
2/20/2018,116.937561,117.8755629,115.5618269,116.1871615,5328584
2/21/2018,118.9073563,119.3138294,115.499285,117.5628908,4651807
2/22/2018,116.374794,117.8130562,115.8432557,117.2502588,8629189
2/23/2018,118.6885452,119.3451487,116.6249385,116.9688746,4880302
2/26/2018,119.0324402,120.0329698,118.500902,119.0324402,2721955
2/27/2018,117.8756104,121.5338228,116.3748106,119.4389474,6611097
2/28/2018,117.7505264,118.9386585,116.499857,117.3753218,6147245
3/1/2018,118.6259918,118.9386592,117.156461,117.5003874,3450224
3/5/2018,116.0308456,118.4383783,115.1866401,118.1882483,5082390
3/6/2018,115.9370651,116.8750673,115.3742676,116.6249372,2906142
3/7/2018,113.4982452,115.8432503,111.8098435,115.6869166,4482279
3/8/2018,112.6540604,114.248666,112.1850593,113.8109336,3288627
3/9/2018,112.4977417,114.405015,112.2476116,112.7478814,2053847
3/12/2018,114.9677811,115.2491798,111.9349041,113.1230362,4161129
3/13/2018,116.2339554,116.6137991,114.9361343,115.4742486,2457755
3/14/2018,114.3347015,116.5504903,113.7965776,115.7274811,4846612
3/15/2018,114.1448059,114.841191,113.1635258,114.651274,5145739
3/16/2018,112.1505661,114.2397404,111.4858372,114.1447819,8194541
3/19/2018,111.9606552,112.9419255,111.5174897,112.4987696,5782668
3/20/2018,110.2196808,112.5304283,109.9031395,111.675763,3020586
3/21/2018,111.1376495,112.2455441,109.9347868,111.2326081,4055822
3/22/2018,113.2584686,115.0311018,111.7707304,112.0556156,8348549
3/23/2018,112.3088455,113.6699789,111.5174923,111.5491484,6884971
3/26/2018,113.2584686,113.606666,111.422533,113.606666,4169998
3/27/2018,113.7016144,114.6512381,112.2138667,114.3030408,3823981
3/28/2018,112.5620956,113.3217929,111.4858571,113.0052516,6229049
4/2/2018,113.923233,114.5246597,112.9419529,113.3851185,2235832
4/3/2018,112.3721542,113.4483927,111.6757596,112.4987688,3552271
4/4/2018,111.0426865,113.0052464,110.5995306,113.0052464,3353172
4/5/2018,112.3404999,112.6253851,111.0743347,111.7390734,5375271
4/6/2018,112.023941,113.5433448,111.6757437,113.5433448,3633964
4/9/2018,112.9419556,113.4167676,111.6124876,112.1189557,4046065
4/10/2018,114.0814667,114.3347055,112.8153017,113.5749987,5180326
4/11/2018,115.3160019,117.3735205,114.1764608,114.904502,11607043
4/12/2018,115.062767,116.4872029,114.5879551,115.9490788,4277125
4/13/2018,115.5375824,116.170665,114.6512706,115.0944265,3050131
4/16/2018,114.9044724,115.4425963,113.828234,115.3476282,2308502
4/17/2018,114.4613266,115.2843358,113.5117028,115.0627531,2721706
4/18/2018,115.284317,115.8224313,114.5879225,114.6195785,3279393
4/19/2018,116.4555283,117.91162,115.0627486,116.0123724,5004280
4/20/2018,115.4426117,117.1202767,114.6512585,117.1202767,1618027
4/23/2018,114.6195984,116.3289194,113.5750064,116.1073366,3930421
4/24/2018,115.6325302,115.885769,114.9044891,115.2843425,4080212
4/25/2018,113.6066666,115.5059143,113.1318546,114.9677999,3629856
4/26/2018,114.4613266,115.0944091,112.2455377,113.6066613,6742459
4/27/2018,114.3980255,115.8541174,113.6699844,114.5562962,4687951
4/30/2018,114.3030472,115.1893588,112.8786116,113.0052261,3335191
5/2/2018,113.9865112,114.904479,113.4800433,114.904479,4157973
5/3/2018,114.6512451,115.4425982,113.7649238,113.9231944,2796713
5/4/2018,114.1131058,117.2152058,113.66995,115.0943855,5325720
5/7/2018,116.4238815,116.8037349,114.4613313,114.7462166,4799480
5/8/2018,115.9174347,117.848329,113.6066773,117.0253293,5730645
5/9/2018,115.7591476,117.5950832,115.3476382,116.7404179,3075560
5/10/2018,119.1777954,119.8741901,116.1706532,116.7720797,10328901
5/11/2018,118.7029724,119.6525962,117.9432753,119.367711,4926216
5/14/2018,118.5447083,119.3360614,117.025314,118.7029789,3255344
5/15/2018,119.6526337,121.5518818,116.6138347,119.6526337,5877427
5/16/2018,117.8799667,119.6209437,111.2959122,119.6209437,8348946
5/17/2018,119.3994141,119.9058725,117.0886562,117.7217389,4519306
5/18/2018,117.1519394,121.393591,116.8670541,119.6526138,4488003
5/21/2018,117.5950775,119.4310129,117.2468802,118.0382333,3380355
5/22/2018,117.2469101,119.3360849,116.4872128,117.8799928,3796268
5/23/2018,111.0426865,117.3418662,110.3463014,116.4238887,5590802
5/24/2018,106.1679382,111.4858373,98.22275056,111.169296,34819270
5/25/2018,111.0743408,111.5491528,103.0975058,105.0917122,12361678
5/28/2018,111.1692886,113.1951507,109.9664261,110.7894353,8087040
5/29/2018,111.1376495,112.3088465,109.6815577,111.5491494,11015160
5/30/2018,110.1563797,113.0052516,109.3333703,111.0426915,12554659
5/31/2018,112.625351,114.1764105,110.821072,112.4987364,23822373
6/1/2018,109.6499023,111.4225355,108.0038934,111.4225355,9847581
6/4/2018,108.3204422,111.0426898,107.8772766,111.0426898,5294603
6/5/2018,108.3837051,109.0800996,107.1175403,107.9405494,5918946
6/6/2018,107.8139954,109.0485048,107.497454,108.415422,3331408
6/7/2018,109.3017044,109.9980991,107.6873515,107.6873515,5086661
6/8/2018,109.9664536,110.7261508,108.9535271,110.1563803,4323567
6/11/2018,109.7132339,110.3463166,109.2067659,110.188046,3192749
6/12/2018,108.5103455,111.1692999,108.1305017,109.4283229,4564556
6/13/2018,107.624054,108.8902193,106.7377421,108.130522,5321172
6/14/2018,106.6744232,108.1305152,105.7247993,107.3075058,4188442
6/15/2018,104.743515,106.5478043,104.1737445,105.3449416,7589493
6/18/2018,104.2053833,105.9780066,103.3507181,104.3953003,4390244
6/19/2018,104.3320313,105.5981967,103.5090218,104.7118751,4413184
6/20/2018,103.0341797,104.4586154,102.6543263,104.4586154,5768211
6/21/2018,101.103302,103.6356327,100.185334,103.6356327,12638114
6/22/2018,101.0083313,101.7047164,100.4385512,101.7047164,5371207
6/25/2018,99.17238617,101.7363727,98.82419846,101.5147995,5899032
6/26/2018,100.2169876,100.5968314,98.79255162,99.01412475,5960446
6/27/2018,98.91918945,100.5652086,97.77963846,100.2486672,7034207
6/28/2018,97.17817688,100.4069019,96.10193842,98.95081005,17670403
6/29/2018,100.2802734,100.8817096,97.58967256,98.22275512,7079407
7/2/2018,98.44433594,100.0270423,97.17817085,99.93208379,9196529
7/3/2018,99.8371048,102.3061323,97.93785736,98.1594401,12087830
7/4/2018,98.76087952,100.0270446,98.15945302,99.90043006,5194030
7/5/2018,99.01411438,99.77382122,97.6213346,98.7608852,6807718
7/6/2018,98.41267395,99.61553651,98.28605938,99.33064165,3633191
7/9/2018,99.64720154,100.2802842,98.25442169,98.76088973,4379183
7/10/2018,99.9954071,101.1666139,99.61556329,100.3436045,5276248
7/11/2018,100.0903702,100.50187,99.07743408,100.027058,6653936
7/12/2018,100.6284866,101.41984,97.9695414,101.0399962,8165181
7/13/2018,97.55801392,100.6917703,97.24147268,100.6917703,3523600
7/16/2018,97.36811829,98.85585679,96.89330628,98.57097152,3680440
7/17/2018,98.85584259,99.29900813,96.51343894,97.01990694,3952416
7/18/2018,101.4831314,104.3320028,99.29899861,99.33064501,16571981
7/19/2018,102.4011154,104.5852486,101.7996889,103.002542,8472466
7/20/2018,99.9954071,102.5593939,99.14075128,102.4011232,5475594
7/23/2018,99.10908508,100.5018649,98.00119051,100.058709,4553137
7/24/2018,99.52057648,100.153659,98.66592082,99.52057648,3943002
7/25/2018,100.6917877,101.7680262,99.55223713,99.86877842,4063454
7/26/2018,102.9075699,103.8255376,100.1536569,100.7867395,8778489
7/27/2018,102.1162262,103.0658501,101.3881754,102.8759234,3542015
7/30/2018,103.8888397,105.3765778,102.0212387,102.2111653,9599714
7/31/2018,104.9017944,105.5665332,103.1924732,104.9651066,6815180
8/1/2018,105.8514099,106.8326899,104.5535886,104.6169008,4618179
8/2/2018,105.3449326,108.1305016,104.6168915,107.2441802,7825776
8/3/2018,105.598175,108.2571199,105.2183216,107.8772665,12172870
8/6/2018,107.1492386,107.4341238,105.598188,105.7881148,5159560
8/7/2018,106.0729904,107.6240408,105.4399078,107.6240408,4300164
8/8/2018,109.2067413,109.4599705,106.1046407,106.1046407,7991348
8/9/2018,106.9276505,109.4599809,106.5794627,109.2384078,4437178
8/10/2018,107.1492386,108.1938211,106.4528438,107.2441971,4341382
8/13/2018,105.1233444,106.9276236,104.7751471,106.9276236,3731211
8/14/2018,105.2499619,105.7247737,104.3636502,105.313274,3791016
8/16/2018,104.1104202,105.4715535,103.7305765,105.028388,4184404
8/17/2018,103.2241211,104.4586302,102.8759237,104.1420889,4754545
8/20/2018,106.8010254,107.5607225,103.8255393,103.8255393,9674107
8/21/2018,107.7506638,108.4154025,105.5981866,107.4974346,5181397
8/23/2018,108.826889,109.2067424,106.9276413,108.2571186,6635245
8/24/2018,110.6311798,111.7390743,108.1305056,108.2571202,9867693
8/27/2018,111.4541702,111.9922845,110.7894317,111.0743169,3612496
8/28/2018,110.5362244,113.0052426,109.681559,111.5491507,5439278
8/29/2018,112.0556259,113.1318645,110.2196901,110.7894607,6288920
8/30/2018,112.3404999,115.1577154,111.5174906,111.9923025,11296260
8/31/2018,113.9865112,114.7462083,112.5304195,113.163502,8916222
9/3/2018,112.2455444,114.4296774,111.834035,114.4296774,3168480
9/4/2018,110.3779373,112.7836431,109.9031254,112.5304139,2874936
9/5/2018,109.9664536,110.7894629,108.0988617,110.2513388,3735722
9/6/2018,110.4728928,111.517475,108.003875,110.1563515,6809374
9/7/2018,108.826889,110.7894489,108.3204307,110.7894489,5309239
9/10/2018,106.7693558,108.4470301,106.4211681,107.9405622,5569685
9/11/2018,106.2312546,107.6240343,105.9780158,106.801025,8750333
9/12/2018,106.6744232,108.1305152,105.2183312,105.2183312,5610743
9/14/2018,109.2384033,109.7132153,106.6111048,107.3074995,4720460
9/17/2018,108.7002792,109.8714859,108.0355406,108.3204355,4012086
9/18/2018,110.0930557,110.5362213,108.7319321,109.1117855,6426239
9/19/2018,112.9323196,114.0169784,110.5396858,110.5396858,10038603
9/21/2018,115.1016159,115.8353627,112.7408862,113.1237114,9298030
9/24/2018,115.229248,118.2918115,114.3997997,115.4844584,13799885
9/25/2018,116.3139114,117.8132895,114.463602,116.090595,8363857
9/26/2018,115.229248,117.908996,114.1764833,117.908996,6680285
9/27/2018,112.1666946,115.9630057,111.6881678,115.5482863,7853039
9/28/2018,113.0599442,115.4844822,109.9654763,112.9323389,8598293
10/1/2018,114.2083969,115.5482759,111.4329376,114.3998096,4582462
10/3/2018,115.7715759,117.0795511,113.5065472,113.5065472,8893914
10/4/2018,109.9973679,116.4734371,104.2231517,115.1654617,7866152
10/5/2018,93.82315063,102.1176146,92.89800083,102.1176146,35255036
10/8/2018,95.57774353,96.24768292,92.32375778,95.06731306,11709162
10/9/2018,93.56790924,96.91759587,92.80226853,96.02435,6818577
10/10/2018,94.8121109,96.63050684,93.21702162,93.21702162,10873198
10/11/2018,97.58756256,101.830506,93.21702367,93.21702367,15633772
10/12/2018,100.4268188,101.0329606,98.28940502,98.70412434,6089606
10/15/2018,102.1813889,102.6599155,99.94826444,101.4157481,4679911
10/16/2018,105.6587219,106.6795733,102.7875611,103.3298856,8912396
10/17/2018,103.42556,106.7433427,102.436603,106.2967198,5347724
10/19/2018,102.3728104,104.4783298,100.1715895,103.6807853,7258192
10/22/2018,99.50167084,103.2341838,99.05504777,102.7237532,5476435
10/23/2018,99.15074158,100.4268129,96.27958099,99.11884758,8239765
10/24/2018,100.6501465,101.8943143,98.00230183,100.7777517,8342857
10/25/2018,99.11885071,103.8722148,97.65136664,100.1716057,32100452
10/26/2018,96.8538208,100.0439993,95.48203821,99.53356878,9427229
10/29/2018,98.83172607,99.37406031,96.08818035,97.30044429,5954637
10/30/2018,97.58756256,98.89553775,97.04523803,98.89553775,4156028
10/31/2018,97.77895355,98.89551583,96.59858382,98.25748024,7562821
11/1/2018,98.41701508,99.40597244,97.84278679,99.21455977,5220182
11/2/2018,100.3949356,101.0967691,98.95935508,99.2145655,7789972
11/5/2018,98.86362457,105.275885,98.38509782,105.275885,15261029
11/6/2018,99.56546783,100.9372406,98.12988758,99.50166037,7749980
11/7/2018,100.1715927,100.7139269,99.91638236,100.5225143,491522
11/9/2018,99.78877258,100.8096335,98.99122801,100.8096335,6478458
11/12/2018,99.56546783,101.0648458,99.11884481,100.139696,4686739
11/13/2018,99.85259247,100.8096461,99.34216193,99.56547833,5499454
11/14/2018,102.7237167,104.5740158,100.3310836,100.6181976,15008061
11/15/2018,101.3519745,103.361783,100.8734477,102.9789577,3468318
11/16/2018,99.75689697,100.8096521,97.49186803,100.8096521,7515249
11/19/2018,98.60842896,99.85259674,97.68327905,99.53357886,4614296
11/20/2018,97.68325806,99.4059523,97.39613424,98.60840777,5480470
11/21/2018,96.82190704,99.21454066,96.53479296,98.89552285,4573137
11/22/2018,97.14093018,98.44890524,96.75810488,97.30043909,4477092
11/26/2018,93.53603363,98.00228334,92.57898012,97.61945805,8093330
11/27/2018,93.21700287,94.33356514,92.03663314,94.04644134,9231112
11/28/2018,91.11148834,94.55687679,90.63296163,93.66363082,14201939
11/29/2018,89.70781708,91.81332695,87.8256041,91.81332695,28991042
11/30/2018,89.5164032,91.6857205,88.36793709,90.34585149,23675557
12/3/2018,90.92008209,91.23909992,89.45259812,89.93112487,8371191
12/4/2018,93.248909,94.39737515,90.85627524,90.98389016,9753442
12/5/2018,91.68572235,94.4930851,90.85627405,93.12130259,9774733
12/6/2018,89.4207077,90.9839031,88.36795259,90.9839031,5771659
12/7/2018,88.94219971,90.25017524,88.08085709,89.45263037,10571838
12/10/2018,87.47468567,90.12252955,86.23050845,88.36793163,33096556
12/11/2018,88.11273193,88.65505642,85.9753085,86.7728531,14884397
12/12/2018,90.40966034,90.92009087,88.59126436,89.00598369,14020937
12/13/2018,91.43050385,92.00473199,90.28203781,91.23909122,11251819
12/14/2018,93.69553375,95.96055239,89.70781117,91.23909275,23355616
12/17/2018,94.58880615,95.64156131,93.21703309,94.4292972,12767531
12/18/2018,94.17407227,95.03541461,93.34462392,94.36547519,10474177
12/19/2018,94.58880615,94.93972779,93.9826741,94.11027931,7008346
12/20/2018,94.8121109,96.18388379,94.04646026,94.39738185,21204077
12/21/2018,94.74832153,95.25875215,94.17409318,95.06733945,17767999
12/24/2018,94.36548615,95.51395247,93.98267053,94.7483115,8200455
12/26/2018,93.53603363,95.35442946,92.99369941,94.49308714,9247671
12/27/2018,95.51393127,96.59858989,93.15320141,94.01455339,44356763
12/28/2018,96.02437592,96.66241164,94.42928661,94.55689181,10732729
12/31/2018,95.64156342,96.21580148,95.13114256,95.80107237,5778308
1/1/2019,94.74832153,95.76918276,94.42930362,95.70537529,4496586
1/2/2019,93.82315063,94.65259898,92.99370229,94.4292826,17436694
1/3/2019,90.85626984,92.92988563,90.34584912,92.51516637,26599483
1/4/2019,92.96179962,93.28081747,90.63297321,90.63297321,7395898
1/7/2019,94.33358002,94.68449186,92.99370118,94.14216736,12700566
1/8/2019,94.07835388,95.13111854,93.34461678,95.13111854,6163846
1/9/2019,92.706604,94.55690394,92.41948984,94.36549125,4951441
1/10/2019,91.39861298,93.79124682,91.23910405,93.08940367,7131028
1/11/2019,92.29186249,92.83419674,91.65382677,91.87714317,7665486
1/14/2019,91.5262146,92.64277702,90.92008266,92.51517183,6028078
1/15/2019,92.61087799,92.83419438,91.90904456,92.32376387,3680774
1/16/2019,93.37651062,93.95073875,92.64276386,92.64276386,3667241
1/17/2019,92.51515961,94.07834484,92.16423809,93.47221298,5142302
1/18/2019,93.63172913,94.23786103,92.57897423,92.57897423,4904282
1/21/2019,92.32376862,93.91885795,91.94095302,93.79125275,4087312
1/22/2019,92.10048676,93.1532421,91.90907404,92.83422415,4113351
1/23/2019,91.43050385,92.86608395,91.23909122,92.3237498,4946218
1/24/2019,90.40966034,91.84524072,89.99494101,91.49431913,3820645
1/25/2019,90.60108185,92.16426758,90.37776543,90.66488932,3871762
1/28/2019,90.37776184,91.20721028,89.10169032,90.92009613,2910523
1/29/2019,89.99494171,91.6857325,89.38880971,90.79248637,7282910
1/30/2019,89.13359833,90.2820647,88.36795732,90.25016097,8511453
1/31/2019,90.12254333,91.11150062,88.84647192,89.4526039,28107358
2/1/2019,90.4734726,91.43052623,89.19740108,89.96304204,5260578
2/4/2019,93.31271362,94.07835445,90.88817621,90.92007994,9532350
2/5/2019,91.20720673,94.55689435,90.79248739,93.15321767,5413425
2/6/2019,93.59980774,94.26974697,90.92006053,91.4942886,5075180
2/7/2019,94.36548615,94.62070629,92.8342042,93.72745038,6080631
2/8/2019,91.97283936,94.62069327,91.33480368,93.34462191,4510762
2/11/2019,88.17654419,91.6538373,87.47471066,91.39862687,6424512
2/12/2019,87.69799042,89.931115,87.12376228,88.36792974,6816203
2/14/2019,84.31639862,85.62437352,81.41333963,85.17775055,25346334
2/15/2019,86.13481903,89.89922575,85.11395802,88.04892612,37975666
2/18/2019,87.47468567,88.62314197,86.64523743,87.28327304,10614715
2/19/2019,88.7826767,89.54832744,87.53850885,87.53850885,9077045
2/20/2019,91.90904236,92.7384907,89.32499589,90.34585688,14236359
2/21/2019,93.75933838,94.81210306,92.00474031,92.51517079,13876243
2/22/2019,94.8121109,96.02437486,93.85505733,94.8121109,18273813
2/25/2019,94.26978302,95.29064412,92.96180777,95.06732772,20216077
2/26/2019,94.11027527,95.19493412,93.15322162,94.11027527,12458860
2/27/2019,94.42929077,95.54585333,93.47223715,94.90781758,11868751
2/28/2019,98.33213043,99.72128672,94.66080755,95.52075087,48854712
3/1/2019,98.62981415,99.35745927,97.80293781,99.15900693,9764801
3/5/2019,102.5326843,102.9626561,97.80295486,98.39830189,11194669
3/6/2019,102.400383,103.8556835,101.0773807,102.5988354,15648948
3/7/2019,100.5812378,102.8634144,100.2174102,102.4003657,30210637
3/8/2019,99.48976135,100.9450718,97.24066165,100.6143213,17986042
3/11/2019,101.2096939,102.0696476,99.95284554,100.2505191,15880368
3/12/2019,100.4489212,102.9295497,99.9527955,101.8711442,10818012
3/13/2019,99.05979919,100.0520509,96.38071746,100.0520509,21001041
3/14/2019,99.91973114,100.8789056,98.89440254,99.22515305,6328309
3/15/2019,103.1941757,104.1533503,100.0189683,100.4820171,15483879
3/18/2019,102.3011322,104.054116,101.6065642,102.5326616,7575127
3/19/2019,103.8556671,107.9569717,102.4003668,103.161089,18289779
3/20/2019,100.4489212,103.8887241,99.62204503,103.6241176,28675956
3/22/2019,100.7797012,101.5073464,98.19984077,101.1765959,26751005
3/25/2019,104.9471436,106.2040017,99.68821192,100.5481654,22638399
3/26/2019,106.5448151,108.5419062,105.64612,105.8458311,16694599
3/27/2019,106.5781326,107.4435309,104.8473157,106.6114094,10063152
3/28/2019,103.7821732,106.6779596,103.3161872,106.5115353,25492224
4/1/2019,104.6808701,107.1439473,103.7156113,106.8443857,20605152
4/2/2019,104.8472824,106.3118138,104.1150116,105.9789653,10435568
4/3/2019,103.482605,105.9124053,102.9167686,105.5462699,8283863
4/4/2019,103.3494797,104.0817506,102.0513723,103.3494797,10752094
4/5/2019,104.2148895,104.6143017,102.4840729,103.8487541,6797106
4/8/2019,105.2467346,106.6779796,104.2149019,105.0470234,13120469
4/9/2019,104.8806,105.7792851,104.5477514,105.5795841,8487177
4/10/2019,105.1801453,106.4782526,104.3813107,104.4811613,9363447
4/11/2019,105.5795746,106.1121242,103.7821841,105.1801522,5279154
4/12/2019,104.9138794,106.2785505,104.6808813,105.8458514,5631030
4/15/2019,104.1483002,105.3798438,103.9153123,105.3798438,3902646
4/16/2019,106.8110886,107.177224,103.7488883,104.1815873,8394765
4/18/2019,106.9109802,107.9760897,105.8791475,107.0774045,9606055
4/22/2019,105.1135788,107.5100927,104.4478816,106.9775329,5543020
4/23/2019,109.0078888,109.8400101,104.9138561,105.1801309,10137024
4/24/2019,112.2698212,113.4680781,110.3060166,110.3060166,33596281
4/25/2019,112.4029694,113.168517,110.8718639,112.0701208,134264338
4/26/2019,112.1033859,113.1352184,111.7705374,112.8356568,8708111
4/30/2019,112.6359558,113.9340632,110.6055775,111.8371213,9844317
5/2/2019,112.4362411,114.4999063,112.1033926,112.7025261,22056708
5/3/2019,113.3349228,114.4333189,112.3030903,112.402951,12720120
5/6/2019,113.268364,114.3001965,111.9369697,113.1685134,18962836
5/7/2019,114.3002014,114.8327612,112.2365463,113.4347931,9042790
5/8/2019,112.4362411,114.100484,111.6706935,114.100484,8603091
5/9/2019,112.7690811,113.2350772,111.437687,111.437687,6869953
5/10/2019,110.7054367,112.7690918,110.3060144,112.1033946,6195094
5/13/2019,109.2409134,111.7705546,108.5086424,111.3045686,7792358
5/14/2019,109.2741776,110.1062989,107.0773852,107.8429328,7268915
5/15/2019,108.3422318,109.973188,107.7098214,109.5737758,5412275
5/16/2019,110.4724503,111.1048606,107.8429483,108.7749203,5197438
5/17/2019,111.4044342,111.8371333,107.9095238,110.8385875,5532072
5/20/2019,117.162674,117.5620962,112.5693686,113.1684919,7103649
5/21/2019,116.330574,117.495544,115.6981638,116.5635721,7135887
5/22/2019,117.828392,118.4940892,115.9311511,116.3971473,10347293
5/23/2019,115.9311676,119.0932294,115.1656199,118.8269546,9247879
5/24/2019,116.09758,117.0961257,112.369682,115.8313052,9263195
5/27/2019,115.5983047,116.6301374,114.866044,115.8313028,7461458
5/28/2019,116.6967087,117.4289694,114.2336313,115.2654538,16628505
5/29/2019,114.2003479,116.264003,113.4015134,115.7647301,7205487
5/30/2019,112.8023911,114.499921,111.5375704,114.499921,21945960
5/31/2019,114.4665985,115.7979925,110.8718387,111.8370974,17113729
6/3/2019,114.5997543,115.2987383,111.5042668,115.1656009,17756361
6/4/2019,113.5679321,115.4984497,113.2017967,115.0990274,8578302
6/6/2019,112.7690811,114.5664714,112.4029558,113.501352,14152285
6/7/2019,111.5042725,113.2350891,110.8718622,112.9022405,5052519
6/10/2019,109.6070557,112.502843,108.6417966,111.9037195,10866149
6/11/2019,112.6692505,113.4015215,109.7401869,109.7401869,11282418
6/12/2019,113.7343674,114.1337796,110.505732,111.8704132,9478876
6/13/2019,112.4695358,113.3016573,111.1714284,112.3696853,6678516
6/14/2019,112.7025299,113.834213,112.1366833,112.4695318,7153585
6/17/2019,109.4406052,113.1352263,108.4753463,112.8356646,4603627
6/18/2019,110.6055679,111.1381276,108.6750504,109.1743232,5808715
6/19/2019,111.4044342,112.5694043,109.5737668,111.0382987,4625698
6/20/2019,114.4999084,114.9991813,110.7054368,110.7054368,5793816
6/21/2019,113.8009338,115.4651768,113.0353861,114.3334936,11402911
6/24/2019,109.9731674,114.4000596,109.7401795,113.9340634,6585159
6/25/2019,110.6388702,112.1366889,110.1728842,110.1728842,6697367
6/26/2019,111.5375443,112.6026535,110.5722855,110.5722855,5978575
6/27/2019,113.5679321,114.3667666,111.3378427,111.5375539,36738164
6/28/2019,111.6707077,114.0339348,110.9384367,113.3682376,5325984
7/1/2019,107.1772232,113.4347713,106.0122534,111.9702399,15160240
7/2/2019,110.272728,110.6721503,107.5100889,108.5086346,10975678
7/3/2019,110.7054367,111.8038329,108.8414827,110.3725881,8253849
7/4/2019,111.2379837,112.4362303,110.5722866,110.7719876,8827834
7/5/2019,107.5100784,111.8703963,106.5115328,111.2379861,14509056
7/8/2019,101.45224,107.510088,100.5535549,107.4768011,10273814
7/9/2019,102.1179428,103.4826241,100.2872756,101.4522456,15033604
7/10/2019,100.9529495,102.7836163,99.62155548,101.8849315,5310646
7/11/2019,101.9182205,102.5839176,101.1859497,101.8516468,6576542
7/12/2019,99.65484619,102.0846465,98.52316324,101.8516485,13015538
7/15/2019,100.3205338,100.9862307,99.05571354,99.85454789,8465078
7/16/2019,101.3523788,102.7836235,100.3205464,100.5202575,12865346
7/17/2019,99.78800964,102.2843742,99.18888621,101.4522527,8046201
7/18/2019,95.46096039,100.387125,95.2279725,99.82127844,15971004
7/19/2019,95.79380035,97.05863083,93.46386071,96.19322264,25660025
7/22/2019,97.62447357,98.12374639,93.63029106,95.86038036,12077069
7/23/2019,96.25978851,98.35672996,95.96021674,97.52460873,5519598
7/24/2019,95.59410858,97.09192707,95.12811248,96.79235525,9202665
7/25/2019,95.76052094,96.39293108,94.1295551,96.06008256,28004780
7/26/2019,94.4624176,96.12666041,94.12956904,96.12666041,10055490
7/29/2019,93.43058777,94.79525863,92.09919363,94.52898387,19155260
7/30/2019,92.36547089,94.39584903,91.93277184,94.1295641,11943745
7/31/2019,92.43206787,92.99790444,90.70125095,91.66650993,9857785
8/1/2019,91.13392639,93.03116714,89.93567977,92.19904579,9105690
8/2/2019,89.43641663,90.76781093,88.37129712,90.53481287,9912972
8/5/2019,87.40602875,88.47113798,86.60719428,88.40457437,9551686
8/6/2019,87.50588226,88.20486625,86.10792444,87.1064701,11765339
8/7/2019,86.87348175,87.772177,85.47551361,87.50589204,13083927
8/8/2019,87.10647583,88.33800946,85.1426662,86.87347777,10164125
8/9/2019,87.1730423,88.13830116,86.30763395,87.63902828,8847432
8/13/2019,85.0428009,88.87055907,83.54498249,87.1730295,12944927
8/14/2019,84.44369507,86.407505,83.71142911,85.87494517,14449993
8/16/2019,85.14266205,85.94150163,84.14411638,85.00951958,12017531
8/19/2019,84.07754517,85.54207674,83.91112089,85.2092282,5695238
8/20/2019,83.24543762,84.44368955,82.77944653,84.27726524,6214250
8/21/2019,80.68248749,83.57827397,79.65066002,83.21213853,9765538
8/22/2019,78.33803558,81.38581934,77.83565398,81.18486466,8867462
8/23/2019,81.88820648,82.69201505,77.53423231,77.9361366,10008179
8/26/2019,82.89296722,83.76376408,80.11312124,83.06042776,11056410
8/27/2019,84.13217926,84.66805506,82.49106792,83.12741596,18829260
8/28/2019,81.18486786,84.36661812,80.6489972,83.76376427,11763326
8/29/2019,82.55806732,83.22790965,80.04615858,80.38107975,30777971
8/30/2019,81.18486786,84.23265174,80.04613823,82.72550687,9910931
9/3/2019,78.47201538,80.71598575,78.03661693,80.71598575,8243808
9/4/2019,79.71122742,79.97916534,77.40027371,78.70646405,8873226
9/5/2019,83.83074951,87.01249474,80.01264603,80.01264603,32226347
9/6/2019,85.70630646,86.10821586,83.39535294,84.66805413,15759526
9/9/2019,86.67758179,87.04599706,84.40012226,85.27091922,9454697
9/11/2019,84.23265076,87.68233376,83.83074649,86.54360414,11398745
9/12/2019,84.33313751,85.97425404,83.89773904,84.56758127,8659474
9/13/2019,86.30916595,86.61059288,83.9647133,84.56757226,13251256
9/16/2019,87.54837799,89.25647773,86.07472712,87.71583855,18224041
9/17/2019,86.87852478,88.41916377,86.44313147,87.58186108,11879210
9/18/2019,85.06995392,87.04598624,84.36661761,86.8785257,12238136
9/19/2019,83.26139832,85.23743102,82.82599981,85.06997045,8680319
9/20/2019,89.49092102,90.39520185,81.4528096,83.32836978,30270009
9/23/2019,91.29949188,94.34727587,90.39520084,92.06980631,17685955
9/24/2019,89.4239502,93.64395888,88.95506261,91.26601659,16012272
9/25/2019,88.05075836,89.52440921,87.54837669,88.41917363,5824582
9/26/2019,91.80187225,92.47171443,87.88329144,88.28520083,19764328
9/27/2019,88.0842514,91.16552969,87.38091503,91.03155307,11359611
9/30/2019,88.2851944,89.0220146,86.10820748,87.81630695,11625597
10/1/2019,85.87376404,89.32345734,84.90249494,88.08424524,10259184
10/3/2019,85.80678558,86.97900937,83.99820867,85.87376367,7082143
10/4/2019,86.77804565,88.92153832,85.27090094,87.0459784,20137433
10/7/2019,84.7685318,86.91202478,83.99821225,86.77805838,9194007
10/9/2019,84.29963684,85.17043371,83.02693568,84.70154112,15309757
10/10/2019,84.06519318,85.13693964,83.79725528,84.29963692,6169256
10/11/2019,86.40963745,87.0124913,84.46709419,84.60106569,11840486
10/14/2019,90.59615326,91.39996182,86.40963971,86.71106664,19460416
10/15/2019,92.87361908,93.20854019,90.66314795,91.76838351,17145941
10/16/2019,94.88313293,95.92139027,92.63916795,93.77789752,15149481
10/17/2019,94.71569824,95.0506194,93.20855305,94.51475373,9372042
10/18/2019,96.12234497,96.7921871,93.71090923,93.84488583,17597233
10/22/2019,96.62472534,97.89742128,95.25154696,96.12234375,11582273
10/23/2019,95.0506134,97.09363436,94.61522002,96.62474682,7500868
10/24/2019,94.24680328,95.25156667,93.14156765,95.05061195,6919238
10/25/2019,93.47648621,94.84966484,92.50521701,94.84966484,6636201
10/27/2019,93.67743683,94.34727904,93.10806686,94.01235793,698557
10/29/2019,95.21806335,96.35680326,92.57218874,94.14632198,8236221
10/30/2019,94.1463089,96.45726209,93.64392733,96.45726209,7064774
10/31/2019,94.91662598,95.25154704,93.54344759,94.17980578,22281969
11/1/2019,96.55773926,96.95964863,93.8448868,94.14631371,8049866
11/4/2019,98.73474121,100.2418862,96.55775395,96.55775395,11733406
11/5/2019,98.03141022,99.63902741,97.12711916,99.27061216,7883507
11/6/2019,96.89266205,99.13663732,96.35679651,98.03140187,6207456
11/7/2019,95.15109253,97.16061926,94.0458467,97.09363094,7332352
11/8/2019,92.63918304,96.12236062,92.17029552,95.08410311,8252930
11/11/2019,93.17504883,93.61044215,91.53392735,92.70615114,7032172
11/13/2019,92.5721817,94.04583237,92.10329425,93.17504576,7969923
11/14/2019,91.23251343,93.27553436,90.86409814,92.57219794,8178628
11/15/2019,90.79712677,92.97411427,90.52918371,91.96935081,8390855
11/18/2019,89.69186401,91.16552499,89.22297653,90.73012144,6851414
11/19/2019,89.25648499,90.49569731,88.955058,90.42870899,5821375
11/20/2019,89.55789948,90.59615692,88.58663034,88.98853974,7657346
11/21/2019,87.84979248,90.09376774,87.48138748,89.55789198,7946555
11/22/2019,89.6583786,90.19424416,87.61535794,87.74932433,6323556
11/25/2019,87.71582031,90.12725594,87.41439341,89.65836852,11930938
11/26/2019,87.24694824,89.35694712,86.57710603,88.31869987,16115025
11/27/2019,88.85456085,89.12250386,86.77805623,87.34741595,5343104
11/28/2019,89.18946838,89.45741135,87.8163003,88.68708683,6663638
11/29/2019,88.25171661,89.3904464,87.4144138,89.12251358,9434148
12/2/2019,85.80678558,88.05075071,85.43837035,87.78281793,15010167
12/3/2019,85.50535583,86.00773236,84.40011521,85.80678788,7809967
12/4/2019,87.1129837,87.51488291,84.96948551,85.00297967,5821599
12/5/2019,86.342659,87.34742234,86.04123204,86.61060202,4185400
12/6/2019,84.7685318,86.74456423,84.60107125,86.74456423,5097809
12/9/2019,84.60106659,85.60582983,84.13217401,85.00297086,3841176
12/10/2019,83.86423492,85.94074967,83.66328535,84.66804857,6125011
12/11/2019,85.7397995,86.07472059,83.73027295,84.46709833,6878932
12/12/2019,84.33313751,85.94075988,83.96472224,85.80679348,9804404
12/13/2019,84.73503876,85.37138681,84.40011766,84.7015446,6663052
12/16/2019,84.13217926,85.03646521,83.73027496,84.73503826,6241723
12/17/2019,83.93123627,84.4001238,83.26139401,83.83075891,8062616
12/18/2019,83.79725647,84.16567172,83.16090844,84.13217756,6687482
12/19/2019,84.19916534,84.96948492,83.19440201,83.79726103,6223102
12/20/2019,83.83074951,84.93599013,83.62979481,84.40011434,8515990
12/23/2019,83.49582672,84.60106731,83.09392245,83.66328726,10466423
12/24/2019,84.4001236,84.80202792,83.52932663,83.66329814,9979742
12/26/2019,85.7397995,86.77805693,83.39535186,84.40011513,23164167
12/27/2019,86.00773621,87.01249953,85.20392759,86.74456673,8435235
12/30/2019,85.70630646,86.57710335,85.13694162,86.0077334,4023932
12/31/2019,86.27566528,86.57709219,85.20391383,85.20391383,5102473
1/1/2020,85.37138367,86.34265278,84.96947938,86.24218054,2574894
1/2/2020,85.77327728,86.17517638,85.13692426,85.50533944,4759843
1/3/2020,86.04122162,89.3569382,85.77328885,87.74932114,31381588
1/6/2020,84.56757355,86.94551528,83.79725403,86.87852698,14611204
1/7/2020,84.23265076,85.53884091,83.99820703,84.13217341,7193304
1/8/2020,82.6920166,84.03170099,82.52455605,83.73027404,6236192
1/9/2020,82.85948181,83.79726196,82.25662789,83.6967846,10135017
1/10/2020,83.16090393,83.86423512,82.8594719,83.36185351,6550218
1/13/2020,84.0316925,84.19915304,83.227884,83.227884,5737187
1/14/2020,83.76377106,84.16567536,82.92646829,84.03170385,12432511
1/15/2020,83.49582672,84.06519154,83.22788883,83.76376461,5714614
1/16/2020,83.39535522,83.86424273,83.09392827,83.73027633,7322878
1/17/2020,83.99820709,84.09868444,83.06042706,83.42884228,8561603
1/20/2020,82.3236084,84.90249988,80.38106497,84.40011822,16106541
1/21/2020,82.2231369,83.39536085,81.98869313,82.42409162,6497799
1/22/2020,77.96961975,81.72073441,77.70168189,81.72073441,23639592
1/23/2020,78.90740967,79.67772408,77.96962961,78.53899443,21105999
1/24/2020,79.27581787,80.24709206,78.57248668,79.04137414,11172364
1/27/2020,78.53899384,79.37629654,78.23756691,79.27581919,12078165
1/28/2020,78.10359192,78.84041725,77.43374978,78.73994501,11611352
1/29/2020,78.80693817,79.14185928,78.00312444,78.60598346,15562740
1/30/2020,77.4337616,78.73995703,77.03185728,78.73995703,21142714
1/31/2020,72.97930145,77.70169074,71.50565074,77.56772435,83360147
2/3/2020,69.2951889,70.29995243,68.02249253,69.89804804,18445537
2/4/2020,71.1037674,71.60614916,69.52963887,69.73058852,16896688
2/5/2020,71.53916168,71.94106605,70.40042667,71.27122373,11348275
2/6/2020,71.84057617,72.20899143,71.20422812,71.53914923,10750236
2/7/2020,73.18025208,73.51517314,71.37168038,71.87406198,21415595
2/10/2020,71.13724518,73.11328289,70.83581821,73.11328289,32081049
2/11/2020,71.53916168,72.10852663,71.20424052,71.77360547,20946852
2/12/2020,71.47216034,72.20899084,71.33819394,71.67311504,13053367
2/13/2020,70.56787872,72.47692808,69.83105328,71.67311944,17702073
2/14/2020,69.19469452,71.20422092,68.99373983,70.70183932,26644685
2/17/2020,66.95072174,68.92675918,66.18040735,67.98897913,36666416
2/18/2020,66.51534271,67.15169086,64.67327638,66.95073612,35575369
2/19/2020,68.12294769,68.45786878,66.18040946,67.18517273,21806183
2/20/2020,68.85977173,69.73056342,68.12294131,68.32389599,28378025
2/24/2020,65.67802429,68.65881979,65.10865438,68.65881979,20167769
2/25/2020,65.34311676,67.15168888,65.14216203,66.1134313,18255196
2/26/2020,64.17088318,65.97945503,63.96992848,65.24262965,16192058
2/27/2020,62.52977753,64.43882705,61.65898561,64.10390591,29616674
2/28/2020,61.59198761,62.09436925,59.95087628,60.48675208,30416954
3/2/2020,59.68294907,63.63501973,59.11358412,62.96517742,24442896
3/3/2020,62.52977753,62.96517604,60.05136307,60.88866594,24098468
3/4/2020,62.16136169,63.56802937,60.75468891,63.09913674,22998427
3/5/2020,62.02739334,63.23311147,61.625489,62.52977504,16357817
3/6/2020,59.28102875,61.29055515,58.71166396,59.95087088,17823038
3/9/2020,49.93673325,55.26197618,49.56831803,55.02753245,86655504
3/11/2020,48.02768326,51.84578683,47.59228992,51.41038838,63562895
3/12/2020,41.86512756,45.81719663,41.53020654,44.61147891,76137223
3/13/2020,44.1425972,44.87942252,33.49210636,39.78862337,73051747
3/16/2020,40.29101181,43.67371206,40.19053445,42.5349823,49829392
3/17/2020,40.19052887,42.20005531,39.95608514,40.92735421,46722476
3/18/2020,45.64974594,58.14230372,38.51592565,41.26227758,178094829
3/19/2020,40.89386368,42.86989858,38.91782878,41.63069159,61258526
3/20/2020,48.46308899,49.83626774,42.03260398,42.23355616,128780492
3/23/2020,43.46206665,47.13187572,43.1742373,43.64195931,36058875
3/24/2020,44.97315598,46.55620887,43.24618569,45.69272647,38808651
3/25/2020,44.28956985,45.33294777,43.17423597,44.03772124,28639475
3/26/2020,46.59219742,47.20383134,42.92238837,44.50544153,46474588
3/27/2020,46.37632751,47.49166425,45.18903756,47.49166425,33298637
3/30/2020,45.58479309,47.23980755,43.24618881,43.92978138,32929981
3/31/2020,49.14668274,50.11810212,45.72871905,46.77209715,45891607
4/1/2020,47.31177139,48.39112739,46.84404936,48.21123473,21883386
4/3/2020,50.26200485,51.08951213,47.85144446,49.65037095,39757833
4/7/2020,52.45669937,53.5360553,50.5138554,51.23342602,30982061
4/8/2020,53.57202911,54.93921436,51.08951273,52.09691267,30555738
4/9/2020,55.62280655,55.87465515,54.68736262,54.68736262,19209747
4/13/2020,54.00379181,56.70218236,52.27682076,56.70218236,22311833
4/15/2020,53.50006866,55.0111657,52.8884348,54.03974657,22311032
4/16/2020,54.29159164,55.04714286,52.81647542,53.24821662,24473640
4/17/2020,54.90324783,55.98260391,54.07574041,55.98260391,14561017
4/20/2020,53.24821854,54.43551099,53.10430663,54.21963764,15698459
4/21/2020,49.90222168,50.90962165,48.35514374,50.1540703,27607022
4/22/2020,47.02394104,47.74351169,43.74989512,47.41970709,73840707
4/23/2020,48.46307755,49.68635083,47.88742437,48.57101423,38207377
4/24/2020,48.64297485,50.01016019,47.9234042,48.31917026,31588097
4/27/2020,49.25460815,50.01015952,48.67895494,48.93080356,16723889
4/28/2020,49.79428482,50.15407013,48.28318761,48.78689034,20422626
4/29/2020,50.7297287,51.05353328,49.43449939,49.93820211,18023637
4/30/2020,57.49369431,58.32120163,51.44929993,52.24082652,54290691
5/4/2020,55.08312225,56.01856058,53.28419606,54.68735629,28640967
5/5/2020,56.45032501,58.93284748,56.23445707,56.77413515,61865481
5/6/2020,57.02597046,58.53706763,55.73074117,58.53706763,38948167
5/7/2020,54.39953995,56.34238399,54.03975462,56.34238399,20794229
5/8/2020,54.68735886,55.55084127,53.78789572,54.97518816,18523649
5/11/2020,55.44291687,56.23444343,53.60800965,54.68736554,15701754
5/12/2020,54.90324783,55.65879379,53.60801835,55.37096441,14186736
5/13/2020,56.27042007,56.88205949,54.86725957,56.84607876,20493531
5/14/2020,54.79529572,55.65877814,54.11170043,55.40692955,13344652
5/15/2020,54.79529572,56.48628532,54.61540309,55.58682218,16835999
5/18/2020,52.45669937,55.37095709,52.09691406,55.37095709,13014456
5/19/2020,55.51487732,56.63020854,53.32018462,53.53605801,42315983
5/20/2020,56.12650299,56.48628827,54.90323525,55.55084435,12969847
5/21/2020,55.40692902,56.84607003,54.97518781,56.6661774,17999828
5/22/2020,54.79529572,55.37094883,54.25561783,55.37094883,12443419
5/26/2020,55.40692902,56.27041143,55.11909972,55.40692902,11837966
5/27/2020,56.09051895,56.27041158,54.6154027,55.55084107,11655865
5/28/2020,56.73813629,58.24923334,55.6947612,55.76671716,18645811
5/29/2020,59.86827087,60.26403689,55.69476475,56.16248673,40559441
6/1/2020,60.40794373,62.24285077,60.19207586,61.16349498,25047349
6/2/2020,60.6598053,61.09154657,59.43653195,60.7677365,15367928
6/3/2020,62.09894562,62.92644742,61.37937501,61.91905297,23936651
6/4/2020,61.09156036,61.91906786,60.44394556,61.16351634,15120972
6/5/2020,62.56666565,63.89787574,61.16350508,61.23546105,18202925
6/8/2020,65.44494629,66.99202423,64.18569769,64.76135639,32511374
6/9/2020,64.76135254,66.48832304,64.29363056,66.16451298,16702413
6/10/2020,63.50210571,65.84071017,63.10633969,65.19309553,17382514
6/11/2020,62.53069305,64.43755645,62.24286368,63.5380931,14275999
6/12/2020,60.37197495,60.58784283,58.68098512,58.68098512,20601082
6/15/2020,60.51588821,61.81111753,59.72436163,60.44393225,17274210
6/16/2020,60.37197495,61.70317947,59.25663831,61.52328682,13467530
6/17/2020,60.5878334,60.98359937,59.86826291,60.15609221,15440371
6/18/2020,60.15610123,60.40794984,58.86087744,59.72435996,18460298
6/19/2020,61.70317078,62.09893675,60.65979574,61.52327815,21920473
6/22/2020,61.05556107,62.02698023,60.51588314,61.95502427,19227535
6/23/2020,61.63123322,62.24286723,60.73176982,61.52329651,23440997
6/24/2020,59.79632187,62.35079996,59.40056129,62.06297059,33080229
6/25/2020,58.71696091,60.44393148,57.56564902,59.1846829,121277435
6/26/2020,60.55186844,61.01959044,59.36457582,59.7963171,23684852
6/29/2020,59.29263306,60.51590118,58.71697424,60.40796447,14299071
6/30/2020,58.5370636,60.12012211,58.03336641,60.08414139,25762293
7/1/2020,57.88945007,58.24923536,56.34237774,56.84607494,35344784
7/2/2020,58.8968544,60.55186903,58.35717643,58.53706909,35154027
7/3/2020,59.29263306,59.9762231,58.71697424,59.3286083,16786174
7/6/2020,60.26404572,61.09155311,59.58045575,59.76034842,17510294
7/7/2020,58.96882248,60.3000328,58.86089126,60.26405206,20123433
7/8/2020,58.50108719,59.65239896,58.28521383,59.00478437,18626174
7/9/2020,57.70956421,59.18468624,57.49369631,58.71696422,17348038
7/10/2020,56.52227783,57.6735898,55.91063838,57.5656531,17773167
7/13/2020,56.77412415,57.24184616,56.41433883,56.98999204,9360631
7/14/2020,55.65878677,56.81009868,55.51487484,56.48629409,9303879
7/15/2020,54.86725998,56.2704205,54.57943063,56.12650857,14377090
7/16/2020,54.79529572,55.1910562,53.96778853,54.97518834,10604062
7/17/2020,57.81749344,58.0333668,54.90323596,54.90323596,24934060
7/20/2020,57.78153229,58.46512229,56.99000009,58.28522961,15570346
7/21/2020,59.32860184,59.65241195,57.81750447,57.99739714,20976092
7/22/2020,59.43652725,60.08414186,58.78891265,59.54446393,17882873
7/23/2020,59.47251129,60.33599382,59.04077003,59.3645746,14673501
7/24/2020,58.28522873,59.29262884,57.74555069,59.07675543,10000280
7/27/2020,58.14131165,59.00479424,57.63760889,58.57305294,8510736
7/28/2020,57.49369431,58.46511356,57.06195303,58.2852209,10616766
7/29/2020,57.20586777,58.06935037,57.06195583,57.42174116,9905015
7/30/2020,55.91064453,57.85348883,55.76673258,57.56565944,9668266
7/31/2020,56.34239197,56.73815259,55.51488451,56.09053781,10963756
8/3/2020,54.61540985,56.48629232,54.36356124,56.37835563,11874183
8/4/2020,54.75932312,55.91063501,54.61541119,54.90324054,13360346
8/5/2020,55.37094879,55.76671477,54.90323235,55.04714426,9077292
8/6/2020,56.16249466,57.52967458,55.44292397,56.01857723,26386380
8/7/2020,56.59423447,57.13391247,56.1984684,56.23444913,11786462
8/10/2020,56.88206863,57.38576595,56.77413193,57.20587327,7067852
8/11/2020,56.45032501,57.56566191,56.27043232,57.24185726,10835360
8/12/2020,56.19845581,56.91802632,55.91062651,56.45030439,10481019
8/13/2020,56.5582428,57.16987665,56.41433089,56.52226757,7316635
8/14/2020,55.47888184,56.8100861,55.37094517,56.63019348,11635634
8/17/2020,57.06194687,57.42173214,55.69476172,55.76671768,13610411
8/18/2020,58.03337097,58.93283424,56.95401505,57.38575632,28329507
8/19/2020,57.24185181,58.78892443,56.9180417,58.17729043,12081197
8/20/2020,59.11272049,59.90424698,56.05454572,56.84607221,37457277
8/21/2020,58.32118607,60.04815072,58.03335679,59.6883655,17027574
8/24/2020,58.46511078,58.89685204,57.99738879,58.5010915,9797861
8/25/2020,57.9254303,59.36457142,57.70955693,58.5730449,22479622
8/26/2020,58.57305145,59.07674871,58.10532944,58.42913403,15967425
8/27/2020,57.67357635,58.96879995,57.56563968,58.86086877,16308382
8/28/2020,57.81749344,58.86087405,57.56564484,57.81749344,14666431
8/31/2020,58.96882248,61.52330091,58.21327646,58.28523244,93192019
9/1/2020,57.09793472,59.58045697,56.12651536,59.54447623,38005204
9/2/2020,57.78153229,58.82490766,57.2058735,58.39316632,31151170
9/3/2020,56.88206863,58.50110278,56.70217595,57.925444,19975929
9/4/2020,56.05456161,56.91804431,55.65879551,56.52228369,12855650
9/7/2020,55.01117706,56.37836247,54.65139172,56.27042577,16573385
9/8/2020,53.57202911,55.15508773,53.24822454,55.08313177,17905003
9/9/2020,52.31277847,53.21224169,51.01755474,53.21224169,28166106
9/10/2020,52.99638367,53.5360617,52.27681296,52.88844696,18646363
9/11/2020,52.74453735,53.03236126,52.24083454,52.85246857,11510019
9/14/2020,52.99638367,53.78791035,52.70855429,53.14029561,11989916
9/15/2020,53.10430527,53.50006575,52.7085393,53.06832455,8883202
9/16/2020,52.5646286,53.57202294,52.20484334,53.42811103,10284798
9/17/2020,52.63658142,53.46408857,52.42070808,52.56462547,16070680
9/18/2020,53.46409988,53.8238852,52.49267514,53.10431457,25690567
9/21/2020,51.19745255,53.32018375,51.01755988,53.24822779,13686080
9/22/2020,50.01015854,51.30538786,49.47048057,51.08951448,18042069
9/23/2020,48.67895508,50.47788168,48.49906242,50.1540716,17014238
9/24/2020,47.95938873,48.46308603,47.13188132,47.52764741,32950752
9/25/2020,49.57841873,49.83026736,47.59959945,48.93080405,20235576
9/28/2020,51.7011528,53.03235748,49.83027011,49.97418205,28336496
9/29/2020,49.75831223,52.31278477,49.57841956,52.16887284,20797874
9/30/2020,49.83026886,50.69375147,48.64297616,49.93820556,20069170
10/1/2020,49.75831223,49.93820489,47.95938558,48.57101954,20869186
10/5/2020,49.79428482,50.15407013,49.21863162,49.65037289,12608039
10/6/2020,49.90222168,50.51385561,49.65037306,50.36994368,10028285
10/7/2020,50.7297287,52.78050387,49.72232873,49.86624615,50074263
10/8/2020,49.25460815,51.08951548,49.11069622,51.01755952,21348017
10/9/2020,50.58581161,50.80167949,49.1106898,49.65036771,25747313
10/12/2020,49.75831223,50.80168749,49.50646359,50.58581958,10564850
10/13/2020,49.72232819,50.19005018,49.5064603,49.72232819,9070661
10/14/2020,48.21123123,49.50646054,47.95938261,49.29058715,24825690
10/15/2020,47.52763367,49.29057919,47.2757796,48.21122345,17333956
10/16/2020,48.39113235,48.60700577,47.49166893,47.95939101,18590744
10/19/2020,49.86624908,50.69375095,48.463083,48.463083,25987617
10/20/2020,48.49906158,50.19005147,48.39112489,50.01015881,18530340
10/21/2020,48.78688812,49.3625413,48.21122946,48.93080004,19589424
10/22/2020,49.54243851,49.72233117,48.42710729,48.49906325,26354156
10/23/2020,49.65037537,50.08211666,49.36254601,49.7942873,13177360
10/26/2020,49.07471466,50.01015867,48.67895411,50.01015867,14224945
10/27/2020,48.10329437,49.25460626,47.85144576,49.00275764,17088331
10/28/2020,47.74350739,48.4990587,47.56361474,48.39112201,15025477
10/29/2020,46.3403511,47.74351168,46.12447771,47.52764378,29901005
10/30/2020,46.70013046,47.41970102,46.19642778,46.77208642,25849220
11/2/2020,47.27578735,47.52764146,46.19643143,47.05991946,12847852
11/3/2020,47.70753479,48.03133938,47.27578802,47.49166141,10809489
11/4/2020,47.81546402,48.13927408,47.20383011,47.70753282,12479581
11/5/2020,48.64297485,49.00276018,47.63557485,48.13927759,17947631
11/6/2020,48.93079758,49.07470949,48.35513894,48.71492422,10496588
11/9/2020,49.25460815,49.39852558,48.78689163,49.39852558,8473527
11/10/2020,50.90962219,51.08951485,49.29058827,49.68635431,33795453
11/11/2020,52.0609436,52.31279227,50.76571952,51.41332882,23531793
11/12/2020,51.48529434,52.45671385,50.90963549,52.16888442,16446681
11/13/2020,51.91701889,52.1688675,50.40592176,51.23342354,16264536
11/14/2020,52.27680969,53.24822899,52.168873,53.24822899,5387569
11/17/2020,51.30538177,52.74452286,51.08950842,52.31277614,18852045
11/18/2020,51.77309799,51.88103467,51.01755222,51.55723012,14032869
11/19/2020,51.91701889,53.3921353,51.41331619,51.44929691,27903903
11/20/2020,51.5572319,52.3127777,50.87363657,52.13288506,14790440
11/23/2020,55.04715347,55.98259749,51.66517369,51.80908562,44111534
11/24/2020,54.75932312,56.16248912,54.25562588,55.22704512,31379070
11/25/2020,58.14131165,58.86088231,55.51487763,55.55085287,87040163
11/26/2020,57.70956421,58.64500825,57.16988622,58.39315962,30469713
11/27/2020,56.48629761,58.39316098,56.12651227,58.14131234,44245938
12/1/2020,58.68099213,59.00479674,55.44292401,56.48629932,42923229
12/2/2020,61.05556107,61.19947847,58.24923478,58.64500078,52652362
12/3/2020,63.82590485,64.0417782,61.16349604,61.45132535,53618786
12/4/2020,64.65341187,65.48091908,62.78252956,64.58145591,44126894
12/7/2020,65.87669373,67.63963958,65.30103502,65.58886437,46638129
12/8/2020,65.30103302,67.24387148,64.79733579,66.9200669,34326971
12/9/2020,65.62484741,66.8121402,65.40897949,65.84072082,25763702
12/10/2020,65.94864655,66.34440708,63.82590998,65.48092456,25329334
12/11/2020,69.65444946,75.12318596,66.63224908,66.63224908,146821189
12/14/2020,73.03640747,73.79195871,70.12214468,70.69780329,75021883
12/15/2020,72.28086853,73.75599054,71.38140523,73.75599054,33553433
12/16/2020,74.04381561,74.54751284,72.42478177,73.32424501,34618175
12/17/2020,73.03640747,75.98664549,72.46074886,75.62686023,41881430
12/18/2020,71.23750305,73.61208868,70.62586902,73.0364299,36480527
12/21/2020,64.65341187,71.20150268,64.00579728,71.16552744,58724337
12/22/2020,65.15711212,66.41636052,62.3148053,64.07775635,58602960
12/23/2020,65.33701324,65.69679855,63.53808673,65.12113987,29216106
12/24/2020,67.02799988,68.71898962,66.30842931,66.56027791,46351620
12/28/2020,67.49572754,68.4671468,67.13594222,67.63963947,17759262
12/29/2020,67.02799988,68.10735574,66.20049262,67.78354568,17678810
12/30/2020,67.0999527,67.99941587,66.74016743,67.27984533,15960705
12/31/2020,66.95604706,68.75497357,66.59626176,67.13593971,43701316
1/1/2021,67.06400299,67.96346658,66.92009101,67.45976917,15130377
1/4/2021,69.76237488,70.01422901,67.42377018,67.67562431,39545073
1/5/2021,68.32323456,69.43857132,67.89149324,69.43857132,26998014
1/6/2021,69.76237488,71.45337036,69.2586776,71.16554099,50306161
1/7/2021,70.445961,71.27346826,69.87030234,70.51791696,25285200
1/8/2021,72.4247818,72.89250379,70.91368464,71.20150849,36022114
1/11/2021,73.7919693,74.04381792,70.55390151,73.03641795,36301647
1/12/2021,74.43959808,75.19514963,72.49675909,73.39622261,28353142
1/13/2021,75.73480225,77.64166535,74.907295,75.51892888,42401579
1/14/2021,75.59090424,77.31786952,74.97926475,76.9940649,24455634
1/15/2021,72.96446228,76.34644201,72.42478431,75.73480808,28185982
1/18/2021,69.54650116,73.28826617,69.11475989,72.96446159,33623461
1/19/2021,70.58987427,71.2374889,70.15813301,70.33802566,26085121
1/20/2021,71.12954712,71.81314243,70.40997658,71.2374838,18486566
1/21/2021,68.14332581,72.10096365,67.56767269,71.27346195,26939349
1/22/2021,66.74018097,68.68301962,66.5602883,68.07138564,27311961
1/25/2021,65.73278809,67.45975901,64.76136865,66.95606168,28522112
1/27/2021,64.54548645,66.02060851,63.96983321,65.76875987,34022621
1/28/2021,65.22907257,65.76875049,63.89786813,64.04178005,26810222
1/29/2021,63.53809357,66.88409285,63.14232749,65.30103955,33858273
2/1/2021,65.37298584,65.62483444,63.64601536,64.04178137,24228098
2/2/2021,66.81212616,67.60365269,65.62483362,66.56027756,22141489
2/3/2021,67.17192841,68.57509466,66.92007974,68.07139184,25912911
2/4/2021,70.2660675,70.94965735,67.63963382,67.81952646,49670027
2/5/2021,70.2660675,71.92107653,69.65443362,71.20150596,30514219
2/8/2021,71.70521545,72.53272279,71.30944941,71.59727876,29096831
2/9/2021,72.67663574,74.36762567,71.81315316,71.81315316,39638657
2/10/2021,71.9570694,73.75599613,70.94966933,73.39621078,21467230
2/11/2021,71.56129456,72.2089092,71.16553402,71.95706058,11287104
2/12/2021,69.79834747,71.52531799,69.4745429,71.1655327,18187705
2/15/2021,70.84172821,71.41738693,68.79095296,69.79835297,26118576
2/16/2021,74.65544891,75.44697547,71.41738125,71.41738125,76236798
2/17/2021,74.83842468,75.75331985,73.77714852,74.65544565,21014091
2/18/2021,81.02311707,84.53631688,75.64353438,75.89970392,110000964
2/19/2021,76.92438507,82.12098854,76.0094899,81.02311433,48225988
2/22/2021,77.80271149,79.4495233,77.07079513,77.50994383,36592043
2/23/2021,82.12098694,83.73120576,80.1082176,80.32779467,90860972
2/24/2021,83.14567566,84.42652895,81.24269474,83.43844324,26071364
2/25/2021,87.13463593,88.1959123,84.42654232,84.90228902,62038881
2/26/2021,81.24268341,86.65886342,80.54736538,84.53630571,55154985
3/1/2021,85.67079926,86.10994789,83.07249434,83.65802957,41672980
3/2/2021,83.07249451,85.37803181,82.52355732,84.82909463,36303917
3/3/2021,83.43843079,84.75588193,82.8528957,83.47502882,19434630
3/4/2021,82.48695374,85.63419564,82.19419172,83.40184899,38272786
3/5/2021,84.13375854,86.54908405,83.07248237,85.08525177,57756103
3/8/2021,86.54908752,89.54994272,85.78057331,87.06142661,63866178
3/9/2021,85.45121765,87.50058528,83.58482908,87.39079673,26817643
3/10/2021,83.7312088,85.63418968,83.14567365,85.56099918,23841269
3/12/2021,84.20695496,85.92695678,83.43844077,85.45121017,20691698
3/15/2021,83.6946106,85.52440097,82.56014391,84.90227336,19679802
3/16/2021,84.24355316,85.12185595,83.03589032,83.29206546,20680669
3/17/2021,80.03503418,84.06057322,79.59588558,84.02398076,31017863
3/18/2021,80.65715027,82.12098244,78.68097907,80.51076929,26710696
3/19/2021,80.87673187,82.88950122,76.44863708,77.76608834,50386785
3/22/2021,80.21800232,81.42566498,79.44949378,80.87672792,15825065
3/23/2021,78.42483521,80.73037274,78.02227899,80.21802796,15815643
3/24/2021,76.70481873,77.58311592,75.27757881,76.85119973,31083656
3/25/2021,74.65544891,78.82736883,74.14310983,77.58311358,37295495
3/26/2021,74.94820404,76.11926859,73.37458343,75.38735255,26637085
3/30/2021,75.75332642,77.802694,75.09460072,76.15588256,31843017
3/31/2021,74.76525116,76.26567622,74.58227208,75.24099787,19587582
4/1/2021,76.37545013,77.03417579,74.03332066,75.38736444,22299747
4/5/2021,75.71672821,76.48524245,72.75247097,74.76524051,24878516
4/6/2021,76.08268738,76.41205302,74.1431139,75.13119966,15156974
4/7/2021,76.59503174,77.10737085,75.71672894,76.04609459,10330347
4/8/2021,75.8265152,77.36353806,75.60694369,75.97290178,26105970
4/9/2021,75.97290802,76.77801477,75.38737279,75.38737279,17645822
4/12/2021,71.76439667,74.83844295,71.32524241,73.81375899,27005598
4/13/2021,74.69204712,75.02140716,71.76438245,71.76438245,25505623
4/15/2021,76.92438507,78.13204782,75.97289744,76.30225747,28659714
4/16/2021,78.53461456,78.93716514,76.26566976,76.55843737,21627285
4/19/2021,75.42396545,77.54651793,74.58226072,76.08268556,19166492
4/20/2021,75.27758026,76.85120121,74.80183361,75.6069459,23082015
4/22/2021,75.46055603,76.44864174,74.39927982,74.94821694,14844968
4/23/2021,74.94820404,75.8630991,74.36266897,74.65543651,12790334
4/26/2021,75.24099731,77.3635501,75.02142019,77.03419,11797791
4/27/2021,75.53374481,76.11927997,75.24098282,75.24098282,8886250
4/28/2021,76.0460968,76.41205491,75.60694818,75.93630825,6887787
4/29/2021,76.15586853,77.50991213,75.7899105,76.77799607,14990087
4/30/2021,79.15674591,82.4869616,75.60695311,76.22908082,81358264
5/3/2021,78.82736969,81.02311821,77.58311443,79.15673532,33975507
5/4/2021,80.25460815,80.73035478,78.82736829,79.04694537,30811922
5/5/2021,81.31589508,83.43845334,80.87674644,82.26738845,47588366
5/6/2021,80.6937561,82.59673699,80.10822095,82.19418646,26083818
5/7/2021,81.57204437,82.23076996,80.25459879,81.13289584,28016564
5/10/2021,83.36525726,84.13376593,82.34057345,83.32865922,33477142
5/11/2021,86.43930817,86.8784568,81.05972484,82.37717632,48355326
5/12/2021,84.24355316,88.67164839,83.21886937,86.87845035,49718697
5/14/2021,82.66993713,84.9022839,81.64525886,84.9022839,23626454
5/17/2021,83.62142181,84.46312652,82.15758948,83.40184473,19960145
5/18/2021,84.97546387,86.00014759,83.65801815,84.17035722,29395737
5/19/2021,84.0971756,84.75590132,82.99930126,83.80440799,25295575
5/20/2021,81.82824707,83.95079994,81.38909281,83.03590453,21131045
5/21/2021,82.52354431,83.47503752,81.27928911,81.27928911,20562816
5/24/2021,82.74313354,83.4018537,81.13291446,82.88951456,24785960
5/25/2021,83.87757111,85.70736108,83.2188456,83.73119014,25820379
5/26/2021,82.96269989,84.46313033,82.70653034,84.46313033,12045621
5/27/2021,81.86483002,83.18228148,81.46227944,82.70653481,22821449
5/28/2021,82.23078156,84.57291668,81.86482347,82.85290919,19331994
5/31/2021,83.18228149,83.69462063,81.53546996,82.3405767,16430926
6/1/2021,86.07334137,86.695469,83.58482525,83.69461379,51620011
6/2/2021,86.18314362,87.39080662,84.9022901,86.36612269,27162991
6/3/2021,89.65974426,90.61123766,86.6954811,86.95165626,64241347
6/4/2021,91.8188858,92.73378106,90.28186289,91.19675814,72354379
6/7/2021,91.5993042,93.31930598,91.41632517,92.91674987,28709907
6/8/2021,91.34313965,92.14824631,89.76951878,92.03845777,15261479
6/9/2021,90.79419708,93.68526353,90.06228096,92.95334741,29718157
6/10/2021,90.72100067,91.34313384,89.62312649,90.57461968,12245640
6/11/2021,90.42824554,92.66058653,89.65973133,90.72100755,18360366
6/14/2021,91.34313965,92.07505581,88.74483503,91.05037207,19547491
6/15/2021,91.74569702,94.05123423,91.37973891,91.92867608,32779493
6/16/2021,92.73378754,93.86825997,92.2946389,92.95336465,31654780
6/17/2021,91.56269836,92.95334,90.39163378,91.9286564,18124616
6/18/2021,88.01291656,91.16015823,87.02483088,91.16015823,87912730
6/21/2021,88.52526855,89.29378285,87.06143605,87.39080171,15669821
6/22/2021,89.33037567,90.90399106,88.92781952,89.80611674,23629008
6/23/2021,90.28185272,91.05036689,89.11078804,90.39164126,21978870
6/24/2021,89.29377747,91.08696994,88.81803081,91.08696994,24358397
6/25/2021,88.48866272,91.45291975,88.08610661,89.98908746,34557609
6/28/2021,89.54994202,91.12356289,89.14739147,89.6963286,23728169
6/29/2021,87.39078522,89.62312602,87.17120815,89.14738501,20857415
6/30/2021,86.14654541,88.52527336,85.67080429,88.0861247,19094044
7/1/2021,86.98825073,87.64697652,85.85378382,86.18314392,16012542
7/2/2021,86.69548035,88.45208052,86.36612026,87.8299528,20014124
7/5/2021,88.52526855,88.89122668,87.02484359,87.20782265,12050022
7/6/2021,88.92780304,91.4895093,88.59844304,90.02567715,30193164
7/7/2021,87.75674438,88.12270245,86.21972164,87.75674438,18479814
7/8/2021,85.67079926,87.39080133,85.52441265,87.39080133,17151883
7/9/2021,86.29290009,86.8418371,85.34140702,85.70736503,11240925
7/12/2021,86.7686615,87.35419107,86.36610538,87.09802153,8420962
7/13/2021,88.12272644,88.41549409,86.80527482,87.09804247,8580799
7/14/2021,88.41548157,89.11079974,87.90313686,88.04952346,12709481
7/15/2021,85.56099701,87.39078734,85.04865237,87.24440076,28589465
7/16/2021,85.48780823,85.9269568,84.71929404,85.78057022,19691248
7/19/2021,83.87757111,85.30481063,83.58480359,84.02395765,14395883
7/20/2021,82.41376495,82.88951161,81.68184874,82.01121438,18634406
7/22/2021,84.53632355,84.75590065,83.40185117,83.73121682,11710140
7/23/2021,84.38995361,85.45123004,83.98739741,84.53633464,7841690
7/26/2021,83.84100342,84.60951208,83.51163778,84.06057493,8149770
7/27/2021,83.9141922,84.82908744,83.43844556,84.4265313,9704729
7/28/2021,83.6946106,84.31673821,83.03588494,84.09716671,11020097
7/29/2021,83.98738098,84.7558952,82.92610476,83.65802094,14142749
7/30/2021,84.38995361,85.45123004,83.29207914,83.6580373,12236156
8/2/2021,85.70738983,86.00015744,84.02398584,84.13376881,10895726
8/3/2021,86.29290009,86.51247154,84.28013103,85.01204705,15163353
8/4/2021,85.8903656,86.73207035,85.34142845,86.14653516,14304543
8/5/2021,85.52440643,85.81717403,83.95078549,85.04865979,11033147
8/6/2021,85.37802887,86.51249567,85.01207076,85.01207076,6606584
8/9/2021,84.17036438,85.6341968,83.65802527,84.90228059,8294214
8/10/2021,84.06056976,84.68269738,83.36525165,84.2435488,14300982
8/11/2021,85.63420105,85.85377816,84.06058,84.53632668,11308648
8/12/2021,85.08526611,86.29292907,84.38994789,84.97547756,13519139
8/13/2021,84.97546387,85.59759148,84.42652675,85.48780852,10342014
8/16/2021,84.53632355,86.62228366,83.95078834,85.56100737,14771886
8/17/2021,83.32863617,84.9022567,82.48693165,84.9022567,16025745
8/18/2021,82.8529129,84.35334337,82.63334139,83.3652576,10074307
8/20/2021,80.65715027,81.79162243,79.41289516,80.98651586,23878081
8/23/2021,81.79164124,81.9746203,79.41291341,80.76695736,16886027
8/24/2021,82.8529129,84.31674533,82.04780619,82.81632044,17368602
8/25/2021,84.64611053,85.78057731,82.92610856,83.07248957,18637317
8/26/2021,84.57291412,85.0852532,83.73120943,84.60950658,8779246
8/27/2021,85.37802887,85.63419843,84.13376794,84.53632409,9706825
8/30/2021,87.93973541,88.12271447,85.45121913,85.45121913,15933414
8/31/2021,88.23249054,88.56185056,87.13461636,87.82993444,13376290
9/1/2021,87.61037445,89.47676316,87.39080292,89.14740307,10964080
9/2/2021,86.84184265,87.93971675,86.36609609,87.02482167,13031666
9/3/2021,90.09887695,90.39164453,86.95164086,87.79333996,21326802
9/6/2021,89.03760529,91.01377676,88.67164719,90.6112262,12505630
9/7/2021,87.79334259,89.84271011,87.50058059,89.65973106,8530847
9/8/2021,88.4252243,88.83408638,87.34732343,88.46239565,7801721
9/9/2021,90.804039,92.03061944,87.86767907,88.53672347,27242637
9/13/2021,91.4730835,91.73326585,90.02348636,90.84120477,9921031
9/14/2021,92.14212036,93.22002677,91.28723631,91.658927,16593684
9/15/2021,95.48732758,97.15993553,92.36512832,92.36512832,42437332
9/16/2021,95.67318726,97.56881216,94.70679481,96.37939734,22431820
9/17/2021,94.96697235,96.41656379,92.73682819,95.6731824,25968166
9/20/2021,95.52451324,96.19355199,92.95984959,92.95984959,29857432
9/21/2021,100.5051498,101.0998572,95.9705307,96.34222135,51537119
9/22/2021,99.35293579,100.5423508,98.46088023,99.98481462,16424387
9/23/2021,102.400795,102.8468284,99.91046258,100.207822,18688982
9/24/2021,101.1742096,103.9990497,99.98479486,103.2556684,33667173
9/27/2021,104.0733948,104.6309308,102.2149413,102.6238033,34196564
9/28/2021,105.7088318,106.7495725,104.8167764,105.4114838,46109879
9/29/2021,107.6044693,110.6151666,103.5902138,104.7052861,68003697
9/30/2021,107.4186172,108.5708607,105.0769703,107.6044626,26714630
10/1/2021,108.7195435,111.247036,107.1212778,107.9389906,42893182
10/4/2021,109.7231064,110.3921452,109.277073,109.8717804,16099471
10/5/2021,121.6543579,122.3605793,110.7638253,111.5072066,131238378
10/6/2021,124.9624023,128.4191209,123.2526231,123.4012971,101221817
10/7/2021,119.2383652,126.4863334,118.5693265,126.4863334,59769140
10/8/2021,119.6472168,123.8473279,119.3126975,121.8401893,30561341
10/11/2021,122.6579361,123.5499915,120.9481565,121.7287093,18143592
10/12/2021,121.5800323,123.2898119,120.9853249,122.7322758,11619888
10/13/2021,118.94104,121.765892,118.7180233,121.654378,16690451
10/14/2021,118.2348328,120.2419606,117.9374734,119.6844245,14821875
10/18/2021,120.5021439,123.0296364,119.8330937,121.7287188,22899876
10/19/2021,117.9002914,121.5428557,117.4542581,121.5428557,10331930
10/20/2021,115.1497803,118.4578367,114.2205535,118.3834941,17118996
10/21/2021,115.2241211,119.1640449,114.8896017,117.1569173,31555789
10/22/2021,116.7480469,117.7144449,114.8524221,116.7108755,27317028
10/25/2021,119.9817581,121.1340016,118.1233045,118.1976472,34568006
10/26/2021,121.2455368,121.8774043,119.1640662,121.5800562,33022684
10/27/2021,117.379921,121.6172041,116.7108822,121.2455134,21652522
10/28/2021,111.6558838,116.5993769,110.5408117,111.5072098,24815027
10/29/2021,110.8009949,112.882465,108.5336794,111.4328622,18736450
11/1/2021,113.8488541,114.1833848,110.3177925,111.5072072,11444653
11/2/2021,113.7002029,115.0754633,112.5107993,114.4435845,20609479
11/3/2021,112.9939728,114.6294096,111.358536,112.3992654,11591857
11/4/2021,113.0311432,113.6258506,112.4364358,112.9939719,1114216
11/8/2021,115.1497803,115.632985,112.7709619,113.7001887,16568525
11/9/2021,116.4507065,117.5657787,115.2241316,116.3392038,13601954
11/10/2021,117.2312546,117.974636,116.3020277,116.4878731,13900618
11/11/2021,114.1090546,116.599387,113.7745352,116.4135416,14158749
11/12/2021,114.9639282,115.6701496,113.9603701,114.4807349,10552485
11/15/2021,117.3055954,120.6136406,115.9675065,116.3020259,45750584
11/16/2021,116.8223877,118.7180126,116.562211,118.4949959,12956283
11/17/2021,117.008255,118.3835155,116.4135588,116.7109069,11420415
11/18/2021,114.7037506,116.7108781,114.2577172,116.7108781,18351511
11/22/2021,112.9693298,118.4809641,112.5453553,116.5923629,21558590
11/23/2021,113.0849457,113.8558042,110.5411101,112.3911777,21216047
11/24/2021,118.2882614,120.1383293,114.8579427,114.8579427,36294271
11/25/2021,119.560173,120.2539411,117.5944813,118.7122239,11554142
11/26/2021,113.3933105,117.3632278,112.738076,117.3632278,23135841
11/29/2021,111.0807037,112.5838753,109.3848058,111.7744716,18736522
11/30/2021,109.539032,113.8943792,108.7681732,110.5026054,22980651
12/1/2021,109.6546478,110.7338453,107.6504105,109.7702719,14278744
12/2/2021,111.0036316,111.5046849,108.2285361,108.3056267,8561767
12/3/2021,112.4682693,113.2005945,110.3484081,111.0036427,10690334
12/6/2021,110.502594,112.4297407,110.0400741,112.3911954,7749262
12/7/2021,112.4682693,112.7380746,111.389072,111.7745013,10253663
12/8/2021,114.3954163,115.8986,113.1620495,113.3162189,12266948
12/9/2021,113.5860138,115.5516937,112.8151552,115.243355,7989291
12/10/2021,113.7401886,114.0870726,112.1984714,112.7380701,10324085
12/13/2021,112.5067902,116.0141985,112.0442821,114.8193655,13595587
12/14/2021,113.2391052,113.6630797,110.9650751,111.196335,12331999
12/15/2021,110.9650803,113.8557997,110.6952868,112.7766025,10361033
12/16/2021,112.0442734,112.7380412,111.4275843,112.0057281,12156709
12/17/2021,107.4576797,111.851583,106.7639117,111.1578032,17667617
12/20/2021,103.2950516,106.1086807,101.4835292,105.9930567,17238729
12/21/2021,104.8753052,105.4919944,103.1408735,104.1044466,8615570
12/22/2021,105.4534531,106.3399357,104.2971652,105.9159611,4968143
12/23/2021,108.3056259,108.6910552,105.7232451,106.7639088,6324169
12/24/2021,106.7639084,109.1535746,105.7617899,109.1150293,5657495
12/27/2021,105.8774338,106.4170324,104.83677,105.2607445,4404298
12/28/2021,107.5347672,108.3056257,106.7639086,107.264962,8738089
12/29/2021,107.0722656,108.5754495,105.9545229,108.0743843,6571286
12/30/2021,108.3056259,108.8452245,106.7639088,106.9566235,11556524
12/31/2021,109.770256,110.1942306,107.4962256,108.2670842,6393760
1/3/2022,110.2713318,110.5796705,108.8452386,109.7317331,3765911
1/4/2022,113.9328995,114.5495887,110.3098665,110.3098665,16351836
1/5/2022,115.8985825,116.4767263,113.6245404,114.4724895,12977680
1/6/2022,116.2454681,116.7079762,114.3568671,116.0912988,9012777
1/7/2022,121.063324,121.4102079,116.6694331,116.7850572,30889365
1/10/2022,122.0654602,122.8748523,120.5622766,121.9883696,16418985
1/11/2022,124.0696869,124.6092855,121.4873177,122.4123456,14457548
1/12/2022,127.1531067,127.7312506,124.4165567,125.4186751,21220614
1/13/2022,126.3822479,127.5770809,125.68848,127.1531064,7445346
1/14/2022,124.146759,125.8811906,123.4915246,125.6113854,11646259
1/17/2022,127.8469162,129.658427,125.1103655,125.2645349,32577835
1/18/2022,126.305191,129.8125884,125.9582952,129.7355096,11175409
1/19/2022,131.238678,131.8168219,127.1145797,127.4229302,36648534
1/20/2022,128.6177521,131.7397198,128.3479469,131.7397198,14474454
1/21/2022,126.1509933,128.2708543,125.1103414,127.422917,8625926
1/24/2022,127.7312546,129.7354914,126.2280828,127.3458253,28783449
1/25/2022,127.3072739,128.5021069,125.6499328,125.6499328,14249846
1/27/2022,127.7312546,130.0823754,126.8062267,127.2687465,25936832
1/28/2022,130.1209259,134.6689867,128.1552342,129.1573527,32790065
1/31/2022,133.0502167,134.7846488,130.6990953,132.279358,24031034
2/1/2022,131.7782593,134.823148,129.8896583,134.1293801,14220953
2/2/2022,132.0480652,134.1679261,131.431376,131.4699213,12478192
2/3/2022,129.1188202,132.00954,127.9625322,131.0459668,12529302
2/4/2022,130.7375946,133.1272487,130.3136201,131.0459333,17434362
2/7/2022,132.6647491,133.589777,130.4292525,131.5855402,11723574
2/8/2022,128.6948853,133.3585837,128.3480011,132.5877249,13231599
2/9/2022,126.3822479,130.7376055,125.7270253,129.4271366,17938632
2/10/2022,130.3521729,131.3542795,127.3072725,127.8468828,26763203
2/11/2022,129.6198425,131.4313646,128.8104506,129.4656732,12884995
2/14/2022,128.1166992,135.9409212,127.3458406,130.1980151,44604164
2/15/2022,126.5364304,131.0459577,120.5622764,131.0459577,31146458
2/16/2022,129.9282227,130.1980161,126.8062429,126.8062429,15960268
2/17/2022,132.3949585,132.8960119,129.8896682,129.9282134,24640791
2/18/2022,129.4271393,132.3949493,128.5021114,131.9709747,11829998
2/21/2022,127.2849731,130.5177383,127.012338,130.4008845,14222260
2/22/2022,128.4923706,129.6997884,127.1681109,129.6997884,29399172
2/23/2022,125.220665,129.6218842,124.3637848,129.5050423,21301826
2/24/2022,122.0268631,126.5059853,121.5205323,125.2206767,28766189
2/25/2022,124.2469559,124.9480311,122.1437182,124.1690533,20225258
2/28/2022,125.1427689,126.0775517,121.364734,125.025927,20210070
3/2/2022,126.9344559,131.140944,126.1165266,129.037694,41103406
3/3/2022,132.6599121,133.8283787,126.8954697,131.1019566,42345653
3/4/2022,128.726059,133.2051805,127.635495,132.5041054,32658756
3/7/2022,145.6298981,147.8499896,130.1671958,130.1671958,132538155
3/8/2022,139.5149384,151.8617302,138.5022648,148.0057922,73127816
3/9/2022,136.6326599,143.1760786,135.4252542,142.5528942,51977091
3/10/2022,135.8147888,137.8011728,128.5313414,131.0630193,62112814
3/11/2022,136.8664093,137.4116914,133.7504978,134.3736825,26187452
3/14/2022,133.8283844,136.7105998,132.8936134,135.5421331,20214021
3/15/2022,127.5576096,132.0367317,125.9217515,131.1019608,42333127
3/16/2022,130.3229828,130.7514229,126.0775563,129.3103093,25545119
3/17/2022,132.6599121,133.594683,128.2197413,129.7776968,66314748
3/21/2022,134.4126129,136.321106,132.659913,133.7504771,20614652
3/22/2022,136.6716309,141.1897038,135.3863224,137.2558641,39742745
3/23/2022,136.7884827,138.4243286,136.2042494,137.4895578,10994784
3/24/2022,138.2295685,140.52755,137.4895422,139.3590836,20332589
3/25/2022,136.9442902,139.631761,136.3990081,139.0475277,13608989
3/28/2022,137.372757,138.5801632,136.048485,136.710621,15253027
3/29/2022,133.2052002,136.4769045,132.8546626,136.28216,14210783
3/30/2022,126.1944046,128.4144961,125.5322687,126.9733824,95239532
3/31/2022,127.6744461,128.7260708,125.5322573,126.0775513,33523683
4/1/2022,130.8293457,131.0630415,127.4018474,127.6744826,28335224
4/4/2022,130.9072113,131.686189,128.8039738,130.050331,17745513
4/5/2022,133.8673248,134.5684,131.8809293,132.6209557,20054934
4/6/2022,134.6073761,135.1526582,132.6599315,132.8936272,12969222
4/7/2022,131.5303802,135.3863172,131.0240376,132.8935911,24550313
4/8/2022,133.1272888,133.438887,131.4135402,131.6472359,9529874
4/11/2022,133.3609924,134.5684104,132.0756839,133.2051993,9724979
4/12/2022,131.5693207,134.1399493,131.0240387,133.2051785,13184429
4/13/2022,135.7368774,136.2042689,132.971504,133.516786,23458303
4/18/2022,136.9442902,139.4370166,136.3990081,137.1000833,23916912
4/19/2022,137.9959106,140.0602089,137.1000909,138.1127644,17880666
4/20/2022,136.7106018,138.1517155,136.1653197,137.801166,10076403
4/21/2022,135.6589661,137.6453616,135.4642216,136.8663839,12246720
4/22/2022,135.5421448,137.3337962,135.308449,135.6589867,10267952
4/25/2022,132.1535797,134.7631601,131.1019668,133.2052045,12583497
4/26/2022,130.0503387,133.7504832,129.0766165,133.2831037,20086229
4/27/2022,128.4144897,131.5693402,127.2460231,130.8293137,13981957
4/28/2022,128.3755341,129.310305,126.5449316,129.310305,13030499
4/29/2022,124.9869766,130.4398208,124.2469501,129.6997944,15964743
5/2/2022,121.7931747,124.0522054,121.4426253,123.1953252,23405519
5/4/2022,126.3891525,126.8175927,123.0395455,123.8574746,23661920
5/5/2022,128.4144897,131.1798513,127.2849625,127.9081471,26878516
5/6/2022,130.0503387,130.4008764,125.4933258,127.6744541,16768573
5/9/2022,128.3365936,130.3229894,126.778638,128.7260825,9952775
5/10/2022,120.3130951,125.9217318,119.1056774,124.986961,22602956
5/11/2022,123.5458832,124.6364473,119.7678361,119.9625806,15084514
5/12/2022,121.9100342,125.4154345,119.9625895,123.8574788,21459069
5/13/2022,119.6120453,124.8701455,119.1446538,124.6364498,12934346
5/16/2022,119.573082,121.7152707,118.2488222,120.118364,13205775
5/17/2022,127.09021,127.5186501,121.1699864,121.520524,17843200
5/18/2022,127.1291809,128.1418545,124.7922474,126.1944099,12616832
5/19/2022,124.6364212,126.2333277,122.9226728,123.506906,8932407
5/20/2022,126.1164856,127.5965504,124.7143352,125.9217412,7235654
5/23/2022,120.8194656,127.9081567,120.4689161,125.9996634,18029557
5/24/2022,117.3529968,122.8837438,116.9635079,122.6110968,19141394
5/25/2022,118.8720245,119.3783554,114.9771353,119.1057084,19366472
5/26/2022,118.3267136,119.4172895,115.3666077,119.0278007,12824105
5/27/2022,112.0169983,121.1310352,109.9137608,120.7415464,52469252
5/30/2022,112.2117386,114.7434161,109.9526962,113.4580958,40261336
5/31/2022,117.8204117,119.1836231,113.263386,113.263386,57675204
6/1/2022,116.6519165,119.1056916,115.8729388,117.7814318,22780094
6/2/2022,118.7551498,119.1056874,113.730746,115.1329082,25429955
6/3/2022,118.0930328,120.1183679,117.7424833,119.9236234,16747177
6/6/2022,119.9235992,121.5205057,119.0277798,119.2614754,30327268
6/7/2022,126.0775452,126.9344135,120.1183586,120.58575,61411715
6/8/2022,127.2849731,129.6219066,126.2723115,127.3628757,45994327
6/9/2022,128.9597778,130.3619403,128.1418488,129.3103155,31122996
6/10/2022,128.2586823,129.8166378,127.2460207,127.7523515,17812698
6/13/2022,124.2858963,127.7133935,123.4290161,126.1943893,12237777
6/14/2022,121.4815674,125.0648695,120.9752366,124.2858918,12844437
6/15/2022,117.9372406,122.4942657,117.469861,122.26057,16223385
6/16/2022,111.8222656,118.054088,111.0822391,116.1845342,25130676
6/17/2022,110.1864166,113.0686323,109.563232,110.9653945,22922034
6/20/2022,104.694603,108.2000028,101.2671057,107.966319,28656582
6/21/2022,108.3558197,109.2126882,105.1620059,106.0188862,20581784
6/22/2022,105.0451584,106.6810046,102.0460892,106.6810046,31824106
6/23/2022,105.0062027,106.25256,102.9808558,104.3830181,26829020
6/24/2022,106.9926147,109.8358792,105.3178052,106.7199677,25461812
6/27/2022,110.2253494,111.0822297,106.9146941,109.0568828,24188349
6/28/2022,116.3403473,118.2098894,110.7316972,111.23804,54387675
6/29/2022,120.079422,122.6110998,113.8865509,116.3403381,165860322
6/30/2022,118.0540771,120.3131078,116.262426,119.1835925,38725546
7/1/2022,102.0850449,117.7424918,101.2671158,116.028743,125788305
7/4/2022,98.15120697,101.228167,96.6711479,101.228167,85993413
7/5/2022,99.24177551,100.1765525,98.15120538,98.9301832,44595740
7/6/2022,94.21736908,96.20376498,93.36049463,95.81427606,59092334
7/7/2022,96.20375061,96.71008733,94.4510507,94.4510507,36229792
7/8/2022,94.64579773,98.42383867,94.25630885,98.42383867,42778692
7/11/2022,97.76171875,98.07331107,94.29526975,94.6458074,31521678
7/12/2022,96.67114258,98.73543491,96.20375709,97.29432719,25216226
7/13/2022,96.94377136,97.29431489,94.56789297,95.38581598,27166975
7/14/2022,99.04701996,103.2924522,96.43744574,96.90483119,38464081
7/15/2022,98.57965088,100.0207528,97.06064048,99.39757407,18088858
7/18/2022,101.189209,101.8123936,98.89122691,98.96912944,21010247
7/19/2022,99.63124084,103.7598188,96.94376443,101.6565815,33778758
7/20/2022,103.2535019,106.4083641,102.9808549,105.161995,60317150
7/21/2022,103.6819534,103.9935398,102.6692799,103.6040509,20853780
7/22/2022,103.1756058,104.2272305,102.4745305,104.2272305,11630255
7/25/2022,101.1113129,103.1755991,100.0207369,102.8250615,21705935
7/26/2022,99.86494446,102.5134759,99.51440685,101.9292426,22172845
7/27/2022,100.1765442,101.4229015,99.55335961,100.5660331,20187969
7/28/2022,101.4618607,101.6566051,99.90390502,101.5787026,25736737
7/29/2022,104.4998703,104.7725173,101.1892145,101.6176547,19738642
8/1/2022,107.8105164,108.2779078,103.7598344,104.4609215,20592826
8/2/2022,106.4862595,106.7589064,104.8504133,106.4862595,15037928
8/3/2022,105.6683426,107.849483,104.2272407,105.9409896,15853543
8/4/2022,106.1357117,106.8367868,104.3830118,104.6556588,14311959
8/5/2022,106.3304672,107.8884228,104.0714364,105.2399031,66480753
8/8/2022,106.3304672,107.109445,105.2009518,106.174674,12451233
8/10/2022,104.2272263,106.5252083,103.9545793,106.2525613,15829467
8/11/2022,103.4482498,105.9409763,102.8640165,104.7725096,19479706
8/12/2022,108.4337158,108.8232048,103.9935444,104.3051308,40876891
8/16/2022,109.0179291,110.5369332,106.018872,108.6673915,31230003
8/17/2022,108.7842407,109.6800723,108.0442142,109.0179364,15694770
8/18/2022,108.1063385,110.2995692,107.428426,110.2596899,42597708
8/19/2022,107.3486786,110.4590736,106.91003,109.6615352,35382493
8/22/2022,105.1953201,107.268925,103.5204966,107.268925,31231393
8/23/2022,106.6707611,107.029651,103.7597508,105.1953102,24268146
8/24/2022,108.4652252,109.5817741,107.2689176,107.4284228,22730039
8/25/2022,108.9038773,110.1799315,108.5848546,109.2627671,14620592
8/26/2022,108.9836121,110.2596783,108.5449757,108.8639862,12105053
8/29/2022,108.3854828,108.9437695,106.6707798,107.0296697,9198908
8/30/2022,110.538826,111.535749,109.7014082,109.9805394,21720398
9/1/2022,107.428421,108.664608,106.9897725,107.667685,20349294
9/2/2022,105.87323,108.2658453,105.5143401,107.4284275,17495310
9/5/2022,106.3916168,106.790386,105.793463,105.9928476,14865879
9/6/2022,105.3548431,106.9897874,105.0358204,106.9499202,10870488
9/7/2022,105.6738358,106.0327256,103.7198691,104.4775282,12042788
9/8/2022,105.1554413,106.9897698,104.876298,104.9959239,14629497
9/9/2022,106.8701477,107.029653,105.2351915,105.6738401,12327341
9/12/2022,106.8701477,107.9866966,106.5511372,107.6676861,13500202
9/13/2022,106.79039,107.787313,106.4713795,107.029654,10846178
9/14/2022,106.2321243,106.9499163,105.2750806,105.6339705,8597956
9/15/2022,105.7536011,107.1891605,105.2750731,106.5511395,10810473
9/16/2022,104.676918,105.2750718,103.679995,104.5572921,20909579
9/19/2022,104.1186523,107.149301,103.4407398,105.3548394,19411428
9/20/2022,106.2321243,106.551147,104.7168061,104.7965526,13080582
9/21/2022,104.3977737,106.2321145,103.7198734,105.4345761,11156865
9/22/2022,102.6033096,104.3579038,102.1646732,103.9990018,11366882
9/23/2022,102.563446,102.9622153,101.6861489,102.2843027,10407849
9/26/2022,98.45612335,102.7229591,97.81809622,101.5266514,12848954
9/27/2022,99.25364685,102.0051579,98.77512505,99.17389423,14465123
9/28/2022,97.73833466,98.85488356,96.90091689,98.85488356,15267018
9/29/2022,101.0082474,102.2444283,98.496,98.496,20597761
9/30/2022,101.1278687,105.5940763,100.0910663,100.0910663,33530494
10/3/2022,105.5940704,107.667675,104.1585112,105.035796,50966493
10/4/2022,106.79039,107.6676871,105.1155666,107.5879284,14137567
10/6/2022,105.7934647,108.9038717,105.5940801,108.8639924,14570735
10/7/2022,106.9100266,107.0695318,104.6370372,105.3149497,13532236
10/10/2022,106.2720032,106.870157,105.4345853,106.0726186,10183057
10/11/2022,104.5572891,106.4713764,103.8793766,106.2719918,13176461
10/12/2022,104.756691,105.2750862,102.9622293,104.5573063,9401804
10/13/2022,103.560379,105.155456,101.8057907,104.6370487,13320136
10/14/2022,101.7659073,105.913111,101.3272648,105.2750778,13205955
10/17/2022,101.925415,102.2444255,100.4898434,101.2873819,9320940
10/18/2022,102.6431885,102.9622111,101.7658975,102.4438039,6490293
10/19/2022,101.925415,102.6431948,101.6063984,102.6431948,7381712
10/20/2022,103.3609848,104.4775337,100.3303364,101.28738,18748363
10/21/2022,104.9161911,106.39163,102.6830809,103.1616089,11945173
10/24/2022,105.9131088,106.8701525,105.5940861,106.0726141,2154912
10/25/2022,104.2781525,105.9928553,103.5603727,105.6339654,10232002
10/27/2022,105.1155777,105.4345882,103.9192699,104.2781598,13865026
10/28/2022,106.6308899,108.1462203,105.1155717,105.3548357,22918037
10/31/2022,106.9100266,107.8271909,105.9131035,107.1891577,8753855
11/1/2022,107.7873077,108.2259563,106.9499022,106.9499022,11630848
11/2/2022,108.8241043,111.0173347,107.9468194,108.3455886,21117499
11/3/2022,108.7842484,109.0235123,107.8670839,108.7842484,7561534
11/4/2022,109.9406738,110.3793102,108.5051023,108.7842334,7498344
11/7/2022,110.4989471,110.857837,109.0633756,110.4989471,9987481
11/9/2022,110.5787125,110.8578558,109.2627788,110.8179765,12033732
11/10/2022,111.5357513,112.3332898,109.5817725,109.6615312,15908521
11/11/2022,112.014267,112.6921795,111.017344,112.133905,18492513
11/14/2022,111.0572433,112.4529358,110.5388482,112.1339253,12743505
11/15/2022,113.5295944,114.3271328,111.6553743,111.6553743,24636519
11/16/2022,113.9682388,114.2872615,112.6124259,113.8884923,11460200
11/17/2022,114.2075043,114.6860322,113.0111966,113.2105812,13368536
11/18/2022,113.0510788,114.2473865,111.8148917,114.1676278,19958908
11/21/2022,113.4279251,114.1816067,112.5486363,113.8885062,16348881
11/22/2022,113.2185593,113.8047475,111.2925013,113.0092054,11198874
11/23/2022,114.3072052,114.4328124,112.6742477,113.5116631,9010911
11/24/2022,116.7775726,117.2381536,113.4697844,114.3071998,11803087
11/25/2022,117.6987152,118.3267766,115.35395,116.400719,9789098
11/28/2022,116.9031982,118.2430553,116.4426172,116.8194516,8925344
11/29/2022,117.4475174,118.1593256,116.8194558,117.2800369,13558920
11/30/2022,118.159317,118.7455052,116.9031939,116.9031939,17720938
12/1/2022,117.2800064,118.9129636,117.0706526,118.4523826,27727625
12/2/2022,117.9918137,121.2577411,117.698726,118.7873684,24518337
12/5/2022,120.3784714,120.5459519,117.7406178,118.4942866,18440387
12/6/2022,119.2898178,119.876006,118.2011753,119.6247916,10977472
12/7/2022,117.7824783,118.7036404,117.3219101,117.9080983,9731670
12/8/2022,119.4573059,119.7504064,117.5312606,118.2849294,10150945
12/9/2022,117.8243484,119.7085332,117.4893874,119.3316988,9438307
12/12/2022,119.2060776,119.3316848,116.5682116,117.2381464,8946335
12/13/2022,120.8809128,121.1321272,119.3735626,119.7922703,12593054
12/14/2022,123.6025085,124.4399239,120.6715549,120.8809087,17692988
12/15/2022,123.4768829,124.649272,122.8069481,123.6443634,11426194
12/16/2022,123.2675247,126.0309977,123.1000442,124.2305599,20540447
12/19/2022,122.0951538,123.5606306,121.425219,123.1419229,10635055
12/20/2022,122.1370316,122.4301193,119.8341394,121.8439311,6714207
12/21/2022,120.1691132,122.9325866,119.4991783,122.6813594,10011408
12/22/2022,119.1223526,121.5508524,118.5361643,121.4252452,9123323
12/23/2022,117.0706711,120.1691054,116.6519634,117.7406059,8007752
12/26/2022,118.3267975,119.6247939,116.8194472,117.6568626,7150680
12/27/2022,121.2577362,121.7601777,118.9967175,118.9967175,8765357
12/28/2022,120.5040512,121.1321127,119.4991554,120.1272169,9534858
12/29/2022,121.1321335,122.2626494,119.3316955,119.5410493,36752195
12/30/2022,122.8907089,124.5655397,121.0483976,121.8020664,9644998
1/2/2023,125.9891434,126.2822439,123.3094167,123.35129,9631496
1/3/2023,125.2354813,126.11477,123.9374848,125.3610885,14991139
1/4/2023,122.4720001,124.6492852,121.4252309,124.6074119,13535874
1/5/2023,122.6813202,123.1000278,120.7133895,122.1370055,16320559
1/6/2023,123.393158,124.0212195,122.5138693,122.8488303,16804116
1/9/2023,124.0630722,125.7797761,123.7699845,125.0261075,18660445
1/10/2023,125.0679779,125.8635199,124.4399164,124.4399164,18490715
1/11/2023,122.9325714,125.6122979,122.4719904,125.1935902,12538238
1/12/2023,122.3882294,124.1468064,122.0532684,123.6862255,13270422
1/13/2023,123.0582123,123.5187934,122.1789234,122.5976312,8854484
1/16/2023,123.6025085,123.7699891,122.2626389,123.6862424,9696320
1/17/2023,123.811882,124.7749047,122.8069732,124.1887164,18484595
1/18/2023,124.9842529,125.4029606,124.1049642,124.1468375,12139643
1/19/2023,127.0777817,127.3708822,123.9793474,123.9793474,18437610
1/20/2023,126.9521637,127.7058323,126.0728751,127.2871247,17512691
1/23/2023,127.5802383,128.2082999,126.742823,127.7477189,16742252
1/24/2023,127.412735,128.2920236,126.9521668,127.5802283,8276792
1/25/2023,127.6639481,128.45949,126.5753057,126.6590523,9827342
1/27/2023,123.644371,129.0875708,122.7650951,127.6639673,13052535
1/30/2023,121.341507,124.6493086,119.9597764,123.5187925,12688399
1/31/2023,121.341507,123.8537536,120.797192,121.5508608,19050398
2/1/2023,120.7971649,122.2626418,119.2060809,122.0951613,11526089
2/2/2023,120.1272278,121.4252241,117.7824623,119.7503934,11886667
2/3/2023,120.8390427,121.7183314,117.3219006,120.1691078,9250428
2/6/2023,120.1691132,120.7553014,118.578029,118.6617628,6436143
2/7/2023,121.1321335,121.3833607,119.0804683,120.5040719,8681511
2/8/2023,120.5040512,122.1788817,119.8759898,121.7601741,10325869
2/9/2023,122.4301224,122.5976029,119.9178763,121.132126,8078404
2/10/2023,122.8488235,123.1000507,121.2577396,122.3882426,6396208
2/13/2023,124.0630722,124.6073998,122.7650887,123.476884,6563018
2/14/2023,124.3143005,124.942362,123.1000509,124.481781,6991500
2/15/2023,123.5187912,125.1098756,121.8439601,124.7749145,12631259
2/16/2023,130.5530701,131.0136511,124.2724539,125.6123238,30949761
2/17/2023,131.1392365,132.9815475,129.2969126,130.2180745,19874561
2/20/2023,129.6737671,132.1441397,129.29692,131.6416854,8348393
2/21/2023,129.0457153,130.5530528,128.5013877,129.7156374,7599927
2/22/2023,128.6269836,129.3806522,127.035887,129.1712984,9599697
2/23/2023,129.5062866,130.804283,128.3339102,128.7107445,18675946
2/24/2023,133.2457733,133.5466561,128.73261,130.4519103,14648507
2/27/2023,133.4606934,134.1484161,131.5264804,132.3861306,11904749
2/28/2023,130.7097778,133.6325824,129.9790701,132.5150349,17607584
3/1/2023,133.073822,133.3317196,130.5378572,130.6667994,7707977
3/2/2023,132.4291077,133.2887578,131.2255896,132.8159476,8219892
3/3/2023,132.6010437,133.8475339,131.9133209,132.3861312,8260104
3/6/2023,135.9966431,137.2861182,131.9992754,132.9878677,14491522
3/8/2023,136.0396423,136.5554377,134.4492842,134.5782396,7339476
3/9/2023,134.3633118,136.8133067,134.1483992,136.7273495,5314022
3/10/2023,133.9335022,134.7071821,132.5580566,133.7615748,4689681
3/13/2023,133.9335022,135.82473,133.4177068,134.277357,8785721
3/14/2023,131.7843628,134.8361233,131.5694503,133.933488,7177342
3/15/2023,131.1396179,132.7729478,130.4948804,132.3861079,9832270
3/16/2023,130.8387299,131.8703073,127.2282024,129.9790798,18551936
3/17/2023,131.655426,133.1598139,130.6238484,131.9563088,16593429
3/20/2023,130.9247131,132.515058,130.3229607,131.5264656,8749355
3/21/2023,130.2799683,132.1711958,129.764173,131.6554005,6148489
3/22/2023,130.2799683,131.3545308,129.6782158,131.0106629,4329409
3/23/2023,131.354538,131.6554076,129.2054127,129.8931354,4484564
3/24/2023,128.4317017,131.6983742,127.9159195,131.2685492,8301726
3/27/2023,129.1624146,131.053642,128.3027645,128.5606622,7437261
3/28/2023,126.5404968,129.1624324,126.0676866,129.1624324,8964539
3/29/2023,128.3887634,129.6782387,125.9387551,126.5834927,24012834
3/31/2023,129.8501434,131.5264584,128.9904934,129.0334785,7998472
4/3/2023,132.0852356,135.6957766,131.6124385,132.8159434,20016785
4/5/2023,131.4404907,135.265944,131.1396211,134.7501487,15880397
4/6/2023,129.4632874,131.9132818,129.2913469,131.6983693,10670936
4/10/2023,135.0939941,135.3948769,128.9475018,129.5492542,17431401
4/11/2023,136.7273407,136.9422532,134.4492602,135.0510258,13305621
4/12/2023,135.5238495,136.7273676,134.6212273,136.6843825,7333339
4/13/2023,136.4694672,137.973855,135.8247295,135.9536718,11610851
4/17/2023,137.6729584,137.930856,135.8247159,136.7703363,9358885
4/18/2023,137.6299744,138.0168143,137.0282089,137.6729464,8008560
4/19/2023,137.6299744,137.930844,135.8676892,136.0826017,11374283
4/20/2023,136.8133087,137.6299868,136.2545414,137.2001618,5733670
4/21/2023,137.2001801,137.4150926,136.426487,136.5984144,3512214
4/24/2023,137.7589111,138.1887361,136.9422463,137.2001439,7028440
4/25/2023,138.1027832,139.0913887,137.5440159,137.7159433,10169778
4/26/2023,138.5325928,138.9194458,137.329088,137.5440005,9177783
4/27/2023,137.5869751,138.3176697,137.2001352,137.7159173,6456825
4/28/2023,136.6413727,137.3720805,133.1168153,137.3720805,12656744
5/2/2023,141.197525,141.6703352,136.9852449,137.1141872,16612560
5/3/2023,138.5325928,140.4238333,138.2747083,140.0369803,8029435
5/4/2023,138.403656,138.5755834,136.8562833,138.2317286,9929482
5/5/2023,137.8019104,139.2203278,137.2861151,138.446648,5488707
5/8/2023,141.8422699,142.1431527,137.5440193,137.801917,9699470
5/9/2023,142.0571747,143.1317373,141.3264669,141.8422622,7600834
5/10/2023,143.5185699,144.1203223,141.842255,142.0571675,10901429
5/11/2023,143.6045532,144.9799855,142.7878882,142.7878882,7877677
5/12/2023,142.2720795,145.2808546,141.8422545,144.5501468,16373574
5/15/2023,142.3580627,143.2177128,141.3264721,142.2720925,8559162
5/16/2023,144.4212036,144.8510286,143.3466411,144.6791012,12249266
5/17/2023,143.7764587,144.4211962,142.7878665,144.4211962,7360259
5/18/2023,143.0027924,144.8080496,142.7019096,143.9913847,7433090
5/19/2023,141.7562866,143.3466444,140.9826068,142.8738343,5969632
5/22/2023,142.3580627,143.0457723,141.0685876,141.0685876,7331865
5/23/2023,141.8422699,143.6045553,141.3694597,142.3580652,10119254
5/24/2023,142.9168243,143.0887517,141.541379,141.8422618,6107980
5/25/2023,142.7019043,143.9054091,142.0571668,142.9168168,8077606
5/26/2023,140.7676849,143.9054021,139.5211951,142.7448825,14873707
5/29/2023,136.6843567,137.7589192,134.5352316,137.5440067,43253971
5/30/2023,136.5554047,139.0053992,135.1799594,137.2860993,16117505
5/31/2023,133.15979,137.0282153,128.9904951,136.6843606,83741017
6/1/2023,132.0852356,134.1054186,131.6983957,132.9878708,13982606
6/2/2023,132.987854,133.2457516,131.8703064,133.2457516,9851058
6/5/2023,133.5895996,134.1053948,132.7729348,133.6755699,11850547
6/6/2023,132.0852356,134.0194484,131.6983957,133.6755936,8118800
6/7/2023,132.2571564,132.8159236,131.1396088,132.0422439,12180164
6/8/2023,134.191391,134.6641881,132.5580479,132.8159455,13850599
6/9/2023,132.6010437,134.8791115,132.2142037,134.7071841,11764248
6/12/2023,133.2887573,133.4606847,131.1826171,133.1168299,11017643
6/13/2023,133.8045349,134.2773451,132.60103,133.417695,10073644
6/14/2023,135.6957703,136.1685673,133.9764701,134.1913826,9695952
6/15/2023,135.5238495,135.738762,134.2773593,135.3949072,7426254
6/16/2023,134.9650574,136.3834747,134.4062901,136.0396199,11466647
6/19/2023,135.652771,136.2115382,134.5352234,135.7387281,4718221
6/20/2023,135.1799774,135.6527876,134.578225,135.4378751,6059738
6/21/2023,137.7159424,138.0168252,134.6212099,134.9650647,8284206
6/22/2023,136.6413727,138.3606728,135.3948827,137.7159352,10629027
6/23/2023,134.8790894,136.6843597,133.5896143,136.6843597,8722650
6/26/2023,134.8790894,136.0396222,133.9764673,134.9650596,4273205
6/27/2023,135.6957703,136.5554203,135.2659452,136.5554203,9730174
6/28/2023,136.2975311,137.6729635,134.5782309,135.6957787,40243993
6/30/2023,137.8019104,138.4036628,136.6413775,138.4036628,7840112
7/3/2023,140.0369873,140.3378701,137.5440074,137.8019051,9548822
7/4/2023,138.575592,140.0369946,137.5440146,139.6931398,5394282
7/5/2023,139.9510498,141.3264822,138.7045597,139.263327,8795342
7/6/2023,142.1861115,142.5299793,139.7361167,139.9510292,9845699
7/7/2023,140.5527954,142.7019207,139.9510429,142.2720957,7597171
7/10/2023,139.9080353,142.1861025,139.6931228,140.8966275,5437687
7/11/2023,141.4983978,141.9282228,140.0369823,140.3378651,6343183
7/12/2023,144.1203308,145.2808637,142.0571759,142.6589283,15614026
7/13/2023,144.2492828,145.5387579,143.7334876,144.9799775,11350009
7/14/2023,145.4957733,145.9255983,144.5931381,145.2808608,9448062
7/17/2023,143.0457611,144.7650612,142.8308486,144.249279,4968847
7/18/2023,143.4755859,144.5501485,142.7448913,143.0457609,4322257
7/19/2023,143.3466492,144.3782266,142.7878819,143.7334891,5968174
7/20/2023,143.7334747,144.5071676,142.7018974,143.5615474,5217131
7/21/2023,146.613327,147.0001669,143.1317415,143.8624493,7842863
7/24/2023,147.0001526,148.0747151,146.3554151,147.5589199,8451631
7/25/2023,148.7194672,149.0203499,147.2580646,147.8598171,10480578
7/26/2023,148.6764832,149.837016,147.8598182,149.4501761,9103949
7/27/2023,147.0001526,149.2782199,146.742255,149.1062925,7731146
7/28/2023,147.6878815,150.3957739,145.1948885,146.7422612,9004252
7/31/2023,152.2010498,152.5878897,147.344019,148.547537,9277749
8/1/2023,151.9001617,152.1580594,149.8370069,150.6966569,5584773
8/2/2023,151.2554321,153.5764848,149.5791171,152.1580674,8975495
8/3/2023,147.9458008,151.1265038,147.4300054,150.6536936,6152393
8/4/2023,149.02034,149.9659471,147.9457774,149.02034,4605271
8/7/2023,148.6764832,150.0089434,147.9457884,149.837016,2240015
8/8/2023,149.02034,149.4071799,148.3756024,148.633487,3631238
8/9/2023,152.0720825,152.3729653,148.9773503,149.0203355,4852294
8/10/2023,153.5764771,154.5220974,152.0720895,153.10368,10430692
8/11/2023,152.3299866,154.4791117,151.9001615,153.791389,4112277
8/14/2023,153.0177155,155.1238555,152.4589481,154.7370156,12876956
8/16/2023,153.9203644,154.2642192,151.1265013,151.5563264,8371665
8/17/2023,152.8028107,153.9633436,152.2440433,153.6194757,5199363
8/18/2023,151.1217651,153.1476337,150.1303709,153.1476337,6734650
8/21/2023,151.7683105,151.9838293,150.2596793,151.1217543,3599820
8/22/2023,151.8544922,153.3631233,151.3803615,151.7682926,5348036
8/23/2023,151.2941742,152.7596992,150.8631367,152.5872868,6379611
8/24/2023,149.2251892,152.3286513,148.9665641,151.294164,7976333
8/25/2023,150.6044922,151.078636,149.0096614,149.2251802,4757915
8/28/2023,151.0355225,151.5527727,150.475179,150.9493229,4354221
8/29/2023,151.4665833,151.8114212,150.820027,151.3803836,4596468
8/30/2023,151.5096741,152.501055,150.8631179,151.4665677,5937955
8/31/2023,150.1303558,151.7251998,149.1820812,151.5527875,15823452
9/1/2023,156.6821442,159.2683694,150.3458871,150.3458871,22460960
9/4/2023,157.7166138,159.0097262,156.7252328,158.4924891,10998180
9/5/2023,157.8459625,160.3459752,157.2424994,158.1907873,13506519
9/6/2023,157.8028412,160.9925163,157.1993913,159.3976721,11954407
9/7/2023,156.6821442,159.6563005,156.0355879,159.4838881,11137801
9/8/2023,159.0097198,159.4407573,156.8976389,157.3286763,9737214
9/11/2023,158.1045532,160.3028472,157.1562786,159.8718096,10845871
9/12/2023,155.9493713,159.3976715,155.3459214,159.3545783,15524470
9/13/2023,158.5355988,159.2252614,155.9493736,156.8114486,10578786
9/14/2023,161.9838867,162.8459617,158.7942119,159.2683557,17746404
9/15/2023,160.9062958,165.2597772,160.0011275,165.2597772,19924829
9/18/2023,160.9925079,161.6390642,159.5700894,160.1735393,5022956
9/20/2023,162.2424927,163.3631927,160.5183429,160.7338616,12687099
9/21/2023,160.9493866,162.4580177,160.3890432,162.4149113,7814108
9/22/2023,159.5700836,161.8114707,159.4838709,160.8631961,7814821
9/25/2023,159.9149323,160.9494197,159.6994135,160.3459698,5540062
9/26/2023,161.8545837,162.1994085,159.6993962,160.3459525,12446655
9/27/2023,161.4235382,163.1907945,160.6045696,163.1907945,5630907
9/28/2023,161.5959625,163.363219,160.7769939,162.8459687,14890642
9/29/2023,165.3891144,165.7339392,162.199426,162.5011575,10085766
10/3/2023,159.1390381,163.1907876,158.3200564,163.1907876,22118500
10/4/2023,157.5442047,159.1390487,156.9838612,159.0097296,9360058
10/5/2023,157.0700531,158.6217906,156.0355658,156.2510845,11128340
10/6/2023,156.4235077,158.1907641,155.6907518,158.1907641,5759904
10/9/2023,156.6390228,159.2252478,156.2510917,157.6735102,14622727
10/10/2023,158.1907654,159.0528404,156.9407592,157.156278,11819690
10/11/2023,157.9752502,159.2252564,157.5442127,158.9666313,8499601
10/12/2023,159.0097198,159.3545577,157.7597138,157.9321262,8677885
10/13/2023,159.3976593,160.5614658,158.6649035,159.0528346,7435899
10/16/2023,160.8201141,162.2425328,160.561489,162.027014,12376549
10/17/2023,160.5614624,161.251125,159.9580126,161.2080186,4381065
10/18/2023,161.1649323,162.1132201,160.3890699,162.0701137,10181113
10/19/2023,160.6045685,160.9062868,159.5269748,160.3459434,9148124
10/20/2023,160.5183716,161.4666594,159.6131901,161.2080343,7912216
10/23/2023,159.3545685,160.3028431,158.7942118,160.3028431,4723090
10/25/2023,158.9235382,160.2166508,157.7597316,159.3545757,6812004
10/26/2023,155.9493713,158.7511153,155.0872963,158.1907717,8474867
10/27/2023,159.2683563,160.1735377,155.4321252,156.0355751,6422123
10/30/2023,162.7597961,163.104621,159.139083,159.4839078,7352638
10/31/2023,160.4752502,163.6218318,158.7942067,163.1045815,9404675
11/1/2023,160.9493866,162.7597492,159.5269682,160.4752428,9167869
11/2/2023,160.5183716,161.7683778,160.1304404,161.2080343,11471209
11/3/2023,163.7942505,164.354594,160.1735381,160.906294,7464912
11/6/2023,166.6390991,167.4149614,163.4063179,163.9666614,8962124
11/7/2023,166.552887,170.6908496,165.8201311,166.7252993,13921916
11/8/2023,168.4063568,169.4408442,165.7770254,166.9839252,10186886
11/9/2023,166.1218414,169.5701413,165.690804,169.3977289,5303833
11/10/2023,168.8804932,169.3977434,166.1218557,166.1218557,6025889
11/13/2023,168.794281,170.0873935,167.3287562,168.8804806,11181086
11/15/2023,171.9839478,175.00121,170.3891039,171.1218728,19769385
11/16/2023,173.9667511,175.3460633,173.2770884,174.570201,18629240
11/17/2023,169.2684479,173.4926105,168.5787852,173.1477858,13199928
11/20/2023,170.561554,171.1218975,169.8287849,170.69086,6423265
11/21/2023,169.7624207,172.2040873,169.5848476,171.3606052,10720353
11/22/2023,169.5848694,170.3395719,168.4750208,169.7624425,7538825
11/23/2023,169.2741089,170.2507811,168.3418469,169.5848719,6541617
11/24/2023,167.6759491,170.339586,167.054423,169.451707,5751331
11/28/2023,172.2041016,172.648041,167.2763712,167.6759275,9277764
11/29/2023,170.4727478,173.5803239,170.2063814,173.5803239,8791333
11/30/2023,173.0919952,173.7135078,170.5171518,171.049871,14965403
12/1/2023,172.7368469,176.0219962,172.4704805,173.3583595,9935740
12/4/2023,179.3959503,182.8142763,174.0686764,174.4682193,28615290
12/5/2023,179.3959503,181.082915,176.8210932,179.5291267,14557746
12/6/2023,179.3071442,180.9053289,176.7766974,180.9053289,12662213
12/7/2023,176.5990906,178.3748482,174.0686441,178.3748482,16425880
12/8/2023,173.9798584,177.8421368,172.3372907,177.4425941,10414387
12/11/2023,175.6224518,178.3304852,172.4704789,174.9565426,10108266
12/12/2023,173.4915314,175.6224489,172.7368424,174.8677464,10719911
12/13/2023,171.4938049,173.4915325,170.5171463,173.4915325,10892122
12/14/2023,173.9798584,174.2906214,171.5825882,173.9354617,15257294
12/15/2023,178.5080566,179.3071422,174.7789679,175.1341141,22863981
12/18/2023,176.6878967,179.0407703,175.222902,178.5080511,8061011
12/19/2023,177.8421326,180.7277388,176.9542537,179.3515239,16739742
12/20/2023,180.4169617,188.2302975,178.4192345,179.1295402,57762576
12/21/2023,179.9286652,183.5689743,178.6412434,181.0829105,22823936
12/22/2023,181.0828857,181.5712218,179.1739517,181.1272824,9910694
12/26/2023,184.1016998,185.1227552,180.816537,181.5712395,17052969
12/27/2023,182.5035095,186.3657746,181.571234,186.0106284,20361303
12/28/2023,184.9451904,185.4779097,182.3259502,183.3470056,22010872
12/29/2023,182.0595703,184.6788103,181.3492645,184.6788103,12171663
1/1/2024,182.325943,183.8797311,181.7932102,182.9030589,4820168
1/2/2024,183.8353271,187.1204763,180.8165308,182.3259357,21141219
1/3/2024,184.9007874,186.8541183,181.5712414,182.4591203,11650902
1/4/2024,190.5831909,191.2491001,185.8330472,186.8984991,31054419
1/5/2024,192.1813965,193.1136721,189.1626135,191.2935175,20743811
1/8/2024,193.5131989,196.0436591,192.7585099,193.5575955,19310595
1/9/2024,192.358963,196.6207845,191.7374505,196.2212417,11951525
1/10/2024,188.3191376,190.8939812,186.1882199,190.8939812,16500666
1/11/2024,188.0971375,190.0060715,187.2092586,190.0060715,12586419
1/12/2024,198.3521423,199.5507843,188.5410913,189.828513,39228118
1/15/2024,207.3197327,209.0510939,199.4619986,202.880338,57884916
1/16/2024,208.7403412,212.1586669,205.1888255,208.6071512,34505065
1/17/2024,206.0322876,210.6492549,204.8336457,206.165464,26010955
1/18/2024,207.3641205,208.2076027,199.4619901,204.2565443,19232183
1/19/2024,214.911087,215.3550265,208.6515382,209.5394171,26391844
1/23/2024,204.1233521,218.1074446,202.4363876,217.5303288,20282617
1/24/2024,208.0744324,208.6515483,202.5251891,205.1000325,14458601
1/25/2024,207.808075,210.8712547,206.6982262,208.6515573,18291957
1/29/2024,224.1894226,226.3647232,212.2918507,213.9788152,54127939
1/30/2024,221.2594147,233.7784988,220.7710786,227.7409332,51491099
1/31/2024,223.967453,225.8320041,218.6845762,222.3692683,33293192
2/1/2024,219.883194,226.098346,217.9298632,226.098346,29758133
2/2/2024,228.4068451,230.848512,221.0818442,221.9697231,30482663
2/5/2024,233.4677887,237.9959498,226.4979333,230.892918,34001868
2/6/2024,241.7694244,242.7460967,231.0261109,235.5986821,36708949
2/7/2024,241.4142456,244.7437912,237.5519673,244.1666754,23756939
2/8/2024,242.5241089,244.7438061,238.9282103,242.4353156,25252940
2/9/2024,237.5519867,244.7438111,230.0938094,244.1666953,26743792
2/12/2024,228.983963,236.7085203,228.0072908,232.5798888,30906374
2/13/2024,230.4045868,232.9794303,226.1427651,229.0727684,20711842
2/14/2024,238.7062378,239.41653,227.296989,229.0727467,36168962
2/15/2024,246.2088165,248.4729241,238.8394322,241.192306,32831246
2/16/2024,247.4700775,250.4429505,243.5512705,247.8754543,27044984
2/19/2024,247.4250031,251.3888426,245.3980368,247.4700632,15322964
2/20/2024,249.1816864,253.280651,246.8844418,247.5600971,18968785
2/21/2024,245.8934784,253.2355933,244.6772934,248.6411321,16340579
2/22/2024,247.4700775,248.6412026,241.8846482,246.7043292,16791453
2/23/2024,245.2178802,248.64119,244.2269135,247.6502232,9464646
2/26/2024,243.1007996,244.9475798,241.2539918,244.9475798,8661999
2/27/2024,242.6503754,243.4161236,238.686536,241.4792229,19582774
2/28/2024,239.4072266,243.5061916,238.3712271,243.2359404,9118196
2/29/2024,238.3712006,239.9477296,235.5784864,238.7315446,17179832
3/1/2024,243.7314148,245.8935341,240.0828866,240.0828866,12930057
3/4/2024,251.5240021,252.7401598,245.488136,245.7133545,22280353
3/5/2024,255.6229553,256.7040149,249.2267455,252.2446784,18544484
3/6/2024,252.4698792,256.118407,246.4340138,256.118407,16807149
3/7/2024,250.5330048,256.1634659,249.7672565,252.4698779,11386963
3/11/2024,246.8394623,252.695143,246.1187741,250.533051,10684598
3/12/2024,243.5962524,248.2808069,242.3800674,246.8394034,13780189
3/13/2024,230.038147,244.1368175,227.6958694,243.9566317,20079496
3/14/2024,237.1550293,238.145996,226.2994972,227.4706359,21404057
3/15/2024,233.1010895,239.9927684,224.2274773,237.7856441,34961065
3/18/2024,235.6686096,236.9748602,232.020054,233.2812994,9246173
3/19/2024,233.5515594,237.7856778,231.2092818,236.0289627,8758348
3/20/2024,237.6955872,238.3712426,231.7047811,233.7317474,10484778
3/21/2024,236.8847961,240.4882916,236.3442663,238.4613254,12163200
3/22/2024,237.1550293,238.9567769,232.830846,236.8847782,13025089
3/26/2024,239.1820068,241.3440986,233.596578,235.713637,10830926
3/27/2024,235.8037262,241.6143734,233.9118856,238.7315662,28563001
3/28/2024,241.4792328,244.1368217,235.9839241,236.434361,18888942
4/1/2024,243.145813,244.5872164,241.2539727,241.4791911,6440401
4/2/2024,245.4881439,246.8844875,242.7404895,243.326052,14439120
4/3/2024,248.055603,251.3437869,246.7042923,247.7853244,22600929
4/4/2024,242.3350372,251.0284634,239.0468536,251.0284634,24624383
4/5/2024,241.3891602,244.9475954,240.0828821,241.2990673,13029904
4/8/2024,243.5962524,245.0376559,240.1729432,241.0287568,13011300
4/9/2024,242.2900238,245.6232404,241.4341827,243.2359303,13173933
4/10/2024,245.037674,246.1187335,242.4701781,243.1908937,11137195
4/12/2024,239.3622131,245.4881448,238.7315904,244.947615,21894584
4/15/2024,252.1095276,254.9022417,240.6233871,242.4251347,75063828
4/16/2024,255.0824127,263.550621,247.9655151,249.5420443,79082544
4/18/2024,246.9745789,259.1814369,246.2538907,257.6499403,34136482
4/19/2024,247.9655151,252.9653538,246.9295158,249.3168258,32658724
4/22/2024,249.3618774,250.4429371,246.6142231,249.8123144,14184019
4/23/2024,249.3618774,251.1185925,248.2357851,249.4069376,8799147
4/24/2024,251.6590729,252.6049793,248.9113916,250.0825439,9253985
4/25/2024,254.0013885,254.586951,250.4429259,251.6591111,17050557
4/26/2024,254.8572235,257.7850637,254.2266283,254.9473164,11070290
4/29/2024,255.1274719,256.9742522,254.1815379,255.8031273,8952420
4/30/2024,254.8121643,257.9652227,253.5509465,256.2986006,10658906
5/2/2024,254.7671204,256.3887098,251.3888433,253.1455584,15677336
5/3/2024,257.7399902,263.910981,255.8481498,255.8481498,28913016
5/6/2024,254.1815033,260.1272751,247.9654804,260.0822424,15491865
5/7/2024,246.4790802,256.7490361,245.0376766,255.7580695,13179001
5/8/2024,249.4069061,252.4698714,245.3529742,246.3889735,12797721
5/9/2024,238.9568176,250.9384303,237.110037,249.7673051,14869187
5/10/2024,243.4611359,244.3169769,238.236079,240.5332961,9530738
5/13/2024,240.4432068,244.9475757,236.0739634,244.9475757,7163239
5/14/2024,245.8484344,247.4249635,240.0378154,241.389126,9123849
5/15/2024,246.3439636,248.6411809,245.4881225,247.2898702,6368662
5/16/2024,250.1276093,251.6591057,246.6592396,248.641173,23757779
5/17/2024,249.9474182,255.3076002,249.1816701,251.1635757,11529157
5/21/2024,252.3347626,255.848165,250.7582334,253.2356364,17559555
5/22/2024,250.4429321,255.8481753,249.4519654,255.8481753,17935064
5/23/2024,255.3527069,256.3436462,251.4339001,252.1996484,17719819
5/24/2024,255.1725311,257.6049016,253.9113132,255.8481866,11041667
5/27/2024,250.1276093,256.0283492,248.3709218,255.8481635,13719808
5/28/2024,247.1097107,251.6140804,245.9836183,251.6140804,6927361
5/29/2024,244.9025726,246.6592602,243.4611689,246.6592602,8327205
5/30/2024,240.2630463,247.8303805,238.7315499,245.93854,15390964
5/31/2024,238.1459961,241.8395842,236.929811,241.8395842,24167379
6/3/2024,255.9382324,258.1453566,246.1187143,250.3978645,30195397
6/4/2024,212.8764801,256.7490311,200.8948559,256.7490311,72779900
6/5/2024,222.9662781,224.9932442,207.6063762,222.5158412,37078551
6/6/2024,227.2904663,233.776755,224.5427984,228.821949,30881233
6/7/2024,234.5875549,234.947899,226.8400477,228.3715306,22010688
6/10/2024,233.4614563,237.8307,232.4704896,237.8307,14138524
6/11/2024,246.4340363,247.7403144,238.9567941,240.3981978,47270206
6/12/2024,248.1907654,251.433917,247.3799843,250.4429502,20560662
6/13/2024,249.1366425,250.4429205,245.4881145,250.4429205,16013386
6/14/2024,248.1006622,250.6231256,247.3799741,249.5420659,10642648
6/18/2024,248.4609833,251.3437904,246.8394214,251.2987577,17044769
6/19/2024,244.6322784,249.1817078,244.2269017,248.5510851,13361607
6/20/2024,244.9025726,246.839446,242.4251694,244.8575124,12826509
6/21/2024,242.920639,247.5151014,242.2449836,244.5422285,17406416
6/24/2024,243.145813,244.361998,240.1729407,242.9205946,7282347
6/25/2024,240.5333099,243.9566195,238.7315623,243.3260243,14425434
6/26/2024,241.2089539,242.4701716,237.9207701,240.4432056,10650910
6/27/2024,240.9837341,241.5242639,237.380239,240.8936413,22830930
6/28/2024,247.0196381,248.1457305,241.7495202,242.3350827,19532912
7/1/2024,245.8934784,248.4609464,244.6772934,247.7402584,11750972
7/2/2024,247.6051636,252.0644723,244.5872309,246.1187273,24470518
7/3/2024,247.4700775,250.1726993,246.8394548,248.6412026,9125400
7/4/2024,249.5870819,251.253704,245.9835866,247.7403016,13444669
7/5/2024,259.6318359,260.6227751,249.0916017,249.767257,39781962
7/8/2024,269.4963989,272.9647686,258.8660988,261.2534089,53136198
7/9/2024,267.9649048,271.9287437,264.271317,270.9828098,18686252
7/10/2024,268.59552,270.0819563,260.2174046,269.9918909,19278800
7/11/2024,274.5412903,276.7484421,265.8928963,270.2621397,36020507
7/12/2024,276.6583557,280.8474135,274.0458271,276.3880771,31788101
7/15/2024,290.5318298,291.5678293,278.0547209,280.8924682,51435537
7/16/2024,290.6669312,295.1262675,288.0544026,291.5227723,37468292
7/18/2024,298.8198853,300.2612615,289.766086,292.874112,48189915
7/19/2024,287.964325,300.1711823,286.5229213,299.9909965,26579496
7/22/2024,289.0003052,291.2975499,283.3248112,288.2796171,22234557
7/23/2024,283.0095215,289.5408571,267.9198841,288.3246718,37871058
7/24/2024,287.8742065,293.459635,281.1627134,282.0185269,28259305
7/25/2024,302.5133972,304.0899263,284.7662007,286.522888,42054664
7/26/2024,298.7297974,304.9458219,297.3784865,303.1440741,25703985
7/29/2024,299.9008789,305.8916841,297.9640058,300.7116598,26721790
7/30/2024,299.0000305,304.7205851,298.1892495,299.0901234,19792253
7/31/2024,301.0720215,303.9998612,297.0631223,299.1351209,21393361
8/1/2024,307.8736267,310.5312155,303.7296017,304.3151641,36044960
8/2/2024,297.378479,304.4953773,296.0722009,304.4953773,22939377
8/5/2024,279.4961548,291.2525493,275.6674403,288.5949876,37986023
8/6/2024,275.7574768,290.486769,274.9016357,283.5950624,28386636
8/7/2024,296.4776001,298.1442223,281.0726512,281.4329953,66110716
8/8/2024,290.7120056,296.3874999,289.8111318,296.3874999,23478224
8/9/2024,299.5856018,302.5585021,295.6668224,300.8468472,29814474
8/12/2024,307.4682617,310.5312551,297.1983044,299.7658006,34754596
8/13/2024,302.6034851,310.8014417,299.9459241,309.9906608,28943385
8/14/2024,295.6217346,303.1440364,294.4055495,302.5584739,17812763
8/16/2024,296.9280396,302.4684085,296.0721984,299.585601,16584396
8/19/2024,302.0629883,305.171014,300.4864591,301.7927371,19636518
8/20/2024,297.378479,302.6936295,295.531671,302.5585039,14972714
8/21/2024,295.2163696,298.6396792,294.13531,297.873931,11835143
8/22/2024,292.1984253,297.7387937,291.5227699,295.9820788,13387819
8/23/2024,289.5201721,294.8766076,288.2945402,294.5134646,13229612
8/26/2024,297.6456299,298.7804691,293.0608629,293.6963839,21346682
8/27/2024,298.5535583,301.9126664,295.9661189,299.0528766,20165503
8/28/2024,297.6002502,299.8699289,294.7404607,298.3719465,12446738
8/29/2024,299.2344666,299.7337848,295.0128694,296.0569161,13799961
8/30/2024,300.2785034,303.5922289,299.1890465,300.006153,19666466
9/2/2024,296.1477051,301.3679664,295.7845343,299.5976058,8975511
9/3/2024,292.5161743,297.7818173,292.0168284,296.8739459,10321111
9/4/2024,285.4347534,287.0689385,279.9875252,285.9794818,25397204
9/5/2024,282.7111816,287.7498851,281.5763423,287.7498851,15571640
9/6/2024,280.3506775,284.2999236,275.7205555,282.8019414,27946491
9/9/2024,271.3627625,280.259919,267.5043089,280.259919,30369085
9/10/2024,268.3667908,273.7232265,267.8220624,272.4522121,15618589
9/11/2024,259.0157166,265.4616095,257.1545911,265.4616095,44826300
9/12/2024,266.9595642,267.5950852,260.1051465,261.4669535,21964895
9/13/2024,264.5991821,269.8648262,264.2360113,268.4576363,13672371
9/16/2024,265.5523682,268.1851895,264.5083217,267.6404612,10971110
9/17/2024,267.504303,269.2746633,265.2346245,266.6418418,11873436
9/18/2024,263.6459045,270.3641488,261.3762256,270.1825911,13421760
9/19/2024,258.9703064,262.5564094,256.4736601,260.9222243,17067311
9/20/2024,259.8782349,262.4202642,258.9249808,260.5591385,16585530
9/23/2024,268.2306213,269.0930826,261.058415,261.8301112,14621229
9/24/2024,271.8620911,274.177152,267.5497021,269.0022741,16986759
9/25/2024,271.1812134,273.450892,269.3654705,271.862117,10609614
9/26/2024,268.0036621,271.1812122,264.6445267,269.6832021,27812412
9/27/2024,269.819397,270.9542362,263.0103613,265.7339756,35706130
9/30/2024,270.1825256,273.9955688,266.6872153,269.6377973,16294341
10/1/2024,265.0530701,271.5897276,263.9182308,269.6378096,10919818
10/3/2024,265.1438599,270.5457064,263.7820526,267.8220919,28124665
10/4/2024,268.0490723,272.0891117,266.1879467,269.6378475,23104209
10/7/2024,262.7834473,269.0023456,255.5658569,268.7299952,20917962
10/8/2024,266.414856,266.8233814,254.7032935,261.6031212,10572360
10/9/2024,261.9208984,265.0076557,260.4229162,264.4175448,13147475
10/10/2024,262.1478577,265.2346148,261.0584009,262.1024752,7237212
10/11/2024,265.5977783,266.5964424,262.8287815,264.462939,7011704
10/14/2024,260.1051941,265.9155664,258.879562,265.7340087,12690951
10/15/2024,257.5631714,260.014408,254.9757319,260.014408,15087155
10/16/2024,259.1064758,260.7860434,254.7940869,256.9275901,18188885
10/17/2024,255.6565857,261.103814,255.0664748,258.7433428,13343303
10/18/2024,257.1999817,258.2894386,253.4777308,256.0197598,14028398
10/21/2024,251.117218,257.8354604,249.2560651,255.2480215,10299773
10/22/2024,245.8515778,252.5244385,245.1252917,252.3882633,10028511
10/23/2024,245.8969574,249.1198896,240.631287,245.1252612,18823321
10/24/2024,244.308197,247.3495717,243.6272935,246.8502258,7488521
10/25/2024,239.7234344,245.3976308,237.4991661,245.1252804,12961181
10/28/2024,239.0879517,240.6313165,231.7795837,236.6366877,13835091
10/29/2024,240.5859528,241.085271,235.5018667,239.0879703,9122757
10/30/2024,237.5445404,241.6753718,236.999812,240.5859151,11166643
10/31/2024,241.6299896,243.5819078,237.0906322,239.133343,16173656
11/1/2024,246.7140503,248.7567609,243.8996434,244.94369,2955757
11/4/2024,240.8582916,249.0745451,236.1827591,248.7567846,14355959
11/5/2024,242.7647858,243.8542424,239.3148858,240.7674855,11676017
11/6/2024,244.2628021,245.6700195,240.0412054,243.0371978,19244545
11/7/2024,240.7675171,245.5792246,240.4043463,245.5792246,6766663
11/8/2024,238.3616486,241.947752,235.7288268,241.4484338,7836093
11/11/2024,233.2321777,238.1800884,232.4150989,238.1800884,8450657
11/12/2024,232.5512543,238.9517643,231.8703507,236.8182609,22445400
11/13/2024,229.2829437,233.2775865,226.0599972,232.5512727,17483332
11/14/2024,227.6941681,230.8717182,226.0599967,229.2829432,12454540
11/18/2024,227.5579834,228.8744081,224.3350507,227.9665367,14636541
11/19/2024,230.6739349,237.5569418,229.8368175,232.5342086,17397559
11/21/2024,225.2326355,230.6739418,223.9769592,230.6739418,16189440
11/22/2024,228.4416046,229.6972808,226.4883116,227.6974923,9637581
11/25/2024,239.8822784,242.3006398,230.62742,231.1389981,31973671
11/26/2024,236.4872894,240.2078368,234.9060597,238.9986702,9242451
11/27/2024,236.5338135,237.6499749,233.0458001,237.1849065,11689970
11/28/2024,234.5805054,239.417214,233.6503685,237.1848913,14202863
11/29/2024,238.7661438,240.5798936,234.6270234,236.0687384,11476347
12/2/2024,239.5567322,240.2543348,235.045577,237.649963,13677959
12/3/2024,244.0214081,246.2072354,240.7659291,242.2076299,15345326
12/4/2024,242.4866638,245.8351334,241.8355567,245.4165889,10713838
12/5/2024,243.0447388,244.8585169,238.9521425,242.4866794,12896743
12/6/2024,241.8820953,244.6260106,241.4170269,242.579698,8783386
12/9/2024,240.8124237,243.0912703,239.6962765,241.8820754,6800856
12/10/2024,238.9521637,240.6729226,236.7198408,239.6497664,11318782
12/11/2024,238.673111,240.6264039,237.7894696,239.5102284,5353032
12/12/2024,236.3012695,240.533395,235.8827108,239.9753072,7123877
12/13/2024,236.4872894,238.859127,232.0691395,235.3246184,11143128
12/16/2024,234.2084503,238.3940517,233.6503626,236.2547484,7283872
12/17/2024,230.1158447,234.8130385,229.2787273,234.1619456,10066884
12/18/2024,227.0929108,230.208875,226.3953081,230.1158556,8430930
12/19/2024,224.953598,226.9068768,221.8841436,223.2328392,9518542
12/20/2024,220.5354614,227.0929151,218.8612122,224.628058,15556528
12/23/2024,224.023468,225.3721636,220.3029206,221.6051065,7722901
12/24/2024,222.2561951,226.2557863,221.9306557,224.1629784,3577400
12/26/2024,223.4653778,225.0931173,222.3027067,223.2328436,6330006
12/27/2024,220.3494263,224.1629932,219.7913526,223.2328563,6487888
12/30/2024,216.3963318,220.4424327,215.0011265,219.5588056,19401112
12/31/2024,222.5352478,223.1398311,216.117309,216.3963387,12004845
1/1/2025,220.3959351,222.5259565,219.8378614,221.1958534,9418453
1/2/2025,228.8787842,229.5391734,220.442436,220.4889457,19745810
1/3/2025,240.8031464,244.393461,230.664646,231.092501,49760410
1/6/2025,236.5896149,241.3705178,233.8829132,241.0077508,19265884
1/7/2025,245.0817413,248.7185797,240.0217948,241.0449509,52956766
1/8/2025,252.3739929,254.3924022,247.1838423,247.8349494,42237794
1/9/2025,244.793396,253.5459867,243.4260938,253.0251123,14706472
1/10/2025,244.6445923,247.8814789,240.4124808,245.5561366,13053552
1/13/2025,237.8638916,249.8347625,236.8221429,247.444304,20416370
1/14/2025,242.1797333,243.6958609,238.8777587,239.5288375,8470150
1/15/2025,240.1427307,245.9932996,239.6869727,242.6727041,9344731
1/16/2025,244.793396,247.0722425,241.8355678,241.8355678,14195450
1/17/2025,247.946579,248.346531,243.0447398,243.6958469,12148143
1/20/2025,250.5416565,251.5741232,246.4955838,249.3697033,9676264
1/21/2025,247.2303619,250.5323648,246.3095355,249.3231698,8989218
1/22/2025,245.6026001,247.7791451,243.4260835,247.4163781,7919682
1/23/2025,244.6724854,245.397991,242.9238519,244.6259899,5026675
1/24/2025,238.5894012,247.0815548,237.8824882,244.6166696,6306281
1/27/2025,233.2597198,238.5242979,232.0784421,237.1848985,6944911
1/28/2025,231.306427,234.7665372,229.4740704,232.5342145,8029472
1/29/2025,233.83638,234.3944677,229.7437839,231.5110381,5651586
1/30/2025,238.7847137,241.2774735,233.4085243,234.394467,12588155
1/31/2025,244.2632294,245.0817544,237.3802364,239.0544856,8850307
2/1/2025,239.5567322,244.1609209,236.0222235,241.4170059,10921673
2/3/2025,231.6040802,238.4405919,227.7440179,237.7429892,25719512
2/4/2025,236.3477631,239.5102225,234.3944701,234.7665192,8402532
2/5/2025,243.370285,244.6259754,239.7427572,240.9054282,11590755
2/6/2025,238.2545471,244.5794947,236.5338025,244.3004366,12327998
2/7/2025,236.1200714,240.8159222,234.7919611,239.9621246,10098454
2/10/2025,230.0012512,236.7841387,229.3846317,236.1675047,7582536
2/11/2025,226.680954,230.0012442,224.6413529,230.0012442,6711630
2/12/2025,225.2105408,228.8628659,222.1274141,226.7283935,5985956
2/13/2025,222.8863373,227.1552819,222.1748465,226.2540631,10079210
2/14/2025,218.6648407,225.7323131,215.1073867,222.9337855,8065352
2/17/2025,221.6530762,222.2697102,213.4946577,218.3802217,6692422
2/18/2025,224.4516296,224.973378,217.7636134,220.2775417,6170974
2/19/2025,226.0643311,226.5386582,222.4594417,223.8824232,6168581
2/20/2025,229.4795074,230.1909983,224.3567792,224.6413784,8929816
2/21/2025,227.5821838,230.5704539,225.8746175,229.4794926,5697387
2/24/2025,222.3171692,225.7323164,221.9851344,224.1670424,6883143
2/25/2025,221.0364685,224.5464868,220.6095769,222.9337772,5519036
2/27/2025,219.1391754,221.8428464,216.7675393,221.5108115,9664032
2/28/2025,213.6844025,218.664838,211.6922224,218.1905108,17237276
3/3/2025,213.5705719,214.3958966,207.1481775,213.2100786,11928529
3/4/2025,215.1168518,216.0560248,204.4160321,208.7988249,12428265
3/5/2025,217.1849365,219.3763258,215.1168624,215.4583786,7466729
3/6/2025,220.6570129,221.5772088,215.0694393,219.604006,10439208
3/7/2025,220.9321136,224.328298,219.300427,220.6570103,9079049
3/10/2025,211.7301788,222.933785,211.0566278,220.9321237,16489167
3/11/2025,215.0789337,215.5912007,208.798846,209.557758,10941588
3/12/2025,212.8780365,217.0900643,210.9427879,215.4394149,6994310
3/13/2025,213.8551483,218.5699617,213.3239042,216.4354894,16105085
3/17/2025,217.9438477,218.6173841,214.6235576,214.8891796,8788971
3/18/2025,217.9438477,217.9438477,217.9438477,217.9438477,0
3/19/2025,220.6285553,223.0665895,219.7083594,220.5621425,8626593
3/20/2025,223.4934845,224.8690305,220.0973,221.4918232,18955995
3/21/2025,229.9727936,235.2662868,223.6927062,223.6927062,29285333
3/24/2025,231.3103943,233.7484285,230.2858458,231.6519104,10566066
3/25/2025,229.8115234,232.7713205,228.1988139,231.4811499,8915800
3/26/2025,227.411438,231.9460049,227.0794032,230.8550582,7543985
3/27/2025,229.7356415,230.9024824,226.3963738,226.605079,9935664
3/28/2025,233.7294617,241.8119863,230.7696503,230.9404156,32905564
4/1/2025,235.3327026,239.2506354,234.0330363,234.3176355,11258957
4/2/2025,237.7707367,238.5865801,235.2662897,237.2110341,15337906
4/3/2025,230.8170929,236.8030997,230.0581665,235.2662842,11141370
4/4/2025,214.405365,228.8249227,212.6883029,228.2082887,38336194
4/7/2025,208.5521851,209.4628997,194.4741569,197.3201202,27024128
4/8/2025,215.0220032,215.5722244,207.9260581,211.5499247,11309092
4/9/2025,210.5443573,212.5555,208.9506104,210.6012742,16889575
4/11/2025,218.5415039,219.5186168,213.6843981,216.5777969,13886447
4/15/2025,220.7423859,221.9851208,218.2853745,221.9851208,12102239
4/16/2025,228.8344116,229.5743609,219.822195,220.7423909,18748952
4/17/2025,230.987854,232.0503422,226.9750357,228.6256994,12891813
4/21/2025,236.9548798,237.6853477,229.3371866,231.4811402,11698653
4/22/2025,235.0575867,237.732799,234.5642823,236.1864877,9896443
4/23/2025,239.222168,239.7723892,232.3444239,235.9682905,16555874
4/24/2025,236.5659485,238.4632573,235.2662966,237.1636054,6538518
4/25/2025,233.6820374,237.8086753,231.8511269,236.2149428,15616265
4/28/2025,237.7328033,239.0134781,231.8321717,233.3689872,7669983
4/29/2025,233.0653992,239.155773,232.5151924,238.3399296,8030552
4/30/2025,231.8985748,234.7350568,229.7830795,232.8946649,9822483
5/2/2025,230.2763824,233.6251314,226.7284097,228.6257185,10203190
5/5/2025,226.9181366,228.7680098,222.4594637,227.677063,20086323
5/6/2025,224.8311005,230.5135457,223.882446,228.7490479,11350559
5/7/2025,226.4153442,227.7624318,220.1542339,220.3724203,16689539
5/8/2025,221.2451782,227.0509385,219.5186203,225.457206,15026122
5/9/2025,222.8958588,223.2183978,216.720109,217.336743,11184507
5/12/2025,231.4906464,232.0408676,225.8840955,226.7283973,11374237
5/13/2025,228.7774963,232.6954291,227.9521572,231.6139637,9336026
5/14/2025,233.3784637,234.2227656,228.7774986,228.7774986,8234859
5/15/2025,234.8963165,236.1390515,229.858964,232.3728924,16812750
5/16/2025,234.573761,236.5849035,233.5586939,234.3745372,8030229
5/19/2025,233.9192047,236.6418382,232.3349536,235.2662922,8043270
5/20/2025,236.4615936,239.7249671,234.1184161,234.1184161,13183059
5/21/2025,235.9113617,239.0134655,235.0386014,238.586574,7158307
5/22/2025,229.2613068,237.6189497,227.307081,235.9113689,18502235
5/23/2025,231.6993561,232.1167519,227.8193486,230.0486922,8725218
5/26/2025,233.3120575,234.4409585,232.2400734,232.7049193,7159571
5/27/2025,231.9839325,234.1753362,230.4471171,234.1753362,9712093
5/28/2025,230.2099609,232.7428664,228.910309,232.0788113,7385958
5/29/2025,230.5609589,232.0408719,228.9577451,231.0922175,12938112
5/30/2025,227.1078491,232.600566,226.6240406,230.5609504,10108840
6/2/2025,226.0738373,227.762441,225.4572177,226.7284112,6278145
6/3/2025,225.0872345,228.673147,224.4516378,228.1513842,9515918
6/4/2025,225.827179,226.2540705,223.4081074,225.7797433,6733580
6/5/2025,225.5615692,227.3165712,224.0911519,225.8271913,8941808
6/6/2025,227.733963,228.1229148,225.3148915,225.5805136,5985346
6/9/2025,230.3332825,231.5854987,228.1513745,229.365651,7719525
6/10/2025,232.116745,232.4203213,230.1340608,231.7088306,7659657
6/11/2025,234.6212006,237.5430432,231.0447696,231.9459883,20842417
6/12/2025,235.1524506,242.096593,234.0804665,238.5865748,35613271
6/13/2025,238.5960693,242.8080973,236.3287858,242.4286413,39320377
6/16/2025,243.6049652,244.2785017,239.2411493,240.9487301,41444122
6/17/2025,239.3549805,243.8895472,238.6340084,243.7472548,18781097
6/18/2025,237.505127,242.7511849,236.9454243,240.986687,12691905
6/19/2025,238.6434937,240.0095583,235.4560144,237.6379223,10790997
6/20/2025,238.956543,240.2467135,236.5469673,239.3075404,15907673
6/23/2025,238.4727325,242.3717025,237.4766426,240.0190293,16776881
6/24/2025,231.3957672,235.2662787,230.9878528,234.7919515,22215004
6/25/2025,229.4889832,232.7049209,229.1000314,231.4716673,13056178
6/26/2025,232.1641846,232.7713228,229.1379748,229.5743621,15769123
6/27/2025,230.3617554,233.5776933,229.5743705,232.4298151,21691960
6/30/2025,231.6708984,233.0843842,230.5230202,231.4716746,8783448
7/1/2025,230.8740234,232.704934,228.9103163,232.704934,8470489
7/2/2025,228.6921234,231.2345103,227.8667842,230.4281482,10419419
7/3/2025,231.519104,233.5587051,229.3846317,229.5743596,13891239
7/4/2025,232.6480103,232.8472196,230.0581733,232.610056,7717259
7/7/2025,229.1190033,232.8946436,228.4644295,232.8946436,9222263
7/8/2025,230.7506866,231.1870595,228.2936609,229.9633018,7537067
7/9/2025,230.8550568,232.031379,229.8305083,230.8550568,9590680
7/10/2025,230.6083984,232.1262513,229.8874263,231.0068316,8012201
7/11/2025,229.3466644,230.6083764,228.4359644,230.5704366,5608382
7/14/2025,231.6803741,232.3159708,228.7585169,230.4281434,7568906
7/15/2025,231.1586151,232.7713247,230.2384192,231.9270229,7843083
7/16/2025,230.380722,231.6139612,229.8589592,231.4716688,5656962
7/17/2025,231.3483276,232.0029014,230.3522522,230.523003,7006298
7/18/2025,233.6630554,234.6496641,230.9593992,232.1736756,10293817
7/21/2025,232.4582825,233.6535964,231.8796027,233.3689971,5424455
7/22/2025,233.7579193,234.1942922,231.5380716,232.458253,5869862
7/23/2025,232.9420929,234.5073669,231.7183206,233.3689845,7357753
7/24/2025,232.2590637,233.5587156,231.2439965,232.9515774,4590999
7/25/2025,227.9521484,232.2305888,226.9655543,231.4716625,7427827
7/28/2025,227.6960297,229.156951,225.5900158,227.9521559,6865890
7/29/2025,229.0431213,230.058174,227.5063058,227.6960338,6157824
7/30/2025,229.394104,231.1965559,227.7719132,230.0866176,8767763
7/31/2025,228.6257019,230.342764,227.3545085,227.8667755,10254214
8/1/2025,224.6318665,228.3506044,222.0325627,227.7719246,12629251
8/4/2025,222.7725067,226.1497139,221.9851219,224.3567578,16174972
8/5/2025,222.4404755,223.8824342,221.0839066,223.408107,9562689
8/6/2025,221.7669373,223.2847756,220.9510939,222.5068865,7568954
8/7/2025,221.9187317,222.1748724,219.4332616,221.1787824,5560413
8/8/2025,221.4538727,223.047605,220.7328861,221.8902456,5249568
8/11/2025,221.7858887,222.9337668,219.6893707,221.4538683,4699743
8/12/2025,223.4270782,224.2239444,221.615145,221.7953916,7036778
8/13/2025,226.4153442,227.6296207,224.1670379,225.5331026,8501906
8/14/2025,224.7741699,226.4153379,222.3930382,226.2635498,7258450
8/18/2025,225.9315338,226.3394483,223.4081097,225.0682548,8501972
8/19/2025,225.7228241,226.292008,224.5275103,225.3054139,5538059
8/20/2025,225.7133331,226.8137757,224.8310915,224.8310915,7438061
8/21/2025,226.0548553,228.6162339,225.049284,225.7797519,8111371
8/22/2025,224.157547,226.3774093,223.778091,225.7797524,5423818
8/25/2025,224.6034088,225.2959369,223.5504019,224.1670359,8854258
8/26/2025,222.1653595,225.115675,221.7953849,224.5085368,14671897
8/28/2025,221.4064636,223.19942,220.4483278,222.2697427,13870643
8/29/2025,221.710022,223.2847772,219.4522199,221.4064456,9928988
9/1/2025,226.4627838,226.9086525,221.1028921,221.9851338,4366396
9/2/2025,227.1932373,230.0486817,225.2105387,226.4912279,5921193
9/3/2025,226.7948151,229.5174486,226.2161353,227.2027295,4364007
9/4/2025,224.79216,228.25388,224.5155961,227.9868618,8778730
9/5/2025,223.2758789,226.1654088,222.2077915,224.820772,7210683
9/8/2025,221.7500458,224.0864623,221.3018335,223.2758765,8418326
9/9/2025,220.6056671,223.71453,220.062085,221.7500328,11665314
9/10/2025,220.9966583,222.2363794,220.2909591,222.1982401,11775053
9/11/2025,222.9230194,224.3153411,221.3399871,221.3399871,11047708
9/12/2025,222.4366608,224.4965279,221.9121555,223.6382426,6073522
9/15/2025,221.4925537,223.3330876,221.2446124,222.3412932,6153784
9/16/2025,224.1913605,224.3630233,221.6451419,221.702358,7319921
9/17/2025,225.8983765,226.92831,224.2771759,225.0591681,7628371
9/18/2025,224.6681671,226.6803492,223.6287024,226.6803492,6497852
9/19/2025,225.7171936,226.3942703,223.8671285,224.2104397,16484017
9/22/2025,226.4610291,227.3955927,224.7253962,225.0591762,9962796
9/23/2025,225.6885834,226.5754621,224.2485768,226.2512278,7014239
9/24/2025,227.4623566,228.9977185,225.3071195,225.6885845,8299331
9/25/2025,228.5590363,230.9145297,227.4623554,227.8438058,10150654
9/26/2025,226.9855347,229.1216803,225.8602312,228.8737389,6349466
9/29/2025,228.85466,229.9799635,227.1285729,227.9200963,10631271
9/30/2025,228.3969116,229.7224714,227.4432711,228.8737319,7167687
10/1/2025,231.7727966,234.8721285,227.4146668,227.5386447,10375310
10/3/2025,232.3640594,232.8790189,228.5876365,231.2578329,10702610
10/6/2025,234.4620819,236.0260519,231.4771821,231.4771821,9465503
10/7/2025,233.947113,237.9333237,233.3177068,234.4620725,12498420
10/8/2025,230.599823,235.3584947,229.9608856,235.1200845,5073558
10/9/2025,232.1065826,233.1651243,229.407778,230.6284368,9292031
10/10/2025,234.9198151,235.6255143,232.3068492,232.7359846,9050771
10/13/2025,232.7741241,234.2904092,230.1897663,233.6419406,12607116
10/14/2025,233.3463135,237.2085607,232.5929293,233.9280348,13865005
10/15/2025,236.2358398,236.6840521,232.9648452,233.3463101,8520238
10/16/2025,236.8366547,237.1704202,234.5955934,236.5028746,6083826
10/17/2025,236.2072296,237.0273611,233.422601,237.0273611,14250215
10/20/2025,237.2085571,237.6472236,233.632405,236.2072316,10920554
10/21/2025,236.6172943,237.7425978,235.9211408,237.2085614,569979
10/23/2025,240.6130524,241.4999457,237.5327974,238.410145,13879042
10/24/2025,243.1401978,245.4670684,241.1280156,242.2246964,17882209
10/27/2025,241.5285492,244.217808,240.2315974,243.5788706,7889080
10/28/2025,238.9251099,242.0244418,238.2766412,241.366442,8529692
10/29/2025,243.7886658,245.4098518,238.9346389,239.3160893,8806213
10/30/2025,242.7301331,244.6088061,241.6620603,244.6088061,5266883
10/31/2025,243.531189,245.9438985,241.5762374,242.8922515,7199008
11/3/2025,245.6101074,246.5160776,242.5107902,243.1783357,5450040
11/4/2025,240.6511993,245.5624424,240.3174193,244.2273514,6006851
11/6/2025,239.8406067,243.655169,238.8392812,241.7955728,6987258
11/7/2025,240.5081482,241.8432537,238.4101419,238.4101419,4449104
11/10/2025,239.7452393,243.6551715,237.933328,240.3174294,7418162
11/11/2025,237.8856354,242.415428,234.5955783,242.415428,16183880
11/12/2025,242.081665,243.750536,238.3147731,240.8896143,11917811
11/13/2025,239.2207489,241.9386159,235.8353219,241.9386159,13057927
11/14/2025,241.9075165,243.9103737,239.4649932,239.8557909,9185042
11/17/2025,242.347168,243.9592274,241.7609564,241.9075168,6281588
11/18/2025,241.2724609,243.7149844,240.6374108,241.3213144,7708871
11/19/2025,243.2753296,244.5454447,239.7580899,241.2724574,7075882
11/20/2025,242.347168,245.3270494,241.9075168,243.2753239,6918642
11/21/2025,241.2724609,242.5914296,240.5397039,241.3701678,7589240
11/24/2025,240.1000519,241.7609648,238.6833913,241.2724601,15875282
11/25/2025,239.709259,241.8098233,238.976502,240.1000568,8983620
11/26/2025,242.0052185,242.2983243,239.4161496,239.7092554,7232643
11/27/2025,238.3902893,243.0799373,237.217881,242.2983268,5600832
11/28/2025,237.6575317,239.7092574,236.9736282,239.3672982,3804191
12/1/2025,239.2012024,240.1977561,237.4230382,238.4391363,6307936
12/2/2025,237.9408569,240.5983236,236.9247737,237.9017831,5413988
12/3/2025,234.5017853,238.7420022,234.0523544,238.4391317,11829802
12/4/2025,236.660965,237.1201605,234.1793678,234.970743,10825420
12/5/2025,235.68396,237.6086696,235.3713247,237.1201649,7645591
12/8/2025,233.0362701,236.4362584,232.2351153,235.6839571,5285903
12/9/2025,234.3259277,234.6776517,231.3851348,232.2351282,9026401
12/10/2025,233.788559,234.8242014,232.9385656,233.817883,3492031
12/11/2025,232.9288025,235.7523589,232.6650058,233.7885606,8868641
12/12/2025,232.5477753,233.8960381,231.5707659,233.0167356,4252781
12/15/2025,229.9391632,233.3000629,224.6535389,232.5282321,12334408
12/16/2025,226.8713531,229.8903085,225.4449129,228.7862832,7238404
12/17/2025,227.5552521,228.0535215,223.3541089,226.4219176,5848233
12/18/2025,226.6661682,228.7472029,225.8943374,227.6431776,3964839
12/19/2025,227.5357056,228.1316819,226.1776632,226.6661678,5070902
12/22/2025,228.796051,229.8707673,227.4184791,228.415018,4614185
12/23/2025,230.075943,232.4305243,229.2064052,229.2064052,5810236
12/24/2025,228.3954773,231.1311064,227.7799566,230.1247731,4114036
12/26/2025,229.1380005,229.8707575,227.6920308,228.4638617,3710774
12/29/2025,229.4213409,233.5247772,228.6201861,229.1379999,12621499
12/30/2025,229.2845459,230.1834076,227.9460479,229.5483426,6236729
12/31/2025,234.8535156,235.4592567,229.2161674,229.29433,11514802
1/1/2026,232.4696045,235.5667223,231.9517907,235.3615438,5840586
1/2/2026,235.9086914,236.9736281,232.4696142,232.4696142,5925943
1/5/2026,232.6161499,241.1259078,230.2810982,241.1259078,21201434
1/6/2026,236.3287964,236.787992,232.6161578,232.6161578,10840459
1/7/2026,233.563858,236.1236178,232.6845556,234.6874278,8253161
1/8/2026,226.0995026,233.3977636,225.6891604,232.7236248,9218488
1/9/2026,228.7081146,232.7724771,226.6661687,226.9494948,12706408
1/12/2026,230.2908783,230.7305295,226.3339875,228.708113,9807980
1/13/2026,238.1753387,238.5368274,230.3788083,232.5282259,22527192
1/14/2026,242.5230255,245.2293456,237.979938,238.3805154,33094088
1/15/2026,242.5230255,242.5230255,242.5230255,242.5230255,0
1/16/2026,241.4873962,242.0833725,236.8270575,241.2235995,12287680
1/19/2026,237.520752,242.2983272,236.7293767,239.3672991,6459249
1/20/2026,234.8632813,239.6994746,234.198922,237.5207479,6496057
1/21/2026,236.79776,238.86903,234.0035126,234.4822525,9610477
1/22/2026,238.4000549,240.8035046,236.9931739,238.9765018,10746306
1/23/2026,239.8264923,240.6374119,235.9966174,239.6604025,8080247
1/27/2026,242.2494659,243.265564,240.2368291,240.9305123,15915509
1/28/2026,262.4051514,263.4505585,243.4707208,243.4707208,73427983
1/29/2026,269.0586243,271.3838815,262.8252997,263.7925295,48267023
1/30/2026,262.7764282,270.1430871,261.8482872,267.593107,24420043
2/2/2026,248.1115265,251.091408,241.9075259,245.8155634,17015974
2/3/2026,251.0914001,255.9764468,243.6172847,253.7293373,19213406
2/4/2026,260.8126526,263.7925191,252.1172457,252.1172457,26628393
2/5/2026,263.0109253,264.232187,259.8844835,261.8385022,15268335
2/6/2026,262.7666931,263.7437025,258.6144031,261.8385222,10013728
2/9/2026,260.4707031,264.6718315,259.6402392,263.2551858,10824044
2/10/2026,265.8930969,266.7723994,260.8615046,261.1057569,13459684
2/11/2026,268.2867737,268.7752784,260.2264465,266.0396343,18388416
2/12/2026,269.9965515,273.8557207,267.1632302,269.6545923,22753270
2/13/2026,261.2522888,265.1114876,259.8844817,263.792519,20748628
2/16/2026,265.3068848,265.9419647,259.5425354,261.4965542,13247757
2/17/2026,265.6000061,266.7235609,261.9362209,266.7235609,21292868
2/18/2026,264.6000061,266.1000061,262.5499878,265,11621040
2/19/2026,274.6499939,276.4500122,267.8500061,270.2999878,37728943
2/20/2026,278.6499939,280.7999878,274.3500061,277.3999939,31971956
2/23/2026,275.6499939,279.8999939,272.2000122,279.8999939,13113050
2/24/2026,276.5,278.1499939,273.2999878,275.6499939,16311581
2/25/2026,277.4500122,278.9500122,274,276.5,7573116
2/26/2026,280.1000061,281.0499878,275.6000061,277.3999939,13301761
2/27/2026,279.7000122,282.5,277,278.5,18554482
3/2/2026,282.2000122,293,277.6499939,288,65836324
