Date,Close,High,Low,Open,Volume
3/2/2016,217.0089569,217.9298663,213.9212122,215.1454704,20105967
3/3/2016,219.468338,220.5842574,216.1422331,218.8507775,15880459
3/4/2016,218.0707092,219.9341958,217.4423293,219.7175035,8987660
3/8/2016,222.5343933,223.379451,218.3090471,218.3090471,13222993
3/9/2016,225.719635,226.1963405,220.7142346,221.0175979,11854901
3/10/2016,219.22995,226.6297117,218.6340717,225.7954734,20706353
3/11/2016,219.8258362,223.0869375,218.9807785,219.9125217,15319044
3/14/2016,220.9634552,222.4043913,219.490003,220.8226002,11880095
3/15/2016,221.125946,222.7185709,219.9558573,221.8843326,10487788
3/16/2016,221.3967896,222.2743633,217.8648556,221.2342812,11064129
3/17/2016,222.6295471,227.2092308,221.7530486,225.0399108,16832997
3/18/2016,225.0837402,225.730151,222.5638178,223.1225816,14030979
3/21/2016,227.2969055,228.2172276,224.1086603,225.2480998,12708074
3/22/2016,229.6086426,230.5727734,226.9353234,227.2311465,15333442
3/23/2016,225.5220032,229.4004825,224.0319614,229.4004825,16806372
3/28/2016,223.5937195,226.0698187,222.5528828,225.6973045,18070240
3/29/2016,227.0668335,228.3267875,223.5498976,224.3387347,15871250
3/30/2016,229.4333649,230.4632457,228.4801751,228.4801751,14453294
3/31/2016,229.0279694,231.3945098,226.2889295,228.1076619,30833349
4/1/2016,226.6724091,229.2690228,224.6016916,227.691334,12381116
4/4/2016,226.8038635,228.3705964,224.667411,227.8885236,8632568
4/5/2016,225.0289917,228.4144426,223.988155,225.9931373,10259495
4/6/2016,226.5190277,227.1654385,224.0757961,226.1574695,6990781
4/7/2016,227.2859497,229.6415343,223.9662341,226.7710093,8789163
4/8/2016,227.0887451,231.0548715,225.9602615,226.9901277,13411752
4/11/2016,227.9542999,229.0937542,226.3546992,227.231198,10308361
4/12/2016,229.5100708,231.7122735,227.4612649,227.9542936,11164859
4/13/2016,233.5966949,234.440326,230.6385377,230.6385377,16038542
4/18/2016,233.3118591,233.7610643,231.2630534,233.5419324,19065716
4/20/2016,227.2969055,234.2869537,226.9682149,234.2869537,21687934
4/21/2016,228.1405792,230.5180614,226.7929634,228.1953586,11380697
4/22/2016,227.6584625,229.5319597,225.5439216,227.6694184,11705087
4/25/2016,222.8267822,228.8636408,221.8188132,228.8636408,61157544
4/26/2016,222.8377533,224.3606629,220.7670357,222.4981214,26429236
4/27/2016,223.3746033,224.8098659,222.6295896,223.0459272,14502641
4/28/2016,218.4004822,223.3307539,217.1405136,222.1913145,61949033
4/29/2016,215.3327484,218.8058606,214.4891174,217.6883183,23479680
5/2/2016,216.2640381,217.4582569,214.3028793,214.5219967,10620873
5/3/2016,213.8208008,218.0170149,213.1524783,216.4941055,17571826
5/4/2016,214.3248138,215.5519004,213.207286,213.4373592,13546285
5/5/2016,213.7002716,215.4970776,212.747082,214.7411082,21665684
5/6/2016,212.3198242,214.0399394,211.8925307,213.2072788,14748329
5/9/2016,215.4204254,216.0558804,213.163458,213.6455309,15347096
5/10/2016,215.2998962,215.7710132,214.302883,215.4204108,7248302
5/11/2016,213.733139,214.905446,212.5498616,212.9442874,12339923
5/12/2016,217.5458832,217.8526621,213.6564483,213.8646097,12786216
5/13/2016,214.3357697,217.0528982,213.6455353,216.7022958,14648291
5/16/2016,213.8536682,215.2889307,212.7909199,214.0837414,9327335
5/17/2016,212.3636322,215.420407,211.750089,214.7959079,12157600
5/18/2016,212.6704102,213.097689,211.2570594,211.6514852,8228838
5/19/2016,208.4303436,212.966204,207.2032573,212.9223806,9134784
5/20/2016,204.705246,209.1534594,204.080747,208.6056515,18544619
5/23/2016,203.7849426,206.1295714,202.8317529,205.395499,18365734
5/24/2016,206.0747833,206.8526645,203.3576405,203.3576405,12283217
5/25/2016,208.4303436,208.780946,206.2281559,208.1345352,9240115
5/26/2016,207.4771729,208.693318,206.8745855,208.1674218,14190024
5/27/2016,213.5797882,214.0618611,207.8935315,207.9592667,13401594
5/30/2016,212.2650299,215.0698051,211.4542665,213.9522774,9633652
5/31/2016,209.8875275,213.2072576,209.5917191,212.330759,23332727
6/1/2016,208.9562531,211.6953076,208.5618418,209.9094428,9042808
6/2/2016,209.5369415,209.7341618,207.0937245,209.1534862,10253825
6/3/2016,210.2819519,210.9940979,209.4492768,210.358643,8643295
6/6/2016,209.219223,211.0160293,208.7261943,210.5777799,8672842
6/7/2016,209.2740021,210.5668238,208.5180179,209.7560749,18954268
6/8/2016,209.0658264,209.9203987,207.9811517,209.9203987,12135516
6/9/2016,212.8018951,213.9632464,209.5259882,210.3586634,15643495
6/10/2016,214.0180359,215.7052982,212.1774061,213.4264044,16316760
6/13/2016,214.9821777,215.4971182,211.0269922,212.5279901,10214469
6/14/2016,213.9194031,215.9243852,212.3964937,214.9492838,10923848
6/15/2016,215.749115,216.165438,213.3716185,214.7411459,11129082
6/16/2016,213.9303894,215.540946,211.9034952,214.9602703,9372207
6/17/2016,213.6235809,214.4453002,212.5717884,214.083742,10534878
6/20/2016,216.976181,217.5020773,212.1116444,213.020996,10758608
6/21/2016,216.2969055,217.8417267,214.6753933,217.8307708,13933068
6/22/2016,214.850708,216.033971,214.1056797,215.8367654,12788710
6/23/2016,214.8397217,215.1793536,212.5498724,214.730163,9837526
6/24/2016,208.4851532,211.4323695,204.5299824,211.4323695,24985097
6/27/2016,209.4054871,210.0080745,206.0857711,206.0857711,9163399
6/28/2016,209.8765717,210.6982909,209.2630285,209.5698074,7604977
6/29/2016,211.8706055,212.3198107,210.3586519,210.7969012,7523987
6/30/2016,212.3636322,214.1933206,211.9034711,212.9881313,12758283
7/1/2016,213.3058777,214.0399355,212.5498935,213.1524955,6610193
7/4/2016,216.209259,217.7212127,213.7550861,213.7550861,7803505
7/5/2016,217.6116333,219.7590418,214.8068582,216.077768,11359882
7/7/2016,216.4722137,219.2331656,216.0887437,217.4801829,12029091
7/8/2016,214.3905334,216.7132359,213.9413282,216.2750012,7140617
7/11/2016,217.4801788,218.017031,215.9463135,217.1514882,8266601
7/12/2016,219.8686218,220.2192096,217.151479,218.0827569,9767494
7/13/2016,221.0409241,222.7829508,220.032955,220.2630283,14915296
7/14/2016,220.1972809,222.2132188,218.7401068,220.8984856,10758372
7/15/2016,221.7969208,223.7252121,219.8905558,221.0957306,13992989
7/18/2016,220.4931183,227.6146368,219.507061,225.2590522,32106850
7/19/2016,223.0240173,224.152501,218.0937303,220.4383593,16649300
7/20/2016,224.1634369,225.3247881,222.7500861,223.4951144,12265316
7/21/2016,220.5150299,224.6016854,220.2192069,224.3825534,6711097
7/22/2016,222.377594,223.0240048,220.2411267,220.4383469,6899519
7/25/2016,224.1086731,224.3277905,220.7341633,222.1913377,8241568
7/26/2016,224.3935242,226.7491089,222.4542917,224.1634509,10516399
7/27/2016,221.9941254,224.8208124,221.0847591,224.1744016,11030767
7/28/2016,224.8975067,225.806873,221.9831727,222.3995103,15610838
7/29/2016,222.3885345,224.5797664,221.753065,224.3825462,9629597
8/1/2016,221.2052917,223.5718325,220.2301902,223.0678479,7978251
8/2/2016,221.9283905,223.5060793,220.5040838,220.8765979,7710138
8/3/2016,217.7978973,222.278964,217.2610452,222.278964,11872282
8/4/2016,217.5897369,219.1236023,215.4861518,218.904485,10187608
8/5/2016,222.6843567,223.286944,218.4771865,218.685348,12109001
8/8/2016,225.5329742,226.5738109,223.2102571,223.4841685,13556347
8/9/2016,225.8506622,226.6833373,223.7251657,225.0399135,13290768
8/10/2016,219.9234314,226.6943485,219.5618731,225.9712466,13471958
8/11/2016,222.2132263,224.1305615,219.0359372,219.5508775,14169454
8/12/2016,226.9682007,228.5239923,222.8486778,222.8486778,16365425
8/16/2016,224.5797729,228.9403251,222.5200114,227.0668279,13367575
8/17/2016,222.0379333,225.4343399,220.7012737,224.4044591,15486572
8/18/2016,223.0787811,224.3058675,222.6295759,222.6295759,7749690
8/19/2016,222.3885345,223.9443115,220.6793608,223.0678129,8177802
8/22/2016,221.7201843,223.4403138,220.7012595,221.7530519,6684236
8/23/2016,221.4134521,222.4104654,220.2192187,221.7530841,7320433
8/24/2016,223.6156464,223.9333812,221.5339729,221.6873551,8719596
8/25/2016,221.9064636,225.4781787,221.0957002,223.7690049,14960746
8/26/2016,225.2371521,225.8726071,222.3228035,223.04592,9639663
8/29/2016,231.7122498,232.2162343,224.8427162,225.0947157,16193208
8/30/2016,233.6734009,234.1335473,230.7371408,232.7092553,18170724
8/31/2016,232.2710114,235.3387419,229.4223981,233.3447156,23295502
9/1/2016,225.5220032,235.0648267,224.7550632,230.7371422,42621045
9/2/2016,222.0488892,226.2560591,219.6275694,225.9383243,28124615
9/6/2016,223.4841461,224.6016738,222.4104419,223.4841461,11510431
9/7/2016,222.9911041,225.0508654,221.9831352,223.9442937,12927438
9/8/2016,226.4423218,227.0011003,223.5498996,224.1743987,12206479
9/9/2016,228.8855591,230.0578662,225.6973138,226.7929298,15269894
9/12/2016,229.3128052,231.3944781,225.5110174,225.7849141,33684893
9/14/2016,228.9293518,232.0518615,228.0857355,229.6415124,18604842
9/15/2016,233.3666534,234.506093,229.4224238,229.4224238,31371009
9/16/2016,235.6783752,239.6883397,232.0737925,233.8048781,39324529
9/19/2016,237.1793671,238.4064681,234.6813709,235.0210028,16678060
9/20/2016,235.3825836,237.6943303,234.2541,237.5299923,11531268
9/21/2016,234.955307,237.727215,234.2431609,235.338777,10943394
9/22/2016,238.614624,240.1156217,236.434348,237.3108466,18761415
9/23/2016,241.6494904,243.1066645,238.6255833,238.6255833,31085948
9/26/2016,242.6136475,247.5110665,241.090738,241.7809723,38213411
9/27/2016,243.3367462,246.7222116,242.4821739,244.7610528,19374535
9/28/2016,238.9871521,242.7889405,238.0339624,242.7670287,24820234
9/29/2016,234.9990997,243.3915282,233.8925279,239.9403422,21260295
9/30/2016,237.4642334,239.8417297,233.6514747,234.0239888,11199883
10/3/2016,238.9981079,242.7779846,235.8317745,238.1873445,18125170
10/4/2016,240.236145,242.8546704,239.2829553,239.5130432,13113580
10/5/2016,238.7132416,242.4602653,237.9244045,241.9124573,10789932
10/6/2016,243.4024811,246.7879316,239.2829436,239.2829436,21111045
10/7/2016,243.0080719,246.0867438,242.4602639,244.1036879,15280380
10/10/2016,240.236145,245.8566804,239.7212046,244.1036831,11553662
10/13/2016,231.6464996,238.6365327,230.5180015,238.6255768,21938040
10/14/2016,236.1385345,237.0917242,232.6325546,232.9283777,15265659
10/17/2016,232.4134521,236.8287986,231.9971145,236.65349,9826781
10/18/2016,236.894516,237.2560742,232.7202136,233.5857417,11073137
10/19/2016,238.2640381,239.8746091,236.9602606,237.6285831,17073242
10/20/2016,238.3078766,240.5977114,237.5409366,239.7102569,10125508
10/21/2016,233.1913605,240.378615,231.9204358,240.378615,43608816
10/24/2016,232.9940948,235.3387234,232.4134193,234.4622248,10513017
10/25/2016,232.4572754,233.421421,231.0001011,233.3666417,7658966
10/26/2016,230.9672394,232.150517,230.5399459,231.4054887,10945927
10/27/2016,229.7949066,230.934346,228.6335555,230.3208029,12842476
10/28/2016,231.1644287,231.8327512,228.7211973,230.0797687,8127969
11/1/2016,230.2988892,231.3835492,229.5100375,230.3646244,10223897
11/2/2016,224.3277588,228.5130314,223.7251715,228.1076498,7039997
11/3/2016,224.371582,226.7381223,223.6375243,224.3496703,7311872
11/4/2016,220.3397217,225.0180083,219.1235766,223.5608342,11535892
11/7/2016,219.3756104,222.7501055,218.9154493,222.1913416,9506040
11/8/2016,219.8905029,220.3725757,218.751049,220.3725757,13432073
11/9/2016,220.1315765,221.0957222,203.7849533,208.1674322,21640144
11/10/2016,221.4024963,225.4672403,220.6574681,223.1993025,9764091
11/11/2016,219.5070648,222.9582655,218.0498906,218.6524779,14775330
11/15/2016,215.9243927,219.1235937,214.6425123,218.3566684,14487470
11/16/2016,216.1763763,218.4224023,214.8945106,218.0279764,16550762
11/17/2016,214.2480927,218.7182034,213.5140203,216.0558546,12628378
11/18/2016,216.3845673,217.5240068,215.1793779,215.8367592,18163751
11/21/2016,217.2610321,217.7102226,215.4422998,216.3954894,13232434
11/22/2016,219.4413452,220.8327697,217.6554802,218.6196258,17646355
11/23/2016,221.0957031,221.4243938,219.0249857,220.2192045,13107911
11/24/2016,216.3516846,220.3397373,215.223201,220.3397373,18913793
11/25/2016,217.7431183,218.2251911,215.6943271,216.9323694,10454964
11/28/2016,216.198288,219.2550627,215.6395241,217.589727,8312777
11/29/2016,218.6195984,220.0658167,216.5050576,216.713219,9885281
11/30/2016,216.9432983,219.1126184,216.1982702,219.1126184,27596098
12/1/2016,218.6305542,222.4104453,218.0279669,219.1235828,12627845
12/2/2016,217.9732208,220.2192324,217.32681,218.2252058,12481430
12/5/2016,217.776001,219.0578668,216.1654299,218.0279859,3987213
12/6/2016,220.2630157,220.5588388,217.9403135,218.2470778,6726369
12/7/2016,218.9373322,220.7889175,218.323789,220.0000805,4930865
12/8/2016,223.5170135,223.9004835,220.076769,220.2301512,8750556
12/9/2016,225.4672241,226.102679,223.5718006,223.9443147,8239158
12/12/2016,225.0837402,228.2610292,223.6156103,223.6156103,9023848
12/13/2016,227.8447113,228.1076667,225.1604507,225.2590535,10365823
12/14/2016,232.1614685,233.2461287,227.4941371,227.8447249,24139260
12/15/2016,230.726181,233.9363378,229.7839472,230.6056665,19331986
12/16/2016,231.6464996,232.709248,230.5180015,230.5180015,14942206
12/19/2016,232.8297882,233.7939338,231.0329674,231.1754083,15009634
12/20/2016,231.8108521,232.4901305,230.7700154,231.1096619,11688169
12/21/2016,232.9831848,233.8706394,231.6574955,232.2929505,20367894
12/22/2016,230.8138275,232.8516772,230.2879313,231.8327524,28892834
12/23/2016,231.6793671,234.2321571,230.5180013,230.5180013,10265033
12/26/2016,229.5209961,233.5857398,228.9074529,231.0329496,15321770
12/27/2016,233.3008881,233.8267843,229.4223941,229.6086585,17442849
12/28/2016,230.0140228,234.3636336,229.4443031,234.0020754,9637310
12/29/2016,233.4652405,234.1993129,229.9702163,230.0797896,8772325
12/30/2016,237.1793671,237.7491014,232.9502854,233.3227995,15711974
1/2/2017,237.7710266,238.8447309,234.9771926,237.5299829,7097888
1/3/2017,238.7132416,240.3785919,236.8945237,238.811859,6434204
1/4/2017,233.837738,239.5020821,233.213239,239.4801704,10392483
1/5/2017,236.0837708,236.6315788,234.1883617,234.6813904,8734164
1/6/2017,235.5469208,237.7491234,235.141539,235.3825828,7845839
1/9/2017,236.1494751,237.9682074,234.6813597,235.996093,5228980
1/10/2017,238.8118896,239.8088883,236.6535103,236.6535103,11349916
1/11/2017,237.9791718,240.0937126,237.5299666,239.9403304,11475958
1/12/2017,237.3766022,238.9214234,236.6096622,238.187351,4371992
1/13/2017,238.932373,240.4881501,237.6504927,237.6504927,7234429
1/16/2017,235.8317566,239.7102358,235.3277721,238.8337518,12013154
1/17/2017,228.1624451,234.023995,227.5598577,233.3666283,39234251
1/18/2017,226.256073,229.6415385,225.4233978,228.4582609,15867619
1/19/2017,226.5080566,229.0498909,225.9164106,226.8257768,15284274
1/20/2017,224.7769623,227.3297523,224.3606247,226.562827,8784907
1/23/2017,222.607666,225.9164258,221.9283876,223.9005023,13708502
1/24/2017,225.1056519,225.4343278,222.8486702,222.8486702,9419288
1/25/2017,222.9144287,226.2889234,222.6624291,226.1355413,23856654
1/27/2017,224.6235809,225.456256,223.2869213,223.5608326,21861796
1/30/2017,228.9403381,229.3018964,224.557874,224.5907416,15678126
1/31/2017,229.0279694,230.912437,227.9542651,229.3895276,15125194
2/1/2017,230.003067,230.2769783,226.8367337,229.2251858,11312284
2/2/2017,228.6554718,230.2550723,227.5050765,230.0797784,9099129
2/3/2017,226.4971313,230.1784055,225.7192354,229.203304,13219481
2/6/2017,228.2500916,228.9622376,226.1465065,227.2311666,9991907
2/7/2017,225.894516,228.4034828,225.0837672,228.3267918,9905562
2/8/2017,224.6345673,227.5050924,223.944333,225.8945213,16230826
2/9/2017,226.2999115,226.5738228,224.9961339,225.2590748,9861688
2/10/2017,225.7301788,226.9134418,224.7222097,226.7929273,12518554
2/13/2017,225.664444,226.5738102,223.9443289,226.3546783,8565757
2/14/2017,230.0359344,230.7152275,225.6753824,226.7929101,18244623
2/15/2017,230.364624,231.7231954,229.0389203,230.7152264,15236663
2/16/2017,233.914444,234.3417374,230.6385518,230.6385518,19655195
2/17/2017,235.6674347,236.2590808,231.9313813,233.6953346,14847356
2/20/2017,235.6454926,236.4014766,233.6953044,234.5827442,11650581
2/21/2017,238.4503021,239.0528895,235.1305719,235.6016888,14186476
2/22/2017,264.5917358,265.5010874,239.2829517,239.5020837,127323130
2/23/2017,259.168457,267.7690625,258.4234287,265.9284181,62249698
2/27/2017,271.47229,275.3945791,260.8338335,260.8666864,83422197
2/28/2017,271.2859802,273.4662711,269.1933363,269.9602763,36111716
3/1/2017,270.5080872,272.6774074,269.5220298,271.7351736,24385665
3/2/2017,271.0010986,274.9343571,268.875602,271.2530689,18063590
3/3/2017,275.7779846,282.187357,272.0529021,272.0529021,84305639
3/6/2017,286.032959,287.4901331,277.2461199,278.0678245,66724743
3/7/2017,285.945343,290.7770124,284.0170518,288.9911621,42071555
3/8/2017,282.9324341,286.5479586,281.8149062,286.5479586,43336972
3/9/2017,281.9572449,284.4223879,280.8068643,282.6694201,31094457
3/10/2017,280.8397827,283.9842194,276.3587008,282.7242506,24785585
3/14/2017,282.5598755,289.0240423,281.6286121,288.9692483,27765035
3/15/2017,285.945343,288.4323982,282.7571123,282.899524,24107889
3/16/2017,284.3457031,287.139522,283.4582341,287.0518751,15924023
3/17/2017,285.0140686,289.23218,284.433393,286.6136545,22727289
3/20/2017,280.6535034,286.2302006,280.1166513,286.1754066,12869337
3/21/2017,276.9284058,281.3327815,275.9423484,280.960282,22596181
3/22/2017,276.0300598,277.388617,273.1485929,274.3427973,20291685
3/23/2017,279.0100708,279.9413341,275.6574877,276.7859566,11807911
3/24/2017,281.9572449,283.1076547,277.9472809,279.1853376,16282523
3/27/2017,274.1455078,280.2042923,273.290921,278.5279715,32452615
3/28/2017,272.9732361,276.9722301,272.1734139,275.6574968,21707345
3/29/2017,275.3616638,276.0957215,270.2560835,274.2769891,18924345
3/30/2017,278.4293823,279.3277926,274.561859,275.0000937,27862325
3/31/2017,289.4403992,293.1107177,277.4105039,277.4105039,45390562
4/3/2017,301.2182312,302.5001115,292.9791854,294.06386,44886623
4/5/2017,310.0598755,310.7172568,302.4124754,305.7212351,40323877
4/6/2017,315.2092896,317.4881685,307.255125,308.7451522,50620850
4/7/2017,308.2192383,314.2232291,307.3317984,311.4403803,31875272
4/10/2017,302.6864014,312.2292108,301.7989322,308.9642745,30768410
4/11/2017,300.714325,306.8716989,300.2212962,304.1107321,32249647
4/12/2017,296.6933594,303.8039371,296.0688603,303.0041149,27448279
4/13/2017,299.0598755,300.9443138,295.2361464,296.6933206,12713918
4/17/2017,304.9872131,305.7979767,299.1037509,299.1037509,11837502
4/18/2017,300.2431641,308.9642686,299.5419593,306.7620954,16016414
4/19/2017,299.9364014,302.9493676,297.4712578,299.9802248,11572557
4/20/2017,300.100708,303.8805845,298.9064746,302.17144,8393496
4/21/2017,307.3208923,311.3746808,302.0728703,302.5001638,30230907
4/24/2017,310.5858154,314.442398,306.8168798,308.7561123,25512511
4/25/2017,313.9602966,321.6186676,312.4921811,319.9204642,36764315
4/26/2017,310.377594,315.5489093,307.3427458,314.4423521,16763153
4/27/2017,308.8547363,312.0649082,307.2551503,310.4981751,12571594
4/28/2017,305.7212219,311.2212133,304.8008999,308.9094815,11848658
5/2/2017,300.3198242,307.2112546,299.3885609,307.2112546,18591411
5/3/2017,300.221283,302.5549269,299.1037551,301.7113103,9500038
5/4/2017,297.5588989,302.3029211,296.704312,301.2949521,14365934
5/5/2017,291.0509033,299.6186547,290.3387573,298.3586861,15598448
5/8/2017,289.5498962,293.516037,288.8815737,291.4343638,16066733
5/9/2017,291.5111084,292.2341957,289.2979353,290.1196693,21106150
5/10/2017,297.8108521,298.7969093,291.576803,292.4861546,22906024
5/11/2017,297.9095154,300.144571,296.1784297,298.906514,13783848
5/12/2017,295.9154358,298.8845487,294.5130556,298.0190207,7523427
5/15/2017,294.5240173,297.2192484,292.201315,297.2192484,6738085
5/16/2017,297.1973572,301.7112918,293.8447446,294.9513311,12655992
5/17/2017,296.4961243,299.3118552,295.3238026,296.4742125,9844573
5/18/2017,290.8537292,295.8168692,290.1415832,293.680431,9790379
5/19/2017,288.9911499,292.6833796,287.0519175,292.0917628,12813204
5/22/2017,290.1525269,292.2232591,288.1913825,290.6674673,8801430
5/23/2017,286.0768127,291.40154,285.2989315,290.4921591,9223001
5/24/2017,284.35672,287.862715,283.7870148,286.5041287,14326531
5/25/2017,285.3975525,287.5778141,284.0827898,284.8607003,25922008
5/26/2017,293.0339966,294.589759,284.8606855,285.7262136,21430443
5/29/2017,297.3287659,299.2022628,292.6614208,292.9682143,24022633
5/30/2017,297.8656616,299.0379833,295.4881653,297.1096922,9658309
5/31/2017,293.7789917,299.7501295,292.7052875,299.5419534,16423338
6/1/2017,291.0509033,293.6256052,289.9005226,292.0260194,9534069
6/2/2017,290.2839966,293.3407862,288.5857931,292.5300227,11495005
6/5/2017,291.2919006,293.8446905,288.3337583,290.6126369,10835031
6/6/2017,287.6654358,292.2998992,287.2710246,292.2998992,9591064
6/7/2017,293.4065857,294.0639672,286.8328877,287.314946,11199223
6/8/2017,291.8068848,294.6774098,291.0070918,293.6256173,7903123
6/9/2017,292.6833801,296.4632568,291.6534993,294.7431417,13836547
6/12/2017,289.1225891,291.3795853,288.585737,290.6783806,8432435
6/13/2017,288.0050659,290.7769733,287.2710082,289.3745931,6025338
6/14/2017,297.4602966,298.00809,288.3447513,288.3447513,52939271
6/15/2017,303.256134,305.6774541,297.8109064,298.008112,28290813
6/16/2017,304.3189087,305.8527596,300.0459735,304.3846439,32710880
6/19/2017,308.7999573,310.23522,304.6256688,304.6256688,15236956
6/20/2017,309.479187,311.6156542,308.4054828,308.7451293,10142474
6/21/2017,311.5937805,312.9085139,307.7043157,308.4822262,19992472
6/22/2017,313.9274292,316.7212485,312.8427545,313.2262244,22118609
6/23/2017,314.6286011,315.9762166,313.4782204,314.6614833,31143289
6/27/2017,314.9134521,316.1953325,312.2511033,313.7849832,32591540
6/28/2017,306.4443665,315.5270294,305.7979556,315.5270294,15567803
6/29/2017,305.1734009,308.9642478,304.6036958,306.7730159,12898245
6/30/2017,302.390564,305.1076775,301.3058892,305.0200306,7814271
7/3/2017,302.6206055,305.6116594,300.4184324,304.1873383,9195278
7/4/2017,311.5827637,312.7112618,304.3626576,304.5817749,18816782
7/5/2017,316.1186829,317.1704754,312.0320125,313.226246,27209010
7/6/2017,316.0967407,317.7292088,315.099713,317.444327,13590313
7/7/2017,326.7461853,328.1923892,315.5380246,316.1953767,35845310
7/10/2017,327.1186523,328.8826201,326.2969477,327.611681,3504540
7/11/2017,327.4473877,329.6495611,325.8368311,328.9045621,20995547
7/12/2017,331.1176147,334.1634331,328.1375316,328.5538545,17104482
7/13/2017,336.1793823,336.8199035,332.6565748,333.2308382,23010262
7/14/2017,338.7524414,339.2493893,334.7326862,335.7155538,20530867
7/17/2017,342.7280579,344.4618469,339.4702813,339.4702813,18749450
7/18/2017,335.6934814,342.7390668,333.7277756,341.6347414,19640167
7/19/2017,338.5758057,339.691189,334.0811877,334.0811877,11790198
7/20/2017,337.6813049,342.3415524,336.532778,340.0776717,13626050
7/21/2017,350.0718384,351.5516245,341.2261765,342.3415303,97142371
7/24/2017,356.7530518,358.8843875,350.0718685,353.3848454,43429394
7/25/2017,353.8596497,358.8953866,352.8546961,358.8401571,20063064
7/26/2017,358.4095154,359.988703,353.6277806,354.3124737,21954323
7/27/2017,352.2363586,360.3420989,350.8117724,359.5690916,18409364
7/28/2017,352.1589966,354.6989659,348.5257595,351.4522176,14331863
7/31/2017,356.7420044,357.5371271,352.5013892,353.8155459,16567422
8/1/2017,354.1799316,358.4094886,351.5074468,358.4094886,12311920
8/2/2017,359.8341064,361.2697209,355.1738294,355.5934914,20786240
8/3/2017,364.4502258,367.7190607,357.150636,359.3151156,19707381
8/4/2017,358.2770081,367.299358,356.7199063,367.299358,18579866
8/7/2017,356.9960022,360.3641792,356.1567076,360.3641792,9537088
8/8/2017,353.9480591,358.0340728,350.469423,357.3604374,10961296
8/9/2017,353.119751,357.8021135,350.071835,353.7161003,10436651
8/10/2017,349.9282837,354.8535917,348.5147552,351.8498179,10188164
8/11/2017,341.5133362,348.967527,338.5868481,342.5514041,16996281
8/14/2017,347.4324951,349.9614069,344.7710678,344.7710678,13440617
8/16/2017,345.8974609,348.0840259,342.3856818,347.2005597,13576650
8/17/2017,346.1183472,352.8657877,344.8041906,346.5379797,15828719
8/18/2017,347.9515076,348.4815992,343.0372574,345.4336536,7935890
8/21/2017,345.5220032,349.8841053,344.6054227,348.3049177,7573558
8/22/2017,344.5612793,348.9454383,343.6778129,347.2006208,9533641
8/23/2017,349.4202881,350.4141841,343.0372796,345.621421,8320052
8/24/2017,346.328125,351.86081,345.5440601,351.1761465,12654347
8/28/2017,345.9968262,349.3981461,344.8151853,348.7576545,12316426
8/29/2017,338.3990784,346.2066722,337.9242163,344.9587735,15164812
8/30/2017,345.4557495,346.4938173,340.4089837,341.8004263,10334911
8/31/2017,352.1700745,352.8216239,347.6423131,347.8631723,25104625
9/1/2017,355.6156006,357.0512151,353.1640041,353.3517197,15431918
9/4/2017,356.3333435,361.3690806,352.4681896,356.8082055,21560532
9/5/2017,360.585022,361.0819699,358.0340245,360.0107586,25216776
9/6/2017,363.4121094,364.9802688,358.4205731,359.2156663,48745984
9/7/2017,361.380127,367.7410786,360.0107704,363.5446357,16205339
9/8/2017,360.8500977,363.6550983,358.7297901,362.2194544,13248413
9/11/2017,361.2918091,365.2453071,360.6954892,362.7937108,12690592
9/12/2017,363.875946,364.4280941,360.8942581,363.4341981,6500191
9/13/2017,375.0296326,379.8444812,363.1028817,363.986348,29377106
9/14/2017,372.7546997,380.5512656,371.9375206,378.0334117,11867640
9/15/2017,371.8492126,376.7303195,368.7350091,371.9375563,28595395
9/18/2017,373.5056763,375.9352162,372.4234366,375.4713823,5061995
9/19/2017,370.4356384,374.919228,369.7288889,374.8971421,7718697
9/20/2017,374.2124329,385.4103191,373.3068806,378.1659307,24942703
9/21/2017,371.6504211,376.2223547,369.397598,374.146219,12950541
9/22/2017,361.0709534,371.0099134,359.2156769,371.0099134,12294087
9/25/2017,362.9041443,365.7312308,355.6818412,360.0108,14229631
9/26/2017,362.2635803,365.3336117,358.7739165,362.9703592,10564143
9/27/2017,353.0093079,364.737285,351.3970062,364.6931132,18448855
9/28/2017,347.3994141,354.6658896,344.638585,353.2302751,29547622
9/29/2017,344.9478149,350.4694435,344.1526922,349.7405785,16666208
10/3/2017,352.6559753,355.0854858,346.9134586,351.1761891,18345748
10/4/2017,361.7114563,364.4059977,351.4412079,353.0314238,18907611
10/5/2017,364.0526428,365.9520911,361.6231324,364.4281035,10631751
10/6/2017,369.7509766,370.7669585,363.3679387,363.986374,12997688
10/9/2017,366.9238892,370.9657308,365.7533058,370.6123266,8850408
10/10/2017,372.4676208,374.2787255,367.0785082,367.0785082,14732024
10/11/2017,371.1202698,379.1818658,369.2870796,373.3951783,15420644
10/12/2017,385.5207214,387.3097399,371.9816695,371.9816695,18642942
10/13/2017,387.1551819,393.449847,385.7858251,388.4141385,21509701
10/16/2017,387.3097839,394.0240811,380.4629417,388.281594,32009221
10/17/2017,386.2275085,390.490209,383.0691041,387.8398102,13898844
10/18/2017,403.9630127,405.4648848,386.5146343,387.574788,36671941
10/19/2017,401.9310913,407.2318602,398.8831455,404.5372892,8014767
10/23/2017,415.1166992,417.3032938,401.5776466,403.2562356,27455320
10/24/2017,412.6871948,418.6284844,410.0147394,418.6284844,13857773
10/25/2017,415.1830139,417.8333835,410.5889947,415.2713576,10011782
10/26/2017,418.4960327,423.0900229,411.2516432,415.2272275,16840049
10/27/2017,410.7435913,422.6040851,408.9104008,419.6444831,11498547
10/30/2017,416.3315125,417.6787832,411.0749156,412.5767878,7823263
10/31/2017,415.6026917,417.7671712,411.7817088,417.4137964,9504986
11/1/2017,420.7708435,423.089924,417.7670701,418.6505363,17571371
11/2/2017,418.1425476,422.5157072,417.1044799,420.8812901,10277678
11/3/2017,417.5682983,422.272717,415.2933897,422.272717,4798537
11/6/2017,411.9141846,416.3315164,410.3681405,416.3315164,9757496
11/7/2017,400.5175171,413.0185027,398.9052153,412.2896672,20447574
11/8/2017,392.1687927,400.2083039,390.5344051,398.66226,17752793
11/9/2017,397.7787781,401.9310491,394.0461396,395.2388088,15007224
11/10/2017,390.4239807,397.9775723,388.369931,397.9775723,13923102
11/13/2017,386.6250916,393.97991,385.8520548,390.9319643,9088619
11/14/2017,391.6828918,395.3492431,385.6311727,386.514639,12481463
11/15/2017,390.3577576,393.405674,387.8177879,390.7111323,15272059
11/16/2017,399.2585449,400.2082689,391.1527766,391.1527766,15160866
11/17/2017,402.8145752,408.5570628,401.3126734,405.9287789,12219276
11/20/2017,406.7680054,408.3140789,399.7665913,400.2966534,9231195
11/21/2017,411.9362793,415.0725688,408.8220757,409.3963392,13082246
11/22/2017,411.1411438,414.6308077,407.9164815,414.1007161,11058315
11/23/2017,418.3192444,419.6002572,409.33001,411.251544,16031638
11/24/2017,420.1303406,423.8408931,418.495953,419.6444503,13987125
11/27/2017,420.2408142,422.9574711,416.9940952,418.4297391,10237135
11/28/2017,416.7069397,420.2407754,414.3878591,419.5781978,10153618
11/29/2017,417.8775635,419.6444962,415.6689123,416.0443729,8038351
11/30/2017,407.07724,415.8676727,406.1716877,415.8676727,20637767
12/1/2017,402.0193787,411.361988,400.959225,408.3582145,11114967
12/4/2017,398.264679,403.6537911,396.3873167,403.5212756,10103208
12/5/2017,403.6096497,406.7238532,395.5480815,398.0217638,18306627
12/6/2017,409.3300476,410.9423493,401.445138,401.9752296,24078081
12/7/2017,411.4945679,413.460274,407.7177571,410.8319607,12095301
12/8/2017,406.8342896,413.8799054,405.9729386,412.5105487,12224184
12/11/2017,404.691864,409.0429379,403.5433666,407.4747785,10792248
12/12/2017,404.4488831,410.3680863,401.0917349,404.6034845,15782031
12/13/2017,404.0292664,408.5790839,402.2844197,405.0231623,9147866
12/14/2017,407.0551147,408.5569868,401.4230283,405.9507893,10983157
12/15/2017,406.2821045,412.1129645,405.3765522,411.2515841,24408414
12/18/2017,406.8342896,411.980457,381.0593098,402.836649,18581421
12/19/2017,409.020874,409.4846784,406.3925608,407.9828062,8891691
12/20/2017,405.5753174,409.6613306,405.0673412,408.998753,10443493
12/21/2017,403.2783508,408.1374011,401.9752519,405.7078612,9071450
12/22/2017,406.5692139,407.4526802,401.6659921,404.029274,10658428
12/26/2017,410.7214966,414.7412522,405.5753295,408.5349314,11596338
12/27/2017,408.0490112,414.1227865,405.9507899,412.1350243,9520350
12/28/2017,408.2478333,412.7534793,405.9950102,408.7116376,15511891
12/29/2017,406.8563538,411.8258336,405.7299423,409.2638077,11089700
1/1/2018,401.8648071,407.5852082,400.8709112,407.5852082,9453202
1/2/2018,402.4832458,406.1937989,400.3850242,403.3004545,9499419
1/3/2018,404.09552,409.0429135,403.3224833,408.6011656,13507800
1/4/2018,406.5250549,407.1876621,404.4930912,405.5753308,9008932
1/5/2018,407.828186,409.4405174,406.5030012,407.1876943,7441284
1/8/2018,410.1693115,411.2515511,407.9385747,409.087072,8827020
1/9/2018,415.6468201,416.949919,408.1594861,409.9926471,14294571
1/10/2018,416.2652588,418.4959959,413.239399,416.5523758,11727682
1/11/2018,414.2332458,416.3977249,413.0184613,416.0222348,7849171
1/12/2018,419.2027893,420.8813785,414.4541976,416.5524194,15071161
1/15/2018,419.2690125,423.3991979,417.5241951,419.6445026,11120925
1/16/2018,407.6956482,418.6285038,406.3925493,418.6285038,10825151
1/17/2018,408.3803406,410.3681325,400.6500321,409.0429477,13204016
1/18/2018,406.2600403,410.6331708,404.2280765,410.3681397,9381821
1/19/2018,411.3840942,412.7534508,407.3201669,407.7177135,9973533
1/22/2018,429.1417236,430.3785648,415.2272087,418.7610449,45700733
1/23/2018,434.3320313,437.7333516,430.6877657,430.6877657,22526810
1/24/2018,426.8668213,433.6694626,425.232404,433.6694626,14289485
1/25/2018,426.6679993,429.3625406,422.3610972,427.5514361,13669901
1/29/2018,426.04953,431.7036728,423.7525355,426.8004808,9897064
1/30/2018,419.821167,426.6238372,419.2027317,426.6238372,9182956
1/31/2018,424.6360779,426.0496065,415.9118728,419.6445118,12551686
2/1/2018,416.9277954,429.6275533,413.7252485,425.4973978,16524809
2/2/2018,399.4794312,416.9719817,397.999645,413.0184839,28965593
2/5/2018,398.5076599,403.0795934,389.5184534,394.907566,19191099
2/6/2018,394.0682678,396.6744952,384.747743,387.3981422,24062503
2/7/2018,395.0842285,399.9432787,393.1406084,398.6843517,15532284
2/8/2018,399.5677795,402.2623504,394.1786674,396.6302931,13825894
2/9/2018,396.6082764,398.4414376,391.3737352,392.6989497,11580639
2/12/2018,404.4047241,405.5973933,398.4634347,398.8830967,11877059
2/14/2018,412.4221802,416.3315063,406.8342651,407.7177314,22247829
2/15/2018,413.3056335,417.7671075,409.9926275,414.1890999,13363743
2/16/2018,406.9667664,416.3756333,405.5532085,415.0504192,9628162
2/19/2018,409.4846497,411.6933007,403.54336,406.8342507,8941900
2/20/2018,406.878479,410.6111181,405.8625265,410.3681729,8458450
2/21/2018,410.5227356,411.9141782,407.3422744,410.8098526,11917390
2/22/2018,408.3140564,411.2515723,406.3925224,407.2759887,11196908
2/23/2018,412.6871948,414.3436979,407.6072856,408.7778689,10610664
2/26/2018,414.6528931,417.3916357,413.7252549,414.7854086,8435611
2/27/2018,419.8653259,422.2064925,414.4982997,414.7854167,14021366
2/28/2018,421.6543579,422.7807694,416.6407063,417.8554615,56650480
3/1/2018,418.9376831,424.0175923,417.8554435,419.5340324,8956590
3/5/2018,408.2036743,419.7107645,407.0993487,416.5523891,12325694
3/6/2018,402.3506775,413.5485634,399.8107377,410.3681024,16019726
3/7/2018,393.0301514,401.6438961,392.2792006,401.6438961,15853546
3/8/2018,402.6157227,403.9630228,394.598327,396.5198316,13283967
3/9/2018,403.344574,406.1054025,402.4390218,404.1396966,10638527
3/12/2018,410.9423218,412.1791922,405.3102649,406.3925044,8315150
3/13/2018,411.6270752,413.4602657,406.9889135,411.6491611,11148731
3/14/2018,410.3902283,411.7154131,406.0391836,410.2797987,14724464
3/15/2018,402.7703552,410.5669218,401.975262,408.6012157,12711836
3/16/2018,397.5800171,401.8427178,391.3957823,401.5334854,30814962
3/19/2018,395.5701599,400.6058681,394.0240864,397.9996703,12630833
3/20/2018,393.0522766,399.3248554,391.8375214,394.5983501,15192983
3/21/2018,396.1885681,398.5959926,394.5983522,395.2830158,14715126
3/22/2018,401.15802,402.836609,395.6805642,395.7909938,22129723
3/23/2018,394.8633423,397.5578835,392.743035,393.4056126,23469999
3/26/2018,398.0438232,399.4573517,394.2449269,394.8854481,13227705
3/27/2018,397.4695435,402.3065074,396.2327024,400.7383776,15179544
3/28/2018,389.9159851,395.7247595,388.7233158,395.7026736,19160609
4/2/2018,394.4436951,397.9775604,391.5945523,394.465781,12494499
4/3/2018,397.3591309,398.308855,391.0423805,393.5823499,13922126
4/4/2018,395.3051147,402.7703631,394.0461876,399.6340736,14214534
4/5/2018,401.1800842,401.9752068,399.1039488,399.8107277,8527915
4/6/2018,402.4169922,405.7299691,399.7666224,401.0918073,9664888
4/9/2018,404.6256104,405.9508246,403.1016523,403.1016523,7813897
4/10/2018,405.089447,408.1153067,403.8084341,405.6857669,8455132
4/11/2018,411.1853638,412.0246288,404.6477242,407.1876938,13140816
4/12/2018,410.2356262,413.7473763,408.2478342,410.7436024,10822592
4/13/2018,414.7191467,415.9780737,410.235587,412.0024901,12616816
4/16/2018,413.9240112,415.2271395,410.1472305,412.7755139,8934275
4/17/2018,417.1045227,418.4076511,413.4602571,415.2271898,9599816
4/18/2018,414.3437195,418.8493655,413.0405911,417.5462666,7360987
4/19/2018,416.2431641,417.4358333,413.0185015,414.8296061,9802587
4/20/2018,409.8821716,416.0443201,406.9225994,414.3436748,7326696
4/23/2018,413.4602661,417.1487037,410.1472893,410.8098669,7674482
4/24/2018,428.5011597,430.9969572,413.0184868,413.371891,19921115
4/25/2018,428.6999512,433.6914871,425.6299198,430.0913936,14079382
4/26/2018,430.8423767,436.4302624,425.0556882,429.8043089,34096999
4/27/2018,440.0966187,446.5900563,435.3259123,437.2253605,25518647
4/30/2018,425.5195313,438.4622357,424.0618014,433.7799022,19406069
5/2/2018,429.6717529,432.5429815,426.2924892,427.1538696,13381914
5/3/2018,424.7685547,431.9687714,423.7304869,431.9687714,8634812
5/4/2018,421.3893433,426.1379345,419.6444964,425.3207259,8302649
5/7/2018,428.9207764,429.9146722,422.4494253,423.5537507,7683268
5/8/2018,427.1980591,433.7798699,426.3587646,431.7920781,10792648
5/9/2018,431.4386902,434.7958387,425.0556819,426.6680132,9831044
5/10/2018,433.4043884,434.928376,430.3564428,432.8964122,8781584
5/11/2018,436.9824219,437.8879446,431.9025126,433.4485566,8774740
5/14/2018,435.8118591,438.1751414,431.4387283,438.1751414,5642499
5/15/2018,432.4325562,441.7309939,431.4165743,434.2436606,10501479
5/16/2018,422.3611145,430.2460245,420.7267268,430.2460245,18840763
5/17/2018,417.5904236,424.0617754,415.8897487,423.7746584,10353948
5/18/2018,412.5105591,421.1905629,411.6933504,417.7008985,11440117
5/21/2018,411.406189,413.3277231,407.3201756,411.1411579,14491208
5/22/2018,409.3742371,412.5767842,408.6012003,412.2013235,11310073
5/23/2018,402.9691162,409.0429212,401.5997302,409.0429212,9991028
5/24/2018,404.5593567,406.8342656,402.0415026,403.7421481,11632489
5/25/2018,406.7459412,407.8944386,403.94097,404.6256336,17782410
5/28/2018,406.5692139,409.4846438,405.553232,408.5570057,11369679
5/29/2018,405.2661743,409.9264222,403.9189035,407.0551931,17878384
5/30/2018,404.6697693,407.8060585,400.4733264,404.1176213,13105124
5/31/2018,406.9888916,407.4085241,403.9851178,406.8342607,37080158
6/1/2018,411.0528259,413.3498208,405.7078559,406.392549,19174278
6/4/2018,415.6026917,416.9941344,411.0528733,412.3118005,12250151
6/5/2018,418.6064148,421.8531337,415.6688988,416.4640214,17436812
6/6/2018,421.5880737,422.2948232,416.3977351,418.3192691,9164022
6/7/2018,429.0754395,431.1294892,421.6101915,421.8089648,14999572
6/8/2018,434.8179321,435.7897126,424.3267955,426.8667648,14289325
6/11/2018,434.0670166,441.7089521,432.4767712,436.0327227,15018718
6/12/2018,440.4721069,441.731034,433.0289448,434.3983014,16285583
6/13/2018,442.8353577,444.3372593,437.0928705,441.7310321,12962502
6/14/2018,445.2428589,446.9435046,436.1652786,440.6046673,11997529
6/15/2018,448.0036316,452.1117312,441.3997637,444.3814517,24705890
6/18/2018,448.5999451,450.7644243,444.8231346,445.6182572,12363932
6/19/2018,439.9862061,448.2686626,438.9260228,447.8710865,13881382
6/20/2018,450.2343445,451.8466758,439.4561197,439.9640959,15735681
6/21/2018,455.8443604,457.6333791,451.1399114,452.0896356,22988909
6/22/2018,447.252655,454.6295588,445.4636365,454.2761546,35370008
6/25/2018,443.6967468,449.0196016,442.7470227,446.7667785,11369371
6/26/2018,432.4325562,444.3813928,430.7981686,444.3813928,17649122
6/27/2018,429.4979553,438.1915151,428.0971816,435.1231946,19595831
6/28/2018,420.2041016,430.6764066,418.1363208,427.7859544,18770484
6/29/2018,432.4328003,433.7891067,422.0049645,422.0494316,17425606
7/2/2018,427.1633301,432.3883652,425.5624841,432.3883652,14570004
7/3/2018,431.9214478,435.1009358,427.0521498,429.1199302,11084063
7/4/2018,440.2814941,441.1263991,431.7880371,432.143774,10938521
7/5/2018,428.8976135,448.4192437,426.273994,443.3498435,40946479
7/6/2018,434.7007141,437.1242314,428.8975772,429.008745,20039239
7/9/2018,443.3943176,444.6838938,437.3466109,438.9474867,11309207
7/10/2018,456.1122437,457.3573527,444.6838675,445.9067429,22846197
7/11/2018,461.9376526,462.8714919,452.6215232,455.8010115,18953870
7/12/2018,481.3035583,488.7075412,463.6273746,464.4055788,52736376
7/13/2018,489.063324,493.1544176,480.2585673,480.4809326,39301408
7/16/2018,478.5687866,493.10995,477.168013,489.0633235,14427529
7/17/2018,485.7503967,487.3512426,475.6338312,479.5025889,14150770
7/18/2018,485.839386,491.1978224,479.0579423,488.4407719,10241565
7/19/2018,491.3089905,495.8225219,483.0823357,486.1728897,11885426
7/20/2018,501.8924866,506.2725869,494.4440065,495.111043,17538801
7/23/2018,498.1793518,502.4038471,494.9776597,502.4038471,12779803
7/24/2018,494.0215454,501.0475281,492.4429034,498.9353104,9775749
7/25/2018,495.8892212,499.3800089,491.0199528,493.5991051,13014255
7/26/2018,493.8881226,498.712983,492.62078,493.6435534,14053674
7/27/2018,502.4260559,505.7834123,494.5551388,497.8235609,14610585
7/30/2018,512.0089722,514.6325913,501.6033703,502.4927126,30344461
7/31/2018,527.3949585,529.3515708,510.1190405,511.831054,30350826
8/1/2018,530.218811,534.9102406,527.1282572,529.3516725,21227054
8/2/2018,519.5464478,529.8409133,518.4792368,529.8409133,13668930
8/3/2018,523.3706665,526.2833517,520.0799811,522.503528,14536058
8/6/2018,530.3300171,531.8418992,522.659231,523.2595075,8785462
8/7/2018,526.5946655,534.2432478,523.3929141,531.3527662,8879612
8/8/2018,541.4915161,543.6259971,526.9503534,526.9503534,17307566
8/9/2018,541.6027222,547.7170992,538.9568396,543.1813345,14976885
8/10/2018,535.4882202,540.2908464,534.6433451,538.5121026,7833494
8/13/2018,528.151062,533.5984326,525.9276467,532.5311624,10211072
8/14/2018,538.3342896,541.2691786,526.6390817,529.1737667,11592139
8/16/2018,533.9764404,540.735681,531.6196234,535.0659741,13086024
8/17/2018,535.288269,540.4688372,533.6429262,537.6228226,8379864
8/20/2018,549.1400757,549.9849509,537.022401,537.1335984,16639535
8/21/2018,554.6096802,556.5218256,545.627085,550.1851129,15923396
8/23/2018,564.5039673,566.5272509,550.6965408,554.2095026,17429373
8/24/2018,568.0835571,569.173031,560.3238384,562.6361875,14550512
8/27/2018,574.3091431,576.2434921,568.6394378,568.9284444,12188510
8/28/2018,586.5380249,588.316769,575.8656198,576.310291,19018790
8/29/2018,575.5098267,590.9848587,573.7311419,585.3373566,24230135
8/30/2018,566.727417,576.8217506,564.9486727,575.2430787,21545859
8/31/2018,552.1416626,564.7484155,549.8959844,564.7484155,33479841
9/3/2018,546.5831299,559.3678114,545.2045899,553.6313754,26686176
9/4/2018,552.2750244,557.9891964,546.5163854,549.2511423,19333815
9/5/2018,545.6270752,557.0332171,537.4004212,552.5196564,22584608
9/6/2018,560.9242554,562.836401,544.8934124,547.0278936,24487897
9/7/2018,568.5728149,569.7956904,557.855942,562.4806413,23389269
9/10/2018,558.4561768,567.8612383,555.8992287,566.9718367,15440786
9/11/2018,550.3852539,564.0370762,548.8511085,559.8570479,23787332
9/12/2018,556.9666138,559.7236347,546.4498129,556.6552845,17642490
9/14/2018,557.2555542,567.2386891,554.8098034,560.034838,17233514
9/17/2018,545.1380005,556.1884068,543.2258549,556.1884068,14773803
9/18/2018,541.2470093,551.141271,540.0019298,545.1824982,16660044
9/19/2018,538.401001,544.2930428,534.0653677,544.2930428,24642640
9/21/2018,541.4026489,550.2518437,526.2834118,542.0696558,41713856
9/24/2018,547.8728027,551.3635608,535.6217251,540.046352,22098277
9/25/2018,547.2280273,553.6314711,531.3972567,549.4069757,21250513
9/26/2018,556.477417,557.6113583,545.6938727,550.9633751,13992341
9/27/2018,557.5222778,561.635634,550.2961646,558.0781464,23642923
9/28/2018,559.3900146,565.5044508,554.6541185,560.2571531,24220992
10/1/2018,547.7171021,559.2789089,535.3993542,559.2789089,16039441
10/3/2018,535.8884888,551.2301192,533.6428697,546.7388216,16135428
10/4/2018,499.0464172,529.351617,491.8203033,528.9514129,50774608
10/5/2018,466.4066772,495.955909,461.6485471,488.9299261,47998260
10/8/2018,493.3322754,496.7118654,456.0455285,466.9180653,53983473
10/9/2018,484.7276917,499.5134252,480.7922327,498.779688,24042005
10/10/2018,490.0860901,496.2004969,482.1707056,486.4396677,20784941
10/11/2018,483.7271423,495.7113579,463.8053083,473.1436708,28926389
10/12/2018,500.9585876,502.0480617,489.9971464,491.3534232,19814528
10/15/2018,506.8284302,510.0079181,497.2232656,502.4482707,19406012
10/16/2018,517.5230713,519.1238874,506.9395416,509.6076873,16358598
10/17/2018,511.9645081,524.4378605,506.9395459,524.2822553,27967162
10/19/2018,489.7303467,494.0438058,475.92292,489.1522741,55606079
10/22/2018,472.5433044,495.7335595,470.1864878,493.5990784,28798142
10/23/2018,469.0080872,473.4549178,464.0943221,468.1409487,23128845
10/24/2018,465.0281677,478.4576236,458.646958,477.9906892,29869514
10/25/2018,458.380127,462.7602866,451.9766837,460.6925062,30833933
10/26/2018,464.6501465,470.0308458,454.4669095,459.313944,20085933
10/29/2018,483.7271423,486.4174625,465.1393516,465.1393516,16781215
10/30/2018,470.0308533,482.7043381,467.8518754,482.7043381,19263668
10/31/2018,471.9207458,473.9662927,465.5840033,470.920206,35999348
11/1/2018,469.6973267,474.8778944,466.9180724,474.8778944,20552752
11/2/2018,477.9906616,480.7032448,472.765627,474.4776704,36739798
11/5/2018,484.8388367,485.9060772,473.5883289,477.3459192,16585905
11/6/2018,490.9754639,494.4884553,485.416896,486.4841365,18886485
11/7/2018,493.9103394,495.8224848,492.131625,495.8224848,2808599
11/9/2018,486.239563,495.2888886,482.4820025,491.9315322,23712291
11/12/2018,480.2585449,488.6186003,477.8350277,488.1294621,12690610
11/13/2018,488.9076538,490.4862661,475.8339359,477.5904464,14899604
11/14/2018,488.2406311,494.7774754,482.7043266,491.3978855,17034346
11/15/2018,487.7515259,490.4863131,483.1490306,487.795993,14943663
11/16/2018,501.3366394,502.4705807,487.8627156,488.2406861,24131016
11/19/2018,511.3865051,512.1424462,502.9375145,503.7823898,15987574
11/20/2018,505.7834167,514.0100709,502.4927313,509.1630364,12511640
11/21/2018,494.8886414,509.3853667,492.2872557,505.8278786,16422494
11/22/2018,490.4195862,500.4249845,489.1967108,495.6001538,12670591
11/26/2018,493.4878845,496.934175,487.9960473,493.1543812,13969873
11/27/2018,501.6922913,502.4926993,491.5757259,492.6651999,14896607
11/28/2018,512.5649414,514.8328241,500.8475277,503.5822855,17507771
11/29/2018,519.6130981,524.6824682,515.8332745,516.2779457,27640198
11/30/2018,519.1906128,527.3950033,516.8560002,521.3028304,23443212
12/3/2018,514.2547607,522.4591531,510.7194759,522.4591531,12182825
12/4/2018,512.4092407,514.943926,507.9179428,514.943926,11358720
12/5/2018,513.6765137,515.2996524,506.6282681,508.6071438,12729759
12/6/2018,499.6690674,510.9417494,497.2677539,510.9417494,12831451
12/7/2018,504.1825256,505.5832695,492.8653181,502.2481764,15779984
12/10/2018,484.8165894,495.5112281,481.6371013,493.5990827,20521072
12/11/2018,488.0628052,490.0861185,469.141511,474.033013,29518062
12/12/2018,493.8214111,495.155484,483.7048747,488.7075442,27572962
12/13/2018,492.2872314,501.6033591,486.9510293,501.6033591,20337275
12/14/2018,494.5774231,495.7780651,485.5058632,490.5307963,15795834
12/17/2018,502.4482727,503.8268127,494.2661152,496.2449613,11077711
12/18/2018,505.3388062,506.4949513,498.2682962,499.513435,12841994
12/19/2018,505.516571,510.1857367,503.9156956,507.6065847,16118419
12/20/2018,501.8035278,503.6044758,496.3338942,498.4905791,12609700
12/21/2018,489.2411499,503.048575,487.3734717,500.2692912,18115814
12/24/2018,484.3274231,490.5752313,483.1712483,489.5524579,9065704
12/26/2018,488.4185181,489.1522552,473.8773547,482.8377463,15771193
12/27/2018,498.1348572,501.15874,490.9310058,492.3539833,27294221
12/28/2018,500.5138855,504.8273143,498.579477,500.4916223,16768547
12/31/2018,498.6017761,504.2048111,496.3561273,502.9152053,15799099
1/1/2019,498.4905701,501.2921172,493.6435356,500.3805116,9746670
1/2/2019,491.99823,501.1587234,489.5969166,495.6001556,15628818
1/3/2019,485.9283142,495.644647,484.7499058,492.4873925,16288287
1/4/2019,488.5519409,491.131123,480.7477535,487.9961019,18516544
1/7/2019,491.2645264,497.3567,489.59695,492.2650663,12060290
1/8/2019,491.2200012,493.5768177,487.373477,491.4201032,12304389
1/9/2019,493.9325867,496.7118706,488.5741505,494.4884553,12614237
1/10/2019,492.4873962,494.0438048,490.4863165,492.598564,8925160
1/11/2019,488.2851257,495.2889048,484.0828642,492.5318544,14139060
1/14/2019,487.729248,489.374561,483.1045196,486.9288103,8994060
1/15/2019,502.3372192,503.3822264,491.3757463,491.3757463,22011407
1/16/2019,505.1164246,509.1630511,502.6484104,504.7161611,13961606
1/17/2019,504.4715881,510.4525636,502.4927124,508.9184184,16379077
1/18/2019,526.6613159,529.1293301,504.8273667,510.8528098,56181172
1/21/2019,550.3852539,551.3857939,528.5735067,530.9525869,48206814
1/22/2019,549.2512817,554.4985801,542.3364367,548.228538,36207430
1/23/2019,545.3158569,553.275709,543.4037114,548.4286148,19313542
1/24/2019,554.7208862,557.2778346,542.5588029,544.7377511,28775487
1/25/2019,554.0761108,562.3916998,549.3624774,556.0549867,18703992
1/28/2019,546.7610474,558.500723,543.5815593,556.077176,18744303
1/29/2019,538.3564453,547.6948358,534.2208851,547.4057699,20405845
1/30/2019,531.7084351,544.7377154,529.6628884,540.2908851,17164298
1/31/2019,545.6937866,546.8277277,534.0653095,534.5099807,22279301
2/1/2019,555.8325806,558.0782591,545.6493728,548.7399266,20187323
2/4/2019,574.0424194,576.7327692,552.3196086,554.5207607,25528059
2/5/2019,574.3314819,580.045715,568.5728411,574.5316137,20479210
2/6/2019,582.6469727,585.9376579,575.5320561,576.4213984,20586783
2/7/2019,573.8201294,587.5163592,571.9079838,582.6470609,20150710
2/8/2019,568.1726074,578.3114078,565.7490603,571.3298324,14230054
2/11/2019,557.2999878,567.4165828,556.299448,567.3721157,16457901
2/12/2019,558.7007446,565.7934573,556.5217966,556.5217966,13998153
2/14/2019,544.381958,551.8526714,541.6249373,551.8526714,14496604
2/15/2019,553.3869019,555.8104492,539.8462763,546.8500563,20994460
2/18/2019,542.5588379,556.9666007,540.2909554,555.8548633,21106139
2/19/2019,540.7800903,551.2746277,538.6011421,541.6249656,13658461
2/20/2019,548.8955078,551.407989,542.0695975,544.2263417,13776558
2/21/2019,554.4763184,559.3234126,546.6721309,549.6292835,23142949
2/22/2019,548.0061646,553.7648047,545.1824135,553.4535349,19152470
2/25/2019,547.9839478,552.7421078,542.8033797,549.6292906,17176522
2/26/2019,542.6254883,549.0956619,536.2887754,537.8451245,22160532
2/27/2019,544.0706787,553.5869387,537.6227686,546.0940216,24308835
2/28/2019,547.4281006,551.3413261,545.4270207,548.6287723,24688859
3/1/2019,545.2047119,552.4530908,543.5149612,550.0740105,17329606
3/5/2019,550.3629761,551.3190488,541.8917231,544.0262041,15577500
3/6/2019,562.4361572,566.1270469,549.2290665,551.3190805,26332276
3/7/2019,564.8596802,569.106379,559.4789808,562.0803963,17738092
3/8/2019,563.4589233,566.7273455,561.191041,562.9919889,13211934
3/11/2019,579.9123535,583.4253158,563.8592461,564.7708519,21258869
3/12/2019,592.0297852,593.2081933,584.4256715,585.6040797,24561597
3/13/2019,599.1225586,604.7700011,590.5846348,594.5423269,24577591
3/14/2019,596.5655518,605.6593433,594.1420051,600.2119737,22753310
3/15/2019,587.7164307,604.2364101,583.0694685,598.0997698,34764353
3/18/2019,600.34552,603.8585415,590.9849235,591.874266,22104063
3/19/2019,612.1296387,613.663784,597.2549414,604.770063,21448030
3/20/2019,611.6404419,617.221214,606.5488081,612.6854489,21639437
3/22/2019,596.6546021,614.0639845,594.4089828,610.3286276,25078643
3/25/2019,588.9615479,594.4756489,585.515257,591.6963648,17394088
3/26/2019,607.9939575,609.9283066,591.4294536,591.5628549,20734876
3/27/2019,599.9897461,612.7521658,597.7663307,612.7521658,22079870
3/28/2019,604.7699585,609.1279137,597.1214369,600.4343259,22930248
4/1/2019,618.9332886,625.5812716,605.9040659,609.2169554,22088854
4/2/2019,617.9771729,623.9359448,613.7082108,621.6680624,17526740
4/3/2019,611.5292358,623.8914503,610.1062288,619.3334225,17169813
4/4/2019,601.6795044,615.3090614,599.1002929,613.2190476,18320845
4/5/2019,602.0574341,606.5042644,597.2103998,605.1924548,14717266
4/8/2019,591.0960083,603.6583553,588.6280535,602.9913485,19081843
4/9/2019,593.4084473,596.187672,587.4274117,590.940433,20774977
4/10/2019,592.052063,599.433842,589.8731149,594.9647482,16651949
4/11/2019,598.9002075,601.657228,590.9848235,592.7413043,12558520
4/12/2019,597.2549438,603.3915847,594.3867255,600.3232346,12948769
4/15/2019,595.9431152,599.8563405,593.6529695,598.0998002,9285737
4/16/2019,597.5439453,604.7700002,595.8763394,598.0997546,17360317
4/18/2019,616.3096313,617.9993818,606.9935029,611.4403335,39286534
4/22/2019,598.2554321,607.8828302,596.4544248,604.7700132,23607922
4/23/2019,606.4821167,610.5509472,598.5445281,599.4338705,19807450
4/24/2019,617.8882446,620.2450613,607.549313,609.3503204,16101112
4/25/2019,610.2841187,628.0715001,605.9262224,617.7103648,30469914
4/26/2019,619.3555908,620.756394,609.5281212,611.4402665,15069884
4/30/2019,619.3555908,620.9564663,607.7938444,620.9564663,22348580
5/2/2019,624.8031616,628.7385911,614.5976302,618.9999942,18992003
5/3/2019,626.4927979,630.3393518,623.7357773,626.0925938,14240262
5/6/2019,615.8427124,623.8025643,612.8188295,621.6680832,15832114
5/7/2019,597.4328613,620.3340837,595.9653868,620.2451494,19417647
5/8/2019,577.8444824,595.8764047,574.6205271,595.8764047,31958919
5/9/2019,558.7230835,573.1085831,556.6330694,573.1085831,42670173
5/10/2019,556.3662109,568.1725569,553.6313942,562.525055,24557430
5/13/2019,547.8728027,560.6574264,545.8494597,554.9210491,17603659
5/14/2019,560.5018921,564.4595851,547.6282732,549.8516888,28438234
5/15/2019,558.9230957,568.3059541,556.121608,566.0825389,24419559
5/16/2019,562.6807251,565.5934103,559.4567701,560.2794414,14451308
5/17/2019,563.5923462,567.839045,556.7441725,563.4144777,17276949
5/20/2019,589.6062622,594.8535597,579.6453319,584.1366885,26979100
5/21/2019,595.7874146,607.8828266,591.4517816,592.4078543,30343560
5/22/2019,596.0541992,604.63659,593.6973827,598.3888118,24689918
5/23/2019,593.1638794,618.9999905,589.2061867,610.1063284,38766006
5/24/2019,594.4755859,602.0129698,585.4262607,599.4338178,22269265
5/27/2019,582.8248291,594.7646352,581.2017497,594.5867668,16076686
5/28/2019,588.6502686,593.5640337,584.0255694,586.8937876,42594251
5/29/2019,583.8922729,592.8971335,579.9345798,587.4274987,15558515
5/30/2019,591.3183594,596.7657295,585.3151207,585.3151207,23494381
5/31/2019,591.4962769,596.7213118,587.0716501,594.9425676,25724066
6/3/2019,604.8590088,607.9940296,587.5162986,593.652939,18556942
6/4/2019,601.0569458,611.1068116,599.4783334,603.6360981,15442761
6/6/2019,590.2510986,605.6149326,587.4718148,605.6149326,16764835
6/7/2019,584.7148438,590.2066815,580.5792829,589.6286089,14722419
6/10/2019,586.6046753,590.095433,582.5803122,587.3828795,11768468
6/11/2019,591.0515747,593.4306548,586.0934016,587.8054155,11492074
6/12/2019,592.385498,595.1647815,589.2060106,593.519439,10297599
6/13/2019,590.206665,593.5195544,581.9355435,591.4295405,15686169
6/14/2019,585.8933105,589.2062004,582.2691509,587.8276601,14942768
6/17/2019,570.2181396,586.9827186,568.5283297,586.9827186,14908257
6/18/2019,569.6400757,572.7306296,564.3483103,568.7062068,16797371
6/19/2019,568.0168457,578.9783156,561.4577981,572.2636034,14492763
6/20/2019,576.6437378,578.0890081,568.3059458,569.1952881,10748848
6/21/2019,568.9729614,576.3102731,567.2164806,576.2880099,23236832
6/24/2019,561.3688965,567.6166746,559.01208,565.7045293,11267228
6/25/2019,576.2436523,577.1997252,557.7447941,559.8126045,14966899
6/26/2019,575.4876099,580.134572,572.019056,574.086866,11593027
6/27/2019,566.5939941,576.7105312,565.1931908,575.0429845,24905533
6/28/2019,557.2333984,570.4627527,555.2545225,567.9058042,18942165
7/1/2019,564.2371826,565.9269332,554.2762507,559.4345554,13478857
7/2/2019,568.5283203,569.6400576,561.7691402,566.5050367,10146746
7/3/2019,570.3292847,572.085825,566.9941913,570.4849493,8806492
7/4/2019,570.973999,574.0868157,569.1952551,569.8178541,9351405
7/5/2019,561.7912598,573.8644666,560.3015818,571.4631238,10926753
7/8/2019,556.7663574,563.9035367,555.0543439,559.4122396,14009219
7/9/2019,569.2398071,570.7517486,553.8537681,555.3879134,17535754
7/10/2019,568.6838989,573.3530644,564.1703386,569.2175043,12018196
7/11/2019,569.8845215,573.5532067,568.8839818,572.3080682,8608376
7/12/2019,569.4177856,578.0891122,568.3282521,570.5294637,15692436
7/15/2019,567.4611206,573.4198334,564.9041722,571.4187536,10659498
7/16/2019,574.9763184,575.8212531,567.8836041,569.1732101,10070773
7/17/2019,570.0180054,576.7549817,569.195334,575.5543101,9482233
7/18/2019,561.1242676,572.0412704,559.412254,570.084658,11942908
7/19/2019,555.4102173,566.0603604,552.6086698,563.9481424,16336536
7/22/2019,569.4177856,571.1964706,545.7605634,556.2995686,29092589
7/23/2019,566.3271484,575.3764146,560.4795147,571.4187224,20316348
7/24/2019,559.9014893,568.6617495,557.433475,566.3049328,15189179
7/25/2019,547.6281128,564.3260184,545.6270333,562.0803402,21805071
7/26/2019,539.7572021,552.51962,538.0673925,547.6281187,20387504
7/29/2019,538.4898682,543.4036327,535.8884529,541.1357505,17626045
7/30/2019,525.1271973,542.514376,522.9260451,539.8240261,20853117
7/31/2019,518.6126709,526.9504648,516.9005975,522.8371666,21229950
8/1/2019,524.8381958,528.373421,511.5421108,517.3452186,22628222
8/2/2019,529.8226318,536.040842,519.8690401,525.9530482,23766807
8/5/2019,511.4811401,522.0610071,504.6142574,522.0610071,30399133
8/6/2019,504.7485352,514.2771837,501.9302311,507.6339701,29067994
8/7/2019,496.2935181,509.3338769,493.4751844,503.9432766,25349369
8/8/2019,515.5073242,518.0348268,489.9858132,495.8237535,31198568
8/9/2019,519.8689575,525.8634965,515.4849033,519.7571523,21970009
8/13/2019,570.2633057,582.8115292,548.4548396,551.6534122,104827144
8/14/2019,576.3026123,583.5497045,572.7685044,583.3484313,31688983
8/16/2019,571.7172241,577.8906996,569.4804628,577.6222954,21977767
8/19/2019,578.2486572,580.1275465,572.6119893,573.0817265,16317602
8/20/2019,570.8002319,578.2486583,569.3016118,576.9961052,14969299
8/21/2019,568.5634155,572.0080556,566.5727212,570.6659748,10677848
8/22/2019,557.7375488,568.5858221,554.2258372,568.5634849,14031953
8/23/2019,570.7554321,574.4013454,548.6785598,554.2704931,21307915
8/26/2019,566.7069702,578.874927,563.2175959,578.874927,19202504
8/27/2019,570.3081055,574.8486995,564.2017008,574.8486995,28401906
8/28/2019,565.1411743,573.0593372,561.8978673,569.8160302,11605488
8/29/2019,555.5007324,563.7767677,552.6152976,562.0768147,18890222
8/30/2019,558.5427246,561.1597553,546.2181692,557.1783066,24735240
9/3/2019,539.6868286,556.0599639,536.8237308,555.7244287,18730619
9/4/2019,537.3381958,539.172351,530.5831772,537.0697916,32949395
9/5/2019,536.1974487,542.7287972,533.8264851,539.8657592,22995486
9/6/2019,546.8891602,549.7969918,534.6988073,538.1657845,23186819
9/9/2019,546.7549438,551.5863389,542.7064242,546.0615365,11747929
9/11/2019,552.2127075,554.7178733,546.8891781,546.8891781,12127900
9/12/2019,541.4538574,554.919161,539.3736948,552.4811261,11880005
9/13/2019,548.2759399,549.5732269,539.9104371,542.1919325,12947715
9/16/2019,541.6327515,545.3681329,530.6054837,531.9028304,20547730
9/17/2019,535.6830444,541.7447161,533.9160199,541.7447161,15640772
9/18/2019,539.3737183,544.1156459,535.5712055,539.0381831,14933909
9/19/2019,527.4515991,541.1629675,524.5885615,540.3353581,13766222
9/20/2019,561.1373901,568.0937422,525.3268067,531.4331523,48165560
9/23/2019,554.3599243,573.0592863,552.4810353,569.9949157,21610844
9/24/2019,572.0303955,581.0221752,555.9480624,556.3283316,34958974
9/25/2019,572.4107056,579.3223233,567.6240442,574.4014001,18192270
9/26/2019,580.1275024,581.0221831,574.1776967,577.9802091,18350457
9/27/2019,585.6075439,588.2693085,574.4013403,578.2038525,19058663
9/30/2019,595.9862671,597.5520183,584.0419195,586.032674,25263770
10/1/2019,583.7510376,600.347841,578.5617108,598.1110797,17920384
10/3/2019,586.5023193,588.1351415,573.1935557,575.2961151,13524851
10/4/2019,585.1825562,594.3533317,583.2813299,590.4613513,14992253
10/7/2019,586.0773926,590.8640544,582.3196137,585.182652,10061584
10/9/2019,592.6310425,594.9573319,578.203927,585.45108,17588647
10/10/2019,609.6304321,612.426339,590.9534063,592.7428274,35006390
10/11/2019,605.0897827,610.9053861,597.9097615,610.0553798,16597126
10/14/2019,607.5054932,610.6145981,604.3069202,610.6145981,13394275
10/15/2019,610.2567749,612.8738057,605.850323,609.5186334,9672791
10/16/2019,613.9251099,617.1907544,610.0554662,612.8290961,19403660
10/17/2019,624.7285767,625.8469872,613.7684398,615.1105205,16038940
10/18/2019,633.6086426,638.7755735,625.7128755,628.0838393,28121951
10/22/2019,632.6243896,642.779254,627.7929349,637.4781218,27786502
10/23/2019,622.8944702,637.9031876,618.7564822,633.5862634,18446160
10/24/2019,642.6003418,644.8147661,620.2774614,626.7416787,22642488
10/25/2019,640.2518311,644.8371596,631.3271217,644.6806203,13539957
10/27/2019,641.6162109,646.4252691,639.7149248,644.6358479,3014841
10/29/2019,656.2894287,662.0826359,645.1279577,646.6489748,25768505
10/30/2019,661.6799927,664.1180872,653.2697551,662.082599,16341366
10/31/2019,655.081543,666.3996128,653.8960611,663.8720501,19463741
11/1/2019,651.7487183,653.9407457,644.6358277,650.8987716,13904301
11/4/2019,652.0842896,658.0564328,646.4700186,655.7749372,14063434
11/5/2019,647.4541626,657.1393502,644.6358586,654.5223792,12685356
11/6/2019,641.9069824,647.0739131,639.0439443,645.3963568,14625505
11/7/2019,652.5092773,654.4775749,640.6991336,641.9517463,14084039
11/8/2019,646.6488647,652.9788794,644.7699757,648.2146155,12019353
11/11/2019,638.7307739,646.0897318,636.3821475,643.7858394,11357841
11/13/2019,658.6380005,660.2484856,639.7149647,639.7149647,25225749
11/14/2019,654.3657227,662.7982968,651.2566178,660.2931313,14258133
11/15/2019,657.9893188,665.1246063,654.5446788,655.6630894,15691605
11/18/2019,652.7776489,664.7666685,651.0776959,658.7945257,14076051
11/19/2019,675.3912964,677.6951886,655.3722501,656.2669307,30176255
11/20/2019,692.3460693,703.4180721,690.3553748,695.6565076,43538120
11/21/2019,687.8500977,696.0813988,683.801578,691.1605356,14897371
11/22/2019,691.831543,702.1206694,687.8500945,689.8631858,22352865
11/25/2019,698.56427,700.0181561,693.8446798,693.9118107,15146156
11/26/2019,697.9827271,705.1850861,696.0814409,701.4944385,35330983
11/27/2019,702.2772827,704.8048453,696.1261439,697.8484938,9642739
11/28/2019,706.9522095,708.6744998,699.637985,703.5299062,13747479
11/29/2019,693.9118652,707.690308,692.4355822,707.690308,18559594
12/2/2019,709.725708,722.2291992,705.4758553,715.7649819,31225364
12/3/2019,706.3256836,713.0807009,703.5073802,712.5215554,12990426
12/4/2019,694.6051636,705.6995025,686.1277955,703.6864112,20987607
12/5/2019,693.7775269,706.7060203,690.7131561,704.1337239,19942460
12/6/2019,695.5893555,701.4496934,689.4158793,694.7394088,13085234
12/9/2019,703.5074463,705.6547395,691.8315057,696.1484891,12642677
12/10/2019,698.7431641,703.9548283,695.25379,703.261421,10173333
12/11/2019,698.944519,704.3574568,693.6657237,695.9024852,12364641
12/12/2019,701.5391846,704.0667473,696.3722539,702.4562622,10326606
12/13/2019,708.1151123,711.2913477,703.4179199,706.8177658,12668303
12/16/2019,700.8233643,713.0360538,699.8168187,712.1861072,11892718
12/17/2019,699.0786743,706.3705008,695.8801014,700.8904325,20324601
12/18/2019,704.9613037,706.8177958,698.7654913,699.2128316,14742077
12/19/2019,720.2161255,722.4305498,703.1496429,703.9995896,20507816
12/20/2019,715.3623657,723.6160041,714.020285,722.4752563,21271510
12/23/2019,702.9707031,705.7218762,696.8866951,697.9155779,25107772
12/24/2019,691.8092041,703.2614154,690.0421202,701.8522634,18048449
12/26/2019,677.9188843,694.7169615,675.570258,689.6618964,29761019
12/27/2019,689.9750977,691.6973879,680.5583141,683.108214,17677571
12/30/2019,690.8026733,692.3460274,683.5779177,691.5855488,17123749
12/31/2019,677.3150024,690.5790325,674.6309005,689.8184942,22203005
1/1/2020,675.3241577,683.152852,673.4900625,679.0819357,14004468
1/2/2020,686.821228,689.3487906,676.3978993,676.3978993,17710316
1/3/2020,687.6488037,689.6618949,681.318729,685.7922518,20984698
1/6/2020,671.7006836,683.510767,670.1349327,679.9767187,24519177
1/7/2020,682.0345459,686.4633347,677.068889,679.5293206,16683622
1/8/2020,676.9123535,686.4409416,675.5032016,677.739963,16047902
1/9/2020,692.5025024,693.397183,685.0093439,688.2973845,14982742
1/10/2020,692.3460693,696.9537946,688.7672269,694.2472958,12478359
1/13/2020,690.5789185,697.289202,688.2079552,691.1828577,18282382
1/14/2020,684.1818848,693.3973352,680.8043754,688.9238121,15816535
1/15/2020,681.6990356,688.8790573,679.1938699,687.067299,15817859
1/16/2020,687.9842529,690.4223472,683.5554644,684.0028644,12847975
1/17/2020,707.2652588,709.032283,694.8288391,694.9630412,29463471
1/20/2020,685.5015259,719.7911482,682.8397613,719.7911482,32545850
1/21/2020,686.1950073,691.5408742,680.8714776,683.8240436,18922720
1/22/2020,685.9488525,691.9433921,684.9423069,690.7131763,10322817
1/23/2020,683.0410767,689.7960948,680.2898441,687.3580004,11247739
1/24/2020,680.6700439,687.2908593,679.3279634,683.1080783,14628445
1/27/2020,673.9597778,681.9674087,673.2663705,677.6952189,13387750
1/28/2020,658.3919067,675.5031818,654.7459935,674.8768456,24532236
1/29/2020,662.015564,668.5245158,654.9473471,659.4208703,24746565
1/30/2020,645.8660278,661.9483607,644.1884717,661.6352224,22402689
1/31/2020,631.5059814,650.1158766,629.5152871,650.0040117,34750310
2/3/2020,619.8076782,626.2719547,609.7646195,612.8289902,30712290
2/4/2020,638.1044312,640.8332668,625.31014,626.2942887,25383901
2/5/2020,647.9909668,649.9145901,639.8491931,641.9069587,18472100
2/6/2020,652.1513062,656.2669566,644.2332032,650.4961469,15538577
2/7/2020,641.3478394,649.7133433,638.9544787,649.109404,12209212
2/10/2020,642.2201538,646.6489428,630.9692153,638.8202476,15142476
2/11/2020,649.8922119,655.9090887,646.4475719,647.4988516,13999816
2/12/2020,657.7432861,659.7787744,650.8987994,651.4132707,13533565
2/13/2020,659.4655151,661.076,654.2985851,661.076,13565659
2/14/2020,665.4825439,671.6783575,650.048823,660.8524217,21227841
2/17/2020,661.2996826,673.7808361,659.5326585,666.1087405,13149130
2/18/2020,656.4459229,660.2484353,651.9723999,660.2484353,11127161
2/19/2020,672.7296143,673.9150961,659.8905874,661.7918138,14084409
2/20/2020,664.7443237,674.6084467,663.7825122,669.6875837,16892268
2/24/2020,646.4028931,660.7405401,643.9871953,657.4972329,21370214
2/25/2020,633.6309204,649.2882495,630.7678229,649.2882495,27745062
2/26/2020,622.7155151,631.8191602,620.6353526,630.7678805,29362748
2/27/2020,620.1431885,623.5206973,612.4262997,620.9260041,25054993
2/28/2020,594.3756714,607.0581582,592.7428493,606.1186837,39315769
3/2/2020,588.7836914,612.4262511,582.0510115,606.2080423,29500495
3/3/2020,600.7280884,605.6713485,591.4007735,594.8454136,27398798
3/4/2020,599.3189697,605.6266481,585.093128,604.8214354,22105261
3/5/2020,586.5469971,607.4831207,584.2431049,604.9108244,30510390
3/6/2020,568.5857544,576.2579099,555.20992,568.1384141,33734039
3/9/2020,498.4184875,555.165226,489.8516806,554.7402228,88187018
3/11/2020,516.0441895,527.1832629,495.667239,495.667239,59578576
3/12/2020,475.5363464,492.5357574,469.1392003,485.3781327,55970485
3/13/2020,494.4593811,509.9825092,421.585578,446.4583882,73297403
3/16/2020,454.3765259,483.0071128,449.5898351,474.4403067,38482258
3/17/2020,450.9319153,474.194269,448.784622,468.4905007,45445979
3/18/2020,433.2615051,463.4131116,429.9063628,458.6711545,44730415
3/19/2020,410.5359497,432.5904563,399.1284422,411.6095964,61404010
3/20/2020,455.3830872,462.9657149,416.0383697,420.2882223,63360475
3/23/2020,395.4824829,424.985412,391.7247049,409.8648619,40670949
3/24/2020,422.0329285,433.9325105,400.7389302,416.0383885,45734887
3/25/2020,484.1478577,515.1494078,430.9128665,431.1589037,73130298
3/26/2020,476.9678955,499.6487095,466.2985289,490.2095588,45744488
3/27/2020,476.6994629,495.354093,468.0208212,489.8516574,41657940
3/30/2020,460.9750061,480.8151181,456.30018,465.51566,30229866
3/31/2020,498.239502,505.4194934,468.8260394,480.4348493,44292810
4/1/2020,483.3426819,503.093296,467.5734865,502.0420163,41597459
4/3/2020,482.0006104,507.4997576,472.5390929,507.4997576,41367807
4/7/2020,539.5526123,543.0866608,492.0884269,493.0278715,54373624
4/8/2020,533.3120117,549.7970117,518.9296309,527.876677,49880330
4/9/2020,545.7484131,551.4968858,533.6922623,543.0866484,33032857
4/13/2020,531.9699707,543.5340471,527.8766572,538.590787,23673784
4/15/2020,514.388916,552.9283885,511.3245453,535.5039758,35321842
4/16/2020,522.5307617,531.2094028,512.2192986,514.388929,37455706
4/17/2020,547.5601807,550.2443422,533.5356724,543.9813981,33269335
4/20/2020,556.4177856,562.3227974,537.7184224,548.4548889,36030932
4/21/2020,553.5324097,560.0860955,520.7190675,541.2972622,61371628
4/22/2020,610.0106812,619.5393292,581.5590585,590.5061044,142683366
4/23/2020,613.2763672,619.9643143,605.4029384,611.6882791,65464502
4/24/2020,633.899353,668.7705177,602.6741017,603.9937855,134986308
4/27/2020,639.6030884,659.8458059,636.5834515,641.5043147,58482901
4/28/2020,638.8874512,651.100143,622.7827186,648.6621079,78453401
4/29/2020,638.3505249,650.2948711,635.2414198,646.3805533,37494672
4/30/2020,655.8197021,668.7705946,643.3162098,650.4291012,71345899
5/4/2020,642.0411987,655.3722994,634.1006388,644.1884921,53456868
5/5/2020,653.4262695,661.6352335,647.4093927,650.3172243,44903763
5/6/2020,653.4710083,664.2969422,646.6488597,654.9248941,40489094
5/7/2020,674.1386719,677.1359714,646.4251935,650.898716,50026966
5/8/2020,698.6761475,706.7731874,687.6264818,691.1605902,84262770
5/11/2020,705.3863525,722.4752308,703.3732613,706.8178416,67085063
5/12/2020,661.7470703,701.6062909,655.3723209,700.018143,100683202
5/13/2020,675.7871704,689.583349,656.6169952,689.583349,66430125
5/14/2020,648.4656982,675.9000219,645.8013059,663.3908581,49266771
5/15/2020,659.055603,662.3522443,639.0499951,652.101044,62152260
5/18/2020,650.6334839,669.2617172,644.8756935,663.8426274,62796089
5/19/2020,636.2501221,660.0943173,633.6986696,657.9718099,42315854
5/20/2020,647.449646,653.3881034,629.0697531,636.7468652,55320985
5/21/2020,650.8592529,659.9814127,643.5208405,648.0367682,39167981
5/22/2020,646.4787598,658.4234038,644.1982199,655.623555,37828973
5/26/2020,643.0917969,654.675164,639.5919113,653.9751869,33216635
5/27/2020,652.8010254,656.6169756,637.6500451,646.2303189,35667956
5/28/2020,664.8585815,668.2455272,654.3590441,657.0685887,40126278
5/29/2020,661.3135986,664.7456964,656.0073898,662.9393134,40022527
6/1/2020,686.5803223,694.7090163,666.5295595,668.3585187,39943702
6/2/2020,693.512207,695.4541061,686.7834677,689.1317955,22153960
6/3/2020,696.1992798,704.4860063,692.4509975,697.7121144,25381289
6/4/2020,713.4274902,717.8079614,695.9056654,697.2604078,34202350
6/5/2020,714.2855835,730.6784284,710.6728172,720.2917701,33076685
6/8/2020,708.776123,730.8590896,706.7439794,730.8590896,31414953
6/9/2020,694.1670532,714.8726405,692.292942,704.6214391,25857161
6/10/2020,709.9728394,713.314633,695.476683,696.8540015,22132647
6/11/2020,694.4154663,708.0761302,691.389797,707.1955445,20385805
6/12/2020,717.4918823,719.3885696,676.0355556,677.3903578,38548899
6/15/2020,729.1204834,734.7202416,704.9827955,706.7440266,53107403
6/16/2020,730.5429077,744.4745432,715.9112354,741.9682428,51187003
6/17/2020,729.4816895,738.5586972,723.4980791,726.275352,41782053
6/18/2020,747.7937622,751.9032611,725.0786081,725.7108571,40471557
6/19/2020,794.5336914,807.8105014,750.5484912,754.1611973,105804173
6/22/2020,788.5500488,814.7650269,783.5147529,800.8559685,60198705
6/23/2020,777.1473999,796.4981856,774.9797402,790.2887548,37962078
6/24/2020,780.2858276,800.5398315,772.9926279,783.9211693,51586221
6/25/2020,775.7925415,789.8371168,773.6023059,779.9020404,39679374
6/26/2020,786.5178833,791.1919029,775.386097,780.7149416,30921913
6/29/2020,778.1633911,785.6598351,774.7312936,780.3762026,25621946
6/30/2020,769.5605469,786.2243018,765.6993849,784.4179787,30276420
7/1/2020,784.6889038,789.8370801,771.3443062,776.7408788,28464103
7/2/2020,798.1978149,801.4852041,786.7259846,790.3307848,28789533
7/3/2020,810.6897583,813.0023065,801.6664846,807.0169547,29434266
7/6/2020,839.6640015,842.4752439,812.5941219,818.4434059,47016185
7/7/2020,826.8092041,845.3545651,819.0329065,843.3821558,35189589
7/8/2020,815.2694702,832.0237061,811.6420024,827.0813187,26204095
7/9/2020,827.1719971,832.0463808,809.9416146,820.2572002,36418942
7/10/2020,851.5665894,854.5365672,827.1719444,829.0990778,43759967
7/13/2020,877.3894653,883.1480176,861.5193399,863.0383307,69608392
7/14/2020,869.2277832,880.4275379,855.7608761,876.9361375,67331128
7/15/2020,836.1272583,897.2498215,815.2694682,878.7271276,139669773
7/16/2020,835.8552246,847.4630615,821.8215,837.4875551,60961724
7/17/2020,866.8245239,870.587999,833.4066071,836.5806562,49726765
7/20/2020,870.5426636,876.029201,861.3607146,869.5904908,36592938
7/21/2020,893.9623413,896.4335648,878.0696082,879.2031843,42173371
7/22/2020,908.6763306,911.3969015,889.042728,899.1542423,59771457
7/23/2020,933.0708008,943.0009105,902.940273,908.6534893,58333751
7/24/2020,973.1314087,980.771698,933.0707725,933.1614442,120597372
7/27/2020,977.6884155,997.0046048,964.8563318,987.9359961,80304827
7/28/2020,987.4373169,994.8282604,975.1719896,977.6885492,55114422
7/29/2020,950.6865845,989.7496529,938.8066737,987.5278966,72663399
7/30/2020,956.2185059,970.206834,939.509547,951.7522051,72857444
7/31/2020,937.2877197,965.3551074,930.803674,958.78039,74958061
8/3/2020,910.9434204,932.7081064,908.2681255,930.1235432,46715383
8/4/2020,975.149231,982.5855096,906.9758674,916.2032119,92041055
8/5/2020,964.1989136,995.735035,960.5034421,983.4924364,74549993
8/6/2020,967.6676636,982.9029684,955.7424157,978.0512527,49322975
8/7/2020,973.2675171,978.4139757,961.3649974,965.7178986,32984416
8/10/2020,961.2062378,981.678672,955.878436,979.0034371,26958997
8/11/2020,967.5316162,979.4115278,952.3643158,967.9850347,46828306
8/12/2020,964.7203369,972.6100942,955.2889808,961.727691,30264617
8/13/2020,962.2037964,969.8440863,956.7399271,964.9016992,24830322
8/14/2020,958.4629517,978.0511559,947.3312022,962.430438,33224635
8/17/2020,948.2835693,954.4728728,938.6481413,954.4728728,30979066
8/18/2020,960.6168213,967.758357,944.2026051,945.404185,30547672
8/19/2020,966.5114136,976.6909913,961.8864371,970.7963711,34087543
8/20/2020,950.867981,963.0426354,946.764427,961.2742374,22537845
8/21/2020,943.9758911,962.1811737,941.7767425,960.3674398,25280895
8/24/2020,950.2785645,954.246051,938.8294034,948.3061552,32717218
8/25/2020,944.0892334,957.3294607,942.2301637,954.9262409,19388008
8/26/2020,969.1186523,973.9477001,928.1738419,945.404224,59870421
8/27/2020,957.012085,974.8772894,953.6793601,973.9703924,28085062
8/28/2020,959.5285645,967.1235185,955.0395958,961.2742345,27166900
8/31/2020,943.4544678,985.759593,934.2271229,985.759593,62076132
9/1/2020,946.4244385,962.3625086,935.1566206,952.2056589,38616258
9/2/2020,964.9923706,969.4360034,945.4041656,948.5781548,26949439
9/3/2020,957.6921997,969.7761229,953.5659776,964.9017394,18586429
9/4/2020,941.8900146,950.8226159,939.6001945,944.7466528,28475945
9/7/2020,944.338623,954.8128835,926.9268381,944.950777,21926473
9/8/2020,955.4250488,961.7276916,943.3637336,948.578196,27397082
9/9/2020,980.0236816,982.9483239,943.7945187,945.4042413,55310877
9/10/2020,1049.23999,1063.273715,986.3716978,989.8858259,140304404
9/11/2020,1051.847168,1060.054276,1037.042734,1048.33316,59470807
9/14/2020,1044.048096,1070.097738,1034.73002,1054.227672,44063445
9/15/2020,1051.439209,1054.567863,1037.518823,1048.310555,27178393
9/16/2020,1054.023682,1074.337382,1047.675703,1051.960541,33952295
9/17/2020,1042.325195,1058.172594,1039.196422,1051.960503,25828669
9/18/2020,1045.47644,1051.711079,1032.258882,1049.353255,33074915
9/21/2020,1022.872803,1059.215238,1019.018536,1042.891696,33627381
9/22/2020,1002.604553,1032.462948,998.251592,1032.462948,34792254
9/23/2020,1011.514343,1032.349523,999.9519033,1024.754569,42988708
9/24/2020,989.024353,1009.337993,986.6891368,1001.130945,29826318
9/25/2020,998.3196411,1003.35276,982.7216491,992.5610883,28374935
9/28/2020,1004.917053,1014.77922,1000.745495,1009.791437,19666849
9/29/2020,1017.97583,1026.568293,1004.917007,1008.884553,25842539
9/30/2020,1013.124207,1027.92864,1008.884585,1024.754651,24465159
10/1/2020,1008.997925,1026.477654,1003.896802,1026.477654,20783227
10/5/2020,1003.080566,1019.834801,1000.269324,1017.499645,18922799
10/6/2020,1002.24176,1012.920032,998.2968818,1008.997881,18412175
10/7/2020,1023.621094,1046.972774,1006.617392,1013.418849,53170865
10/8/2020,1015.346008,1028.382225,1007.56971,1024.301279,21077808
10/9/2020,1012.716064,1021.580662,1005.302454,1013.41889,18545499
10/12/2020,1014.348328,1022.82745,1009.451337,1013.418823,14226473
10/13/2020,1034.140869,1036.43069,1009.270074,1011.423887,23112012
10/14/2020,1037.224121,1044.705736,1028.60887,1033.324638,26742011
10/15/2020,1000.496094,1038.357586,995.2816313,1038.357586,20036197
10/16/2020,986.5757446,1012.28525,985.1474255,1004.350276,21583600
10/19/2020,986.7571411,1010.562302,977.2124449,993.0371762,31200385
10/20/2020,977.5524292,994.3747275,975.8973709,988.0266893,18482288
10/21/2020,963.3601685,993.921452,951.1855125,983.0391077,34082321
10/22/2020,955.3569336,966.9421018,948.1247264,964.6296138,30802210
10/23/2020,958.1229858,968.0757646,950.5733671,954.9262685,23422125
10/26/2020,920.057373,953.0898169,915.2509934,953.0898169,37324416
10/27/2020,922.5059204,934.0003573,909.1296859,922.6872638,36478896
10/28/2020,912.0543213,933.0255098,910.2179196,925.8159104,29924017
10/29/2020,919.0597534,925.9066058,902.7816056,905.5021762,30655304
10/30/2020,931.574585,936.3809649,916.7473626,922.0524968,34021563
11/2/2020,851.2945557,919.1051762,842.9967755,919.1051762,99366895
11/3/2020,839.0291748,865.6002399,832.0917105,856.9850494,88691623
11/4/2020,867.5046997,874.6689636,832.9532637,832.9532637,80180117
11/5/2020,886.4581299,889.1560328,876.0292051,886.435462,37205373
11/6/2020,920.0800171,924.9997363,896.9550162,902.3282138,66674086
11/9/2020,929.8515015,938.1492815,923.1860519,935.0206281,35838510
11/10/2020,945.2000732,947.6712967,925.5438649,941.776677,36934242
11/11/2020,905.5928955,949.9384928,896.9323689,947.2179221,56724780
11/12/2020,897.7938843,910.6940326,890.9924273,898.2473627,40046527
11/13/2020,905.2301025,923.4807196,898.5873814,898.700721,45388670
11/14/2020,907.9053345,913.7999541,904.7540133,913.6186107,5226220
11/17/2020,903.8018188,945.404177,900.0610116,945.404177,46542562
11/18/2020,901.0586548,909.8099137,888.7706597,903.8018937,30402290
11/19/2020,894.6879272,911.6008986,892.4434428,901.0586339,27796343
11/20/2020,861.2927246,899.5169641,859.2522515,895.5267495,57471248
11/23/2020,884.5083008,893.2594984,873.4218873,884.6443083,45327567
11/24/2020,890.5617065,895.0733434,876.0292272,890.5390386,30936268
11/25/2020,883.1933594,903.6657932,880.6541921,897.7938413,32637879
11/26/2020,885.3699341,890.9924794,875.14508,885.5740054,25838637
11/27/2020,875.0316162,886.9568637,871.2228051,879.8833317,47336811
12/1/2020,886.4127197,891.5591779,875.1449627,879.8152745,19750687
12/2/2020,887.8864136,889.6321436,877.3894854,888.045089,22188887
12/3/2020,890.5617065,898.2927287,888.1131508,894.1665065,27785372
12/4/2020,882.7173462,892.8061924,879.6566964,892.8061924,18464552
12/7/2020,887.9090576,890.992375,879.9286891,879.9286891,18242188
12/8/2020,904.0285034,913.3238512,884.1908922,889.2466787,43403061
12/9/2020,919.0825195,922.1885651,906.5225095,911.3742253,29175254
12/10/2020,910.036438,919.7852039,907.3158675,916.6565508,16065507
12/11/2020,909.4924316,924.0929139,895.1866324,912.7570925,26944202
12/14/2020,902.9176636,913.6639991,900.6731792,910.467282,17312747
12/15/2020,895.2319946,902.1921267,889.2239753,902.1921267,18551265
12/16/2020,896.2295532,904.5727289,891.3098339,901.4213476,18561011
12/17/2020,900.3331299,909.1297243,896.5016508,899.8343755,20252358
12/18/2020,903.0310059,909.0843613,890.9924187,897.8392714,18466344
12/21/2020,879.5205688,916.8379694,841.2283276,911.396828,44135540
12/22/2020,878.1602783,888.2264555,856.2821939,883.7374871,28140001
12/23/2020,881.4023438,884.8484079,870.882688,875.1223094,19501410
12/24/2020,904.210022,906.3184389,882.3319351,882.8306895,20776988
12/28/2020,908.3588867,915.0243363,904.731419,909.9005455,17221499
12/29/2020,902.3508911,912.4397367,898.9501027,910.9434138,18611939
12/30/2020,904.8220215,910.1271552,895.7760807,904.7086819,22043630
12/31/2020,900.1970215,912.2582756,897.15904,903.9151606,18781189
1/1/2021,901.1947021,905.5022677,898.7008105,901.4213814,10015175
1/4/2021,902.713623,906.3636986,892.3527026,904.6406964,24513534
1/5/2021,891.4912109,899.4262438,886.9115106,892.8061305,24123091
1/6/2021,867.9807739,891.4457932,863.8545521,891.4004574,46401468
1/7/2021,866.5751953,881.9238398,863.8546244,870.8147571,32325918
1/8/2021,876.7999878,878.9311325,867.0058853,869.6811202,27540187
1/11/2021,860.2723999,879.1124427,858.1185874,879.1124427,33307825
1/12/2021,887.3876953,888.7252828,861.4740587,862.87971,41161546
1/13/2021,879.1125488,895.504098,869.8852637,890.3349713,26619458
1/14/2021,888.9973755,891.8540139,879.2259402,881.9238432,21553242
1/15/2021,878.5004272,894.9826476,870.6107299,888.9973558,20593268
1/18/2021,899.5849609,905.502249,872.1070575,883.7828982,35100458
1/19/2021,914.2988281,920.9188817,904.4366615,904.4366615,32006615
1/20/2021,931.6652222,933.1615451,907.4973159,916.5659852,30924537
1/21/2021,951.9335327,961.2742166,940.8698467,944.0438358,39087742
1/22/2021,929.3527222,959.165841,922.8006124,957.1933717,30532660
1/25/2021,880.1100464,922.7099125,876.0291604,922.7099125,54207104
1/27/2021,859.2522583,872.8552327,856.0782689,872.8552327,42370131
1/28/2021,850.8864746,872.0844035,847.9164966,852.5188051,34067814
1/29/2021,835.1977539,867.4593698,829.7792201,858.9348504,43712383
2/1/2021,859.3883667,863.7866042,837.9410296,843.1101565,34180952
2/2/2021,873.2179565,879.6566668,841.0923491,867.9808262,41470034
2/3/2021,875.4170532,885.097756,861.519337,874.3514809,30301696
2/4/2021,872.5377197,879.656587,863.7864621,872.4016522,25626981
2/5/2021,872.2883911,881.7651431,870.5880568,875.1450294,20248046
2/8/2021,884.8485107,892.8062123,874.6916605,876.5053345,21183400
2/9/2021,886.9795532,902.1468541,885.2338831,889.6095123,19604141
2/10/2021,895.2093506,899.9477267,873.8980819,885.8913938,21234156
2/11/2021,932.1186523,935.9728593,894.2798278,897.793896,42539278
2/12/2021,925.7252808,942.2301692,913.8453687,932.0279835,30497029
2/15/2021,921.6444092,934.6578976,918.1983447,928.6499377,15791099
2/16/2021,933.8417358,942.8650097,922.732653,924.8864658,21421660
2/17/2021,944.6107178,950.3692704,929.8061637,934.0683933,23742994
2/18/2021,937.5598755,956.0145058,933.6603326,945.4042372,18646877
2/19/2021,943.2730713,954.4501576,931.0304125,932.7081389,23403483
2/22/2021,910.5352783,947.6260001,904.5727146,943.1370314,23804335
2/23/2021,917.4954834,930.8490501,913.0291825,928.6272337,25644108
2/24/2021,934.5218506,936.4489241,918.7197282,920.4654583,10807663
2/25/2021,972.3153687,975.784101,939.9630214,941.3233368,34855693
2/26/2021,945.7669067,967.576928,938.9200542,959.9139703,37481215
3/1/2021,952.9764404,957.6468124,935.2019095,956.8305872,17680764
3/2/2021,954.9261475,965.8084897,947.26319,962.1810823,17150760
3/3/2021,998.5009766,1006.572077,955.4703591,961.7503937,31924461
3/4/2021,986.5983887,992.9917629,978.3686128,988.4801263,21435754
3/5/2021,987.890625,1002.967253,976.2601209,977.5977683,25511666
3/8/2021,993.5133057,1012.013272,983.0390448,983.265724,19506841
3/9/2021,993.4905396,1003.806125,973.3355759,997.5487578,15154484
3/10/2021,989.3643188,1004.395612,984.0591848,1000.722808,11519358
3/12/2021,969.2546997,1000.450742,963.0426687,995.2816158,16864952
3/15/2021,956.2412109,974.3784296,943.3637305,970.3656072,16698099
3/16/2021,952.4776611,963.9948253,950.1651731,958.5536241,13873801
3/17/2021,931.9599609,953.5659718,922.777952,951.3214874,19210236
3/18/2021,910.9887695,945.3135252,907.315966,939.9176595,20647480
3/19/2021,944.0438843,950.323919,899.0635245,902.7816639,41787429
3/22/2021,935.1565552,940.416353,921.9163889,939.0560977,18572478
3/23/2021,946.5377197,956.6038971,932.2546489,934.9525516,17421165
3/24/2021,928.3098145,943.0236365,925.1811611,943.0236365,16822814
3/25/2021,902.9855957,931.3477252,900.0609539,931.3477252,22001648
3/26/2021,904.4366455,913.0745041,894.9372858,912.3036747,20180202
3/30/2021,920.1481323,929.035399,903.0310888,910.4900362,20441701
3/31/2021,908.2681274,929.4887233,906.4090578,915.0243084,16250796
4/1/2021,916.7700195,920.4654911,908.290836,915.0243494,11723312
4/5/2021,903.5071411,918.1982951,889.6774882,918.1756272,14875099
4/6/2021,899.7436523,909.1070043,892.8061281,908.6762538,14009194
4/7/2021,908.1547852,928.1284652,903.8245519,906.8625335,24266353
4/8/2021,909.2884521,916.8380712,903.6885746,911.8503477,15369188
4/9/2021,898.7234497,909.7418005,897.7938849,906.1597286,14037885
4/12/2021,866.5751953,889.3601188,861.6328079,888.2718785,20901482
4/13/2021,875.9385376,879.9287521,869.6131669,872.4017415,19411189
4/15/2021,881.6064453,889.178732,867.4140447,873.4446726,19723716
4/16/2021,876.0745239,884.1456245,873.5126286,878.114997,15656948
4/19/2021,862.2902222,868.9556717,856.9850881,863.3331266,18478808
4/20/2021,862.0408325,870.1345408,857.1891171,866.280394,17203668
4/22/2021,864.4213257,868.0714612,850.9544198,858.0052836,14490954
4/23/2021,863.4918823,870.0892682,859.410996,864.2400438,11828857
4/26/2021,878.6817627,889.6321696,866.7338471,870.5880541,20846778
4/27/2021,901.7161255,905.5929405,878.863198,879.6566953,19992524
4/28/2021,905.6381836,910.4898989,897.8618864,905.8875907,17122437
4/29/2021,917.7675781,927.0402589,910.1726237,917.2460959,17412606
4/30/2021,904.3687134,923.1860908,901.2173918,910.7167523,19828769
5/3/2021,888.2945557,897.3404974,881.0623479,891.4458771,23640186
5/4/2021,869.0462646,892.2619962,866.5070974,884.1908962,21849830
5/5/2021,870.6333618,878.9764773,865.1694925,872.1070168,12393609
5/6/2021,875.5757446,877.3894784,864.5119985,871.4268548,14624666
5/7/2021,875.9157715,886.7527778,873.3085406,878.636342,12288548
5/10/2021,873.399353,882.740038,871.0188609,879.2033017,13941237
5/11/2021,876.5506592,878.9991549,866.053671,868.3208832,13478264
5/12/2021,867.4819946,876.4372642,864.6934201,875.1676805,13177961
5/14/2021,878.4324341,880.5635189,864.2400338,874.2381482,13291616
5/17/2021,888.8839722,890.2895634,875.3036667,878.43238,11873078
5/18/2021,901.3987427,908.0415246,894.3932139,898.2474211,12064918
5/19/2021,905.5249023,914.3214965,894.1664728,897.7938805,16317002
5/20/2021,900.2424316,911.8049324,898.2473544,905.9103124,11422532
5/21/2021,908.0187988,911.215456,900.5145162,903.235087,10785605
5/24/2021,900.3557739,911.3061808,898.7007755,910.4899556,8551760
5/25/2021,890.1535645,905.502208,888.7252453,905.230133,14780102
5/26/2021,893.2822266,897.567184,891.1284739,895.5267109,7480204
5/27/2021,896.0255127,903.6884705,889.7454782,893.3956137,26819294
5/28/2021,949.8478394,954.4728157,902.3282519,902.3282519,56469931
5/31/2021,979.5475464,993.7852821,945.4268621,953.112488,59124142
6/1/2021,983.4471436,998.4557095,973.2902335,982.132164,28013832
6/2/2021,998.1156006,1001.856408,978.0512481,978.0512481,24630162
6/3/2021,1001.924316,1020.220269,995.7803497,1007.070715,23974257
6/4/2021,993.2411499,1005.007662,990.4071796,1004.2595,14468646
6/7/2021,1009.972717,1016.592831,990.7472593,998.4556128,16336573
6/8/2021,1004.168884,1009.859433,996.7099375,1009.610086,9674735
6/9/2021,986.2130127,1007.070802,978.4819908,1006.163965,11409161
6/10/2021,989.8404541,1011.151722,987.3692305,994.5561021,14155653
6/11/2021,1007.009827,1013.766814,991.9716856,993.2457555,13762778
6/14/2021,1021.456421,1027.530819,998.7740423,1007.851579,20332436
6/15/2021,1023.7771,1035.106887,1019.363469,1028.782271,15174215
6/16/2021,1006.304565,1022.434741,1003.688245,1021.456502,10797349
6/17/2021,1008.1474,1016.951914,991.8807423,1001.026461,15745975
6/18/2021,1012.697449,1016.95185,993.9054594,1012.629208,29369026
6/21/2021,1017.975586,1022.639433,1001.094701,1002.618988,12186448
6/22/2021,1012.743042,1028.782291,1009.830951,1025.597116,12871913
6/23/2021,1003.460754,1024.049994,1001.799926,1023.77703,16653951
6/24/2021,979.8683472,1007.669572,973.725708,1004.143254,91461975
6/25/2021,957.5499878,979.8683558,946.9254774,979.8683558,55355022
6/28/2021,949.1550903,967.5830691,946.8800342,965.5355426,20277042
6/29/2021,949.9741211,959.620393,948.290606,950.7476378,27144063
6/30/2021,960.3710938,965.8312041,951.4528453,953.8188891,19762858
7/1/2021,954.5924683,966.0587362,953.2501575,963.7154393,12534407
7/2/2021,968.7433472,970.4951633,952.3174009,954.1602048,14086620
7/5/2021,978.3668823,979.8911687,969.8581386,972.1104478,11702287
7/6/2021,966.8095093,977.7752841,964.716489,975.9780344,10070124
7/7/2021,960.0981445,968.1518892,954.6152868,968.1518892,10454892
7/8/2021,952.1581421,963.2377121,946.8800072,963.2377121,11185460
7/9/2021,942.4208374,951.7485909,940.1002875,950.0650158,9037675
7/12/2021,948.2905273,956.2077294,943.922391,946.3111817,8585292
7/13/2021,955.3887329,956.9130192,950.087791,955.5252146,6717133
7/14/2021,949.1550903,958.6420732,946.993769,955.6844882,8532544
7/15/2021,947.4943237,953.2502049,945.7425076,953.2502049,9448356
7/16/2021,961.1674194,962.2367067,949.8831264,949.9513673,8828185
7/19/2021,955.0475464,966.4455744,951.9989735,955.5252925,8354449
7/20/2021,952.7041016,959.1653184,948.2450375,955.297675,6741464
7/22/2021,964.9439697,966.4000152,954.6834705,964.1704531,7972397
7/23/2021,958.1188354,971.2004383,956.4580072,971.2004383,9937030
7/26/2021,944.9917603,965.0805076,942.3754396,959.1653976,12389668
7/27/2021,935.0496826,948.1085383,929.1345729,944.9689778,10824523
7/28/2021,927.0187378,936.4147327,917.4179602,936.4147327,12897848
7/29/2021,934.253418,943.8769426,929.7715466,934.5946824,13765738
7/30/2021,926.0860596,940.942166,924.1749546,936.4148005,11350608
8/2/2021,943.0124512,946.1520118,928.7478264,934.7312372,10925104
8/3/2021,949.9512939,951.4300864,939.2357959,950.9750872,11817299
8/4/2021,957.2315674,961.8954143,949.6100753,952.9771655,13169800
8/5/2021,971.109436,980.4598769,957.4590392,962.0318984,21252078
8/6/2021,950.5429077,976.8880893,945.8562535,969.1528623,16620987
8/9/2021,945.1281738,950.8841149,940.2822913,946.8799898,7494143
8/10/2021,950.0877686,961.4403616,943.5811181,947.3349665,11919198
8/11/2021,963.3969116,964.6254274,947.9720127,954.1373988,9184963
8/12/2021,960.3029175,967.4466035,957.8003316,966.8550624,8137612
8/13/2021,976.2965088,978.2303606,959.5975997,963.3969421,12780901
8/16/2021,988.968689,1002.391557,968.3338938,977.980166,21935444
8/17/2021,984.7598267,994.2923038,977.297623,986.8529073,12658169
8/18/2021,988.5818481,995.020258,979.4588769,989.1961362,10075860
8/20/2021,977.4796753,988.2861625,972.3607686,975.0908241,9426282
8/23/2021,983.8953247,989.1962069,970.2221802,989.1962069,9854395
8/24/2021,993.6098022,997.3863979,980.8239097,985.1238055,11864472
8/25/2021,1002.209473,1010.126735,991.97172,994.383318,13380559
8/26/2021,1014.88147,1021.456421,1003.301407,1004.666465,18589616
8/27/2021,1013.493774,1020.478292,1008.329434,1017.861911,10480636
8/30/2021,1032.990967,1035.539107,1017.770851,1023.777008,14027062
8/31/2021,1027.485474,1039.133718,1020.250739,1036.016904,26485463
9/1/2021,1031.557739,1043.297092,1029.692249,1034.242361,11145486
9/2/2021,1043.979614,1050.07676,1026.052128,1026.052128,9956770
9/3/2021,1086.796265,1089.75385,1047.66525,1051.077774,30664428
9/6/2021,1103.677246,1128.4299,1097.488992,1097.944052,33641710
9/7/2021,1110.638916,1118.419577,1097.489012,1105.679238,17349882
9/8/2021,1106.293457,1116.59951,1095.054658,1115.689512,14301651
9/9/2021,1103.677246,1109.251092,1099.354603,1104.723726,8963249
9/13/2021,1079.083862,1107.044319,1077.491335,1107.044319,16311160
9/14/2021,1077.673218,1089.298714,1076.558377,1080.65355,8908356
9/15/2021,1082.155029,1090.094918,1077.695905,1077.695905,9071075
9/16/2021,1104.860107,1108.750437,1077.013389,1083.633834,13448882
9/17/2021,1087.729126,1117.441462,1080.926704,1112.95959,34882133
9/20/2021,1089.458008,1100.378228,1078.378438,1079.333931,11779819
9/21/2021,1094.16748,1099.582097,1084.748678,1094.303962,9915736
9/22/2021,1105.90686,1111.139381,1091.232669,1095.669047,10995912
9/23/2021,1132.934448,1136.164996,1112.731907,1113.596412,15748397
9/24/2021,1129.658325,1140.009873,1124.789756,1139.145368,15192163
9/27/2021,1148.655151,1151.135051,1126.291407,1131.615036,15373834
9/28/2021,1159.393433,1167.060359,1143.354184,1153.000456,18035258
9/29/2021,1150.202271,1169.38096,1146.653144,1169.38096,9719875
9/30/2021,1146.28894,1153.273457,1137.68927,1148.905321,13590654
10/1/2021,1148.313843,1155.639564,1135.255047,1138.417355,8958928
10/4/2021,1163.078979,1171.587663,1154.3882,1161.645681,10918552
10/5/2021,1187.217407,1188.491477,1159.074855,1162.601235,13533634
10/6/2021,1164.762573,1192.108741,1160.781255,1192.108741,10258881
10/7/2021,1170.4729,1182.462468,1168.334326,1180.756086,6336665
10/8/2021,1215.450928,1221.434339,1174.613532,1176.319794,15772493
10/11/2021,1206.987671,1237.632749,1203.666135,1229.169559,14768666
10/12/2021,1213.881104,1220.79738,1201.800546,1203.506929,6682011
10/13/2021,1226.234741,1237.4053,1214.563629,1218.97726,9959762
10/14/2021,1228.714478,1236.472512,1222.70832,1228.691731,8623469
10/18/2021,1231.990601,1249.007967,1211.378494,1214.245091,13594479
10/19/2021,1243.024536,1251.897291,1232.172556,1239.361675,8833409
10/20/2021,1228.714478,1247.984274,1224.664918,1247.984274,12710570
10/21/2021,1193.269043,1241.272811,1184.487276,1240.999848,20831669
10/22/2021,1195.498535,1212.561515,1188.263802,1192.131385,11027475
10/25/2021,1183.850098,1219.432101,1169.380752,1219.432101,17198417
10/26/2021,1210.809692,1214.381565,1184.464512,1190.811994,9750178
10/27/2021,1195.498535,1217.976132,1192.108638,1206.69184,9896298
10/28/2021,1182.394043,1200.298779,1178.708556,1192.131301,9886181
10/29/2021,1154.024292,1181.279472,1138.303622,1181.279472,14233025
11/1/2021,1154.729614,1163.010828,1134.845529,1154.024338,15481114
11/2/2021,1137.894043,1159.370654,1135.36877,1158.005597,10569130
11/3/2021,1130.067993,1146.630422,1119.784686,1140.282939,11989430
11/4/2021,1137.006714,1139.759576,1132.979902,1134.322092,1705656
11/8/2021,1138.417358,1146.630331,1117.691516,1146.357248,20337183
11/9/2021,1147.403931,1150.679973,1131.637765,1139.805245,15682497
11/10/2021,1160.235229,1163.920837,1139.190929,1145.128846,10253470
11/11/2021,1162.351074,1169.608435,1153.705788,1155.753375,10722478
11/12/2021,1179.891602,1182.462488,1163.465656,1166.150278,8712341
11/15/2021,1172.929932,1184.032248,1169.380806,1183.031142,4803269
11/16/2021,1145.674805,1171.655914,1135.255017,1170.313603,11337581
11/17/2021,1121.149658,1137.052304,1119.7846,1137.052304,10202029
11/18/2021,1125.381226,1132.524972,1114.802208,1119.329574,8505625
11/22/2021,1075.53479,1114.324603,1069.733354,1108.454927,24124307
11/23/2021,1085.590454,1092.597719,1050.622853,1061.565822,25326999
11/24/2021,1069.915283,1096.533426,1066.34341,1082.928584,16820296
11/25/2021,1134.322144,1138.440064,1072.531559,1079.743546,42401936
11/26/2021,1097.761963,1127.33769,1092.711298,1122.878566,15763138
11/29/2021,1110.911865,1137.530131,1091.619322,1109.819891,24325354
11/30/2021,1094.485962,1126.564339,1086.955517,1122.969719,32172299
12/1/2021,1122.514771,1125.699825,1103.449696,1107.044316,10104610
12/2/2021,1129.726685,1135.801084,1120.057665,1123.743273,12720411
12/3/2021,1095.782593,1136.847454,1092.028745,1136.80196,19222481
12/6/2021,1075.011353,1103.40412,1072.531574,1099.309067,10332254
12/7/2021,1083.770264,1093.848726,1073.828283,1081.176751,11235122
12/8/2021,1100.264648,1106.498276,1094.895525,1102.994764,8744178
12/9/2021,1117.714233,1126.109182,1103.404115,1107.954227,13213547
12/10/2021,1118.851929,1122.05973,1105.838506,1110.343124,8364414
12/13/2021,1096.419678,1125.745189,1093.848791,1125.472226,12901733
12/14/2021,1082.996948,1094.759048,1079.925628,1082.928707,12991523
12/15/2021,1079.834717,1094.304066,1074.328991,1084.748781,9366969
12/16/2021,1093.803345,1099.08148,1077.764217,1094.622355,9761279
12/17/2021,1064.932983,1095.66905,1055.627915,1091.141685,21049821
12/20/2021,1036.221558,1054.649474,1022.457368,1054.649474,14325846
12/21/2021,1051.646484,1067.458142,1042.978573,1051.691978,12836561
12/22/2021,1076.604004,1079.243132,1056.538062,1057.857506,17658543
12/23/2021,1076.217041,1082.928474,1072.940999,1080.198359,9072401
12/24/2021,1079.652588,1088.388741,1063.61334,1078.378518,7886494
12/27/2021,1078.492188,1082.018566,1068.413724,1074.533617,4017223
12/28/2021,1091.300781,1094.235619,1079.766273,1080.926487,6374613
12/29/2021,1093.166382,1100.674079,1083.884062,1087.933741,15425312
12/30/2021,1073.418823,1094.281146,1067.276184,1092.028837,29333171
12/31/2021,1077.536743,1084.703116,1073.828389,1079.743558,9477290
1/3/2022,1093.78064,1095.646251,1075.443709,1076.103491,5421611
1/4/2022,1118.465088,1119.784652,1093.848914,1099.263652,10847728
1/5/2022,1123.697632,1127.064782,1107.02147,1120.239614,11643813
1/6/2022,1099.536621,1116.599603,1096.123977,1115.325533,14447422
1/7/2022,1108.409424,1118.442395,1097.284359,1106.111621,13112115
1/10/2022,1109.319336,1117.964622,1099.33186,1115.689565,9246731
1/11/2022,1117.304932,1126.132073,1107.954369,1108.409429,16205164
1/12/2022,1147.130737,1148.882614,1121.604567,1124.471164,14800442
1/13/2022,1153.592041,1156.185675,1141.352255,1147.199185,11856712
1/14/2022,1155.275391,1168.15221,1149.29198,1153.455394,19930176
1/17/2022,1161.304321,1167.105756,1154.365419,1154.820478,8036453
1/18/2022,1147.449219,1165.899882,1144.696357,1162.441865,6215029
1/19/2022,1147.358398,1156.640599,1141.625204,1151.180488,9755485
1/20/2022,1127.269653,1142.05758,1117.054587,1137.552961,16494486
1/21/2022,1127.451538,1138.553855,1115.689559,1115.689559,13338594
1/24/2022,1081.973022,1139.691297,1071.598729,1126.154576,21868937
1/25/2022,1079.8573,1086.864444,1048.802658,1069.07344,24510205
1/27/2022,1063.863525,1072.053751,1051.5555,1062.908033,20020431
1/28/2022,1062.839844,1081.06304,1059.450067,1076.103482,14667727
1/31/2022,1085.931763,1094.941,1072.099329,1073.919447,12143683
2/1/2022,1082.337158,1101.402113,1067.958798,1095.669038,13200509
2/2/2022,1084.543945,1095.21395,1080.699109,1095.21395,10017691
2/3/2022,1070.529419,1092.688558,1068.004147,1088.388662,9572839
2/4/2022,1060.769531,1068.573059,1056.128431,1065.183162,11061241
2/7/2022,1054.308472,1072.37244,1048.802746,1065.638259,10714467
2/8/2022,1072.031006,1073.828376,1051.077695,1060.47375,12060849
2/9/2022,1084.521118,1086.204633,1072.918369,1078.901659,11486225
2/10/2022,1083.406372,1090.072191,1076.148892,1090.072191,12464491
2/11/2022,1081.290649,1084.976257,1066.593712,1079.857351,15943370
2/14/2022,1064.068359,1071.530562,1052.442742,1064.841876,10719633
2/15/2022,1100.196167,1102.903535,1062.771422,1069.824058,11212671
2/16/2022,1097.921265,1107.044236,1090.186098,1105.679178,10392840
2/17/2022,1111.821899,1117.009047,1096.579035,1101.174641,12853252
2/18/2022,1103.131226,1117.691561,1101.197374,1112.23145,6775458
2/21/2022,1091.983398,1109.091874,1085.021748,1097.489003,11107193
2/22/2022,1087.023682,1090.163363,1067.981475,1070.597736,13494914
2/23/2022,1080.221313,1095.009239,1077.468571,1092.52946,7310110
2/24/2022,1026.393433,1064.682813,1020.774093,1048.802792,24846650
2/25/2022,1039.224854,1050.145076,1035.721221,1037.472977,14570089
2/28/2022,1073.623657,1077.172784,1020.592086,1020.592086,21297446
3/2/2022,1091.369141,1092.483982,1059.814064,1062.202855,21471786
3/3/2022,1082.155029,1098.785697,1078.401181,1092.02877,10186748
3/4/2022,1058.153198,1075.784852,1055.787154,1070.643199,10805667
3/7/2022,1019.022217,1052.033337,1011.036713,1036.835847,17983310
3/8/2022,1017.179443,1021.957146,991.9262943,1006.259161,21289374
3/9/2022,1071.143799,1077.013475,1016.565078,1017.406956,20414228
3/10/2022,1088.502441,1094.303876,1073.828372,1092.02882,17980493
3/11/2022,1091.64209,1097.03408,1081.131313,1081.131313,12257423
3/14/2022,1100.605713,1103.131106,1080.19845,1086.068126,8340678
3/15/2022,1075.398071,1104.746328,1065.114766,1104.746328,15925769
3/16/2022,1093.553101,1095.623434,1081.609026,1083.838589,11149828
3/17/2022,1129.203369,1136.346995,1098.899497,1106.930494,21422098
3/21/2022,1122.696655,1130.249846,1109.774342,1112.049398,11999466
3/22/2022,1151.703857,1153.432867,1116.417677,1119.375142,22557065
3/23/2022,1155.366455,1167.037566,1147.99536,1147.99536,15462187
3/24/2022,1173.31665,1175.819296,1142.080154,1142.080154,13168266
3/25/2022,1181.142944,1190.311409,1172.5659,1175.068546,14222488
3/28/2022,1193.018799,1196.567804,1176.888563,1187.581315,9891424
3/29/2022,1193.291748,1200.321639,1186.398339,1200.321639,8684065
3/30/2022,1216.224487,1223.072403,1190.812051,1201.186345,15811550
3/31/2022,1198.842896,1214.745662,1196.04466,1212.58434,13223718
4/1/2022,1208.443604,1212.675258,1193.041512,1199.41162,7922880
4/4/2022,1212.015625,1217.157279,1201.982654,1208.261776,7929162
4/5/2022,1194.884277,1214.836602,1192.449993,1206.282305,13149870
4/6/2022,1191.699341,1198.729232,1177.161752,1177.161752,12257215
4/7/2022,1170.677856,1185.761494,1168.015981,1180.801815,15496499
4/8/2022,1190.1521,1194.406501,1164.830654,1164.830654,15152495
4/11/2022,1187.672485,1200.572053,1175.296098,1183.031265,9254209
4/12/2022,1165.308594,1184.214319,1162.737707,1177.116066,13217742
4/13/2022,1161.031372,1179.664132,1158.233016,1171.428413,10354235
4/18/2022,1157.4823,1164.739781,1147.44933,1152.545489,9974224
4/19/2022,1201.595825,1213.972213,1160.758547,1163.920855,26141820
4/20/2022,1236.92749,1244.002996,1205.372413,1209.012527,25072240
4/21/2022,1265.889038,1269.028599,1243.092862,1251.692654,21708633
4/22/2022,1255.287231,1274.943726,1248.644039,1255.332725,15054154
4/25/2022,1226.257446,1255.105154,1211.992821,1247.825046,17063215
4/26/2022,1262.954102,1271.758615,1232.036062,1233.082542,12227666
4/27/2022,1264.182617,1286.773948,1253.580734,1253.944805,19338945
4/28/2022,1283.065796,1297.239434,1267.709076,1278.561177,25614076
4/29/2022,1269.597534,1299.582834,1263.70511,1299.582834,18214862
5/2/2022,1265.138306,1276.536334,1254.945986,1256.743356,9467006
5/4/2022,1225.643188,1269.483665,1217.748793,1267.208609,19247660
5/5/2022,1201.641113,1242.182674,1197.591555,1239.225089,17210669
5/6/2022,1192.427246,1209.876925,1180.096353,1188.58241,19649948
5/9/2022,1145.856689,1181.711657,1140.715037,1171.633074,18083752
5/10/2022,1125.995361,1149.633292,1118.419424,1135.254934,19511677
5/11/2022,1114.46106,1130.682284,1102.016431,1125.085571,16643899
5/12/2022,1091.755859,1107.885974,1078.378487,1104.541691,20490321
5/13/2022,1104.132202,1127.519799,1099.013296,1103.859239,19308778
5/16/2022,1104.405273,1128.884844,1099.604824,1107.704063,13437911
5/17/2022,1150.793457,1155.684893,1106.589038,1107.999589,16551828
5/18/2022,1154.979736,1169.380842,1141.283906,1155.571277,17276788
5/19/2022,1128.361572,1143.217739,1122.082451,1130.24993,14699118
5/20/2022,1194.156372,1203.23385,1138.44018,1143.217762,21793091
5/23/2022,1186.170776,1207.397049,1179.846042,1197.36396,15252755
5/24/2022,1190.243408,1200.321874,1181.98494,1186.216596,13527818
5/25/2022,1188.491455,1208.830478,1183.713753,1198.956737,12714544
5/26/2022,1177.161621,1198.911195,1159.370618,1194.133493,17882023
5/27/2022,1171.701416,1185.374499,1155.776024,1179.868895,16521973
5/30/2022,1212.515991,1216.702032,1180.392124,1189.856299,13853398
5/31/2022,1197.887451,1218.886257,1190.175031,1201.868769,70620653
6/1/2022,1198.274292,1208.148034,1190.402523,1198.638243,9776989
6/2/2022,1239.589355,1243.29771,1198.501741,1198.501741,22126569
6/3/2022,1264.705811,1281.928019,1247.642831,1248.552949,23939791
6/6/2022,1259.268677,1280.403966,1252.102183,1264.933631,11093152
6/7/2022,1261.634521,1269.983976,1252.21584,1260.337705,12358255
6/8/2022,1239.475586,1265.388455,1235.949207,1261.634607,12479250
6/9/2022,1273.464966,1275.398697,1233.082628,1233.082628,17278305
6/10/2022,1235.016479,1269.438153,1229.215044,1261.247927,18093057
6/13/2022,1211.651489,1216.156108,1190.447961,1205.781933,17620803
6/14/2022,1195.817139,1215.723971,1189.151199,1205.804736,14714312
6/15/2022,1181.347778,1200.003288,1175.933161,1191.016797,11195535
6/16/2022,1164.830811,1209.899742,1162.100695,1193.496542,17111475
6/17/2022,1178.481079,1194.338231,1163.05624,1164.830743,24457187
6/20/2022,1157.118408,1190.812059,1147.130812,1185.306334,12066797
6/21/2022,1175.796753,1180.028288,1150.407061,1164.830916,11720049
6/22/2022,1140.078125,1164.057262,1137.985044,1163.966274,10617206
6/23/2022,1121.581787,1148.905326,1112.50431,1144.377961,19446323
6/24/2022,1137.552856,1142.535161,1122.969654,1128.429885,14240234
6/27/2022,1134.185791,1157.982955,1129.135125,1157.982955,15474529
6/28/2022,1150.133911,1152.977762,1129.385441,1129.385441,13572847
6/29/2022,1173.999268,1181.666314,1137.985067,1140.80617,19205146
6/30/2022,1181.05188,1190.265838,1167.560773,1173.930882,23112959
7/1/2022,1095.987427,1179.391106,1076.103463,1171.610446,81997149
7/4/2022,1098.262573,1111.139394,1076.603984,1082.450914,41857728
7/5/2022,1107.157959,1121.559065,1099.809491,1102.494112,17647327
7/6/2022,1097.420654,1111.116484,1086.568675,1101.174503,23943726
7/7/2022,1086.614136,1107.15788,1080.653472,1103.813597,23301033
7/8/2022,1088.115723,1100.219025,1084.088791,1100.219025,19010108
7/11/2022,1102.903564,1105.133006,1078.378383,1081.335968,13847467
7/12/2022,1101.33374,1110.09276,1093.84879,1093.84879,10778989
7/13/2022,1081.813843,1107.499363,1079.743629,1104.450791,14224132
7/14/2022,1090.731934,1107.476456,1081.540722,1086.56864,16970315
7/15/2022,1092.847778,1098.853936,1084.339096,1098.853936,9603210
7/18/2022,1102.152832,1103.404035,1088.525123,1101.584038,15160908
7/19/2022,1108.90979,1113.414408,1092.165267,1092.165267,16439888
7/20/2022,1138.89502,1156.867999,1131.273588,1155.730531,23924246
7/21/2022,1131.296265,1137.530012,1122.6511,1134.799897,16523230
7/22/2022,1138.940796,1144.946954,1135.255188,1137.530244,10969995
7/25/2022,1101.311157,1122.71953,1093.394014,1122.71953,23110452
7/26/2022,1101.811523,1112.003841,1097.193171,1101.629548,11303288
7/27/2022,1100.765137,1104.314142,1092.938862,1101.106341,8655086
7/28/2022,1118.010132,1122.946942,1101.584185,1108.409354,12496073
7/29/2022,1141.829956,1145.310841,1121.149727,1126.018297,15130683
8/1/2022,1171.587646,1177.457322,1140.988065,1146.243453,15700044
8/2/2022,1176.046875,1186.580398,1165.536098,1170.518523,13917913
8/3/2022,1185.920532,1187.5813,1168.220637,1183.031188,14250977
8/4/2022,1170.245361,1191.107684,1153.455465,1187.581305,14467127
8/5/2022,1153.000366,1173.384882,1149.792565,1172.110933,13942438
8/8/2022,1168.083984,1175.546187,1151.635293,1151.635293,10165178
8/10/2022,1175.068604,1178.435634,1163.48848,1172.520464,10724688
8/11/2022,1178.981689,1187.535867,1174.022012,1184.4418,8198226
8/12/2022,1198.046509,1201.845851,1174.931999,1178.617486,12650587
8/16/2022,1206.373169,1209.103284,1195.452949,1204.052619,6607378
8/17/2022,1212.675293,1218.021669,1208.307156,1212.607052,6595965
8/18/2022,1214.874634,1218.389577,1205.24253,1214.281163,7410035
8/19/2022,1193.213623,1215.056981,1189.150731,1209.715983,9460724
8/22/2022,1189.904053,1201.179521,1180.500282,1194.651701,9471680
8/23/2022,1208.255249,1211.176841,1182.942469,1184.152232,9678484
8/24/2022,1205.036987,1218.846089,1203.028483,1205.196856,10369622
8/25/2022,1201.522095,1215.604931,1197.208169,1209.236858,7871946
8/26/2022,1195.108032,1209.715994,1190.086651,1201.955469,10742038
8/29/2022,1185.818359,1211.998463,1176.871013,1180.043638,19838975
8/30/2022,1204.215088,1207.547582,1176.20905,1193.282059,23139054
9/1/2022,1168.813965,1189.150887,1164.385933,1178.971076,19909939
9/2/2022,1155.164673,1175.638521,1152.973478,1168.813905,12999345
9/5/2022,1173.10498,1178.445979,1155.392856,1155.392856,11327815
9/6/2022,1185.453247,1189.630246,1174.109315,1174.565859,10899618
9/7/2022,1178.560181,1184.563114,1173.196361,1175.47884,7488501
9/8/2022,1180.226196,1185.978096,1173.652734,1181.527244,7057077
9/9/2022,1172.876831,1191.45616,1170.457304,1191.45616,8314850
9/12/2022,1186.000977,1192.369169,1173.447282,1173.447282,7435419
9/13/2022,1195.906982,1200.449119,1187.347716,1195.108121,8888657
9/14/2022,1181.572876,1191.456011,1174.451585,1175.478659,8678219
9/15/2022,1169.863892,1188.511684,1167.14769,1179.130735,10365600
9/16/2022,1140.876343,1165.435905,1137.133067,1161.213264,20217708
9/19/2022,1142.359985,1151.604008,1132.727882,1140.876368,7580254
9/20/2022,1142.54248,1158.451491,1138.822026,1151.489827,8411448
9/21/2022,1145.692505,1156.306039,1138.959173,1139.758035,9207309
9/22/2022,1134.896118,1142.61088,1128.505226,1134.850476,10308170
9/23/2022,1113.623413,1139.392615,1112.071332,1134.394055,9528051
9/26/2022,1085.252319,1103.717665,1084.248067,1092.875798,12479523
9/27/2022,1093.880005,1107.460773,1077.377645,1092.852811,16154822
9/28/2022,1064.755493,1085.548958,1062.313266,1077.491757,16997059
9/29/2022,1061.491577,1080.755661,1055.876604,1077.332003,14671827
9/30/2022,1085.434937,1096.504894,1054.963725,1054.963725,18613024
10/3/2022,1081.668823,1103.329493,1078.701588,1091.711707,11852723
10/4/2022,1101.617554,1103.808748,1091.095305,1094.587548,8948850
10/6/2022,1105.680298,1118.416561,1103.877184,1108.830222,13352162
10/7/2022,1110.359497,1115.632032,1102.279476,1102.279476,7714340
10/10/2022,1098.239624,1103.626265,1090.11396,1097.874365,6329527
10/11/2022,1076.373291,1101.982746,1073.269129,1101.982746,9215177
10/12/2022,1084.293579,1087.237993,1069.617153,1073.680046,7417103
10/13/2022,1087.740112,1092.852778,1077.377612,1082.536041,7328492
10/14/2022,1082.216553,1103.055661,1081.486155,1102.439369,9106089
10/17/2022,1099.586182,1101.982767,1069.845491,1075.049562,16729355
10/18/2022,1118.987427,1124.351247,1104.790365,1105.634869,12415820
10/19/2022,1138.456909,1153.955018,1114.627746,1120.470931,19247142
10/20/2022,1141.515503,1149.915022,1134.394211,1134.394211,8717053
10/21/2022,1128.276978,1148.910694,1126.177189,1144.756517,8243452
10/24/2022,1132.043091,1142.382771,1120.836207,1122.981638,3370033
10/25/2022,1114.559326,1140.785075,1112.938782,1140.785075,12233241
10/27/2022,1118.94165,1126.839103,1110.564954,1122.068633,12513059
10/28/2022,1153.178955,1157.218905,1122.730567,1125.264079,17609592
10/31/2022,1163.883789,1169.065039,1155.940694,1159.957944,12419943
11/1/2022,1154.86792,1186.891088,1144.8935,1186.891088,13963166
11/2/2022,1162.080566,1164.157655,1148.089017,1155.986349,8981896
11/3/2022,1166.417358,1168.425984,1152.676841,1154.868036,6693449
11/4/2022,1183.581665,1186.891218,1164.568612,1165.846719,12575815
11/7/2022,1189.904053,1191.593181,1175.022357,1182.782761,11789748
11/9/2022,1188.717163,1196.91129,1182.348971,1191.593113,11254205
11/10/2022,1174.337646,1185.316319,1170.0009,1182.326263,5966242
11/11/2022,1201.407837,1203.325057,1181.413233,1186.891159,12310132
11/14/2022,1195.587524,1206.064131,1189.242153,1200.928523,9043112
11/15/2022,1190.223633,1198.942647,1182.326181,1197.07107,7086433
11/16/2022,1183.399048,1194.17233,1178.377546,1191.456128,9716161
11/17/2022,1186.45752,1192.825591,1177.761206,1180.020864,6661451
11/18/2022,1185.818359,1190.999609,1173.698388,1189.972415,5303197
11/21/2022,1164.477295,1181.413258,1160.916589,1181.413258,6390268
11/22/2022,1170.936523,1172.511425,1157.903585,1161.783787,6611488
11/23/2022,1167.284668,1176.802665,1165.093474,1175.478796,6413408
11/24/2022,1177.350464,1184.152259,1163.244688,1171.370352,9389439
11/25/2022,1194.925415,1198.257788,1178.719731,1181.869656,7349922
11/28/2022,1235.987427,1242.150108,1142.154514,1190.954019,31527484
11/29/2022,1238.110107,1246.988991,1229.801874,1234.344011,11058913
11/30/2022,1246.852051,1253.288707,1231.719201,1238.247142,26164986
12/1/2022,1243.177368,1257.648285,1239.844994,1251.62253,9485801
12/2/2022,1242.652222,1254.452698,1232.814728,1246.235749,11589592
12/5/2022,1224.529297,1240.187154,1222.497971,1238.018781,14828536
12/6/2022,1228.067261,1231.171423,1214.737524,1216.609222,8594245
12/7/2022,1209.944336,1230.258437,1206.132597,1225.693478,8462111
12/8/2022,1209.373779,1216.563656,1205.196901,1214.281176,7757008
12/9/2022,1191.045288,1214.280979,1187.735615,1207.889966,12655763
12/12/2022,1192.871338,1197.390654,1180.043788,1180.27212,9479842
12/13/2022,1198.303711,1201.955581,1189.949714,1192.871307,8333348
12/14/2022,1193.966919,1204.671737,1191.912652,1204.078266,7268947
12/15/2022,1177.008057,1193.73863,1173.652862,1188.032492,8688551
12/16/2022,1171.187622,1195.473329,1167.786785,1173.652791,15837349
12/19/2022,1186.571655,1188.717207,1171.689839,1178.21778,7729933
12/20/2022,1196.843018,1198.760237,1171.370486,1179.541793,7467588
12/21/2022,1179.815552,1201.955587,1175.980992,1196.477661,8527550
12/22/2022,1176.756958,1189.013857,1171.712635,1185.978159,7451122
12/23/2022,1142.24585,1182.554553,1137.703713,1170.137785,10257115
12/26/2022,1152.220337,1160.414465,1137.772242,1147.974996,5990242
12/27/2022,1161.646973,1163.51855,1148.203131,1154.936462,5763271
12/28/2022,1161.532959,1163.975186,1151.056351,1158.588545,7459393
12/29/2022,1161.007813,1163.564145,1152.882149,1153.566904,6930648
12/30/2022,1162.788208,1176.391798,1160.003663,1161.829598,7289476
1/2/2023,1175.889648,1177.304802,1163.244669,1164.066352,5316175
1/3/2023,1167.284668,1174.565828,1163.062148,1170.936659,7658932
1/4/2023,1149.709595,1169.110728,1147.632506,1167.261851,9264891
1/5/2023,1147.655396,1157.858149,1143.067616,1151.969321,13637099
1/6/2023,1158.086304,1163.130627,1149.595501,1153.40724,6349597
1/9/2023,1185.430298,1187.804182,1161.030607,1161.920753,10722753
1/10/2023,1167.901001,1189.630256,1162.240506,1189.630256,8047142
1/11/2023,1153.178955,1167.718333,1150.873534,1165.207642,11509553
1/12/2023,1128.276978,1156.077628,1125.2641,1152.585506,17688773
1/13/2023,1126.451172,1128.870578,1111.386784,1122.251352,20618583
1/16/2023,1115.723389,1131.951775,1107.917221,1128.779149,13623855
1/17/2023,1131.563721,1133.48094,1118.69053,1122.068546,10751000
1/18/2023,1129.692261,1137.178812,1123.141619,1129.144553,13448286
1/19/2023,1128.482544,1132.6366,1121.452416,1128.870504,11940054
1/20/2023,1115.061523,1129.829114,1112.596475,1129.829114,14930286
1/23/2023,1109.423706,1125.811962,1107.0043,1117.960272,10954118
1/24/2023,1102.873047,1115.517906,1089.817165,1113.851719,16488755
1/25/2023,1087.625977,1102.302403,1086.461976,1101.275329,12385018
1/27/2023,1066.99231,1089.817099,1055.260298,1088.470529,25830975
1/30/2023,1077.218018,1082.764407,1050.398796,1064.413289,21772103
1/31/2023,1074.524536,1089.954181,1068.65853,1087.374906,22691594
2/1/2023,1068.156494,1086.439148,1052.224662,1086.439148,19347800
2/2/2023,1062.244751,1071.853911,1054.963591,1058.159038,13662663
2/3/2023,1063.180664,1072.310581,1046.746766,1072.310581,24699575
2/6/2023,1055.169067,1059.528635,1052.589913,1056.789612,14837879
2/7/2023,1052.635498,1062.45017,1046.746671,1055.420163,15135435
2/8/2023,1073.657227,1077.286396,1053.137736,1055.876639,21160332
2/9/2023,1075.528809,1082.284961,1065.463104,1074.341987,13172763
2/10/2023,1066.672974,1075.004029,1059.665667,1075.004029,10790445
2/13/2023,1060.60144,1072.767055,1056.127767,1068.293381,10352493
2/14/2023,1085.594604,1087.329255,1060.738368,1063.614319,14321920
2/15/2023,1110.17688,1112.573585,1083.266497,1084.635888,33503591
2/16/2023,1109.309692,1124.716518,1107.027213,1118.165756,17264487
2/17/2023,1113.942993,1117.275487,1100.430688,1104.721792,11809520
2/20/2023,1102.165405,1118.302506,1100.202423,1116.134133,8836937
2/21/2023,1111.158447,1116.955869,1101.229549,1106.547847,13311592
2/22/2023,1085.959839,1109.286817,1084.202367,1107.438061,11024335
2/23/2023,1080.755737,1093.195327,1077.948371,1085.549028,9851910
2/24/2023,1088.151001,1093.834438,1080.984067,1082.810002,9434053
2/27/2023,1080.915527,1090.867248,1073.543203,1087.375005,11199715
2/28/2023,1060.236206,1080.527485,1056.173434,1075.551625,21994038
3/1/2023,1069.9823,1070.712698,1060.555589,1070.027942,11551145
3/2/2023,1061.833984,1073.520355,1059.802538,1066.832666,9333535
3/3/2023,1088.927002,1092.601814,1068.909698,1072.378999,14643807
3/6/2023,1099.563354,1106.821693,1095.591868,1095.591868,10171916
3/8/2023,1103.512085,1104.265304,1088.744375,1099.563299,15782657
3/9/2023,1076.989624,1103.306657,1075.095226,1102.895876,16235128
3/10/2023,1060.30481,1070.028198,1056.812567,1068.887019,13334091
3/13/2023,1042.866455,1070.02799,1038.529709,1063.180553,12771592
3/14/2023,1038.963501,1052.201831,1035.813697,1040.812257,16027522
3/15/2023,1021.205811,1049.166211,1016.8006,1042.684033,21728555
3/16/2023,1016.115784,1028.943333,1005.296859,1023.921952,18363159
3/17/2023,1014.837646,1028.007513,1010.090059,1024.720782,34014213
3/20/2023,1004.86322,1013.422547,995.1626537,1011.140068,19524589
3/21/2023,1036.110229,1038.073212,1012.052858,1012.943004,21400360
3/22/2023,1039.260132,1046.039105,1036.247255,1043.094692,10920094
3/23/2023,1026.113159,1036.201685,1023.944786,1035.33436,16249370
3/24/2023,1005.79895,1027.117362,1003.379544,1024.948989,12375945
3/27/2023,1021.433899,1028.94327,1004.383831,1012.281222,14054323
3/28/2023,1026.204468,1030.08467,1021.182965,1024.834956,12576424
3/29/2023,1020.133057,1024.743657,1009.359714,1022.095919,18804065
3/31/2023,1064.116455,1069.777071,1029.262976,1029.399903,28171201
4/3/2023,1064.299072,1072.310631,1056.7897,1070.484696,10293043
4/5/2023,1061.742676,1071.854023,1053.845344,1071.854023,16262928
4/6/2023,1068.864014,1074.593093,1058.227658,1058.227658,18435046
4/10/2023,1061.286133,1072.949682,1059.779694,1072.767113,12961408
4/11/2023,1066.535889,1068.65862,1060.921036,1065.463173,10542367
4/12/2023,1071.237793,1080.892596,1063.659958,1066.535787,18179087
4/13/2023,1075.277832,1079.979717,1069.11515,1074.136532,12378208
4/17/2023,1080.73291,1106.98148,1072.333392,1106.98148,17929479
4/18/2023,1068.361816,1085.092388,1061.811055,1085.092388,10405576
4/19/2023,1073.680054,1076.373314,1064.641422,1067.768405,12273475
4/20/2023,1070.963867,1076.875516,1064.595795,1074.638679,7007330
4/21/2023,1072.310547,1077.788472,1066.558647,1073.063766,7647317
4/24/2023,1076.419067,1086.872732,1071.853989,1084.179472,12936186
4/25/2023,1084.658691,1086.73578,1072.995264,1080.070912,9236126
4/26/2023,1078.290649,1089.246621,1074.615838,1086.005412,8617834
4/27/2023,1085.115234,1088.28786,1079.157944,1084.179446,9167125
4/28/2023,1104.949951,1106.502153,1087.26077,1087.374875,15565210
5/2/2023,1114.331055,1116.499428,1108.419406,1112.117039,12981805
5/3/2023,1104.767456,1116.134209,1101.549188,1116.134209,7061872
5/4/2023,1117.503662,1119.717678,1102.256707,1105.246763,8635233
5/5/2023,1114.650635,1123.597982,1112.025838,1114.308317,8746585
5/8/2023,1128.414063,1133.777882,1115.746261,1118.4167,9153782
5/9/2023,1131.906128,1135.215801,1124.46522,1129.829039,6464721
5/10/2023,1139.689575,1141.173193,1132.659447,1136.676698,10872255
5/11/2023,1132.248535,1145.578149,1130.536585,1140.762159,10557860
5/12/2023,1134.097412,1135.489745,1121.383968,1127.455365,6955341
5/15/2023,1136.334229,1143.318593,1128.984605,1136.631024,6833343
5/16/2023,1120.151489,1141.05894,1118.485182,1138.502607,8717229
5/17/2023,1113.532104,1125.263995,1108.83022,1124.351028,8798967
5/18/2023,1111.135742,1121.61235,1107.985817,1118.211392,10525531
5/19/2023,1114.741943,1116.567999,1104.196872,1111.135716,8050447
5/22/2023,1120.699219,1125.720721,1110.359659,1111.569302,7434906
5/23/2023,1120.493774,1126.633635,1119.07862,1123.27844,6092034
5/24/2023,1113.96582,1124.807686,1110.861658,1116.545095,8112254
5/25/2023,1113.828979,1117.960336,1102.91877,1111.067256,11487863
5/26/2023,1144.208862,1145.350042,1118.759153,1122.068706,12626260
5/29/2023,1150.645386,1154.93649,1144.528347,1150.827955,10010304
5/30/2023,1150.348633,1158.451475,1147.792179,1150.645308,11342504
5/31/2023,1127.500854,1145.737985,1123.438083,1141.241491,27107927
6/1/2023,1124.46521,1134.348466,1122.068625,1132.180093,14592692
6/2/2023,1120.790405,1133.412564,1118.873186,1128.003102,15800644
6/5/2023,1130.856323,1133.823558,1122.274115,1126.268544,10908682
6/6/2023,1131.814819,1135.626558,1123.894667,1133.686517,7493309
6/7/2023,1140.397095,1141.241599,1128.733546,1135.307129,10312545
6/8/2023,1141.081787,1148.933598,1137.133121,1143.980559,12071109
6/9/2023,1133.001709,1145.144501,1131.198475,1144.436924,5877018
6/12/2023,1134.006104,1136.311404,1125.264147,1130.057438,6391969
6/13/2023,1150.759521,1151.946464,1134.964737,1138.959166,11248016
6/14/2023,1164.910767,1166.348742,1149.001878,1150.827813,13277380
6/15/2023,1165.230469,1169.795427,1157.447122,1164.88803,11813494
6/16/2023,1176.574463,1178.856942,1168.722653,1168.722653,24171579
6/19/2023,1164.888062,1179.587309,1160.711184,1179.587309,6798554
6/20/2023,1167.307495,1170.457299,1157.218969,1162.948048,6921096
6/21/2023,1170.594238,1173.12775,1163.15333,1167.261744,6961603
6/22/2023,1157.447144,1174.702724,1155.84942,1166.805392,7619166
6/23/2023,1147.974976,1156.4886,1146.71957,1154.434333,6628570
6/26/2023,1139.210083,1148.271535,1136.0831,1144.436976,12641159
6/27/2023,1139.621094,1145.578264,1135.14742,1139.666736,9689466
6/28/2023,1154.708252,1158.519991,1140.260037,1147.176059,11354006
6/30/2023,1164.180542,1167.102135,1156.511422,1162.42307,11151555
7/3/2023,1194.05835,1196.9343,1166.508729,1167.741314,12154387
7/4/2023,1181.755615,1198.303618,1174.679846,1198.303618,8061643
7/5/2023,1179.815552,1190.999736,1175.844065,1190.999736,10248062
7/6/2023,1204.580444,1207.18242,1175.958112,1175.958112,19117987
7/7/2023,1202.229492,1216.540658,1199.673038,1202.868606,13375267
7/10/2023,1248.541016,1258.104655,1221.128446,1227.473697,33240016
7/11/2023,1262.07605,1264.495456,1249.705046,1256.689409,20069348
7/12/2023,1263.468506,1279.103542,1260.68384,1262.806571,18733835
7/13/2023,1252.170166,1277.733979,1249.54537,1270.8409,14682934
7/14/2023,1251.120361,1260.341563,1243.998949,1255.365703,15124144
7/17/2023,1276.684082,1285.060779,1245.322727,1253.996219,22220040
7/18/2023,1287.525879,1295.286284,1274.995005,1285.950977,25867313
7/19/2023,1297.294922,1303.754399,1276.821074,1291.88546,39122156
7/20/2023,1295.723877,1301.213636,1276.01484,1276.01484,38717624
7/21/2023,1255.613403,1293.275575,1248.120574,1290.357605,30249238
7/24/2023,1230.216797,1243.842484,1221.264982,1227.051537,23727866
7/25/2023,1229.425537,1239.020329,1226.556952,1233.481064,12026020
7/26/2023,1249.406494,1259.69377,1229.029846,1229.029846,12911012
7/27/2023,1237.783813,1255.069339,1231.67583,1253.288926,17226898
7/28/2023,1250.222534,1257.641225,1236.720493,1242.408156,20827852
7/31/2023,1260.806519,1263.106264,1245.326159,1250.222568,8551174
8/1/2023,1242.976807,1265.628565,1239.069678,1263.650248,9536632
8/2/2023,1229.69751,1242.383423,1218.445829,1240.998576,12748214
8/3/2023,1224.529053,1236.893537,1215.700883,1224.232378,10168350
8/4/2023,1241.171753,1244.361766,1222.402489,1235.855024,22885610
8/7/2023,1248.244263,1250.494502,1238.921393,1246.834663,5982870
8/8/2023,1240.726563,1253.486735,1236.225962,1250.296722,9844072
8/9/2023,1248.911865,1250.791291,1227.100986,1238.847247,11486586
8/10/2023,1254.47583,1261.177405,1240.627608,1248.788167,15470598
8/11/2023,1259.767822,1265.554498,1242.556556,1252.49753,22179330
8/14/2023,1274.654785,1277.152435,1248.813011,1255.737123,9575812
8/16/2023,1273.616089,1277.399694,1261.672045,1261.672045,10203112
8/17/2023,1255.242554,1275.075237,1252.695518,1269.634863,13673744
8/18/2023,1264.540649,1274.827925,1240.677193,1251.904121,18639978
8/21/2023,1250.742676,1268.337425,1248.583607,1260.644364,9221746
8/22/2023,1250.444824,1259.651704,1240.319813,1249.204008,7713044
8/23/2023,1251.834595,1262.083809,1249.228881,1252.827248,9517952
8/24/2023,1230.790405,1260.619553,1226.422708,1260.619553,14140020
8/25/2023,1225.107544,1243.297861,1212.327137,1218.977863,22222400
8/28/2023,1212.897705,1232.874844,1206.619224,1226.918927,12580826
8/29/2023,1201.283813,1217.712147,1195.228534,1217.017338,16876644
8/30/2023,1200.142334,1212.525656,1198.628514,1207.066065,12168946
8/31/2023,1194.657837,1203.591714,1191.13387,1202.599061,21638600
9/1/2023,1197.461914,1203.914158,1192.002323,1194.434396,18112842
9/4/2023,1196.494141,1202.921544,1193.814026,1197.461953,9347626
9/5/2023,1202.896973,1208.033879,1197.362859,1201.110149,8675876
9/6/2023,1205.428101,1209.125709,1199.745187,1201.656092,8200370
9/7/2023,1207.065918,1210.167958,1196.643063,1201.953731,13652572
9/8/2023,1215.106445,1218.977816,1202.574202,1211.036592,23109288
9/11/2023,1228.209473,1229.326207,1216.992446,1216.992446,13271074
9/12/2023,1210.46582,1232.378585,1209.026401,1232.378585,16255666
9/13/2023,1216.520996,1222.27831,1204.212076,1211.036564,12803338
9/14/2023,1217.637695,1223.841776,1213.518162,1220.963058,9209636
9/15/2023,1219.895996,1224.933661,1215.751622,1224.933661,25468592
9/18/2023,1209.274658,1216.496233,1207.09087,1211.061482,7516300
9/20/2023,1182.324097,1204.882233,1168.848881,1202.623923,57081884
9/21/2023,1173.712769,1186.269851,1171.330377,1178.750433,12226182
9/22/2023,1168.823975,1182.472952,1166.367183,1179.271671,19176786
9/25/2023,1161.627319,1171.677931,1158.972045,1166.565744,14254884
9/26/2023,1162.644775,1166.466465,1159.220171,1160.68431,10087782
9/27/2023,1175.747803,1177.187222,1160.659526,1163.141158,11722778
9/28/2023,1158.475708,1182.746025,1153.959088,1182.746025,14518346
9/29/2023,1163.88562,1175.847137,1158.47571,1162.2974,12342014
10/3/2023,1150.559204,1159.220198,1149.492151,1156.415881,8859056
10/4/2023,1148.573853,1150.981084,1139.11893,1146.01782,10286386
10/5/2023,1148.549194,1156.142893,1146.017881,1151.105227,10953682
10/6/2023,1150.484741,1153.859785,1147.531623,1150.013255,5431026
10/9/2023,1140.682251,1147.481899,1139.06919,1145.571115,7576878
10/10/2023,1145.719971,1150.435072,1143.412101,1144.801839,10236032
10/11/2023,1163.9104,1166.21827,1148.003113,1148.722762,9814118
10/12/2023,1166.069336,1171.007881,1160.485663,1163.314821,12554450
10/13/2023,1166.019775,1170.089628,1156.018725,1161.403915,10150316
10/16/2023,1163.414063,1168.62549,1159.41861,1163.885548,5929036
10/17/2023,1168.9729,1171.181529,1162.04917,1169.345145,7928180
10/18/2023,1153.462769,1174.804808,1151.973789,1168.972971,8918320
10/19/2023,1144.603271,1152.370854,1142.047239,1147.50683,12032556
10/20/2023,1141.104248,1148.846868,1139.71451,1141.550893,8913312
10/23/2023,1123.286011,1144.652889,1119.34024,1136.587584,7853962
10/25/2023,1120.68042,1132.220011,1113.260363,1116.759489,11620688
10/26/2023,1105.070801,1120.705083,1101.993601,1117.230798,15222534
10/27/2023,1124.576538,1128.398228,1109.761145,1111.771291,11771084
10/30/2023,1147.755005,1153.959086,1126.636289,1128.646435,16813304
10/31/2023,1135.545288,1155.448028,1133.063656,1155.448028,12808438
11/1/2023,1140.260376,1150.236586,1129.241953,1136.165683,10309190
11/2/2023,1151.57666,1153.611647,1145.496661,1148.47462,10562104
11/3/2023,1151.328491,1158.89747,1149.368026,1155.05094,8850156
11/6/2023,1160.907593,1161.403919,1154.256867,1157.58223,10647304
11/7/2023,1153.363403,1160.957222,1151.254016,1158.450749,6960204
11/8/2023,1159.369019,1161.900332,1152.346047,1157.433394,7884494
11/9/2023,1146.787109,1159.368912,1143.635388,1159.344193,14513610
11/10/2023,1148.946167,1149.665937,1140.583138,1144.305587,7734954
11/13/2023,1148.797363,1153.760628,1147.357944,1152.916776,3854810
11/15/2023,1169.568481,1172.298277,1154.951691,1161.403935,12220648
11/16/2023,1171.677856,1178.353423,1164.853368,1166.913195,13134910
11/17/2023,1169.121826,1177.90678,1167.384684,1167.806488,7758634
11/20/2023,1166.044556,1170.536213,1159.617031,1165.64747,4490186
11/21/2023,1180.710938,1185.227557,1171.429657,1174.308375,8214450
11/22/2023,1185.326782,1188.428822,1177.385559,1178.775297,8534814
11/23/2023,1188.950073,1191.183542,1185.326866,1185.326866,8531542
11/24/2023,1188.155884,1192.474021,1186.741426,1187.01443,6749486
11/28/2023,1188.404053,1191.034607,1178.899449,1188.155889,13792174
11/29/2023,1191.530884,1197.114556,1190.215667,1195.154091,12531306
11/30/2023,1179.991333,1191.530923,1176.244044,1188.552965,28439984
12/1/2023,1188.354492,1189.396705,1180.065864,1180.264346,14342842
12/4/2023,1201.209351,1215.999904,1190.488771,1215.999904,15590990
12/5/2023,1209.919922,1211.458582,1201.929017,1210.54033,12693624
12/6/2023,1221.509155,1227.390551,1208.554986,1214.560585,16422442
12/7/2023,1219.498901,1221.434526,1212.029164,1220.96304,8142096
12/8/2023,1218.853638,1229.251652,1213.518129,1222.87393,10204894
12/11/2023,1220.640503,1224.735196,1217.190937,1218.977761,7066138
12/12/2023,1203.120117,1223.41982,1201.184371,1220.963028,9197124
12/13/2023,1208.033691,1210.2176,1194.310314,1202.102615,10031182
12/14/2023,1223.022827,1228.383177,1212.351808,1217.985162,16972354
12/15/2023,1238.632324,1240.816112,1225.951159,1229.89693,15932152
12/18/2023,1251.239014,1258.137903,1236.324379,1238.63237,14165188
12/19/2023,1269.65271,1277.494571,1253.323497,1268.11405,16820604
12/20/2023,1254.291382,1289.878086,1250.742696,1276.080186,17736722
12/21/2023,1271.86145,1277.296201,1249.874163,1254.21702,13765454
12/22/2023,1273.102295,1280.968997,1264.466141,1270.39734,16541784
12/26/2023,1279.554443,1286.453333,1271.935784,1274.566338,7465664
12/27/2023,1283.922241,1290.399205,1277.097752,1281.515009,9204156
12/28/2023,1293.203491,1296.404773,1283.92221,1285.386349,12302636
12/29/2023,1282.979004,1297.397311,1280.174808,1295.958013,10864584
1/1/2024,1285.609619,1293.848687,1277.122388,1280.795277,4030540
1/2/2024,1296.255859,1297.893761,1277.048049,1283.003966,7448800
1/3/2024,1282.160156,1307.323883,1279.132516,1295.412048,9037536
1/4/2024,1288.786011,1295.337617,1280.075579,1284.492835,9612778
1/5/2024,1294.270508,1300.300947,1289.456165,1291.888117,8086406
1/8/2024,1284.170288,1306.306375,1275.037809,1295.412034,7734652
1/9/2024,1280.770508,1293.823919,1279.132606,1290.448874,5403074
1/10/2024,1315.314819,1319.732076,1278.065494,1279.033306,11102740
1/11/2024,1349.908813,1352.489687,1318.739486,1319.732139,23725852
1/12/2024,1360.654175,1363.235048,1335.862692,1349.908755,15012164
1/15/2024,1383.882324,1386.190194,1355.963959,1364.897836,8610594
1/16/2024,1364.525513,1386.041313,1360.430819,1379.762711,9069024
1/17/2024,1351.571289,1376.089888,1345.069485,1349.511583,12197382
1/18/2024,1357.899536,1360.927176,1341.322281,1341.471203,10279438
1/19/2024,1357.403198,1365.890429,1349.015329,1365.890429,10422704
1/23/2024,1318.813843,1361.671682,1312.833206,1361.671682,20055420
1/24/2024,1334.001465,1339.585138,1314.198087,1325.414993,21919128
1/25/2024,1343.133789,1354.127493,1325.390118,1333.083178,11808872
1/29/2024,1437.411133,1441.82839,1350.181756,1354.474932,23893438
1/30/2024,1397.283081,1449.248438,1394.10664,1449.223597,14093978
1/31/2024,1416.143555,1423.712534,1392.195802,1393.684781,15130226
2/1/2024,1416.168335,1432.745591,1407.631544,1424.456963,13349362
2/2/2024,1446.990112,1464.063815,1422.645396,1422.645396,19652588
2/5/2024,1428.452393,1459.696119,1421.007496,1450.017753,8814432
2/6/2024,1417.309814,1431.256515,1409.393311,1431.256515,9047984
2/7/2024,1431.554443,1438.850418,1418.749196,1425.375203,9296568
2/8/2024,1439.470825,1448.752106,1417.036893,1439.346744,14694634
2/9/2024,1450.0177,1461.160205,1440.289653,1443.317293,12556798
2/12/2024,1441.679443,1450.265915,1431.752914,1450.017752,6674430
2/13/2024,1454.335815,1468.133716,1443.317392,1444.806371,7715594
2/14/2024,1470.491211,1472.749521,1446.791623,1446.791623,7117888
2/15/2024,1459.795288,1473.81651,1455.750276,1472.451612,10006782
2/16/2024,1449.843994,1466.148367,1447.833969,1465.6272,9767498
2/19/2024,1463.17041,1468.630001,1442.845866,1451.308256,6729828
2/20/2024,1460.217407,1464.659505,1451.060208,1464.188019,7117496
2/21/2024,1456.916748,1477.588819,1446.841417,1463.17051,12720292
2/22/2024,1470.863403,1474.039844,1447.287897,1457.363348,18493728
2/23/2024,1482.651245,1486.547456,1472.451712,1478.556552,14438584
2/26/2024,1476.397461,1483.544635,1471.607959,1482.576822,7513106
2/27/2024,1474.734863,1488.929728,1467.190725,1472.129149,10826044
2/28/2024,1444.93042,1480.318521,1439.52051,1472.104294,8647950
2/29/2024,1450.067505,1468.1089,1443.838583,1454.236599,23628976
3/1/2024,1481.162231,1488.979373,1451.754889,1452.747542,12132926
3/4/2024,1496.325073,1501.337898,1476.298252,1479.524374,10024420
3/5/2024,1489.177856,1496.32503,1475.131915,1494.711969,7107668
3/6/2024,1491.957397,1497.913315,1467.6374,1482.477513,7805676
3/7/2024,1468.059326,1492.056639,1464.709122,1491.932557,8315726
3/11/2024,1455.824707,1478.060156,1452.747507,1478.060156,11277130
3/12/2024,1464.585083,1477.067646,1454.261468,1455.824848,9432678
3/13/2024,1421.65271,1472.203486,1417.285013,1468.902964,13522134
3/14/2024,1420.957886,1437.882667,1415.026808,1429.122432,18571102
3/15/2024,1407.805176,1422.69497,1402.519347,1415.473395,19223818
3/18/2024,1428.899048,1431.132517,1406.117712,1409.567156,9169392
3/19/2024,1414.778564,1427.037804,1406.837341,1418.25285,8275764
3/20/2024,1433.142578,1434.383394,1413.562525,1417.458614,8488806
3/21/2024,1440.314575,1447.188745,1434.060934,1441.853236,13006936
3/22/2024,1444.334839,1449.273263,1436.716179,1439.321893,19527608
3/26/2024,1430.983643,1441.729184,1428.42761,1434.383527,11415906
3/27/2024,1481.881958,1488.979451,1436.368844,1437.361497,16326644
3/28/2024,1474.93335,1494.88565,1467.786297,1481.906761,21854364
4/1/2024,1473.866333,1482.998692,1471.608023,1481.509712,5013880
4/2/2024,1476.025146,1483.023398,1464.162993,1473.096869,8910166
4/3/2024,1460.788086,1473.543652,1458.107971,1471.186102,7008292
4/4/2024,1452.17688,1468.878217,1439.346792,1468.878217,14490272
4/5/2024,1449.372437,1459.993895,1445.302584,1450.141767,7442298
4/8/2024,1475.057373,1480.020638,1450.265891,1452.226356,8357118
4/9/2024,1452.896484,1478.854383,1451.754909,1478.060212,7071414
4/10/2024,1468.704468,1476.074965,1455.576656,1455.576656,9138330
4/12/2024,1456.370728,1475.553696,1452.325594,1465.0316,15551012
4/15/2024,1454.062744,1471.235688,1435.698665,1450.265895,12902062
4/16/2024,1454.981079,1460.36627,1440.265047,1442.672158,9366184
4/18/2024,1453.566406,1475.082206,1448.627982,1452.747516,19005692
4/19/2024,1459.323975,1463.170505,1432.423103,1446.072081,15741778
4/22/2024,1468.977417,1471.930535,1457.016022,1461.631761,10350362
4/23/2024,1448.603271,1482.527236,1444.856103,1468.133767,14605554
4/24/2024,1439.520508,1457.760505,1438.850419,1452.74756,10462776
4/25/2024,1449.248413,1457.189636,1430.909175,1431.901828,15943926
4/26/2024,1441.878174,1454.236655,1439.34686,1453.194321,9413848
4/29/2024,1454.261353,1457.11523,1439.346718,1439.346718,7247974
4/30/2024,1456.221802,1472.178649,1452.127109,1457.214455,11474262
5/2/2024,1455.775269,1466.471007,1453.368037,1461.185179,14512646
5/3/2024,1423.464355,1464.113446,1405.745524,1460.192515,17226958
5/6/2024,1409.095703,1429.420248,1407.581883,1424.95331,7394208
5/7/2024,1391.178223,1410.311632,1381.772861,1405.57169,14517472
5/8/2024,1408.12793,1422.422036,1387.232536,1387.232536,9439002
5/9/2024,1383.882324,1413.289669,1379.787631,1402.618649,11009612
5/10/2024,1397.084595,1399.640628,1377.876664,1386.487976,10505096
5/13/2024,1392.394287,1396.637903,1373.831725,1389.614931,8456620
5/14/2024,1409.641479,1416.59005,1389.738862,1390.681834,7188300
5/15/2024,1405.869629,1419.468926,1402.643507,1410.063564,5046534
5/16/2024,1414.877808,1417.012036,1387.753615,1408.127841,14711774
5/17/2024,1425.151855,1426.640835,1402.866844,1412.594892,10916476
5/21/2024,1425.57373,1431.231804,1415.126034,1415.126034,11176128
5/22/2024,1449.918579,1457.983884,1425.722663,1425.722663,10281604
5/23/2024,1475.131958,1481.261517,1444.310036,1447.834002,14608260
5/24/2024,1469.374512,1477.563898,1465.254978,1472.724715,7094776
5/27/2024,1455.477417,1473.990419,1450.811997,1469.349718,6629010
5/28/2024,1445.501099,1467.637307,1442.076495,1457.214451,7820162
5/29/2024,1430.189575,1447.287998,1427.881584,1435.872489,7383556
5/30/2024,1414.38147,1429.817271,1409.666368,1424.953247,13206858
5/31/2024,1419.890747,1431.65366,1411.800602,1420.784159,31069832
6/3/2024,1499.228516,1503.37289,1448.280652,1472.104322,21527942
6/4/2024,1387.009155,1487.043779,1349.313184,1487.043779,36709098
6/5/2024,1410.311646,1420.63526,1373.930892,1411.552462,17464890
6/6/2024,1421.081909,1433.092985,1410.907217,1424.456953,17855722
6/7/2024,1459.150024,1461.185011,1416.019306,1418.004612,18558696
6/10/2024,1460.589478,1482.37816,1457.288834,1459.150058,9251760
6/11/2024,1445.972778,1462.847878,1443.987472,1458.207177,11774902
6/12/2024,1452.573853,1465.155777,1444.483828,1446.791697,10081742
6/13/2024,1454.484741,1461.433312,1449.372554,1461.185149,9181160
6/14/2024,1466.694458,1468.803846,1446.518713,1459.19988,8157998
6/18/2024,1470.143921,1476.472084,1460.539955,1476.422403,7196766
6/19/2024,1447.933228,1476.57124,1445.302673,1476.57124,8725874
6/20/2024,1462.872681,1471.95548,1439.446094,1448.28073,16113776
6/21/2024,1443.515869,1463.865255,1429.990973,1462.798201,31170360
6/24/2024,1430.884277,1438.850341,1426.938506,1434.90457,8878386
6/25/2024,1443.466309,1445.228292,1430.412898,1432.398204,7045386
6/26/2024,1502.901367,1507.814951,1434.507557,1435.425809,22014882
6/27/2024,1519.304932,1526.203821,1494.935255,1502.628315,28383030
6/28/2024,1553.898926,1569.384287,1519.776481,1519.776481,28957336
7/1/2024,1548.6875,1567.796069,1544.245402,1551.045051,7724306
7/2/2024,1553.675659,1561.939447,1545.560673,1557.968835,7749246
7/3/2024,1541.019287,1563.428379,1531.440162,1554.817066,9049620
7/4/2024,1542.607544,1555.983518,1539.406262,1545.560662,6837176
7/5/2024,1576.953247,1586.755695,1536.626722,1542.408877,12269710
7/8/2024,1589.138184,1596.980166,1570.898185,1577.325589,9500806
7/9/2024,1578.591187,1588.741039,1568.88798,1585.862321,6960002
7/10/2024,1572.585571,1585.763063,1551.665459,1583.281431,7134578
7/11/2024,1569.036865,1592.46345,1558.961414,1575.836514,11940946
7/12/2024,1584.993774,1593.356924,1562.932087,1572.858616,12924784
7/15/2024,1585.490112,1594.051744,1573.85128,1592.662006,5329688
7/16/2024,1564.669189,1588.244697,1557.596537,1581.792453,9386838
7/18/2024,1575.0177,1582.189594,1546.379565,1564.421081,12298374
7/19/2024,1543.724243,1578.293333,1541.391533,1574.347562,13140390
7/22/2024,1489.649536,1526.203933,1488.259798,1525.95577,19674376
7/23/2024,1476.968262,1494.687092,1452.25118,1489.97199,18052044
7/24/2024,1484.710938,1498.409596,1465.552809,1474.0896,11913362
7/25/2024,1481.435181,1489.450804,1466.222703,1470.118914,12519876
7/26/2024,1497.93811,1501.313155,1479.400268,1481.435255,9859940
7/29/2024,1508.931763,1516.277419,1500.667975,1500.841617,7538550
7/30/2024,1502.032715,1513.795627,1498.905834,1505.879245,8228208
7/31/2024,1494.364502,1499.352486,1490.120887,1492.949923,10057346
8/1/2024,1504.167114,1506.847229,1493.247931,1500.891311,10764222
8/2/2024,1488.309204,1498.235733,1482.303727,1493.942558,10268248
8/5/2024,1436.691284,1472.997636,1422.719743,1469.126266,17046704
8/6/2024,1445.352417,1466.644775,1440.662035,1444.459005,10236186
8/7/2024,1454.062744,1461.681404,1450.762222,1458.207118,8174568
8/8/2024,1438.478271,1454.236638,1435.30183,1446.816581,12387192
8/9/2024,1463.468262,1465.65205,1445.302665,1449.273276,6249776
8/12/2024,1449.893677,1462.177757,1447.0398,1459.199798,8184584
8/13/2024,1452.871704,1459.274267,1447.288031,1450.017827,6265064
8/14/2024,1451.109741,1461.185193,1443.019595,1452.797324,6267466
8/16/2024,1467.3396,1469.523509,1447.337739,1457.859836,9416902
8/19/2024,1482.479126,1492.339768,1474.610528,1476.602572,13797742
8/20/2024,1489.999023,1497.942396,1484.097666,1491.268976,8411808
8/21/2024,1492.713257,1501.87661,1484.072718,1487.309789,7769996
8/22/2024,1492.165405,1500.507089,1484.720165,1497.021012,10445782
8/23/2024,1494.008057,1505.312882,1492.464296,1497.768064,9249654
8/26/2024,1506.582886,1516.941539,1497.021099,1500.980262,8816114
8/27/2024,1494.481201,1507.454412,1493.485179,1504.491271,6251156
8/28/2024,1492.339844,1501.478273,1487.060878,1499.013143,9610286
8/29/2024,1514.874756,1530.88576,1488.056816,1497.120591,38335358
8/30/2024,1503.619751,1533.59999,1497.344764,1527.897788,41620730
9/2/2024,1510.218384,1520.726465,1500.631672,1504.864765,11240852
9/3/2024,1503.121704,1516.941509,1501.503168,1515.198471,10923800
9/4/2024,1508.525146,1511.463363,1493.534967,1494.730145,11983304
9/5/2024,1487.035889,1519.705458,1481.134531,1513.007235,16264168
9/6/2024,1458.997803,1491.044858,1455.810581,1486.562759,19394228
9/9/2024,1456.632324,1464.077686,1449.809598,1460.666262,9010298
9/10/2024,1455.71106,1466.194215,1451.7767,1454.690113,10768260
9/11/2024,1445.725952,1462.907332,1441.791714,1457.230055,9760202
9/12/2024,1473.91333,1480.088618,1440.123237,1451.203981,22349376
9/13/2024,1466.766846,1477.250001,1463.654277,1470.526853,8711328
9/16/2024,1465.496948,1475.009007,1458.923227,1471.672358,5481774
9/17/2024,1466.443237,1471.597578,1460.790764,1468.136426,5935328
9/18/2024,1457.628296,1476.104552,1454.739929,1464.152288,8574714
9/19/2024,1463.828613,1470.626414,1449.759803,1460.417189,16955902
9/20/2024,1480.014038,1489.052889,1465.521869,1468.136427,30897320
9/23/2024,1487.434326,1495.527005,1483.02688,1485.068774,8832314
9/24/2024,1483.450195,1494.53094,1481.956162,1482.578676,17137444
9/25/2024,1488.006958,1490.546863,1474.311656,1477.99701,7069002
9/26/2024,1491.991089,1498.017071,1482.130568,1484.720201,18818998
9/27/2024,1520.103882,1527.374769,1486.064782,1493.036936,20597478
9/30/2024,1470.701172,1518.908662,1468.534897,1513.355888,27008814
10/1/2024,1458.997803,1482.03081,1457.005759,1474.759923,16431642
10/3/2024,1401.378052,1443.634334,1396.49752,1430.860279,37757294
10/4/2024,1381.009399,1411.711728,1376.278295,1398.340206,37072876
10/7/2024,1365.272217,1390.944708,1355.959436,1387.956642,22181340
10/8/2024,1391.79126,1395.426764,1359.669552,1367.513225,17020808
10/9/2024,1369.131836,1395.401917,1367.040214,1391.965689,14310610
10/10/2024,1365.595947,1380.486427,1363.977412,1374.53522,22358646
10/11/2024,1366.641724,1377.772318,1363.379727,1364.550102,7980122
10/14/2024,1367.065063,1374.584956,1362.807045,1373.962443,12221432
10/15/2024,1338.678467,1366.243302,1335.366621,1353.120786,33762794
10/16/2024,1348.688477,1358.574044,1332.303963,1334.669515,20034438
10/17/2024,1351.029175,1363.006242,1346.671579,1360.267181,15543660
10/18/2024,1353.8927,1362.981401,1335.989108,1346.796044,12082452
10/21/2024,1363.753296,1368.53425,1352.323968,1361.686599,14067408
10/22/2024,1338.006104,1370.526246,1334.893535,1363.753247,15831960
10/23/2024,1333.200317,1352.074885,1329.689316,1332.179371,17214742
10/24/2024,1334.470337,1338.354725,1317.861621,1329.963313,22155934
10/25/2024,1322.567749,1339.002112,1316.741045,1338.155517,18597496
10/28/2024,1329.04187,1347.617704,1316.840601,1331.681353,10824350
10/29/2024,1334.669434,1337.856655,1315.04785,1322.816748,12008361
10/30/2024,1338.553955,1344.629665,1320.077699,1329.689335,11984423
10/31/2024,1326.751099,1337.65749,1320.874545,1334.669425,9331650
11/1/2024,1333.324829,1336.611629,1327.697281,1327.74713,2127335
11/4/2024,1296.970093,1334.669502,1279.987869,1332.52803,19796890
11/5/2024,1300.107544,1304.340637,1281.033699,1287.856425,16267479
11/6/2024,1320.077759,1323.016097,1295.027781,1304.788845,21625209
11/7/2024,1300.456177,1318.733157,1297.418261,1318.733157,9611974
11/8/2024,1278.643188,1296.472006,1269.927996,1292.487918,19814406
11/11/2024,1267.637085,1280.884226,1261.959808,1273.862222,9056552
11/12/2024,1269.18103,1284.17121,1262.457882,1270.475908,10671091
11/13/2024,1247.069336,1270.376152,1244.529431,1265.196887,14633633
11/14/2024,1262.557495,1267.537605,1246.123132,1248.613187,12612633
11/18/2024,1255.734741,1267.836433,1238.951795,1262.557468,13620611
11/19/2024,1236.710693,1276.402144,1230.236551,1255.734689,14183746
11/21/2024,1218.134888,1239.0015,1212.407761,1236.710722,19433843
11/22/2024,1260.366211,1263.802438,1217.586995,1224.50942,20471957
11/25/2024,1281.880249,1299.260783,1277.348301,1284.868315,28923341
11/26/2024,1290.545654,1292.687126,1279.091401,1289.798638,9247557
11/27/2024,1288.055542,1298.6632,1280.884233,1288.354397,9572746
11/28/2024,1265.744751,1291.442045,1264.001713,1284.818474,15027412
11/29/2024,1287.05957,1294.330579,1270.177046,1274.908151,13202307
12/2/2024,1303.942261,1306.133461,1271.969978,1282.876371,11024152
12/3/2024,1318.035889,1321.521965,1301.800682,1311.760902,16869482
12/4/2024,1303.74292,1323.11562,1298.862509,1320.725143,19608540
12/5/2024,1316.790894,1324.65937,1300.95412,1309.121451,16858723
12/6/2024,1306.332642,1318.633488,1304.788759,1318.633488,9037514
12/9/2024,1289.997925,1309.768937,1287.956031,1297.816673,14650002
12/10/2024,1279.73877,1289.748839,1275.107243,1284.12129,16043729
12/11/2024,1273.115234,1284.868342,1270.973884,1279.888232,11724373
12/12/2024,1257.876221,1273.115285,1255.585321,1264.947953,20906813
12/13/2024,1267.786621,1270.127249,1234.668888,1254.987762,28630222
12/16/2024,1263.254761,1275.904192,1261.511722,1269.92806,9486781
12/17/2024,1240.346191,1258.872175,1237.856137,1256.033537,17462791
12/18/2024,1248.264526,1254.937825,1235.714674,1235.714674,12670179
12/19/2024,1225.555176,1239.947766,1224.110993,1234.071212,14244653
12/20/2024,1200.505371,1234.569275,1196.720439,1219.130934,20312896
12/23/2024,1217.437744,1222.318155,1208.373847,1210.166735,10052824
12/24/2024,1217.885864,1228.64295,1216.142826,1217.437703,6734917
12/26/2024,1211.710571,1222.816119,1209.419672,1219.379892,10016178
12/27/2024,1216.192749,1223.015476,1212.158811,1213.453688,7000397
12/30/2024,1205.883789,1218.334064,1203.294156,1211.561187,8818766
12/31/2024,1210.614868,1214.250373,1201.351937,1203.194553,6405475
1/1/2025,1216.391846,1221.421805,1206.780209,1210.017281,5892590
1/2/2025,1236.860107,1239.499468,1215.14678,1216.391808,15486276
1/3/2025,1246.172974,1257.029638,1230.585205,1238.951814,15521102
1/6/2025,1213.154785,1256.979753,1210.166719,1248.961727,14816766
1/7/2025,1235.913818,1239.549323,1216.391812,1217.138829,10070505
1/8/2025,1260.46582,1265.993791,1240.395953,1244.031458,19346579
1/9/2025,1249.758545,1264.698874,1243.085246,1261.959814,12794704
1/10/2025,1236.959717,1251.750619,1231.083163,1248.862131,8120332
1/13/2025,1234.917847,1240.29639,1221.521399,1225.107054,13764861
1/14/2025,1233.822266,1248.364163,1222.368013,1239.150959,13095266
1/15/2025,1247.218628,1251.999582,1236.909825,1239.997469,9578856
1/16/2025,1261.411987,1269.928024,1246.322352,1253.892094,14117603
1/17/2025,1297.169189,1320.725133,1279.888233,1316.990051,29366277
1/20/2025,1300.256836,1310.764916,1295.07757,1310.764916,14040244
1/21/2025,1268.633179,1307.776892,1265.147102,1305.286837,14562976
1/22/2025,1272.019653,1277.796629,1263.653044,1273.214953,10273590
1/23/2025,1258.623169,1272.268621,1256.581275,1264.947884,8720682
1/24/2025,1241.342285,1267.936024,1238.553375,1260.96387,14235970
1/27/2025,1224.459595,1235.515414,1215.146814,1234.170809,9536019
1/28/2025,1229.489624,1239.798428,1213.652849,1233.075279,10568025
1/29/2025,1230.585205,1237.806365,1223.16489,1231.083216,5928156
1/30/2025,1248.06543,1251.999668,1227.497551,1230.635044,9269259
1/31/2025,1260.067383,1261.959849,1244.031453,1250.854179,6584612
2/1/2025,1259.569336,1265.49574,1236.063242,1260.067347,7118453
2/3/2025,1240.943848,1251.003646,1232.627088,1246.023536,9252345
2/4/2025,1280.087402,1283.673179,1241.640978,1243.085283,16691069
2/5/2025,1273.115234,1285.366353,1271.621201,1277.547605,10112028
2/6/2025,1276.452026,1282.87632,1265.296507,1268.633156,9956001
2/7/2025,1261.661011,1278.593385,1256.979756,1271.073492,8764283
2/10/2025,1248.662964,1261.461822,1240.59521,1259.469778,6970972
2/11/2025,1229.937744,1259.519671,1225.20664,1259.519671,8859714
2/12/2025,1211.710571,1222.019374,1188.602789,1214.598938,21131654
2/13/2025,1211.262329,1223.115015,1207.178663,1212.208623,8511216
2/14/2025,1212.407715,1219.130863,1200.654607,1214.150753,10298145
2/17/2025,1220.027344,1222.616977,1199.708471,1206.282192,8166683
2/18/2025,1220.525391,1225.00749,1211.262337,1219.97753,6673250
2/19/2025,1222.567139,1227.846104,1212.706618,1214.648813,6217338
2/20/2025,1228.095093,1234.419808,1217.138851,1219.081045,7795582
2/21/2025,1223.264404,1235.06724,1217.288272,1223.812143,6904025
2/24/2025,1209.718506,1218.383848,1205.684568,1211.71055,7172498
2/25/2025,1199.210449,1216.142823,1196.720394,1206.182603,11552182
2/27/2025,1202.298096,1210.166694,1195.873803,1207.975494,11509215
2/28/2025,1195.325928,1212.507307,1188.553051,1197.218394,23007298
3/3/2025,1166.590698,1201.650622,1151.401364,1199.210417,17944938
3/4/2025,1157.277954,1169.329796,1154.937327,1157.576688,11377373
3/5/2025,1170.923462,1178.294049,1152.397477,1156.381565,8664095
3/6/2025,1204.788208,1209.120879,1180.435518,1192.238355,14468014
3/7/2025,1244.828369,1249.808479,1207.178688,1211.162776,16474965
3/10/2025,1233.473633,1252.995639,1230.485567,1240.047354,11931051
3/11/2025,1242.338257,1244.529457,1224.858023,1235.067248,10089838
3/12/2025,1252.049438,1257.97572,1239.051303,1252.995611,11977555
3/13/2025,1242.935913,1259.121271,1238.901975,1255.037605,9505270
3/17/2025,1233.921753,1252.398009,1228.194627,1237.208674,16640917
3/18/2025,1233.921753,1233.921753,1233.921753,1233.921753,0
3/19/2025,1242.188843,1248.264553,1233.872084,1236.113133,16162399
3/20/2025,1264.101318,1267.935979,1245.077323,1246.870089,15971477
3/21/2025,1271.272583,1275.904109,1265.047446,1269.927978,21780769
3/24/2025,1296.920166,1300.804676,1279.141198,1285.864347,20299319
3/25/2025,1280.336426,1302.497915,1277.497787,1302.497915,13713899
3/26/2025,1267.98584,1288.653296,1263.702897,1285.864386,12074747
3/27/2025,1273.115234,1279.888232,1266.24278,1273.065506,15028056
3/28/2025,1270.027588,1290.595466,1263.951878,1274.90812,18147129
4/1/2025,1247.617065,1272.816469,1244.330266,1259.569329,12099648
4/2/2025,1246.172974,1250.555495,1238.951814,1242.587319,10142590
4/3/2025,1243.732666,1246.820432,1228.145018,1228.145018,7434366
4/4/2025,1199.907593,1240.495487,1188.403612,1236.162816,17908652
4/7/2025,1161.062744,1166.590715,1110.415052,1127.696009,22156106
4/8/2025,1177.497192,1191.839934,1158.672473,1167.337816,19555040
4/9/2025,1180.634644,1185.067014,1163.353686,1164.847719,10223104
4/11/2025,1214.100952,1217.786306,1190.395702,1190.395702,11224242
4/15/2025,1235.16687,1246.023534,1232.178804,1246.023534,13378535
4/16/2025,1234.370117,1235.963728,1224.111042,1229.19073,8248464
4/17/2025,1269.430054,1275.107331,1222.716597,1235.26645,15398401
4/21/2025,1290.346436,1295.724978,1261.95981,1264.947876,10429964
4/22/2025,1286.063599,1298.713151,1281.183188,1294.828641,13051707
4/23/2025,1294.828613,1300.804745,1280.286716,1291.840547,10480888
4/24/2025,1296.422241,1299.310729,1285.167265,1287.258887,10468940
4/25/2025,1295.227051,1319.928324,1282.975931,1298.314695,14431012
4/28/2025,1363.35498,1369.131835,1314.948213,1334.669498,31104496
4/29/2025,1394.131958,1405.287477,1364.550153,1365.546175,32538970
4/30/2025,1399.410889,1406.781476,1363.554097,1396.422823,25480745
5/2/2025,1414.1521,1421.024554,1403.494591,1408.375123,13007841
5/5/2025,1425.606323,1433.773655,1421.223802,1425.307468,12685649
5/6/2025,1415.247681,1426.303501,1404.988605,1425.307479,14084117
5/7/2025,1400.40686,1418.733689,1397.119939,1415.247612,13440169
5/8/2025,1401.402954,1415.148106,1392.438756,1398.514466,16106175
5/9/2025,1371.721436,1389.25152,1369.032225,1379.988467,13668904
5/12/2025,1430.785522,1433.275577,1394.430722,1394.430722,10674081
5/13/2025,1410.068237,1441.94094,1406.781438,1427.797477,11407896
5/14/2025,1418.733765,1424.211886,1409.869145,1414.351244,5570160
5/15/2025,1448.415161,1455.586593,1407.080248,1419.331367,20177211
5/16/2025,1450.606445,1455.188122,1441.54267,1447.419102,9036695
5/19/2025,1435.068481,1448.813511,1432.478727,1446.323457,6195791
5/20/2025,1418.932861,1439.251734,1416.144073,1432.478736,11270560
5/21/2025,1423.514526,1430.48668,1412.458707,1418.235683,6136364
5/22/2025,1403.793457,1418.136198,1391.343182,1415.546444,12134466
5/23/2025,1421.124268,1428.096422,1401.00455,1401.00455,6474883
5/26/2025,1429.092407,1435.267695,1419.430921,1426.303497,4842944
5/27/2025,1416.442871,1431.283623,1408.275539,1420.426959,12640414
5/28/2025,1407.279541,1416.940906,1405.08822,1414.450851,5944611
5/29/2025,1412.160034,1414.351234,1402.996559,1406.482636,13771917
5/30/2025,1415.247681,1424.909045,1404.092161,1412.359193,13788484
6/2/2025,1408.076294,1411.861226,1390.04832,1406.482683,8098668
6/3/2025,1399.908936,1420.825398,1397.817314,1416.642154,11252626
6/4/2025,1417.83728,1420.02848,1400.506474,1409.072238,8126827
6/5/2025,1436.662109,1448.913107,1417.936848,1422.319369,13716817
6/6/2025,1437.75769,1445.725866,1431.283548,1435.267636,8182161
6/9/2025,1443.036743,1451.702086,1439.550666,1451.204075,7885125
6/10/2025,1432.777588,1448.11635,1430.287533,1444.23184,7913181
6/11/2025,1443.13623,1462.757814,1437.359255,1440.048587,8195700
6/12/2025,1435.865234,1451.203997,1428.693925,1447.71792,8828114
6/13/2025,1422.219849,1429.789592,1408.673974,1418.335338,9757276
6/16/2025,1432.080444,1436.662121,1418.733726,1421.22378,8458093
6/17/2025,1425.506592,1442.239809,1420.12817,1442.239809,10366599
6/18/2025,1424.411011,1437.060563,1420.02849,1424.311433,6681735
6/19/2025,1427.598389,1434.17211,1420.028524,1424.411045,10007230
6/20/2025,1460.367432,1465.148386,1422.419017,1425.307505,29010635
6/23/2025,1451.004883,1457.977037,1436.263709,1447.219951,5989078
6/24/2025,1445.028687,1469.132369,1437.359245,1459.17215,16402744
6/25/2025,1461.463135,1466.542823,1454.690137,1458.176214,7525851
6/26/2025,1489.351685,1492.837761,1459.271748,1463.255836,14657893
6/27/2025,1509.371704,1515.945425,1490.945298,1493.435353,11117052
6/30/2025,1494.630615,1518.734421,1490.048938,1507.778179,8409527
7/1/2025,1522.320068,1525.308134,1494.132597,1494.630608,10368523
7/2/2025,1512.758301,1523.913699,1502.698381,1522.320088,6361002
7/3/2025,1511.762207,1525.806093,1506.981253,1514.750273,11283291
7/4/2025,1521.224487,1523.913698,1511.164568,1517.937566,6603501
7/7/2025,1535.36792,1538.654841,1518.933557,1520.527168,7251074
7/8/2025,1531.483398,1538.754408,1524.112811,1529.889788,7171261
7/9/2025,1512.957397,1544.830101,1504.092777,1530.586938,8870660
7/10/2025,1511.164551,1518.634716,1501.503186,1513.654606,10047129
7/11/2025,1489.252075,1508.97336,1484.371665,1505.985294,7234991
7/14/2025,1477.797729,1494.032936,1473.216053,1486.263916,10311846
7/15/2025,1479.491089,1490.546909,1476.503023,1480.287834,8132454
7/16/2025,1479.690186,1485.068728,1465.6463,1467.140333,10409983
7/17/2025,1470.526855,1483.674297,1468.036801,1481.483097,11854613
7/18/2025,1470.128418,1478.89346,1463.255842,1478.89346,10296318
7/21/2025,1422.916992,1470.128459,1417.438871,1459.172217,22442744
7/22/2025,1407.179932,1426.203928,1405.088188,1421.721829,20396320
7/23/2025,1418.932861,1420.327316,1408.773486,1420.327316,8354596
7/24/2025,1397.319214,1417.339231,1390.446638,1413.554299,14740507
7/25/2025,1386.163696,1395.426749,1378.593954,1393.335127,11854722
7/28/2025,1382.080078,1402.199795,1379.490445,1386.761454,7748361
7/29/2025,1411.462769,1414.550412,1377.498442,1377.498442,10750072
7/30/2025,1404.490601,1417.638164,1395.72568,1412.458777,7209849
7/31/2025,1384.669678,1397.020374,1376.701502,1382.578056,17065827
8/1/2025,1388.155762,1400.307303,1378.793253,1381.382885,10321171
8/4/2025,1405.88501,1410.466687,1386.163726,1389.550225,6312820
8/5/2025,1386.163696,1405.386969,1382.578042,1405.386969,9315972
8/6/2025,1387.259521,1390.347165,1377.797312,1386.363077,5834312
8/7/2025,1383.872925,1388.155746,1360.565987,1382.179615,9976705
8/8/2025,1362.358887,1391.641835,1359.569977,1379.490416,8793606
8/11/2025,1380.685669,1382.478557,1355.785119,1364.550161,9997486
8/12/2025,1374.908813,1396.323287,1369.729426,1376.402846,12244664
8/13/2025,1377.099976,1386.263451,1372.020288,1382.478519,7457021
8/14/2025,1373.800049,1380.699951,1370.099976,1377.300049,7126128
8/18/2025,1381.699951,1394.900024,1377,1390,11785109
8/19/2025,1420.099976,1421,1389.099976,1390,14384719
8/20/2025,1413,1424.900024,1410,1413,8725641
8/21/2025,1424.800049,1431.900024,1420.300049,1425,11021323
8/22/2025,1409.199951,1423.400024,1407.900024,1420,5818868
8/25/2025,1412.599976,1419.5,1405.699951,1414.699951,5979407
8/26/2025,1384.900024,1410,1381.599976,1408,12145259
8/28/2025,1385.900024,1392.199951,1366.5,1389.900024,13161813
8/29/2025,1357.199951,1403.5,1350,1381.099976,18758842
9/1/2025,1353.900024,1363.199951,1340.599976,1356,11232238
9/2/2025,1366.5,1384.5,1354.5,1354.800049,11517006
9/3/2025,1372.599976,1376.5,1360.5,1369.699951,7847563
9/4/2025,1359.300049,1374,1357.099976,1371.800049,13223177
9/5/2025,1375,1381,1359.300049,1363,5777575
9/8/2025,1378.5,1386,1372.400024,1380,6986720
9/9/2025,1376.199951,1381.199951,1368.699951,1376.599976,9754452
9/10/2025,1377,1388.5,1374.099976,1383.900024,7790815
9/11/2025,1383.300049,1385.5,1375,1376,9766072
9/12/2025,1395,1396.300049,1380.5,1383.300049,7403368
9/15/2025,1399.300049,1400.800049,1388.599976,1393,5396697
9/16/2025,1405.300049,1408,1398.199951,1404.699951,8686961
9/17/2025,1413.800049,1416.199951,1406.900024,1407,7519417
9/18/2025,1415,1422,1410.699951,1420.400024,9332642
9/19/2025,1407.400024,1417,1403.599976,1414.900024,13461373
9/22/2025,1390.599976,1410.699951,1388,1403.900024,7757970
9/23/2025,1389.800049,1395,1376.800049,1391,14014702
9/24/2025,1383,1396,1380.400024,1385.300049,5922759
9/25/2025,1372.400024,1384.5,1369,1381.300049,11411143
9/26/2025,1377.599976,1382.699951,1366,1372,9879109
9/29/2025,1372.800049,1389,1368,1381.599976,14231999
9/30/2025,1364,1377.099976,1362.800049,1377.099976,14604684
10/1/2025,1368.699951,1378.599976,1362.699951,1367,12045916
10/3/2025,1363.400024,1371.599976,1356.900024,1363.199951,12842347
10/6/2025,1375,1377.400024,1359,1360,12396580
10/7/2025,1384.800049,1395.900024,1375.900024,1376,11244040
10/8/2025,1367.400024,1389,1364.5,1384.800049,8525081
10/9/2025,1377.800049,1380,1369.099976,1374,8826633
10/10/2025,1381.699951,1388,1375.099976,1377.800049,6373084
10/13/2025,1375,1377.699951,1367.800049,1376.900024,7600682
10/14/2025,1375.900024,1388,1370.099976,1380,9768174
10/15/2025,1374.300049,1384,1372.699951,1383,10882743
10/16/2025,1398.300049,1400.5,1375,1375.099976,12315932
10/17/2025,1416.800049,1423.300049,1399.099976,1401,19335561
10/20/2025,1466.800049,1473.800049,1433.300049,1440,24721978
10/21/2025,1465.199951,1474,1460,1468,2066169
10/23/2025,1448.400024,1482.900024,1444.599976,1475,18707090
10/24/2025,1451.599976,1459.800049,1441,1450,9700837
10/27/2025,1484.099976,1485,1458,1463,14113867
10/28/2025,1486.900024,1492,1477.599976,1484.099976,17631577
10/29/2025,1504.199951,1508.300049,1488.099976,1490,11884745
10/30/2025,1488.5,1503.099976,1484,1500,9318663
10/31/2025,1486.400024,1497.5,1482.300049,1490.400024,8758053
11/3/2025,1484.699951,1495,1479.300049,1486,8452085
11/4/2025,1473.099976,1492.800049,1470.099976,1483.900024,10007806
11/6/2025,1496.099976,1501.599976,1476.199951,1484,16772678
11/7/2025,1478,1498.400024,1475.900024,1494.599976,7821765
11/10/2025,1489.300049,1501,1475.5,1477.900024,7068438
11/11/2025,1493.400024,1498.800049,1480.199951,1497,7127506
11/12/2025,1511.5,1524.699951,1500,1505,12384459
11/13/2025,1510.900024,1522.099976,1506.800049,1515,7196443
11/14/2025,1518.900024,1520.900024,1505.5,1505.5,7682823
11/17/2025,1518.300049,1523.699951,1511.5,1520.900024,5871416
11/18/2025,1519.400024,1527.800049,1510.5,1521.699951,11045042
11/19/2025,1518.900024,1522.300049,1512,1517.400024,5692366
11/20/2025,1549.099976,1550.900024,1526.699951,1530,18171724
11/21/2025,1546.599976,1557.800049,1540.099976,1541,9615271
11/24/2025,1535.900024,1550,1531.800049,1550,18433951
11/25/2025,1539.699951,1559.599976,1525.099976,1535.900024,15033482
11/26/2025,1569.900024,1571.599976,1540.5,1542.300049,14054299
11/27/2025,1563.400024,1575.5,1556,1575,9794643
11/28/2025,1567.5,1581.300049,1563,1568,8959508
12/1/2025,1566.099976,1577.5,1563.599976,1575,8920233
12/2/2025,1546.300049,1567.5,1542,1561.099976,11389150
12/3/2025,1538.800049,1552.400024,1533,1545.199951,6090883
12/4/2025,1535.599976,1560.5,1517.599976,1536,11867930
12/5/2025,1540.599976,1545.800049,1520.599976,1530.400024,10183266
12/8/2025,1543,1551,1535,1539.199951,11301491
12/9/2025,1529.400024,1542.5,1520.099976,1540.300049,11503971
12/10/2025,1536.900024,1547.5,1531.400024,1534,7991629
12/11/2025,1545,1550,1524,1536.900024,4706197
12/12/2025,1556.5,1559.800049,1546.099976,1550.800049,5106655
12/15/2025,1556.199951,1558.599976,1546.5,1551.199951,5774543
12/16/2025,1542.300049,1551.699951,1538.800049,1545,11731856
12/17/2025,1544.400024,1550,1539.300049,1550,7116649
12/18/2025,1544.400024,1551.5,1535.199951,1535.199951,6580829
12/19/2025,1565.099976,1574.199951,1551,1554.400024,13937275
12/22/2025,1575.400024,1577.5,1565.300049,1573.5,10184852
12/23/2025,1570.699951,1580.900024,1568.099976,1580.900024,7506564
12/24/2025,1558.199951,1575.699951,1553.599976,1572.699951,8815745
12/26/2025,1559.199951,1561,1554.300049,1554.699951,2311495
12/29/2025,1545.599976,1558.099976,1543.599976,1554.900024,5972105
12/30/2025,1539.800049,1553.599976,1537.800049,1547,8815884
12/31/2025,1570.400024,1577,1541,1541,5771830
1/1/2026,1575.599976,1592.5,1571.099976,1573.699951,6408128
1/2/2026,1592.300049,1594.599976,1578.199951,1580,6602230
1/5/2026,1578.099976,1611.800049,1575.300049,1593,8704973
1/6/2026,1507.599976,1569,1496.300049,1569,27417125
1/7/2026,1504.199951,1520,1498,1510,11199340
1/8/2026,1470.599976,1503.900024,1468.800049,1500,16518684
1/9/2026,1475.300049,1479.900024,1465,1465,8335311
1/12/2026,1483.199951,1485.300049,1451,1475.300049,8883745
1/13/2026,1452.800049,1485.800049,1444.699951,1485,13499760
1/14/2026,1458.800049,1467,1440.199951,1444,8321764
1/15/2026,1458.800049,1458.800049,1458.800049,1458.800049,0
1/16/2026,1457.900024,1480,1455.099976,1458.800049,17167161
1/19/2026,1413.599976,1450.599976,1403.300049,1450.599976,20392765
1/20/2026,1394,1416,1390,1410.699951,13189498
1/21/2026,1404.599976,1412.900024,1373,1389.5,17352720
1/22/2026,1402.5,1419.5,1395,1410.099976,15721693
1/23/2026,1386.099976,1407,1381,1401.800049,9837802
1/27/2026,1380.5,1391.599976,1368,1380,26302396
1/28/2026,1396.699951,1409.900024,1384.900024,1385,11121657
1/29/2026,1391,1402.900024,1384,1402.900024,20846683
1/30/2026,1395.400024,1398,1378.5,1382.599976,11239835
2/2/2026,1390.400024,1392.900024,1335.5,1340,15711165
2/3/2026,1437.099976,1489.5,1430.199951,1473.900024,25456171
2/4/2026,1456.800049,1464,1440.300049,1444,8333387
2/5/2026,1443.400024,1461.5,1439.5,1457,11763658
2/6/2026,1450.800049,1452.800049,1433.5,1441.5,8277304
2/9/2026,1461.599976,1465.900024,1453,1458,5775864
2/10/2026,1458.5,1471,1452.199951,1471,10259630
2/11/2026,1468.699951,1470,1453.599976,1459.599976,7106877
2/12/2026,1448.900024,1473,1445.5,1470,11135399
2/13/2026,1419.599976,1450.699951,1416.300049,1445.5,10755693
2/16/2026,1437.099976,1439.599976,1409.300049,1420.099976,5896514
2/17/2026,1423,1431.800049,1418.599976,1431.099976,10731630
2/18/2026,1441.300049,1442.099976,1419.199951,1427,5521096
2/19/2026,1409.5,1443,1400,1443,11884664
2/20/2026,1419.400024,1427.400024,1406.099976,1409.5,8177670
2/23/2026,1428,1434.900024,1418.300049,1425,7758856
2/24/2026,1428.800049,1433.300049,1415,1425.300049,12529409
2/25/2026,1398.5,1440.5,1393.5,1435,10728792
2/26/2026,1406.800049,1412.900024,1391.900024,1398.5,16683858
2/27/2026,1393.900024,1410.400024,1388.099976,1398,12031440
3/2/2026,1358,1378.599976,1341.5,1375.5,23727290
