Date,Close,High,Low,Open,Volume
3/2/2016,163.5044708,165.3547865,155.6970586,155.6970586,53333757
3/3/2016,164.9486084,166.6184083,161.1125942,166.0768479,33507048
3/4/2016,170.048233,171.3570017,161.1125827,165.5352755,38860711
3/8/2016,165.4901733,168.7394948,163.7301087,168.7394948,27928279
3/9/2016,165.5352783,166.0768387,161.293101,162.4664727,29453018
3/10/2016,162.9177704,166.7537844,161.9249142,166.7537844,20472928
3/11/2016,162.5567474,164.8583449,160.2551362,162.4664828,21869157
3/14/2016,164.0460358,165.5353065,163.0983118,164.6778472,14369755
3/15/2016,167.2502289,168.0625558,163.9557612,163.9557612,22369600
3/16/2016,167.1599579,167.7917692,163.9106365,166.9794423,19237834
3/17/2016,168.197937,170.8605793,166.9794329,169.6872075,21560986
3/18/2016,172.620636,173.2975797,167.8820303,168.6492386,21144216
3/21/2016,177.6300354,178.0813312,174.2001845,174.2001845,20678069
3/22/2016,178.2618408,178.9387845,175.554066,177.6300295,16728809
3/23/2016,177.4494934,178.3520849,176.2761217,177.7202598,13362780
3/28/2016,169.9579926,178.9387758,169.3712998,176.7274292,19760603
3/29/2016,171.0410919,172.6206271,168.4687006,170.1385004,16804848
3/30/2016,178.3069763,178.98392,171.9437027,173.523238,20709407
3/31/2016,175.3284454,179.3901083,173.6135266,178.5777812,30132473
4/1/2016,176.5920105,178.0361623,173.2975572,174.8319599,21752206
4/4/2016,175.7345734,178.2167001,173.794007,178.0813169,15732565
4/5/2016,166.3927612,175.5991925,165.4450373,175.0124997,36635637
4/6/2016,165.9414673,167.4307379,164.4521829,166.9794421,16350631
4/7/2016,164.226532,167.566118,163.3690728,165.8963319,19430601
4/8/2016,165.2645111,166.0317056,162.6469875,163.9557424,15805231
4/11/2016,169.9128571,170.499536,164.2716599,165.9414598,18990364
4/12/2016,169.5066986,171.7180452,168.1528113,170.1385099,14563344
4/13/2016,173.2073059,174.922238,172.2144635,172.8914071,17573045
4/18/2016,168.5589752,172.8462852,167.5210004,172.8011528,13985439
4/20/2016,169.0553894,170.2738797,166.1670994,170.0031132,20163005
4/21/2016,175.4186707,178.1715638,171.492392,171.9436877,31008152
4/22/2016,180.6536865,181.8721906,172.8914077,174.7417231,34049763
4/25/2016,177.8556824,182.8199363,176.7274428,181.3757842,23835613
4/26/2016,181.3757782,181.7819417,175.5991975,176.8628202,21809451
4/27/2016,177.043335,181.330645,176.4566559,181.330645,22801603
4/28/2016,173.3427124,178.893645,172.5755041,177.58489,24555479
4/29/2016,170.589798,175.1027556,168.2881868,173.2073079,21021661
5/2/2016,167.882019,170.0933655,167.4307233,169.326171,14469844
5/3/2016,166.121994,170.9057325,165.7609491,168.7846366,16247931
5/4/2016,162.4213562,166.4378861,161.6992802,165.6255591,17826594
5/5/2016,162.7823944,164.9034763,161.1125945,162.6921297,17742028
5/6/2016,166.3927612,166.9343079,162.5567471,163.3239416,18336962
5/9/2016,170.3190155,170.9508268,167.024562,168.3333169,13863696
5/10/2016,171.0410919,171.7631679,168.5138329,169.3261736,13845979
5/11/2016,166.9794464,170.138517,166.1671195,167.3404775,18128414
5/12/2016,170.138504,171.0410956,167.3404648,168.8748814,17398341
5/13/2016,166.8440399,169.6420652,166.3476119,169.6420652,15546644
5/16/2016,159.5782013,166.9794498,158.0889169,166.9794498,30937008
5/17/2016,159.6233215,161.2028567,158.1791695,161.1125921,22183140
5/18/2016,162.4213562,162.872652,156.6447755,159.6684491,25345278
5/19/2016,155.8775482,163.3690604,155.1554723,163.3690604,25480517
5/20/2016,154.6590576,157.6827309,153.9369817,156.5996238,16720624
5/23/2016,151.9964294,155.8775763,151.8159139,155.5165452,16193112
5/24/2016,152.9892731,153.8016,150.1912337,152.3574617,14816798
5/25/2016,158.043808,158.6756194,154.7493401,154.7944724,18900887
5/26/2016,166.2122345,167.4307386,156.5996396,158.0437917,30700988
5/27/2016,176.8176727,182.6845176,163.8203604,166.0768392,85585820
5/30/2016,179.4803314,184.0384076,175.6443174,180.6988217,46075949
5/31/2016,184.9861603,185.663104,177.0884832,179.435227,39457647
6/1/2016,178.9387817,188.0098299,177.4495111,185.8887342,41868032
6/2/2016,181.01474,182.5942752,176.5017822,178.5777455,23499884
6/3/2016,179.7802429,184.8554114,178.6828956,183.8038032,24568749
6/6/2016,181.8834534,185.2669175,180.2374604,180.5575084,23623536
6/7/2016,192.17099,193.0854368,183.026522,183.3008588,66063192
6/8/2016,192.6739349,193.7712683,189.7934331,192.1709864,35163093
6/9/2016,191.9881134,194.5942925,190.4792817,192.0338385,27858182
6/10/2016,188.3303223,193.405505,187.7359374,191.4394499,25598224
6/13/2016,184.5353699,185.2669301,183.0722494,184.261033,21192525
6/14/2016,189.930603,190.7536135,186.364266,186.8672145,23918910
6/15/2016,197.5662537,198.937924,190.707902,191.8052355,48362742
6/16/2016,197.5205078,199.8066248,194.8228926,197.5205078,48122379
6/17/2016,195.1886597,198.8921719,193.4969415,198.2063368,26486677
6/20/2016,197.4290619,198.1606221,190.1134874,190.2049376,32633757
6/21/2016,195.6916046,198.8921682,194.9143193,196.6060514,18960306
6/22/2016,194.68573,196.8346857,193.3597848,195.6916271,16395548
6/23/2016,198.937912,199.3494103,194.5485644,194.7771761,20666649
6/24/2016,193.1768799,194.1827769,185.1754707,188.2845841,47224652
6/27/2016,198.5721283,200.1266991,192.5367874,192.7653992,29021651
6/28/2016,197.4290619,199.9437906,196.9718385,198.2063473,21784062
6/29/2016,198.6178436,200.0809641,197.6119605,199.2579536,18019568
6/30/2016,200.0809631,202.9157398,199.2579526,201.1782965,30600995
7/1/2016,200.8125153,202.0927351,200.1723914,201.9098486,15346865
7/4/2016,203.9216309,205.1561396,203.0071841,203.327246,16534518
7/5/2016,204.3788605,205.8876921,202.595692,204.1502488,15357018
7/7/2016,201.2240143,205.3847499,200.5839043,204.744626,12917872
7/8/2016,199.6237488,201.955591,197.9777417,201.3154671,16017389
7/11/2016,205.4762115,206.1620467,203.0072078,204.4703283,15831791
7/12/2016,207.3050842,207.7623076,204.9732421,205.7505275,19374179
7/13/2016,208.2195435,208.9511037,204.7903678,207.5794335,18377333
7/14/2016,212.1516571,212.9289425,206.6649763,207.5794231,21208021
7/15/2016,211.6944275,214.3463175,211.0543175,212.9746474,15068302
7/18/2016,209.1797028,213.843387,208.6767542,212.517428,11816985
7/19/2016,209.9570007,212.288829,207.5794334,210.3227739,19767339
7/20/2016,211.3743744,212.8374949,209.5912059,210.917151,18051608
7/21/2016,206.3449249,212.2431182,205.2018664,211.831606,13306837
7/22/2016,204.3788605,206.5735272,203.0986405,206.1163038,12341622
7/25/2016,210.2313232,211.2372203,203.6473088,203.9216456,18427070
7/26/2016,207.3050842,212.3345416,206.573524,210.3227614,14162638
7/27/2016,209.6369171,211.2371989,207.3965254,208.265247,17626617
7/28/2016,211.2371826,215.0321307,209.6826261,210.4598974,26838284
7/29/2016,209.7740936,212.7917709,208.8596468,210.3227673,15577230
8/1/2016,207.8537598,212.7460418,206.0248662,211.0543236,16071228
8/2/2016,208.5395966,211.1457616,207.8537615,209.6826551,16145066
8/3/2016,207.2593689,210.7799948,206.4820975,208.9511011,14838944
8/4/2016,206.3449249,209.1339906,204.1045329,208.9053789,17810908
8/5/2016,212.8374939,213.8891021,207.4879745,207.8994867,21264296
8/8/2016,213.2947235,215.718002,211.8773281,213.9348335,16972827
8/9/2016,215.0321503,217.6383291,212.7460334,214.2091538,19854185
8/10/2016,211.6944275,216.6324345,211.2829292,216.495273,16279843
8/11/2016,207.716568,211.7858671,206.7564101,211.6944168,16673286
8/12/2016,222.4849091,226.7370811,205.2018562,207.5794234,86616475
8/16/2016,225.6397705,226.6913789,221.8905327,224.2681002,27709873
8/17/2016,225.1825104,228.4287991,223.399342,225.3653969,18294050
8/18/2016,227.1485748,228.9774684,225.4568567,225.7769047,14314950
8/19/2016,236.384491,237.7561611,231.8122571,233.1839273,39822529
8/22/2016,233.0010376,238.1219311,232.2694774,237.5732575,19769886
8/23/2016,232.955307,233.9154789,229.5261317,233.0924684,17583721
8/24/2016,232.6352539,234.2812748,231.8122574,233.1382024,11560293
8/25/2016,228.7488556,233.6868766,227.3314742,233.0924778,21230706
8/26/2016,225.5025787,229.2518021,224.8167437,228.886029,16531983
8/29/2016,227.742981,228.4745412,223.3536335,224.816754,11786129
8/30/2016,230.6691895,231.2635743,228.4287977,228.7488457,15323228
8/31/2016,230.8978119,233.9154891,229.7090283,231.583647,15601566
9/1/2016,230.4405975,233.0467765,229.6633122,230.3948724,12175873
9/2/2016,232.818161,233.3668207,230.1205318,230.4405937,11380257
9/6/2016,237.8476105,239.1278304,234.0983731,235.1957204,16620963
9/7/2016,243.9743958,247.1749596,238.1219418,240.4080588,30862337
9/8/2016,245.3917847,248.3637365,244.0658258,245.0717227,14339143
9/9/2016,241.5053864,245.4374961,240.8195513,245.4374961,11455826
9/12/2016,231.1264191,236.6130996,230.2576974,235.4700412,18989750
9/14/2016,235.5157471,235.9272593,231.3550256,233.183919,12754966
9/15/2016,234.0983887,236.2473443,232.4523816,236.2473443,7783662
9/16/2016,232.5438232,239.5850608,231.7208128,235.8815624,18013477
9/19/2016,233.7783051,236.2015833,233.3668068,234.098367,11433295
9/20/2016,232.6809845,234.464153,231.9494243,234.464153,9914599
9/21/2016,229.6633148,234.3269992,229.2060914,232.7267173,12817180
9/22/2016,235.8358459,236.3388085,233.2754058,235.8358459,20797370
9/23/2016,232.7724304,236.6588153,232.0865953,236.6588153,12730223
9/26/2016,230.1205292,232.680983,229.2060824,232.2237596,8800173
9/27/2016,227.6972504,232.178034,227.0571404,231.492199,11345387
9/28/2016,232.0408936,233.9155124,226.8285492,228.6117178,17277539
9/29/2016,226.0969696,234.7842141,222.6677941,233.1839323,27870695
9/30/2016,229.7547455,230.8978039,224.7710135,225.7311854,14826293
10/3/2016,233.4582825,234.6927773,231.03499,231.3550519,9314647
10/4/2016,237.5275421,239.5850473,232.0865868,233.9154803,21532806
10/5/2016,238.5334625,242.236961,237.3446649,239.5850708,20868556
10/6/2016,234.8299103,239.5850445,233.7783021,238.9906597,11081154
10/7/2016,236.5673828,237.6647022,233.4125304,235.2414239,11934100
10/10/2016,234.647049,238.0304853,234.1440865,237.1617776,9399844
10/13/2016,228.2916565,233.5040148,224.8167695,233.1382277,18050638
10/14/2016,230.5320282,231.8579732,227.788688,229.5261312,12133951
10/17/2016,231.5379486,234.5099149,230.4406151,232.0408972,16865537
10/18/2016,234.9213715,235.6529456,232.0865948,233.0924779,20218355
10/19/2016,233.5497131,235.9272805,233.0467785,235.9272805,9546481
10/20/2016,237.9390564,238.5791524,233.4582589,233.8240321,14179531
10/21/2016,236.384491,237.5275494,234.1898243,237.5275494,8833390
10/24/2016,240.4537964,242.2369509,237.1160433,237.1160433,14483254
10/25/2016,239.0821381,241.9169009,238.4420141,241.4139663,9079178
10/26/2016,236.6131287,242.1912602,234.8299461,238.1219604,15020687
10/27/2016,233.5497131,236.0187307,232.54383,235.9272805,10938008
10/28/2016,235.9272766,236.6588229,232.2694894,234.0069327,11430184
11/1/2016,236.7960052,238.5791597,234.5555995,235.0128229,10000632
11/2/2016,229.5718689,234.0983777,229.1146455,232.3609344,13716294
11/3/2016,224.6338348,231.1721374,223.9022886,229.6632919,12902390
11/4/2016,222.0734253,226.2341473,219.741583,225.182539,12657669
11/7/2016,231.0806885,232.1780218,224.4966747,226.7827916,11224419
11/8/2016,231.0349579,232.3609168,227.377171,231.9951297,9367228
11/9/2016,237.7561493,238.7163072,214.8949811,214.8949811,31761606
11/10/2016,257.2338562,259.8857741,242.5569972,244.157279,50227559
11/11/2016,249.6439972,264.0922467,247.35788,254.9020667,57937113
11/15/2016,254.3990784,259.1999235,247.5407282,251.6099992,48658808
11/16/2016,253.4846954,260.4344696,252.5245094,259.7029233,27532708
11/17/2016,253.7133026,258.0569254,252.0215703,254.2162372,19500760
11/18/2016,252.204422,256.0451098,251.3357143,254.3533776,13389671
11/21/2016,235.3328857,253.8504331,233.9612156,253.4389209,26002028
11/22/2016,235.3328857,240.1794425,229.6633045,238.4877104,25631435
11/23/2016,236.5216522,238.0762229,232.9553154,237.5732604,16190033
11/24/2016,239.3564453,240.4995038,232.7724313,235.7443694,28927720
11/25/2016,238.6249084,241.8711835,236.2473411,240.9567367,19303589
11/28/2016,231.8579865,235.6986602,226.782804,231.7665362,22315183
11/29/2016,231.0806885,234.5555889,230.4405785,232.4980837,12656706
11/30/2016,236.247345,237.8933381,231.080712,232.2694957,16501691
12/1/2016,233.7783051,238.6706007,232.8638583,237.436092,12986151
12/2/2016,232.3609314,239.0363817,231.3550344,232.223756,21139754
12/5/2016,234.9213715,235.744368,231.5379212,232.6352545,8406973
12/6/2016,236.9331665,237.8933245,234.4184379,236.3844929,10048459
12/7/2016,233.7326202,240.2709096,230.120544,238.0762428,22193202
12/8/2016,237.6646881,238.2133617,235.9729562,236.3387572,9047721
12/9/2016,243.8372192,244.3401817,236.6588067,238.4877002,16004173
12/12/2016,241.0939026,246.3062607,239.8593938,245.8947485,14296268
12/13/2016,243.3800049,243.9286785,239.1735441,242.2369464,9084137
12/14/2016,240.4080811,243.4714837,239.8594073,243.242872,8672531
12/15/2016,242.6941833,244.6145273,236.8417292,237.6647258,12274497
12/16/2016,242.0997925,243.562913,240.5452217,243.562913,11017555
12/19/2016,238.9906769,241.8711787,238.5334535,240.8195705,8371299
12/20/2016,232.7724304,240.4080527,231.5836468,239.4478947,12765309
12/21/2016,233.5039978,235.9272763,232.3609393,234.1898329,8778450
12/22/2016,228.4288025,232.4980878,227.1028575,232.4980878,12981595
12/23/2016,227.8344116,230.257704,226.5999168,228.3830853,10557157
12/26/2016,223.3079071,227.0571446,222.7592474,226.7828078,8592983
12/27/2016,227.4686432,228.5659766,222.3020243,223.6736945,8756536
12/28/2016,226.5541992,230.8978216,226.0055255,227.9258694,11747088
12/29/2016,226.462738,227.5600853,224.4966831,226.462738,10658616
12/30/2016,228.7945709,230.7149147,226.0969558,226.5541792,10538497
1/2/2017,222.7592468,231.949426,221.8448,230.8978178,25988990
1/3/2017,223.9480133,225.3196835,220.4731267,223.1250168,15963085
1/4/2017,222.1191254,225.3196892,221.4790154,224.7710295,11225978
1/5/2017,224.3595123,224.8624469,222.8506668,224.0394504,11970913
1/6/2017,224.8624725,227.6972633,224.4966994,224.9539228,12354302
1/9/2017,225.9140778,227.1028614,224.9539059,225.319679,8329253
1/10/2017,227.0571289,227.6972388,225.3196717,226.5084553,9352013
1/11/2017,230.5777588,231.5379307,227.6972569,228.2916418,13415303
1/12/2017,229.7547455,232.6809723,229.1146356,231.263577,11282323
1/13/2017,229.4347229,230.9892938,227.7887296,230.4406201,9333736
1/16/2017,233.8697662,234.4641511,229.2518072,229.5718691,13234727
1/17/2017,234.0983887,236.5216672,232.6352682,235.4243477,9480201
1/18/2017,236.247345,237.1160527,234.647063,235.1042864,8048897
1/19/2017,236.2930298,239.5850436,234.5555866,235.1957105,13029151
1/20/2017,229.5718689,238.2133883,228.8860338,236.3844947,15341756
1/23/2017,232.4066467,233.3668187,228.7031484,229.5261449,9339939
1/24/2017,233.0924683,235.012812,232.2694718,233.2753688,13540202
1/25/2017,237.0246277,238.6706208,232.4523796,233.6868884,16343545
1/27/2017,243.6543579,245.2546398,237.2989416,238.0304878,18039379
1/30/2017,241.3682404,244.9802884,240.8652779,243.1056837,11884795
1/31/2017,238.0762329,241.2767967,237.436109,238.8077792,8899165
2/1/2017,247.540741,248.6380603,239.2192701,239.5850433,27253142
2/2/2017,249.9182892,251.4728598,245.7118564,248.5923581,20139955
2/3/2017,253.804718,254.7191649,248.729549,249.6439959,15366890
2/6/2017,253.3474426,258.3311882,252.3872848,256.0450715,14725291
2/7/2017,254.1247711,256.0451151,252.6616506,254.0790599,10981984
2/8/2017,253.4846954,255.3593004,249.2782341,254.3076921,13622088
2/9/2017,252.2501526,256.3194241,247.6779186,254.9477539,16080181
2/10/2017,252.7073669,258.6055318,251.4728582,254.9020336,37580487
2/13/2017,248.4094543,254.4448085,247.0835233,254.0332963,19853043
2/14/2017,247.0835571,249.6439972,245.1632131,248.7295503,13306738
2/15/2017,245.9404602,249.1867349,244.2029891,247.7693537,12201568
2/16/2017,247.3578644,253.3017687,246.580579,253.3017687,21794688
2/17/2017,246.3062592,250.2383694,244.7974275,247.9522523,17830528
2/20/2017,246.5805969,248.3180404,245.0717651,246.8092086,9229363
2/21/2017,247.540741,248.2722872,245.6661084,246.9006171,7754157
2/22/2017,249.0038452,251.1985398,246.4434054,248.6380721,12617613
2/23/2017,247.3121338,249.6439618,246.5348485,248.4551922,13146194
2/27/2017,245.300354,248.2265949,244.7059692,247.6321822,9645350
2/28/2017,246.1691132,248.0437181,245.0717657,245.8947623,7941592
3/1/2017,248.5009003,249.9182815,246.717718,246.9006185,7656892
3/2/2017,244.4316254,251.1985542,243.7000791,249.6439834,14220808
3/3/2017,242.3741302,245.8947563,241.6425839,243.4714776,10120034
3/6/2017,246.7634735,247.2206969,243.5629097,243.7915214,9515073
3/7/2017,244.8888245,247.7236149,243.6086046,247.6321647,11599142
3/8/2017,246.8091888,247.174962,243.2428519,244.888845,9122987
3/9/2017,249.8726196,250.4670045,245.4375465,245.9862202,15594429
3/10/2017,248.775238,251.9758018,246.4434099,251.0156438,9557026
3/14/2017,251.1528168,254.5819924,250.3755314,254.5819924,15734886
3/15/2017,253.6218414,256.5023434,249.32393,249.32393,20055974
3/16/2017,255.405014,256.2280386,252.4330615,254.2162442,18005184
3/17/2017,250.6955872,255.5878832,250.1012023,255.542172,14265642
3/20/2017,250.46698,251.2442654,248.5466361,251.2442654,9678185
3/21/2017,249.0495605,253.3474432,247.0377667,250.9241651,11898233
3/22/2017,244.6145172,247.815081,243.9743933,247.1749571,9887203
3/23/2017,245.5289612,246.3519577,243.8829681,245.9861846,7998170
3/24/2017,252.8445129,255.0849185,245.6661008,246.443386,20133467
3/27/2017,255.54216,256.7766408,251.6557613,252.3873075,15966114
3/28/2017,257.9654541,258.6970004,254.67344,256.639495,18673371
3/29/2017,263.7722168,265.098148,258.9256315,258.9256315,31008407
3/30/2017,266.1497192,268.6187367,264.1379531,264.2751145,19683170
3/31/2017,268.2986755,269.7617959,263.817892,267.0184556,20185269
4/3/2017,268.0700684,270.4019244,267.2013607,269.5789,10509610
4/5/2017,271.9107361,273.1909559,264.8694852,268.2072101,21936647
4/6/2017,267.7957458,272.093629,266.5155259,270.1733131,18413111
4/7/2017,264.686615,269.5788826,263.0405941,266.7441201,10765502
4/10/2017,264.5951843,265.5096311,262.0347166,265.0066686,10307875
4/11/2017,269.3045959,269.8989808,264.0922378,264.5494612,11682024
4/12/2017,265.3267517,270.1733368,264.3665937,268.8473777,13251421
4/13/2017,266.6069641,268.0243735,265.1895827,265.4181944,9944020
4/17/2017,265.098114,267.7042929,263.8178941,266.1954613,8146800
4/18/2017,265.4638977,271.4992522,263.7264543,266.1497328,13457050
4/19/2017,259.7485657,266.7898162,258.6969576,266.6069157,18149995
4/20/2017,260.4344482,262.3547922,258.0569088,259.6114517,14514929
4/21/2017,258.0569153,262.4462491,255.3592859,262.4462491,12042308
4/24/2017,261.5775146,263.2235357,256.8681189,259.0170746,10077853
4/25/2017,261.5775146,264.0922435,260.6173566,262.9034738,11531902
4/26/2017,261.9432983,264.7323499,259.1085077,262.5376832,13836891
4/27/2017,257.9197388,263.3149978,257.0052919,261.9433275,22622372
4/28/2017,264.9609375,265.8753842,258.3311988,258.7884221,14152004
5/2/2017,263.6350098,267.4756976,262.5376903,265.4181922,9754789
5/3/2017,265.0066528,268.1157941,261.3488659,264.6408797,13950914
5/4/2017,273.4653015,274.3340371,268.0243599,268.8473564,24534923
5/5/2017,270.6762695,278.814841,267.1556436,275.2485038,34756331
5/8/2017,273.7853394,275.019848,268.7558825,270.7676764,11560550
5/9/2017,271.1334229,275.1569824,269.9903646,275.1569824,7843574
5/10/2017,269.2588501,272.6422862,267.9328912,271.5906781,8699405
5/11/2017,272.5965881,273.7853578,269.258863,270.5847941,11934889
5/12/2017,272.4136963,276.7116074,270.6762529,274.3340402,13376269
5/15/2017,275.6142883,276.162962,272.047951,272.8709476,10383539
5/16/2017,281.1923828,282.0153793,273.7396472,276.1629256,17533439
5/17/2017,281.3294983,282.3811063,279.3634436,281.6495602,14120513
5/18/2017,277.0316467,281.5581413,276.1629112,278.7690899,15471393
5/19/2017,281.6496582,288.3251097,276.1629765,278.4033827,55250969
5/22/2017,269.1217041,282.9298575,268.1158349,282.5183731,35771221
5/23/2017,264.1379395,270.5847776,262.6748191,269.7617812,19846852
5/24/2017,258.9255981,265.6010763,257.553928,265.2352753,16435958
5/25/2017,265.2810059,266.4240643,259.2913629,259.8400366,15018467
5/26/2017,266.1576233,268.5105394,263.2510434,268.0491811,12304394
5/29/2017,262.0515442,268.3721592,261.4056312,266.5728504,10619968
5/30/2017,266.5266724,267.3571116,259.3294666,261.4978561,9643418
5/31/2017,266.0191956,268.9719001,265.0042298,266.6651085,10697171
6/1/2017,265.2348938,268.8796074,262.6051459,265.6962521,12186700
6/2/2017,264.8658142,268.049198,264.2199294,267.4955624,12004368
6/5/2017,265.0503235,267.3571148,264.5889652,265.7884854,7917410
6/6/2017,265.0964661,270.3098373,264.4505813,269.4332453,12346121
6/7/2017,268.0953064,268.9718985,265.0042282,265.9269448,10864355
6/8/2017,266.2960205,269.4332514,265.5117058,269.4332514,8370299
6/9/2017,266.2498779,267.0341927,263.7124071,266.0191988,10804887
6/12/2017,262.9281006,264.8196583,262.3283123,264.5889792,10326846
6/13/2017,261.9130859,264.8196373,261.1287713,263.3432853,9171049
6/14/2017,262.236084,264.1737664,260.7597317,263.8046854,11566255
6/15/2017,262.0515442,263.712423,259.6063506,261.9131423,11925641
6/16/2017,263.8508301,264.4967148,261.3594839,262.6974343,19246907
6/19/2017,266.5266724,267.4493889,263.2510118,264.4505602,14848661
6/20/2017,267.6800842,268.5105235,263.5278596,265.3732928,14927701
6/21/2017,268.4182434,269.848471,265.9730501,265.9730501,10537576
6/22/2017,271.7400513,273.0318489,268.5566676,268.7412222,26110402
6/23/2017,266.6189575,272.7088642,265.557811,271.9707022,20648597
6/27/2017,258.0376892,267.0803287,255.4079413,266.8957741,25523129
6/28/2017,255.0388794,256.9304654,252.5936859,256.1461507,17241351
6/29/2017,251.3941345,257.7147203,250.6559444,255.7308854,30457363
6/30/2017,252.5014191,253.5164131,248.856705,250.9789421,12235472
7/3/2017,253.6086731,254.2084333,251.4864079,252.9166356,8951033
7/4/2017,251.9016571,255.085041,251.025065,253.7470905,7856082
7/5/2017,253.6548004,254.3007133,251.3018842,252.7320838,10048734
7/6/2017,259.2833862,260.8520158,253.3780051,253.7932107,16115817
7/7/2017,258.4529419,260.5751789,257.6225025,258.9143002,5914038
7/10/2017,263.4816589,264.819609,261.3132979,262.143737,2095795
7/11/2017,261.636261,267.3109902,261.1287782,265.2810025,12400820
7/12/2017,265.4194031,266.1114405,261.3133314,262.6974062,7524835
7/13/2017,266.4344177,267.5878135,264.4044299,266.5728196,8434324
7/14/2017,269.0641785,270.9096118,265.0503554,266.480555,13750192
7/17/2017,270.3559875,271.3709815,267.264881,270.1714329,10549310
7/18/2017,268.5105591,273.4932236,267.5878424,269.2948739,11913832
7/19/2017,270.6327515,271.2786643,268.8795957,268.9718729,9006728
7/20/2017,268.4644165,271.5093701,267.633949,270.3559743,6256500
7/21/2017,268.1875916,269.6178193,265.9730772,268.5566726,7266604
7/24/2017,271.7861938,273.4009481,268.2337571,268.3260062,11195781
7/25/2017,273.2164001,274.3236432,271.8784498,273.1241229,10846999
7/26/2017,272.9395752,276.4920399,272.4320923,273.354809,12527914
7/27/2017,275.292511,276.6765859,273.3086759,274.0468379,22286060
7/28/2017,275.9845581,277.507035,272.7550498,274.0468475,15766196
7/31/2017,288.3489685,289.5946417,274.9695764,276.2613741,41547584
8/1/2017,285.1194153,290.47116,284.1505742,289.7329981,14888804
8/2/2017,283.9199524,287.7030685,281.7054097,286.0421896,17005571
8/3/2017,277.3224487,283.6430628,275.9845266,283.2739818,14459919
8/4/2017,281.6592407,282.6280819,274.6004644,277.0917823,9615344
8/7/2017,287.1494446,287.7030521,281.5669917,282.1667519,11420767
8/8/2017,280.1829224,287.7030579,277.9222833,286.9648958,13578680
8/9/2017,278.9372253,283.6892385,276.9072657,279.3524591,15852734
8/10/2017,273.7700195,279.0294871,269.4332404,277.9222441,14519518
8/11/2017,258.499054,279.5831342,256.007736,271.740043,67652562
8/14/2017,256.6997375,260.5751299,255.1311083,259.6985661,23773509
8/16/2017,261.2210693,261.9592313,253.0088974,257.4840503,21074533
8/17/2017,259.144928,262.697392,258.3606133,261.8669247,12134114
8/18/2017,257.1611633,258.0377273,254.6698169,256.5152504,12653217
8/21/2017,253.424118,258.9604178,252.2245977,257.437941,9247153
8/22/2017,252.7320709,255.592498,250.240753,254.6697814,11814388
8/23/2017,257.4379272,258.0838401,253.0088989,253.5163818,11317821
8/24/2017,258.6374512,259.6985978,256.053856,258.0838437,14138226
8/28/2017,257.7608948,260.2983655,257.4379383,260.2983655,10505317
8/29/2017,255.5924835,259.1449479,254.7158915,256.9304338,10335964
8/30/2017,255.2234344,257.668628,254.6697988,256.5152321,7648702
8/31/2017,256.2845764,257.8993307,253.0089432,255.454137,14222467
9/1/2017,256.3768311,258.7297473,255.2234352,256.1922765,8255209
9/4/2017,256.2845764,257.991608,255.0389032,257.3918478,7168751
9/5/2017,255.1772461,257.8992711,254.6236387,256.6074736,9565430
9/6/2017,253.0550385,255.2695528,252.5014028,254.623668,7306781
9/7/2017,253.0089111,255.5002291,251.9939172,254.1161542,16102724
9/8/2017,250.7943726,254.1161581,250.1484878,253.6547998,7077895
9/11/2017,250.0101013,252.3630176,248.7182754,251.5325782,14489224
9/12/2017,252.316864,254.3468236,249.5948388,250.9789137,8375133
9/13/2017,252.2707367,255.2234414,251.4402973,253.7009645,10150073
9/14/2017,253.0089111,254.3007088,251.255727,252.2707209,8015217
9/15/2017,250.5175629,253.2857127,249.0412106,249.8255254,18404860
9/18/2017,249.5025787,252.8243643,248.6260148,251.9016477,17538678
9/19/2017,247.1034851,249.8716348,245.8578403,249.5487065,14331316
9/20/2017,249.1796112,251.0250444,246.7805705,247.4264553,12355806
9/21/2017,247.7494049,250.4252774,246.6882865,248.9028006,8509419
9/22/2017,241.6133575,246.7344236,240.9213201,246.5960218,12860892
9/25/2017,238.7529297,241.5672042,234.7391067,241.2904004,13937050
9/26/2017,238.2915649,239.5833626,236.2154526,238.5222441,11728345
9/27/2017,231.0482178,239.814025,230.2177785,239.814025,17080769
9/28/2017,233.0320587,233.9547752,230.2177705,230.9098079,17776419
9/29/2017,234.2316132,235.7540899,233.4934371,235.0159138,10073641
10/3/2017,231.8786774,236.5845234,231.2327786,236.5845234,10547836
10/4/2017,233.6318512,234.9697875,231.9248339,232.2016376,14063896
10/5/2017,232.1555023,234.4622938,229.940974,234.0931987,13476692
10/6/2017,236.907486,237.9686044,232.6168594,232.662984,11932139
10/9/2017,236.9997559,238.6145099,234.6006872,236.9536031,8009211
10/10/2017,237.092041,238.2454368,235.9386312,236.9997637,9742878
10/11/2017,232.2938995,238.4761119,231.0943652,237.2765634,14192548
10/12/2017,231.7864075,233.4011615,229.2950755,232.5245836,13404759
10/13/2017,232.6168518,235.6156806,230.8636819,231.6941352,15697555
10/16/2017,232.5707245,235.0159179,230.7714299,234.9236547,12171830
10/17/2017,231.7402802,235.0159271,231.2789218,232.5707336,13505216
10/18/2017,224.9121552,228.6491599,223.8048981,226.9882674,20677891
10/19/2017,223.9894714,226.2962631,222.5131191,224.9583268,3458869
10/23/2017,226.9421387,227.9109939,223.5742288,225.1428442,8901335
10/24/2017,234.7852173,235.569532,226.9421268,226.9882655,17197805
10/25/2017,299.7906189,302.6971706,258.2222472,258.2222472,262677081
10/26/2017,295.7306519,324.1503101,292.9625022,304.496459,112804243
10/27/2017,287.0109863,298.5910965,286.1344225,295.4999903,27580765
10/30/2017,287.8875732,297.4376955,286.5957757,287.8875732,28530254
10/31/2017,282.166687,289.5945715,280.7826123,288.8102569,16455750
11/1/2017,295.1309509,296.6073033,285.4885499,285.4885499,34907283
11/2/2017,290.0559692,298.1758641,289.3177791,295.2693124,23110527
11/3/2017,299.8829041,302.1896956,288.4412235,291.0709715,26898400
11/6/2017,303.573761,304.4964776,296.6072619,298.591097,17143407
11/7/2017,292.68573,306.0651213,291.1171004,303.5276505,21883541
11/8/2017,285.6269226,294.6234098,282.95105,293.4238894,20242447
11/9/2017,289.4561768,293.4238464,284.381236,288.9486658,21846178
11/10/2017,307.7721252,312.3395839,285.5808012,290.6557428,82984969
11/13/2017,305.465332,318.1526858,304.2658117,310.7248281,38777555
11/14/2017,303.6660767,308.8332959,302.1897243,304.8194726,25647162
11/15/2017,299.8367615,305.5575873,297.3454155,302.6510358,17389606
11/16/2017,307.6336975,308.3718877,298.637211,302.0973981,22506014
11/17/2017,311.4168396,319.9058432,310.0327648,318.3372138,26518142
11/20/2017,307.2646484,311.093917,305.6498943,311.0477924,13507662
11/21/2017,305.0962219,309.4791255,304.4964618,309.1100446,14189920
11/22/2017,309.3868713,313.4006943,301.7283347,305.2807993,22861716
11/23/2017,309.0639038,310.632505,306.0189225,309.5713866,13338423
11/24/2017,306.7109985,310.9555006,305.8805592,310.032784,11716981
11/27/2017,309.7098083,310.9554813,302.6971568,304.4041881,13114683
11/28/2017,306.3418884,310.6786674,305.6037265,310.0327546,16054996
11/29/2017,303.4815063,308.9716818,301.9129049,306.6648901,11264624
11/30/2017,295.5922852,301.2669869,293.8852537,300.621074,27276288
12/1/2017,288.5796204,297.3915527,287.1955454,296.6533907,16425620
12/4/2017,289.3639526,291.5323424,287.1032855,290.3789466,13887727
12/5/2017,294.4388428,295.9151948,284.9348459,288.3489082,15130931
12/6/2017,288.2566833,292.8702667,287.426244,292.2243819,18658202
12/7/2017,291.9475098,293.1931827,288.3027963,288.3489209,12278558
12/8/2017,288.9025879,294.2082086,287.9798712,292.1320962,16418832
12/11/2017,293.7929688,294.6234081,290.7480151,291.5323299,14014369
12/12/2017,293.8390808,295.7306384,290.3327412,293.193168,17658856
12/13/2017,289.0871277,294.3004995,287.1032924,291.7168759,17540585
12/14/2017,289.7330017,291.0247993,285.5807772,290.0098054,13894451
12/15/2017,288.1182556,294.669549,287.4262182,293.792957,16050711
12/18/2017,294.2543335,298.4988357,277.1840755,284.1967277,32119915
12/19/2017,295.0847778,297.3454449,293.7929801,294.7618495,14741481
12/20/2017,292.9624939,294.3465687,292.0397774,294.3465687,9895770
12/21/2017,292.2704468,293.6083969,291.0247739,292.1320449,9916409
12/22/2017,295.1309509,298.8218178,292.0398443,292.5934799,13821639
12/26/2017,292.6395874,295.223211,291.8552726,293.9775378,9329690
12/27/2017,290.5173035,295.5460916,288.8563968,292.0397801,14276027
12/28/2017,284.5657654,292.0397747,283.873728,290.9325037,20353152
12/29/2017,285.9498901,287.8876008,285.1655753,286.0421674,11939569
1/1/2018,283.3663025,288.5796462,282.6281122,286.5958109,12182400
1/2/2018,279.8138123,285.1194328,278.0606563,285.1194328,14797364
1/3/2018,279.4447327,282.7665181,278.7988198,281.7053715,13857373
1/4/2018,284.6580505,286.2266799,279.7215115,280.9671844,24517099
1/5/2018,282.6742249,287.3339322,281.9821874,287.3339322,14580575
1/8/2018,282.166687,285.5807492,281.4285251,283.4585126,13557197
1/9/2018,280.7826538,285.5807915,279.8599372,283.7353582,15574755
1/10/2018,277.8299561,282.2128596,276.8149622,281.1055885,13064599
1/11/2018,278.8449707,279.5831327,276.8149829,277.6454222,12298455
1/12/2018,278.8910828,281.1055969,277.3224533,281.1055969,17594228
1/15/2018,279.2140503,281.6592437,278.245181,280.4597233,18189668
1/16/2018,273.2625122,279.9060829,272.4781975,279.0294909,18040940
1/17/2018,283.3663025,284.5658229,269.9869104,273.1241416,26277307
1/18/2018,279.8138123,293.2393277,277.2763416,290.6557324,40000111
1/19/2018,285.3500977,286.0421351,279.1217608,280.4597111,18461642
1/22/2018,282.8126526,284.888765,280.5519855,284.519684,12622645
1/23/2018,293.5161438,295.7767825,282.6742242,282.7203488,35252217
1/24/2018,304.4042053,305.9728348,291.7630046,293.1470795,38070520
1/25/2018,288.9486694,307.0339187,287.7491492,307.0339187,42466150
1/29/2018,287.9798584,292.4088868,286.9648645,288.9486996,23600898
1/30/2018,289.3177795,294.2081944,286.9648635,287.9337046,25810404
1/31/2018,289.0410156,292.1321223,284.0583509,288.8103364,16409938
2/1/2018,282.3973999,292.8702388,281.4285588,292.4088805,19515991
2/2/2018,274.369751,282.1205638,272.6627199,279.4908162,23274673
2/5/2018,275.0156555,277.184045,267.5877986,270.0329918,18940578
2/6/2018,269.2025757,274.3236417,261.0365279,262.9742385,30577218
2/7/2018,270.1713867,274.8772466,267.5877917,273.6777264,21463818
2/8/2018,278.106781,279.8599369,269.9407334,270.2636898,18932796
2/9/2018,273.4931946,277.3686156,272.201397,274.0468302,15750824
2/12/2018,266.4344177,269.8023277,263.1126323,265.9730594,50839665
2/14/2018,254.8543091,266.3882654,253.747038,266.3882654,45641149
2/15/2018,257.1611633,260.482921,253.0550626,253.5625456,26058237
2/16/2018,250.6559448,259.4679048,249.1795927,258.8219919,30338112
2/19/2018,247.7494049,250.978913,236.8152077,250.5175547,43847791
2/20/2018,248.8105469,253.0089247,244.3353653,248.2107867,33458021
2/21/2018,252.178421,252.9166112,246.734399,251.1634553,23714454
2/22/2018,251.5325317,252.4552483,248.6259803,249.5025441,25584062
2/23/2018,254.7159119,255.7770585,251.4402791,252.3168712,15482147
2/26/2018,253.239563,258.3606285,252.6859274,258.3606285,15306032
2/27/2018,246.9189606,254.5774969,245.3964839,251.9016244,20824909
2/28/2018,247.2880249,248.8566542,240.6444548,243.827838,26810799
3/1/2018,241.8901672,249.1334987,241.0597279,245.7194358,22859175
3/5/2018,243.1358032,244.519878,238.7528997,240.3215291,18484565
3/6/2018,236.7229462,245.4426298,235.2927466,245.3042279,20778164
3/7/2018,227.5880432,235.6156889,227.0344217,235.3388711,31262500
3/8/2018,236.953598,238.0147446,225.4196553,227.9109871,33133336
3/9/2018,233.6779938,237.5072623,232.2016415,237.1381812,21536191
3/12/2018,233.3088989,235.5234131,228.1416803,234.4622947,25332474
3/13/2018,235.0158997,242.1208142,230.3100538,231.8786691,37647221
3/14/2018,237.1843109,237.9225012,230.6791696,232.9859613,25471485
3/15/2018,234.0932007,238.7990469,233.0320822,237.1381683,18339890
3/16/2018,232.8014069,235.9386377,230.7714331,231.278916,25728297
3/19/2018,228.7875824,234.0009397,227.0805651,233.3550268,18167594
3/20/2018,229.8487244,232.7552762,226.3885369,227.7726119,20556571
3/21/2018,228.8336945,234.6468113,228.0032552,232.2938814,19533972
3/22/2018,222.8821869,228.2339457,222.0517335,227.9109893,26828240
3/23/2018,216.6538544,221.1290213,214.3932016,219.4220041,27150262
3/26/2018,227.449646,228.6953191,216.1463674,216.6077258,30373940
3/27/2018,234.6929779,235.7540964,228.8337217,230.679155,31205051
3/28/2018,230.586853,236.399984,229.479596,232.5245634,36673566
4/2/2018,227.1266785,232.524576,225.9732828,232.3400355,14993188
4/3/2018,231.1405029,233.2627539,229.0643906,230.263925,19883309
4/4/2018,228.1878357,233.4473179,226.5269429,232.2477834,18824449
4/5/2018,239.2603912,241.6594599,230.6791385,233.0782072,22880821
4/6/2018,239.6295166,241.2442707,235.1543354,239.5833639,24868860
4/9/2018,240.5060883,242.4437988,237.6918137,240.5060883,20208874
4/10/2018,242.9512634,244.5198929,238.5222351,240.9213039,21201141
4/11/2018,237.1843109,242.6744864,236.4922734,242.6744864,14885838
4/12/2018,234.1854858,237.5995346,232.7552722,237.5995346,18660913
4/13/2018,231.5557251,236.169308,230.4023294,234.3700135,25654020
4/16/2018,229.7564392,231.8786903,228.0032833,230.0793957,16408377
4/17/2018,228.9721222,232.9859451,227.5419227,231.9709512,15922452
4/18/2018,227.4035034,230.5868729,226.342385,230.2177919,16142387
4/19/2018,227.1266785,229.2489294,226.2501005,228.0032705,13166927
4/20/2018,222.5592346,226.8498751,220.9906193,226.8498751,15546939
4/23/2018,223.7126465,225.9271749,220.8060947,223.2051495,12111837
4/24/2018,222.0056305,224.5892258,221.0829138,223.2974282,9486349
4/25/2018,218.8683929,222.14404,218.4531733,221.1751846,13124853
4/26/2018,215.1774902,220.3447084,214.5315915,219.9756133,24495144
4/27/2018,223.851059,226.8037493,215.2236529,215.2236529,31401889
4/30/2018,227.3573456,230.4023129,225.6041898,225.8810076,17263193
5/2/2018,222.3747101,227.2651111,221.2213143,226.896016,12887066
5/3/2018,223.2051392,224.5892141,220.2985875,222.3285612,12939642
5/4/2018,223.2512665,225.0505609,221.7749284,224.6814799,12777310
5/7/2018,227.449646,229.0182614,223.3435599,223.7126409,15122614
5/8/2018,230.725296,233.0782262,225.6964932,228.8337241,23293920
5/9/2018,228.8336945,230.494587,227.2650792,230.494587,11429823
5/10/2018,228.7875824,230.8636948,227.2651056,229.0644002,13160967
5/11/2018,231.0021057,232.1555015,227.0344215,228.4646351,11958589
5/14/2018,234.000946,236.0309198,228.9721291,230.6330219,18673849
5/15/2018,228.8336945,237.5533767,226.8959842,233.447277,18026861
5/16/2018,224.3124237,229.4796285,222.0056321,226.526938,17222004
5/17/2018,223.9433289,226.9882966,222.5131152,225.3274038,11721064
5/18/2018,220.3908539,225.1428385,219.4681373,224.2201219,11873041
5/21/2018,225.5580902,226.7576247,221.7288216,224.7276508,18780730
5/22/2018,234.2777405,239.6295137,222.3747019,224.8198953,68713602
5/23/2018,242.8590088,248.902791,234.646823,234.9697653,71202072
5/24/2018,247.7494049,248.8566761,240.506074,243.4587784,34679642
5/25/2018,246.3191986,247.6571207,242.2592232,247.1034852,22317308
5/28/2018,251.0250397,253.0089029,245.4887401,246.7344131,18959368
5/29/2018,243.8739624,250.0100497,242.4898876,249.594816,16107543
5/30/2018,246.5037231,247.2880379,239.8601808,240.3676637,19320209
5/31/2018,248.7182465,253.5625086,242.8128659,246.2269286,31935892
6/1/2018,246.0885315,248.9489305,244.150821,248.4414476,16574717
6/4/2018,242.6744843,247.6110241,241.1058547,247.2880676,12933824
6/5/2018,243.1819611,244.7505906,240.7367676,240.7367676,14102731
6/6/2018,249.2718964,250.4252922,241.9363159,242.674478,18315171
6/7/2018,248.8105469,251.8093761,247.657151,250.1023446,18773700
6/8/2018,251.9016571,252.7320965,246.3653569,248.1646658,14096549
6/11/2018,252.8243866,256.8843346,252.0400717,252.1784736,18219428
6/12/2018,260.990387,262.4205864,252.8243397,252.8243397,31358021
6/13/2018,265.4655762,267.2648566,261.7285571,262.0515135,26748300
6/14/2018,260.7597046,264.4044181,259.5601562,264.4044181,18513730
6/15/2018,256.0077515,261.5440515,255.2234367,260.8981386,16949917
6/18/2018,255.4540863,258.1299587,254.1622887,256.5152047,13542420
6/19/2018,251.5325317,255.3156751,248.902784,254.6697623,20726975
6/20/2018,252.178421,253.5163713,250.1484615,252.0861719,14002946
6/21/2018,247.8878021,253.5163789,247.3803193,253.5163789,12954943
6/22/2018,251.9477844,252.5475728,245.2119638,248.210793,20784133
6/25/2018,247.7032776,252.0400286,246.5498819,250.8405083,10934401
6/26/2018,246.7344208,250.2407609,244.8889875,246.5960189,16867009
6/27/2018,241.4749451,246.6882882,240.8290322,246.6882882,16277655
6/28/2018,237.1381683,241.7517514,235.9386339,240.2753992,21349738
6/29/2018,239.3065491,243.0896927,238.2454306,238.2915552,16244724
7/2/2018,238.8451996,241.5210721,234.3700184,238.9374769,21896701
7/3/2018,237.5995331,240.736764,236.5845392,239.5372436,16099030
7/4/2018,237.5534058,238.3838451,234.8313805,235.9847762,14206935
7/5/2018,236.6306915,238.706804,235.431143,237.9686137,11215032
7/6/2018,237.3227234,240.6444807,235.8002325,236.3077295,16174019
7/9/2018,241.3365326,242.1208474,238.0147751,238.2454543,13220744
7/10/2018,243.3665161,245.2119494,242.120843,243.4587934,11487165
7/11/2018,239.0758667,242.3514992,237.9685956,242.3514992,12857179
7/12/2018,242.4437714,244.0585253,240.9674193,241.1980984,10642215
7/13/2018,237.8302002,242.1208267,236.9536082,241.844023,11976239
7/16/2018,232.1555023,237.5995246,231.6018667,237.1381663,8965623
7/17/2018,239.0297089,239.767899,231.0943551,231.3250342,16067598
7/18/2018,239.4910583,242.2130833,236.3538279,239.9985693,17641125
7/19/2018,240.0908508,243.1358041,236.3999847,239.3526607,9958284
7/20/2018,241.29039,242.6744649,238.5683648,239.8140378,6120163
7/23/2018,245.7655792,246.8266977,240.4599586,241.7517563,17013119
7/24/2018,246.2269287,248.3953183,245.0273802,246.5498852,9320281
7/25/2018,250.8405304,251.7632471,245.1196758,247.2880656,13099277
7/26/2018,265.4655762,267.0341775,253.0089021,253.8393414,53496546
7/27/2018,264.5889893,274.0468346,263.0665125,267.1264599,32175436
7/30/2018,274.4159241,276.3997592,266.8496645,266.8496645,40949610
7/31/2018,270.8172913,279.0294624,269.248662,274.046799,36510328
8/1/2018,272.2937012,274.9695739,266.0653635,271.7400655,33885474
8/2/2018,271.1864014,273.4931929,268.0952951,270.3559621,15665209
8/3/2018,276.1229553,276.7688682,271.7400513,271.8323286,18254462
8/6/2018,284.6580505,287.2877983,277.3685956,277.3685956,31576923
8/7/2018,280.552002,287.6108073,279.6292853,285.9037757,23928622
8/8/2018,284.8426514,286.8726112,279.6292796,280.5519963,20498279
8/9/2018,292.8702698,295.1309369,286.1805738,288.7641974,46464355
8/10/2018,280.9210815,301.1746941,277.2763397,293.1009238,111510771
8/13/2018,271.4170837,279.3985767,268.6028094,273.1241151,58127432
8/14/2018,272.1091309,275.8461501,270.6789313,273.7700377,25294933
8/16/2018,270.0791626,275.3386304,267.8184956,270.8173246,31083900
8/17/2018,278.7526855,279.3063211,271.3248002,272.2013922,21931134
8/20/2018,283.8737183,284.8425875,280.1367278,280.598086,20240462
8/21/2018,283.2740173,284.9810488,279.9061071,284.4735377,14139592
8/23/2018,279.0756531,283.2278779,275.2463566,283.2278779,22721004
8/24/2018,277.2302551,282.074518,275.8923046,277.368657,18869585
8/27/2018,284.1967468,286.3651367,279.859967,280.50588,28111768
8/28/2018,281.7515259,286.2728317,279.9522172,284.2428439,16890236
8/29/2018,285.7653503,287.8875873,282.1206084,283.0894496,24320824
8/30/2018,284.7503357,286.5034915,282.351267,285.3962204,19935935
8/31/2018,285.6730652,286.6419064,281.0133295,284.1044357,18100140
9/3/2018,282.6742249,288.3489261,281.2439973,288.3489261,14708076
9/4/2018,273.4931946,283.6892299,272.6166307,283.0894416,42859084
9/5/2018,273.6315918,275.7538568,267.9568904,273.5854672,22922686
9/6/2018,273.5393372,276.6765678,271.7400286,274.9695366,18001336
9/7/2018,269.1102905,273.0318361,267.0803309,273.0318361,23716678
9/10/2018,262.8358459,270.5866603,261.8669766,268.1875913,23354395
9/11/2018,260.7597046,268.9257517,259.8831126,265.1426082,28361400
9/12/2018,263.2510071,264.5428327,258.3606209,262.0514869,22717796
9/14/2018,268.1875916,269.2487101,266.388311,267.6801087,15149585
9/17/2018,263.2510071,266.2037112,262.1437642,266.2037112,16089996
9/18/2018,252.6398163,264.7274105,251.3480186,262.9742544,33901000
9/19/2018,250.5175629,260.9904022,249.5948462,254.1161521,40759431
9/21/2018,249.6871185,257.8531661,233.8163817,253.0089039,39308482
9/24/2018,243.9201202,251.9016126,242.3053663,251.6248089,24633374
9/25/2018,249.9639282,251.8555142,240.6444847,243.5971891,28948831
9/26/2018,243.4587708,252.8243382,242.4437769,252.8243382,23951904
9/27/2018,244.842865,247.8416941,243.3665127,244.0585502,24829383
9/28/2018,244.9812775,252.3630109,242.2131274,245.8117168,33803139
10/1/2018,252.6859436,253.9316166,243.6894569,244.9812545,17711738
10/3/2018,250.7021027,257.1611186,249.6871088,252.2245794,19714943
10/4/2018,250.3791504,251.6248234,245.1658073,247.2419196,17754204
10/5/2018,238.3838501,250.05621,236.2154604,250.05621,36628643
10/8/2018,245.2119293,247.7493999,238.3838323,239.6756299,21100804
10/9/2018,242.6283417,247.4264511,239.9063164,247.2880492,16010883
10/10/2018,257.1149902,258.7758971,241.0136015,241.3826825,31772330
10/11/2018,241.8901672,250.5175737,240.4599677,247.2880653,46291120
10/12/2018,243.3665161,247.1957846,241.2904037,245.4426286,42967696
10/15/2018,242.8590088,245.1658002,240.9212984,243.9662518,21965859
10/16/2018,249.4102783,249.9177893,242.997415,244.1508108,33597068
10/17/2018,240.9674377,253.7470685,239.9063193,252.5936727,21631573
10/19/2018,240.9213409,243.7817684,238.1531908,239.6295432,28474307
10/22/2018,240.2292786,245.4426219,239.3988392,245.4426219,19933462
10/23/2018,235.8924866,238.9835927,235.2927264,238.0608762,20206307
10/24/2018,235.9386444,241.5672075,233.2627718,240.137008,25636533
10/25/2018,230.2639465,235.2927495,229.2028139,234.8313912,33066232
10/26/2018,228.9259796,232.9859268,228.2800668,232.5245685,20543437
10/29/2018,247.195755,248.441428,229.2027825,230.6791346,37768359
10/30/2018,252.0400543,257.5302298,245.4426357,246.8267107,33401683
10/31/2018,259.6524658,260.898139,247.8417037,253.7470848,28137370
11/1/2018,263.8046875,266.6651148,257.2995463,261.1288148,29144808
11/2/2018,263.2971802,270.1714018,261.3133452,265.6500962,27760214
11/5/2018,272.155304,276.8150121,261.5901864,264.3122119,44619891
11/6/2018,264.3121948,275.2463646,261.9592505,273.2164048,40688243
11/7/2018,264.4044495,266.5728393,263.850842,266.5728393,3312160
11/9/2018,261.3594971,265.2810429,260.621335,264.8196846,19201007
11/12/2018,256.4690857,261.774706,255.4540918,261.774706,24044907
11/13/2018,256.5613403,258.0838453,252.2245892,254.9465863,25633628
11/14/2018,261.6824036,265.4655468,256.5151856,258.7296995,52674807
11/15/2018,263.3432922,264.8657689,259.421747,261.9130929,18445463
11/16/2018,268.4182434,269.2486827,260.7597072,263.8046606,24805910
11/19/2018,265.8807678,270.817307,263.9430574,270.817307,13799970
11/20/2018,261.5440369,266.2498691,260.6674448,263.8046757,12900924
11/21/2018,264.8658142,267.1726059,261.1749475,261.5440567,16167419
11/22/2018,260.8519897,264.8657844,259.8369959,263.8508186,12066797
11/26/2018,264.2660217,265.0503364,257.9915603,262.1437849,16846820
11/27/2018,267.0341797,268.0491736,262.0976402,262.6051512,21242956
11/28/2018,262.5589905,269.848474,261.128791,267.0341715,19837609
11/29/2018,264.2660217,267.2648506,262.2821867,266.9418942,27919104
11/30/2018,262.6512451,268.4182232,261.3133231,266.4805129,17583510
12/3/2018,264.6351318,265.6501258,261.3594989,264.5428827,15772176
12/4/2018,260.713562,265.6962541,260.1138019,265.6962541,11897307
12/5/2018,258.499054,261.3133565,255.6386268,260.6213191,14893748
12/6/2018,254.346817,257.6686023,253.8393342,256.5152066,11083451
12/7/2018,254.1161346,255.9154432,251.0711813,255.5924868,10165275
12/10/2018,253.0089111,255.0388708,249.2718919,250.0562067,11947887
12/11/2018,259.5140076,261.3594405,247.6109707,247.6109707,30927239
12/12/2018,263.204895,263.7585306,260.3906208,261.8208202,21765939
12/13/2018,266.6650696,271.2786521,263.6662409,267.5877861,24097152
12/14/2018,266.8496399,268.3259639,264.8657768,266.203727,12156361
12/17/2018,267.1264648,268.9257735,265.096477,266.9419103,12728014
12/18/2018,270.1252747,271.2786704,264.8196544,265.6039691,13606582
12/19/2018,277.460907,278.6604274,271.9246071,271.9246071,26124125
12/20/2018,271.3247986,278.3374502,270.4943593,275.2924968,19222232
12/21/2018,269.3409729,273.5854749,268.325979,270.955727,15777301
12/24/2018,270.4020996,272.2014083,267.726227,270.8173334,12048877
12/26/2018,271.4170837,272.2013985,264.9580675,270.2175634,12684324
12/27/2018,269.5716858,274.6005032,268.9719256,273.7700638,15304564
12/28/2018,272.0168457,274.1391108,270.8634499,270.9096027,12876558
12/31/2018,273.0318604,275.2002502,272.6627793,274.2314089,9526067
1/1/2019,276.4459229,277.4609168,271.1403019,274.5082122,11837127
1/2/2019,271.1864014,279.1217697,270.4482394,275.9845389,25559853
1/3/2019,268.6028137,272.7088858,267.6800971,272.2014029,17548347
1/4/2019,274.6465759,275.8922489,268.9718748,269.5255103,19514041
1/7/2019,273.4009399,278.1990779,272.3859741,277.7838442,14579399
1/8/2019,281.7053528,282.3512656,271.9707044,272.9395455,22949961
1/9/2019,281.7053528,283.3662595,277.5070037,282.3512656,21109911
1/10/2019,281.9360352,283.7353437,280.0444775,281.5208296,16295468
1/11/2019,279.3524475,282.535831,277.6915689,281.7976408,12702551
1/14/2019,277.184082,280.1367866,276.3997672,277.7377177,10372933
1/15/2019,278.3374329,280.1367413,277.82995,278.6603893,9444374
1/16/2019,279.7215576,282.951066,278.7527164,279.5831557,12111480
1/17/2019,274.4159241,280.828816,272.7550454,280.4135823,15974634
1/18/2019,272.155304,276.6766102,271.509391,275.6616162,9082501
1/21/2019,269.8484802,273.8161503,268.9257636,273.0318356,10188647
1/22/2019,267.8185425,270.3560136,265.9269844,270.3560136,11297989
1/23/2019,264.4967346,270.3098667,263.4356161,268.003075,10304608
1/24/2019,265.7885132,267.4955446,263.435597,264.4967155,11532528
1/25/2019,263.3432922,268.5105104,261.3133328,267.2187129,11121223
1/28/2019,259.8370056,264.4505887,255.8693073,263.5739967,18905470
1/29/2019,258.9142761,263.89694,255.1772571,259.2833571,17435611
1/30/2019,265.2348938,267.0341742,258.5913231,259.4679151,18908654
1/31/2019,270.955719,272.0168374,265.7423759,267.5878091,25546487
2/1/2019,262.4205933,279.3063238,260.2060791,273.9545507,60015958
2/4/2019,262.0054016,263.1587974,256.3768245,260.5751739,20642919
2/5/2019,262.6512451,264.8196345,261.1287685,262.2360396,13291133
2/6/2019,266.7112122,267.357125,261.5901465,263.758536,12149759
2/7/2019,265.1887207,271.2786553,264.4505588,267.0341537,19733315
2/8/2019,263.8969727,265.742406,260.3906605,263.5278916,19781908
2/11/2019,258.821991,263.8508074,258.3606327,263.8508074,15420017
2/12/2019,254.1161346,260.3906241,253.4240972,258.9603966,15326106
2/14/2019,246.4575958,247.6109915,243.2742125,247.2880351,26372671
2/15/2019,242.6283417,248.072364,241.1058368,248.072364,23366091
2/18/2019,239.8601837,244.9812494,238.7990371,243.9662556,14781744
2/19/2019,242.5821991,246.8267013,240.1831302,240.7367658,19064306
2/20/2019,247.0112457,247.5648532,243.8739868,244.0585413,15514595
2/21/2019,247.2880249,250.0561744,246.6421121,249.4102616,13760702
2/22/2019,250.0101013,250.8866653,246.9189947,247.1957985,12536918
2/25/2019,249.2718964,250.4252922,247.1957839,250.3330149,20793897
2/26/2019,245.7655792,247.4726106,242.905152,246.1807848,15274303
2/27/2019,246.9650726,251.624808,245.9500788,247.288029,20571652
2/28/2019,248.2569275,249.8716818,246.9651297,247.0112824,31636468
3/1/2019,251.8555145,253.3779913,249.2257665,249.6409721,20024726
3/5/2019,255.085022,256.3768196,250.2407597,250.702118,21533972
3/6/2019,256.6075134,260.7135857,255.0850365,255.8693232,22161376
3/7/2019,259.9754028,260.6674403,256.1922591,257.8531659,14899105
3/8/2019,259.4678955,262.2821696,257.9915435,260.0676556,19943319
3/11/2019,265.1426086,266.6650853,261.5901443,263.2510228,22931245
3/12/2019,264.7273865,267.4955363,263.666268,266.8496515,20828136
3/13/2019,270.4943542,271.6477499,262.6974162,265.8346469,23725641
3/14/2019,269.3409729,271.9245963,268.2798544,271.7400417,16164017
3/15/2019,275.338623,278.0144955,269.8946008,269.9868781,37928480
3/18/2019,275.8461304,277.6454108,271.8784322,275.7999776,23782967
3/19/2019,279.6292725,282.9049335,276.0306831,276.9533998,27218691
3/20/2019,280.3212891,281.1056038,276.8611018,279.3985725,18820555
3/22/2019,275.0156555,282.7203443,274.0006898,280.7826339,17865957
3/25/2019,271.2786865,272.6166369,269.6178079,271.2786865,16895511
3/26/2019,280.0444641,281.4285389,271.9706946,271.9706946,18303791
3/27/2019,284.9348755,286.8264614,280.8288035,281.6592428,35956450
3/28/2019,294.3465881,313.4006798,285.1655469,286.1344162,63244736
4/1/2019,297.8067932,302.3280991,296.2381637,296.9302011,22372357
4/2/2019,303.573761,305.4191942,297.2070221,298.6372216,27897583
4/3/2019,295.7306519,306.7571258,294.8079353,305.4191756,30552104
4/4/2019,296.9302063,300.5749483,293.700698,296.6534026,27832294
4/5/2019,292.5473022,298.6833905,290.6557444,298.6833905,23117232
4/8/2019,288.6257324,294.5772656,287.0571311,293.654549,17394139
4/9/2019,290.4250488,291.3016409,284.2889891,289.6868868,25556039
4/10/2019,286.8725891,292.5472906,286.0421498,290.517331,19237974
4/11/2019,290.5634155,291.0247738,284.8425902,286.9648269,14897935
4/12/2019,290.8864136,291.9475321,287.1494225,290.2866534,14751964
4/15/2019,291.2093811,294.0698084,289.5023497,291.1171038,13864791
4/16/2019,291.3477783,294.7156884,290.3789371,292.1320931,14940726
4/18/2019,286.780304,291.3938869,284.2428333,291.3938869,15691168
4/22/2019,286.0882874,288.1643998,282.6742526,284.9348915,15665440
4/23/2019,281.6592407,289.5023318,281.0594806,286.0882691,17324274
4/24/2019,286.7341614,287.8414325,280.1367438,282.212856,15228591
4/25/2019,282.5358276,287.8875725,281.7976375,286.964856,30842477
4/26/2019,288.3489685,289.2716852,282.9049456,283.1817494,14987906
4/30/2019,285.9960022,287.8875598,281.4285441,287.8875598,18178758
5/2/2019,284.3351135,287.3339425,282.028322,284.2428362,16640100
5/3/2019,286.0421143,287.7029927,284.9348432,285.1193978,12452689
5/6/2019,284.8887634,286.318963,282.2590154,283.0894547,10639216
5/7/2019,281.8437805,289.1793602,280.2751511,286.6880424,15219845
5/8/2019,275.2001953,281.7053354,273.8161206,280.4596906,22103678
5/9/2019,276.1690674,277.7376969,273.2163912,274.6004661,12654440
5/10/2019,284.2428284,286.7341744,269.8484724,278.4758498,60739833
5/13/2019,283.1817322,289.9175806,281.7053799,286.0421594,40101505
5/14/2019,290.3327332,292.2704434,281.5208021,284.0582724,30521436
5/15/2019,287.9798584,293.3316035,286.9648645,291.7630021,27932459
5/16/2019,291.3477783,292.5934514,285.6269239,288.3489492,18147559
5/17/2019,294.5772705,297.0686166,289.2255256,291.2554852,25838962
5/20/2019,318.0604248,319.0753905,305.4191961,306.3419127,53207071
5/21/2019,311.4629822,320.6901483,310.2634618,319.1676715,33457162
5/22/2019,314.7386169,316.1226918,307.7720902,312.7086293,32002499
5/23/2019,315.7536316,335.8688422,312.9854818,325.7189596,74413322
5/24/2019,327.8873291,329.4098058,316.9531324,318.2910827,35703403
5/27/2019,333.746582,334.484744,326.6416534,327.6104945,31374994
5/28/2019,332.2240906,333.7465954,329.0868599,333.054558,23501608
5/29/2019,321.7051086,331.2552302,320.3210339,330.3325137,28370210
5/30/2019,326.2264404,327.5643908,320.6440163,322.7201286,25712604
5/31/2019,325.2575684,330.2402319,318.0142382,326.9645995,32588069
6/3/2019,327.9795837,328.9023002,322.6278113,325.119157,18380919
6/4/2019,325.1653137,329.5943702,324.2425972,326.6416659,18130636
6/6/2019,310.8632202,322.5817324,309.9405036,322.0280968,41941144
6/7/2019,315.6152039,316.2611167,310.0327797,310.9554963,29739710
6/10/2019,317.6912842,320.4594337,313.8620163,319.2599135,20500542
6/11/2019,320.2749329,321.3821759,316.3533874,318.383347,16281297
6/12/2019,317.4144897,320.1365148,315.8458604,320.1365148,11564970
6/13/2019,319.7213135,320.5979055,313.5391008,316.4918053,15509948
6/14/2019,317.22995,319.5828941,316.0765542,318.7985794,10347594
6/17/2019,311.7398071,317.1838294,310.9093678,317.1838294,13779496
6/18/2019,313.7697754,317.4145173,308.0027965,309.571426,21957480
6/19/2019,312.6625061,318.5217618,309.5714001,316.5840514,16416903
6/20/2019,318.4756165,319.4906103,309.6636845,314.6463483,20626861
6/21/2019,322.3971863,323.5967348,316.6302073,318.1526841,24749090
6/24/2019,325.9035034,327.3337028,322.6278427,322.9507991,17919504
6/25/2019,328.9945984,329.4098321,324.1042116,325.4421619,15922634
6/26/2019,330.4709473,331.255262,326.9184827,328.256433,15835579
6/27/2019,334.1618347,334.9461495,329.6405287,330.4248435,29658120
6/28/2019,333.3313904,336.7915778,330.9784742,334.2079825,22708464
7/1/2019,333.6081543,334.9461045,330.7938801,334.76155,12348793
7/2/2019,336.3302002,336.7915585,332.5009319,334.1618106,14482172
7/3/2019,337.8526917,338.3602027,334.9461399,337.0222523,12626285
7/4/2019,339.006073,342.2355811,337.89883,338.8676711,19252646
7/5/2019,342.0049133,344.7269387,337.7142866,340.8976703,30019347
7/8/2019,327.8411865,339.974932,326.180308,339.5596982,27247892
7/9/2019,331.7166138,332.1779721,325.2575976,326.1803142,16579914
7/10/2019,326.8262329,333.5620529,324.1503322,332.6854608,18681819
7/11/2019,335.1306763,335.8688383,329.4098222,330.793897,20048321
7/12/2019,335.4997559,338.2217529,333.5620454,334.9461203,14661748
7/15/2019,332.2240906,336.7915489,329.9634519,335.9611096,15665939
7/16/2019,336.191803,337.7142798,330.0095904,330.7939052,16251836
7/17/2019,343.6196594,344.6807779,334.9922535,335.9149701,17545177
7/18/2019,335.5458679,344.9114353,334.5308741,343.2044322,21691056
7/19/2019,328.4871216,337.7604125,327.7028068,336.8838486,22213173
7/22/2019,323.7351379,331.7627558,321.7513028,328.487123,19682038
7/23/2019,315.7536316,325.7189596,314.6463604,324.058081,27956145
7/24/2019,313.3545227,318.0603824,310.2634169,315.4306348,20823143
7/25/2019,314.9231567,316.6763408,311.3245677,315.2922659,19857643
7/26/2019,316.1227112,319.3983438,314.1850007,314.4618044,16139052
7/29/2019,317.22995,319.7674206,310.7709339,317.36838,17060483
7/30/2019,302.2357788,319.9058223,300.6671777,317.7835575,24437235
7/31/2019,306.5264587,307.4491753,298.8678942,299.9751654,22741445
8/1/2019,292.6395874,305.8805773,287.287842,305.2346644,40853304
8/2/2019,284.6119385,297.3454159,283.3201127,291.1632036,64472348
8/5/2019,277.0456543,279.444723,269.1564388,275.3847757,48815899
8/6/2019,278.106781,280.736529,274.2775127,275.7077122,30442970
8/7/2019,267.4955444,279.075655,266.4805505,279.0295023,30820114
8/8/2019,271.6016541,272.6627726,263.5278833,267.587831,32929233
8/9/2019,268.8335266,274.9695873,267.633978,273.4009576,23377581
8/13/2019,261.4517517,269.0180109,260.667437,268.4182507,24231272
8/14/2019,267.3571167,268.7411915,262.5128549,263.0203377,18523649
8/16/2019,268.4182434,270.1713993,262.3283084,265.6962464,20047399
8/19/2019,264.6813049,269.8023716,263.8969901,269.4332906,19831459
8/20/2019,261.7746887,265.188723,258.9603864,265.0964457,23204417
8/21/2019,255.9616089,263.5278971,254.9466149,263.4356198,28226325
8/22/2019,247.7955017,256.7919875,246.6421061,256.7919875,27728925
8/23/2019,250.1484833,253.9777516,242.3976692,246.4576168,35212444
8/26/2019,258.5452271,265.7424059,249.1335056,265.7424059,64066440
8/27/2019,263.6202087,265.7424462,260.7597809,262.0515789,45164811
8/28/2019,262.881958,264.4967121,260.39064,264.4967121,18979998
8/29/2019,253.2856903,262.3283011,252.1784192,261.3133355,27083514
8/30/2019,252.6859436,256.4690873,246.2269275,254.6236541,45702652
9/3/2019,247.6571045,250.9788895,246.3191825,250.9788895,21241863
9/4/2019,253.8393555,254.531393,246.5960242,248.8566912,27309675
9/5/2019,252.178421,254.9927234,250.1023088,253.7470504,25085139
9/6/2019,252.7782593,255.592534,251.0712277,253.7932252,16675146
9/9/2019,256.5151978,257.1611106,250.056182,252.778207,18616889
9/11/2019,263.204895,263.7585306,256.9765583,256.9765583,20999669
9/12/2019,264.8658142,266.4805684,262.1899414,264.5890105,21964832
9/13/2019,269.1564331,269.8945951,260.2060712,262.9742209,27303181
9/16/2019,262.6974182,268.0030385,261.8669508,265.9269262,18267680
9/17/2019,252.7782593,264.3122184,251.9016671,262.9742679,21533362
9/18/2019,258.7297363,261.0826806,253.1934366,255.77706,25478758
9/19/2019,252.8704681,258.3145185,251.9477516,258.3145185,23387797
9/20/2019,278.383606,283.8737528,247.6571267,253.2857035,84481749
9/23/2019,289.5023193,291.5784316,277.1840477,283.7814654,54178171
9/24/2019,279.2140503,290.7941324,277.5531435,288.9486992,40096711
9/25/2019,258.5913086,274.5081688,257.1611092,274.0468105,73063465
9/26/2019,260.067688,267.4955456,255.5925067,259.7447315,79005946
9/27/2019,259.4678955,263.9430481,258.3606244,260.8519703,37851718
9/30/2019,249.8716583,260.0676942,249.2718981,259.6524605,41094131
10/1/2019,236.1693268,254.2084403,226.5730791,251.6709695,79350077
10/3/2019,234.5084076,240.5522179,230.7714168,234.3700057,56207921
10/4/2019,230.6330109,240.3676738,229.3412133,238.5222406,60029186
10/7/2019,229.8487244,233.8163947,227.7726119,232.0632387,39160623
10/9/2019,240.7829132,241.7517544,225.4658117,230.7714323,60328507
10/10/2019,234.5084076,238.060872,233.0782082,238.060872,37577511
10/11/2019,234.8775024,241.1981024,232.0632141,236.3999932,43272106
10/14/2019,235.707962,239.3526899,234.3700257,237.0920511,28265136
10/15/2019,238.47612,239.8140422,235.1081959,236.6306868,23444973
10/16/2019,236.2615662,241.7056164,235.292725,239.260395,30892295
10/17/2019,244.9351501,245.442633,235.8463854,236.5845474,37061013
10/18/2019,248.8105469,250.3791765,242.8590412,243.9662843,33203721
10/22/2019,249.5948486,253.7470735,247.7494154,249.5025713,27574295
10/23/2019,254.1622925,256.3306539,247.8878029,249.8255133,31789622
10/24/2019,242.2131042,256.1922549,229.4334739,254.6697782,63943183
10/25/2019,259.790863,262.189932,243.1819632,245.2580757,105518180
10/27/2019,260.0215149,262.9280946,258.5913155,262.9280946,12183625
10/29/2019,258.9603577,262.9741797,257.0226476,261.2671487,51033578
10/30/2019,267.4955444,268.5105384,257.668618,261.1288053,51469048
10/31/2019,288.2566833,293.2393478,270.1253063,270.678942,128449327
11/1/2019,289.3177795,290.6557299,284.7503493,288.2566611,44894016
11/4/2019,290.0097961,294.3465751,288.2105158,291.5784255,31535656
11/5/2019,294.5311279,297.114723,288.6257196,289.6407134,50080853
11/6/2019,293.0086365,294.3004622,289.7330039,294.3004622,32157080
11/7/2019,293.5622864,298.3142713,292.3166133,293.6545637,33926772
11/8/2019,291.5784607,296.1920439,290.1943857,291.7630153,25423362
11/11/2019,293.654541,294.9463385,288.9025564,290.3789085,20491942
11/13/2019,283.0894775,293.9775517,282.0283589,291.6246072,32675829
11/14/2019,282.3512878,285.580796,276.5381844,283.2278799,43617772
11/15/2019,297.0224609,298.6833677,286.0882639,287.8875724,95199897
11/18/2019,299.9751587,304.3580623,298.7294857,298.9601648,39009263
11/19/2019,304.8655396,306.1573371,297.2070035,300.6210378,41372145
11/20/2019,303.3892212,306.803284,299.9751865,306.3419257,29972583
11/21/2019,305.7421265,307.1262013,301.3130702,303.8044161,34116162
11/22/2019,303.8505554,308.00278,302.8817143,305.8344186,28974967
11/25/2019,310.1250305,311.416828,302.9739774,303.5737375,27561300
11/26/2019,309.5714111,313.7236357,306.8955387,311.8782026,36464072
11/27/2019,316.9992676,318.8447007,308.2334601,309.9866441,33971305
11/28/2019,322.3049011,323.8735306,317.8758727,320.0442623,42538227
11/29/2019,315.4306946,321.8897112,314.2772988,321.8897112,23081823
12/2/2019,312.3395691,317.7374668,310.2173322,317.3222331,20648850
12/3/2019,310.2634583,316.4456708,307.5875857,314.6463621,26482178
12/4/2019,315.4306946,316.4456885,306.203528,308.2796405,26789483
12/5/2019,310.2173462,317.9681603,309.2484768,316.4918081,30429507
12/6/2019,295.2693481,311.5552925,293.4239147,310.6787285,47027528
12/9/2019,292.2243652,302.3280953,290.4250566,294.3004776,52435239
12/10/2019,289.1793823,297.714511,288.1182638,292.6857224,52155809
12/11/2019,288.6257324,291.3477576,284.1967041,287.1494084,52557951
12/12/2019,296.9763489,297.9913428,289.3177841,289.7330178,37804216
12/13/2019,306.8494263,307.6798938,299.8829265,300.0674811,40955226
12/16/2019,306.2034912,311.1861549,305.2346219,309.9866347,35027613
12/17/2019,307.1723633,309.8021113,305.0962508,307.4953197,26734601
12/18/2019,301.6821594,309.6174985,300.621013,309.1100157,26449075
12/19/2019,302.7894592,304.1274096,299.4215491,302.0512972,27516289
12/20/2019,311.7398071,313.2622839,304.8194327,304.8194327,51839714
12/23/2019,306.7109985,312.662532,304.8194407,309.7559803,30150335
12/24/2019,305.8344116,308.3718821,303.7582994,307.4491656,21747782
12/26/2019,304.3580933,307.6798788,302.7433391,307.2646451,24616942
12/27/2019,311.1861877,312.2011817,307.264642,307.633723,33477173
12/30/2019,308.5564575,311.7398414,306.8033014,311.6475641,22775554
12/31/2019,307.956665,310.3557338,306.8493939,308.5564252,23801635
1/1/2020,308.6026001,309.9866751,306.4803349,308.8332793,17379320
1/2/2020,313.0777283,313.5852393,307.5875814,308.6486999,20324236
1/3/2020,307.910553,311.8320987,306.3419234,311.8320987,21853208
1/6/2020,294.3465881,306.0650999,293.1470678,306.0650999,35645325
1/7/2020,293.7929688,301.7283374,291.0248189,299.3754212,50966826
1/8/2020,295.0847778,296.6534074,286.9648825,287.9798764,44527485
1/9/2020,304.6810303,305.7882733,299.8828927,301.6360486,40348407
1/10/2020,306.5725708,311.8320663,302.7433028,305.4191751,42377838
1/13/2020,305.1885071,309.5252862,303.6198776,308.1873359,23615129
1/14/2020,302.6510925,306.0651558,301.2670174,304.3119714,26296117
1/15/2020,299.1908875,303.7583463,297.4377314,303.5737917,32625740
1/16/2020,298.31427,301.6360555,297.4377061,298.9601829,26653623
1/17/2020,293.4238892,298.4988306,286.1344334,288.810306,58396326
1/20/2020,289.7330017,296.6072514,289.1793661,296.1920177,30682902
1/21/2020,289.4561768,292.4550054,287.8875474,289.5484259,30591772
1/22/2020,291.7168274,292.5011421,289.4561888,292.5011421,24994911
1/23/2020,298.2219849,299.6983087,289.8713836,291.5784148,33293610
1/24/2020,299.0063171,302.0051462,296.3304445,298.4988342,22706879
1/27/2020,291.763031,297.1147766,291.3939218,296.0997826,23309355
1/28/2020,290.7480164,295.2693222,287.0109971,293.3777644,26488426
1/29/2020,291.9936829,294.9925118,291.1632154,293.2854805,23914114
1/30/2020,286.6880493,292.2704733,282.0283137,292.2704733,35802330
1/31/2020,293.8390808,296.8379094,284.7503176,289.4561774,92656638
2/3/2020,275.0617981,283.1355676,272.5243277,279.5831034,56060158
2/4/2020,282.5819702,283.7814906,274.1391186,279.4908638,51141567
2/5/2020,286.9648438,289.4100369,281.0594635,283.1817003,35014841
2/6/2020,297.068634,298.4988336,286.1344362,287.1494301,57757656
2/7/2020,295.7767639,299.8828636,293.7929291,296.6533559,37126803
2/10/2020,293.8852234,297.8528933,292.0397903,295.0847436,24816396
2/11/2020,299.2831421,300.6210643,296.2381603,296.2381603,30188757
2/12/2020,295.4538574,304.4041913,294.5772654,304.4041913,38930849
2/13/2020,302.1435547,305.3730627,297.1147381,297.1147381,62516057
2/14/2020,294.7156677,306.2496249,293.931353,302.7433132,48205947
2/17/2020,289.9176025,296.3304668,287.564658,296.1459404,36950692
2/18/2020,293.0086365,294.5311413,285.488502,291.0248015,38588583
2/19/2020,295.5922852,298.9601953,292.7318579,297.3915657,39846727
2/20/2020,302.3280945,303.7583221,294.1159222,294.6695578,40150409
2/24/2020,297.991333,305.695994,296.9763391,300.5749282,45273936
2/25/2020,301.5437622,302.7894352,297.2992885,300.7133229,39050709
2/26/2020,302.8356018,305.2346425,299.1447354,299.7444955,43915281
2/27/2020,297.068634,304.4964917,293.423892,302.6510585,47010040
2/28/2020,279.5831299,290.3327726,277.829974,287.8875793,59705346
3/2/2020,265.1887207,287.8875526,262.0976147,286.9648361,66711413
3/3/2020,267.4494019,271.647751,263.2510246,270.3559534,61949382
3/4/2020,263.2510071,270.3559354,253.8393156,269.2486644,73675736
3/5/2020,266.2037354,275.3386239,249.1334785,268.4182495,149245973
3/6/2020,249.5948486,253.1934379,234.3238856,247.2880571,106043172
3/9/2020,233.8625183,242.4437855,231.7402673,239.9524394,101286241
3/11/2020,226.1578522,238.5222494,224.3124189,233.4473079,90845604
3/12/2020,196.1695404,213.9779582,192.4786743,213.9779582,99767083
3/13/2020,223.2974091,229.5718845,170.3796083,184.5433133,155701316
3/16/2020,206.0887604,213.5166178,203.5512897,210.2871097,75583409
3/17/2020,198.5224762,212.1325464,195.6620631,209.6412143,65403057
3/18/2020,198.5686188,205.9042133,184.6356059,203.9203781,101356399
3/19/2020,187.9112244,202.7669668,182.8362832,187.2653256,93533467
3/20/2020,193.6320648,199.0299479,184.5433016,189.664381,77391650
3/23/2020,167.5653381,184.0819594,166.3196651,175.3161518,61750037
3/24/2020,169.0416718,177.1154417,160.1374625,176.1927251,67491360
3/25/2020,175.223877,180.1604164,162.8133415,164.243555,71567553
3/26/2020,177.8536224,185.4660343,170.7948462,176.7463653,107260359
3/27/2020,180.8063202,195.5236476,179.9297422,186.3887586,114740377
3/30/2020,172.455719,179.9297287,171.8559589,175.316146,60081554
3/31/2020,181.6367798,183.1592566,173.5168704,177.1615984,59543412
4/1/2020,172.132782,179.468376,170.9332476,179.0070177,52954239
4/3/2020,161.9367676,173.6552659,161.4754093,173.0555057,64448494
4/7/2020,171.9943695,172.8248229,163.8744746,170.1489363,72130500
4/8/2020,168.857132,179.3760952,166.5042019,168.7648547,80435759
4/9/2020,173.240036,175.3161483,169.4107679,173.4707152,62416005
4/13/2020,169.3184967,174.1166202,168.9494157,172.3634643,51847146
4/15/2020,168.25737,177.1154405,166.2273823,172.5479964,72190004
4/16/2020,173.9320831,175.2238808,166.319671,167.9344251,61165773
4/17/2020,178.3149719,182.6978755,171.9020948,180.8524424,89851063
4/20/2020,177.6229553,182.0981367,175.3623023,179.0070303,81958510
4/21/2020,170.4718933,173.6552628,168.8571392,173.4707223,53042420
4/22/2020,174.1166077,174.8547837,167.3346496,171.1639176,61503413
4/23/2020,172.2711792,175.2238694,170.8409657,173.2400344,50955312
4/24/2020,165.8583069,169.7798524,165.1662694,169.7798524,65137305
4/27/2020,166.9194336,169.3185025,166.5503526,169.3185025,42996571
4/28/2020,170.0566711,171.0255264,167.1962441,167.9344202,49590230
4/29/2020,175.408432,176.9770474,169.3184968,170.7025717,57470466
4/30/2020,175.7774963,180.7601599,175.0393203,178.5456459,63063889
5/4/2020,165.0278778,169.3185046,164.243563,168.3496493,58118177
5/5/2020,157.2309113,167.2423925,155.7545731,167.0117134,91050439
5/6/2020,157.8768158,159.9067895,153.6784525,157.9229404,73156432
5/7/2020,157.5538635,159.2147563,155.7545689,157.6461408,42942399
5/8/2020,153.7707214,160.3681538,153.2632386,159.1224807,55932236
5/11/2020,152.6634521,155.8468215,152.2482325,154.9702436,54591827
5/12/2020,154.0014038,155.4777561,148.4189793,151.5100717,70752542
5/13/2020,160.6449738,164.75106,157.3231882,164.75106,81720683
5/14/2020,154.9702454,158.4765711,154.5550257,157.7383951,48136531
5/15/2020,153.5400391,155.2470704,151.9714236,154.9702526,35495540
5/18/2020,143.2978821,153.5400273,143.0210643,153.5400273,77349435
5/19/2020,140.9910889,145.6508102,140.6219938,145.3278538,71522334
5/20/2020,141.5447388,143.2517703,139.4686262,141.1756577,66168767
5/21/2020,140.2067871,144.0821941,139.7915674,141.7754025,61147471
5/22/2020,139.191803,143.5747068,137.8999913,140.2529214,87064198
5/26/2020,139.699295,141.3601878,138.5920379,140.6220117,48275988
5/27/2020,146.342865,148.3728388,139.1456724,140.2067909,88195120
5/28/2020,145.9737549,149.8491616,144.5896801,147.1271506,76968678
5/29/2020,148.8341827,149.3878042,143.2056061,144.0360595,58363280
6/1/2020,156.907959,158.1536179,150.7257606,151.3255208,92740893
6/2/2020,157.0924988,158.061354,154.2782104,156.7695423,70419104
6/3/2020,161.3831177,165.9967004,158.7072453,159.1686036,113168889
6/4/2020,160.5988007,163.9205714,158.2458709,161.3831012,83494674
6/5/2020,173.2861786,175.1316118,162.39812,162.9056169,201321234
6/8/2020,172.3634491,182.2365131,171.4407326,181.7751548,151741826
6/9/2020,170.1950684,176.2388647,169.1800886,173.1938972,96654191
6/10/2020,173.1939087,174.3934431,169.5953195,170.2873569,67333317
6/11/2020,163.4592438,175.685239,162.7210817,173.4707247,91726802
6/12/2020,165.3046722,166.088987,156.6772805,156.861821,92758901
6/15/2020,160.2758789,164.1051614,158.7072634,164.1051614,63613412
6/16/2020,159.5377045,165.1201431,156.3081962,164.2435651,63925976
6/17/2020,159.583847,162.5826763,156.1697981,157.7845523,73866905
6/18/2020,165.766037,166.6887536,157.8768211,159.0763414,58261857
6/19/2020,170.2412262,170.6564459,165.6276428,166.365819,76895151
6/22/2020,173.1939087,176.9309139,170.0105391,170.7025766,80023958
6/23/2020,177.5768127,178.176587,173.3323247,174.9470788,65487085
6/24/2020,170.3334808,179.83745,169.687568,179.7451868,74668987
6/25/2020,170.9332733,172.3634871,166.4580916,168.1189845,73620385
6/26/2020,170.3334808,174.024347,169.5953048,173.4707115,49176958
6/29/2020,165.3969574,168.9494221,164.7049199,168.8571448,50966428
6/30/2020,164.6587677,168.7648536,163.5515106,167.103975,43613239
7/1/2020,170.5180359,171.0716574,164.7971956,165.5814963,54012853
7/2/2020,171.1177979,173.4707281,169.7798615,171.3023384,52127276
7/3/2020,170.425766,172.4096153,169.2262315,172.2250607,38048810
7/6/2020,173.516861,175.1777537,171.763691,172.1789247,43773740
7/7/2020,174.0243378,174.5779592,169.8259749,172.5479857,55124494
7/8/2020,177.0693054,182.1903852,173.8397974,174.3011557,143063102
7/9/2020,183.7128754,185.4660312,177.669079,177.8997581,89539723
7/10/2020,180.4833527,186.8500909,179.7451766,182.6978666,111406477
7/13/2020,177.8074799,184.3587731,176.7925001,183.4360566,61949761
7/14/2020,171.6714325,177.4384115,170.3334962,177.4384115,62239932
7/15/2020,169.5953217,175.2700234,168.8571455,173.4245901,58527305
7/16/2020,171.855957,172.5018558,167.6114553,170.7025613,46546803
7/17/2020,173.6552734,174.8548079,170.7025829,172.3634757,47035238
7/20/2020,176.008194,178.3149855,174.1627607,175.3161565,45672856
7/21/2020,179.3761139,181.0370067,176.7002412,177.5768192,59281860
7/22/2020,177.1615906,181.5444945,175.4084346,180.5756392,62276152
7/23/2020,182.9285583,183.7128731,176.3772651,177.5306608,70801412
7/24/2020,177.115448,181.1292708,175.9159136,180.5756352,65265493
7/27/2020,172.6864166,178.2688552,172.0866564,178.0843147,50697767
7/28/2020,174.8086548,175.77751,171.3946062,173.4707185,51488617
7/29/2020,176.4234161,180.1604213,172.5480091,173.1016447,73763368
7/30/2020,172.132782,178.5456594,171.6714237,177.6229429,48472816
7/31/2020,176.6540833,179.791328,172.2711796,173.4707139,145892485
8/3/2020,177.3922729,179.5606627,175.3622992,177.1615938,72454278
8/4/2020,176.7925262,178.8225002,175.7775322,178.4072805,43866676
8/5/2020,176.6540833,181.6367611,176.2388636,177.8536176,68888892
8/6/2020,176.1927338,179.4683805,175.546835,177.4384068,59740172
8/7/2020,175.9159241,177.2538745,174.9009442,176.6541002,44822338
8/10/2020,178.8224792,180.3910946,176.8847688,177.0231847,48784530
8/11/2020,179.9758606,181.5906145,178.7763263,179.929722,43890305
8/12/2020,187.5883026,188.4648806,179.5606704,180.8524681,157818228
8/13/2020,186.296463,191.2791408,185.2353446,189.6182482,70443118
8/14/2020,181.3138123,188.2341868,179.5606563,187.3114702,56169088
8/17/2020,178.17659,183.2976561,176.7002377,183.1131156,54787889
8/18/2020,180.0220032,180.6217633,176.8847585,178.8224689,46294169
8/19/2020,181.8213043,184.8201332,180.7601718,181.2215301,59296062
8/20/2020,179.6990356,181.1753877,178.3149609,179.0069983,37504602
8/21/2020,183.0669708,185.927398,182.3749334,183.6206064,68041871
8/24/2020,185.8812561,187.1269291,183.2515222,184.5433199,53850253
8/25/2020,191.878891,192.3402492,187.0346294,188.2341637,105394375
8/26/2020,193.6320648,194.0934231,190.2180025,192.3863919,66749637
8/27/2020,198.9838409,199.7681557,194.2318558,194.2318558,80997993
8/28/2020,207.4728394,208.4416806,200.0449677,200.2295082,95974037
8/31/2020,195.615921,213.6550335,194.0934442,213.6550335,119986476
9/1/2020,201.2445068,201.9826689,194.8777535,196.6309236,75048313
9/2/2020,199.5374603,202.0749309,195.8927327,201.3828935,47608088
9/3/2020,196.6770325,201.3828926,195.8927318,200.6908552,38594129
9/4/2020,190.633255,195.8927368,189.9873421,193.7704858,54435758
9/7/2020,191.8327789,193.447533,189.5259874,191.4636979,35687359
9/8/2020,188.2803345,192.3864207,187.2192019,191.8327851,34146789
9/9/2020,179.7913361,185.8351186,177.6229464,185.5583148,72715826
9/10/2020,182.8363037,185.8812716,180.1142923,182.421084,67789617
9/11/2020,187.034668,188.0958006,181.7751857,183.2053994,48487971
9/14/2020,183.159256,190.2641714,182.0981375,189.9873536,63605531
9/15/2020,184.6817169,185.4660316,181.8674426,184.4510378,51761038
9/16/2020,182.8824463,184.5894778,181.0831515,184.4049373,52404964
9/17/2020,180.3449554,182.6978856,179.9297358,181.775169,41223296
9/18/2020,177.7152252,181.9597132,175.0393386,180.8524561,55286316
9/21/2020,171.4407501,178.5456653,170.0105366,178.1304456,57611375
9/22/2020,171.8098297,173.7475402,167.150108,171.7636911,51210889
9/23/2020,169.5953217,174.3473067,167.0117122,173.6091306,44320497
9/24/2020,162.7210693,167.7498717,161.9367546,167.103973,46114798
9/25/2020,168.1189575,168.6264545,162.5365194,165.1662673,46550127
9/28/2020,172.7786865,173.6091258,169.1800973,169.7798575,41921548
9/29/2020,170.748703,174.347292,169.0878104,173.9320723,35688726
9/30/2020,171.0716553,172.363467,168.3035054,170.7487129,37641083
10/1/2020,175.5929718,176.4234111,172.4557269,172.5480042,43588724
10/5/2020,174.1627655,178.8224873,172.59415,177.1615946,41694686
10/6/2020,176.7925262,177.2538846,173.7475583,176.3311679,31098726
10/7/2020,175.9620667,178.2227197,174.4857284,177.6690981,34578053
10/8/2020,176.7002411,180.6679256,175.8236631,176.5618392,43351606
10/9/2020,182.9747162,183.4360745,175.8236621,177.1615984,64907230
10/12/2020,183.3437805,190.0334757,182.0058443,184.2664971,69122798
10/13/2020,180.5756531,184.5433377,180.0220315,183.2976645,34948525
10/14/2020,184.5894775,185.3737783,178.1304607,179.0531774,40548275
10/15/2020,177.9458923,186.8501014,177.1615776,185.4660266,49184123
10/16/2020,180.8063202,181.5444963,176.7925113,179.0070256,36893126
10/19/2020,188.2341766,188.7878122,180.8985829,181.0369847,60220779
10/20/2020,187.357605,188.5571394,185.1892154,185.4660332,39316753
10/21/2020,188.0035095,191.2791563,183.4822038,188.8800875,54515523
10/22/2020,187.5883026,188.7878371,185.5583287,186.2964908,33721637
10/23/2020,187.1269379,189.7105473,185.9735421,188.234195,32707020
10/26/2020,181.4983673,188.2342019,180.4833874,187.0346674,45470123
10/27/2020,179.606781,182.2826676,177.3922668,182.0058498,37794381
10/28/2020,175.731369,179.9297323,174.4395714,179.9297323,46458319
10/29/2020,174.1166077,175.9620407,171.5329985,174.7163819,44822673
10/30/2020,174.624115,177.1615856,171.7636879,174.7163923,41519686
11/2/2020,180.8985901,182.0058472,175.3622906,177.3461256,52600119
11/3/2020,188.9262238,189.895079,182.3288057,182.6978867,69890201
11/4/2020,191.0023346,192.8477678,182.7440239,187.7728265,117577856
11/5/2020,201.7519684,203.9203579,198.1533795,199.3067752,138023646
11/6/2020,202.2594757,204.7046831,200.2756407,202.0749352,73147085
11/9/2020,202.5362854,205.4428369,200.2756326,205.3044351,60359458
11/10/2020,213.7934418,216.8384095,205.7658099,205.8580871,135294550
11/11/2020,216.100235,220.8522341,210.1487155,214.7622987,107094861
11/12/2020,209.2721252,215.3159217,208.2109927,215.1775058,58859905
11/13/2020,211.7173157,212.8245727,203.0899241,207.6112297,70676525
11/14/2020,211.9018707,214.9006998,210.1487147,214.0702605,7753219
11/17/2020,221.6365204,222.928332,213.1475306,213.9318454,80501583
11/18/2020,232.5245819,233.4472985,219.5142723,220.8983472,104514060
11/19/2020,221.2212982,232.3400357,220.5292608,228.8337099,82284278
11/20/2020,223.9894714,226.434665,215.8695619,222.8360756,84411129
11/23/2020,220.2524567,227.1266927,219.6988351,224.6814993,57538324
11/24/2020,225.0044403,226.0655587,220.9906176,221.9133342,47636611
11/25/2020,224.2201233,230.5868619,222.9283257,226.480776,74767232
11/26/2020,226.4807892,227.2189653,221.5903883,225.1428529,64248318
11/27/2020,225.3735199,227.218953,223.3435463,226.480777,54355703
12/1/2020,228.8798523,229.7102916,225.3735264,226.0655639,37003272
12/2/2020,227.8648682,231.4634715,225.2351342,229.1566799,56723083
12/3/2020,236.4922485,238.9835946,228.8337122,230.0332465,79266442
12/4/2020,243.1358032,243.9201179,233.9547767,237.1381458,79252024
12/7/2020,248.7644196,250.471451,242.6744839,243.412646,76053084
12/8/2020,250.8866425,252.5475493,244.7505826,250.0100786,65617502
12/9/2020,249.4564514,253.6548009,248.3953329,251.0712055,48495641
12/10/2020,248.7182465,250.0561968,245.0273801,248.2107636,38676657
12/11/2020,251.3941345,254.9004461,249.1795923,249.1795923,50255223
12/14/2020,253.0089111,254.8081917,251.3018797,252.8243565,31946501
12/15/2020,249.7332306,252.8704613,247.4264392,252.8704613,34890948
12/16/2020,248.5798645,252.5014103,247.7494251,251.7170955,24844177
12/17/2020,247.0112457,251.1173177,246.0885291,249.1334826,25904699
12/18/2020,250.4714203,250.9327786,244.5198872,247.0112332,29816205
12/21/2020,235.0158997,248.210749,231.6479899,247.7032661,55160758
12/22/2020,237.5534058,238.7068015,229.0644016,235.1081983,51189571
12/23/2020,242.6744843,243.5049236,235.8463865,237.0920597,29056404
12/24/2020,246.2269287,248.0723619,244.1969409,244.5198974,28585509
12/28/2020,253.9316101,254.6697721,247.2880396,247.980077,36870242
12/29/2020,256.4229431,258.2683764,253.4702668,254.9465909,45032526
12/30/2020,255.5002136,257.1611204,251.4402663,256.5152075,30971894
12/31/2020,253.7009583,255.8231953,251.5325685,253.7470828,29467966
1/1/2021,257.8070068,258.3606424,253.1934239,253.6547822,24531791
1/4/2021,259.3294983,261.9592463,256.2845447,260.0676885,31450608
1/5/2021,259.9754028,260.6213157,255.592499,256.5613401,27393072
1/6/2021,263.0203247,266.803468,259.6524151,261.1287672,40765708
1/7/2021,265.4655762,269.2486917,264.8196633,266.6650965,30546600
1/8/2021,263.8969727,268.8796371,263.1588106,267.6801167,32543357
1/11/2021,260.66745,265.926946,257.9915773,265.7423915,29703173
1/12/2021,269.8946228,271.1402959,256.4229539,258.3606646,44307145
1/13/2021,283.0894775,284.1967489,271.7400732,273.1241483,78042133
1/14/2021,283.5046997,285.3501331,280.3213159,282.9972168,40123498
1/15/2021,280.3674316,286.8725721,278.0144875,283.0894286,35307601
1/18/2021,271.6939087,284.7964673,269.6177964,280.0444825,54969750
1/19/2021,275.5232239,279.1218135,273.4932358,274.6466317,35803901
1/20/2021,279.1679077,281.151771,273.9084398,275.7077203,33759304
1/21/2021,272.0630188,281.5669893,268.9719123,280.5058708,29995203
1/22/2021,261.7746887,274.9695237,260.5751403,272.6627324,44440810
1/25/2021,259.2372131,265.7423532,255.6385962,262.5128455,34034630
1/27/2021,254.346817,262.8358207,251.62482,258.5451943,39211107
1/28/2021,260.5290222,261.4517388,248.672109,250.8866231,48717297
1/29/2021,260.2983704,268.1875864,257.5302204,263.5278786,42300984
2/1/2021,286.6880493,289.6407254,260.8981099,263.0664995,103414068
2/2/2021,307.3569031,311.3245732,290.6557271,290.6557271,121434166
2/3/2021,309.9866638,313.6313776,300.6210675,307.956676,66420168
2/4/2021,327.6566467,330.332519,305.5114499,308.5564032,145203439
2/5/2021,362.7199097,376.7913382,355.3843013,357.0913326,214955688
2/8/2021,366.364624,376.2838277,364.2423871,367.2412161,79389205
2/9/2021,364.2884827,372.3161279,358.9367379,366.0877912,63869990
2/10/2021,361.9356079,367.1489514,358.0140621,363.5964866,54163507
2/11/2021,359.9978943,366.2723844,358.2447383,361.5203711,36392708
2/12/2021,362.7660217,368.4868759,355.75337,360.7821867,53589755
2/15/2021,375.4995117,377.8063031,365.1189505,366.779829,56608937
2/16/2021,371.2550049,383.6194009,369.3634191,380.1592138,80365431
2/17/2021,379.9285583,382.7889854,369.2250402,371.8547881,74161370
2/18/2021,383.1119385,394.6458958,381.7278636,392.2006743,67154539
2/19/2021,368.6713867,382.9273687,364.4730377,382.9273687,66155518
2/22/2021,359.3980713,370.0093109,355.8456072,369.6402299,52535049
2/23/2021,365.0266724,368.8098158,358.9367375,361.7048872,45462768
2/24/2021,374.8536377,378.7751834,364.65763,366.3185087,39632090
2/25/2021,375.7763367,382.8351131,375.1304238,379.2365239,46988836
2/26/2021,359.9978943,370.0093755,357.0913425,368.6253006,64450414
3/1/2021,364.4269104,366.9643809,360.7821688,364.5653123,29677890
3/2/2021,363.7348938,368.6714051,360.3669557,364.4730558,30534337
3/3/2021,373.7463379,377.2988023,365.3957641,365.8571224,46268223
3/4/2021,365.0728455,372.316177,363.9656023,367.8871482,43603653
3/5/2021,354.0002136,364.4730525,348.8791478,364.4730525,72179228
3/8/2021,359.4904175,362.9967295,356.2147564,358.429299,39147858
3/9/2021,357.6449585,364.3807784,352.7084191,363.0428562,28054083
3/10/2021,357.7372437,362.6276305,355.8918104,360.8744745,22677399
3/12/2021,351.6473083,362.812185,348.3255229,361.4281101,35336355
3/15/2021,354.230896,356.1686065,340.8053808,352.9390984,42722585
3/16/2021,349.294342,357.8756229,347.0337034,355.7995107,38196452
3/17/2021,339.6981201,350.3093613,337.7604096,348.9714391,33143064
3/18/2021,338.7292786,346.0187343,333.1929788,342.7892261,39405038
3/19/2021,342.4662781,344.0810322,329.6405223,335.8227351,60309145
3/22/2021,338.6369934,343.9887384,335.4074853,343.2505764,28461974
3/23/2021,343.8964844,348.7407465,338.6831131,340.205618,41032380
3/24/2021,332.0395508,340.528526,330.9322797,340.0210432,42318999
3/25/2021,327.7489319,332.9622748,318.5217663,332.1779601,57495003
3/26/2021,329.5943604,334.0233885,327.149139,332.1779554,40718848
3/30/2021,332.9161377,336.1456458,328.763913,332.270253,39405124
3/31/2021,336.1456604,339.4213214,330.2864323,332.4547938,38651025
4/1/2021,342.0049133,343.1583091,335.038414,339.2829162,31883453
4/5/2021,326.2264404,340.6669776,322.0742158,339.0983482,51743981
4/6/2021,323.4582825,329.4098156,322.3048868,328.2102953,44147709
4/7/2021,330.8400574,335.1307125,320.7363265,324.1042368,48023602
4/8/2021,328.118042,335.2229432,326.9184935,333.1007062,33370259
4/9/2021,325.7189331,336.3301731,324.0580546,327.0107306,46473100
4/12/2021,303.4353943,317.4145467,297.6222621,317.4145467,75501713
4/13/2021,314.6463928,315.7997887,304.9578675,306.3419426,49773360
4/15/2021,316.2149963,320.6901494,310.125061,315.6613607,52992349
4/16/2021,313.6313782,318.798597,312.4779824,316.4918054,37766793
4/19/2021,305.5575867,306.388026,296.4688228,301.8667204,53304377
4/20/2021,304.0351257,313.6313729,301.4515305,309.2023444,41296147
4/22/2021,310.6325378,311.5552544,298.3142656,300.8056117,49105833
4/23/2021,310.4480591,313.6314149,306.0190018,306.0190018,44223940
4/26/2021,317.6912842,320.5978637,313.0315771,313.0315771,49234985
4/27/2021,325.7650757,327.5182597,315.9381498,317.4145019,46003023
4/28/2021,335.3151855,336.1456248,328.5332133,329.4098053,56696255
4/29/2021,331.6243591,341.3590367,328.0257698,336.791578,63692926
4/30/2021,326.1803284,334.484778,323.3660539,326.1342038,53832840
5/3/2021,323.5044556,325.2576115,315.0154513,322.5817389,43691860
5/4/2021,324.3348694,334.8538325,323.1353491,327.5643773,57749307
5/5/2021,327.9334717,329.8250576,321.1053745,328.9484656,40872501
5/6/2021,328.0718994,331.5782396,323.4583161,330.3325665,36294427
5/7/2021,330.5632324,334.0234198,325.7189701,329.8711949,38357618
5/10/2021,333.746582,338.6369684,331.0706816,332.6393109,41739324
5/11/2021,336.4685974,338.0833514,327.3337088,329.2714193,41892770
5/12/2021,339.2829285,344.6346739,333.9311549,334.7615943,53436590
5/14/2021,332.5932007,343.7119241,331.7627332,341.4051327,51722170
5/17/2021,353.4927368,355.4304473,335.5458876,336.237925,106555796
5/18/2021,352.7084351,362.2124052,350.6784472,359.859489,70917710
5/19/2021,354.6922607,359.3981211,351.7395845,352.4777465,48189573
5/20/2021,354.830658,357.8294869,352.4777419,357.0913249,42898608
5/21/2021,370.1939087,373.1465849,348.7868725,359.8594716,192810772
5/24/2021,380.2053528,386.8027988,373.9770159,384.7728111,142964052
5/25/2021,380.4821472,383.3886985,376.9296831,383.0196175,56048127
5/26/2021,381.589447,386.3875847,379.0519763,381.8201262,52357719
5/27/2021,392.3390808,395.9376697,380.1592113,381.7278407,73392997
5/28/2021,389.4325256,400.1360437,387.5870925,397.2294921,65137568
5/31/2021,391.5547791,393.0772557,385.6955232,388.4636729,38291043
6/1/2021,399.1210327,401.704656,392.7081696,393.1233751,59299647
6/2/2021,403.4577942,404.103707,395.9837848,397.5062614,38657806
6/3/2021,409.4177246,411.5595835,403.6906314,406.949956,38909199
6/4/2021,403.7837524,411.5129964,402.0609609,407.4155655,36898769
6/7/2021,402.5265808,407.3224384,401.1762778,405.1806079,20201197
6/8/2021,397.8238525,402.7593898,394.8438873,402.5265809,31113823
6/9/2021,392.4692383,402.5731214,389.4427227,398.1032021,27784834
6/10/2021,402.5265808,403.5043668,393.3539046,395.6819936,27397712
6/11/2021,400.0587769,405.5530606,396.0078967,404.9477632,26831924
6/14/2021,400.7572632,402.7128637,388.0459024,397.6376181,30106015
6/15/2021,399.9656982,403.0387644,398.5688448,399.6863389,16413658
6/16/2021,396.6598206,402.9922114,395.7751354,398.5688422,19701175
6/17/2021,391.3517761,396.6598306,387.9527717,392.0502029,23048331
6/18/2021,384.5072021,394.7507945,374.9620365,394.7507945,45748727
6/21/2021,390.8861389,392.0501834,372.9598538,378.4075877,33128978
6/22/2021,389.8617859,396.1942051,388.6046121,393.9126665,28442965
6/23/2021,390.0480347,395.542319,386.4627719,392.1433148,27564829
6/24/2021,388.5115051,393.6798514,387.6733703,391.4448916,19214547
6/25/2021,399.3138123,401.3625419,390.2342652,392.050186,29886797
6/28/2021,397.4047852,403.3646872,395.3560555,401.0831771,29370660
6/29/2021,392.5158386,399.4535558,391.6311534,398.1032527,22275961
6/30/2021,390.3739624,395.6819881,389.5358277,393.9126462,18337773
7/1/2021,391.4914551,394.5645497,388.4649393,391.3983258,16161469
7/2/2021,395.2163696,396.1476052,390.1877032,391.3982981,16423811
7/5/2021,402.8990784,404.6218699,395.076705,397.1719851,16483761
7/6/2021,400.1985168,406.4843574,398.755113,402.0144377,20195278
7/7/2021,403.0853271,404.1562424,398.1497615,399.8260026,14473774
7/8/2021,395.26297,405.459983,393.0745606,403.0387647,21433043
7/9/2021,394.611084,398.1032175,392.0967365,395.7751285,16844494
7/12/2021,398.0566406,400.6640888,395.4026137,397.1719555,12886781
7/13/2021,399.5932312,402.1075505,398.8482256,400.4313376,12831125
7/14/2021,401.4091187,402.5731632,397.0788785,399.5000969,12767351
7/15/2021,402.0144348,403.1784794,400.1053847,402.9456704,11030732
7/16/2021,400.4313049,402.7593939,398.0566655,402.2937761,8713863
7/19/2021,398.475708,399.9191402,390.0480372,394.2851478,14426686
7/20/2021,391.9570618,397.6376047,390.0945906,397.6376047,14623321
7/22/2021,393.0279846,397.358253,391.9570693,396.2873093,11799761
7/23/2021,399.4069824,400.3847969,390.6533726,393.8195683,17704661
7/26/2021,394.1920166,398.3825768,393.260781,398.3825768,14037519
7/27/2021,400.3847961,403.4578626,394.8439324,394.9836121,24119619
7/28/2021,396.2407532,400.8969312,392.0967433,400.4313134,17636515
7/29/2021,411.1870728,413.0961228,396.2407526,396.7063704,35263606
7/30/2021,402.1075134,413.8410875,401.083177,411.14051,35196813
8/2/2021,404.9943542,406.6705954,402.1075182,404.8546746,16926025
8/3/2021,415.7966919,417.100416,403.7837584,405.0409322,40922962
8/4/2021,425.5281372,435.3061114,411.1405352,417.7988643,129761158
8/5/2021,411.4664612,430.6964709,408.2536869,429.2996175,58595639
8/6/2021,405.6927795,416.2623092,404.1562465,413.1892431,38236066
8/9/2021,403.5975342,411.4199081,401.3625743,407.7880947,22196404
8/10/2021,397.1254272,406.3912043,392.7020582,404.5287331,27794251
8/11/2021,398.6153564,403.1318544,394.052308,400.2450186,23827946
8/12/2021,397.7772827,400.8503773,395.7751318,400.4313099,16847144
8/13/2021,401.5487976,402.5265836,395.7751256,398.1963438,20908992
8/16/2021,395.635437,404.1562368,394.8438811,400.4312945,17608693
8/17/2021,392.5158386,396.5667195,386.6956156,395.6354838,22957877
8/18/2021,390.8395996,395.1698395,389.2564877,393.1211098,17668574
8/20/2021,378.733551,388.651205,377.2901187,386.4627956,25541790
8/23/2021,381.3409424,384.6002667,373.6582494,382.8309249,26559937
8/24/2021,388.8840027,389.954918,380.1303935,381.3409884,19012313
8/25/2021,387.6268311,392.3295596,385.8109102,390.187729,16410980
8/26/2021,382.5050354,387.207764,381.8066087,385.997169,15897679
8/27/2021,384.0881348,385.8574767,379.4785072,382.1325343,15090541
8/30/2021,393.6332703,394.1919888,385.065892,385.9039983,20308691
8/31/2021,396.7529297,397.6376149,389.9083705,394.7042283,26262421
9/1/2021,400.3381653,402.8059339,395.9147963,398.1032056,18776721
9/2/2021,400.1985168,403.6906505,398.3360456,401.73505,14372717
9/3/2021,401.7350159,404.4355933,398.7550791,401.5953362,14233624
9/6/2021,401.4091187,404.0165955,400.477883,402.2938039,10694099
9/7/2021,399.5932312,402.0144496,395.8682885,401.4091237,14928735
9/8/2021,401.6884766,405.4599693,397.9635342,399.5000672,22817464
9/9/2021,402.5731506,403.9700041,400.4313201,400.664129,9662128
9/13/2021,403.0853271,403.9699839,399.313806,400.5244293,9567921
9/14/2021,403.2250366,406.7171703,402.5266099,405.0875079,9981562
9/15/2021,413.3289185,414.3998337,401.7816029,403.2250067,22181568
9/16/2021,431.8139648,434.0489246,412.3045674,414.2601679,42637448
9/17/2021,422.8740845,439.4500665,419.381951,435.8182534,41529478
9/20/2021,407.3690491,422.31537,405.6928078,418.4972981,18376916
9/21/2021,408.6261597,411.0008274,402.8990666,409.8833334,17279588
9/22/2021,408.6727295,412.3510929,406.1118317,408.7192799,14321143
9/23/2021,418.8697815,420.1269553,411.6527052,411.9786434,20516770
9/24/2021,410.4421082,420.8253799,409.7436814,420.0804027,10731274
9/27/2021,415.8898621,419.568226,411.8389812,414.30675,11746892
9/28/2021,414.3067017,424.4571637,409.3711645,418.3110317,19241170
9/29/2021,428.3683777,430.5102082,408.9055593,411.4664572,38635938
9/30/2021,421.8497314,432.9314295,420.3597488,428.3218303,26530369
10/1/2021,420.5925598,424.224373,413.2823546,417.6591733,14777309
10/4/2021,431.3017578,432.4658023,420.5459981,422.5946994,16246765
10/5/2021,432.7451782,436.7494798,427.1577648,430.2308308,16487568
10/6/2021,425.7609253,438.6119651,422.4550219,433.0245516,19056690
10/7/2021,426.4127502,432.0932928,425.6677732,430.3239509,9984651
10/8/2021,426.5059204,432.0933342,423.0137868,430.1377337,16521128
10/11/2021,436.9822998,442.290354,427.1111969,428.3683706,20686981
10/12/2021,449.7867737,451.0904978,435.9113696,437.6807115,33763609
10/13/2021,448.5761719,452.720153,445.130589,452.720153,17638983
10/14/2021,456.8641968,459.9372629,448.8555648,448.8555648,23431826
10/18/2021,463.7087708,466.5490279,457.8885483,460.0303788,20084248
10/19/2021,454.6292419,469.5290119,450.0196142,465.9437491,20645100
10/20/2021,465.5246582,472.6020543,449.8799119,455.1879376,34080545
10/21/2021,468.3649597,471.6708348,457.9351096,470.1808521,20808243
10/22/2021,468.3649597,473.7195645,465.6178033,469.9014928,24080485
10/25/2021,471.6708069,480.0053764,463.615625,471.6708069,35619415
10/26/2021,477.3047791,482.5662827,472.69518,472.69518,21107457
10/27/2021,483.4509888,490.6214575,477.4910581,478.3757433,29463032
10/28/2021,466.875,484.7547075,463.3828663,483.8700222,28140401
10/29/2021,467.6199951,477.3979983,454.8155044,467.0146976,31355893
11/1/2021,480.2382202,481.4022647,466.5490452,473.5333124,20679604
11/2/2021,485.8256226,488.8986887,476.8391763,479.4000742,26797820
11/3/2021,491.3664856,505.009053,479.772591,487.9674529,80775924
11/4/2021,493.9739075,499.0491526,491.7389194,494.9516934,9796046
11/8/2021,487.269043,497.6988934,480.9366521,497.6988934,36802110
11/9/2021,492.7633362,495.4173349,486.2912375,490.0627302,25451967
11/10/2021,488.3399963,492.1580398,485.6393902,489.4108832,15805538
11/11/2021,474.5576782,486.8965218,472.2295892,486.8965218,23086898
11/12/2021,476.1873474,477.7238805,468.1321649,476.7926449,19836221
11/15/2021,471.7173767,480.4244636,470.7395907,477.165139,13328183
11/16/2021,461.0547485,472.508935,459.5647659,472.508935,19553216
11/17/2021,463.8950195,470.6464778,457.2366905,459.8907177,20488483
11/18/2021,469.1564941,471.3914824,458.4472845,464.7797038,22471070
11/22/2021,452.9529724,471.2051951,444.6649816,471.2051951,28800269
11/23/2021,459.1456909,461.3341002,446.993078,451.8820648,20000371
11/24/2021,459.2388306,465.6178001,455.4207589,461.7065992,13963769
11/25/2021,456.8175964,461.3806735,452.8598453,456.3054282,12894211
11/26/2021,438.1463623,454.3498565,434.9801669,452.8133234,26305817
11/29/2021,433.1176758,444.8978002,423.0603144,437.6807245,22407465
11/30/2021,428.8805542,444.4322004,426.5059147,435.8182709,23026652
12/1/2021,442.616272,444.4321928,432.093321,432.5123884,17156956
12/2/2021,444.1994019,445.2703172,438.5654376,441.8713127,12962679
12/3/2021,440.6141357,448.389959,437.7272996,443.0353541,16653993
12/6/2021,433.303894,444.1993614,431.9070407,440.6140989,14353300
12/7/2021,443.9200439,446.7137509,436.9357766,436.9357766,13644942
12/8/2021,457.7488708,458.5404268,447.2259194,447.8312169,20397660
12/9/2021,455.0482788,459.5647772,452.6736394,458.4472831,12560970
12/10/2021,460.6822815,461.846326,451.0905374,454.9086092,13261408
12/13/2021,454.2567444,466.0368982,452.9064697,463.5225506,14047645
12/14/2021,454.9551392,456.6313803,448.6692989,452.5804998,11642447
12/15/2021,451.4630127,457.2366848,450.2524178,456.3054492,8639835
12/16/2021,448.0640259,456.8176353,445.3634482,454.7689339,11107781
12/17/2021,435.632019,448.2968294,434.4214241,447.0396556,12648603
12/20/2021,418.3110657,432.0933419,412.5373933,427.4371637,22336114
12/21/2021,415.3310547,426.7386902,413.9342014,425.6211961,16617447
12/22/2021,424.5037537,425.8540282,418.1247841,419.0560197,13102553
12/23/2021,430.0445862,433.0245515,426.2730934,429.2996091,14471377
12/24/2021,425.5281372,431.7208485,421.1047679,430.7896129,13221159
12/27/2021,426.5524597,428.8339983,419.5681926,422.5016075,8856482
12/28/2021,429.4858704,431.0689538,427.4836911,429.4858704,8832210
12/29/2021,423.1534729,430.3705492,420.359766,429.2996339,11757303
12/30/2021,420.6391296,423.6190665,417.6591644,421.6169156,28879190
12/31/2021,428.7874756,429.6721324,421.9428877,423.0138031,10005842
1/3/2022,438.4257202,439.5432143,428.4615161,430.2308581,13124509
1/4/2022,450.2524109,451.369905,438.6585163,440.0088193,23296671
1/5/2022,458.5404053,460.9616235,446.2015335,448.7624314,24694169
1/6/2022,457.8885803,460.4028995,452.0217787,454.1636377,18190843
1/7/2022,457.4695129,467.4337458,455.7933001,459.5182427,22746330
1/10/2022,469.0167847,470.2274079,458.6335138,459.4250698,15832274
1/11/2022,471.1586609,472.881424,464.919371,468.4115045,16107950
1/12/2022,475.1629333,478.1894488,473.5332712,474.8369952,14489616
1/13/2022,476.1873474,477.5841724,472.1364667,474.9301736,10450974
1/14/2022,473.3936462,475.2561175,470.4136808,473.9989437,8724574
1/17/2022,478.6551208,483.2181982,472.6486396,473.067707,17422211
1/18/2022,471.9501648,481.8678461,470.2739522,478.6550721,12592506
1/19/2022,480.3312988,482.0541187,465.8971474,470.273966,16079457
1/20/2022,476.2339172,483.4510221,473.0677216,480.517607,17724642
1/21/2022,468.1321411,472.6020606,463.7553225,470.5533309,16947941
1/24/2022,460.170105,471.9502306,454.4430112,467.8527993,20233933
1/25/2022,479.260437,481.9144358,455.3742205,456.3054561,21791739
1/27/2022,492.5770874,494.346401,468.5977704,468.9236802,35409230
1/28/2022,487.4552917,499.5148043,485.5462701,497.2798161,24715250
1/31/2022,501.2841492,503.705396,490.8077479,492.6236688,28674232
2/1/2022,495.6967163,506.5456342,484.2425294,506.5456342,32245356
2/2/2022,502.6809387,506.8249483,494.811987,499.7475808,21661864
2/3/2022,502.9602966,507.2440143,500.2131972,500.2131972,22717677
2/4/2022,493.834198,508.8271244,491.0404914,504.8693733,25332894
2/7/2022,496.5814209,511.2483827,489.1315355,495.3242755,52289545
2/8/2022,494.8119812,500.6788106,483.311245,498.6766314,26567546
2/9/2022,498.4438171,499.6078616,491.4595507,498.1644578,14856155
2/10/2022,503.379425,506.545649,497.6523598,500.1666507,18659370
2/11/2022,493.182373,500.7254158,490.8542839,499.3751128,14607095
2/14/2022,466.9215088,480.1450368,465.3384254,479.5863182,26153332
2/15/2022,488.7124634,490.6214851,462.9172526,467.4803017,23842951
2/16/2022,481.1694336,491.6923842,478.6550862,490.2955309,19773807
2/17/2022,477.6773376,484.2425376,476.0010964,484.2425376,16408356
2/18/2022,479.8657227,485.0806764,475.0233143,475.0233143,15111223
2/21/2022,476.6529541,481.9144296,469.9480463,476.3735664,16866932
2/22/2022,464.1278381,470.5533584,461.4272605,466.4559272,27108772
2/23/2022,464.4072571,470.5999688,463.0569539,468.4115592,13899433
2/24/2022,440.1484985,454.3964202,435.8182587,446.9930858,32356037
2/25/2022,449.7402344,458.0747758,446.3412018,446.993078,21792287
2/28/2022,449.973053,451.928625,440.5675677,444.1062517,18069367
3/2/2022,441.6384888,446.806835,434.8870306,445.1306223,22003848
3/3/2022,435.259491,450.1592598,432.6520428,446.9930646,20358590
3/4/2022,430.1843262,438.5188683,426.1799958,428.6477646,20684268
3/7/2022,410.0230408,422.73443,403.6440994,416.7279487,33720472
3/8/2022,410.0230408,411.699282,395.7751469,407.8812102,42510207
3/9/2022,420.6391296,423.0603195,408.3933588,411.606133,32331325
3/10/2022,436.4701233,443.873429,429.9048955,437.5875889,34553299
3/11/2022,438.0066528,442.150634,430.2308302,434.328261,22091309
3/14/2022,451.7889404,452.5804964,438.1928951,438.6119625,27750689
3/15/2022,452.4408264,456.7710663,447.5983899,455.3742129,27204899
3/16/2022,458.866333,460.3097368,455.7466881,459.0991419,16211288
3/17/2022,467.387146,468.8771287,464.0346921,464.6865684,22947673
3/21/2022,456.8641968,467.4802771,455.3742141,467.4802771,19064060
3/22/2022,459.7510376,461.7066097,444.4322003,456.8642015,26157969
3/23/2022,456.9107361,467.8527543,455.5604615,464.2209411,15800195
3/24/2022,453.6048584,460.7753553,450.2524046,451.649258,18174877
3/25/2022,456.9573364,459.3785263,453.1392646,457.9351225,11541196
3/28/2022,463.2897034,464.3140682,448.8090014,457.1901217,16738684
3/29/2022,460.9616394,466.9215418,457.8885732,465.6178176,14301429
3/30/2022,460.3097534,465.9902964,458.4472822,464.9659315,16461225
3/31/2022,459.6112976,463.3362398,458.3541523,460.3097243,10240982
4/1/2022,473.2539673,474.6973712,457.2367028,457.2367028,18527226
4/4/2022,477.1651611,479.4932502,471.2052303,474.2782966,16257176
4/5/2022,474.3713989,480.8900764,472.7883155,479.0276052,13602384
4/6/2022,478.608551,479.7725955,471.2052166,472.1364522,13738275
4/7/2022,479.5397644,484.1493918,474.9766874,474.9766874,19620958
4/8/2022,480.6106873,483.7769111,477.1185536,483.7769111,13572638
4/11/2022,479.4932556,486.1050059,477.9101437,478.189503,12370288
4/12/2022,477.584137,481.169428,469.6686631,477.4910361,14460680
4/13/2022,482.100708,485.0806735,478.4223158,478.9344841,15440525
4/18/2022,474.4645691,479.5863652,469.342773,476.7926582,14492183
4/19/2022,476.6063843,485.127213,470.3671226,477.9566873,20362934
4/20/2022,474.2782898,478.3757493,472.1364592,476.7926373,11881305
4/21/2022,480.7969055,482.3800173,476.9788625,478.0963565,10035638
4/22/2022,466.1765442,478.1894777,464.6865616,477.6307591,16760456
4/25/2022,460.7288513,464.8728614,456.3520323,460.9616602,14057444
4/26/2022,470.7395935,472.9745533,464.1743939,464.6865621,12137213
4/27/2022,463.0568848,468.2252308,458.0282184,465.6177826,12367342
4/28/2022,472.6020508,474.9301397,462.3584595,464.8262281,12154792
4/29/2022,462.1722412,477.2582701,460.0304106,473.1608389,12894773
5/2/2022,457.2366943,460.9616369,448.2036974,458.7732274,18590895
5/4/2022,446.6671753,462.3119513,444.6650243,458.1679413,14645323
5/5/2022,446.9930725,460.0303705,445.7358988,451.6492503,14130385
5/6/2022,450.6714783,452.6736291,438.6119659,438.6119659,16710020
5/9/2022,443.1750183,450.4386731,441.2194179,444.2925124,13544947
5/10/2022,442.5231628,449.3677217,440.940051,444.1993755,10884328
5/11/2022,443.780304,446.0618425,431.7673707,442.5697091,14771351
5/12/2022,430.8361206,440.4744142,424.969348,440.4744142,18947096
5/13/2022,414.0739136,444.1993916,409.5108647,437.168574,61403008
5/16/2022,423.7121887,429.76522,408.6727398,414.3998329,27940958
5/17/2022,435.1663818,437.3547912,424.7831106,426.7852615,16880698
5/18/2022,426.5059204,436.3770238,425.667814,435.7251475,15644497
5/19/2022,416.7279358,419.0560248,413.8876785,418.1713396,14201420
5/20/2022,430.603363,432.0933458,422.9206689,423.5725452,13596860
5/23/2022,429.2064819,438.9844557,427.9027578,431.2552116,13499415
5/24/2022,430.2773743,434.7007431,428.5546112,430.6033124,17175179
5/25/2022,429.4735107,439.2622212,427.5346679,435.9993081,12728644
5/26/2022,443.4708862,444.6058201,427.9602871,432.0743863,17055257
5/27/2022,443.5181885,449.2400769,442.1468125,445.8353042,10977001
5/30/2022,448.8617859,451.0370421,445.5515958,447.3485503,9365470
5/31/2022,442.7142639,450.5641313,439.7823756,448.2942926,15441579
6/1/2022,442.9034119,446.4027671,439.4986681,442.6196928,9424008
6/2/2022,444.3693848,446.7338063,440.8700294,441.5793558,9370989
6/3/2022,439.3095093,449.7129637,438.3637407,447.5849844,11306291
6/6/2022,438.5529175,440.3498721,431.7433719,439.0258018,10661432
6/7/2022,438.269165,440.6808923,435.5264419,436.8032352,7672515
6/8/2022,445.7406921,449.7602084,438.0799902,441.2955974,17168871
6/9/2022,441.6266479,445.3624165,437.3706894,443.5181851,12635601
6/10/2022,436.8032227,438.9784788,433.7294748,436.9450822,8621104
6/13/2022,421.670929,429.426214,418.1242968,429.3789371,13426836
6/14/2022,423.7989197,424.8865478,419.3065188,420.8670312,11351101
6/15/2022,426.8726807,430.7503379,424.2718169,424.6028417,9920926
6/16/2022,417.6514282,432.9255857,416.2800522,430.4665815,10780703
6/17/2022,417.0839539,423.2787267,413.5373216,416.1381853,14326050
6/20/2022,411.1256409,419.4011165,407.3425663,417.5568561,12368534
6/21/2022,426.3051758,430.2774153,413.8683251,415.6652795,13801891
6/22/2022,423.373291,426.7307867,420.5359853,424.4136422,11066447
6/23/2022,426.9199219,431.6960704,421.8127774,424.6500831,12229833
6/24/2022,429.6153564,435.3845503,428.622311,431.0812861,10833364
6/27/2022,436.1884766,439.6405261,433.2092825,435.0062658,9509175
6/28/2022,439.0730591,440.4917119,433.1620055,434.0131915,13261290
6/29/2022,434.2023621,437.6071347,433.1620108,435.053548,11800876
6/30/2022,440.6335754,443.8491828,433.7294764,434.107778,16926328
7/1/2022,441.532074,443.3763054,435.5737145,438.2218839,9405495
7/4/2022,447.7741394,448.4361601,441.5320611,441.5320611,9186358
7/5/2022,446.5446167,453.9689056,445.4569886,449.3819224,12003244
7/6/2022,453.9216309,454.9146763,448.1997138,449.3819245,12059857
7/7/2022,460.3528748,461.7715277,455.4821721,457.7520111,11497832
7/8/2022,462.0552368,463.3320302,458.8396294,462.4808442,9057231
7/11/2022,461.7242432,464.6561027,458.6977721,458.6977721,7704792
7/12/2022,458.6504822,464.7033953,456.9008045,458.6977591,7364457
7/13/2022,460.116394,465.7437284,458.2721338,461.2986047,8208853
7/14/2022,453.354187,462.3862657,450.9424597,460.2110094,9385630
7/15/2022,453.1177063,458.1302679,448.9563306,456.3805904,6945602
7/18/2022,463.7103271,464.845261,455.955042,458.2721578,9934786
7/19/2022,470.9454651,471.5129031,461.5350564,461.5350564,11724183
7/20/2022,481.0179138,482.909451,473.2625998,473.8300667,19280117
7/21/2022,484.2807922,485.5576145,479.2682303,482.1528129,13814893
7/22/2022,485.8413086,491.9888041,483.4768873,485.6048665,14699129
7/25/2022,489.7189636,490.8538975,481.5380711,485.5576165,10229778
7/26/2022,486.314209,492.5562584,485.2738289,489.624399,8862656
7/27/2022,499.5549622,501.2100571,484.4699422,487.3545247,15101546
7/28/2022,503.5745239,508.350644,500.8317718,504.2838504,12160734
7/29/2022,499.6968079,507.8777292,498.1836012,506.0334689,11921058
8/1/2022,504.8039856,505.9861963,497.8526095,500.3588617,8295631
8/2/2022,512.7011719,515.3493703,502.2977165,503.0543776,16845027
8/3/2022,511.5188904,516.7679519,505.6551716,512.5119935,24262125
8/4/2022,504.3311462,514.4981595,495.7719513,514.1671636,18072293
8/5/2022,502.2504272,513.4578203,500.3116131,506.5063861,21110734
8/8/2022,492.1779785,495.5827222,485.9831483,495.5827222,32566317
8/10/2022,486.7870789,495.1098305,485.5575913,493.2655703,16904151
8/11/2022,496.2920837,497.4742945,489.1515422,491.7996828,13862195
8/12/2022,501.9193726,502.9596949,496.6703687,497.1905299,12154012
8/16/2022,497.427002,504.8985392,496.5285102,504.378378,10721167
8/17/2022,499.5077209,501.777531,495.913754,500.1697128,12054183
8/18/2022,503.4798889,505.7970335,497.6634467,498.2781616,9013662
8/19/2022,492.1306458,504.7094137,490.380997,503.1488725,11087222
8/22/2022,483.5714722,491.7051167,482.3419845,490.8539019,9676954
8/23/2022,493.5966492,495.5827401,480.6868849,480.6868849,8597965
8/24/2022,491.1376343,494.6369897,484.5172539,490.8539152,11930650
8/25/2022,492.1779785,499.6495155,490.3809952,493.6439082,15473450
8/26/2022,495.3935547,500.784447,493.8803481,495.3935547,12855886
8/29/2022,486.9289551,488.9623807,481.1597895,483.571488,9421339
8/30/2022,502.4395447,503.6217554,489.8608344,490.0972766,14835308
9/1/2022,504.3783569,511.5662326,493.927626,493.927626,16670228
9/2/2022,507.5939941,508.6815933,502.439544,507.8777132,10017930
9/5/2022,509.6747131,511.4716388,507.2156802,507.8777297,7819994
9/6/2022,508.6343079,513.2685968,505.1349527,508.8234731,8657868
9/7/2022,503.9528198,508.3033904,502.7233321,505.4188075,8445359
9/8/2022,515.112854,516.6733374,506.4590488,506.9319331,12240707
9/9/2022,523.3410034,526.7930817,518.2811648,519.841706,18587927
9/12/2022,524.8070068,528.3063044,521.3549284,524.8070068,9677415
9/13/2022,527.7388916,529.6304288,523.719375,529.6304288,16707275
9/14/2022,540.7431641,543.6750235,519.4633719,520.1726983,21632641
9/15/2022,541.121521,547.1271284,537.1020045,541.4997938,12749947
9/16/2022,531.3327637,542.8711516,529.9141108,538.2368626,14739280
9/19/2022,541.2161255,543.2495512,529.2048517,530.2925088,11194003
9/20/2022,542.918457,546.6069777,541.7835232,546.6069777,8484017
9/21/2022,538.8043823,545.9922006,534.7375889,543.8169444,9392526
9/22/2022,536.5345459,542.8712074,531.5219836,536.0143847,11869435
9/23/2022,520.7401733,537.1965702,519.699851,534.1700991,12563239
9/26/2022,513.8360596,519.226952,504.0946547,516.200481,16158750
9/27/2022,507.4048462,521.0239369,504.2838214,515.0182718,11066799
9/28/2022,496.3865967,510.5258479,492.1306382,504.0000796,12233485
9/29/2022,493.4547729,506.6482566,491.3740705,500.3115954,17310168
9/30/2022,501.8247681,507.7831561,488.1584587,495.5827187,17466950
10/3/2022,491.5632019,502.8178707,490.3809912,498.9874619,9351162
10/4/2022,503.8109436,506.7428032,499.1766544,504.0946626,8745887
10/6/2022,508.161438,512.4173965,505.6078513,505.6078513,9507322
10/7/2022,501.4465027,506.5536183,497.9944243,506.4590645,11065307
10/10/2022,501.9666748,504.9458689,493.880365,497.190555,9649292
10/11/2022,498.7983704,504.7567008,497.001387,501.966672,10825440
10/12/2022,504.8512573,505.9861912,497.4742739,501.2573483,8522604
10/13/2022,493.171051,504.8512702,491.9888403,504.0946669,12972765
10/14/2022,498.6091614,505.8442557,497.4742276,501.4464669,8545479
10/17/2022,514.1671143,515.1601597,495.7719037,497.8526062,13485349
10/18/2022,531.9475098,532.9405552,517.0989326,517.4299285,20440781
10/19/2022,523.3883667,532.8933296,521.6386602,532.4677222,9540583
10/20/2022,525.2799072,526.6039486,515.7276097,522.0642709,11225588
10/21/2022,530.4343262,535.1158926,527.0295821,527.0295821,11767639
10/24/2022,539.5609741,541.4525113,535.2104617,536.2507841,3692065
10/25/2022,547.1744385,554.4095917,537.1965908,541.4525497,19899324
10/27/2022,548.2147217,553.2745599,546.2758501,552.2815146,13613533
10/28/2022,539.7973633,551.0520314,536.2507315,548.4984449,10043644
10/31/2022,542.6820068,546.1340853,537.5748911,543.7696638,9894639
11/1/2022,545.6138916,553.9839201,543.4385778,545.0936727,12069579
11/2/2022,542.7293091,547.5527638,538.9935691,544.668181,10241440
11/3/2022,553.1801147,556.0646976,537.1966012,538.1423699,17557998
11/4/2022,561.7392578,564.5765635,548.9241051,554.2203861,25759031
11/7/2022,580.843811,588.9301211,574.743592,579.7561541,44265903
11/9/2022,582.1677856,587.3222355,577.4389432,587.3222355,18939854
11/10/2022,572.899353,581.7422667,569.5418859,579.8507294,11618405
11/11/2022,568.6906128,585.9508887,566.0424724,583.7756326,15525267
11/14/2022,560.4152222,571.1970083,559.564065,571.1970083,12957268
11/15/2022,568.2650146,569.4472253,560.5097587,562.0702421,10286417
11/16/2022,567.2246704,570.7713024,563.6780385,567.4138357,11555749
11/17/2022,566.5626831,570.0620386,563.8199887,566.60996,8167131
11/18/2022,570.0147095,572.899292,564.7657056,568.4068914,12933675
11/21/2022,565.6641846,569.447259,563.0633209,569.447259,7412419
11/22/2022,566.6099854,568.1232499,563.820014,565.7115513,8048595
11/23/2022,574.6962891,576.5404916,568.406905,568.9270662,12435924
11/24/2022,576.3040771,578.1483375,572.9466101,576.6824077,8960032
11/25/2022,574.4598389,580.4181692,573.3721819,577.4389752,9994513
11/28/2022,575.5947266,577.7700404,569.683673,572.7574209,7934274
11/29/2022,575.5474854,578.6212334,574.1761093,574.1761093,6942919
11/30/2022,569.7783203,578.2429611,565.9479689,575.500209,15606230
12/1/2022,575.1218262,576.7296442,568.9270538,574.885384,14209313
12/2/2022,574.6016846,576.5404986,571.4806598,574.5544077,7533838
12/5/2022,583.822937,584.4849866,574.6016933,575.500185,11585602
12/6/2022,575.9258423,586.1874092,574.8381852,581.411289,12996244
12/7/2022,574.1287842,579.6615648,571.7170859,577.7226931,7613892
12/8/2022,578.4793701,580.5127379,574.2234115,576.6823867,10020015
12/9/2022,583.0663452,584.4849981,576.0676344,581.0802542,11202267
12/12/2022,579.8034058,585.1470212,577.8645918,581.4585007,9285187
12/13/2022,583.3027954,583.9175681,579.2832788,580.2290474,7455415
12/14/2022,591.5782471,592.7604578,584.0120984,584.957867,14010673
12/15/2022,582.5462036,595.408634,580.9856623,591.6255594,10622271
12/16/2022,570.6294556,582.2151208,569.4472448,578.810377,9435071
12/19/2022,571.6697998,576.4459193,570.2984239,571.2441924,8322012
12/20/2022,571.6697998,573.6086137,567.0355109,570.2984239,6753785
12/21/2022,561.2190552,576.1149092,557.6250887,573.0411615,9217253
12/22/2022,561.2190552,566.5153357,555.6862748,564.6237987,8740149
12/23/2022,542.8711548,558.6655013,540.5067334,558.0034518,13047046
12/26/2022,564.7184448,569.0690153,539.7501868,542.8712118,13201587
12/27/2022,569.2581177,570.3929938,561.1244734,567.8394648,9638618
12/28/2022,568.4542236,574.0815585,566.0898021,568.312393,7988631
12/29/2022,578.6212158,584.4849927,564.7657405,567.4611579,20130392
12/30/2022,580.4182129,586.8967048,578.195622,581.8841427,13052895
1/2/2023,578.9995728,585.6199532,578.0538041,581.6004365,6726084
1/3/2023,579.1886597,583.1608412,576.9187921,581.1747505,6818062
1/4/2023,572.3792114,581.600456,571.2442775,578.6685385,7011191
1/5/2023,572.2845459,578.4320417,569.3054095,574.0815293,8241475
1/6/2023,568.0759277,574.5071426,564.6238493,574.4598657,7972036
1/9/2023,574.7435913,575.9730789,567.5557153,572.1900045,8878905
1/10/2023,562.8742676,575.973141,558.5709738,575.4529798,10622660
1/11/2023,564.3401489,566.9882895,560.131467,564.1037068,7419630
1/12/2023,562.6377563,565.4750621,558.0980209,565.4750621,8183715
1/13/2023,567.5557251,570.2039234,561.4555637,565.4750803,7877610
1/16/2023,570.2984619,573.2303215,568.0285942,570.2984619,5483191
1/17/2023,560.7935181,573.1357871,554.2676915,570.2984812,13461999
1/18/2023,559.3748169,564.7657091,555.7335734,563.5834985,11538075
1/19/2023,557.8615723,559.6585557,555.6863161,558.9492292,7475688
1/20/2023,560.0841675,564.2455146,558.7600684,561.5973741,6750607
1/23/2023,567.8867798,569.1162674,560.7935151,566.0425194,6604469
1/24/2023,562.1175537,571.811682,560.8880661,570.7713596,7609623
1/25/2023,537.8585815,563.5361628,536.629094,563.5361628,25686294
1/27/2023,510.6677551,537.7167134,503.3853255,537.1965522,40163464
1/30/2023,509.0126343,524.2867614,496.7176434,506.931932,40797825
1/31/2023,523.4829102,526.7931002,508.6816088,515.4438772,21911943
2/1/2023,498.7510071,534.359215,472.2695173,530.9544714,38218810
2/2/2023,499.4603271,503.76362,475.2486764,491.9887906,39287056
2/3/2023,514.6872559,516.3423508,490.9957653,506.9319422,32317232
2/6/2023,515.8222046,528.4954689,507.4521181,528.4954689,25338586
2/7/2023,517.4299316,521.4967824,511.7080437,518.2811464,16195947
2/8/2023,519.9362793,524.4286801,515.9167628,520.1727214,15502847
2/9/2023,520.9293823,522.0643163,513.3632328,522.0643163,15061047
2/10/2023,523.057312,527.0295517,516.8625392,516.8625392,13824475
2/13/2023,508.350647,526.6985818,504.3784071,523.9558296,18488732
2/14/2023,511.5188904,515.0655224,501.9666512,510.6677333,18559909
2/15/2023,512.8430176,515.1128853,507.6885672,510.7150383,12796579
2/16/2023,510.8095703,517.193508,509.2963637,517.193508,12767016
2/17/2023,502.2031555,510.3840775,499.1294074,509.2964204,14192008
2/20/2023,496.6704102,504.9931624,493.8331043,503.1489021,12570032
2/21/2023,495.0625916,500.2643189,494.0695461,498.5146124,10223218
2/22/2023,488.3475952,493.5966571,484.7064092,492.5090002,14763050
2/23/2023,492.7454224,495.5827281,483.6187615,488.9150712,15535085
2/24/2023,492.7927246,498.8929437,489.5298113,495.7719188,12253035
2/27/2023,499.0820618,501.0681526,490.8538641,492.8399549,11048799
2/28/2023,494.4478455,499.7914615,492.7927503,498.6565276,15768010
3/1/2023,507.5939941,508.2560437,494.7315072,494.8733956,13510198
3/2/2023,504.8039856,510.6204855,503.6217749,506.884688,10376913
3/3/2023,530.7653809,533.6972406,512.370169,512.6066111,27656538
3/6/2023,531.2382202,537.1019969,528.6846335,534.2646912,16162268
3/8/2023,534.170105,534.8321546,526.2729601,529.6304271,12637578
3/9/2023,528.5900879,535.0685796,527.7388731,534.1228111,8993423
3/10/2023,517.6663818,524.8542573,515.4438489,523.1045509,11522371
3/13/2023,501.2573547,523.1519208,499.791425,517.3354208,14373729
3/14/2023,496.9068298,503.9054826,491.7996565,499.0348091,14750800
3/15/2023,489.4825134,503.1488809,487.5909763,501.0681784,11282329
3/16/2023,496.0556641,500.642619,486.4088121,490.2864983,20040008
3/17/2023,501.0681763,502.7705481,491.8942096,499.9805771,18787379
3/20/2023,491.0430908,498.0417441,487.070851,498.0417441,14275315
3/21/2023,493.5493164,495.0625808,488.4422006,493.6912048,29485180
3/22/2023,493.2655945,498.4200448,491.8942185,493.8803672,11619538
3/23/2023,484.9428406,492.7454314,483.7606298,491.2322247,22097792
3/24/2023,477.9441528,487.0235369,476.1471983,486.5979295,14416984
3/27/2023,482.4838257,486.2669288,474.3502103,479.5046605,15674218
3/28/2023,480.5450134,483.9970629,476.525497,483.7133439,15833599
3/29/2023,488.4894714,489.9081243,478.8426204,481.3962071,24203789
3/31/2023,495.346283,496.4339399,491.1848782,492.4144235,17356345
4/3/2023,498.1835938,499.8386887,493.7857468,496.2920566,14210949
4/5/2023,494.6369629,498.9874752,490.9011655,498.4200372,13574801
4/6/2023,499.0348206,504.756709,493.360209,495.5827421,25125879
4/10/2023,497.7579956,501.6356814,495.9610699,500.5480245,17335453
4/11/2023,503.2434082,506.6482095,498.5619002,502.0611975,26414406
4/12/2023,499.5549622,505.0404082,497.4742598,504.2838049,21292441
4/13/2023,504.0473938,505.2768815,498.5619474,500.5953153,28597560
4/17/2023,514.4981079,515.4438765,499.3658106,499.3658106,32476990
4/18/2023,516.2478027,518.7541128,511.1879635,515.7749184,22283456
4/19/2023,510.9987793,517.808325,509.0599652,514.4981348,21156372
4/20/2023,515.2547607,515.8695335,507.5467807,511.8500166,25588577
4/21/2023,513.6942139,516.7679617,510.4313008,515.4438626,22599418
4/24/2023,524.5231934,525.421685,514.025186,514.308905,23335611
4/25/2023,531.3327637,537.1019865,524.901549,524.901549,38142390
4/26/2023,535.6360474,536.2508201,526.2729724,531.5219769,23143882
4/27/2023,534.1228027,536.6291125,530.6707243,534.3592449,17845169
4/28/2023,546.9379272,548.9713527,534.8321017,537.0073577,16183423
5/2/2023,544.100647,549.349651,542.0672792,548.5457708,13667511
5/3/2023,539.5609741,543.8169327,538.1423213,539.7028625,9699527
5/4/2023,548.5457153,549.3023186,537.6693779,539.2771958,12533761
5/5/2023,545.2355347,556.3483144,543.8641588,548.7348896,18163461
5/8/2023,551.9505005,555.7335747,546.0394471,546.3232238,12990869
5/9/2023,542.3982544,554.6459685,541.0741554,553.2745925,18959065
5/10/2023,541.1687622,543.8169025,532.7041224,543.8169025,18561315
5/11/2023,542.3510132,548.5457859,540.9796372,541.1688024,16016715
5/12/2023,546.7961426,549.2551179,540.5540351,543.5332293,11319335
5/15/2023,550.3427734,552.3288644,543.4859511,547.3635792,11410243
5/16/2023,554.5040894,558.381775,550.4372961,552.3288332,22178229
5/17/2023,554.5040894,558.4763288,548.0728748,554.2203703,23739774
5/18/2023,543.0603638,561.6920175,540.4122231,558.2872158,45656620
5/19/2023,543.9588013,554.456809,538.9935164,547.5999871,42293962
5/22/2023,545.8503418,548.8294781,542.3509866,546.1813377,21484049
5/23/2023,550.05896,552.0451085,545.5192825,547.5054311,16120548
5/24/2023,551.0993652,553.5110636,546.8906835,548.3566133,17616658
5/25/2023,549.7279663,551.2885075,545.70845,550.4372927,16479436
5/26/2023,554.2203979,555.875493,549.0659475,549.7279971,9788076
5/29/2023,562.7322388,564.0563377,556.1591364,558.0033964,18432231
5/30/2023,560.6516724,563.2052594,559.4221846,562.732375,15031640
5/31/2023,559.06073,563.8332704,556.7950076,562.8691232,28797643
6/1/2023,561.8568115,565.3759725,560.1695538,560.9408599,17820226
6/2/2023,566.1472778,567.7863399,562.0978476,563.7369097,11323908
6/5/2023,566.1472778,568.6540371,564.9902894,567.4006575,12920507
6/6/2023,564.3635864,567.7863563,562.0978639,566.9186003,11199940
6/7/2023,568.0755615,569.4253323,564.9902786,566.9185731,11113781
6/8/2023,567.4006348,572.6552488,565.3276947,568.79866,15971917
6/9/2023,557.9520264,567.9791225,556.0719275,566.918584,18870272
6/12/2023,557.9038696,560.6516659,556.9879179,559.205445,8786066
6/13/2023,555.7344971,560.5552333,553.6615569,558.6751344,12612098
6/14/2023,555.8790894,557.8073839,554.6257097,556.3129674,8948696
6/15/2023,546.1894531,556.0237675,544.984269,555.3488526,17934877
6/16/2023,550.769104,554.0954237,546.7196739,548.3587359,12660226
6/19/2023,548.4551392,552.215337,545.6109519,550.7691161,17903691
6/20/2023,547.0571899,549.0336801,542.3810403,548.4551564,14549152
6/21/2023,546.0447388,549.081826,545.3698828,547.0571404,14946871
6/22/2023,542.7667236,548.5998029,540.9348203,546.0447891,14979063
6/23/2023,534.7160645,541.9471691,533.9447584,541.850778,12215712
6/26/2023,537.078186,538.4762112,534.6196224,536.0658432,8360264
6/27/2023,545.803772,547.5874798,535.7284796,538.2352391,10694768
6/28/2023,549.3710938,553.420524,548.1659097,551.7332663,18028934
6/30/2023,552.3117065,553.4204994,549.7567517,553.4204994,8718232
7/3/2023,564.460022,565.3277192,553.324133,553.9025978,15421985
7/4/2023,568.1237793,574.5835778,561.3747484,567.1114364,24799250
7/5/2023,569.425354,572.4142458,567.1114359,568.654048,13598114
7/6/2023,571.2572632,572.2214105,567.9791389,569.2325774,11323509
7/7/2023,572.3178101,574.1497135,564.5082405,568.8469033,11707209
7/10/2023,571.3536377,578.2955097,569.0879152,573.3301866,11417363
7/11/2023,567.4488525,574.5835657,566.2918641,573.6676141,13221177
7/12/2023,568.1237793,573.1855525,567.1114364,567.8827425,16029716
7/13/2023,564.652832,576.5600264,562.4352464,573.5711936,20024503
7/14/2023,563.4476929,570.1002738,559.8803362,565.7134154,12190152
7/17/2023,579.5488892,581.2361468,563.2548359,565.9544365,19378986
7/18/2023,571.1126099,582.3931447,567.6417032,581.4289974,25757209
7/19/2023,579.8864136,580.8023653,570.7752097,573.3302236,17556585
7/20/2023,588.1780396,588.90115,577.283187,579.8382008,34038351
7/21/2023,593.046936,597.2892074,587.1656615,588.1298087,21040281
7/24/2023,595.5055542,599.6031799,592.2756257,592.9987361,11756364
7/25/2023,587.7441406,599.5067489,582.5377808,599.5067489,18503305
7/26/2023,593.0952148,594.2521445,587.3103312,590.0581274,9999125
7/27/2023,594.4449463,598.9764499,591.1186267,594.3003595,17444742
7/28/2023,593.9628906,597.6748928,591.6007181,594.3003775,11930586
7/31/2023,597.9641724,598.7354784,592.4685209,594.5414612,8605483
8/1/2023,589.9134521,598.5907771,588.7082681,597.9641167,13493453
8/2/2023,576.9938965,588.6118583,572.7998209,587.9851391,14977497
8/3/2023,569.3289795,579.3078805,564.0261694,577.2349991,27774877
8/4/2023,552.7456055,577.2349691,550.913761,573.4747713,52725616
8/7/2023,547.5393066,556.313024,546.3341224,556.313024,32736325
8/8/2023,552.5527344,553.6615272,548.0694852,550.5280488,25038671
8/9/2023,553.1795044,554.3846885,547.9730855,554.3846885,15769111
8/10/2023,553.0831299,556.8914647,549.6603598,553.1795211,27325801
8/11/2023,553.5651855,558.2412763,551.4922454,554.8185652,18221179
8/14/2023,540.6937866,552.4563953,538.5726508,552.4081997,28084093
8/16/2023,545.0806274,546.0930291,534.1375796,538.7654747,15725767
8/17/2023,551.6368408,552.600988,543.7790176,545.4662752,27910162
8/18/2023,552.4082031,554.6257301,547.0571974,549.5639568,18253227
8/21/2023,551.2030029,554.9149464,550.2870513,552.408187,9380810
8/22/2023,548.1176758,553.8543633,547.1535286,551.9742645,14073413
8/23/2023,556.2166138,557.2289567,545.7073844,550.528121,18579297
8/24/2023,556.2647705,561.1337024,554.9149408,557.421759,24131644
8/25/2023,549.5157471,554.6739114,546.8643421,553.2276905,12271885
8/28/2023,552.3117065,554.1918054,548.7926045,552.263511,9711932
8/29/2023,554.2400513,555.6380766,551.3476094,553.0831216,13144855
8/30/2023,547.0571899,556.9878952,545.8037514,556.0237479,15281416
8/31/2023,541.2240601,549.8531901,539.3440199,548.8890428,27898476
9/1/2023,549.1300659,550.7209325,541.947157,542.5256807,18121168
9/4/2023,554.914917,555.686223,548.0694953,551.4922062,12108655
9/5/2023,552.4563599,557.5181328,550.8654934,554.9631191,14444729
9/6/2023,550.0460205,553.6615728,547.6356523,553.6615728,20609936
9/7/2023,558.2894897,560.1695888,547.6356737,547.6356737,12390597
9/8/2023,562.5317383,567.4006702,558.916186,560.1695657,14032068
9/11/2023,570.4859009,571.0643657,564.3635309,565.9543973,10946134
9/12/2023,567.2560425,572.9445351,563.6887445,572.3660703,16093060
9/13/2023,575.0656738,576.5600904,562.5317588,567.3042998,19377172
9/14/2023,575.8851318,582.0556977,573.8604462,576.9939247,13178911
9/15/2023,577.3313599,579.1632632,573.8604533,577.8616291,11756389
9/18/2023,582.2967529,586.58722,575.6441133,577.331371,19305055
9/20/2023,579.5488892,585.0445403,577.9098859,579.3078523,21314600
9/21/2023,567.0632324,584.8517022,563.688717,578.4883539,23453425
9/22/2023,576.7047119,580.4166554,570.1967179,572.2214036,18784139
9/25/2023,572.7516479,579.9345566,569.2807415,579.9345566,9712784
9/26/2023,573.0891724,573.6676372,570.0520849,572.7034899,8327427
9/27/2023,568.605835,572.9926931,567.1114185,572.1731915,9865347
9/28/2023,568.7987061,573.8604793,567.7381087,570.0520858,21960816
9/29/2023,577.090332,578.4883573,570.1002644,571.5946809,12189735
10/3/2023,581.3325806,583.2126794,568.4611798,575.2102104,15322196
10/4/2023,565.2313232,578.9222259,563.49587,578.4883479,24914612
10/5/2023,570.9198608,573.0409379,566.0508698,568.8469206,13248028
10/6/2023,572.944519,577.476023,570.9680289,572.1250174,8216780
10/9/2023,564.1225586,567.8827566,560.6998475,566.9186093,9189597
10/10/2023,570.4377441,573.6676139,564.7492518,565.9544359,10373508
10/11/2023,567.2560425,575.5959402,566.532932,575.499549,14220119
10/12/2023,565.0385132,571.7393487,564.0261703,569.6182129,11983797
10/13/2023,555.4934692,560.4587923,554.1918351,557.0360813,19064577
10/16/2023,555.0113525,558.0001853,551.0101182,555.3487805,11290293
10/17/2023,555.7827148,559.1572303,554.6739219,556.987899,10765224
10/18/2023,552.1189575,558.482306,548.9372245,557.0360851,11777454
10/19/2023,550.7209473,553.4205479,546.6715169,549.3711175,11441499
10/20/2023,542.9113159,549.5639558,541.9471686,549.4675646,11110988
10/23/2023,533.1252441,545.7073542,531.2451452,542.9113036,11875035
10/25/2023,536.258728,540.693782,533.7519098,538.5726462,12134624
10/26/2023,527.3885498,533.0770422,523.724802,531.6790169,19424825
10/27/2023,541.031311,542.3328864,530.2810445,530.2810445,10415296
10/30/2023,544.9360352,546.382256,536.5479423,542.8148994,8593704
10/31/2023,545.2734985,549.0818922,542.9595803,546.6715239,13039696
11/1/2023,546.0930176,549.2264961,543.6343951,545.948372,13575575
11/2/2023,551.588623,554.8185517,547.2499604,550.6244758,11148516
11/3/2023,557.4217529,558.7233282,552.8902491,555.3488128,11371371
11/6/2023,553.7579956,561.6158199,552.6974571,561.1337462,16499138
11/7/2023,558.9643555,560.3623807,552.0706792,554.1918149,17923281
11/8/2023,559.4946289,561.7121558,558.2412493,561.0372998,15434808
11/9/2023,557.614563,560.9890785,555.830914,560.1695769,12434363
11/10/2023,558.7233276,560.1695485,554.7703475,557.0842656,6773038
11/13/2023,560.506958,561.6157508,554.577488,560.16953,11282362
11/15/2023,563.7369385,566.9186128,561.7121938,566.1955023,11397676
11/16/2023,563.6887207,566.9185905,562.001463,563.7369163,8622660
11/17/2023,542.8630981,553.9025959,541.9471465,553.9025959,37173221
11/20/2023,543.5380249,546.4786623,540.5009375,543.7790617,12714585
11/21/2023,541.3687134,546.3340956,540.8866397,545.7073763,14280013
11/22/2023,538.9100952,544.2611005,535.2463476,542.7666841,14909071
11/23/2023,539.8742676,543.2969786,538.2834011,541.6097209,6376210
11/24/2023,540.2598877,542.2846322,539.1993493,541.8025586,6529851
11/28/2023,544.2129517,544.9360621,540.9830229,543.3933912,8153314
11/29/2023,548.2141113,548.5997938,544.8395959,547.6356465,10299034
11/30/2023,544.5021973,549.7568119,543.4416588,549.3229339,19758998
12/1/2023,551.2511597,553.6133321,546.2375825,546.6714605,10614230
12/4/2023,573.378418,574.6317977,563.5922992,566.9186192,26077882
12/5/2023,586.4425659,589.3832033,573.7158104,573.7158104,36430152
12/6/2023,586.635437,591.9864428,582.875239,591.9864428,21439069
12/7/2023,589.7689209,590.5884226,583.3091222,588.1298587,10725706
12/8/2023,592.1311035,594.6860586,583.64656,588.1298686,17722136
12/11/2023,592.227478,597.6749338,591.1186851,592.9505885,11706255
12/12/2023,590.4438477,595.7948536,588.9011766,594.8789018,14494836
12/13/2023,597.6266479,598.2533672,589.7206876,592.4202881,13977914
12/14/2023,601.2904663,605.2434466,600.0852822,603.5561888,15813797
12/15/2023,625.0084229,626.6956805,597.6266188,605.484442,29813572
12/18/2023,625.2495117,632.1431883,619.3682368,623.4658628,16221796
12/19/2023,631.9021606,635.9515322,617.2953056,625.2495208,19964008
12/20/2023,613.6315308,636.7228692,611.2211626,635.0838071,22542056
12/21/2023,620.6697998,625.6833773,605.0024068,609.4857151,19915516
12/22/2023,613.9207764,626.1172629,612.3781643,621.6339546,14998068
12/26/2023,615.1741333,618.3076118,612.8602152,615.9454393,10153089
12/27/2023,625.2976685,626.1654245,616.0900743,617.7773319,14417646
12/28/2023,628.0455322,629.8773767,623.3211872,626.9367394,16982092
12/29/2023,619.0307617,626.3100621,616.6203935,622.3570817,13221898
1/1/2024,618.355835,623.7068994,615.1259651,619.1753955,8295548
1/2/2024,616.5239868,624.7674342,611.1247268,618.3558313,15164482
1/3/2024,620.3805542,624.7674124,613.0048043,616.4275152,14571772
1/4/2024,619.7056274,623.2247883,615.7526474,619.4645906,13883388
1/5/2024,618.9343872,628.3830192,614.8849567,621.8750248,15984585
1/8/2024,604.5203247,621.8749752,602.6402258,617.0542389,14739531
1/9/2024,602.9777222,611.6067931,602.1099661,609.3410706,13400235
1/10/2024,599.4585571,602.8812681,596.0358461,602.3991945,12742464
1/11/2024,597.9641724,604.6650079,596.3251102,603.556215,15533860
1/12/2024,610.883667,613.6797175,598.8318265,601.4350358,16620797
1/15/2024,617.1506348,622.3570535,613.2940457,615.9937051,16844018
1/16/2024,614.0654297,621.778608,610.7391098,617.0542627,15025543
1/17/2024,603.5562134,613.9689925,600.6637715,601.6279188,30016308
1/18/2024,605.7736816,610.7390633,596.8553199,603.3633136,14695436
1/19/2024,605.2434692,612.7156108,602.3028317,610.3052426,11675202
1/23/2024,583.4054565,612.1370906,579.1150485,604.5203041,30954343
1/24/2024,596.1322021,600.0369865,581.4771529,588.0815966,19221835
1/25/2024,590.78125,601.4350658,584.5142926,596.3250969,22684904
1/29/2024,600.6155396,606.9306923,593.529022,596.8071462,19572140
1/30/2024,604.2792969,610.7872909,601.8207331,603.0259172,16966577
1/31/2024,617.5363159,620.1395253,599.6995917,603.9418632,23270745
2/1/2024,624.4299927,629.5399614,610.5462487,619.7056476,26587707
2/2/2024,626.3582764,636.8674459,623.5140302,628.6239988,27471811
2/5/2024,619.8984985,631.3236201,615.8490682,623.8996744,28339525
2/6/2024,626.9367676,631.5164671,614.836731,621.3447251,14079390
2/7/2024,651.0404053,653.6436145,631.5164242,631.5646198,41696232
2/8/2024,674.4692383,693.125524,654.1739492,656.0058526,74222434
2/9/2024,699.2478027,702.2366357,669.311042,678.4222454,43235061
2/12/2024,682.5198364,699.9708775,679.2417124,699.9708775,22873137
2/13/2024,687.8709106,692.2577691,676.9760578,683.1465653,23351472
2/14/2024,716.7470703,721.6641976,680.2540626,680.2540626,36782182
2/15/2024,734.3909302,736.608457,715.0597907,720.8928694,33941282
2/16/2024,727.6419678,746.8284634,726.3403336,736.0782565,27365121
2/19/2024,732.0288086,737.5726553,723.1104464,731.4985394,13979584
2/20/2024,732.8483276,736.1264519,726.9670527,731.8359848,12528399
2/21/2024,743.8395996,749.6244831,732.3662239,733.3786255,21465311
2/22/2024,738.4403687,745.2857903,729.859435,745.2857903,18799244
2/23/2024,731.8359375,742.875435,727.931153,738.4403813,14143636
2/26/2024,731.6914063,738.8742565,725.7136812,727.9312083,11355186
2/27/2024,722.9658203,735.0176614,715.5901289,731.6914003,13969393
2/28/2024,715.8793335,729.6184318,714.4331126,722.9657922,11263318
2/29/2024,721.2785034,726.8706043,710.7211386,717.2291322,19217113
3/1/2024,741.5738525,744.3216486,724.9905087,725.0387043,17348526
3/4/2024,744.369873,749.1424137,741.4292357,746.6356544,9789141
3/5/2024,755.8432617,758.7357035,741.5256395,741.9113219,18088847
3/6/2024,755.7950439,761.965551,745.1894243,755.5540071,26710525
3/7/2024,759.7962036,764.9544265,754.9272719,761.6763025,15497868
3/11/2024,745.9607544,764.3759437,742.923667,761.6763431,16778340
3/12/2024,732.4627075,749.8655543,730.1969261,742.3934128,21529705
3/13/2024,720.4590454,736.3192797,716.3614195,731.4503478,27950252
3/14/2024,714.4813232,723.8817591,707.7322923,723.0140619,19730882
3/15/2024,705.6594238,719.7841463,697.0784894,712.7458829,29792241
3/18/2024,704.7434692,711.4443046,696.2107305,701.0314669,18145126
3/19/2024,697.8497925,708.0215346,695.2948375,703.8275174,15205043
3/20/2024,709.8534546,712.4566641,693.9932196,699.151443,25405455
3/21/2024,717.6147461,723.6888617,713.9991941,715.3972193,15161161
3/22/2024,719.928772,721.9534577,714.8188033,717.180917,15535921
3/26/2024,713.5172119,721.0375492,712.0227953,716.4096539,14678342
3/27/2024,707.0092163,719.1092534,704.0203832,716.3614571,30088789
3/28/2024,725.3761597,732.3180316,710.4801317,711.2996334,21705116
4/1/2024,731.112854,734.198137,725.1351292,731.8359644,9949971
4/2/2024,738.9224854,741.1882079,726.3403165,731.016466,15713063
4/3/2024,743.4057617,744.9001783,732.8965915,737.4762911,19136981
4/4/2024,732.0770264,747.503383,730.9200378,747.2141506,15889530
4/5/2024,737.331604,740.1758501,725.6171915,730.7754145,9939620
4/8/2024,740.7543335,742.3933956,734.4873763,738.5850021,9797174
4/9/2024,736.8013306,744.7555453,733.8124388,740.8989563,7465892
4/10/2024,751.1188965,752.709763,736.2710643,739.0188604,14530669
4/12/2024,738.8259888,751.5527436,737.379768,749.3834124,14408722
4/15/2024,730.3415527,735.9335951,721.9052642,732.5590797,11356572
4/16/2024,724.7495117,727.8347947,717.7112484,724.3156337,13338991
4/18/2024,718.0968628,732.7037172,715.3972623,725.0869304,14589648
4/19/2024,723.5443115,725.038728,705.8039787,708.1661512,10886554
4/22/2024,738.6331787,741.4292293,723.5443097,727.1116662,17452186
4/23/2024,745.2858276,749.8173315,738.1029188,742.7308139,12292429
4/24/2024,745.3822021,750.5886207,742.5862105,750.5886207,7842615
4/25/2024,783.5625,785.2015621,742.0559717,743.020119,36732974
4/26/2024,772.571228,787.6119614,770.2573098,786.6478141,14964358
4/29/2024,796.8677368,801.4474365,770.0644539,778.0668646,27302732
4/30/2024,796.626709,804.9183523,790.5043971,796.8677458,27449073
5/2/2024,800.2904663,804.0024688,795.4215341,797.2534376,19943724
5/3/2024,801.6401978,806.2198969,790.6007006,804.8700673,22667634
5/6/2024,778.8381348,806.0270989,774.2102397,805.0629517,35283557
5/7/2024,773.1496582,785.4425349,764.7615658,782.8875213,16725013
5/8/2024,781.7305298,792.5289901,770.8356783,773.8245111,27908322
5/9/2024,790.4078979,809.546256,774.7405053,782.79117,49290254
5/10/2024,788.0457764,802.2187535,786.3585186,797.3498214,20543142
5/13/2024,779.8023071,790.4561228,769.9679931,790.4561228,15398505
5/14/2024,788.8652954,792.9147256,778.9345905,783.8517179,10912462
5/15/2024,790.8899536,795.7106897,788.7206224,791.5648684,9755062
5/16/2024,782.8394165,796.53032,768.7628305,795.7107595,20536990
5/17/2024,788.527771,792.9628835,782.1162274,785.2979014,12492509
5/21/2024,800.8689575,806.3163543,790.2150831,791.5649128,14037801
5/22/2024,802.6334839,810.3780019,797.5358303,810.2799344,19239277
5/23/2024,815.7206421,819.0537393,805.8194778,808.4663421,17497488
5/24/2024,812.2895508,824.6905681,810.7210696,813.6620167,12252075
5/27/2024,817.2891846,822.8769958,806.799795,816.2108014,12295193
5/28/2024,814.7894287,824.1514318,807.0939145,819.2498532,13818893
5/29/2024,806.4567261,818.0244392,803.1726326,812.0935413,14518232
5/30/2024,809.593689,819.5439172,803.1726332,805.231332,17818705
5/31/2024,814.005127,818.5636189,801.0159438,814.3482734,22267336
6/3/2024,887.822937,894.0479178,839.8854754,846.5516102,64269020
6/4/2024,759.9407349,879.3431739,717.5420813,879.3431739,122381193
6/5/2024,774.2042847,779.3509418,729.4038475,775.1846003,74256082
6/6/2024,800.8688965,816.9460375,780.3312713,784.252534,40555649
6/7/2024,813.6130371,815.1325145,794.5458845,803.7608762,25061284
6/10/2024,815.4265747,828.8079077,812.8777779,817.7303525,16725508
6/11/2024,819.1027832,823.0730499,812.7307311,819.5439372,14754408
6/12/2024,822.5828857,828.905934,816.6029839,820.5242467,15071442
6/13/2024,827.2884521,829.2490836,819.6419417,828.3667755,12523972
6/14/2024,822.6809082,833.1702977,818.6615781,828.366727,12903496
6/18/2024,828.2687378,834.7387973,823.710246,824.9846444,14929083
6/19/2024,835.8171387,843.6596642,824.4455005,830.1313196,32925140
6/20/2024,827.1413574,836.3072851,825.7688915,836.2092775,13985352
6/21/2024,819.8380127,831.3567222,812.2895698,828.2687637,18990090
6/24/2024,816.3088989,819.5439288,804.888197,815.1325081,12715254
6/25/2024,825.6708984,829.200011,817.8773767,820.524241,20917530
6/26/2024,828.7098389,832.0919399,819.5439112,823.3181026,16281760
6/27/2024,827.3864136,830.7195107,821.7495986,827.2884059,20378887
6/28/2024,832.2390137,846.9927528,827.3864391,830.2293785,23636388
7/1/2024,825.3768311,833.7585185,823.4161996,832.6311315,10967797
7/2/2024,809.8878174,829.6411423,806.9468704,827.3864282,21142840
7/3/2024,823.4161987,827.2393941,808.7604668,812.6817297,23598009
7/4/2024,822.7789307,828.2687343,817.8773523,826.4061106,13372587
7/5/2024,842.826416,844.2968896,820.524234,821.5045497,24873722
7/8/2024,839.3953247,847.9730871,836.6994565,842.8264297,10359800
7/9/2024,844.3458862,852.8256408,839.1502251,842.9734802,13585081
7/10/2024,832.2880249,843.3165765,826.8962886,843.1695052,17343236
7/11/2024,839.8364868,841.404968,833.0232806,837.5817726,8501366
7/12/2024,842.7774048,846.0124346,838.4639918,839.8364577,11446064
7/15/2024,864.0012207,869.8831149,842.7774216,842.7774216,25392820
7/16/2024,863.3640137,870.6183137,857.0899695,864.9324948,11893692
7/18/2024,875.9610596,877.2845216,860.227005,863.3150233,19435183
7/19/2024,871.84375,881.3038205,865.9128519,877.3825577,14562742
7/22/2024,859.5407715,877.3825287,850.9140055,864.0992633,14614111
7/23/2024,846.8947144,867.0891928,832.3859949,865.6187193,18279212
7/24/2024,835.2289429,850.9139934,830.5234397,847.1888059,19624845
7/25/2024,831.7978516,834.0035618,824.6415591,830.8175359,9522375
7/26/2024,845.4732666,847.2378229,827.3864304,828.0236595,12081506
7/29/2024,854.4431152,871.5986395,846.2084995,849.0023752,26582781
7/30/2024,855.6195068,863.2169533,851.8943192,857.4821305,13528447
7/31/2024,855.227417,857.72721,850.9140041,856.6488269,11636874
8/1/2024,845.6693726,864.0502922,842.5323503,860.5211197,11787203
8/2/2024,831.1606445,841.4049556,829.4941557,839.8364744,12609331
8/5/2024,795.6732788,814.9854506,784.2525767,813.6620484,27676951
8/6/2024,781.9978638,810.2799484,779.9882285,806.456753,17900930
8/7/2024,792.7322998,794.741935,784.7917069,793.0753864,17692355
8/8/2024,792.144104,801.7021823,786.9974465,796.0163631,14769069
8/9/2024,808.0742188,813.6130264,793.6145622,799.9376104,15320885
8/12/2024,796.6044922,806.7997991,795.2320861,804.4470176,16120449
8/13/2024,781.850769,803.8588683,779.3999798,797.4868163,17585172
8/14/2024,787.1934814,793.2224467,784.6446846,785.1838463,11788665
8/16/2024,796.1143188,798.8592505,787.1934703,787.1934703,11427335
8/19/2024,797.6828613,809.1525665,796.6044782,798.9572597,10151482
8/20/2024,804.1529541,806.7998184,797.339748,801.8492361,10347493
8/21/2024,799.49646,804.8391925,795.2321106,804.1529596,14607257
8/22/2024,804.1529541,807.6821265,801.0159319,802.8785557,7832917
8/23/2024,799.300354,805.8194771,798.4671096,805.3293193,5537747
8/26/2024,799.0062866,807.2409623,797.780892,801.8982299,8523795
8/27/2024,799.8395996,803.3197084,795.0850326,801.7021635,12833290
8/28/2024,793.4675293,801.1139796,790.6245899,798.7121942,10371300
8/29/2024,798.4671021,799.9375755,791.0657308,793.6145276,18247268
8/30/2024,799.5454712,804.5451172,798.3200766,801.0650084,8911426
9/2/2024,805.9665527,809.1525787,797.0456442,801.2119858,11813750
9/3/2024,808.5643921,809.6917791,800.329776,805.9665913,10548350
9/4/2024,800.4277344,802.535437,797.6338587,799.3984149,10789570
9/5/2024,802.6334839,805.9665812,798.3691345,802.2413337,8395074
9/6/2024,767.0970459,796.8986675,761.7053095,795.5262016,40220096
9/9/2024,768.812561,772.6848199,755.8233785,769.5477978,21322103
9/10/2024,767.2440796,773.272985,762.19543,772.4887445,12824701
9/11/2024,753.4706421,772.4887911,750.3336796,764.6952691,20060665
9/12/2024,772.2436523,774.3513549,757.5389176,759.7446278,17578964
9/13/2024,775.2826538,779.3509879,769.6458385,775.4297251,12950936
9/16/2024,770.0869751,779.3509703,768.959648,775.2826363,9553736
9/17/2024,767.4891968,771.9986251,765.1854189,770.1360013,10665630
9/18/2024,777.1452637,779.1058951,766.60687,768.3714263,18324412
9/19/2024,774.4003906,785.5759536,768.6165041,779.3999767,10645478
9/20/2024,766.3128052,779.2039209,764.1560986,779.2039209,21372244
9/23/2024,786.0661011,789.1541194,769.057648,770.5281215,17309545
9/24/2024,782.5369873,788.4188814,780.8214349,783.517303,15180653
9/25/2024,777.4883423,782.2919131,773.1749892,782.1939054,18465571
9/26/2024,786.0661011,787.193488,776.0178654,780.3312783,23198842
9/27/2024,786.8504028,792.0950678,782.733065,786.0661024,15193681
9/30/2024,772.3907471,786.8013397,770.9692774,786.1151666,15484573
10/1/2024,781.2625732,784.5956106,772.4887362,772.4887362,13280535
10/3/2024,778.468689,788.1738385,768.8616069,774.3514108,15944135
10/4/2024,780.9685059,793.9086249,769.7928832,776.410014,20097454
10/7/2024,755.4802856,788.1737889,750.3336284,784.2525263,24267990
10/8/2024,766.067688,768.9596312,757.0487719,757.0487719,8560960
10/9/2024,781.7037354,788.5168814,766.655854,771.2143458,18758697
10/10/2024,781.4096069,788.6149631,779.3509679,783.2722307,10241015
10/11/2024,784.0074463,786.8993894,777.3903156,781.5076533,14322720
10/14/2024,789.3012085,793.3204789,785.0367993,786.2131901,8967564
10/15/2024,788.8110352,791.6049109,785.8210245,789.6442796,6252104
10/16/2024,789.5952759,793.0753846,786.2621786,786.9974154,6494240
10/17/2024,795.085022,803.3687015,790.1344397,793.5655446,18580553
10/18/2024,804.2510376,806.4076843,787.0955126,795.1340536,11704698
10/21/2024,797.9279785,810.1819248,793.0754038,808.4663723,10359618
10/22/2024,774.8415527,800.7708551,771.9986133,797.9769793,16645356
10/23/2024,770.5281372,776.9981969,764.4501679,774.4494,13866198
10/24/2024,778.90979,781.3115754,769.204701,770.577107,5607500
10/25/2024,765.5775757,784.987815,756.803738,782.2919468,9717125
10/28/2024,776.4590454,788.1248263,768.1263619,768.3714408,13757251
10/29/2024,816.3088989,818.4165418,774.9395642,780.3313006,28274791
10/30/2024,806.2606201,816.6029383,804.8881543,811.70136,15977682
10/31/2024,804.0549316,811.701382,797.5358084,803.8588565,13402324
11/1/2024,805.0352783,809.3486316,802.7805641,806.2116691,1637141
11/4/2024,813.5149536,821.0143926,791.2127716,806.5057323,14498161
11/5/2024,832.4840698,834.6407762,809.9858135,813.5149259,26254561
11/6/2024,837.9738159,844.4439352,829.5431252,832.4840721,15002433
11/7/2024,842.6793213,845.424253,830.0332851,844.0517872,15283847
11/8/2024,826.5532227,846.5026236,817.779385,842.6793684,26139105
11/11/2024,830.9645996,837.1895802,825.4257922,829.3470548,12621337
11/12/2024,810.427002,836.6014431,808.0742203,835.7191351,11350729
11/13/2024,792.7322998,815.3775681,788.8110371,807.1428925,13756706
11/14/2024,788.4188843,801.8982249,785.2818621,792.7322972,9461484
11/18/2024,798.2710571,800.6238387,783.5173179,795.0360273,9322451
11/19/2024,787.1934814,804.1529305,784.3505421,802.8785321,13677029
11/21/2024,765.3814697,782.7820731,746.5593966,782.7820731,29486577
11/22/2024,799.9866333,803.8098886,768.6165302,770.5281578,20665405
11/25/2024,827.8275757,832.8761655,809.3976531,810.7210554,23434605
11/26/2024,822.8770142,830.0333067,819.1027629,827.3864424,8893744
11/27/2024,817.6812744,825.91595,815.7206431,821.9946873,8375108
11/28/2024,822.3377686,829.1509744,814.1521567,817.6812692,13505677
11/29/2024,822.4358521,827.4354381,815.1814921,824.5434949,10822949
12/2/2024,819.9360352,825.4257789,816.3088553,822.4358281,6651119
12/3/2024,837.140564,839.7383645,820.426194,821.5045173,12186182
12/4/2024,842.7774048,846.9927503,833.5624134,837.1405896,10749716
12/5/2024,848.4142456,854.2961399,838.7580999,843.071513,14716036
12/6/2024,846.6496582,858.2173712,840.130535,848.2181394,14520568
12/9/2024,841.1598511,849.786617,840.0815278,842.0911629,9630346
12/10/2024,850.4238281,851.8452978,841.1598332,844.8360169,7379849
12/11/2024,844.6399536,852.7275579,844.0027843,850.42384,7006973
12/12/2024,836.8955078,847.2868301,834.3957148,844.5419581,8845103
12/13/2024,844.5909424,845.9144044,818.5635737,835.8171053,9379370
12/16/2024,844.0028076,849.3455401,840.9147893,842.8754206,6432713
12/17/2024,833.8074951,845.6202872,830.3763902,841.6500206,8791216
12/18/2024,821.6516113,835.2289596,820.5242244,834.2486439,8295338
12/19/2024,816.4068604,821.5045137,804.0549071,808.3682601,9453398
12/20/2024,796.0163574,819.5439345,794.055726,818.4656111,10244198
12/23/2024,804.9862671,807.7801429,796.2124295,801.2120157,4933200
12/24/2024,796.0653687,809.93686,793.2714928,808.0252324,10602771
12/26/2024,796.4575195,806.6527671,792.0951026,796.9966812,8318714
12/27/2024,783.9094849,802.192337,781.5076994,800.2317056,10649800
12/30/2024,772.7828369,792.0460639,769.5478071,786.2131737,21515438
12/31/2024,779.3019409,783.4682824,770.5281039,771.4594157,9086044
1/1/2025,777.5864258,782.9291583,773.9592457,779.8901437,7273098
1/2/2025,785.4289551,786.6053459,771.5084601,779.3509857,11398319
1/3/2025,777.7824707,793.5655289,776.5570761,785.4289209,13336514
1/6/2025,761.1171265,781.8997712,757.9311005,781.703756,11419367
1/7/2025,763.4208374,768.4204234,759.5975823,764.4991607,9669152
1/8/2025,755.970459,768.5184877,745.1379229,765.5285368,15641490
1/9/2025,745.4810791,756.1664842,711.9542705,755.970469,15351029
1/10/2025,728.6196289,748.3730138,727.4432381,745.3830031,11779296
1/13/2025,715.1403198,729.305894,708.2781098,726.9041085,10414733
1/14/2025,733.4232178,742.0989878,718.5224071,718.5224071,11960975
1/15/2025,738.8639526,743.9616062,735.2367726,738.324791,7792299
1/16/2025,751.2158813,761.4111882,745.4320548,745.4320548,11816079
1/17/2025,749.0592041,752.8334555,744.4517682,751.2159106,5766573
1/20/2025,763.9110107,769.547826,752.7353878,753.8627748,9198929
1/21/2025,744.1085815,769.449777,741.1676346,769.3517095,13751780
1/22/2025,738.6188354,747.9808379,723.4729468,747.0005223,9908339
1/23/2025,731.2174683,740.7755459,728.4725366,735.2367385,10986405
1/24/2025,729.5019531,738.8639561,724.4533033,735.1387684,10579213
1/27/2025,734.4525146,740.4814201,721.4143282,725.4335985,11433353
1/28/2025,737.5895386,744.7948349,730.7273288,742.0989668,14140860
1/29/2025,743.5204468,745.8241647,735.0406921,738.1777143,9251973
1/30/2025,747.5887451,749.9415268,739.8932906,743.6184784,11085824
1/31/2025,757.6860352,762.2444673,744.5497807,749.8435095,10083763
2/1/2025,750.921814,763.4208389,737.3444657,759.54858,9363077
2/3/2025,745.9712524,747.7848126,738.3248019,747.7848126,7862190
2/4/2025,763.8619995,765.8716347,750.5787338,751.9021361,12020807
2/5/2025,750.9708252,766.6068725,749.9415057,764.6462411,13419162
2/6/2025,737.4424438,755.6762909,735.2857375,753.8627309,32745391
2/7/2025,722.6887207,744.9418983,717.3459884,744.8438308,37240692
2/10/2025,722.2965698,729.2568469,718.9635325,725.4335919,12667049
2/11/2025,716.7088013,725.5807064,712.2483767,722.933842,13017060
2/12/2025,718.7184448,724.1591847,703.0333944,718.7184448,12697743
2/13/2025,713.3267212,722.9828066,711.8562477,719.943852,12370571
2/14/2025,707.9349976,718.4733912,702.1021073,716.5617636,10417539
2/17/2025,713.3757324,714.4050519,697.5436103,704.8959779,9093600
2/18/2025,711.5131226,713.914908,703.2294429,713.3757463,8562003
2/19/2025,712.9835815,720.384953,707.8369242,707.8369242,6766606
2/20/2025,715.3363647,717.100921,709.1113243,710.6308614,7423268
2/21/2025,707.7879028,717.2969767,705.8272715,712.9835638,6571602
2/24/2025,702.2981567,705.5821902,696.5142705,696.5142705,6912148
2/25/2025,696.9064331,704.7979623,696.0241251,704.7979623,8599635
2/27/2025,690.0442505,703.5725953,687.2993186,701.9060466,12033139
2/28/2025,675.2414551,687.5444054,669.1634857,687.1033112,15780609
3/3/2025,681.6134644,683.6721631,666.6146468,676.5648746,10598479
3/4/2025,701.9550171,704.3077986,678.476445,679.3587531,14386214
3/5/2025,715.9735107,716.9048226,702.8863208,703.4254824,10409805
3/6/2025,717.6400757,722.2475713,712.6894935,721.5123346,10928847
3/7/2025,718.3262939,720.3849329,713.6697946,717.640061,7246729
3/10/2025,714.552124,723.9631306,712.2973501,718.3263155,7400109
3/11/2025,715.4833984,719.6007364,708.474177,710.6308835,5538789
3/12/2025,708.8172607,722.4926768,704.8959979,716.2186324,5547762
3/13/2025,713.5227661,717.0519386,710.2387324,711.6111983,5908337
3/17/2025,708.9152832,716.855816,708.081979,714.5520982,5149563
3/18/2025,708.9152832,708.9152832,708.9152832,708.9152832,0
3/19/2025,730.4331665,734.5505042,724.5512726,725.0414304,7604850
3/20/2025,734.7955933,737.8836115,729.5509284,733.276116,6963197
3/21/2025,738.3737793,740.726501,732.2958101,735.1877533,9577327
3/24/2025,765.430481,767.5381836,740.2363557,743.0792951,12095064
3/25/2025,757.6369629,770.5281382,754.0588465,768.4694992,15190143
3/26/2025,748.9611816,760.7739737,746.4613886,756.8037071,7711852
3/27/2025,757.0977783,760.5288832,745.5300654,748.7650951,15648616
3/28/2025,756.3135376,763.2737549,751.9021171,756.9017031,7628185
4/1/2025,756.5096436,767.3421202,748.17696,751.7060727,7011125
4/2/2025,760.6759644,761.7052839,749.2552627,757.0977882,5458436
4/3/2025,763.8619995,769.2537358,754.7940794,754.8430832,7956680
4/4/2025,752.3432617,767.4891506,749.9414764,763.7639032,8231194
4/7/2025,732.1978149,738.8639497,715.6304558,715.6304558,14923235
4/8/2025,753.4706421,758.7643709,743.2263906,745.0399508,12911288
4/9/2025,727.590332,752.8334616,726.4139412,751.9021497,11319387
4/11/2025,739.0109253,744.7458077,731.3154714,744.0595748,9360327
4/15/2025,748.4710083,755.529293,742.1969641,754.8430601,7859090
4/16/2025,756.5586548,759.4996019,745.530103,748.4710501,12536694
4/17/2025,781.7527466,785.2328553,752.0491936,756.8037007,27034818
4/21/2025,800.6238403,808.1232195,785.6250222,787.1935033,16398507
4/22/2025,806.2116699,819.0537819,797.976994,804.9862753,25117557
4/23/2025,797.4378052,814.6423335,794.1537117,809.740755,12104382
4/24/2025,797.3887939,802.8785378,795.1830837,796.7515648,12713521
4/25/2025,782.9291382,802.8785382,771.5084366,798.9572755,13131038
4/28/2025,801.2609863,806.6037187,781.7037366,782.9291312,11317611
4/29/2025,796.555481,812.6816856,793.0753723,803.8588446,11283059
4/30/2025,773.1259766,795.5261657,769.0576426,795.5261657,25635764
5/2/2025,781.0175171,787.5856441,773.4690744,774.7924766,14720184
5/5/2025,774.4494019,783.2722431,766.6068763,766.6068763,23986447
5/6/2025,758.8623657,783.4193221,755.9214186,778.3216684,18869468
5/7/2025,760.822998,766.9990349,749.5003636,750.2356004,15586266
5/8/2025,753.8627319,771.0182557,748.9611537,763.6658884,14491673
5/9/2025,763.9110107,766.3127962,740.6285128,741.6088285,13578216
5/12/2025,785.8701172,788.0758275,777.3903623,783.2722566,15096824
5/13/2025,785.9680786,791.7519649,781.5076543,782.8800604,13909596
5/14/2025,784.9387817,791.6049164,780.6253688,789.889364,9281719
5/15/2025,791.8499756,793.5165242,778.8607931,788.6149459,17058854
5/16/2025,792.0999756,804,791,804,14733924
5/19/2025,795,801.4000244,792.0999756,792.0999756,10666184
5/20/2025,785.6500244,799.4000244,783.7999878,798.1500244,11324667
5/21/2025,787.0999756,791,779.0999756,787,8206040
5/22/2025,785.25,788.2000122,780.2999878,788,7355826
5/23/2025,790.5,794.9500122,786.2000122,787.9000244,5534158
5/26/2025,794.4000244,797.5499878,789.2000122,792,4965466
5/27/2025,793.7000122,801.3499756,790.0499878,794.4000244,11995043
5/28/2025,796.5499878,798.9000244,792.6500244,794.5,6873519
5/29/2025,797.3499756,800.4000244,791.3499756,799,14034127
5/30/2025,812.2999878,814.5,792.5999756,798,22037314
6/2/2025,813.6500244,822.5499878,809.2000122,812.8499756,26891575
6/3/2025,809.7999878,818.4000244,805.1500244,816.2000122,14247597
6/4/2025,806.5,817,805.25,817,9607927
6/5/2025,806,811.7000122,802.8499756,808.7000122,13595507
6/6/2025,813.0499878,816.4500122,803.0999756,806.6500244,17163935
6/9/2025,820.0499878,824.5,815.7000122,817.4000244,12793040
6/10/2025,817.0499878,822.0499878,814.5999756,821,6560513
6/11/2025,815.0499878,820.5999756,813.0499878,817,7197825
6/12/2025,805.9500122,816.5,801.2000122,816,13448521
6/13/2025,792.3499756,796.2999878,786.25,786.25,11377117
6/16/2025,792.5,795.4000244,786.1500244,792.5,8085001
6/17/2025,792.2999878,798.8499756,790.5499878,794,7753156
6/18/2025,791.9000244,795.5,788.3499756,792.5,5710169
6/19/2025,785.0999756,793.25,781.7000122,792.3499756,11824333
6/20/2025,796.1500244,799.4500122,786.0999756,787.5,11367669
6/23/2025,790.2000122,794.9500122,788.5,790,5549253
6/24/2025,795.4000244,806.6500244,793.6500244,799,11402190
6/25/2025,800.0499878,803.7999878,796.0999756,799.5,6528324
6/26/2025,797.0499878,803.3499756,791.4000244,802,24704402
6/27/2025,805.4000244,809.4500122,802.6500244,805,19375990
6/30/2025,820.3499756,821,807.0499878,809,19652607
7/1/2025,820.2999878,824.9000244,813.25,820,11456405
7/2/2025,812.9000244,824.0499878,809,821,6661200
7/3/2025,807.0999756,814.5,805.7999878,813.5,7020403
7/4/2025,811.8499756,813.8499756,804.0999756,808.75,4319538
7/7/2025,806.8499756,812.6500244,805.1500244,811.2000122,4461783
7/8/2025,812.6500244,813.5499878,805.3499756,807.9000244,5935770
7/9/2025,810.9500122,812.4500122,809,810,4099112
7/10/2025,808,815.5,806.9000244,811.2999878,12178137
7/11/2025,808.6500244,812.5499878,804.5499878,807.5499878,6202372
7/14/2025,808.8499756,815.5,808,809.7999878,6938635
7/15/2025,816.4500122,821,810.5,811,9297645
7/16/2025,831.7000122,834.2000122,815.2999878,816,16458920
7/17/2025,829,842.5,826.3499756,838.4000244,23073718
7/18/2025,823.3499756,832.6500244,820.25,832,15387801
7/21/2025,824.2000122,827.3499756,817.9500122,823,8852594
7/22/2025,815,828.0499878,814,827.5,7851163
7/23/2025,820.6500244,825.2000122,811.5,812.5,15470390
7/24/2025,815.7000122,821.9500122,810.6500244,820,10118309
7/25/2025,806.5499878,819.2000122,805.5,815,6734439
7/28/2025,797.1500244,808.9500122,796,806.5499878,7734158
7/29/2025,799.2000122,800,793.0999756,796.2000122,7833759
7/30/2025,801.6500244,803.4000244,796.2000122,798.9500122,8743723
7/31/2025,796.5499878,803.7999878,792.5499878,795.0999756,11359112
8/1/2025,794,801,792,795.7000122,15468391
8/4/2025,795.7000122,797.2000122,786.5499878,794.5,8820724
8/5/2025,800.5999756,804.0499878,796.2999878,798,7381537
8/6/2025,805.1500244,810.2000122,799,800.9500122,7409396
8/7/2025,805.1500244,806.6500244,793.4000244,801.0999756,7091392
8/8/2025,804.2999878,807.7999878,790,805,15708181
8/11/2025,823.4500122,825,808,808,15236297
8/12/2025,820.5999756,825.5,820,824.9500122,7986728
8/13/2025,821.8499756,824.9500122,820.6500244,822.6500244,4447508
8/14/2025,826.5499878,828,819.0999756,822,7087573
8/18/2025,827.6500244,838,825.1500244,836,6138124
8/19/2025,830.4000244,831,825.7999878,827.5,5076681
8/20/2025,828.9500122,831.9000244,827.4000244,828.7000122,4493888
8/21/2025,825.7000122,833.25,824.0499878,828.9500122,4402511
8/22/2025,816.25,826,815.7000122,824,5097647
8/25/2025,816.4500122,820.5,814.2000122,817.4500122,5672898
8/26/2025,807.8499756,815.8499756,806.75,814.8499756,6997817
8/28/2025,801.9500122,811,800.6500244,807.25,7898436
8/29/2025,802.5,806.7000122,798.5,800.7000122,6861440
9/1/2025,806.0499878,808.2999878,802.6500244,803.0999756,5619805
9/2/2025,803.9000244,810.5,802.6500244,806.2999878,5075460
9/3/2025,812.1500244,813.2999878,803,804.2999878,4261589
9/4/2025,809.4000244,816.75,808,814.6500244,4471950
9/5/2025,806.5999756,812.5,803.6500244,811.5,5194842
9/8/2025,808.7999878,813.8499756,806.7999878,808,4614227
9/9/2025,808.8499756,812.3499756,805.5999756,812,4567272
9/10/2025,818.2000122,824.5999756,810.4000244,812,7285853
9/11/2025,823.6500244,825.7000122,819,819.0999756,7425055
9/12/2025,823.5499878,825.7999878,819.7999878,824.0999756,5078018
9/15/2025,824.75,827.7999878,821.0999756,823.5499878,3852494
9/16/2025,831.5499878,833,821.6500244,825.0999756,9467531
9/17/2025,857.1500244,858.1500244,831,834.2999878,17243938
9/18/2025,854.3499756,860.7999878,851.0999756,858.6500244,10400847
9/19/2025,862.3499756,864.4500122,849.2999878,852,15206426
9/22/2025,855.25,868.2000122,854,862,6594034
9/23/2025,870.5999756,874.25,851.2000122,854.5999756,14357863
9/24/2025,866.2000122,880.5,864.4500122,876,12840160
9/25/2025,861.1500244,870.1500244,859.9500122,866.5499878,8678821
9/26/2025,856.9500122,864.3499756,853,862,6959545
9/29/2025,870.75,873.5,856,858.0499878,22641712
9/30/2025,872.4500122,877.5999756,867.5999756,869.9500122,12831593
10/1/2025,864.0999756,876.4500122,862.7999878,872.2999878,10832384
10/3/2025,867.2999878,873,863.7999878,865.1500244,8019442
10/6/2025,874.0499878,875.2999878,862.7999878,868,7820352
10/7/2025,864.7000122,877,863,874.1500244,9242580
10/8/2025,858.25,867.7999878,857.25,866.7999878,7156112
10/9/2025,862.0999756,865.7999878,858.0999756,861.5999756,7020501
10/10/2025,880.6500244,883.75,861.2999878,862.0999756,13713015
10/13/2025,882.9500122,888.0999756,876,879,11923143
10/14/2025,876.9500122,884.1500244,872.0999756,883,7681973
10/15/2025,886.0999756,887.5,877.0499878,878.0999756,8269225
10/16/2025,886.9500122,891.8499756,882.4500122,888.2999878,8493686
10/17/2025,889.1500244,894.75,883,887.5,8511854
10/20/2025,907.5,913.6500244,891.0499878,894.5999756,13546463
10/21/2025,907.8499756,910,906.4000244,908,1783576
10/23/2025,911.5499878,918,904.7999878,912,13382769
10/24/2025,904.5,914.0999756,900.9500122,910.9500122,5313227
10/27/2025,922.75,928,906,906.9500122,9150761
10/28/2025,930.25,935.8499756,917.7000122,927.0999756,22066289
10/29/2025,939.75,942.0499878,930.25,933.9000244,12314222
10/30/2025,934.3499756,944.9000244,933.0499878,939.4500122,13044473
10/31/2025,937,946.7000122,930.25,934.9000244,12078252
11/3/2025,949.7000122,953.4000244,937.5,938.75,11744735
11/4/2025,957.5999756,959.2999878,941.5,951,19154518
11/6/2025,960.75,971.4000244,955.2999878,969.6500244,23088096
11/7/2025,955.8499756,964.8499756,944,958.75,13371323
11/10/2025,951.1500244,963.2000122,949.0999756,956,7343249
11/11/2025,953.2999878,954.9500122,945.0499878,953.5999756,8648917
11/12/2025,957.1500244,961.5499878,951.4000244,957.7000122,7043323
11/13/2025,954,963.9500122,952.4500122,954.25,8894441
11/14/2025,967.8499756,969.0499878,952,952.9500122,11032927
11/17/2025,973.3499756,976,968.5,971,7415026
11/18/2025,972.4500122,976.7000122,968.8499756,975.5999756,6594686
11/19/2025,982.75,984.4500122,968.7999878,972.4500122,8291226
11/20/2025,981.5499878,986.5999756,979.3499756,986,6440857
11/21/2025,972.5999756,980.5999756,971.0499878,979.7000122,5377241
11/24/2025,970.5999756,977.7000122,968.0499878,975.5499878,9901946
11/25/2025,983.5999756,988.9500122,971.3499756,975.5499878,9140201
11/26/2025,983.9000244,999,982.1500244,986.5999756,13943490
11/27/2025,972.8499756,988.5499878,968.9000244,986.7000122,11909168
11/28/2025,979,983,973.0499878,976.7999878,8117842
12/1/2025,973.0999756,991.2000122,969.8499756,985.4500122,8808306
12/2/2025,967.2999878,980.4500122,964.9000244,976,13444314
12/3/2025,951.0499878,972.5499878,947.5499878,970.4500122,14051968
12/4/2025,948.0999756,952.5499878,944.4500122,951.0499878,13622724
12/5/2025,971.5,973.2999878,946.7000122,948.8499756,17347847
12/8/2025,956.4000244,972.5,951.7000122,970.8499756,15386438
12/9/2025,959.3499756,964,950.4500122,954.7999878,9580294
12/10/2025,959.75,963.9500122,955.25,960.0999756,6989178
12/11/2025,963.25,966.5,958.4500122,962.0999756,5979035
12/12/2025,963.1500244,967,958,966,5681930
12/15/2025,967.25,968.8499756,957.25,957.25,4416952
12/16/2025,961.1500244,969,958.0499878,966.0499878,4764786
12/17/2025,975.8499756,978.5,964.2999878,965.5499878,8013382
12/18/2025,977.5499878,981.4500122,973.5,977.9000244,4926879
12/19/2025,980.2999878,982,977.0499878,979.9500122,5376584
12/22/2025,974.2999878,983,972.5499878,981.0999756,5959037
12/23/2025,971.9000244,977.5499878,970.7000122,976.2999878,5123287
12/24/2025,968.9500122,977.2999878,967.5,973.2000122,4105643
12/26/2025,966.2999878,971,964.75,968.9500122,3286321
12/29/2025,965.0499878,968.9000244,961.4500122,966.9000244,5267233
12/30/2025,973.4500122,976.2000122,959.5,963,15030644
12/31/2025,982.2000122,985.6500244,973.5,975.25,5807630
1/1/2026,984.75,987.6500244,980.3499756,983.2000122,4328348
1/2/2026,998.9500122,1009.5,983.9500122,984.5,7357435
1/5/2026,1005.549988,1015.5,1000,1000,11259060
1/6/2026,1018.900024,1024,1004.950012,1007.950012,9575742
1/7/2026,1007.150024,1022.700012,1004,1022.700012,7896720
1/8/2026,998,1011.599976,995.8499756,1006.599976,6854268
1/9/2026,1000.5,1008,994,996,7809460
1/12/2026,1015.150024,1017.25,996,1008,7617922
1/13/2026,1028.449951,1029.5,1016,1022.799988,11016895
1/14/2026,1028.349976,1030.400024,1020.5,1030,7370514
1/15/2026,1028.349976,1028.349976,1028.349976,1028.349976,0
1/16/2026,1042.300049,1047.449951,1028.400024,1032,11051580
1/19/2026,1038.400024,1043.599976,1034,1035,5460164
1/20/2026,1036.400024,1052,1033.050049,1039.75,8905718
1/21/2026,1028.650024,1040.599976,1022,1032,7408949
1/22/2026,1048.349976,1055.5,1034.050049,1035,12001641
1/23/2026,1029.5,1053,1025.599976,1051.900024,10917698
1/27/2026,1053.150024,1055,1030.25,1034.099976,14420630
1/28/2026,1063.5,1065.599976,1044.150024,1059.400024,12171257
1/29/2026,1066.199951,1075,1060.300049,1063,14800724
1/30/2026,1077.150024,1082.5,1060.400024,1064,9480769
2/2/2026,1028.699951,1031.300049,990,1019.900024,14434549
2/3/2026,1064.199951,1089.800049,1040.300049,1087,16129381
2/4/2026,1068.199951,1073.900024,1056.300049,1064.199951,7312276
2/5/2026,1073.5,1081,1067.5,1068.199951,9551567
2/6/2026,1066.400024,1073.599976,1051,1070,7041557
2/9/2026,1146,1150,1100.5,1120,40852966
2/10/2026,1144.099976,1154,1138.099976,1151,17280036
2/11/2026,1182.900024,1187.5,1142.800049,1144.699951,29491859
2/12/2026,1192.400024,1203.699951,1174.800049,1183,33214985
2/13/2026,1198.599976,1201,1184.5,1189,18141390
2/16/2026,1208.099976,1212.300049,1185.300049,1194,14972739
2/17/2026,1213.400024,1225.5,1204.099976,1206.099976,20107196
2/18/2026,1218.900024,1224.099976,1214,1218.800049,10417264
2/19/2026,1205.699951,1224.900024,1199.199951,1222.900024,9630899
2/20/2026,1216.099976,1218,1201.800049,1206.199951,9958162
2/23/2026,1227.800049,1231.099976,1217.099976,1222,9733835
2/24/2026,1223.300049,1234.699951,1219.699951,1232,15788449
2/25/2026,1200.099976,1228.099976,1197.5,1228.099976,19581100
2/26/2026,1209.5,1215.400024,1188.900024,1201,16196052
2/27/2026,1201.699951,1211.800049,1198.599976,1207,10700355
3/2/2026,1189.900024,1197.300049,1179.400024,1185,16268877
