Date,Close,High,Low,Open,Volume
3/2/2016,917.1659546,921.576033,892.4059762,911.6878782,1527486
3/3/2016,938.6429443,945.7031255,910.1057682,923.9491849,2648284
3/4/2016,932.4725952,941.352137,929.3083864,941.352137,1512966
3/8/2016,931.1871948,936.2103574,911.3712969,926.3617953,1268152
3/9/2016,932.354248,937.1598533,907.7920294,925.9269465,2017784
3/10/2016,928.8139038,933.3822493,915.6230705,931.8792309,1661666
3/11/2016,935.5182495,945.6437578,923.5535832,925.531214,1530528
3/14/2016,931.4642944,948.4719227,925.5314008,934.2329781,1636742
3/15/2016,921.5362549,934.8259709,917.6601762,929.1106379,1623356
3/16/2016,920.4092407,922.3670761,912.43933,915.6431308,1918246
3/17/2016,930.2973633,934.1537435,922.3670441,923.1580965,2221088
3/18/2016,959.4869385,961.128333,933.4415086,933.4415086,3204070
3/21/2016,967.5559692,970.9970279,957.1734065,959.5465637,2336982
3/22/2016,978.1756592,982.8823813,963.699365,965.8747586,1951984
3/23/2016,978.4525146,984.0293749,971.9263338,984.0293749,2278434
3/28/2016,978.2940674,995.5983316,973.6071418,985.2553643,3320882
3/29/2016,976.7120361,983.653538,971.0164994,980.113599,1838796
3/30/2016,984.6625366,990.7931931,972.994513,977.3057102,2136504
3/31/2016,996.8443604,1008.591465,977.7997224,980.2322656,4363964
4/1/2016,970.581543,997.0620949,962.7502028,990.7929671,3041400
4/4/2016,977.4438477,984.0689096,967.85234,971.4120748,1752352
4/5/2016,974.0821533,982.8430201,965.8947803,977.2661586,1491794
4/6/2016,981.6567383,984.4650138,972.737697,976.9500137,1763150
4/7/2016,977.2658691,982.7636431,971.8075899,980.9046898,2390942
4/8/2016,961.9393311,978.4129555,959.9419048,975.3674237,1399500
4/11/2016,991.4453735,995.5391069,954.4043961,962.3149174,2400648
4/12/2016,995.9940186,998.703411,984.1085364,988.0242062,1303628
4/13/2016,999.1782837,1006.614196,993.759594,1000.681303,1601468
4/18/2016,996.6274414,1009.976455,965.0842175,970.2260596,7121504
4/20/2016,969.1777954,1002.619463,965.0840601,1002.619463,6405024
4/21/2016,958.9134521,975.9210747,954.088053,969.4344852,2525724
4/22/2016,956.0067749,963.2646239,950.9242238,956.7780318,1964126
4/25/2016,969.5338745,971.8279464,950.1728808,950.1728808,2267654
4/26/2016,984.7808838,986.244311,965.8747173,968.6433999,2554368
4/27/2016,993.2055664,994.5899077,979.2829713,980.9046668,1848670
4/28/2016,999.7910767,1004.636271,988.0637667,989.3294309,4992744
4/29/2016,1002.856506,1005.427426,992.77059,995.5392729,2372178
5/2/2016,999.3761597,1000.681416,988.8156281,1000.285889,1116692
5/3/2016,980.1533203,1000.681087,977.7405723,998.7034568,2153118
5/4/2016,980.1138916,986.4621062,971.8078417,978.4921956,1364892
5/5/2016,977.0684814,984.8405334,974.3986793,980.1140142,1246566
5/6/2016,978.2940674,982.6053592,961.5238019,974.9716873,885598
5/9/2016,993.7794189,995.9350175,971.5705639,978.2945096,1821276
5/10/2016,997.8731079,1002.243692,987.2334907,994.7484893,1158534
5/11/2016,996.0532837,998.9406432,984.859877,988.8151376,1598716
5/12/2016,1014.999329,1016.462756,996.943596,996.943596,1513082
5/13/2016,998.0704956,1014.919946,992.8297749,1014.52442,1621730
5/16/2016,1009.046448,1014.445437,997.7146628,1003.845318,1111526
5/17/2016,1016.581421,1024.907267,1009.382863,1014.208264,1756698
5/18/2016,1009.026978,1014.860989,999.1190264,1014.860989,1500740
5/19/2016,1011.34082,1012.547195,999.1388935,1010.569563,1038792
5/20/2016,1000.404236,1014.840939,997.8333161,1005.546075,1230918
5/23/2016,985.4336548,1006.970035,980.9839854,1006.218574,1533016
5/24/2016,976.039856,984.1679376,972.8361521,982.4869515,1339158
5/25/2016,999.2769165,1001.847836,981.3002742,981.3002742,1548678
5/26/2016,1008.077515,1014.485019,990.8326318,1000.681195,1943248
5/27/2016,1017.55072,1020.398587,1008.829442,1009.837957,1104676
5/30/2016,1042.764771,1044.959959,1021.248193,1021.643719,1349464
5/31/2016,1016.264893,1046.957762,1013.338038,1044.189079,3722608
6/1/2016,1041.637939,1046.166695,1016.897759,1016.976845,1911942
6/2/2016,1048.203491,1049.844983,1028.367895,1028.367895,1408756
6/3/2016,1040.05603,1051.308732,1036.476499,1048.698221,1554922
6/6/2016,1044.032349,1054.622533,1040.315774,1047.229385,1322026
6/7/2016,1051.484985,1054.622116,1044.23175,1044.631379,1202194
6/8/2016,1044.272339,1050.446598,1041.235114,1045.930763,938266
6/9/2016,1029.945068,1047.9883,1021.133219,1047.9883,1562138
6/10/2016,1021.353088,1040.33549,1020.334014,1025.449291,1396832
6/13/2016,1017.856506,1020.394193,1006.267249,1015.059099,1029978
6/14/2016,1013.000732,1022.631743,1006.366845,1022.631743,977570
6/15/2016,1021.792603,1025.009542,1007.865477,1011.062513,1270844
6/16/2016,1022.372192,1024.929782,1005.647658,1017.276916,1145070
6/17/2016,1040.075806,1043.033025,1022.65192,1022.65192,1878988
6/20/2016,1062.734741,1066.211498,1035.75975,1040.075768,1872838
6/21/2016,1059.497681,1065.012587,1055.581292,1064.413143,1027690
6/22/2016,1066.071533,1070.087829,1051.724874,1059.018112,1761712
6/23/2016,1057.159912,1062.81463,1049.147321,1061.016298,1397014
6/24/2016,1028.626465,1036.319334,1004.728598,1025.109705,3766586
6/27/2016,997.4154663,1017.856479,992.1402781,1017.856479,4272566
6/28/2016,984.6669312,1000.232478,982.4489683,997.4151687,4499524
6/29/2016,1000.232727,1004.06921,985.206715,989.083102,2531264
6/30/2016,1020.293823,1024.210113,999.2133732,1007.86531,5121812
7/1/2016,999.4135742,1024.889957,996.8159822,1023.850882,2197296
7/4/2016,996.7561035,1009.404439,991.880642,1005.468048,1883484
7/5/2016,993.1991577,997.8948041,989.9421189,996.755821,1559748
7/7/2016,971.0195923,995.8166175,969.1013515,994.1580969,3316800
7/8/2016,969.7410278,975.9152844,960.5095469,973.0978768,2456356
7/11/2016,984.7468262,987.8040499,969.9006318,971.0995201,1543632
7/12/2016,985.0664063,989.082701,973.43725,987.7639045,1465536
7/13/2016,996.3164063,998.7740888,979.5918716,990.2819614,2102300
7/14/2016,1007.825989,1010.663398,987.4848783,993.4793232,2699988
7/15/2016,977.2341919,1010.18363,969.7211366,1005.867611,8336366
7/18/2016,972.4787598,986.6856134,971.3398738,977.8937611,2598850
7/19/2016,985.5664063,988.2040004,970.1007617,970.1007617,2362896
7/20/2016,997.0557861,1000.073009,978.3531026,979.0924563,2815252
7/21/2016,1001.491516,1006.866513,984.8668901,994.8776285,2527148
7/22/2016,1005.108398,1008.665063,995.8769161,998.6343212,1517216
7/25/2016,1025.281616,1026.984442,1003.986312,1006.470415,1688796
7/26/2016,1022.73761,1028.907812,1014.884536,1025.281774,2311290
7/27/2016,1032.734009,1033.875845,1019.692345,1023.698994,1750510
7/28/2016,1049.441772,1053.568641,1032.533729,1033.916004,4632080
7/29/2016,1049.46167,1055.711984,1041.328152,1047.338126,2488084
8/1/2016,1085.101074,1091.812214,1054.550365,1054.550365,3961704
8/2/2016,1081.475098,1088.086071,1077.708885,1082.957539,2578162
8/3/2016,1064.286499,1081.394876,1061.381678,1076.18623,2294702
8/4/2016,1062.563477,1074.964038,1056.253003,1069.775446,1415416
8/5/2016,1061.401855,1075.505246,1054.550444,1071.338271,1868484
8/8/2016,1061.562012,1068.974315,1053.368431,1057.755694,2058244
8/9/2016,1061.842529,1065.688953,1033.255136,1064.967736,2261914
8/10/2016,1071.939331,1074.58376,1060.961147,1062.163142,2062078
8/11/2016,1085.761597,1087.805026,1067.99217,1067.99217,2233138
8/12/2016,1097.201294,1099.745556,1082.617124,1083.799066,2327358
8/16/2016,1078.469482,1097.821613,1071.317674,1097.020283,3183754
8/17/2016,1051.565063,1081.394545,1048.940689,1081.394545,1848566
8/18/2016,1057.174438,1064.787072,1053.788839,1055.752058,1292064
8/19/2016,1043.13147,1060.340014,1041.729142,1057.755744,2416244
8/22/2016,1021.175293,1039.505724,1016.207084,1036.921454,2265274
8/23/2016,1042.150024,1043.712579,1017.769513,1019.672672,1503374
8/24/2016,1030.53064,1042.530539,1029.328644,1037.642445,1116878
8/25/2016,1022.116882,1037.602552,1012.0802,1033.716119,1939690
8/26/2016,1011.659058,1030.73075,1008.553904,1025.622272,1250314
8/29/2016,1001.883118,1015.665958,988.340618,1015.665958,1488728
8/30/2016,1019.351624,1021.615439,1002.163137,1005.668956,1444026
8/31/2016,1006.190186,1021.695904,1002.003255,1021.695904,3231668
9/1/2016,1004.667664,1015.6659,996.4740825,1011.639197,1345736
9/2/2016,1007.592407,1009.435408,1000.079938,1006.470526,1742330
9/6/2016,995.2718506,1009.735797,993.6491379,1009.635631,2239066
9/7/2016,977.8427734,1001.542064,970.8110846,1001.542064,3854040
9/8/2016,930.3843384,945.5695044,915.4194598,945.5695044,7021516
9/9/2016,942.5443726,948.2337961,929.5628655,933.4292437,2742438
9/12/2016,945.1887817,947.1520011,931.145454,936.354099,2024454
9/14/2016,932.9282227,952.6209624,925.5359744,946.3705504,2069858
9/15/2016,932.3274536,938.3975874,928.24069,937.5360989,2818964
9/16/2016,946.2504272,951.9799558,929.5427178,936.2338031,4358004
9/19/2016,966.1835938,972.4139541,941.5627491,947.5727241,2802546
9/20/2016,964.2004395,968.3673168,955.7463678,966.0034322,1184552
9/21/2016,966.9650879,971.212177,961.8766608,964.6813164,1678020
9/22/2016,952.7811279,972.8143728,950.0165793,971.7125444,2857574
9/23/2016,960.835022,963.1388463,950.0370192,954.3842747,1800726
9/26/2016,962.0370483,969.2490204,959.592952,962.0370483,1753476
9/27/2016,976.0604248,980.828301,962.0371444,962.0371444,2038792
9/28/2016,970.8313599,976.6209496,967.6861004,974.0166271,1731328
9/29/2016,976.741333,984.2337503,969.4492483,975.6194512,3603958
9/30/2016,973.9364014,981.5490356,970.8513007,976.4405574,2175364
10/3/2016,966.2834473,984.6939785,962.0364583,981.6289313,1818880
10/4/2016,963.6593628,971.6326548,960.7946472,969.609277,1780718
10/5/2016,956.1268921,967.7661312,952.0200761,964.8012496,1176354
10/6/2016,957.0883179,962.5573548,950.6776792,959.5924736,2267572
10/7/2016,948.694458,956.7878702,944.8480355,956.7878702,1816512
10/10/2016,953.703186,956.3475171,943.586392,949.5362102,1202142
10/13/2016,933.1083984,949.5356585,929.9030794,946.891329,5173334
10/14/2016,948.0536499,956.3875028,917.9236568,927.5396183,7741214
10/17/2016,946.5509644,951.899881,939.3189419,949.1352339,2728346
10/18/2016,961.6762085,967.8865166,943.4860548,951.9801341,2128632
10/19/2016,959.6326904,965.6025592,949.6961798,961.9965746,1985058
10/20/2016,962.0565186,965.3420491,955.9864842,960.3536927,1265854
10/21/2016,973.0750122,974.3771735,960.8948353,961.5959991,1259660
10/24/2016,975.3045044,978.1970137,965.2007792,975.5053745,1253190
10/25/2016,963.553894,970.042058,956.5435462,966.1853123,1772466
10/26/2016,962.6703491,965.2816615,953.1290155,963.6144782,1437130
10/27/2016,971.4484253,976.0282263,950.3168427,956.0215363,2941602
10/28/2016,963.6540527,970.2426499,959.3554529,968.1937359,1752102
11/1/2016,944.0892334,964.0556967,937.7216136,964.0556967,2934776
11/2/2016,925.6294556,941.6789557,921.9936874,940.4737352,2325076
11/3/2016,931.8162231,938.0633024,917.7754237,921.5919554,1463310
11/4/2016,936.2757568,938.5254434,921.5921311,932.0373776,1183752
11/7/2016,914.7825317,942.0405452,907.9529484,939.2283638,2048052
11/8/2016,917.2531128,926.8145482,907.9327607,916.1483274,1933634
11/9/2016,871.7158203,913.9587538,860.8688373,875.7934432,4500226
11/10/2016,865.9310303,890.8590332,860.0455747,885.7569515,2172426
11/11/2016,844.116272,862.5562036,838.1102764,862.5562036,2398424
11/15/2016,852.2116699,866.774755,824.3308358,850.4439539,6290324
11/16/2016,879.6502686,887.403775,858.9204377,861.7728319,4019958
11/17/2016,858.5990601,887.2833667,855.7667723,877.8022595,2504688
11/18/2016,853.7382813,863.7415747,845.3418508,860.5276525,2140534
11/21/2016,856.871521,859.7239153,845.6630101,854.1798816,1793366
11/22/2016,857.715332,874.769184,852.512816,856.5101114,1318860
11/23/2016,866.2924194,868.9438456,854.5816351,863.3395901,1275808
11/24/2016,879.1882935,886.8816769,858.5187804,865.7098906,3026234
11/25/2016,924.1428833,926.9148508,880.6946324,888.649106,4276148
11/28/2016,917.0122681,931.8163364,904.6787648,921.5920674,1924296
11/29/2016,907.8724976,920.7884039,904.9397749,913.9588215,1442296
11/30/2016,914.3810425,921.8935666,900.8223072,909.9417925,3445832
12/1/2016,909.3188477,919.9850697,905.542529,914.7624471,1123052
12/2/2016,892.6068726,912.2720439,885.9178366,907.1297476,1998032
12/5/2016,878.2041016,899.0343707,871.7762582,895.4789306,2249526
12/6/2016,876.7379761,885.4155076,871.7362309,879.8112501,1593444
12/7/2016,865.569519,877.5815139,861.9939718,876.6775983,2065706
12/8/2016,882.1211548,883.4268106,867.7589408,867.959811,3239546
12/9/2016,881.9203491,891.8232078,873.1021696,885.8373168,1588718
12/12/2016,887.1229858,890.8994038,868.9643424,881.7397046,1311758
12/13/2016,883.9490967,891.0598795,876.9989707,891.0598795,2147534
12/14/2016,886.8815918,893.7512895,879.4091858,889.4526895,1870366
12/15/2016,907.6514893,912.7937825,884.6317603,884.6317603,4295410
12/16/2016,917.0322876,919.9851175,904.7189889,914.7624946,1987230
12/19/2016,919.5432739,923.078608,908.4553012,915.9678247,1334210
12/20/2016,939.7909546,942.0808543,918.8000272,920.7886218,2922760
12/21/2016,929.4660645,941.5985976,926.2521432,941.5985976,2034902
12/22/2016,927.0958252,934.0459502,918.458411,926.4128865,1868300
12/23/2016,919.2218018,931.1333596,915.4855982,924.002471,1118954
12/26/2016,921.2304688,924.6452604,910.3432704,910.3432704,897408
12/27/2016,933.4032593,936.0547842,916.570382,916.570382,1294692
12/28/2016,929.385376,944.0488875,925.2675405,934.7285382,1350418
12/29/2016,944.7727051,948.0669561,925.2079708,925.2079708,1963516
12/30/2016,950.3364868,955.5792157,942.3417985,946.0578951,1405748
1/2/2017,948.649292,954.1732199,945.0536386,950.7584281,823132
1/3/2017,951.4213867,952.807371,941.3979867,948.6092049,1475324
1/4/2017,955.9408569,959.6971672,947.4239839,952.0037831,1420066
1/5/2017,937.8223267,960.1390154,932.1979636,957.7486807,2216404
1/6/2017,916.5299072,935.7934252,906.7677004,932.4388558,3009896
1/9/2017,925.4889526,928.5422176,906.7277034,913.9590276,1854578
1/10/2017,930.1693115,935.9744384,920.5877675,925.6095205,1533914
1/11/2017,933.8049316,935.8940593,916.0480335,930.0286128,1931296
1/12/2017,941.8199463,948.107143,925.6096854,933.8051485,2570374
1/13/2017,903.6345215,947.283568,899.0346144,943.2862715,10235580
1/16/2017,907.3502808,913.5169335,895.0770989,903.9153827,3364808
1/17/2017,915.4655151,919.1012837,905.0403762,905.8839718,3009956
1/18/2017,922.0339966,923.199004,910.1223405,915.1641997,3136574
1/19/2017,920.3869629,922.0541458,917.1529341,921.993924,2251676
1/20/2017,918.1169434,924.0023977,909.9414916,918.7797754,2037246
1/23/2017,929.3374023,932.0770477,910.4420825,912.5370706,2318546
1/24/2017,934.0311279,935.9045091,922.6092664,928.2496724,2282638
1/25/2017,947.9909668,950.8111694,933.9101177,935.743269,4111648
1/27/2017,949.9245605,958.365002,944.7877644,944.7877644,2871658
1/30/2017,939.8927612,947.5677596,933.9501924,943.1561774,2577956
1/31/2017,898.3554077,939.5505097,886.3695467,934.6957127,4666804
2/1/2017,873.416748,902.4447116,868.4411637,894.4071535,4864152
2/2/2017,889.4313965,894.0041927,867.413712,874.2829392,6009482
2/3/2017,899.4634399,903.6735803,882.7235017,890.2574526,2153372
2/6/2017,902.7668457,909.9180725,892.3723668,909.7166295,2408910
2/7/2017,904.3179321,907.54102,896.8242134,904.0761612,1814638
2/8/2017,914.9342651,919.6279477,904.0966673,904.4390615,2212584
2/9/2017,933.6079102,937.9187714,914.6319369,916.5658097,4033202
2/10/2017,966.100708,976.7771897,931.0697811,931.0697811,5782160
2/13/2017,972.6676636,978.6102329,959.8156377,965.314993,3819812
2/14/2017,969.4447632,974.8433981,966.1209526,974.8433981,2033328
2/15/2017,972.446228,978.2075193,956.8948825,965.7180494,1924972
2/16/2017,986.1646729,998.3519801,981.269645,991.1000287,4175680
2/17/2017,970.1094971,997.3849674,967.7325082,995.934538,2723324
2/20/2017,1008.101807,1029.374217,970.1902751,976.9990124,3973948
2/21/2017,993.2553101,1017.649985,989.1457931,1012.85568,5501112
2/22/2017,971.5598755,995.1287134,966.9870787,993.476841,4505496
2/23/2017,999.8826294,1004.495655,972.9698213,972.9698213,4853352
2/27/2017,1003.125732,1008.020758,995.1485701,998.794708,2139892
2/28/2017,993.6177979,1003.186342,987.070899,1002.984899,2354828
3/1/2017,998.9765015,1007.980949,995.1289186,999.1174526,1130374
3/2/2017,1007.799438,1011.244134,995.148854,1001.856868,1544942
3/3/2017,1004.817993,1007.09426,997.3041092,1003.992057,1013970
3/6/2017,996.1358643,1000.769054,988.9040786,999.15751,1400694
3/7/2017,1007.134583,1009.22957,997.1631526,1000.325749,1511672
3/8/2017,1012.130371,1015.272902,1004.07265,1008.020953,1791510
3/9/2017,1015.172668,1016.884935,1008.847374,1012.916466,858468
3/10/2017,1024.236938,1027.178026,1012.835245,1015.11161,1171420
3/14/2017,1034.410034,1042.326706,1027.782578,1030.099173,3402294
3/15/2017,1006.530334,1036.283413,1004.737511,1036.22302,3022496
3/16/2017,1015.635681,1018.093326,1009.632717,1009.632717,1571818
3/17/2017,1017.589355,1025.747797,1011.143179,1025.747797,2593152
3/20/2017,999.1573486,1017.669942,993.5169442,1017.669942,3487540
3/21/2017,1001.857117,1003.992433,993.1145056,999.9635712,3373700
3/22/2017,998.734436,1005.603663,995.1084613,999.2178797,1888716
3/23/2017,991.2410278,1001.192297,985.9430157,999.9634741,2620638
3/24/2017,977.8851929,995.0481813,976.3139763,995.0481813,5099814
3/27/2017,971.781189,983.0418329,969.343709,977.784151,2181270
3/28/2017,978.9928589,984.4116562,970.9553025,970.9553025,1153158
3/29/2017,984.8955688,987.3934434,977.2407316,981.4307084,1717764
3/30/2017,983.4452515,993.1145206,981.0279342,985.0164684,2986086
3/31/2017,979.7380371,983.3841745,972.9695337,982.3970253,1867044
4/3/2017,971.6401367,981.0274001,970.2300357,981.0274001,1196888
4/5/2017,967.4300537,974.9438386,964.9120161,974.9438386,2905568
4/6/2017,966.9468384,970.9555355,963.9251925,966.9266744,1720704
4/7/2017,978.6303101,980.3224117,963.7637569,964.8716934,2277012
4/10/2017,975.8909302,986.6681342,968.9411444,979.81907,2543264
4/11/2017,974.7025146,984.291225,969.344109,973.8967423,1557784
4/12/2017,964.2068481,978.2071356,960.077267,975.9912628,1050538
4/13/2017,938.180603,970.5525379,935.1187279,966.9265633,2500472
4/17/2017,932.6209106,939.8929259,924.6839759,938.8857107,2270882
4/18/2017,930.1836548,940.4169247,927.464173,938.7248223,1730620
4/19/2017,926.2954712,946.2584957,907.6217608,911.9326221,5626812
4/20/2017,936.9116821,939.5304419,922.9919469,928.7734021,1268842
4/21/2017,930.9891357,941.0007954,927.0408326,938.3619704,1161154
4/24/2017,937.9593506,942.6126073,919.5877015,926.6382096,2000020
4/25/2017,931.2712402,944.5463178,927.7258228,937.918861,3148710
4/26/2017,930.8076782,944.3445884,927.8665908,942.7532084,2187438
4/27/2017,927.7059326,937.8385803,917.6337769,929.0758048,5773186
4/28/2017,915.8203125,926.1342339,913.7454889,924.2205253,2540510
5/2/2017,922.5689087,927.4438702,918.5803754,924.2207812,2382696
5/3/2017,941.6657715,944.767975,913.9471861,924.6236685,3514406
5/4/2017,938.7648315,946.7822247,930.1833389,946.7620607,2708208
5/5/2017,934.8970947,939.7317274,927.6451457,929.861019,1682474
5/8/2017,943.7405396,945.7348061,933.7691084,935.0986522,1071782
5/9/2017,947.8096313,951.2139989,939.7519101,944.3447718,1790270
5/10/2017,939.711792,949.2601742,933.0843344,948.7968945,1206388
5/11/2017,946.5608521,950.8113206,935.8038114,945.6946862,2071302
5/12/2017,951.072998,954.7996943,934.715882,944.0829835,2314446
5/15/2017,952.8660889,958.043117,943.3982642,956.8949504,1817604
5/16/2017,978.6705322,981.0274548,956.2298007,958.8687238,3601026
5/17/2017,989.2263184,991.4018637,976.1929151,980.4232187,2876198
5/18/2017,1021.799866,1036.22321,983.9487304,987.0710982,5138594
5/19/2017,1010.096191,1023.552651,1001.575187,1021.800056,1786044
5/22/2017,1019.84552,1028.870127,1011.243865,1011.243865,1663940
5/23/2017,1015.957703,1033.060195,1012.8555,1020.590892,2748596
5/24/2017,1031.046021,1035.417374,1019.160879,1021.235802,2534548
5/25/2017,1057.414917,1062.632272,1034.611524,1038.237499,4094094
5/26/2017,1038.740845,1058.321144,1033.261556,1057.575766,1362550
5/29/2017,1036.565552,1046.093769,1032.99997,1039.043262,1749290
5/30/2017,1027.802612,1037.814271,1017.287247,1031.388259,927634
5/31/2017,1025.989624,1036.424333,1018.495904,1020.510335,2502730
6/1/2017,1028.809937,1032.999912,1019.301786,1019.301786,1080064
6/2/2017,1033.362793,1044.220655,1028.367043,1029.877867,1355648
6/5/2017,1049.095459,1055.521474,1031.449024,1033.403062,1500188
6/6/2017,1086.181152,1091.398509,1059.590664,1059.99355,5946720
6/7/2017,1053.647827,1087.792423,1038.056155,1086.583764,4927776
6/8/2017,1015.917908,1049.498414,1013.460262,1046.698375,3330714
6/9/2017,1010.035461,1026.312021,1001.574853,1015.272981,3148034
6/12/2017,1002.058289,1012.412442,995.2897824,1006.006592,1626506
6/13/2017,998.7380981,1010.776506,996.8844517,1004.21748,1175414
6/14/2017,1006.335571,1008.698455,1000.143258,1000.143258,1489142
6/15/2017,982.3000488,1006.132395,979.7742474,1005.847242,2997198
6/16/2017,977.6149292,991.9958332,972.2373947,983.8276341,2450426
6/19/2017,990.6513062,996.6196357,979.8350702,984.6219078,1644742
6/20/2017,996.0698242,997.6993863,969.7116774,990.3663569,1670958
6/21/2017,980.3036499,994.9085377,976.5963571,994.032688,1657818
6/22/2017,975.6390381,990.3661628,971.6262025,981.403573,5775882
6/23/2017,962.1340942,983.4202472,958.9972074,977.4926957,1424756
6/27/2017,954.4545288,971.5037554,949.8713873,957.611804,1974330
6/28/2017,957.3880615,960.6267961,951.2568146,957.3268933,1789726
6/29/2017,950.5437012,966.3504694,946.4087282,961.0340045,2471826
6/30/2017,962.3989258,968.3671564,946.4088497,946.9383777,1753848
7/3/2017,966.9816284,970.8314468,954.5562246,960.3818262,1475956
7/4/2017,964.2322998,969.7727512,957.3881191,966.8599488,1215134
7/5/2017,959.8120117,963.4785262,955.3307162,961.767506,815856
7/6/2017,956.3693237,962.2153161,953.3342852,961.0339238,1026788
7/7/2017,950.0141602,959.9952264,947.3865116,957.3675778,1232090
7/10/2017,991.9752197,996.0287343,969.1613577,980.1812877,783608
7/11/2017,1008.617065,1024.505289,988.3290058,988.3290058,3537504
7/12/2017,993.8084106,1011.672518,989.9993704,1011.346586,2646450
7/13/2017,996.6398926,1007.069127,988.5736418,996.0695858,3131960
7/14/2017,976.6982422,987.9218693,967.5523462,970.8114699,4508432
7/17/2017,975.8833008,986.7403145,970.4853781,976.7999292,2211822
7/18/2017,981.1390991,995.2551423,976.1688547,976.1688547,1908002
7/19/2017,997.9438477,1002.180669,983.8888749,984.0517913,3915576
7/20/2017,995.9474487,1000.917593,990.162524,997.8010952,1182504
7/21/2017,1014.891235,1018.476292,991.8126024,991.9551294,2148416
7/24/2017,1033.888062,1037.687488,1013.992262,1013.992262,2271402
7/25/2017,1050.556396,1054.028973,1028.86297,1031.865766,2678832
7/26/2017,1044.224121,1051.98635,1040.547276,1045.858275,1459826
7/27/2017,1013.869995,1055.990355,1007.66023,1038.586575,4255304
7/28/2017,1014.932007,1018.506718,997.6508119,1013.58381,1382752
7/31/2017,1017.995911,1029.108134,1006.229986,1009.498293,2019662
8/1/2017,1022.020325,1029.82345,1017.669429,1021.346276,1747460
8/2/2017,1010.642517,1024.614513,1005.821743,1021.346205,1251024
8/3/2017,1017.035706,1022.162881,1007.639324,1013.175038,1882548
8/4/2017,1030.661011,1032.907973,1016.44385,1017.587778,1387890
8/7/2017,1022.75531,1029.51664,1013.665332,1028.086755,1885520
8/8/2017,1022.592102,1033.030279,1019.834468,1026.248501,1073958
8/9/2017,1026.248413,1030.681094,1018.608765,1021.345953,992946
8/10/2017,1026.024048,1029.762235,1015.769791,1025.023148,1526172
8/11/2017,1019.732544,1035.645099,1014.401097,1021.305357,1394736
8/14/2017,1008.844788,1025.390594,1006.230181,1022.571719,786504
8/16/2017,1018.220886,1039.24017,1007.129007,1014.80955,1373340
8/17/2017,1015.483643,1023.388902,1005.862641,1021.632167,1752374
8/18/2017,1026.983887,1041.732064,1009.661798,1010.724038,2837356
8/21/2017,1033.112305,1041.364763,1019.017725,1023.593337,2304834
8/22/2017,1020.34491,1037.483072,1018.077502,1030.74219,1131326
8/23/2017,1017.035706,1028.209269,1010.376511,1023.388496,1562272
8/24/2017,1019.957031,1028.679266,1015.687725,1020.406364,1623908
8/28/2017,1016.157776,1023.552262,1005.413194,1023.225511,2036796
8/29/2017,1009.437134,1019.711835,1006.618159,1013.992297,1312602
8/30/2017,1015.034058,1017.260572,1005.045314,1013.583726,970782
8/31/2017,1019.85437,1023.143023,1007.720706,1015.217422,1784664
9/1/2017,1003.554077,1020.549314,995.4242033,1013.175176,1702330
9/4/2017,1003.451904,1005.412908,996.0165261,1002.185495,1062544
9/5/2017,1014.952637,1017.260839,995.6287462,1005.004685,1165994
9/6/2017,1002.226196,1011.071111,1000.918894,1008.333824,1228764
9/7/2017,1005.044861,1008.435648,1001.34757,1004.186891,870636
9/8/2017,1009.3349,1010.72389,1001.960763,1002.450989,1021134
9/11/2017,1002.737061,1014.380405,1000.919085,1009.580079,732764
9/12/2017,1016.627197,1020.12022,1003.778687,1010.682945,1396460
9/13/2017,1016.933716,1034.27615,1011.214178,1021.34595,1278980
9/14/2017,1016.014648,1020.365643,1009.866125,1013.992403,1081510
9/15/2017,1023.817688,1028.291164,1015.217935,1020.937472,2944072
9/18/2017,1020.957825,1029.087698,1016.954129,1023.368161,726600
9/19/2017,1020.631348,1023.388983,1017.873713,1023.388983,782754
9/20/2017,1018.710754,1027.065343,1010.846392,1027.065343,1334642
9/21/2017,1031.518799,1038.096308,1013.17546,1017.689831,2438740
9/22/2017,1022.816956,1032.335822,1018.077869,1029.476053,2435396
9/25/2017,1025.737793,1035.236311,1018.384102,1019.936568,1599558
9/26/2017,1010.989624,1032.131489,1007.455806,1025.431498,1449230
9/27/2017,1019.303162,1026.330001,1010.621722,1017.26047,2010356
9/28/2017,1011.724548,1027.06518,1001.735808,1019.180372,4332866
9/29/2017,995.1789551,1014.809242,989.275596,1012.766551,1985014
10/3/2017,1000.285767,1002.675756,991.5430853,996.8336373,1923006
10/4/2017,997.7731934,1002.553072,990.7054602,1000.755543,1300778
10/5/2017,992.5848999,998.2430967,990.4604205,997.2421976,1684686
10/6/2017,999.5502319,1002.961567,991.9514791,992.7481089,1389188
10/9/2017,1002.59375,1008.251945,997.2623059,997.2623059,1773616
10/10/2017,1004.698059,1009.0694,1001.429752,1002.961771,1222010
10/11/2017,1021.48877,1027.2491,1003.67646,1005.004209,1527746
10/12/2017,1041.037964,1043.816046,1024.206195,1026.657426,5006356
10/13/2017,1045.286743,1065.856599,1030.742731,1041.037883,4066320
10/16/2017,1055.826538,1058.114393,1043.835997,1043.835997,1218590
10/17/2017,1059.973511,1068.307656,1053.028357,1056.071948,1443016
10/18/2017,1056.725464,1067.776348,1054.029071,1060.157147,1514144
10/19/2017,1055.622803,1060.484472,1050.352695,1058.932005,86822
10/23/2017,1057.256714,1074.047686,1040.731352,1055.663454,1886088
10/24/2017,1053.375366,1070.738248,1049.555592,1070.370603,1339020
10/25/2017,1048.664551,1070.826689,1046.657303,1056.284092,1105106
10/26/2017,1040.041626,1052.453961,1031.459365,1038.505436,3007552
10/27/2017,1058.65979,1062.285137,1036.538663,1039.692952,1409270
10/30/2017,1071.727295,1073.283986,1057.594357,1059.355874,1137252
10/31/2017,1074.923218,1081.477628,1065.624169,1065.624169,1592634
11/1/2017,1066.258789,1076.090401,1056.427178,1074.922857,741882
11/2/2017,1075.803833,1095.405653,1067.856652,1068.57354,1468422
11/3/2017,1073.325562,1080.125701,1066.238586,1078.364184,666886
11/6/2017,1091.944458,1094.504775,1069.90523,1073.284848,1377000
11/7/2017,1110.173584,1133.912815,1092.148958,1093.767058,2696892
11/8/2017,1120.394165,1130.225777,1113.532519,1115.478359,1402252
11/9/2017,1120.967773,1126.539061,1113.962809,1126.539061,1152432
11/10/2017,1109.640991,1116.707464,1103.332412,1115.150771,1356566
11/13/2017,1130.205811,1137.763846,1106.896725,1106.896725,1496996
11/14/2017,1112.037109,1129.221925,1109.128551,1129.221925,1657252
11/15/2017,1108.227905,1128.587522,1106.609805,1108.514641,6670834
11/16/2017,1125.166504,1131.86433,1100.710389,1110.152853,1653482
11/17/2017,1109.046875,1125.760636,1107.531188,1125.760636,1325464
11/20/2017,1107.469849,1117.076135,1104.131236,1112.201333,1014498
11/21/2017,1094.975464,1106.466182,1092.128412,1106.466182,1527740
11/22/2017,1098.129517,1110.029883,1094.7499,1094.99573,1822624
11/23/2017,1098.37561,1103.189005,1093.357391,1098.273198,793470
11/24/2017,1101.160767,1107.244015,1095.036513,1098.682362,2287512
11/27/2017,1100.260132,1104.37704,1090.571835,1101.140841,1856786
11/28/2017,1100.034424,1107.039387,1093.766752,1100.321159,911716
11/29/2017,1088.912598,1103.18896,1085.573986,1096.839376,1447532
11/30/2017,1080.248657,1092.517673,1074.513549,1087.0693,4299962
12/1/2017,1077.360596,1092.947821,1073.899068,1079.429351,1031144
12/4/2017,1078.34314,1089.055456,1066.299359,1074.103219,1259104
12/5/2017,1079.654785,1086.270603,1076.62331,1077.790855,1167914
12/6/2017,1078.732666,1083.525557,1070.355333,1079.838702,1407518
12/7/2017,1072.157959,1083.91491,1071.236245,1078.32322,1326300
12/8/2017,1065.705811,1083.525608,1063.862383,1072.465044,1385548
12/11/2017,1090.121338,1094.852723,1068.512267,1068.512267,1008002
12/12/2017,1070.068726,1090.489847,1068.122885,1090.080196,1882246
12/13/2017,1076.725342,1086.167806,1065.500958,1069.761283,2961458
12/14/2017,1047.804443,1078.200501,1036.866791,1078.200501,5504150
12/15/2017,1042.806763,1058.721631,1039.222319,1050.241882,2718138
12/18/2017,1057.103271,1060.564799,1021.811916,1039.283472,2180664
12/19/2017,1054.973022,1064.190159,1050.630687,1055.259758,1801952
12/20/2017,1060.564819,1062.121511,1044.875183,1057.717768,1577570
12/21/2017,1063.330078,1068.368801,1056.919086,1059.766138,1293648
12/22/2017,1084.242554,1091.26802,1061.076796,1066.729993,3665664
12/26/2017,1085.348511,1101.857446,1078.036309,1100.321257,2175786
12/27/2017,1073.243286,1089.055835,1069.392612,1085.348478,739284
12/28/2017,1076.131592,1087.007835,1067.406014,1068.696474,2605088
12/29/2017,1106.547974,1109.702263,1072.690398,1074.554328,2609542
1/1/2018,1083.771484,1103.92627,1079.429149,1098.805639,1351760
1/2/2018,1077.872803,1093.603448,1073.366645,1089.670762,1920290
1/3/2018,1080.924683,1093.35762,1077.872805,1078.200546,1257120
1/4/2018,1088.482544,1090.489792,1081.477479,1085.573985,913082
1/5/2018,1101.632202,1105.851623,1085.573921,1085.573921,1153706
1/8/2018,1111.9552,1117.055429,1098.621157,1106.056273,1242220
1/9/2018,1109.74353,1114.659338,1096.450388,1112.201434,2149396
1/10/2018,1149.725464,1153.57614,1103.864997,1110.562825,3365850
1/11/2018,1143.129761,1155.992747,1139.729641,1151.117946,2520744
1/12/2018,1137.33374,1149.070193,1122.668225,1149.070193,3360314
1/15/2018,1124.941406,1150.298735,1120.414748,1137.660976,1457214
1/16/2018,1167.852295,1172.276441,1126.764325,1128.996901,4267752
1/17/2018,1183.459839,1198.22776,1172.481185,1175.696982,4280806
1/18/2018,1195.442383,1201.505232,1174.898445,1186.75781,2209478
1/19/2018,1212.279053,1221.578101,1189.481937,1200.501598,1820000
1/22/2018,1279.661743,1287.176142,1199.836905,1215.851155,4367110
1/23/2018,1273.748779,1290.317408,1268.841869,1279.066311,3239610
1/24/2018,1303.560181,1338.237176,1265.803421,1268.821532,5621538
1/25/2018,1281.571289,1305.695322,1265.125865,1303.724317,3833844
1/29/2018,1313.518066,1324.25579,1281.961729,1285.821536,3141060
1/30/2018,1294.629272,1315.550438,1290.872022,1305.777617,1574758
1/31/2018,1277.999146,1293.45902,1272.353094,1288.120936,3043214
2/1/2018,1288.777832,1309.883756,1268.328843,1282.782713,2400630
2/2/2018,1294.957397,1309.88354,1274.344203,1281.140014,2456490
2/5/2018,1274.241699,1309.062452,1263.421874,1277.033948,2757742
2/6/2018,1230.736084,1263.544723,1225.705967,1235.971511,2657306
2/7/2018,1213.408203,1244.594915,1210.287437,1242.952427,2180324
2/8/2018,1221.271484,1243.198751,1215.030052,1223.550456,2755004
2/9/2018,1220.244873,1229.40176,1189.427685,1211.334399,2102458
2/12/2018,1218.438232,1241.453607,1213.613426,1222.955073,1974562
2/14/2018,1195.648682,1221.3741,1187.72366,1219.546852,2847532
2/15/2018,1201.417725,1208.459848,1192.897323,1203.922457,2465236
2/16/2018,1204.374512,1231.701418,1200.247742,1200.247742,2515756
2/19/2018,1200.494263,1212.689713,1188.83254,1209.281532,1568224
2/20/2018,1209.178467,1225.726544,1202.25945,1202.300552,1889068
2/21/2018,1249.234863,1257.570507,1215.461216,1221.189371,3089228
2/22/2018,1252.478638,1264.304566,1241.104433,1253.217777,3463010
2/23/2018,1262.990723,1268.410911,1228.621693,1252.396659,3362500
2/26/2018,1244.882202,1268.800924,1240.570673,1262.662148,1363882
2/27/2018,1249.255249,1264.119738,1245.005273,1248.70087,1717800
2/28/2018,1246.257568,1258.124497,1240.673072,1246.237017,2706864
3/1/2018,1247.346069,1256.995684,1240.078082,1251.986117,1718124
3/5/2018,1275.329712,1278.532482,1245.395324,1251.985823,2858168
3/6/2018,1249.440063,1284.0144,1244.245637,1281.961291,1906764
3/7/2018,1243.137085,1268.41088,1239.462039,1260.609065,1917772
3/8/2018,1233.487549,1254.408713,1226.732839,1254.408713,1951826
3/9/2018,1245.867798,1257.816834,1222.503354,1233.918662,1872436
3/12/2018,1253.279663,1266.316909,1246.442848,1249.522513,2091340
3/13/2018,1185.383423,1207.105283,1179.306198,1201.028058,88067154
3/14/2018,1185.424316,1200.268358,1180.558507,1187.908599,3668668
3/15/2018,1178.361694,1191.850664,1172.571985,1188.750449,2348906
3/16/2018,1160.293823,1179.30563,1151.793973,1177.99166,7197482
3/19/2018,1162.470337,1169.450908,1157.953497,1161.649093,3489940
3/20/2018,1176.370117,1179.79875,1157.543064,1157.953686,4024984
3/21/2018,1173.044067,1184.35672,1170.27237,1179.511362,3907678
3/22/2018,1162.614258,1180.927933,1159.000765,1174.357983,2326094
3/23/2018,1157.193726,1163.743223,1148.940288,1150.562224,3654122
3/26/2018,1156.72168,1160.992107,1142.165156,1157.542923,2964210
3/27/2018,1169.327637,1175.61017,1159.20585,1160.006542,2494574
3/28/2018,1169.922974,1180.537586,1160.006498,1164.482235,6865654
4/2/2018,1194.765747,1196.551992,1166.165977,1166.165977,1662988
4/3/2018,1195.422607,1203.080663,1187.559241,1187.559241,1937290
4/4/2018,1195.278931,1204.764334,1187.518219,1202.895985,2841820
4/5/2018,1214.599365,1216.980993,1199.160038,1201.705874,1809424
4/6/2018,1211.45752,1215.440531,1201.705252,1212.9768,1129018
4/9/2018,1200.617432,1216.8781,1196.962937,1207.105278,1235866
4/10/2018,1206.242798,1214.311477,1201.356338,1201.356338,1184532
4/11/2018,1237.675903,1242.131191,1209.527854,1211.580963,3124416
4/12/2018,1289.0448,1293.458985,1235.130124,1235.971919,6114360
4/13/2018,1294.813721,1330.743128,1286.108559,1293.458649,8179118
4/16/2018,1308.918701,1313.96937,1277.341921,1279.497686,6270274
4/17/2018,1300.274902,1311.915969,1292.30878,1308.91841,3301724
4/18/2018,1297.195313,1311.300111,1291.754574,1300.028563,2433066
4/19/2018,1310.355957,1321.052677,1299.926202,1305.736461,4820952
4/20/2018,1397.120239,1405.291674,1330.414742,1334.520961,18465662
4/23/2018,1399.665894,1460.951194,1391.823078,1405.968978,15185910
4/24/2018,1390.221802,1413.832558,1372.503509,1400.220484,8314336
4/25/2018,1424.960449,1430.195878,1381.763051,1389.954937,8196574
4/26/2018,1453.293091,1461.813492,1423.625668,1423.625668,12135034
4/27/2018,1417.446045,1455.243805,1404.326697,1447.44199,4501330
4/30/2018,1450.357544,1457.297013,1411.553777,1417.446141,3458558
5/2/2018,1437.073853,1450.398512,1425.391681,1449.700475,3158046
5/3/2018,1429.723755,1447.85267,1425.022054,1441.200616,3761550
5/4/2018,1429.271851,1435.944455,1424.857666,1433.891346,2347244
5/7/2018,1404.717041,1433.070505,1400.590271,1433.070505,3484426
5/8/2018,1413.031982,1431.633173,1394.759309,1410.36294,2992820
5/9/2018,1432.782471,1435.020339,1412.620903,1412.620903,2615050
5/10/2018,1417.158813,1441.755025,1412.621421,1438.387945,3858678
5/11/2018,1419.499146,1431.017108,1413.56568,1418.369935,2627876
5/14/2018,1409.890625,1425.268393,1400.548978,1419.519687,2433894
5/15/2018,1429.949341,1435.451733,1409.952079,1416.645234,1952890
5/16/2018,1434.671753,1440.872183,1427.013695,1428.943598,1648450
5/17/2018,1433.809326,1450.788479,1427.321481,1442.493938,2968048
5/18/2018,1438.018188,1444.44438,1419.930277,1429.292475,1874996
5/21/2018,1460.47937,1474.953791,1444.588323,1448.961406,3446178
5/22/2018,1440.830688,1467.952276,1434.589258,1460.992257,1857416
5/23/2018,1435.164673,1455.654666,1429.374864,1447.442228,1507298
5/24/2018,1479.758057,1484.398104,1438.141589,1441.282806,2962316
5/25/2018,1472.407715,1508.953056,1466.966976,1488.50407,3769772
5/28/2018,1438.018188,1485.013837,1431.427688,1485.013837,3716798
5/29/2018,1446.826294,1455.244043,1432.249216,1449.454234,3525312
5/30/2018,1442.966431,1450.727144,1429.990739,1440.89277,3779106
5/31/2018,1441.724365,1456.62976,1429.344546,1435.886378,5049371
6/1/2018,1434.602417,1455.345793,1421.22905,1452.447522,1603856
6/4/2018,1444.373779,1448.307146,1418.165113,1444.994837,1681483
6/5/2018,1425.618286,1450.709076,1416.964916,1444.167243,2449568
6/6/2018,1429.054565,1436.631494,1420.318308,1426.777353,2236512
6/7/2018,1437.1698,1448.307401,1427.43989,1428.433543,2414762
6/8/2018,1446.734009,1455.180459,1436.714292,1436.714292,2582138
6/11/2018,1448.886719,1459.900187,1443.338642,1446.733738,2179378
6/12/2018,1474.80603,1478.11834,1451.61986,1454.93217,4608875
6/13/2018,1510.49585,1516.747874,1488.883051,1503.788443,5370983
6/14/2018,1480.229858,1517.286324,1477.290143,1515.381705,3819998
6/15/2018,1523.703735,1529.54162,1481.099096,1490.539198,9183574
6/18/2018,1514.553467,1546.807039,1508.881157,1546.807039,4674987
6/19/2018,1510.826782,1522.833901,1507.928512,1508.880821,3245034
6/20/2018,1509.129761,1520.598715,1505.941683,1517.037941,3107695
6/21/2018,1506.5625,1517.037699,1505.113365,1517.037699,2910659
6/22/2018,1498.654419,1512.897309,1490.166626,1512.897309,2949458
6/25/2018,1506.479736,1509.046756,1495.507711,1500.393388,2083217
6/26/2018,1533.599121,1541.051817,1507.928725,1509.58488,4679712
6/27/2018,1538.567871,1561.050194,1532.978348,1540.224026,4081208
6/28/2018,1525.898071,1549.3327,1512.317684,1544.364236,4888125
6/29/2018,1530.079956,1546.351697,1525.566975,1527.719956,3506276
7/2/2018,1533.060791,1538.40195,1524.572999,1533.599061,2650290
7/3/2018,1551.858398,1556.702631,1537.781083,1540.182427,3242233
7/4/2018,1545.31665,1556.702715,1537.863954,1556.702715,2700614
7/5/2018,1557.033936,1562.996052,1541.962867,1550.98893,2472571
7/6/2018,1584.070557,1590.73662,1558.151796,1559.145448,3713781
7/9/2018,1559.269531,1593.551951,1553.887029,1593.2207,6151747
7/10/2018,1552.727905,1572.436188,1549.125789,1571.690898,5303302
7/11/2018,1639.510376,1654.498556,1568.502743,1573.346975,22903802
7/12/2018,1632.430298,1648.619251,1623.445679,1642.905497,6921701
7/13/2018,1640.503784,1654.415522,1634.624456,1635.452533,4148185
7/16/2018,1647.211548,1652.842515,1637.481638,1647.87405,2582159
7/17/2018,1661.275513,1666.959251,1643.726369,1650.364336,3315492
7/18/2018,1659.69873,1669.199278,1653.724602,1663.640022,2013869
7/19/2018,1644.058472,1668.162528,1634.599349,1661.234171,1746318
7/20/2018,1656.670776,1659.491933,1646.215997,1646.962789,1934995
7/23/2018,1664.179932,1667.747778,1647.875404,1660.321593,2086201
7/24/2018,1658.661987,1671.937921,1646.340281,1671.937921,2038423
7/25/2018,1644.141113,1661.1509,1633.271465,1661.067946,1535492
7/26/2018,1630.201904,1647.045788,1622.236363,1638.706801,3503036
7/27/2018,1612.818115,1630.15982,1609.955533,1627.006746,2033977
7/30/2018,1613.523804,1621.904217,1602.695681,1612.196231,1579251
7/31/2018,1609.872559,1615.51487,1599.749702,1611.366141,2204803
8/1/2018,1639.992798,1644.183055,1617.838622,1617.963003,2425180
8/2/2018,1616.67688,1647.045559,1613.855724,1642.896829,1509287
8/3/2018,1642.440552,1644.597972,1623.397923,1623.397923,1505131
8/6/2018,1639.20459,1658.620563,1636.466388,1657.002599,1532249
8/7/2018,1632.400635,1642.191677,1626.716895,1641.403358,1353521
8/8/2018,1637.918457,1641.486405,1627.961506,1636.258965,1315062
8/9/2018,1638.208984,1643.560907,1631.280626,1642.89707,2060297
8/10/2018,1653.766357,1656.587513,1636.300269,1643.684926,2784105
8/13/2018,1659.616455,1663.018393,1651.194513,1657.666572,3559575
8/14/2018,1662.437378,1679.903468,1644.888233,1652.853773,3311765
8/16/2018,1666.544434,1676.128038,1655.342865,1659.740559,2152065
8/17/2018,1670.071045,1677.66324,1662.810768,1670.983745,1213731
8/20/2018,1667.747559,1679.405528,1662.561647,1679.405528,1587032
8/21/2018,1674.136353,1679.405217,1662.810304,1667.91326,1376866
8/23/2018,1688.615601,1691.021884,1676.335424,1678.409788,3046791
8/24/2018,1695.170532,1697.659769,1685.213583,1688.615521,1570533
8/27/2018,1701.725708,1708.446731,1688.53283,1695.170797,1532702
8/28/2018,1716.909912,1719.233241,1702.638325,1705.127563,1987983
8/29/2018,1719.233521,1723.050433,1697.328208,1719.648393,1525867
8/30/2018,1727.862183,1730.019602,1713.839563,1715.913927,2408020
8/31/2018,1724.543579,1735.828203,1720.892779,1727.779709,2504554
9/3/2018,1703.385498,1734.169156,1699.651641,1729.854517,1439711
9/4/2018,1741.553833,1746.407928,1706.746028,1709.110885,4420803
9/5/2018,1725.249146,1748.48203,1721.764253,1742.466373,1681106
9/6/2018,1721.971558,1727.115941,1709.52537,1721.722593,2238097
9/7/2018,1725.746948,1729.190312,1713.756959,1725.290548,1312182
9/10/2018,1726.493896,1736.990102,1721.100548,1729.522388,1530539
9/11/2018,1697.86731,1733.338942,1694.506799,1733.338942,3679745
9/12/2018,1695.95874,1716.660856,1692.681285,1702.928726,2307661
9/14/2018,1713.756958,1718.860016,1674.551569,1696.000478,3642038
9/17/2018,1721.017456,1724.04615,1704.754557,1717.574091,1033857
9/18/2018,1718.196289,1724.875784,1707.285212,1720.063217,1456507
9/19/2018,1724.129028,1733.339289,1714.960498,1719.150553,1301268
9/21/2018,1745.079956,1759.891001,1701.103425,1723.382182,4508530
9/24/2018,1824.154785,1834.153264,1740.931233,1754.912532,3032226
9/25/2018,1811.501221,1835.314888,1787.106772,1829.506666,2868778
9/26/2018,1777.439941,1824.611073,1771.590395,1814.654123,1970951
9/27/2018,1816.189209,1833.489288,1772.171153,1777.232481,3311802
9/28/2018,1811.916016,1817.143455,1791.296952,1807.186505,2904371
10/1/2018,1871.533447,1888.460183,1817.434054,1817.890252,3772208
10/3/2018,1794.616577,1871.077605,1788.600917,1867.177839,3902322
10/4/2018,1713.259399,1789.47144,1706.248087,1789.430115,4762419
10/5/2018,1744.665039,1759.061211,1676.833417,1700.979001,3417624
10/8/2018,1723.838745,1760.886821,1699.444093,1744.665247,2010154
10/9/2018,1735.662598,1748.813949,1703.634323,1726.162047,1867130
10/10/2018,1695.668701,1747.403338,1683.554431,1742.46639,2749573
10/11/2018,1642.855225,1670.278365,1610.536665,1647.045482,4700256
10/12/2018,1591.70166,1641.237452,1579.006507,1641.237452,9373289
10/15/2018,1617.589478,1622.60948,1593.111976,1609.706892,2638151
10/16/2018,1628.209839,1636.175376,1605.557743,1624.641892,2815425
10/17/2018,1600.912109,1650.364956,1593.112476,1634.59978,2779207
10/19/2018,1587.469604,1600.579628,1551.666155,1600.579628,3428776
10/22/2018,1579.006104,1589.792798,1565.688644,1588.133306,1778496
10/23/2018,1532.983032,1578.174684,1527.45358,1569.859749,2752811
10/24/2018,1537.015869,1558.218955,1505.917989,1539.967712,2735913
10/25/2018,1540.757446,1560.630161,1517.517244,1533.274005,2507233
10/26/2018,1495.94043,1541.506329,1489.288479,1541.506329,2285970
10/29/2018,1555.724854,1561.503695,1483.675898,1503.922751,2609483
10/30/2018,1575.513794,1587.653578,1534.10538,1552.398236,2404883
10/31/2018,1611.55957,1616.340659,1559.424853,1579.838065,2769190
11/1/2018,1609.563721,1616.714545,1580.918807,1616.13254,2769759
11/2/2018,1591.021729,1625.237718,1583.995647,1608.275224,1818635
11/5/2018,1572.229614,1602.57913,1567.157524,1588.152737,1713366
11/6/2018,1607.027466,1611.018675,1572.354227,1574.848708,1398710
11/7/2018,1614.885254,1620.580965,1610.603042,1613.097522,144530
11/9/2018,1587.487427,1631.348711,1583.995194,1630.558833,2570479
11/12/2018,1592.185547,1618.169723,1586.905583,1586.905583,2552008
11/13/2018,1608.898438,1612.266027,1582.332259,1592.310181,1418432
11/14/2018,1563.748169,1604.699221,1554.892743,1600.624883,2422318
11/15/2018,1557.262817,1579.006396,1544.58254,1549.904119,1829123
11/16/2018,1568.695679,1579.671454,1555.10078,1570.691283,1829729
11/19/2018,1581.875122,1585.949461,1550.153719,1579.006509,1740628
11/20/2018,1561.753174,1581.501151,1558.385583,1581.501151,1190182
11/21/2018,1506.666504,1555.766245,1495.482955,1555.72463,3840461
11/22/2018,1507.123779,1536.267569,1504.961815,1513.318366,3194219
11/26/2018,1535.02063,1546.578414,1483.800634,1512.487169,4333177
11/27/2018,1571.730835,1578.091782,1526.081814,1541.589191,3344839
11/28/2018,1649.600098,1653.840695,1565.28663,1570.691338,5313249
11/29/2018,1630.184937,1660.49284,1615.218051,1660.49284,4035441
11/30/2018,1636.587524,1655.504007,1629.602957,1634.716664,5268901
12/3/2018,1648.352905,1654.672236,1636.628866,1649.683275,1610576
12/4/2018,1672.009155,1679.118467,1638.87415,1648.852075,3270615
12/5/2018,1668.599731,1677.954034,1650.514746,1667.976111,2501539
12/6/2018,1656.917236,1677.122571,1646.024691,1661.324193,2321216
12/7/2018,1658.996216,1666.230272,1640.537096,1650.556636,1680420
12/10/2018,1642.865234,1672.133771,1629.727594,1642.199999,2010786
12/11/2018,1662.987549,1671.302487,1630.559292,1638.042736,2942014
12/12/2018,1676.956665,1681.280392,1650.473507,1663.902152,2219993
12/13/2018,1648.519409,1687.682743,1641.78433,1682.943269,3748429
12/14/2018,1654.464355,1662.114056,1642.407699,1648.851774,2473761
12/17/2018,1658.247803,1667.061615,1650.514871,1662.155782,1227921
12/18/2018,1652.884521,1664.650176,1643.36396,1656.252111,1768742
12/19/2018,1636.75354,1650.348542,1629.769075,1650.348542,2498833
12/20/2018,1624.779907,1642.116526,1618.086344,1624.572034,1940277
12/21/2018,1576.345947,1621.412869,1568.65463,1619.749882,3729956
12/24/2018,1595.220459,1612.182949,1583.995295,1584.660531,1864116
12/26/2018,1570.857666,1597.964439,1555.100903,1597.964439,2446614
12/27/2018,1587.279907,1614.511327,1556.639384,1587.321523,4968201
12/28/2018,1576.553589,1596.467821,1574.017493,1592.310353,2239130
12/31/2018,1574.059326,1587.321611,1568.321999,1586.490117,1879740
1/1/2019,1582.16626,1588.152974,1567.365631,1576.512062,1094883
1/2/2019,1599.21167,1608.482742,1579.837829,1583.995297,2100463
1/3/2019,1579.796265,1617.213478,1574.100554,1595.636259,2611668
1/4/2019,1560.588623,1580.83547,1530.7796,1579.837719,4280862
1/7/2019,1578.091919,1587.155221,1564.039655,1573.019828,1856423
1/8/2019,1574.474854,1585.159527,1565.952044,1584.328033,1691756
1/9/2019,1568.986694,1595.636103,1552.14895,1585.990798,2414376
1/10/2019,1570.317505,1583.995536,1556.639372,1571.52313,3053461
1/11/2019,1532.068481,1559.050407,1525.790665,1554.892939,9209862
1/14/2019,1507.705688,1539.09457,1505.003334,1538.263077,3615370
1/15/2019,1553.063599,1554.352353,1503.340247,1505.003234,7711653
1/16/2019,1555.0177,1559.050424,1535.768604,1554.892956,2359280
1/17/2019,1578.474609,1581.55769,1559.309263,1564.892171,2625816
1/18/2019,1583.765747,1586.723815,1563.225477,1567.391856,1683728
1/21/2019,1590.473877,1609.889249,1579.43297,1584.890968,2409803
1/22/2019,1584.807251,1598.43129,1574.891249,1589.140244,2457093
1/23/2019,1562.89209,1588.307002,1558.225766,1584.057316,2578169
1/24/2019,1584.515869,1587.598949,1562.392353,1570.558497,1962927
1/25/2019,1600.556152,1612.388628,1584.057251,1584.890527,2327080
1/28/2019,1629.054443,1634.887375,1604.472803,1610.722373,2769033
1/29/2019,1652.177612,1657.427291,1613.763618,1634.887139,2557626
1/30/2019,1651.052734,1657.802248,1628.762606,1649.552797,2429575
1/31/2019,1678.301025,1683.009055,1654.052716,1655.719268,4094319
2/1/2019,1691.508667,1695.508433,1664.968845,1674.468213,3064163
2/4/2019,1708.424194,1712.757189,1685.717422,1691.50865,1590764
2/5/2019,1703.674072,1712.381764,1689.883317,1708.215385,1111404
2/6/2019,1728.880859,1738.921875,1700.757798,1708.132168,1789812
2/7/2019,1735.630127,1748.170969,1722.381123,1728.83901,1339945
2/8/2019,1717.7146,1741.12973,1709.048613,1729.047232,1684474
2/11/2019,1721.464355,1746.546038,1707.298667,1716.54811,1778730
2/12/2019,1709.54895,1724.881146,1681.550798,1724.881146,2422903
2/14/2019,1703.71582,1729.047427,1694.091545,1716.589994,1724085
2/15/2019,1691.300049,1709.882142,1675.676126,1707.382314,1930065
2/18/2019,1641.803467,1701.507601,1635.428886,1697.882871,2942184
2/19/2019,1587.223999,1642.386824,1576.558027,1641.553548,4408554
2/20/2019,1595.514893,1611.388838,1567.641857,1595.723212,4645778
2/21/2019,1595.056641,1616.555199,1580.766041,1595.514983,4683919
2/22/2019,1604.597534,1608.222263,1587.473676,1597.556293,2271955
2/25/2019,1654.177612,1658.21898,1608.639066,1610.305617,2934880
2/26/2019,1698.799561,1704.174251,1643.428417,1653.219409,6453309
2/27/2019,1714.965088,1729.005664,1684.883749,1699.882714,4732082
2/28/2019,1652.760986,1726.006057,1647.886343,1716.548295,8454295
3/1/2019,1662.718628,1670.718056,1650.177786,1662.427002,4148548
3/5/2019,1656.63562,1672.384553,1647.052948,1670.718002,2449622
3/6/2019,1666.218384,1679.050852,1654.094281,1657.635703,2635047
3/7/2019,1677.634399,1686.592115,1666.718404,1670.718169,2539884
3/8/2019,1685.467285,1694.050068,1674.926425,1687.383861,2031071
3/11/2019,1678.884277,1694.049858,1669.593231,1690.633447,3111689
3/12/2019,1676.925903,1687.216941,1669.051487,1678.259226,2658550
3/13/2019,1666.96875,1679.801222,1648.719984,1677.384701,1833163
3/14/2019,1656.052612,1673.051462,1650.719626,1670.676544,1905495
3/15/2019,1699.841187,1724.006188,1659.052371,1665.635271,5184318
3/18/2019,1685.550537,1720.381511,1675.717841,1702.38267,2349915
3/19/2019,1685.550537,1691.550083,1662.468734,1691.550083,2373993
3/20/2019,1679.092529,1703.882486,1666.551687,1689.883411,3091165
3/22/2019,1671.259644,1679.884028,1652.63595,1679.050752,3148149
3/25/2019,1653.427979,1673.05167,1647.553342,1673.05167,2429205
3/26/2019,1652.094727,1662.343961,1631.596157,1653.219629,2316539
3/27/2019,1639.803711,1664.885296,1634.054087,1661.552192,2266166
3/28/2019,1666.801636,1678.717419,1643.886551,1649.886096,4054489
4/1/2019,1692.925049,1699.841178,1673.426372,1674.884605,2095740
4/2/2019,1732.630493,1738.213401,1697.382884,1697.466192,3719663
4/3/2019,1732.630493,1741.213275,1714.965086,1737.380125,2939886
4/4/2019,1678.634155,1732.963699,1672.717917,1731.67208,4397518
4/5/2019,1706.79895,1711.881811,1682.217313,1690.42506,3152103
4/8/2019,1725.505981,1729.047404,1693.799794,1715.71499,2194294
4/9/2019,1742.796509,1748.212802,1714.590039,1724.881077,2690970
4/10/2019,1700.091431,1737.797171,1696.550008,1735.713981,3313062
4/11/2019,1682.800537,1712.381829,1677.925894,1704.049071,3422442
4/12/2019,1678.634155,1699.049413,1672.384587,1698.216137,3198471
4/15/2019,1760.962158,1766.378452,1700.716265,1724.881268,9189201
4/16/2019,1776.377319,1796.500848,1762.836588,1766.544625,5771952
4/18/2019,1791.585083,1795.709758,1761.712057,1791.45997,3413728
4/22/2019,1801.08374,1813.207942,1787.876442,1789.876223,2007135
4/23/2019,1795.751221,1804.458913,1778.252427,1802.375723,2163524
4/24/2019,1819.41626,1829.040637,1796.626286,1798.209428,3003071
4/25/2019,1829.040527,1837.373286,1806.583783,1812.37501,4211526
4/26/2019,1865.329834,1869.829443,1827.498986,1835.706835,2716958
4/30/2019,1883.495117,1888.994616,1858.288523,1865.329663,3488395
5/2/2019,1846.039063,1882.703196,1842.456139,1879.036864,2457699
5/3/2019,1776.544067,1821.582667,1770.711137,1820.707686,3780886
5/6/2019,1798.083984,1804.041824,1756.961749,1758.211662,2891422
5/7/2019,1793.167725,1820.165981,1782.21023,1799.91734,2201698
5/8/2019,1793.917969,1806.542016,1775.210763,1792.376327,1824895
5/9/2019,1810.334106,1819.958486,1779.961232,1787.377308,2264162
5/10/2019,1779.710815,1826.540883,1771.41976,1812.375192,2039633
5/13/2019,1773.83606,1805.708863,1767.919719,1777.377482,1701744
5/14/2019,1743.504883,1799.709301,1726.839365,1779.044018,2456110
5/15/2019,1746.046021,1769.87779,1736.963396,1747.379343,2346876
5/16/2019,1757.170776,1769.878235,1730.755968,1746.546507,1946529
5/17/2019,1746.087891,1779.043992,1741.546578,1760.378694,1947908
5/20/2019,1786.501709,1792.709573,1708.215484,1770.711172,2625116
5/21/2019,1758.003784,1790.459839,1752.004239,1789.918291,1863157
5/22/2019,1734.672119,1768.16977,1729.047507,1758.212164,2595795
5/23/2019,1711.59021,1762.670058,1708.215402,1748.212641,2541294
5/24/2019,1706.548828,1724.880896,1693.424734,1724.880896,2274208
5/27/2019,1712.506592,1724.005838,1699.965853,1712.215067,2329820
5/28/2019,1728.005859,1747.796162,1704.049178,1716.548316,5872979
5/29/2019,1756.170776,1769.628102,1730.797564,1733.213983,3281320
5/30/2019,1788.459961,1797.001038,1761.87834,1769.044593,4971725
5/31/2019,1830.332153,1837.331589,1793.417992,1799.87588,4265370
6/3/2019,1868.45459,1872.912494,1821.249388,1834.040255,3682419
6/4/2019,1833.846069,1868.202774,1827.041832,1868.202774,2408658
6/6/2019,1819.565674,1847.202224,1807.721321,1847.202224,3735467
6/7/2019,1832.71167,1839.473865,1799.404995,1826.201522,2659446
6/10/2019,1874.503052,1878.157218,1835.862164,1845.270339,2080593
6/11/2019,1892.395264,1901.761396,1874.082804,1879.12292,3048937
6/12/2019,1899.198853,1904.238966,1864.002139,1885.842633,2404448
6/13/2019,1893.487549,1919.444063,1884.205295,1901.803658,3320916
6/14/2019,1893.82251,1901.046754,1876.602123,1896.132562,2131408
6/17/2019,1889.371338,1900.123626,1882.861188,1895.08351,1489497
6/18/2019,1890.757202,1898.443295,1874.250703,1885.002989,1877447
6/19/2019,1898.359619,1911.884013,1884.289295,1894.243606,1652817
6/20/2019,1913.521729,1918.603886,1858.122502,1873.242848,2199377
6/21/2019,1889.916992,1925.743724,1883.32276,1919.443581,3871804
6/24/2019,1911.463623,1915.243709,1890.715191,1893.529132,1382424
6/25/2019,1904.995361,1910.581406,1890.46299,1906.843362,1386077
6/26/2019,1893.571045,1904.155368,1890.043006,1902.643292,1762224
6/27/2019,1892.185303,1901.803482,1882.735087,1894.243309,2813464
6/28/2019,1870.890503,1900.081167,1866.942454,1898.44317,2372928
7/1/2019,1881.264893,1894.243147,1853.586303,1877.442765,2769940
7/2/2019,1891.807373,1895.923385,1861.860565,1885.759071,1771746
7/3/2019,1879.668457,1897.434982,1874.922432,1891.890775,1656881
7/4/2019,1883.868896,1891.723158,1873.32682,1876.602813,984140
7/5/2019,1817.045532,1890.043115,1797.641008,1887.523058,4088470
7/8/2019,1827.377808,1838.634189,1791.005138,1805.201381,2788062
7/9/2019,1792.05481,1826.537429,1767.862219,1826.201504,3977224
7/10/2019,1770.928345,1787.434844,1739.93172,1747.239846,6343581
7/11/2019,1766.182495,1788.400963,1752.322178,1787.560944,2400346
7/12/2019,1770.424561,1780.630712,1758.244282,1765.804455,1560725
7/15/2019,1802.429077,1809.065352,1762.360204,1785.040721,2900415
7/16/2019,1773.21228,1795.52478,1768.160393,1790.051903,2735399
7/17/2019,1782.684204,1789.209557,1761.508465,1774.89588,1802969
7/18/2019,1739.490845,1781.800396,1734.481098,1781.800396,3072096
7/19/2019,1748.752563,1765.634325,1736.585978,1748.794704,1953177
7/22/2019,1776.49585,1782.852848,1741.89055,1748.794754,1920167
7/23/2019,1778.643433,1793.420246,1770.181479,1791.652003,3538588
7/24/2019,1765.466431,1785.673982,1748.374169,1776.580543,2413196
7/25/2019,1791.651245,1797.629392,1761.887341,1775.653606,2544464
7/26/2019,1775.780762,1793.251874,1763.950883,1793.251874,1720592
7/29/2019,1793.419922,1803.523696,1770.939065,1777.253924,1647090
7/30/2019,1834.803101,1839.728772,1785.378849,1793.41981,2851672
7/31/2019,1857.157593,1862.209479,1807.85956,1828.572377,3000677
8/1/2019,1835.560669,1867.092815,1823.94129,1852.358148,2375236
8/2/2019,1856.821289,1860.77856,1823.310394,1829.625254,2500816
8/5/2019,1893.278687,1896.351835,1848.653691,1852.274045,3039682
8/6/2019,1864.904419,1896.099869,1861.999624,1879.976009,2885467
8/7/2019,1863.683594,1884.775268,1858.46335,1877.618426,2165362
8/8/2019,1901.277588,1920.558873,1868.271765,1876.691576,2073298
8/9/2019,1891.299927,1909.528734,1887.174302,1902.877166,1744550
8/13/2019,1851.895264,1891.30002,1847.559143,1890.247543,1647281
8/14/2019,1856.063354,1867.388167,1824.910049,1836.445356,1945002
8/16/2019,1822.973633,1887.216636,1804.576261,1887.216636,3755507
8/19/2019,1821.205078,1840.570643,1816.742537,1835.518757,974884
8/20/2019,1841.201904,1856.568057,1824.151789,1828.782685,1843611
8/21/2019,1840.739258,1854.042602,1837.413473,1839.686781,1214408
8/22/2019,1865.829834,1882.374678,1827.098709,1841.412386,2131601
8/23/2019,1892.521484,1902.793616,1864.062473,1864.946595,2826425
8/26/2019,1916.602051,1921.401303,1873.40837,1891.931958,2345475
8/27/2019,1883.091187,1915.381252,1876.776327,1911.29756,3432106
8/28/2019,1885.40625,1896.267724,1865.830189,1886.037736,1294621
8/29/2019,1880.522705,1892.941927,1871.050417,1871.050417,1670652
8/30/2019,1902.540894,1907.929491,1867.514392,1886.87996,2583625
9/3/2019,1895.804688,1933.35692,1883.469541,1911.297057,2545060
9/4/2019,1890.584351,1911.297169,1880.143867,1907.087263,2228092
9/5/2019,1865.240723,1897.530574,1858.504874,1887.889931,2055943
9/6/2019,1850.253296,1880.564613,1846.127671,1865.829945,1890550
9/9/2019,1837.918701,1854.758325,1835.350617,1852.358596,1703945
9/11/2019,1813.627319,1848.148545,1807.354601,1840.570715,2627440
9/12/2019,1796.45105,1822.889175,1785.2948,1814.469364,2118859
9/13/2019,1803.480957,1816.952652,1781.252743,1797.629231,2291174
9/16/2019,1810.259766,1829.962046,1790.388925,1818.637438,2597948
9/17/2019,1787.230957,1815.774237,1772.875345,1814.426986,2796530
9/18/2019,1800.618896,1804.323531,1779.232451,1790.388702,1454663
9/19/2019,1769.802124,1798.303266,1760.582472,1797.62964,1652691
9/20/2019,1739.070068,1792.914726,1731.955368,1772.286186,6941979
9/23/2019,1697.265625,1767.318415,1662.912753,1767.318415,6323401
9/24/2019,1721.598511,1735.322842,1694.907754,1696.591716,4620978
9/25/2019,1758.435547,1761.424621,1734.523364,1738.691129,4002232
9/26/2019,1757.719727,1774.054077,1737.00691,1766.391967,4234281
9/27/2019,1731.239258,1755.698848,1727.239848,1755.530493,2046795
9/30/2019,1767.571045,1771.528315,1734.481145,1736.038892,2620039
10/1/2019,1734.438965,1764.750285,1717.388847,1764.750285,3342877
10/3/2019,1734.691406,1752.288727,1722.819494,1742.900721,2317618
10/4/2019,1750.773438,1758.014351,1730.228976,1734.986292,2163251
10/7/2019,1724.125,1763.529764,1718.483767,1751.321036,2177916
10/9/2019,1700.88623,1734.481301,1697.013137,1734.481301,2066920
10/10/2019,1687.709351,1716.841985,1681.520809,1707.538051,2881452
10/11/2019,1672.890259,1679.752426,1620.813744,1625.865631,12593069
10/14/2019,1701.644043,1711.537322,1657.019038,1679.752531,3510704
10/15/2019,1715.368286,1723.535462,1703.075279,1710.905745,2261310
10/16/2019,1723.030273,1731.113272,1697.434026,1715.957611,3034082
10/17/2019,1748.469971,1754.539445,1721.222178,1733.877548,3818774
10/18/2019,1771.19873,1776.83754,1743.348122,1754.10953,3087901
10/22/2019,1766.075806,1817.816731,1756.304575,1790.697987,5552505
10/23/2019,1782.174927,1794.012473,1767.022784,1773.479627,2348134
10/24/2019,1792.419678,1807.055189,1774.598832,1794.141503,2798671
10/25/2019,1829.396118,1833.743769,1786.436665,1802.750916,3954245
10/27/2019,1821.432495,1832.882673,1815.492283,1832.882673,224405
10/29/2019,1889.57373,1895.470855,1826.42572,1826.42572,5064173
10/30/2019,1939.463989,1945.662518,1874.077718,1915.530576,5195136
10/31/2019,1953.969971,1967.141974,1925.861262,1937.053124,4879261
11/1/2019,1894.782104,1958.5758,1889.702805,1949.105764,4172620
11/4/2019,1888.799194,1919.146364,1877.564243,1900.034146,2646411
11/5/2019,1895.600342,1903.477607,1867.319281,1891.424832,2693475
11/6/2019,1884.106812,1903.3052,1875.928144,1894.007304,2540719
11/7/2019,1881.395142,1897.881531,1872.656754,1897.881531,1915598
11/8/2019,1833.700195,1885.053742,1828.577809,1885.053742,2788759
11/11/2019,1808.734131,1841.491895,1800.168093,1838.048244,2983768
11/13/2019,1875.583618,1880.06032,1823.412249,1823.412249,3823365
11/14/2019,1891.252441,1894.007319,1848.120645,1883.245914,2995915
11/15/2019,1872.011108,1903.907958,1867.103949,1890.563814,2724180
11/18/2019,1853.200562,1883.461556,1849.885964,1875.411939,1611089
11/19/2019,1815.491943,1854.964647,1812.220435,1853.544226,2975313
11/20/2019,1815.276978,1838.04807,1803.181116,1826.81312,2894129
11/21/2019,1823.498657,1830.816413,1814.286726,1818.247007,2052574
11/22/2019,1783.552002,1813.942249,1773.909826,1805.333126,3742049
11/25/2019,1791.988892,1794.958997,1766.76412,1786.005593,2737010
11/26/2019,1761.98645,1806.108107,1751.999887,1799.17793,6561580
11/27/2019,1768.572754,1783.552549,1761.900681,1766.592613,2907521
11/28/2019,1788.416992,1803.095385,1773.480074,1779.54955,2924429
11/29/2019,1767.668335,1795.002303,1761.25458,1795.002303,2064271
12/2/2019,1739.947144,1780.108625,1735.599494,1773.479641,3809860
12/3/2019,1765.731567,1775.201605,1730.434154,1745.672264,4664774
12/4/2019,1789.406372,1792.419565,1760.996264,1767.453107,3334301
12/5/2019,1826.254028,1830.989048,1780.668746,1793.281032,3902721
12/6/2019,1828.233398,1832.021328,1808.776697,1828.577679,1829461
12/9/2019,1773.866943,1831.978531,1767.883644,1831.978531,2244747
12/10/2019,1732.887451,1774.21135,1724.622713,1773.479491,4520045
12/11/2019,1757.897583,1763.149129,1727.636482,1743.692524,4943024
12/12/2019,1739.818115,1793.84027,1708.050423,1765.817736,7137306
12/13/2019,1783.165039,1788.459567,1727.85141,1741.62601,5711133
12/16/2019,1830.945557,1838.908997,1790.956215,1804.472499,5574177
12/17/2019,1863.832642,1867.31938,1824.273751,1830.730595,6059673
12/18/2019,1866.24292,1896.977452,1853.544462,1871.623623,8251081
12/19/2019,1919.017334,1925.431091,1866.071207,1876.617387,6251505
12/20/2019,1913.722412,1934.212173,1901.110127,1911.22585,5548338
12/23/2019,1921.298096,1930.122448,1902.616339,1902.616339,2247329
12/24/2019,1907.43811,1931.500576,1903.606881,1927.583382,1805896
12/26/2019,1895.686646,1918.974376,1889.875485,1908.126792,1880367
12/27/2019,1892.715698,1916.735067,1873.345171,1900.894365,2720261
12/30/2019,1879.544067,1915.530251,1874.292627,1900.033826,2288830
12/31/2019,1861.034912,1891.425172,1857.376033,1884.53787,1909289
1/1/2020,1866.114258,1880.146965,1854.405762,1866.458539,1354908
1/2/2020,1857.547485,1876.745873,1850.272818,1876.745873,2380752
1/3/2020,1894.567017,1913.808495,1863.014657,1863.014657,4655761
1/6/2020,1894.394775,1916.348043,1883.590282,1898.311969,3023209
1/7/2020,1899.043457,1906.619317,1880.060299,1894.437492,2429317
1/8/2020,1941.572876,1945.66221,1895.772374,1898.312024,5197454
1/9/2020,1906.361328,1938.731506,1902.616275,1935.976629,3734173
1/10/2020,1905.672852,1923.27847,1900.894745,1918.112995,1915807
1/13/2020,1885.699829,1910.321801,1880.835547,1909.374923,2843893
1/14/2020,1899.947388,1919.662407,1889.702615,1889.702615,2948452
1/15/2020,1917.165527,1920.695352,1889.013737,1905.19893,2620681
1/16/2020,1927.410645,1936.191909,1906.920888,1917.208749,3117214
1/17/2020,1910.451294,1940.109692,1905.199643,1929.089968,3281059
1/20/2020,1868.481201,1930.337627,1856.299165,1889.616431,5817599
1/21/2020,1869.084106,1882.42825,1857.892244,1868.137019,1902980
1/22/2020,1899.947388,1902.6163,1871.36514,1877.649842,1773686
1/23/2020,1890.499268,1913.624156,1884.243479,1906.764402,2069866
1/24/2020,1883.985107,1890.4998,1872.422765,1890.4998,1319430
1/27/2020,1871.775513,1892.656866,1868.108325,1889.421113,1549101
1/28/2020,1884.286621,1887.781276,1856.890582,1875.873664,1743024
1/29/2020,1859.133911,1887.047541,1855.164637,1885.364992,2306761
1/30/2020,1844.681641,1868.108412,1833.593707,1863.794074,2098567
1/31/2020,1793.944702,1850.289992,1787.516381,1846.018629,3287223
2/3/2020,1814.178589,1893.734916,1806.15388,1856.890522,4728073
2/4/2020,1818.708984,1843.688957,1800.459421,1837.044919,3509339
2/5/2020,1852.187988,1860.946008,1815.731842,1824.964481,2439322
2/6/2020,1836.484009,1876.046355,1825.396078,1850.850667,2640065
2/7/2020,1843.559326,1856.027718,1828.415962,1845.673309,2083442
2/10/2020,1865.47583,1869.833352,1828.415723,1847.312432,2383032
2/11/2020,1858.098755,1876.564245,1853.094292,1866.382367,1335820
2/12/2020,1873.069702,1885.365565,1855.165201,1856.114439,1620407
2/13/2020,1891.362549,1895.720072,1873.285515,1874.968065,1645948
2/14/2020,1884.674683,1908.662435,1873.284877,1887.95362,1500115
2/17/2020,1901.112549,1912.976975,1889.852087,1895.676442,1774724
2/18/2020,1911.89856,1916.428614,1886.271438,1898.265212,2486223
2/19/2020,1895.158813,1924.194216,1890.110955,1911.898356,1760463
2/20/2020,1861.032593,1910.733632,1856.243636,1902.191329,2317278
2/24/2020,1825.266724,1880.144966,1817.802794,1860.342201,3092877
2/25/2020,1860.471558,1878.16034,1821.513177,1825.39608,2674567
2/26/2020,1832.38501,1867.158392,1823.195347,1858.61609,2686842
2/27/2020,1816.767456,1829.235849,1800.114072,1829.235849,2349001
2/28/2020,1725.864136,1785.703965,1717.106011,1784.409664,4298076
3/2/2020,1726.856689,1772.286577,1713.395873,1755.935281,2667076
3/3/2020,1756.970459,1777.506744,1736.089111,1742.99205,2757585
3/4/2020,1797.525391,1807.232649,1747.306548,1774.055439,3237002
3/5/2020,1833.636108,1853.223153,1798.258551,1799.682198,3937056
3/6/2020,1826.215576,1832.428179,1787.516102,1810.295716,2595027
3/9/2020,1701.876343,1794.67766,1669.648269,1790.449695,4940975
3/11/2020,1685.784058,1714.776488,1656.705467,1667.922744,6796449
3/12/2020,1527.145996,1646.696328,1517.22302,1642.89969,8728786
3/13/2020,1558.597656,1570.418899,1299.521681,1456.43412,8029720
3/16/2020,1463.768555,1589.617768,1446.036584,1514.332573,7844271
3/17/2020,1430.634155,1493.623476,1400.563247,1492.760608,5713248
3/18/2020,1427.527954,1478.566586,1404.532515,1446.856206,7258778
3/19/2020,1422.269653,1464.945979,1344.391859,1355.647595,5135111
3/20/2020,1562.29248,1624.481752,1414.142221,1416.749736,8547498
3/23/2020,1451.255859,1521.050385,1406.102435,1408.058071,7003490
3/24/2020,1480.330444,1538.434576,1419.227605,1436.784944,6350865
3/25/2020,1521.31189,1573.201419,1460.209052,1477.592493,2765520
3/26/2020,1556.643311,1592.366359,1497.19204,1591.975168,4556067
3/27/2020,1585.803833,1607.967712,1521.398229,1581.89256,4331250
3/30/2020,1545.822266,1655.772514,1532.828188,1534.957617,8513547
3/31/2020,1587.194824,1612.313914,1547.12602,1597.016509,3927593
4/1/2020,1485.19751,1594.713171,1479.330599,1587.021021,4941878
4/3/2020,1437.783936,1512.358918,1434.133456,1512.358918,5735369
4/7/2020,1542.953979,1552.210682,1481.938152,1486.284012,5427577
4/8/2020,1482.329224,1569.724504,1478.461451,1529.742595,6285615
4/9/2020,1535.087891,1546.082936,1504.710271,1521.441829,5307397
4/13/2020,1529.090576,1553.210095,1517.574049,1530.611627,2990438
4/15/2020,1508.143677,1574.939518,1501.755284,1551.471876,4761399
4/16/2020,1491.542358,1534.001381,1455.906313,1486.240325,6245533
4/17/2020,1569.898071,1609.662681,1523.658174,1564.509249,9895823
4/20/2020,1580.719482,1590.584562,1566.682335,1590.584562,3244282
4/21/2020,1510.316406,1559.815698,1501.668083,1534.088234,5122541
4/22/2020,1537.999634,1555.817657,1494.236851,1510.316531,3829836
4/23/2020,1632.521973,1651.42646,1530.48118,1547.125841,5934366
4/24/2020,1580.632568,1609.662824,1571.288971,1599.884641,2987102
4/27/2020,1596.320801,1629.697017,1586.23843,1592.583426,3374741
4/28/2020,1615.833862,1623.612907,1592.844205,1621.005392,2678505
4/29/2020,1656.337646,1662.334955,1608.011704,1628.828331,4241510
4/30/2020,1750.903076,1766.157084,1688.105414,1720.96015,5915544
5/4/2020,1677.8927,1708.791801,1663.290677,1708.791801,3729348
5/5/2020,1679.891602,1718.352449,1674.893864,1699.317568,2905528
5/6/2020,1654.555908,1698.101407,1645.864188,1686.02,3517431
5/7/2020,1644.168945,1681.369437,1636.954777,1660.118227,3166754
5/8/2020,1645.690186,1685.758991,1639.475585,1685.411301,2686530
5/11/2020,1682.108276,1696.101922,1659.249015,1659.249015,2449841
5/12/2020,1694.450439,1700.534642,1660.335446,1680.456795,3256595
5/13/2020,1694.580933,1733.128683,1673.720808,1733.128683,2656665
5/14/2020,1653.469238,1671.504556,1643.691054,1660.118425,2263146
5/15/2020,1645.255615,1666.550328,1621.179488,1665.333466,3173682
5/18/2020,1691.061035,1697.449428,1627.176893,1657.511017,3727694
5/19/2020,1693.711914,1709.183111,1654.034194,1654.034194,3198693
5/20/2020,1698.014404,1706.097746,1678.979516,1694.885406,2778505
5/21/2020,1730.694702,1736.605112,1687.192721,1691.408182,3400908
5/22/2020,1756.031372,1766.157246,1704.663336,1718.439689,3663418
5/26/2020,1688.800659,1759.203569,1673.155568,1751.381023,4575317
5/27/2020,1742.950439,1747.035505,1687.279937,1702.707738,3482160
5/28/2020,1742.081299,1750.512224,1713.398626,1728.34834,3475681
5/29/2020,1714.310913,1740.64686,1705.662696,1722.698442,7237735
6/1/2020,1777.673584,1790.493868,1721.916193,1729.651843,3747773
6/2/2020,1779.325562,1808.747014,1773.154461,1790.668193,2443886
6/3/2020,1783.683716,1799.026085,1760.88804,1788.652622,3699799
6/4/2020,1823.26062,1830.626671,1784.207209,1784.207209,4048593
6/5/2020,1785.514404,1828.882812,1778.584219,1823.303846,3573289
6/8/2020,1806.000122,1826.267772,1797.588043,1811.666347,2957841
6/9/2020,1806.261353,1826.703301,1795.974935,1798.459441,2909439
6/10/2020,1838.254028,1858.521678,1807.525656,1810.620329,5168397
6/11/2020,1802.425781,1834.984861,1797.326307,1830.626228,2269513
6/12/2020,1777.886597,1786.342303,1753.042386,1753.216689,2842642
6/15/2020,1769.518066,1794.885292,1744.281514,1777.53791,2399022
6/16/2020,1783.378662,1807.917685,1770.477063,1800.115773,2146528
6/17/2020,1785.121948,1794.754571,1766.597756,1783.552798,2703527
6/18/2020,1776.666504,1795.059919,1765.421206,1782.681441,1944389
6/19/2020,1782.332642,1821.909061,1771.348905,1780.066173,5681758
6/22/2020,1767.818115,1789.001117,1760.146984,1787.039731,3196138
6/23/2020,1774.22583,1781.809812,1752.171097,1766.990454,4205944
6/24/2020,1780.240601,1799.462221,1771.000317,1773.092483,2560937
6/25/2020,1757.488159,1795.756982,1751.516853,1773.963815,3043931
6/26/2020,1847.05835,1858.521471,1760.844444,1765.246707,6300722
6/29/2020,1832.064697,1854.68618,1823.042452,1837.600248,3076341
6/30/2020,1815.06543,1840.999296,1808.876299,1830.625834,3071725
7/1/2020,1823.696167,1842.7869,1812.755953,1812.930255,2503466
7/2/2020,1880.445313,1887.288453,1828.882759,1832.369666,3758699
7/3/2020,1917.493408,1922.157231,1883.147464,1886.111249,4185208
7/6/2020,1972.89209,1978.732617,1922.157632,1922.157632,5190366
7/7/2020,1978.732178,2007.324854,1945.824498,1983.178069,5630055
7/8/2020,1934.274292,1982.655124,1924.423951,1978.819612,2793358
7/9/2020,1921.59082,1956.590562,1909.996813,1943.078798,3443998
7/10/2020,1937.282227,1961.254715,1896.877602,1922.375612,9610320
7/13/2020,1935.233276,1956.982815,1926.516009,1935.233276,2963503
7/14/2020,1893.346924,1951.796247,1887.288465,1926.51617,2976738
7/15/2020,1947.350464,1970.102619,1901.323458,1904.723107,5569321
7/16/2020,1952.461426,2038.300708,1939.662066,1960.542987,8582118
7/17/2020,1922.756226,1960.45553,1913.407868,1954.427207,4509135
7/20/2020,1929.003296,1945.603262,1914.063455,1922.974973,2952646
7/21/2020,1943.98645,1955.868399,1923.105319,1948.311134,2665286
7/22/2020,1914.194458,1949.185482,1908.297102,1949.185482,2861534
7/23/2020,1896.938721,1914.193944,1889.774569,1914.193944,2265766
7/24/2020,1884.88208,1889.774786,1856.662313,1882.348487,3665100
7/27/2020,1928.042358,1935.206511,1890.211868,1891.522392,4248480
7/28/2020,2017.987793,2026.943037,1935.206391,1935.206391,8092319
7/29/2020,1988.5448,2046.164109,1962.334329,2002.479991,6090431
7/30/2020,1991.559082,2060.143152,1985.224884,1997.150564,7098496
7/31/2020,1993.219238,2039.874013,1972.294584,2012.221833,4723290
8/3/2020,1969.411011,2012.833195,1948.923202,2001.125723,4012337
8/4/2020,1965.523315,1982.953237,1943.987129,1974.47856,2927928
8/5/2020,1974.085449,2009.469588,1968.406513,1974.52229,3800641
8/6/2020,2016.545654,2026.505544,1979.195746,1987.626693,4748047
8/7/2020,2005.406372,2033.932008,1998.111041,2016.458366,3165491
8/10/2020,1994.441895,2031.311243,1988.544539,2025.195467,2929353
8/11/2020,1991.907959,2019.953243,1988.151296,1994.616459,2774423
8/12/2020,1972.206665,2006.323785,1962.770854,1999.290814,3415751
8/13/2020,1969.673096,2009.469369,1966.222093,1985.879946,2695682
8/14/2020,1958.926514,1993.131301,1951.01986,1989.374425,2270405
8/17/2020,1968.755493,1983.258704,1955.519292,1977.142928,2625630
8/18/2020,1983.040161,1999.858543,1964.299721,1976.968113,3493374
8/19/2020,1971.551514,1996.014617,1967.969331,1988.806739,2843005
8/20/2020,1968.275391,1988.98162,1957.092214,1971.901087,2895164
8/21/2020,1964.562134,1984.132532,1957.96579,1974.522027,1975294
8/24/2020,1964.125488,1974.478497,1948.311752,1966.309694,2167966
8/25/2020,1959.363403,1965.785053,1951.413023,1961.416642,1663419
8/26/2020,1968.842896,1974.434376,1936.472926,1958.79555,2618149
8/27/2020,1964.386841,1998.416931,1958.57694,1979.763732,3579393
8/28/2020,1955.781128,1991.951482,1952.766967,1981.860411,2941136
8/31/2020,1972.119141,1988.675376,1946.563936,1957.048123,6018154
9/1/2020,1962.596313,1990.248273,1958.184175,1982.385132,3610908
9/2/2020,1979.021362,1982.166704,1958.489828,1963.164114,2084137
9/3/2020,2009.032593,2030.437811,1981.511598,1981.511598,4654146
9/4/2020,1999.684326,2030.656325,1977.099551,1987.627466,5231303
9/7/2020,2033.102173,2047.474202,1994.922304,1999.858523,4620401
9/8/2020,2051.580322,2088.493392,2033.102031,2040.877716,7453998
9/9/2020,2033.626709,2061.016737,2026.943124,2031.311536,3866535
9/10/2020,2036.684082,2051.842553,2030.699487,2040.047844,2308813
9/11/2020,2074.209229,2081.984916,2035.810721,2036.509709,4145424
9/14/2020,2176.691895,2189.22932,2080.980174,2082.945959,7512131
9/15/2020,2176.691895,2217.405573,2153.277381,2176.691895,7318770
9/16/2020,2186.826172,2190.845195,2164.372586,2174.550896,3074003
9/17/2020,2150.088135,2180.492318,2141.045652,2166.731823,4828176
9/18/2020,2140.434082,2184.555036,2128.639372,2171.100415,4183256
9/21/2020,2153.888916,2188.486605,2142.399866,2153.626769,4598809
9/22/2020,2204.256836,2232.258398,2147.51121,2171.100634,7499613
9/23/2020,2155.76709,2201.548165,2104.700408,2192.94231,7502280
9/24/2020,2037.64563,2140.521725,2011.741034,2140.521725,8424708
9/25/2020,2116.320313,2131.784444,2054.987868,2068.879329,8228267
9/28/2020,2119.815186,2135.279318,2067.132106,2131.784589,4347166
9/29/2020,2174.070557,2193.859585,2119.815024,2127.285049,6995811
9/30/2020,2177.478516,2188.574239,2149.258534,2174.595321,3917166
10/1/2020,2204.693848,2219.153334,2177.478726,2192.942862,2610337
10/5/2020,2364.009277,2383.492433,2274.238434,2289.047304,17412105
10/6/2020,2371.435303,2390.394161,2315.344956,2390.394161,9846367
10/7/2020,2390.351074,2420.1,2361.563285,2395.636895,9656101
10/8/2020,2468.763428,2520.572818,2446.309841,2446.309841,19839329
10/9/2020,2457.624512,2472.38987,2428.836723,2455.047192,7739245
10/12/2020,2472.520752,2493.489126,2446.965546,2459.852359,4623203
10/13/2020,2469.506592,2494.275355,2456.969166,2485.625987,4209878
10/14/2020,2465.163818,2493.591731,2445.816943,2493.591731,4395936
10/15/2020,2404.622803,2481.088772,2392.689976,2466.392198,6629355
10/16/2020,2424.539795,2431.866018,2396.462759,2412.958061,5273773
10/19/2020,2379.134033,2433.928081,2374.790909,2433.928081,3331194
10/20/2020,2403.218018,2421.55574,2384.748556,2390.934318,3406273
10/21/2020,2347.415527,2411.992794,2336.579675,2403.21872,4570143
10/22/2020,2343.686523,2357.286337,2314.688382,2334.780925,5262294
10/23/2020,2357.418213,2370.754762,2342.765552,2358.29562,3499091
10/26/2020,2358.646484,2377.730095,2343.116417,2360.181947,2672752
10/27/2020,2307.712402,2384.924234,2302.40426,2368.780028,3537502
10/28/2020,2300.737061,2330.349553,2286.523107,2325.129023,3569445
10/29/2020,2309.906006,2329.516143,2281.478098,2288.278004,3105968
10/30/2020,2338.158936,2346.494305,2300.21107,2312.933476,3427003
11/2/2020,2285.295166,2338.158956,2281.30292,2333.903445,2571196
11/3/2020,2310.73999,2338.290494,2282.180339,2284.768648,2879269
11/4/2020,2327.893555,2388.17162,2290.033508,2290.033508,4893928
11/5/2020,2356.453125,2377.774169,2340.045649,2355.838983,2816502
11/6/2020,2375.536133,2380.625138,2352.59202,2368.122085,3884421
11/9/2020,2392.338867,2407.605669,2364.700537,2396.2872,3646592
11/10/2020,2324.77832,2380.537379,2314.907489,2366.542777,4760020
11/11/2020,2358.29541,2362.682447,2319.338397,2340.878789,3242441
11/12/2020,2343.598877,2380.406071,2335.438946,2356.716074,2437505
11/13/2020,2331.13916,2338.202116,2312.845136,2330.173927,2548093
11/14/2020,2342.984131,2359.347688,2333.946795,2349.652296,298819
11/17/2020,2339.21167,2364.612567,2325.173154,2364.612567,2827273
11/18/2020,2304.641602,2337.588286,2287.444548,2334.780625,2893762
11/19/2020,2313.635498,2348.073739,2308.327355,2313.723324,4167501
11/20/2020,2334.122559,2347.941722,2305.431385,2329.516171,2711471
11/23/2020,2390.276855,2395.321947,2338.290473,2360.225655,3706418
11/24/2020,2388.346436,2406.728074,2373.386599,2399.182287,3120516
11/25/2020,2370.139648,2397.909495,2358.645531,2394.44378,3302249
11/26/2020,2387.074463,2396.1555,2351.45164,2356.716084,2341099
11/27/2020,2351.144287,2384.529676,2341.843899,2373.386647,6086808
12/1/2020,2392.51416,2400.498438,2302.711441,2350.57405,3605017
12/2/2020,2412.475098,2416.993659,2371.149131,2385.670264,2509032
12/3/2020,2377.290771,2433.83962,2369.701285,2433.83962,2852548
12/4/2020,2393.172363,2403.087109,2368.122342,2378.475791,2686527
12/7/2020,2402.077881,2407.60559,2374.395638,2382.160778,1996400
12/8/2020,2454.371826,2461.610437,2397.471869,2404.096338,4277818
12/9/2020,2466.216309,2491.836557,2450.729942,2469.901376,3659996
12/10/2020,2442.964844,2480.693352,2439.411302,2472.533423,2127801
12/11/2020,2442.350586,2463.495969,2425.635937,2450.334862,1795408
12/14/2020,2454.722412,2460.250121,2418.353922,2458.495306,2483658
12/15/2020,2423.003906,2452.089869,2417.256846,2444.45647,2365509
12/16/2020,2469.199463,2474.113029,2422.038823,2438.31477,2565149
12/17/2020,2490.257568,2503.857383,2461.127686,2466.392131,2863460
12/18/2020,2510.262451,2542.726523,2497.276779,2516.404303,6076692
12/21/2020,2474.419189,2532.635228,2443.57842,2510.26135,2705195
12/22/2020,2520.353027,2530.136035,2473.104548,2486.572839,2881737
12/23/2020,2552.158691,2561.152117,2514.166909,2523.467513,2790988
12/24/2020,2552.685059,2563.213946,2529.740729,2552.37788,1807144
12/28/2020,2570.276611,2588.088021,2546.235739,2553.254997,2108994
12/29/2020,2571.242188,2590.106445,2562.029411,2562.029411,1994151
12/30/2020,2552.640869,2586.333221,2546.235754,2574.663662,2637968
12/31/2020,2511.797119,2548.867568,2496.223143,2544.480533,4040956
1/1/2021,2569.267578,2579.577113,2526.055274,2526.932682,2681440
1/4/2021,2666.835205,2676.749949,2580.410598,2588.351176,5113293
1/5/2021,2713.820557,2732.46546,2666.967096,2666.967096,5801309
1/6/2021,2677.407959,2731.807203,2664.860994,2719.962206,3726716
1/7/2021,2661.001221,2703.160689,2632.441567,2698.02777,3717827
1/8/2021,2738.300537,2744.530215,2684.866515,2711.188735,5879039
1/11/2021,2787.040039,2834.025237,2760.80565,2834.025237,9508039
1/12/2021,2785.636475,2816.477254,2763.832819,2787.040198,3611458
1/13/2021,2771.685791,2787.523036,2742.994615,2785.768221,3572801
1/14/2021,2857.615234,2871.504692,2743.071471,2773.487618,6931542
1/15/2021,2842.363525,2878.097917,2821.836993,2843.813917,4131692
1/18/2021,2832.165771,2862.93346,2801.969397,2856.999692,4160906
1/19/2021,2866.406494,2882.493647,2841.177026,2842.056103,2975735
1/20/2021,2908.689453,2925.523689,2872.031992,2874.581229,3453446
1/21/2021,2877.966553,2908.997802,2867.637397,2905.349718,2778546
1/22/2021,2903.678955,2922.930653,2849.879278,2849.879278,3052459
1/25/2021,2893.306152,2935.941387,2882.1857,2908.821775,2272887
1/27/2021,2866.713867,2906.623874,2836.781255,2900.953871,2786662
1/28/2021,2810.013672,2878.977221,2798.80544,2839.418755,3083938
1/29/2021,2735.116943,2827.859588,2725.139331,2821.88182,5445659
2/1/2021,2759.730713,2782.278954,2675.998621,2725.138944,3985846
2/2/2021,2816.079346,2834.144422,2769.09272,2790.190569,2881837
2/3/2021,2813.090332,2844.693107,2780.212724,2824.474336,2505866
2/4/2021,2802.893555,2846.320096,2791.949087,2827.15617,2057261
2/5/2021,2776.080566,2818.188474,2750.631336,2812.122716,2366135
2/8/2021,2825.441895,2835.902827,2773.620126,2803.816511,2526592
2/9/2021,2792.739258,2853.307784,2781.399252,2808.650635,2658751
2/10/2021,2824.738037,2830.100278,2775.509727,2799.860116,2127983
2/11/2021,2818.321289,2830.013058,2799.904666,2826.232983,1165882
2/12/2021,2804.958496,2853.043958,2797.222577,2799.156503,2777404
2/15/2021,2760.170166,2820.958258,2752.873784,2820.958258,2630853
2/16/2021,2732.874023,2784.607565,2725.138105,2769.091945,3435770
2/17/2021,2701.491699,2754.016552,2677.273084,2729.622164,3678426
2/18/2021,2687.645752,2723.292147,2664.481991,2694.370604,4189909
2/19/2021,2700.392822,2713.842529,2651.428061,2688.21752,3725028
2/22/2021,2600.705566,2721.622663,2587.255644,2721.622663,5366696
2/23/2021,2619.825439,2661.845366,2609.100742,2610.858896,3832829
2/24/2021,2591.607422,2640.176434,2567.916121,2612.61728,3774549
2/25/2021,2633.098633,2663.51456,2609.495336,2614.374255,4224073
2/26/2021,2544.3125,2612.9245,2531.741656,2602.067814,5553153
3/1/2021,2570.59668,2606.463061,2550.905443,2572.179061,3265871
3/2/2021,2642.813232,2659.207933,2591.519003,2602.067928,3306469
3/3/2021,2689.18457,2693.491962,2634.505809,2667.998728,3509857
3/4/2021,2680.921143,2708.831838,2651.340287,2657.449829,3916760
3/5/2021,2644.306885,2692.787882,2634.241499,2651.383496,3203686
3/8/2021,2643.339844,2666.239836,2633.713996,2651.295531,2003125
3/9/2021,2682.02002,2696.041255,2630.286465,2643.34063,1942397
3/10/2021,2699.601563,2719.161026,2689.975712,2703.161867,3053778
3/12/2021,2688.173584,2740.083126,2673.581034,2703.16189,2938317
3/15/2021,2695.381592,2724.259354,2673.272893,2673.272893,3097083
3/16/2021,2733.973389,2761.180778,2689.975543,2689.975543,4894756
3/17/2021,2736.522461,2773.487688,2712.21607,2729.533842,3838390
3/18/2021,2669.317139,2765.971606,2625.846827,2747.950528,3656306
3/19/2021,2681.360352,2724.259348,2641.626118,2663.603041,5776626
3/22/2021,2751.203369,2759.818367,2653.625818,2680.042126,2821646
3/23/2021,2762.587402,2785.794949,2745.225632,2760.301716,3305973
3/24/2021,2743.687256,2771.114415,2734.940268,2734.984265,2207104
3/25/2021,2694.239014,2752.258091,2681.184635,2735.863178,3179786
3/26/2021,2695.952881,2740.961572,2675.074806,2716.918735,3697370
3/30/2021,2776.608887,2802.893205,2690.766883,2710.194572,4694008
3/31/2021,2793.574707,2817.44156,2753.268944,2773.487713,3530069
4/1/2021,2782.278564,2826.232412,2764.697025,2805.222559,4285076
4/5/2021,2847.242432,2868.428273,2769.971649,2787.553189,5317862
4/6/2021,2869.922852,2878.977388,2839.41892,2878.977388,2291562
4/7/2021,2875.812744,2881.219197,2843.638651,2864.912274,2491268
4/8/2021,2916.205811,2931.721432,2871.109123,2874.581434,2578118
4/9/2021,2920.512939,2948.731391,2907.986095,2948.423628,2911129
4/12/2021,2853.967773,2934.447324,2824.650467,2920.513866,3791828
4/13/2021,2728.698975,2825.353447,2701.447588,2825.353447,8654596
4/15/2021,2829.704834,2845.791986,2714.10621,2778.147054,6062760
4/16/2021,2808.782715,2854.362942,2797.75047,2838.539556,3224657
4/19/2021,2779.46582,2803.376673,2755.994506,2785.795132,2679106
4/20/2021,2764.30127,2835.330725,2748.302113,2835.022962,3141893
4/22/2021,2741.665527,2767.334534,2729.75399,2767.334534,1988980
4/23/2021,2733.489746,2741.840977,2717.270819,2729.5339,1615309
4/26/2021,2725.841797,2771.72957,2714.633566,2726.940643,2490260
4/27/2021,2753.269043,2756.873344,2727.775811,2730.413042,1471417
4/28/2021,2746.324463,2769.971548,2735.687546,2769.048474,1639037
4/29/2021,2738.543945,2775.553164,2729.972947,2765.224011,1621395
4/30/2021,2668.569824,2753.31297,2654.812356,2724.259434,3072305
5/3/2021,2669.756348,2685.579731,2640.746812,2659.119432,1545831
5/4/2021,2680.964844,2716.34769,2667.998459,2692.436841,1990777
5/5/2021,2721.358887,2724.611429,2683.294806,2698.766649,1939289
5/6/2021,2735.203857,2755.027085,2702.282469,2729.973393,1791671
5/7/2021,2754.060059,2777.751354,2735.511664,2754.148052,1912540
5/10/2021,2765.136719,2781.575416,2747.11564,2765.53226,2137153
5/11/2021,2745.005615,2749.840538,2717.358475,2747.115314,2415625
5/12/2021,2714.237793,2742.719797,2699.293486,2742.719797,1978558
5/14/2021,2682.503662,2723.820284,2672.394276,2723.820284,2043935
5/17/2021,2698.546631,2703.337558,2668.877782,2685.580245,2890462
5/18/2021,2715.293701,2746.237176,2705.799624,2725.139323,2098538
5/19/2021,2709.315186,2740.961956,2696.217025,2711.073339,1986041
5/20/2021,2689.975098,2715.292553,2683.030477,2696.216629,2329027
5/21/2021,2707.996826,2714.765676,2685.668355,2690.854824,1685566
5/24/2021,2708.875732,2729.534042,2700.524501,2708.875732,1652260
5/25/2021,2750.835938,2763.42406,2722.656298,2731.401644,1841613
5/26/2021,2790.145996,2795.887946,2741.825322,2756.135985,1923753
5/27/2021,2809.138672,2842.486151,2793.061255,2793.193675,5959785
5/28/2021,2776.984131,2825.039755,2769.961111,2817.53105,1763701
5/31/2021,2790.720459,2800.614454,2763.733463,2782.637645,1652799
6/1/2021,2785.287598,2800.260794,2766.736681,2799.068365,1377441
6/2/2021,2764.483398,2790.984702,2751.718647,2783.387791,2240078
6/3/2021,2774.907959,2786.656916,2758.477061,2786.656916,1281706
6/4/2021,2777.116211,2788.688535,2760.552894,2763.203024,1836060
6/7/2021,2811.965576,2818.370059,2768.150207,2778.220618,2559821
6/8/2021,2826.938965,2854.191233,2815.499275,2825.03979,2574057
6/9/2021,2827.026855,2844.473549,2814.615367,2828.572765,1710925
6/10/2021,2841.647217,2848.007488,2820.622801,2835.64021,1874324
6/11/2021,2892.000244,2923.095078,2836.524114,2837.010015,3452954
6/14/2021,2894.252197,2922.829313,2888.951935,2896.59306,1847360
6/15/2021,2882.238281,2913.37732,2872.344502,2913.37732,1304985
6/16/2021,2892.485596,2910.462188,2873.62541,2881.664227,1635552
6/17/2021,2930.824219,2946.990062,2879.809194,2884.667768,2273413
6/18/2021,2912.759277,2966.380223,2893.059925,2960.108159,3380431
6/21/2021,2891.381104,2902.77658,2872.476708,2884.225664,1130569
6/22/2021,2916.204102,2939.039483,2901.893437,2918.6776,1708688
6/23/2021,2881.045166,2940.761527,2876.628282,2940.761527,1467104
6/24/2021,2980.161133,2988.464791,2896.151883,2901.010457,4155204
6/25/2021,2986.520752,3003.172278,2959.3127,2981.617967,2722861
6/28/2021,2947.608398,2995.973292,2944.295734,2995.973292,1355238
6/29/2021,2951.230225,2973.712127,2938.553678,2952.246022,1497322
6/30/2021,2955.55957,2987.581997,2949.155085,2955.780415,1693146
7/1/2021,2951.803955,2969.913182,2943.721143,2966.379674,990310
7/2/2021,2937.626221,2950.214344,2910.904064,2942.529007,1682274
7/5/2021,2933.69458,2980.513554,2916.91042,2952.245494,1972858
7/6/2021,2881.841064,2939.878895,2876.36417,2926.628239,2159420
7/7/2021,2893.015625,2899.861797,2863.55513,2893.059837,2640710
7/8/2021,2878.484131,2913.377524,2854.986215,2913.377524,2485811
7/9/2021,2834.005615,2899.243088,2827.689556,2870.975026,6365067
7/12/2021,2820.711182,2858.607969,2816.515141,2857.724592,1892226
7/13/2021,2815.808594,2839.173874,2804.722169,2839.173874,1809339
7/14/2021,2839.659668,2846.240784,2813.555834,2815.322588,2044279
7/15/2021,2835.58667,2861.172106,2827.663236,2857.409561,2232968
7/16/2021,2828.371826,2850.548755,2825.892929,2844.48433,1256526
7/19/2021,2819.341797,2832.798387,2811.728089,2815.269308,1597058
7/20/2021,2838.110107,2846.254868,2794.154595,2819.341689,1811945
7/22/2021,2847.450195,2855.063687,2824.122327,2824.122327,2859334
7/23/2021,2844.351563,2869.759767,2838.8625,2859.534453,1776193
7/26/2021,2830.806641,2854.444238,2824.875141,2832.975594,1259611
7/27/2021,2817.881104,2841.828644,2798.581414,2832.975595,1121367
7/28/2021,2831.027588,2836.914778,2773.128527,2822.351558,1660654
7/29/2021,2829.256836,2855.506034,2824.38766,2833.196399,1731997
7/30/2021,2804.158936,2853.780318,2799.64401,2849.796446,2999943
8/2/2021,2850.150391,2855.019567,2803.760502,2815.269465,2608669
8/3/2021,2908.137695,2912.652836,2849.751886,2858.649243,3804735
8/4/2021,2898.443115,2926.108886,2887.155481,2921.505345,2929598
8/5/2021,2907.296875,2934.785634,2888.307129,2899.37344,2534521
8/6/2021,2930.182373,2942.75366,2890.520668,2897.204764,2292362
8/9/2021,2941.602051,2954.261952,2930.358724,2942.664373,1510489
8/10/2021,2951.517334,2965.68221,2935.31643,2935.31643,2040777
8/11/2021,2960.636719,2974.62458,2945.498134,2965.771531,1929707
8/12/2021,2967.320801,2981.707006,2944.524199,2944.524199,1310205
8/13/2021,3066.164551,3080.860697,2972.410859,2975.2881,4363584
8/16/2021,3074.619385,3093.565038,3042.350067,3063.15473,2083489
8/17/2021,3145.532471,3152.393583,3065.810725,3082.720134,4336019
8/18/2021,3152.172363,3182.671073,3130.969354,3163.946962,2631309
8/20/2021,3151.242676,3164.964901,3098.567036,3103.878865,2836148
8/23/2021,3220.207764,3251.724703,3153.367248,3169.391352,3744176
8/24/2021,3198.783447,3246.722835,3182.139673,3237.559843,2511141
8/25/2021,3239.330078,3273.635637,3193.33854,3195.950145,2123263
8/26/2021,3250.706787,3264.650339,3229.503562,3240.215838,1902533
8/27/2021,3293.466797,3301.744484,3232.336669,3245.527625,3944728
8/30/2021,3276.779053,3311.350252,3264.650419,3288.907687,2033114
8/31/2021,3352.162354,3367.788113,3278.682054,3283.949575,3207480
9/1/2021,3288.863525,3378.943303,3281.825394,3360.617534,2643336
9/2/2021,3396.693604,3416.524347,3295.104865,3305.728524,3403717
9/3/2021,3401.385742,3414.53239,3368.186808,3386.29125,1746812
9/6/2021,3410.193848,3432.857735,3376.552268,3408.157604,1723693
9/7/2021,3378.234131,3426.084893,3371.461636,3420.817374,1585039
9/8/2021,3341.273682,3377.438476,3325.205483,3373.011951,4147175
9/9/2021,3356.544434,3371.860249,3333.172474,3355.039459,1441148
9/13/2021,3404.307129,3410.548355,3334.943407,3334.943407,1691473
9/14/2021,3440.205811,3449.590128,3386.290835,3408.379146,1991188
9/15/2021,3500.982178,3523.513142,3422.588394,3436.841888,2461369
9/16/2021,3455.61084,3525.06297,3445.695468,3479.248439,2946666
9/17/2021,3388.814453,3492.527836,3368.58515,3470.395213,6477148
9/20/2021,3384.963135,3427.015116,3371.1082,3372.126214,2002008
9/21/2021,3419.888428,3427.502136,3383.325293,3415.506212,1568129
9/22/2021,3419.179932,3449.900182,3410.592518,3419.489875,1744067
9/23/2021,3425.465576,3434.097298,3395.143887,3426.129555,2003869
9/24/2021,3427.281006,3491.996666,3412.850492,3443.836165,2320754
9/27/2021,3396.870605,3456.230342,3366.72593,3452.689123,1673362
9/28/2021,3345.699707,3408.423642,3320.999788,3408.423642,2253075
9/29/2021,3356.987061,3369.469944,3295.237053,3328.568907,2489161
9/30/2021,3342.511963,3368.584141,3319.981003,3368.584141,2252412
10/1/2021,3302.364258,3373.011631,3297.760716,3348.001768,1578374
10/4/2021,3340.520996,3349.683772,3282.223582,3297.583709,1356860
10/5/2021,3393.638672,3399.57017,3312.456271,3323.433963,1877966
10/6/2021,3373.807861,3415.018842,3359.731602,3396.029098,1678154
10/7/2021,3446.40332,3451.803767,3381.908989,3390.717729,1647233
10/8/2021,3484.25,3532.277789,3452.688968,3474.82159,2934339
10/11/2021,3262.879395,3326.532722,3240.215506,3324.31946,11845402
10/12/2021,3233.885498,3281.824663,3214.187468,3280.939358,5752877
10/13/2021,3235.966064,3253.893487,3226.935999,3231.362523,3545655
10/14/2021,3203.369141,3255.303245,3200.486379,3215.388083,6442299
10/18/2021,3235.034668,3239.957581,3194.498652,3196.272659,3590107
10/19/2021,3223.50415,3273.132177,3215.565511,3254.416313,3135441
10/20/2021,3201.062744,3219.822782,3173.964743,3203.856719,2933693
10/21/2021,3133.340332,3199.821211,3114.491505,3196.849879,4871211
10/22/2021,3103.49292,3159.152401,3091.207832,3157.733108,2691670
10/25/2021,3098.258789,3117.418151,3060.162033,3107.173217,2595594
10/26/2021,3089.078857,3130.235738,3082.337543,3099.634114,3878763
10/27/2021,3095.420654,3114.491231,3089.43338,3089.43338,2510813
10/28/2021,3035.015625,3120.478504,3029.117138,3120.478504,2424942
10/29/2021,3013.81665,3069.919631,3003.349964,3015.856802,3960501
11/1/2021,3083.578857,3092.981181,3027.298529,3049.473616,2020718
11/2/2021,3090.497559,3116.575591,3077.680401,3099.190236,3087414
11/3/2021,3097.638428,3122.163991,3074.398976,3108.238078,1537639
11/4/2021,3112.18457,3116.264873,3108.947094,3115.998728,328991
11/8/2021,3106.951416,3147.088323,3087.836448,3147.088323,2526082
11/9/2021,3109.568359,3135.557607,3100.964468,3111.608511,1782692
11/10/2021,3090.586426,3121.986264,3086.949625,3102.738331,1516489
11/11/2021,3094.045898,3113.427014,3047.744354,3086.772512,1284514
11/12/2021,3127.618408,3134.803006,3091.827734,3109.833947,1747259
11/15/2021,3151.789307,3166.247506,3129.348077,3129.348077,1809157
11/16/2021,3154.538818,3171.525063,3141.766056,3165.715148,2013204
11/17/2021,3123.937744,3160.260713,3110.189189,3149.394919,1632914
11/18/2021,3082.958008,3123.006346,3061.581353,3117.950252,2136598
11/22/2021,3067.613037,3118.660135,3051.558403,3085.353108,3167936
11/23/2021,3072.802246,3087.615163,3022.730936,3055.727427,2153461
11/24/2021,3054.219482,3098.347911,3037.10027,3079.853799,2161746
11/25/2021,3056.525635,3071.693483,3046.014772,3054.751628,1849619
11/26/2021,3057.36792,3095.642032,3026.366976,3037.986808,1941251
11/29/2021,3106.285889,3130.545518,3021.532671,3057.633666,2981745
11/30/2021,3130.368408,3161.058817,3096.52931,3096.52931,5588446
12/1/2021,3173.521484,3184.342885,3135.557687,3135.557687,2102118
12/2/2021,3231.264893,3235.788697,3170.239226,3183.632849,3152938
12/3/2021,3229.092041,3251.710632,3220.576937,3234.414062,2486263
12/6/2021,3136.799072,3244.658784,3124.026309,3229.091829,1849642
12/7/2021,3179.463867,3191.438414,3126.066303,3159.949791,1484458
12/8/2021,3217.073486,3234.414451,3194.100178,3194.100178,1428660
12/9/2021,3194.765381,3224.036501,3163.055001,3202.083161,1567957
12/10/2021,3225.854736,3230.467112,3171.126658,3179.907907,1510718
12/13/2021,3201.771973,3248.206691,3194.720338,3237.562649,1883864
12/14/2021,3214.32373,3224.258128,3172.545774,3197.648019,1747007
12/15/2021,3166.912842,3213.613487,3156.091227,3210.952476,1603233
12/16/2021,3176.89209,3200.708006,3166.602762,3177.246805,2072320
12/17/2021,3179.331543,3238.760786,3169.884824,3195.430572,4333992
12/20/2021,3154.982666,3198.534625,3113.515252,3183.455565,2312310
12/21/2021,3200.574707,3229.757035,3163.409131,3177.822938,2340989
12/22/2021,3220.487549,3225.853963,3198.755966,3214.500276,1224328
12/23/2021,3248.827881,3255.746552,3219.822908,3235.788972,1792861
12/24/2021,3256.101074,3286.34798,3232.950413,3268.60791,2209923
12/27/2021,3278.454346,3281.913573,3240.313188,3256.190467,1534135
12/28/2021,3287.7229,3304.088072,3276.457999,3290.783019,1456218
12/29/2021,3277.21167,3299.608507,3268.60778,3275.038555,1456923
12/30/2021,3311.849365,3317.393137,3264.172926,3265.370468,1966475
12/31/2021,3315.930176,3335.133718,3309.676757,3319.877299,1207141
1/3/2022,3386.35791,3397.223704,3321.8284,3326.263418,2346158
1/4/2022,3445.787109,3449.689838,3380.991455,3398.199455,2488606
1/5/2022,3424.67627,3432.703695,3381.612204,3428.268677,1733031
1/6/2022,3377.221436,3401.658425,3345.777205,3381.257345,1810293
1/7/2022,3418.067871,3428.179624,3367.419886,3388.353255,2460591
1/10/2022,3441.44043,3528.499732,3424.720328,3528.499732,3937092
1/11/2022,3473.416748,3481.488566,3420.285328,3420.285328,1906106
1/12/2022,3423.744873,3485.036904,3403.03347,3481.48889,3203744
1/13/2022,3457.450928,3479.714803,3421.17257,3475.279785,6684507
1/14/2022,3519.762451,3527.612518,3423.877514,3439.666217,3348123
1/17/2022,3565,3586.15512,3514.573981,3541.538801,3442604
1/18/2022,3539.676758,3585.002513,3530.274433,3578.128235,2389041
1/19/2022,3478.409424,3564.911028,3474.721978,3564.911028,3102539
1/20/2022,3400.127441,3483.163529,3386.310257,3474.277907,6176776
1/21/2022,3406.303711,3422.342304,3350.857508,3382.756809,3112358
1/24/2022,3351.079102,3420.653347,3323.311533,3412.078809,3258414
1/25/2022,3349.790771,3384.888981,3307.406395,3349.435433,3330501
1/27/2022,3242.585449,3317.357868,3221.12676,3315.225406,5718297
1/28/2022,3278.838867,3314.159213,3239.69766,3239.69766,3143862
1/31/2022,3319.890625,3339.216853,3306.695389,3331.219793,2739393
2/1/2022,3377.114014,3383.645033,3320.023889,3349.879668,2105169
2/2/2022,3426.473145,3433.403972,3377.113476,3401.326794,1984212
2/3/2022,3398.394775,3449.842435,3390.797526,3421.852729,1960538
2/4/2022,3389.775635,3398.483587,3348.990719,3390.13119,2307366
2/7/2022,3357.876465,3404.792591,3337.572732,3368.539211,1919149
2/8/2022,3326.288086,3376.269709,3306.339908,3369.028014,2946443
2/9/2022,3341.482666,3356.943562,3328.642985,3332.108291,1638721
2/10/2022,3350.190186,3367.472675,3339.216357,3367.472675,2112459
2/11/2022,3283.192871,3334.329669,3278.794532,3334.329669,3851488
2/14/2022,3317.668945,3370.538394,3296.565594,3309.005464,5951745
2/15/2022,3392.352783,3407.63601,3330.331099,3364.096462,3931683
2/16/2022,3388.176758,3424.60781,3381.867879,3415.633244,3256906
2/17/2022,3362.496582,3407.635579,3357.876103,3398.749958,3134372
2/18/2022,3371.115723,3390.708561,3338.861091,3348.990613,3688883
2/21/2022,3304.917725,3401.237985,3292.61127,3385.421536,7465922
2/22/2022,3186.739258,3259.157074,3172.166925,3243.251898,5408531
2/23/2022,3166.657959,3219.171854,3159.416047,3208.598051,2426203
2/24/2022,3022.577637,3095.617626,3013.203479,3086.865201,5039136
2/25/2022,3128.405029,3136.624229,3076.202006,3081.533378,2549723
2/28/2022,3158.127441,3166.613253,3070.781742,3101.081797,3288942
3/2/2022,3150.974609,3173.899556,3115.298926,3156.617066,2761341
3/3/2022,3149.419922,3179.808924,3136.713655,3165.814069,1928039
3/4/2022,3131.604248,3164.347635,3098.460835,3111.300515,2370257
3/7/2022,3096.550293,3152.618654,3049.14563,3065.539559,3054130
3/8/2022,3198.779541,3206.821073,3074.425301,3074.425301,3300992
3/9/2022,3227.791016,3246.806159,3196.202587,3203.266613,2719654
3/10/2022,3217.438721,3273.462602,3212.15182,3273.462602,2005441
3/11/2022,3198.068604,3234.233259,3192.470835,3201.711795,1623423
3/14/2022,3237.031494,3241.785388,3181.052086,3181.052086,1765688
3/15/2022,3193.403564,3251.24905,3185.850786,3251.24905,3651133
3/16/2022,3248.493896,3259.245584,3213.262498,3234.810128,3090475
3/17/2022,3263.466553,3296.565492,3252.403998,3284.658846,3600452
3/21/2022,3222.548584,3300.075638,3212.152449,3284.12599,2413831
3/22/2022,3288.523438,3297.453529,3221.037198,3234.365628,2907611
3/23/2022,3298.698242,3314.159355,3278.794536,3294.788655,1596195
3/24/2022,3331.974609,3339.393973,3283.236892,3287.679703,1879046
3/25/2022,3294.299561,3358.320504,3262.800077,3340.9046,1690133
3/28/2022,3294.521729,3299.231151,3253.20359,3283.237033,1760990
3/29/2022,3292.433838,3307.228311,3279.682884,3283.014992,2689063
3/30/2022,3315.714111,3321.445294,3293.188974,3321.445294,1583455
3/31/2022,3323.178223,3336.240044,3305.629119,3323.222694,2168110
4/1/2022,3339.883057,3343.659446,3312.604241,3330.331013,1387014
4/4/2022,3350.190186,3358.764723,3320.645496,3342.770605,1472994
4/5/2022,3389.687256,3408.169394,3351.656749,3351.656749,2314947
4/6/2022,3336.862305,3384.800194,3315.358925,3384.800194,2051729
4/7/2022,3273.596436,3328.109815,3269.020427,3328.109815,2494829
4/8/2022,3274.928955,3292.122719,3236.587586,3278.794287,2296773
4/11/2022,3284.480957,3298.653696,3248.672077,3278.794246,2291660
4/12/2022,3279.772217,3322.334262,3241.786181,3272.574776,4483476
4/13/2022,3253.869873,3296.432127,3248.183162,3293.899638,1621672
4/18/2022,3134.891846,3207.709473,3129.960282,3207.709473,3820792
4/19/2022,3084.999023,3166.435879,3055.898611,3154.395818,3170014
4/20/2022,3160.438232,3171.411846,3092.196609,3109.967854,2640370
4/21/2022,3224.280762,3237.920277,3169.856333,3181.052303,2280996
4/22/2022,3209.975342,3213.9294,3173.499821,3182.030105,1581465
4/25/2022,3152.796631,3184.607204,3139.379471,3161.504585,1960694
4/26/2022,3151.108154,3188.072211,3126.094998,3176.743043,1943469
4/27/2022,3164.347412,3170.789488,3115.565438,3150.841311,1727648
4/28/2022,3184.873291,3202.73326,3143.777292,3188.160928,1703660
4/29/2022,3151.463135,3219.482606,3142.710928,3196.157851,2051115
5/2/2022,3147.642578,3152.574142,3103.525553,3127.649929,1324161
5/4/2022,3091.974365,3150.352859,3079.134685,3144.177395,2305825
5/5/2022,3121.874023,3139.289928,3096.95003,3120.719066,1612262
5/6/2022,3050.078857,3087.309529,3042.881416,3073.536814,2010812
5/9/2022,3061.185547,3070.870788,2973.884316,3019.334183,2481830
5/10/2022,3055.542969,3078.690055,3040.659553,3051.322299,1622685
5/11/2022,3031.774414,3064.162465,3005.250744,3052.211346,1841769
5/12/2022,3028.797607,3065.273131,2976.772462,3001.563261,2807195
5/13/2022,3034.350586,3056.564638,3005.250178,3052.210771,2187823
5/16/2022,3000.49707,3047.768539,2991.433779,3034.440105,1195813
5/17/2022,3066.961182,3080.644952,2977.038519,2994.454424,1754076
5/18/2022,3064.473145,3105.524672,3059.363912,3078.867808,1866781
5/19/2022,2898.445068,3025.553919,2870.055553,3018.445422,4642963
5/20/2022,2926.0354,2944.606264,2905.642941,2941.140958,3065125
5/23/2022,2951.581787,2966.820544,2902.933002,2936.5207,2293690
5/24/2022,2921.592285,2954.335886,2910.574202,2945.71666,1711510
5/25/2022,2833.61377,2945.61131,2821.448053,2945.61131,3548046
5/26/2022,2886.6604,2899.676112,2845.153478,2854.501457,2813186
5/27/2022,2917.388184,2933.132091,2888.673118,2910.142261,3103153
5/30/2022,3019.322021,3029.475225,2939.796821,2949.323666,2094624
5/31/2022,3009.571289,3026.612246,2974.370754,3000.446729,4840965
6/1/2022,3001.385986,3030.727191,2987.833678,3030.727191,1493835
6/2/2022,3062.035889,3070.086816,2993.424144,3001.206663,2657939
6/3/2022,3077.377441,3110.610011,3069.371285,3094.59748,1913622
6/6/2022,3069.147461,3088.872275,3021.020766,3057.563115,1084210
6/7/2022,3008.095215,3058.324194,3002.10179,3042.401203,2308256
6/8/2022,3045.173828,3053.940437,2993.603251,3023.704688,2185707
6/9/2022,3065.704102,3074.560035,2999.507581,3028.043561,1279197
6/10/2022,3005.590332,3035.199944,2998.523493,3025.359921,1527582
6/13/2022,2880.085449,2945.745154,2855.798352,2943.061511,3030921
6/14/2022,2871.98999,2897.350285,2839.92037,2853.606992,2611493
6/15/2022,2868.187988,2892.966913,2863.446842,2879.101425,1404536
6/16/2022,2810.668213,2902.67251,2802.662057,2898.333867,2032028
6/17/2022,2763.167969,2789.870302,2704.977823,2765.941154,5240434
6/20/2022,2784.189697,2807.761112,2745.366421,2767.73011,1502769
6/21/2022,2873.241699,2896.321068,2795.818572,2799.933578,2964461
6/22/2022,2883.082275,2907.771878,2847.345141,2862.462909,3336315
6/23/2022,2959.878906,2968.1087,2883.081914,2883.081914,3692578
6/24/2022,2945.834473,2992.261401,2931.879444,2986.894116,2132118
6/27/2022,2965.156738,3008.273887,2957.821492,2996.734311,2037686
6/28/2022,2968.24292,2978.843396,2927.496453,2958.268802,1400046
6/29/2022,2943.509033,2981.527308,2926.065354,2926.065354,2133994
6/30/2022,2922.57666,2961.757672,2911.752546,2926.959856,2719603
7/1/2022,2965.514893,2981.527208,2909.113622,2916.225232,1502879
7/4/2022,2893.90625,2968.064159,2884.960774,2962.741644,2622535
7/5/2022,2877.133301,2926.959555,2868.769194,2911.752247,2170627
7/6/2022,2916.895752,2923.828495,2864.564723,2879.10112,2182144
7/7/2022,2941.138184,2969.360983,2920.742456,2926.06497,1989921
7/8/2022,2921.100098,2956.479495,2907.279382,2952.006758,2136916
7/11/2022,2785.442383,2884.916033,2778.464868,2868.053723,6974600
7/12/2022,2759.411377,2805.480586,2755.430683,2786.426675,3734815
7/13/2022,2718.306396,2782.04291,2714.951843,2776.675625,3863530
7/14/2022,2689.605713,2741.850659,2661.128854,2740.95375,4764908
7/15/2022,2685.883301,2716.647099,2648.571805,2707.364224,4574806
7/18/2022,2747.680176,2759.743556,2703.552306,2711.355368,3202795
7/19/2022,2757.322021,2761.537449,2717.678694,2717.678694,1865074
7/20/2022,2838.537109,2844.94992,2778.668445,2787.413306,3402251
7/21/2022,2849.748291,2855.757536,2819.926074,2840.510087,2420640
7/22/2022,2844.098145,2867.417776,2819.43315,2856.654869,2075886
7/25/2022,2840.285889,2857.954948,2824.455536,2838.716298,1797504
7/26/2022,2794.678223,2842.214392,2777.278278,2838.447419,2639367
7/27/2022,2860.107666,2864.816437,2789.386321,2793.870865,1389808
7/28/2022,2924.371582,2927.510763,2871.588404,2884.459134,2106333
7/29/2022,2961.503174,2975.315701,2937.376414,2950.830046,2430257
8/1/2022,2958.722656,2984.015439,2933.788549,2984.015439,1306913
8/2/2022,2952.44458,2971.369225,2934.371735,2950.8301,1269114
8/3/2022,2995.227051,3003.747685,2939.215138,2941.860975,2895824
8/4/2022,3009.084229,3038.637331,2966.3915,3004.644574,2150567
8/5/2022,3018.143066,3028.861083,3009.129089,3014.68988,1106933
8/8/2022,3026.574463,3030.565664,2992.088356,3018.098717,1068836
8/10/2022,3008.456787,3036.036737,2991.19129,3036.036737,1878359
8/11/2022,3069.670166,3075.230956,3027.11189,3049.489719,1449248
8/12/2022,3050.880615,3066.531632,3032.67332,3066.531632,1472354
8/16/2022,3042.942139,3062.808798,3038.278257,3059.355612,839942
8/17/2022,3050.476563,3065.589344,3023.569299,3036.126022,1622326
8/18/2022,3032.673584,3042.315356,3015.408086,3040.521538,1430659
8/19/2022,3036.70874,3068.773227,3023.703564,3037.829876,1398410
8/22/2022,3008.726318,3035.230025,3002.313287,3018.098974,1536532
8/23/2022,2945.987305,2997.380014,2932.892346,2977.692906,1849256
8/24/2022,2919.752197,2966.974359,2915.132985,2952.623818,1691923
8/25/2022,2886.432373,2940.202021,2883.338081,2938.273755,1946930
8/26/2022,2890.019287,2921.231755,2885.176068,2900.87197,1457962
8/29/2022,2809.612305,2818.715843,2763.376602,2802.840598,2539173
8/30/2022,2880.108643,2893.87628,2818.177264,2829.7473,3431525
9/1/2022,2808.849365,2861.139194,2799.252484,2861.139194,3546935
9/2/2022,2807.68335,2836.922665,2798.624702,2836.922665,2052900
9/5/2022,2810.374268,2823.424336,2791.404732,2801.629406,2147912
9/6/2022,2804.678711,2817.056096,2786.112743,2812.257547,1936453
9/7/2022,2824.904053,2835.935856,2782.211106,2782.211106,1291534
9/8/2022,2842.887451,2855.309728,2834.322146,2843.201457,1346113
9/9/2022,2885.938477,2900.154568,2841.855497,2865.62358,1561185
9/12/2022,2908.631104,2932.713199,2892.53163,2905.895487,1785928
9/13/2022,2896.432373,2927.01683,2892.530732,2927.01683,1972678
9/14/2022,2798.713623,2817.548704,2792.794157,2811.808577,5090269
9/15/2022,2784.319092,2814.27576,2780.417451,2807.324716,2138023
9/16/2022,2698.529541,2775.349913,2690.726478,2758.891549,5322221
9/19/2022,2716.557373,2728.396525,2679.784113,2723.015073,2072220
9/20/2022,2726.87207,2762.434419,2717.633865,2735.572043,1544295
9/21/2022,2691.80249,2727.858178,2689.066875,2715.839688,2253818
9/22/2022,2697.363525,2717.588863,2672.160519,2681.757399,2017983
9/23/2022,2674.626709,2710.906623,2671.891094,2694.313812,2652374
9/26/2022,2685.703857,2713.911817,2624.445156,2654.715831,2925489
9/27/2022,2706.377686,2713.149391,2669.200856,2699.157525,2227447
9/28/2022,2722.70166,2735.527502,2672.788763,2672.788763,2739767
9/29/2022,2688.305176,2740.819237,2681.757697,2739.159868,2493902
9/30/2022,2694.807617,2708.395699,2645.970973,2682.520009,2817353
10/3/2022,2677.228271,2709.292766,2667.407162,2686.24225,1763331
10/4/2022,2772.479492,2778.623405,2711.355246,2717.588719,2145875
10/6/2022,2782.16626,2801.943143,2773.645626,2790.283328,1790816
10/7/2022,2748.935791,2784.901923,2742.836986,2778.085328,1939879
10/10/2022,2797.054932,2804.633767,2695.210895,2699.695439,3064063
10/11/2022,2753.106934,2820.778671,2738.577052,2780.417768,4730645
10/12/2022,2781.090332,2789.296961,2746.380001,2766.874238,1665247
10/13/2022,2783.377197,2789.386443,2737.679736,2781.090036,2054781
10/14/2022,2779.655518,2825.263429,2754.407616,2820.778884,2245977
10/17/2022,2798.179199,2813.151292,2761.940183,2763.019215,1517005
10/18/2022,2827.809082,2837.386015,2813.286603,2832.575046,1793722
10/19/2022,2807.261719,2840.668031,2798.404214,2840.668031,1194289
10/20/2022,2839.139404,2841.567282,2792.109623,2792.109623,1587601
10/21/2022,2821.244385,2841.926677,2811.89248,2839.58881,1021913
10/24/2022,2843.095459,2857.752952,2837.070662,2850.649123,260949
10/25/2022,2843.455322,2863.373179,2833.608578,2860.001067,2069643
10/27/2022,2839.229248,2854.156557,2818.502168,2842.196752,2438421
10/28/2022,2844.489746,2858.203006,2828.078796,2832.574947,1355739
10/31/2022,2871.376465,2876.637049,2857.573415,2876.637049,1919414
11/1/2022,2931.220459,2933.828358,2880.638763,2890.5753,2991060
11/2/2022,2915.034424,2940.482682,2897.364639,2940.482682,1405955
11/3/2022,2883.605957,2902.759601,2873.040004,2902.759601,1422652
11/4/2022,2893.182617,2895.565708,2847.097078,2892.823013,1464013
11/7/2022,2907.8396,2916.022679,2873.129458,2903.613263,1474498
11/9/2022,2891.96875,2922.317763,2879.019706,2922.317763,1162267
11/10/2022,2882.616699,2900.016888,2850.559236,2850.559236,1573092
11/11/2022,2981.801514,3004.866894,2927.038497,2940.122337,3265394
11/14/2022,2999.38208,3011.521687,2975.552482,2989.040934,1342074
11/15/2022,2996.77417,3003.383379,2960.265342,2986.343013,1400708
11/16/2022,3017.231934,3028.517096,2986.7479,3002.439422,1748235
11/17/2022,3011.521484,3021.413015,2983.420545,3003.428414,1417986
11/18/2022,3006.530762,3023.885946,2986.34309,3012.420763,1164540
11/21/2022,2952.621826,2997.76313,2943.179911,2987.691798,1304194
11/22/2022,2980.902832,2984.499752,2927.218838,2949.474783,1149739
11/23/2022,2974.922363,2994.435608,2959.365642,2994.435608,1150011
11/24/2022,3039.531982,3051.04217,2974.922443,2982.071277,1296591
11/25/2022,3048.074951,3060.394578,3010.622109,3042.095159,1588981
11/28/2022,3053.111328,3072.669585,3026.404235,3026.808845,2195437
11/29/2022,3054.999268,3083.459811,3042.095229,3042.095229,1576028
11/30/2022,3049.109375,3070.780688,3034.901496,3042.095337,3410702
12/1/2022,3125.408936,3129.320674,3075.366869,3079.86302,2180856
12/2/2022,3092.587646,3119.339747,3069.072863,3109.628235,2411749
12/5/2022,3080.671875,3092.586672,3063.676516,3087.056496,1475065
12/6/2022,3044.208984,3064.531455,3028.607253,3057.427624,1166999
12/7/2022,3039.937256,3051.717038,3016.017648,3028.876682,1167505
12/8/2022,3012.915527,3039.937436,3002.933985,3021.413208,1285619
12/9/2022,2960.940186,3034.092649,2946.192898,3034.092649,1797896
12/12/2022,2955.27417,2963.86186,2909.998075,2927.443047,1527610
12/13/2022,2996.324463,3000.235982,2938.503928,2946.956603,1378016
12/14/2022,3026.223877,3036.699819,3004.237527,3011.341576,1213311
12/15/2022,2972.045654,3025.684645,2966.515257,3020.334269,1415694
12/16/2022,2913.72998,2960.265133,2900.196525,2944.978223,2703680
12/19/2022,2879.37915,2918.450646,2872.589921,2901.814893,2120965
12/20/2022,2917.057617,2921.598773,2844.849392,2876.547255,1529971
12/21/2022,2939.178711,2952.217548,2913.505647,2921.598718,1432566
12/22/2022,2931.220459,2962.064097,2918.091831,2962.064097,1384101
12/23/2022,2903.029541,2937.649899,2892.823192,2892.823192,1360281
12/26/2022,2925.105713,2942.281097,2900.062285,2903.029788,870157
12/27/2022,2931.039551,2943.898581,2905.861116,2939.762036,835883
12/28/2022,2928.882568,2936.97564,2900.916423,2922.318144,910795
12/29/2022,2939.358643,2941.831526,2902.715013,2905.502714,1037927
12/30/2022,2928.522705,2966.560183,2919.080789,2954.915197,1163131
1/2/2023,2932.794189,2937.650164,2909.189398,2932.38958,709547
1/3/2023,2977.665283,2985.443535,2918.271099,2924.295896,1245178
1/4/2023,2980.632568,2992.052965,2955.049519,2973.483734,1231668
1/5/2023,2977.440674,3001.000457,2951.227986,2994.615836,1826057
1/6/2023,2887.922363,2968.853069,2877.536212,2967.459219,2488376
1/9/2023,2985.398438,2991.738053,2896.554474,2903.613517,2885060
1/10/2023,2955.22998,2965.661138,2904.603497,2953.971146,3864655
1/11/2023,2993.266846,3011.970874,2941.516115,2958.5567,2720512
1/12/2023,2998.348145,3012.421009,2981.442574,2993.537175,2250391
1/13/2023,3034.496826,3038.498356,2971.955332,3006.036063,1742837
1/16/2023,3066.22583,3083.653532,3033.11771,3050.545412,1843607
1/17/2023,3107.012939,3110.139952,3054.223973,3062.501003,1688475
1/18/2023,3117.681152,3135.108853,3101.357011,3108.484453,2421189
1/19/2023,3102.13916,3114.922484,3091.011063,3108.484794,1585044
1/20/2023,3092.941895,3121.9573,3086.04437,3094.689178,1529349
1/23/2023,3140.580322,3144.351058,3086.044083,3115.841294,1067916
1/24/2023,3160.262207,3174.654953,3142.788476,3149.869891,1387863
1/25/2023,3154.238281,3159.066549,3131.476448,3150.145795,874110
1/27/2023,3137.040039,3169.182457,3110.59953,3150.789059,1785879
1/30/2023,3157.824707,3180.632567,3113.588716,3145.271302,1953798
1/31/2023,3088.895264,3171.941501,3081.81385,3171.941501,2820375
2/1/2023,3134.556641,3144.351034,3085.492167,3092.849526,2205161
2/2/2023,3182.425537,3190.334788,3145.363021,3151.708653,1813847
2/3/2023,3202.56665,3222.523443,3175.52822,3222.523443,1804469
2/6/2023,3182.011963,3194.151561,3160.767722,3194.151561,1138714
2/7/2023,3193.599854,3212.407059,3183.345399,3190.242924,1455647
2/8/2023,3237.330322,3255.539608,3198.658155,3198.658155,1986946
2/9/2023,3256.413574,3262.621347,3223.719261,3232.640015,1655427
2/10/2023,3253.378662,3257.793123,3226.340229,3237.238409,1187821
2/13/2023,3202.658447,3263.908554,3194.381418,3263.908554,1087939
2/14/2023,3218.936768,3241.698598,3214.246361,3223.44306,1579818
2/15/2023,3237.835693,3242.756017,3182.195665,3206.888892,1429449
2/16/2023,3272.231689,3287.82005,3243.675893,3243.859782,1618931
2/17/2023,3219.902344,3254.619884,3209.648114,3242.894092,1061369
2/20/2023,3207.165283,3239.077788,3195.899326,3220.684387,1296082
2/21/2023,3173.780762,3227.029558,3168.032825,3213.326567,1139541
2/22/2023,3128.303467,3170.102423,3122.279584,3140.626955,1218430
2/23/2023,3139.569336,3175.068461,3134.235205,3146.190915,1441570
2/24/2023,3127.291504,3158.100446,3110.599585,3147.57027,977592
2/27/2023,3064.202393,3117.68111,3049.625534,3117.68111,1128022
2/28/2023,3046.728516,3119.520298,3034.818611,3061.12126,4116217
3/1/2023,3113.726563,3116.761518,3048.705941,3056.0633,1669307
3/2/2023,3054.637695,3099.195659,3051.464879,3091.010687,1556538
3/3/2023,3073.674561,3088.251418,3063.512388,3084.572738,1043190
3/6/2023,3100.989014,3131.429952,3089.171166,3091.838119,1334132
3/8/2023,3118.048828,3123.19907,3063.282664,3093.769632,1844590
3/9/2023,3068.800781,3113.0828,3063.282762,3113.0828,1648500
3/10/2023,3063.420654,3069.168592,3025.714186,3046.774538,1024404
3/13/2023,3018.310547,3099.103636,3009.159876,3065.25974,1901233
3/14/2023,2956.693115,3038.957554,2951.588902,3016.517696,2670334
3/15/2023,2941.931885,2998.445778,2935.586252,2988.927105,1780522
3/16/2023,2929.148682,2961.15324,2917.192973,2950.30109,1901060
3/17/2023,2923.906982,2962.624956,2891.442585,2897.420441,6739966
3/20/2023,2890.798828,2915.031999,2846.42475,2915.031999,2289468
3/21/2023,2856.586914,2903.168107,2848.631634,2890.798591,1815297
3/22/2023,2879.30249,2890.982253,2856.586689,2878.612738,1123939
3/23/2023,2873.646973,2893.603993,2851.896865,2864.68019,1372218
3/24/2023,2869.830322,2915.353989,2856.495107,2895.948861,1329577
3/27/2023,2871.485352,2899.489255,2856.494687,2883.165114,1524217
3/28/2023,2865.599365,2896.546392,2860.311263,2875.807791,1303530
3/29/2023,2886.751953,2896.96038,2854.747618,2877.64731,1740616
3/31/2023,2948.369629,2954.899375,2898.799511,2933.700939,2382581
4/3/2023,2942.943359,2965.889076,2918.802027,2965.889076,1521830
4/5/2023,2979.546631,3002.124572,2929.60851,2929.60851,2655065
4/6/2023,2961.980713,2995.686748,2956.73864,2965.935338,1703464
4/10/2023,3001.250732,3009.159984,2956.738798,2961.337148,2203187
4/11/2023,2955.635254,3010.03364,2935.724265,3001.802639,2348779
4/12/2023,2981.247559,2998.997231,2942.023731,2968.648127,2417727
4/13/2023,2932.689453,2970.53378,2924.550285,2952.140382,4174070
4/17/2023,2887.303711,2909.283732,2823.616569,2882.337583,5505048
4/18/2023,2879.256592,2903.260066,2860.725333,2901.512559,2617302
4/19/2023,2841.412354,2887.763629,2824.766238,2879.256682,3298034
4/20/2023,2855.391357,2862.932606,2830.744157,2841.780197,2419999
4/21/2023,2906.938721,2910.249398,2851.712498,2860.173416,1929184
4/24/2023,2919.768311,2925.424191,2875.026231,2897.972177,1640676
4/25/2023,2920.871582,2934.85052,2894.66099,2927.309271,2024090
4/26/2023,2941.242188,2950.668804,2925.469939,2925.469939,2000029
4/27/2023,2931.861816,2942.208103,2915.951481,2929.148835,2434446
4/28/2023,2960.647217,2968.004576,2939.49481,2943.31135,2931312
5/2/2023,2960.7854,2975.132342,2952.140593,2975.132342,2321159
5/3/2023,2924.458008,2957.658179,2918.250236,2957.658179,2468285
5/4/2023,2961.980713,2965.429475,2922.710854,2924.688055,1953253
5/5/2023,2971.177979,2983.409635,2952.186882,2961.337554,1710027
5/8/2023,2989.479004,2993.387601,2971.72933,2984.328763,928235
5/9/2023,3019.506104,3033.071234,2985.248401,2991.318312,1107375
5/10/2023,3022.77124,3040.888693,3003.688089,3025.714139,1559987
5/11/2023,3018.494385,3043.831335,3009.159825,3043.187611,1719623
5/12/2023,3011.274902,3025.713673,2998.123579,3015.735166,1027479
5/15/2023,2993.572021,3027.553785,2987.410277,3020.196424,1150390
5/16/2023,2996.422363,3021.11559,2989.34095,2994.629052,986306
5/17/2023,2950.944824,3016.517334,2941.334318,2994.399228,1588815
5/18/2023,2942.806396,2969.568661,2938.345907,2966.809651,1369364
5/19/2023,2963.957764,2974.671827,2945.748258,2952.139917,1152449
5/22/2023,3033.7146,3042.68138,2958.623653,2970.533332,1333243
5/23/2023,3032.197754,3060.615465,3025.806093,3040.428755,1687418
5/24/2023,3037.991699,3050.728993,3012.838637,3012.838637,1016555
5/25/2023,3028.932861,3040.428735,3004.653665,3029.392696,1374917
5/26/2023,3061.489014,3070.455795,3026.633615,3028.932789,1791115
5/29/2023,3053.625977,3101.126836,3045.946643,3090.826578,1210372
5/30/2023,3049.80957,3059.696023,3036.152606,3048.706011,1344224
5/31/2023,3025.254395,3060.385743,3002.860341,3043.187959,5815424
6/1/2023,3056.98291,3071.697629,3032.611657,3047.786211,1177314
6/2/2023,3040.061279,3067.927101,3032.565834,3059.052375,2030661
6/5/2023,3024.701904,3059.741413,3021.16131,3048.705376,1861468
6/6/2023,2972.64917,3024.65655,2961.889077,3016.517381,2022849
6/7/2023,3011.827148,3015.460025,2980.650426,2991.686466,1567196
6/8/2023,2976.46582,3007.320793,2973.293004,2999.043763,1759366
6/9/2023,2951.496582,2988.927101,2947.863931,2984.328752,1775689
6/12/2023,2986.076172,2992.973696,2953.060112,2956.738791,2324605
6/13/2023,2983.133301,3002.722315,2978.810897,2998.123966,1371928
6/14/2023,2989.893066,2994.307527,2966.717428,2983.133402,1658544
6/15/2023,2979.932617,3008.793298,2974.095562,3006.801393,2273810
6/16/2023,2941.575439,2964.274926,2924.064497,2962.051393,4156189
6/19/2023,2974.466064,2978.635357,2941.667718,2955.565361,1468186
6/20/2023,2990.494873,2994.942164,2965.803484,2977.801737,1528452
6/21/2023,3018.753662,3021.718448,2987.020707,3011.156328,1645987
6/22/2023,3000.500977,3027.508638,2992.718387,3020.420931,1529603
6/23/2023,2979.979248,3010.600209,2973.308198,2999.389579,1119505
6/26/2023,2955.241211,2977.709068,2939.814917,2969.463224,1978803
6/27/2023,2962.375488,2973.771375,2948.431474,2966.683667,863542
6/28/2023,2979.145508,2993.506408,2958.715924,2972.243056,1575872
6/30/2023,3059.566406,3066.746856,2977.894673,2983.36099,2672406
7/3/2023,3031.817383,3074.900079,3028.528229,3070.730786,1687264
7/4/2023,3065.681396,3071.37934,3036.449973,3048.2166,1656681
7/5/2023,3075.965088,3084.350044,3062.113816,3076.011459,1453008
7/6/2023,3078.698486,3083.84066,3059.334527,3063.550191,1848238
7/7/2023,3084.582031,3110.199931,3059.334645,3059.334645,1789326
7/10/2023,3031.492676,3080.412422,3025.238737,3080.412422,1407431
7/11/2023,3031.910156,3052.849365,3021.16278,3052.849365,1110172
7/12/2023,3020.329102,3047.429512,3011.249487,3039.832177,1515240
7/13/2023,3095.051758,3119.974776,3032.23436,3042.657594,4585146
7/14/2023,3256.357178,3265.807757,3105.660468,3117.705094,6306101
7/17/2023,3235.093506,3289.016319,3221.520231,3252.048677,2743228
7/18/2023,3239.865479,3265.020126,3210.356055,3220.547661,2600090
7/19/2023,3215.034912,3258.39561,3192.427941,3242.783831,2405370
7/20/2023,3217.125,3231.615999,3191.811959,3207.650072,1715404
7/21/2023,3128.877686,3190.74355,3120.285185,3162.086537,3770223
7/24/2023,3153.447266,3170.818003,3132.407344,3140.674631,1680132
7/25/2023,3157.534912,3164.641278,3139.931943,3156.002286,1272980
7/26/2023,3147.455811,3177.692165,3144.390333,3158.649328,1066803
7/27/2023,3155.444336,3169.145889,3144.436784,3153.63299,1701769
7/28/2023,3116.894531,3152.472172,3094.229,3144.390623,2599831
7/31/2023,3178.249512,3183.079845,3122.003427,3125.254643,2743678
8/1/2023,3206.674561,3214.059421,3172.25807,3172.25807,1956167
8/2/2023,3196.084961,3201.426245,3170.957884,3190.790168,1914899
8/3/2023,3158.278076,3189.211124,3128.59916,3176.902947,2026351
8/4/2023,3198.778809,3224.277588,3159.485493,3159.485493,2248493
8/7/2023,3236.400146,3240.069331,3196.64237,3208.439595,1853889
8/8/2023,3223.906006,3241.88045,3210.901141,3236.39992,1634225
8/9/2023,3216.381592,3220.561727,3181.593625,3218.610906,1794589
8/10/2023,3197.431885,3218.611055,3186.238366,3204.770253,1096701
8/11/2023,3203.655273,3220.236338,3171.328853,3193.715887,1679974
8/14/2023,3204.630859,3209.414701,3168.542271,3196.131116,1190425
8/16/2023,3212.572998,3219.632872,3191.022125,3204.77017,1328445
8/17/2023,3191.533203,3214.802668,3170.586036,3209.414892,1843241
8/18/2023,3127.763184,3167.613717,3117.916552,3167.613717,2526749
8/21/2023,3159.856934,3167.381268,3132.314579,3135.101335,1375579
8/22/2023,3141.74292,3168.542321,3125.858543,3158.324213,1222012
8/23/2023,3156.698486,3160.181932,3136.030042,3147.177068,1330046
8/24/2023,3146.945068,3170.446762,3137.981092,3165.755676,1152881
8/25/2023,3140.953369,3145.133504,3112.110393,3135.101135,1158046
8/28/2023,3135.612061,3152.750568,3121.26031,3152.750568,1037485
8/29/2023,3136.169189,3148.616838,3125.811835,3140.721028,944517
8/30/2023,3149.916992,3165.848085,3142.578625,3156.465915,1188200
8/31/2023,3118.195068,3174.487419,3105.979649,3159.253239,3417652
9/1/2023,3139.002686,3148.106136,3118.194993,3126.741001,1277950
9/4/2023,3175.509277,3188.839354,3130.503202,3137.888062,1828332
9/5/2023,3185.588135,3201.983463,3163.108116,3176.902652,1501842
9/6/2023,3186.099121,3199.103987,3156.559679,3189.90778,1314818
9/7/2023,3209.647217,3214.059582,3179.039383,3186.935194,1885092
9/8/2023,3197.246094,3218.704213,3190.883135,3209.647253,1518917
9/11/2023,3233.241455,3237.932541,3200.125587,3215.917208,1783604
9/12/2023,3326.272461,3334.725486,3235.424158,3243.784427,4476016
9/13/2023,3314.243408,3333.750705,3293.01752,3317.262395,1754929
9/14/2023,3306.997559,3341.971262,3293.574727,3316.286747,2604721
9/15/2023,3342.529053,3350.935814,3309.227218,3314.243516,2952897
9/18/2023,3349.820801,3362.03622,3321.117297,3325.576154,1395753
9/20/2023,3349.728271,3367.33124,3325.529887,3325.529887,1649396
9/21/2023,3330.452881,3348.752537,3277.225784,3333.471867,2004073
9/22/2023,3347.498291,3375.458839,3311.64216,3329.245127,1989083
9/25/2023,3322.882324,3362.686592,3305.697324,3346.43051,1238778
9/26/2023,3330.824707,3339.417208,3284.65748,3314.01141,1726062
9/27/2023,3334.168945,3357.113199,3302.957177,3334.819143,1541134
9/28/2023,3285.35376,3346.708895,3276.622013,3344.107877,1755753
9/29/2023,3277.783203,3314.800484,3256.371578,3285.771769,2243791
10/3/2023,3264.081787,3282.985151,3232.730774,3282.985151,1948148
10/4/2023,3286.282959,3295.804378,3230.129855,3238.490125,1788138
10/5/2023,3334.215088,3366.402037,3298.776696,3301.377715,2990768
10/6/2023,3363.986816,3376.573713,3320.931561,3335.747773,2075691
10/9/2023,3379.732422,3417.492887,3372.904777,3385.956134,4233074
10/10/2023,3370.953613,3388.696055,3345.36208,3381.311195,1848148
10/11/2023,3353.304443,3390.554184,3348.752831,3390.554184,2426417
10/12/2023,3290.741455,3333.564477,3286.607812,3320.884826,4241281
10/13/2023,3317.029785,3322.742545,3274.438767,3279.083361,2890357
10/16/2023,3273.556396,3320.559552,3268.958294,3312.524495,1671104
10/17/2023,3257.765381,3282.938949,3254.328426,3279.084026,1672065
10/18/2023,3239.372559,3272.30269,3236.353572,3261.434383,1408245
10/19/2023,3218.324219,3238.068436,3214.83176,3231.223125,1514545
10/20/2023,3254.552734,3259.162735,3207.520953,3213.434714,1481211
10/23/2023,3175.949219,3240.02425,3167.707151,3234.482927,1106272
10/25/2023,3157.276367,3189.77943,3145.262171,3157.648805,1518537
10/26/2023,3107.590332,3142.002653,3101.303905,3136.740772,1984471
10/27/2023,3120.815186,3131.106345,3107.823282,3119.930475,1108851
10/30/2023,3146.519775,3150.524508,3104.796481,3119.930472,910972
10/31/2023,3137.392334,3165.564837,3119.976651,3165.564837,999811
11/1/2023,3101.90918,3140.047018,3083.608784,3124.586973,1563475
11/2/2023,3129.33667,3144.097994,3113.597184,3113.597184,1245384
11/3/2023,3120.768311,3155.227241,3114.621719,3149.73253,1402598
11/6/2023,3148.102783,3159.325264,3128.312181,3143.21334,1099852
11/7/2023,3138.975586,3170.361106,3134.831247,3146.007116,1191144
11/8/2023,3149.313721,3168.312609,3138.13785,3139.907272,992899
11/9/2023,3117.555176,3158.579974,3112.526126,3157.276213,2112352
11/10/2023,3104.516357,3117.55487,3094.178816,3108.753919,1338557
11/13/2023,3102.747559,3125.518349,3098.509996,3125.518349,1030990
11/15/2023,3170.501221,3178.603681,3125.56491,3150.757229,2059802
11/16/2023,3257.626221,3286.962877,3179.720964,3194.482515,3951984
11/17/2023,3261.9104,3282.446107,3252.690399,3257.626453,2021292
11/20/2023,3277.882813,3291.200543,3251.479728,3251.479728,1475621
11/21/2023,3269.12793,3295.996673,3260.559809,3277.882497,1807236
11/22/2023,3287.708008,3290.036314,3242.026821,3259.628726,1798051
11/23/2023,3267.312256,3300.607036,3259.628845,3287.568521,2729804
11/24/2023,3219.674805,3263.866008,3215.856292,3254.273341,1989733
11/28/2023,3231.828857,3242.166629,3197.230316,3219.67528,1689195
11/29/2023,3272.434082,3276.392202,3237.090442,3241.933273,1441634
11/30/2023,3248.080322,3275.135058,3241.933503,3259.116357,3266235
12/1/2023,3270.478516,3275.41457,3250.362086,3259.6287,1172141
12/4/2023,3271.223389,3304.145727,3257.765825,3301.211925,1625213
12/5/2023,3289.058838,3295.019211,3262.236703,3295.019211,1377656
12/6/2023,3356.57959,3364.728662,3283.051495,3289.99003,1896572
12/7/2023,3366.637695,3381.213029,3345.031058,3357.417693,1967653
12/8/2023,3377.626709,3394.669953,3354.669704,3383.494085,1641155
12/11/2023,3392.714355,3402.120803,3366.730551,3374.087907,1102503
12/12/2023,3419.909424,3444.403024,3381.631978,3389.035947,2236866
12/13/2023,3346.753906,3399.327014,3318.301959,3393.32003,3850968
12/14/2023,3415.392334,3425.404051,3378.465489,3380.700572,3290396
12/15/2023,3595.836426,3628.386104,3414.880406,3414.880406,8531230
12/18/2023,3594.159424,3659.165774,3567.104462,3593.135106,2521612
12/19/2023,3554.112549,3590.341127,3529.711947,3580.93468,2004435
12/20/2023,3520.445557,3631.0401,3507.872703,3564.403932,2586083
12/21/2023,3527.383789,3545.265135,3486.265994,3498.279962,1517562
12/22/2023,3561.376953,3581.819435,3503.634963,3539.025215,2413058
12/26/2023,3534.880615,3570.689914,3529.851338,3557.511794,1285231
12/27/2023,3549.456299,3555.975556,3509.223212,3538.09421,1293976
12/28/2023,3538.932373,3574.415852,3531.668239,3561.377337,1682889
12/29/2023,3532.878906,3560.073707,3506.801875,3531.575146,1574996
1/1/2024,3549.363281,3568.827831,3513.879803,3529.712285,825907
1/2/2024,3523.378906,3549.362938,3508.524359,3549.362938,1344068
1/3/2024,3438.209961,3512.808987,3433.832791,3508.291982,1803075
1/4/2024,3414.973389,3463.588378,3400.258448,3447.523065,3598144
1/5/2024,3481.19043,3490.364048,3422.470725,3422.610333,1963127
1/8/2024,3425.683594,3482.913316,3420.188655,3481.190278,1067805
1/9/2024,3436.486816,3494.648089,3429.827951,3455.159878,1370944
1/10/2024,3458.046875,3473.134253,3434.717202,3436.579847,1292227
1/11/2024,3479.001709,3513.87969,3452.412407,3468.244889,1777909
1/12/2024,3616.138916,3637.04706,3559.142027,3583.728849,6813450
1/15/2024,3635.696777,3692.693668,3618.187869,3688.037056,2801505
1/16/2024,3596.115479,3631.22629,3590.760374,3631.22629,1432672
1/17/2024,3617.815674,3641.424564,3550.713839,3556.720824,3458696
1/18/2024,3634.579102,3640.353255,3596.767319,3630.294927,2239110
1/19/2024,3697.834473,3717.059592,3671.575773,3699.663158,2941975
1/23/2024,3618.30835,3689.253642,3603.772283,3657.461949,2618854
1/24/2024,3602.881348,3642.12859,3568.932645,3638.705672,2657709
1/25/2024,3573.340332,3620.887291,3543.705421,3601.099393,2205154
1/29/2024,3564.618652,3582.437057,3545.721857,3564.431136,1646747
1/30/2024,3564.196533,3608.508089,3551.489152,3570.667336,1411621
1/31/2024,3578.638672,3595.566201,3560.351363,3574.184071,2459358
2/1/2024,3614.463135,3662.057029,3568.416765,3582.43699,2363107
2/2/2024,3719.638916,3736.613154,3631.203314,3634.063683,2826510
2/5/2024,3726.203125,3771.874458,3715.699691,3735.299843,1691523
2/6/2024,3878.7854,3891.820879,3741.865026,3748.429701,4474396
2/7/2024,3829.456299,3896.60364,3820.594033,3894.728018,2124267
2/8/2024,3877.003418,3899.417003,3831.941567,3835.645873,2345173
2/9/2024,3876.628662,3924.50372,3845.024255,3879.301057,2100596
2/12/2024,3864.436523,3900.917266,3850.228326,3873.157979,1013716
2/13/2024,3891.445313,3910.670431,3827.674188,3868.891149,1257415
2/14/2024,3845.11792,3858.997336,3797.664605,3851.588722,1391283
2/15/2024,3848.024902,3888.444176,3829.080944,3871.282424,1091582
2/16/2024,3871.563477,3889.991822,3845.117491,3857.44961,1307556
2/19/2024,3848.587402,3871.563765,3802.822423,3866.640258,772291
2/20/2024,3779.986572,3843.148214,3760.620873,3828.237116,1193648
2/21/2024,3743.271484,3810.653276,3733.049439,3763.434415,1885939
2/22/2024,3832.92627,3840.287946,3724.046354,3724.046354,2982052
2/23/2024,3800.103027,3873.158393,3794.757323,3873.158393,2538072
2/26/2024,3752.227295,3798.13308,3735.065314,3785.003731,1379284
2/27/2024,3849.150391,3867.531573,3750.305228,3750.305228,2960475
2/28/2024,3862.795654,3896.509675,3834.70804,3840.897682,1939225
2/29/2024,3840.428711,3880.754571,3811.778548,3844.086081,3772719
3/1/2024,3839.725342,3882.536309,3832.644825,3851.776301,2043265
3/4/2024,3826.924316,3861.810831,3822.422779,3849.713164,1749271
3/5/2024,3762.590332,3811.262615,3732.486518,3809.386994,2070859
3/6/2024,3811.544189,3818.765286,3712.276832,3745.662986,1744204
3/7/2024,3853.089111,3867.531304,3786.598196,3812.200473,2688905
3/11/2024,3865.983887,3894.727692,3834.707809,3834.707809,2304068
3/12/2024,3931.536865,3966.892511,3864.764561,3865.98399,4039801
3/13/2024,3890.976563,3977.255146,3874.939908,3943.493961,2837260
3/14/2024,3945.932373,3962.250188,3831.894501,3895.150015,2919608
3/15/2024,3956.857666,3975.379427,3917.235165,3931.865103,3373143
3/18/2024,3894.259277,3990.15043,3861.764225,3953.106904,1526904
3/19/2024,3729.954346,3805.635619,3719.919818,3799.305398,8931209
3/20/2024,3723.952637,3768.123615,3713.918107,3738.113671,1817913
3/21/2024,3725.875,3759.120344,3702.476669,3741.911655,3829582
3/22/2024,3667.683594,3693.098354,3615.26007,3654.648117,5852485
3/26/2024,3636.361328,3701.257789,3630.687527,3634.016801,3440925
3/27/2024,3602.037354,3652.773009,3591.252529,3646.677238,1968575
3/28/2024,3635.23584,3671.52907,3601.662169,3610.665244,4311783
4/1/2024,3673.170166,3688.690979,3646.255044,3655.304826,1569676
4/2/2024,3642.269043,3666.699056,3632.140642,3648.083423,2142666
4/3/2024,3701.820557,3733.424734,3611.509332,3611.509332,3973090
4/4/2024,3754.337891,3778.111256,3690.519822,3728.641738,3394637
4/5/2024,3731.783203,3753.118396,3714.199253,3730.61094,1636819
4/8/2024,3725.500244,3781.862534,3713.730673,3735.300321,2302538
4/9/2024,3701.116699,3766.107024,3680.95377,3736.237663,1876992
4/10/2024,3736.847412,3742.052307,3674.342419,3710.354259,2101965
4/12/2024,3752.555908,3763.76293,3700.132378,3724.046552,4354821
4/15/2024,3696.099365,3811.450078,3675.32695,3752.555522,4200329
4/16/2024,3631.953369,3684.376896,3622.622198,3659.337396,3051420
4/18/2024,3621.824951,3691.222944,3610.571223,3635.704595,3476284
4/19/2024,3588.251465,3612.96287,3564.524807,3599.317678,2957749
4/22/2024,3624.263672,3636.830245,3574.934733,3598.380002,1728883
4/23/2024,3633.735352,3652.772956,3620.512357,3635.939298,1807586
4/24/2024,3592.799561,3655.585938,3586.609919,3648.083453,1317312
4/25/2024,3612.634277,3632.750271,3573.996523,3574.184039,2856271
4/26/2024,3583.703369,3635.704932,3566.07248,3615.401191,2039178
4/29/2024,3629.515137,3636.64259,3581.686788,3599.317676,1110693
4/30/2024,3583.046631,3640.346961,3573.059038,3631.203306,2203078
5/2/2024,3623.044189,3630.359159,3543.095826,3543.095826,2491044
5/3/2024,3604.381348,3651.459625,3561.429803,3648.223995,2962234
5/6/2024,3677.203125,3694.927658,3613.385054,3613.385054,2053831
5/7/2024,3731.501709,3739.988941,3670.122047,3686.346217,2062112
5/8/2024,3729.626221,3736.519221,3693.661318,3714.668186,1247685
5/9/2024,3713.917725,3724.046126,3666.886612,3715.60583,1726486
5/10/2024,3651.741211,3726.484911,3643.441723,3716.168993,1672489
5/13/2024,3702.289063,3709.041254,3629.327346,3642.9256,931326
5/14/2024,3658.587402,3700.413855,3650.803527,3691.223264,1058317
5/15/2024,3639.080811,3682.735948,3634.485629,3661.682142,1115021
5/16/2024,3684.942139,3693.018745,3630.673371,3675.637702,2599399
5/17/2024,3621.793701,3702.937051,3617.920639,3701.992424,2765804
5/21/2024,3608.663574,3631.85421,3599.075704,3618.487832,1908117
5/22/2024,3619.810303,3628.548102,3606.16049,3622.644183,1311168
5/23/2024,3677.857666,3688.768153,3613.670312,3628.264752,2095742
5/24/2024,3636.341309,3668.742058,3631.429295,3663.499332,1309452
5/27/2024,3634.0271,3691.932777,3628.642772,3641.536838,1841538
5/28/2024,3627.272705,3655.706067,3617.920991,3644.370544,1801993
5/29/2024,3593.030029,3635.774397,3589.582233,3635.774397,1568095
5/30/2024,3529.220703,3584.292268,3509.714019,3567.855852,2919230
5/31/2024,3467.677979,3542.1619,3451.430442,3532.90451,10956800
6/3/2024,3497.812012,3543.815298,3491.341225,3526.103543,2156773
6/4/2024,3509.288818,3537.627624,3392.6274,3495.119415,3395997
6/5/2024,3538.997314,3574.279221,3495.119442,3510.233472,2799670
6/6/2024,3618.29834,3627.272294,3534.321111,3571.633869,4328036
6/7/2024,3678.329834,3698.214276,3624.816813,3624.816813,4552445
6/10/2024,3645.031494,3689.617834,3629.161717,3679.321494,1734661
6/11/2024,3638.797607,3665.10533,3628.312156,3632.090664,1419898
6/12/2024,3619.479492,3677.904757,3615.512105,3659.862291,2177001
6/13/2024,3663.404297,3674.598217,3638.702399,3643.236653,1932323
6/14/2024,3619.857422,3673.653876,3616.031637,3673.653876,1860730
6/18/2024,3603.846436,3629.256809,3584.906619,3614.190055,1774045
6/19/2024,3591.187744,3621.557635,3582.922259,3615.700764,1509050
6/20/2024,3577.538086,3598.98107,3570.736819,3585.803571,2846526
6/21/2024,3599.736816,3663.074094,3587.740101,3615.087003,4642195
6/24/2024,3605.451904,3643.425859,3581.363919,3597.847612,1702154
6/25/2024,3625.903076,3634.593598,3582.875275,3605.640875,1338808
6/26/2024,3642.3396,3652.824819,3628.311798,3631.617992,1639845
6/27/2024,3716.303711,3723.719124,3606.679947,3618.865541,4526556
6/28/2024,3687.964844,3740.722346,3682.013879,3700.859139,2731571
7/1/2024,3757.914795,3780.113528,3668.930985,3668.930985,2658723
7/2/2024,3794.944092,3800.611853,3762.023982,3772.462156,2307449
7/3/2024,3745.681641,3803.162277,3735.999215,3797.399961,1821198
7/4/2024,3798.297607,3823.235897,3761.59899,3778.366118,2518001
7/5/2024,3789.654297,3803.776423,3767.17213,3787.953922,1668616
7/8/2024,3772.083984,3808.027083,3757.772979,3799.289284,1758882
7/9/2024,3764.810059,3785.072257,3754.986032,3764.337745,1305801
7/10/2024,3692.688477,3781.625245,3685.934486,3763.110464,2669716
7/11/2024,3706.432373,3759.614912,3679.888497,3713.328195,4872189
7/12/2024,3952.271729,3967.385758,3751.396689,3759.614896,13509164
7/15/2024,3938.338379,4005.217774,3926.860794,4001.156063,4848030
7/16/2024,3947.076416,3962.28454,3915.383907,3940.983388,2029521
7/18/2024,4076.583984,4085.510892,3929.647471,3929.647471,5613364
7/19/2024,4073.601563,4126.955005,4057.363679,4087.803874,3903354
7/22/2024,4059.352295,4090.218746,4038.190757,4071.28233,1896386
7/23/2024,4073.554443,4129.748349,4039.421277,4055.233369,2365208
7/24/2024,4077.24707,4108.350226,4041.125949,4059.49418,1809793
7/25/2024,4092.633301,4112.043129,4046.902037,4066.595726,2810342
7/26/2024,4154.507324,4187.267413,4106.408555,4118.670068,3552210
7/29/2024,4148.116699,4195.362965,4138.553717,4180.213832,1746803
7/30/2024,4133.204102,4164.117707,4097.177294,4157.584736,1797906
7/31/2024,4152.140137,4179.266457,4113.93583,4118.669933,2330091
8/1/2024,4163.265625,4184.284768,4132.919742,4165.443128,2202244
8/2/2024,4055.280518,4164.11775,4042.924691,4132.872665,2811282
8/5/2024,3934.087891,4013.573688,3891.907206,4013.573688,2787771
8/6/2024,3949.379395,4031.799966,3939.532088,3949.142689,2203067
8/7/2024,3977.073242,4019.206764,3957.994435,4003.157968,1237666
8/8/2024,3950.657227,4006.945912,3938.77481,3958.658048,2441283
8/9/2024,4003.868652,4027.444399,3981.902224,3992.743507,1302536
8/12/2024,3972.528809,4013.573585,3963.72356,4005.052197,936912
8/13/2024,3973.759766,4008.839292,3960.55143,3988.956055,1495593
8/14/2024,4066.83252,4077.200393,3965.427907,3985.169216,3226545
8/16/2024,4181.208008,4191.575881,4095.094929,4118.670676,3457058
8/19/2024,4251.226074,4255.250063,4156.875459,4185.895429,2055210
8/20/2024,4282.754395,4322.237007,4260.693655,4265.427759,2212298
8/21/2024,4309.455078,4317.503055,4253.639804,4277.73658,1896990
8/22/2024,4262.586914,4318.402181,4258.042359,4317.502516,1829872
8/23/2024,4226.513184,4266.374431,4218.086571,4260.693506,1809253
8/26/2024,4263.013672,4310.07039,4246.491463,4250.278747,1844164
8/27/2024,4257.995117,4270.161857,4248.195429,4265.427753,930697
8/28/2024,4266.421875,4319.870097,4220.264359,4259.510268,1848058
8/29/2024,4271.866699,4313.716371,4222.821558,4222.821558,2133641
8/30/2024,4311.585449,4348.038052,4249.142429,4260.693828,3637222
9/2/2024,4280.624023,4344.013861,4272.05548,4332.652012,1216500
9/3/2024,4272.387207,4313.621071,4256.811819,4280.624271,1717263
9/4/2024,4241.046875,4248.384736,4200.759837,4238.869372,1265505
9/5/2024,4237.922363,4259.746396,4217.281394,4242.703623,1688793
9/6/2024,4219.743652,4278.636092,4203.884404,4236.029155,1649179
9/9/2024,4212.926758,4251.462553,4194.890005,4218.087117,1184938
9/10/2024,4268.126465,4298.519507,4204.310832,4206.204474,1385591
9/11/2024,4241.142578,4307.420046,4233.473236,4281.003833,1325919
9/12/2024,4277.453125,4291.560664,4195.647426,4270.399124,2742216
9/13/2024,4282.092285,4305.194623,4265.428145,4289.098667,1458786
9/16/2024,4273.239746,4304.295289,4255.439697,4286.258534,1155120
9/17/2024,4266.042969,4294.589523,4228.501617,4273.238899,1699364
9/18/2024,4115.025391,4257.900566,4091.212938,4257.900566,2961779
9/19/2024,4067.68457,4187.031624,4054.097598,4156.590962,2927551
9/20/2024,4057.032715,4100.397389,4002.685289,4087.330983,5447908
9/23/2024,4041.504639,4080.229517,4026.828916,4071.329494,1702319
9/24/2024,4044.155762,4062.808318,4014.520454,4025.550824,3012026
9/25/2024,4047.422363,4061.482745,4014.520339,4026.213669,2713073
9/26/2024,4064.22876,4087.236323,4033.45708,4033.45708,3964251
9/27/2024,4079.567627,4145.182134,4071.377256,4104.468833,3012477
9/30/2024,4041.504639,4070.145968,4033.503818,4058.926049,2503416
10/1/2024,4059.873047,4067.305683,4017.313727,4029.2433,1823365
10/3/2024,4007.656006,4051.446471,3986.115831,4035.918701,3350119
10/4/2024,4026.119385,4069.436443,3999.418849,4000.318514,2965463
10/7/2024,4045.623291,4068.725626,4004.483743,4046.617268,1472619
10/8/2024,4027.066162,4051.825437,3980.388075,4045.38724,1541867
10/9/2024,4026.781738,4066.595368,4020.864108,4033.45664,1082504
10/10/2024,4002.590088,4065.506514,3975.321834,4027.065498,2378875
10/11/2024,3928.548828,4016.366452,3893.753166,3922.678355,5759183
10/14/2024,3916.666016,3943.887113,3902.984733,3919.837958,2137590
10/15/2024,3897.871826,3948.195723,3877.231317,3911.364023,2759474
10/16/2024,3877.184082,3896.167887,3850.909803,3867.763261,2359151
10/17/2024,3890.486816,3910.322898,3875.290296,3894.084551,2522659
10/18/2024,3913.313232,3935.238245,3872.45334,3881.944647,2361000
10/21/2024,3872.311035,3929.353884,3862.962005,3922.37768,1595450
10/22/2024,3811.234375,3881.754833,3802.549922,3859.165476,1928049
10/23/2024,3859.402832,3904.29653,3791.919544,3796.143362,1966476
10/24/2024,3841.98584,3871.503896,3800.319097,3800.319097,2676744
10/25/2024,3851.145508,3883.843016,3827.559516,3850.670942,1759676
10/28/2024,3882.751465,3923.706362,3844.928513,3861.965363,1532534
10/29/2024,3867.944824,3894.757766,3853.565587,3887.497009,1445885
10/30/2024,3876.866455,3898.079618,3853.51798,3867.707437,1935002
10/31/2024,3766.577637,3870.839736,3758.557529,3862.961905,3740372
11/1/2024,3781.526611,3795.52629,3773.791289,3786.889339,154895
11/4/2024,3762.496338,3788.834715,3714.185678,3764.537108,2269192
11/5/2024,3769.330322,3783.234994,3740.619118,3740.619118,967590
11/6/2024,3929.069092,3938.702676,3773.032086,3799.940036,3792017
11/7/2024,3939.746826,3991.854013,3877.246704,3957.590763,3724349
11/8/2024,3936.045166,3957.63789,3908.188086,3943.638212,1648039
11/11/2024,3985.115479,4018.904163,3908.188153,3918.20176,1406487
11/12/2024,3983.881348,4003.433534,3952.512762,4001.535272,1587640
11/13/2024,3939.224854,3983.264427,3920.906352,3965.563232,1098813
11/14/2024,3935.000732,3948.383567,3907.049112,3924.655301,1825432
11/18/2024,3815.031006,3998.687804,3787.221429,3998.687804,3313944
11/19/2024,3834.061035,3921.950401,3809.905705,3815.410478,1776233
11/21/2024,3865.667236,3884.27006,3819.302107,3839.138847,2384347
11/22/2024,4028.68042,4038.504016,3847.776009,3863.911231,3096553
11/25/2024,4095.593506,4107.932204,4035.893284,4062.278929,4052167
11/26/2024,4131.28125,4144.474074,4090.753185,4101.240894,2060669
11/27/2024,4112.15625,4154.724857,4104.088639,4137.213673,1558993
11/28/2024,4028.965332,4119.180495,4017.670768,4099.296019,2558544
11/29/2024,4053.595215,4080.028599,3982.220396,4005.331823,2017425
12/2/2024,4059.099609,4070.062347,4014.870027,4052.787983,1670944
12/3/2024,4083.872559,4104.990719,4048.470165,4094.882569,2010905
12/4/2024,4132.894531,4163.789013,4070.868749,4094.12245,3302642
12/5/2024,4236.966309,4260.647303,4138.209454,4176.933798,3746747
12/6/2024,4219.360352,4237.868399,4188.276322,4226.478832,1842087
12/9/2024,4225.672363,4242.044869,4190.934085,4205.076504,2066639
12/10/2024,4207.069824,4265.20409,4187.660376,4200.995479,2087828
12/11/2024,4202.229004,4222.350297,4182.819095,4206.405086,1635256
12/12/2024,4228.330078,4256.851271,4200.852558,4204.696352,1914642
12/13/2024,4246.315918,4266.247663,4170.860024,4209.347554,1967048
12/16/2024,4190.602539,4247.360376,4173.328173,4232.174283,1646224
12/17/2024,4108.3125,4207.449393,4098.346627,4185.666657,3225027
12/18/2024,4126.677734,4140.10784,4071.390875,4092.366755,1575404
12/19/2024,4054.591309,4142.006338,4045.195007,4064.177621,3015763
12/20/2024,3958.159424,4159.090571,3941.265083,4108.786646,4116989
12/23/2024,3946.769531,4002.483682,3905.577356,3986.395733,2195338
12/24/2024,3966.89209,4003.433625,3946.770332,3946.770332,1181886
12/26/2024,3957.02124,3986.302018,3932.391111,3966.892108,1208464
12/27/2024,3952.987061,3968.268157,3936.282268,3951.231076,858100
12/30/2024,3947.244629,3985.684423,3902.825497,3939.841595,1527169
12/31/2024,3886.500732,3929.354126,3826.942776,3924.655743,1555429
1/1/2025,3903.25293,3923.706512,3877.626168,3886.120842,763161
1/2/2025,3963.332764,3970.213962,3888.541445,3910.418724,1720835
1/3/2025,3891.341064,3967.319259,3884.12781,3967.319259,1791953
1/6/2025,3886.69043,3938.560333,3859.545197,3896.656303,2085593
1/7/2025,3823.383301,3929.733444,3807.485361,3905.625616,2669054
1/8/2025,3899.408691,3916.113485,3813.370081,3829.647581,2181277
1/9/2025,3833.396484,3927.265415,3820.535718,3892.384863,2392472
1/10/2025,4048.659668,4078.415011,3957.8754,3986.349324,7894300
1/13/2025,4072.814941,4103.044848,4012.355129,4029.059922,4003771
1/14/2025,4017.717773,4094.455088,4004.429943,4083.160525,3441709
1/15/2025,4033.426025,4039.927664,3993.420258,4003.433402,1653474
1/16/2025,3992.327881,4075.56682,3978.613222,4043.29638,2637705
1/17/2025,3986.528809,4021.616501,3963.088873,4020.939696,1761466
1/20/2025,3941.582275,4007.310518,3932.206348,4007.310518,1287799
1/21/2025,3901.033691,3973.673233,3895.379015,3958.497734,1971591
1/22/2025,4017.75,4024.08101,3909.10455,3914.71085,2409223
1/23/2025,4006.972412,4051.339039,4001.75242,4028.768946,1822998
1/24/2025,4013.642334,4038.435411,3966.907354,3966.907354,1910099
1/27/2025,3929.354736,4017.508415,3906.059932,3964.973867,1551782
1/28/2025,3905.334961,3964.973843,3893.735818,3934.816117,2468272
1/29/2025,3962.847168,3970.628543,3918.577293,3918.577293,1217089
1/30/2025,3963.088867,3991.941831,3922.927021,3962.943972,1531251
1/31/2025,3975.026367,3990.540505,3948.7834,3972.706633,1492943
2/1/2025,3937.087646,3997.741503,3920.510631,3975.606565,437172
2/3/2025,3932.738037,3940.809203,3865.12474,3896.249063,1265713
2/4/2025,3969.855225,3981.261333,3930.225051,3947.285365,2547132
2/5/2025,3954.437988,4011.370355,3939.842305,4011.370355,1693912
2/6/2025,3946.366943,4001.221226,3916.209217,3968.260232,2284536
2/7/2025,3894.798828,3953.374595,3874.113784,3953.374595,1548940
2/10/2025,3902.096924,3916.644231,3880.252011,3905.045087,1339511
2/11/2025,3831.148926,3905.045091,3822.884489,3884.166537,1810908
2/12/2025,3818.196289,3887.404606,3808.530336,3838.446649,1678002
2/13/2025,3779.532715,3851.350797,3771.896706,3835.45035,2277310
2/14/2025,3803.407227,3816.117859,3769.721289,3793.886169,1681975
2/17/2025,3774.071289,3802.58585,3727.38469,3727.674715,1799806
2/18/2025,3743.817139,3793.306774,3735.407806,3768.175295,2149879
2/19/2025,3657.693359,3745.508401,3642.275976,3742.850263,4366672
2/20/2025,3653.150146,3661.46296,3625.98896,3635.848185,2888572
2/21/2025,3659.529785,3689.494239,3648.897237,3649.960586,1833931
2/24/2025,3552.817871,3637.49148,3547.404843,3618.111197,2508516
2/25/2025,3508.306152,3535.805742,3500.283364,3503.908096,4101954
2/27/2025,3491.873779,3516.473582,3480.419531,3491.052079,3823856
2/28/2025,3366.893066,3479.743067,3341.51994,3465.195761,7085018
3/3/2025,3376.365723,3405.556853,3360.030121,3368.584583,4990439
3/4/2025,3414.062988,3432.379922,3348.576156,3357.952084,2797737
3/5/2025,3428.562012,3480.08159,3403.237261,3403.237261,2501894
3/6/2025,3481.289551,3488.877182,3417.977562,3438.179308,2786513
3/7/2025,3490.568848,3503.90791,3454.998094,3479.743028,2051315
3/10/2025,3469.73877,3501.104976,3462.924461,3486.025995,1004626
3/11/2025,3455.868408,3468.869068,3419.475952,3439.146261,1995450
3/12/2025,3389.076416,3450.020297,3370.372938,3445.912267,3174167
3/13/2025,3393.764404,3406.571792,3367.714709,3385.306696,1693004
3/17/2025,3380.860352,3412.516348,3361.190279,3372.45102,2690906
3/18/2025,3380.860352,3380.860352,3380.860352,3380.860352,0
3/19/2025,3380.280273,3428.513281,3347.077633,3428.513281,3051244
3/20/2025,3444.123779,3459.396031,3394.682527,3394.682527,2845192
3/21/2025,3458.574707,3495.450223,3349.252685,3358.918638,4161925
3/24/2025,3507.72583,3527.831059,3447.458757,3479.742944,1834751
3/25/2025,3535.563965,3586.068569,3516.473708,3523.239875,3135390
3/26/2025,3514.346924,3557.553683,3504.729349,3525.897689,1734499
3/27/2025,3529.232666,3540.638538,3489.892285,3494.097069,2528474
3/28/2025,3485.687256,3538.656721,3471.913274,3529.039146,2051919
4/1/2025,3432.186279,3464.277193,3407.248076,3453.35462,2618493
4/2/2025,3425.56543,3445.042467,3412.129849,3425.613807,1764313
4/3/2025,3289.46875,3385.016791,3282.702583,3374.384243,4537821
4/4/2025,3189.18457,3286.085753,3185.414943,3250.273585,5317367
4/7/2025,3164.681396,3181.451683,2953.963621,2996.445437,6623955
4/8/2025,3182.949951,3237.127665,3146.557732,3191.746063,5557558
4/9/2025,3138.148193,3160.766428,3104.752281,3151.63215,2990265
4/11/2025,3123.55249,3188.749291,3098.904312,3179.663391,7108961
4/15/2025,3139.694824,3203.683386,3130.415651,3203.683386,3512160
4/16/2025,3164.439697,3168.596104,3121.136181,3139.694764,2384391
4/17/2025,3188.701172,3193.244359,3110.503706,3137.085077,2932346
4/21/2025,3210.642822,3241.960413,3174.395501,3180.195072,2432946
4/22/2025,3203.68335,3222.531958,3184.931495,3211.60962,2710498
4/23/2025,3298.989746,3306.625755,3225.818529,3252.593172,3543923
4/24/2025,3287.970703,3298.506498,3274.534887,3287.487405,2252175
4/25/2025,3332.820557,3361.625143,3291.256959,3305.755889,2742991
4/28/2025,3328.470703,3342.293062,3291.256786,3320.254644,1593296
4/29/2025,3356.502197,3378.250592,3315.808441,3339.586779,1578332
4/30/2025,3338.330078,3392.652686,3253.559719,3356.018819,2809332
5/2/2025,3316.388428,3374.867443,3305.75588,3356.018834,1721761
5/5/2025,3338.910156,3387.433193,3331.273912,3334.753749,1284443
5/6/2025,3344.419678,3356.985416,3322.187986,3344.419678,1324763
5/7/2025,3330.017334,3343.936211,3306.335751,3306.335751,1477128
5/8/2025,3333.69043,3360.851852,3314.165252,3332.820588,2543591
5/9/2025,3325.377686,3331.080503,3284.587413,3285.457255,2531757
5/12/2025,3499.46167,3509.224377,3385.210148,3387.916662,2228678
5/13/2025,3397.58252,3501.974813,3393.232841,3499.461571,3062887
5/14/2025,3430.156738,3442.045908,3391.396408,3403.382095,2119499
5/15/2025,3460.314697,3479.743359,3396.71291,3444.945925,3548330
5/16/2025,3442.335693,3473.846557,3427.643493,3473.846557,1666727
5/19/2025,3401.255615,3431.413342,3386.659932,3431.413342,2537377
5/20/2025,3381.44043,3439.146123,3377.284023,3413.821373,2038374
5/21/2025,3408.021729,3418.847549,3381.440358,3390.816285,1440153
5/22/2025,3360.851563,3380.95679,3336.010113,3378.250276,2034383
5/23/2025,3397.195801,3416.91425,3349.832633,3360.851725,1274331
5/26/2025,3419.137451,3426.580187,3392.846107,3403.381901,967470
5/27/2025,3381.827148,3421.747584,3366.748402,3414.014821,2467680
5/28/2025,3380.860352,3411.114832,3376.317401,3402.415474,1222933
5/29/2025,3381.24707,3414.497854,3370.034471,3387.626458,3188072
5/30/2025,3347.706299,3389.559925,3337.750555,3373.41783,3404365
6/2/2025,3334.560547,3344.419772,3304.40282,3334.753819,1877585
6/3/2025,3291.449951,3357.468451,3286.907001,3330.887083,2848125
6/4/2025,3297.008545,3310.563783,3286.379105,3304.907652,2544807
6/5/2025,3287.451904,3324.411384,3280.23538,3324.411384,3584683
6/6/2025,3300.226807,3306.76051,3275.359546,3287.452004,2070390
6/9/2025,3336.991455,3348.79131,3306.760666,3315.63496,1718678
6/10/2025,3376.974121,3399.306041,3338.259255,3354.64244,2419874
6/11/2025,3385.750732,3402.426521,3363.516665,3383.897973,2847013
6/12/2025,3348.986084,3388.481145,3338.25903,3385.750575,4060134
6/13/2025,3360.200928,3364.881872,3309.003623,3309.003623,2178493
6/16/2025,3409.54541,3421.930234,3341.184725,3354.64235,1934088
6/17/2025,3428.073975,3432.657305,3401.548943,3422.905437,2111940
6/18/2025,3365.759277,3450.210541,3357.665418,3431.779607,2696327
6/19/2025,3339.039307,3365.369348,3328.312253,3364.394161,2672768
6/20/2025,3350.44873,3360.785804,3326.264054,3340.014281,2351248
6/23/2025,3309.393799,3340.014567,3286.379297,3330.2627,3123421
6/24/2025,3306.272949,3356.690293,3298.081476,3349.376393,3403048
6/25/2025,3359.323242,3364.394165,3315.63483,3322.75374,1757699
6/26/2025,3356.397705,3365.759355,3330.555257,3359.323265,2879106
6/27/2025,3355.715332,3380.387367,3345.86585,3369.270333,1778433
6/30/2025,3376.096436,3378.924382,3344.89046,3354.544714,1468351
7/1/2025,3344.5979,3398.525775,3328.799923,3369.270172,2375183
7/2/2025,3338.356689,3403.303981,3335.138526,3400.671025,3090585
7/3/2025,3316.415039,3350.058981,3313.294489,3344.890444,2531870
7/4/2025,3334.943604,3341.9649,3305.980605,3323.436353,1109320
7/7/2025,3327.044678,3341.08751,3323.826514,3333.481006,1639174
7/8/2025,3321.681152,3340.014711,3309.198714,3320.510976,2325242
7/9/2025,3299.83667,3329.287259,3283.453486,3325.386513,2034938
7/10/2025,3298.081299,3314.659472,3272.726446,3296.130925,3035012
7/11/2025,3184.959717,3252.247598,3180.181397,3218.01845,7635550
7/14/2025,3142.734131,3190.810883,3120.59744,3184.959763,3924009
7/15/2025,3171.599609,3178.523292,3126.44842,3126.44842,2590889
7/16/2025,3163.576172,3175.122236,3151.344969,3157.607249,2540733
7/17/2025,3140.189941,3172.284664,3135.199754,3154.769678,2947640
7/18/2025,3121.304932,3159.368577,3118.467388,3155.650244,3432645
7/21/2025,3090.286865,3128.839762,3084.220236,3121.403094,3844346
7/22/2025,3091.656738,3111.715911,3086.764257,3091.656738,3198036
7/23/2025,3110.737305,3113.574848,3089.699637,3091.656629,1922875
7/24/2025,3080.306152,3105.453458,3072.478182,3097.038534,2934778
7/25/2025,3068.368408,3089.014535,3058.387795,3072.478044,2568917
7/28/2025,3013.083496,3050.951253,3003.885488,3043.123283,3374473
7/29/2025,2990.284424,3007.897356,2975.802632,2994.198409,4785312
7/30/2025,2987.936035,3003.004781,2981.673516,2994.198315,2880121
7/31/2025,2971.497314,2994.002727,2950.166049,2976.29185,2968371
8/1/2025,2938.424072,2971.497291,2935.488584,2964.745524,2053847
8/4/2025,3008.288574,3013.181055,2927.269281,2944.392964,2519252
8/5/2025,2998.014404,3011.322048,2976.585433,3008.288614,1927996
8/6/2025,2967.093994,3000.852112,2960.92942,2997.133779,1487081
8/7/2025,2981.478027,2985.979206,2946.154218,2951.144644,2543076
8/8/2025,2971.105713,2994.002667,2959.950952,2982.554309,2762140
8/11/2025,2975.411133,2984.315304,2956.330458,2971.105606,1884215
8/12/2025,2970.127197,3029.815464,2961.80998,2975.606871,3358232
8/13/2025,2970.910156,2978.933777,2963.473728,2970.81245,2148166
8/14/2025,2957.309082,2990.186411,2954.177942,2968.75744,3342174
8/18/2025,2946.447754,2983.434959,2938.815436,2980.988718,2945609
8/19/2025,2951.340088,2959.950902,2946.349901,2946.447607,2650784
8/20/2025,3031.968262,3036.664852,2946.153958,2946.153958,4952358
8/21/2025,3035.882568,3062.69327,3016.801891,3062.69327,3230726
8/22/2025,2988.327393,3029.130636,2984.413408,3019.639271,1593791
8/25/2025,3073.06543,3084.220191,3010.930918,3020.911532,3448370
8/26/2025,3089.308105,3094.004935,3052.908095,3061.714561,5522097
8/28/2025,3027.173828,3078.838478,3020.128703,3077.370734,3116051
8/29/2025,3018.367188,3048.01567,3011.028466,3026.488754,2271789
9/1/2025,3045.667236,3063.769415,3023.553128,3023.553128,1246862
9/2/2025,3044.591064,3087.155651,3036.371792,3053.984724,2185229
9/3/2025,3030.89209,3074.337227,3021.596376,3062.595272,1799774
9/4/2025,3029.130615,3050.951128,3024.336079,3048.994136,1481391
9/5/2025,2982.75,3036.664997,2963.473673,3030.500662,2802055
9/8/2025,2954.079834,2998.992711,2951.144346,2984.413214,2626187
9/9/2025,2983.826172,2994.198327,2965.626286,2966.898379,2489301
9/10/2025,3043.123291,3055.550145,2987.740309,2990.675797,2079428
9/11/2025,3057.017822,3071.499614,3043.221169,3071.499614,2263446
9/12/2025,3066.019775,3080.990814,3053.886519,3076.39193,1447167
9/15/2025,3044.982422,3066.607285,3029.424427,3066.607285,1732539
9/16/2025,3078.05542,3082.263001,3042.242603,3060.736085,2573429
9/17/2025,3104.572754,3113.966174,3074.826326,3084.219985,2418271
9/18/2025,3108.388916,3134.123415,3093.417876,3116.510482,2633138
9/19/2025,3101.050049,3112.107103,3076.391993,3101.832894,4901694
9/22/2025,3007.70166,3040.089741,2999.090846,3028.445732,3634901
9/23/2025,2996.546875,3014.453404,2986.370609,3003.983542,3177741
9/24/2025,2970.127197,2991.26281,2967.778902,2984.413337,1625714
9/25/2025,2893.804443,2964.452057,2887.542164,2957.015391,4974361
9/26/2025,2836.758545,2891.260738,2829.126226,2877.757442,3934636
9/29/2025,2833.822754,2866.308778,2831.767816,2853.294731,3110035
9/30/2025,2826.28833,2852.610021,2823.059484,2848.40244,2253458
10/1/2025,2851.533691,2861.905847,2804.957414,2828.832626,1952902
10/3/2025,2839.498047,2861.122909,2828.930479,2861.122909,2899519
10/6/2025,2924.137939,2929.226311,2833.333683,2839.595964,2112774
10/7/2025,2909.753906,2939.891635,2891.945324,2930.595922,3062943
10/8/2025,2962.10376,2977.564048,2904.17683,2911.026304,4121889
10/9/2025,2995.861816,3000.069398,2955.058572,2968.757519,3211304
10/10/2025,2963.179932,3003.983173,2942.239971,2984.41325,8817365
10/13/2025,2942.533691,2970.225181,2933.727226,2961.907964,2866865
10/14/2025,2896.642334,2962.103634,2891.945504,2956.037005,3611416
10/15/2025,2916.776367,2926.499514,2898.31198,2917.954894,4282226
10/16/2025,2917.660156,2921.883431,2890.553079,2916.874392,3251495
10/17/2025,2909.311768,2935.436938,2902.633129,2916.972552,4374683
10/20/2025,2961.365479,2969.026262,2925.320782,2932.195801,3133039
10/21/2025,2953.017334,2977.669286,2942.508423,2976.981832,310644
10/23/2025,3018.330078,3042.687339,2981.892617,3000.455075,5564758
10/24/2025,3008.508545,3034.830097,3003.696127,3025.00864,2684318
10/27/2025,3029.821045,3038.955047,3005.562095,3011.749661,1946312
10/28/2025,3003.303223,3035.026577,2985.919292,3021.080156,3470737
10/29/2025,3003.008789,3021.080174,2991.714114,3003.303241,2895420
10/30/2025,2981.106689,3009.09784,2978.651325,2994.660347,2241536
10/31/2025,3003.401367,3012.63344,2971.088872,2980.812017,1868085
11/3/2025,2962.937012,3003.401364,2956.258373,2992.499452,2194877
11/4/2025,2936.812012,2975.214004,2922.865591,2965.687239,2670720
11/6/2025,2957.142334,2970.008538,2936.615585,2936.713896,2542721
11/7/2025,2938.383545,2950.365674,2907.642337,2947.419237,1830520
11/10/2025,2971.187012,2993.48167,2938.579824,2939.561969,1556656
11/11/2025,2992.5979,3001.14252,2964.115676,2990.633609,2806868
11/12/2025,3075.883789,3080.401515,3002.517557,3005.365684,4460315
11/13/2025,3050.249756,3075.981924,3046.615865,3075.883854,1740435
11/14/2025,3050.544434,3057.517764,3022.356901,3034.830103,2210794
11/17/2025,3046.812256,3067.732007,3031.490927,3050.544457,2232853
11/18/2025,3031.981934,3049.562245,3023.044312,3046.615808,2548350
11/19/2025,3091.499756,3098.669467,3028.446054,3041.70502,3151053
11/20/2025,3088.651855,3108.000078,3082.071527,3091.794674,2700767
11/21/2025,3094.348145,3113.401674,3079.222958,3088.651652,4177037
11/24/2025,3085.115967,3122.142811,3075.098129,3101.616062,6703764
11/25/2025,3063.508789,3093.562543,3059.383825,3089.142887,2737920
11/26/2025,3106.428467,3121.258962,3061.348076,3063.115986,2508527
11/27/2025,3080.598145,3123.22317,3069.205159,3123.22317,2836233
11/28/2025,3081.481934,3091.107009,3069.205113,3083.937298,1616690
12/1/2025,3077.455078,3097.687374,3066.455095,3081.874734,1747647
12/2/2025,3079.714111,3087.865968,3064.687235,3075.098075,2512003
12/3/2025,3123.223145,3154.553495,3082.955173,3083.937319,3952112
12/4/2025,3171.544678,3191.973355,3130.490942,3136.973199,5025905
12/5/2025,3180.384033,3213.187842,3164.866084,3172.330487,5244013
12/8/2025,3178.714355,3201.696467,3151.312588,3185.098302,2544725
12/9/2025,3151.018066,3175.964471,3124.401822,3172.33058,2734893
12/10/2025,3132.259033,3167.419897,3121.35736,3167.419897,1386849
12/11/2025,3134.910645,3151.116048,3096.803585,3147.776849,1914362
12/12/2025,3163,3165.455364,3128.821284,3140.607032,1146554
12/15/2025,3172.526855,3180.384021,3140.214359,3153.768017,1562190
12/16/2025,3147.875244,3162.509119,3134.125204,3162.509119,1734623
12/17/2025,3160.348389,3179.107227,3143.357221,3143.357221,1376350
12/18/2025,3222.223633,3229.098653,3163.491273,3170.366292,2307422
12/19/2025,3223.4021,3258.661033,3220.259281,3240.098576,3902511
12/22/2025,3265.536133,3269.170264,3232.24149,3250.902258,2632816
12/23/2025,3250.9021,3260.625246,3234.696696,3260.625246,2365420
12/24/2025,3259.741455,3267.696931,3237.250415,3245.107581,1367708
12/26/2025,3221.437744,3260.72357,3213.384198,3253.946861,1176664
12/29/2025,3193.446533,3229.294849,3184.999985,3221.437684,2079473
12/30/2025,3188.830566,3209.160934,3181.660855,3191.973385,2807593
12/31/2025,3148.955322,3188.044767,3141.392849,3182.151893,3362634
1/1/2026,3169.776855,3176.357423,3141.09825,3157.598345,1255735
1/2/2026,3192.660889,3196.196709,3162.017992,3176.259104,1184324
1/5/2026,3158.678711,3189.026916,3134.026759,3182.642969,2341703
1/6/2026,3197.669922,3204.937704,3147.776874,3152.687602,2912325
1/7/2026,3236.759277,3241.670006,3165.651789,3185.00001,1989442
1/8/2026,3146.696289,3228.214376,3125.187396,3228.214376,4159336
1/9/2026,3150.526855,3172.035749,3134.026761,3134.026761,1938673
1/12/2026,3181.759277,3193.937788,3117.625116,3145.812649,2228342
1/13/2026,3209.6521,3221.437848,3153.178723,3187.062749,5645341
1/14/2026,3135.5,3201.794832,3126.169616,3201.794832,3539511
1/15/2026,3135.5,3135.5,3135.5,3135.5,0
1/16/2026,3206.699951,3221.899902,3171,3219.399902,4293470
1/19/2026,3163.600098,3220,3152.100098,3188,3387562
1/20/2026,3102.300049,3160,3091.100098,3151.600098,4499273
1/21/2026,3122.600098,3138.5,3082,3100,2015150
1/22/2026,3150.399902,3160,3122.300049,3150,2269827
1/23/2026,3162.5,3194.5,3152,3190.300049,2068857
1/27/2026,3158,3175,3130,3175,4279874
1/28/2026,3200.100098,3205.199951,3170.600098,3176,2751234
1/29/2026,3144.399902,3200.100098,3125.600098,3200.100098,2457641
1/30/2026,3123.899902,3141,3092,3141,3022068
2/2/2026,3169.600098,3198,3134,3198,2636272
2/3/2026,3225.300049,3350,3186.300049,3350,4366060
2/4/2026,2999.100098,3120,2986,3120,10852595
2/5/2026,2991.5,3029.699951,2972.300049,2990,3521545
2/6/2026,2941.600098,2985,2916,2976.600098,4687389
2/9/2026,2948.199951,2977,2937.5,2959.100098,2380318
2/10/2026,2984.600098,3011.600098,2943.5,2949.800049,3547763
2/11/2026,2909.800049,2998,2904.199951,2980,3363513
2/12/2026,2750.100098,2880,2740,2869.800049,10612156
2/13/2026,2692.199951,2713,2585,2585,11168735
2/16/2026,2706.600098,2719.800049,2671,2700,2918730
2/17/2026,2717.399902,2760,2695.199951,2716,4209118
2/18/2026,2694.899902,2730,2657.300049,2730,2950820
2/19/2026,2677.899902,2748.699951,2666.600098,2708,3238849
2/20/2026,2686.199951,2702.600098,2647.5,2667,2293482
2/23/2026,2676.300049,2704,2660.199951,2686,4699596
2/24/2026,2573.699951,2647.5,2561.300049,2641,7798833
2/25/2026,2629.300049,2654.199951,2595,2596,3621285
2/26/2026,2647.699951,2671,2635,2650,3464267
2/27/2026,2637.399902,2688.600098,2626.100098,2681.600098,5083717
3/2/2026,2613.5,2623.800049,2580.300049,2592,3373387
