Date,Close,High,Low,Open,Volume
3/2/2016,328.7797852,332.5327408,313.2627935,316.4383815,2339747
3/3/2016,333.2544556,334.8783268,326.3620333,331.7749373,2371409
3/4/2016,325.6764526,333.4349498,324.7382246,331.9915085,2756908
3/8/2016,323.9443359,331.6667341,321.1657069,328.3829138,2050957
3/9/2016,334.9866028,337.4043711,319.0726728,320.371761,4030260
3/10/2016,336.4299927,341.5181352,335.022651,339.1003672,3266594
3/11/2016,330.5841064,339.2086763,328.8159042,337.7291579,1025718
3/14/2016,339.3530579,340.8686536,330.5480571,331.9914984,5115313
3/15/2016,332.2079468,342.9976774,331.2697189,341.0851224,996244
3/16/2016,336.1774292,338.5951975,329.4654368,329.8262971,1223337
3/17/2016,351.2975159,353.6431079,339.930416,339.930416,2474194
3/18/2016,355.4113159,357.9734152,348.6993012,352.1996505,3064899
3/21/2016,353.7152405,359.7055121,350.7561819,355.4112881,1653354
3/22/2016,349.4570923,355.6277941,346.5702101,353.715239,2064995
3/23/2016,346.3536987,349.7818715,342.5646657,349.3127575,1458923
3/28/2016,342.6007996,350.2149436,334.8783798,347.8693515,3609846
3/29/2016,337.4764709,346.317546,334.878273,342.8893741,2044000
3/30/2016,341.265564,345.559788,336.1413437,339.9303766,3203825
3/31/2016,342.781189,348.5910307,341.518178,342.8172662,4630177
4/1/2016,334.2288208,343.5750895,331.9914825,343.5390123,2394963
4/4/2016,339.6055908,342.0955355,336.4661241,337.7652123,1708093
4/5/2016,333.6153564,341.3738531,332.0636615,341.0129928,1430387
4/6/2016,326.9393921,335.8526448,323.6194733,334.5174575,2671558
4/7/2016,320.7687378,331.269764,319.6500576,328.2385286,1891494
4/8/2016,328.9963379,330.4036798,320.4439444,320.7326283,2043759
4/11/2016,338.9200439,340.2191324,325.4960346,328.9963844,1008816
4/12/2016,335.203125,341.1573197,332.0636361,339.0282352,1901106
4/13/2016,340.2190857,341.0851592,336.2496224,338.847821,1062026
4/18/2016,344.0442505,347.8693612,340.8325847,342.8173165,1780726
4/20/2016,348.9879456,352.5604709,343.5389645,346.4258465,1450742
4/21/2016,343.7916565,351.1171171,342.1677849,349.3128154,1179377
4/22/2016,346.3536987,352.0192096,342.5285885,344.2967907,2058353
4/25/2016,340.6521301,349.8179907,338.5591447,347.7249833,784214
4/26/2016,343.1781921,344.2607732,336.1053381,340.7965226,1123091
4/27/2016,345.884613,349.3849625,341.6625429,344.2607416,955123
4/28/2016,346.5341187,349.1683943,337.9095713,346.425865,4152895
4/29/2016,350.864502,352.9214103,343.5390415,344.2607622,2295767
5/2/2016,344.4051208,350.0345334,343.2503633,350.0345334,1076011
5/3/2016,337.1878662,348.8797265,335.6000721,344.4050721,1721645
5/4/2016,337.0074463,340.0025824,331.7749719,334.8783617,1379336
5/5/2016,345.9567871,347.8693424,335.6000917,336.89918,1484568
5/6/2016,341.4099426,345.7041893,339.4973873,342.9616596,948747
5/9/2016,345.4155273,346.895046,342.0956078,342.8895049,827632
5/10/2016,348.3745422,350.4675276,343.2863988,346.0289503,2296911
5/11/2016,342.0233765,349.0240749,340.2912515,344.9102588,1749723
5/12/2016,347.2919006,349.6013929,340.2912032,340.2912032,1123199
5/13/2016,346.2815552,348.9519304,343.6833785,347.8693494,1078921
5/16/2016,351.4418335,357.1794987,344.874172,345.7041463,1732776
5/17/2016,349.1684265,356.4578092,347.7249853,352.9213825,868879
5/18/2016,349.8540649,350.9366459,346.4258921,347.1836899,1371699
5/19/2016,349.3128357,351.8388583,347.2559272,349.4571887,1292336
5/20/2016,343.4307556,353.2461603,342.709035,348.0858403,741237
5/23/2016,343.8638,347.1476201,341.2295022,345.0546347,1069529
5/24/2016,346.6063538,350.5397402,335.3114296,343.5390409,2610091
5/25/2016,381.4293823,383.9554047,356.890879,360.2107986,10804773
5/26/2016,391.3890686,394.7811642,375.4751383,382.5119141,3270866
5/27/2016,386.7701111,390.4508688,385.1101184,389.0074275,1572528
5/30/2016,392.2912598,407.0504562,386.1205569,386.6979246,2901801
5/31/2016,389.98172,395.5029003,387.3113889,392.6881723,2896981
6/1/2016,389.7291565,392.0386714,387.7805019,390.4508772,1093756
6/2/2016,394.1676941,398.7506019,387.5639335,387.5639335,1862166
6/3/2016,398.1731567,402.3952035,394.1676173,397.9927266,1706048
6/6/2016,389.4403687,398.3175661,385.5791816,397.5236472,1614098
6/7/2016,387.0588379,393.2656629,385.0019513,393.2656629,1763517
6/8/2016,386.5896301,389.7290969,384.677053,389.7290969,739380
6/9/2016,385.7235413,388.2134859,381.2849424,388.2134859,1085142
6/10/2016,387.9608154,390.0538223,383.0531252,386.6256502,565211
6/13/2016,385.4710083,387.1310012,381.4654672,385.5432068,852440
6/14/2016,384.8936157,387.8526968,381.4293654,383.2697443,736886
6/15/2016,390.3786621,391.1725371,382.5118905,386.1204933,648970
6/16/2016,384.7492981,392.1469355,382.8728418,387.6001037,1181394
6/17/2016,386.3009338,391.1725477,384.1718494,384.749217,946013
6/20/2016,392.8325806,396.116401,384.0275789,385.3988659,1592795
6/21/2016,386.1204834,392.8324755,384.6770423,392.5438137,1344360
6/22/2016,384.4966736,391.1725895,382.9088794,390.306516,1211966
6/23/2016,383.4862671,386.1205652,380.0942151,384.7492783,1027592
6/24/2016,365.9484253,373.0934769,356.2051971,370.2426717,3567473
6/27/2016,364.2163086,367.3557977,360.1385915,360.1385915,1135682
6/28/2016,361.5820313,369.9539728,360.9324871,364.4689137,1518673
6/29/2016,364.4327698,366.0927181,360.3550314,364.1079867,1209538
6/30/2016,365.0102539,367.8610596,362.5564079,367.4280227,2334281
7/1/2016,369.0879211,372.8047779,365.4071416,366.7784284,715389
7/4/2016,374.6451416,378.1815901,368.4744394,368.7992224,1250195
7/5/2016,371.8665466,374.5729989,370.2787525,372.9852048,456205
7/7/2016,364.144165,371.6861551,363.3863671,370.0983607,1036078
7/8/2016,362.9893494,366.2370918,360.1385445,361.5819855,733349
7/11/2016,366.9228516,369.8097568,364.0720676,365.1546488,729356
7/12/2016,366.0567017,369.4487753,364.4689075,367.4640436,931824
7/13/2016,365.5875549,369.1600807,364.4328196,367.3557792,1194115
7/14/2016,373.9595337,374.9338388,365.5514714,365.8762544,753846
7/15/2016,363.7832336,378.0372145,362.2315389,375.7998984,2417368
7/18/2016,365.6236572,368.0053264,363.0254587,364.5410763,1132642
7/19/2016,366.3453979,369.4487879,363.7832765,365.7680082,1013525
7/20/2016,364.7215576,367.7888706,363.8194067,363.9276604,1424321
7/21/2016,364.6853943,366.9949089,363.1697987,365.1906075,528981
7/22/2016,364.396759,366.9949578,364.0358987,365.9123768,1008674
7/25/2016,366.9228516,369.088014,362.8812107,364.4690052,1028518
7/26/2016,362.6645813,370.062217,360.8602799,366.6340444,3069751
7/27/2016,363.9275818,365.5153758,361.6541665,362.375887,744952
7/28/2016,358.9742126,368.9180035,356.4235907,368.1786889,1867921
7/29/2016,360.7485962,362.9295609,356.756279,361.4879108,1134853
8/1/2016,362.3750305,364.4820815,351.9876699,358.7154369,2125956
8/2/2016,369.0658264,376.8286291,358.6414869,359.3068655,4792350
8/3/2016,367.365387,372.577568,364.5560008,370.544453,1196987
8/4/2016,369.6204224,372.5407021,365.3693625,368.8441283,793067
8/5/2016,365.9977112,375.2021877,364.7039105,371.1359571,1681614
8/8/2016,372.3557739,372.9841958,366.700022,366.700022,913042
8/9/2016,371.5055542,373.9452831,366.3673092,373.3538405,1299439
8/10/2016,367.5872803,372.6146112,363.3731774,372.6146112,1326514
8/11/2016,369.7312317,371.0619889,366.1825081,370.3966103,1681953
8/12/2016,364.7408752,372.6145715,361.0812588,372.6145715,3618973
8/16/2016,357.0519714,363.5579305,353.577184,362.670744,2087382
8/17/2016,350.9156494,360.0461887,349.1043423,357.1628664,913427
8/18/2016,347.1082153,353.9099189,346.1840721,353.133625,1005420
8/19/2016,349.843689,352.8009475,347.4778731,347.4778731,3664586
8/22/2016,344.7793884,350.6569263,343.7813091,348.9565117,1107412
8/23/2016,344.3726807,350.8047258,341.1936374,345.0380818,1617568
8/24/2016,345.2968445,348.7346751,342.6722869,345.2598878,894108
8/25/2016,338.6800232,348.1802203,337.053522,347.6257344,1769817
8/26/2016,340.047699,342.8201282,337.8667123,340.0846557,857182
8/29/2016,332.3588562,342.0808609,331.6195416,342.0808609,797904
8/30/2016,342.2657471,343.5595478,333.5787994,333.8005848,981748
8/31/2016,346.5906677,350.2872406,341.230637,341.5633376,1779070
9/1/2016,346.8494263,352.2094569,344.7423752,347.4778482,1046734
9/2/2016,348.8455811,350.5829748,344.4836296,347.4408879,1070131
9/6/2016,354.9079895,355.7951761,345.5556637,347.4778863,1553926
9/7/2016,348.8455811,357.4585912,347.5887373,355.7581767,1254946
9/8/2016,339.3823853,345.2229891,336.3881699,343.7813165,3145694
9/9/2016,338.8278198,344.1139364,333.6526184,338.6060345,1469794
9/12/2016,342.9310303,344.8162732,334.9094636,335.648778,1746181
9/14/2016,345.0381165,349.4000679,342.7831935,345.0381165,1321007
9/15/2016,342.1178284,348.8825524,340.6761559,346.7385446,956858
9/16/2016,344.0030518,346.7385246,339.3453791,345.5556168,1477056
9/19/2016,344.9641724,350.9526247,343.3007146,346.1470802,1134564
9/20/2016,341.7112427,346.7385733,340.2695701,346.7385733,913111
9/21/2016,340.9349365,344.3357883,336.462092,343.0419877,2142358
9/22/2016,336.2033081,345.1120398,335.4639935,343.7812826,2766927
9/23/2016,336.0924683,338.6061337,334.7986675,338.6061337,2221151
9/26/2016,331.9152527,335.7966538,329.7342659,334.2071096,1027167
9/27/2016,331.1020508,335.2052378,329.7343142,329.7343142,1306463
9/28/2016,325.6680603,331.952234,324.8548098,331.952234,1785763
9/29/2016,315.7981873,328.2556412,313.6911364,328.2556412,4331711
9/30/2016,310.4012451,321.601857,309.5510378,321.601857,2210429
10/3/2016,311.0296021,314.2086452,309.1813159,310.5120729,1754766
10/4/2016,316.9441833,319.3099766,312.1755951,313.9499456,2145572
10/5/2016,314.430481,320.1232122,312.9148951,318.718519,1476240
10/6/2016,311.0666199,316.9072007,309.883712,314.2087069,1559084
10/7/2016,310.327301,313.7651094,308.4420578,311.9168229,1562901
10/10/2016,311.8799133,314.0608782,308.2942325,311.6211487,997527
10/13/2016,312.1386414,313.9869279,308.6638536,311.768984,2473032
10/14/2016,309.8467407,317.6465004,309.0334902,313.0997203,6379695
10/17/2016,302.0469666,311.2514422,299.7920661,311.2514422,3248168
10/18/2016,314.2825928,318.4966718,299.9768529,301.6403105,7264158
10/19/2016,314.1347656,322.6738627,309.84675,316.3157527,4525016
10/20/2016,314.2086792,317.3138093,311.399293,313.6541933,2133653
10/21/2016,320.9364624,322.4150916,312.1386234,317.0550609,4853235
10/24/2016,317.276825,324.1894203,316.1308965,322.341134,2292196
10/25/2016,320.8994751,323.634948,317.3877309,318.6445747,1684650
10/26/2016,312.7670593,321.6018786,311.9538312,320.8625639,2685974
10/27/2016,306.150177,315.3546301,305.0781618,312.7300724,3706854
10/28/2016,322.082428,328.2557099,317.16599,317.16599,12710319
11/1/2016,320.5298157,322.3411454,317.5725575,322.3411454,4643934
11/2/2016,317.7574158,320.4559322,312.1755994,312.1755994,3387397
11/3/2016,316.4266663,319.3839248,313.4694077,318.6446102,2159069
11/4/2016,317.9422302,321.5279105,306.6676827,316.4266443,7835863
11/7/2016,328.8840637,332.284915,318.3118527,321.6018113,7039296
11/8/2016,335.7597351,336.9795997,329.2537754,329.8821973,5501834
11/9/2016,321.2322693,328.2557596,302.3797426,310.4382691,4852450
11/10/2016,326.9618835,332.0631498,321.6018527,330.8432852,3301285
11/11/2016,317.4616699,325.2984088,316.426634,325.2984088,1161656
11/15/2016,318.607605,323.2283208,315.9090889,321.6018198,6787283
11/16/2016,327.9598999,331.212879,320.1231621,320.8624766,9156138
11/17/2016,326.6661682,336.3881509,324.9287743,330.473634,2616362
11/18/2016,329.2167664,331.9522393,323.6719071,325.2984082,2041621
11/21/2016,330.5845032,334.1701833,325.9637871,329.66036,2718966
11/22/2016,335.2052307,336.3881386,329.8821792,331.2129364,2409601
11/23/2016,334.9833984,339.3083927,331.2498467,337.8667204,1950811
11/24/2016,339.0866089,343.4116035,332.7654786,333.2090718,2574455
11/25/2016,360.2310181,361.8944758,340.9349036,341.4893895,4561987
11/28/2016,361.7835999,366.5891447,356.7192904,359.2699348,2279428
11/29/2016,357.7173462,365.5171056,355.8320806,361.8205329,2029150
11/30/2016,358.7154236,362.1162524,355.8690581,360.2310094,2604888
12/1/2016,351.2113953,358.7154566,348.5129015,354.9079683,2059534
12/2/2016,349.9914856,356.3126382,348.2171353,352.6530224,2450542
12/5/2016,341.8590393,352.3573148,339.604139,345.2598907,1727408
12/6/2016,344.1140747,347.1082906,341.8591511,342.3027445,1073627
12/7/2016,336.8317261,347.4778515,335.4639896,346.6276442,1540255
12/8/2016,342.8571472,344.2248837,337.9407096,340.0107815,1158682
12/9/2016,348.7347412,351.1375139,343.7813239,345.2599532,2017058
12/12/2016,347.0342712,350.4720796,345.0381353,350.3981662,709914
12/13/2016,358.2348328,360.4158196,345.4816576,347.4778158,1863492
12/14/2016,352.3943176,360.0462286,349.9545883,357.8282847,1702307
12/15/2016,352.9857788,356.3496513,346.0362032,351.3592776,3292408
12/16/2016,352.7639465,356.4235627,351.1744247,355.9060335,2185723
12/19/2016,349.9545593,351.6180171,347.8105516,350.4351093,1389090
12/20/2016,352.4682007,355.4254588,350.1763211,352.5790934,1919780
12/21/2016,350.7678223,354.575288,349.3261498,353.3923801,667563
12/22/2016,350.3981628,352.8009353,343.4485876,349.1782757,932766
12/23/2016,345.3338928,352.9858043,343.9661561,350.4351596,942216
12/26/2016,342.7462769,346.0362135,340.3804609,342.4875122,572307
12/27/2016,346.1470947,350.4351103,340.1216629,340.4543634,1061513
12/28/2016,350.54599,352.653041,346.7385246,346.7385246,1658315
12/29/2016,356.867157,358.1609575,347.1081955,348.2541241,2079991
12/30/2016,361.4508667,364.4820608,356.349601,356.349601,1817123
1/2/2017,360.7854919,367.3653868,359.6765201,365.5910364,1203138
1/3/2017,363.4100952,365.9607397,360.1940946,361.3030666,1006546
1/4/2017,370.1008911,372.9842135,361.1921367,362.2641519,1989140
1/5/2017,360.8594971,374.8325399,359.269975,373.3539106,2295824
1/6/2017,347.2929993,360.7115534,344.6684417,360.4158321,3307502
1/9/2017,350.0285034,353.3184398,341.5633423,343.8182428,1812454
1/10/2017,350.0654297,351.1744015,345.7404352,350.6938515,1634891
1/11/2017,350.4720764,353.7250787,346.7385467,349.9175905,2058634
1/12/2017,355.7581482,359.8982914,349.1043177,351.1743892,1970093
1/13/2017,361.1551514,364.4081308,356.2756709,357.9761079,2754723
1/16/2017,360.1571045,362.6707696,354.131695,360.9703551,1258527
1/17/2017,359.8614197,365.9607658,358.3458336,360.785563,1233813
1/18/2017,357.569458,365.8867462,355.9799363,360.7854806,1336551
1/19/2017,355.9060669,358.7524328,352.9857876,354.8710309,1586512
1/20/2017,346.4797363,357.8282184,344.5205574,351.9137024,1442119
1/23/2017,347.256073,348.8086156,340.6761551,343.7812854,1400660
1/24/2017,347.4039001,350.065437,344.0769847,348.512872,1255925
1/25/2017,344.2618408,350.2502936,341.711219,347.6626925,3368794
1/27/2017,345.3338928,347.9214942,342.4505701,344.0770488,1795089
1/30/2017,348.6607361,353.3923446,340.9718695,345.2598847,3024028
1/31/2017,334.3180847,358.3458102,314.5783751,358.3458102,7804620
2/1/2017,332.4697876,337.8667752,322.6738691,334.3550308,4061099
2/2/2017,340.8979797,343.7813023,325.2984366,332.4697975,3771089
2/3/2017,355.2037048,356.3496334,343.1159067,343.1159067,2677019
2/6/2017,353.0227356,361.2291325,348.3650625,355.6472935,2105323
2/7/2017,348.1062622,354.8709859,346.8124617,354.8709859,1794349
2/8/2017,350.8787537,357.6434785,346.590715,347.4779016,1754215
2/9/2017,358.5675354,359.8613358,350.8047331,353.3183979,3013021
2/10/2017,369.583313,372.2448497,359.306846,362.264104,7225481
2/13/2017,369.3985291,373.1320813,366.330378,369.6572937,1903851
2/14/2017,373.0581055,375.9783842,369.9160188,370.3965687,2664728
2/15/2017,366.4412842,378.2333613,361.5987825,372.0600798,2584154
2/16/2017,372.9842224,373.723537,365.2583757,365.2583757,2591411
2/17/2017,372.244873,373.3538449,366.700014,371.3576866,1688519
2/20/2017,369.6204224,375.1283038,367.4394348,372.2819374,2610984
2/21/2017,375.4978943,380.9318613,369.6573133,369.6573133,3268863
2/22/2017,375.5348206,378.0854421,372.3187979,375.9414345,3036464
2/23/2017,372.3557739,380.7469987,369.5094084,375.5717968,5868525
2/27/2017,369.5094299,377.0874046,365.9607289,369.8421305,2250245
2/28/2017,369.2137451,376.3111705,361.1182629,374.0932265,31171453
3/1/2017,369.4724731,371.2838029,360.7485698,361.4878845,1979476
3/2/2017,369.583313,373.3907781,367.6610908,371.8751924,2392413
3/3/2017,372.3927612,373.6126258,369.6572883,370.4705388,2136886
3/6/2017,369.6204224,373.9084389,365.6650839,369.5095071,1234125
3/7/2017,369.6204224,375.0174111,368.6223429,374.0932676,3221133
3/8/2017,363.6688843,371.9492177,360.8594975,369.2876803,1430424
3/9/2017,361.487854,366.3303552,360.4527956,364.4820689,1752351
3/10/2017,351.7658386,367.6611008,350.8047388,364.8517146,3875776
3/14/2017,354.7601624,359.2330073,352.0616682,356.3496844,4483127
3/15/2017,354.6121826,358.3826909,348.6607101,357.3846119,3941570
3/16/2017,355.6842346,357.7173496,353.7620123,356.3496132,4191349
3/17/2017,358.0131226,360.6376806,346.9973387,358.9372659,5857451
3/20/2017,356.2757568,363.0035253,354.9449994,357.0890075,3734239
3/21/2017,352.6160889,358.1979048,351.2113732,356.3496184,4422809
3/22/2017,351.4701538,354.5013482,349.5849106,352.6530617,2797599
3/23/2017,356.4605103,357.4585894,351.6180089,352.5791088,3259747
3/24/2017,350.54599,356.3496137,348.9564682,356.3496137,2203312
3/27/2017,346.5906677,353.1336063,342.4505241,350.4351126,2457180
3/28/2017,336.9057007,348.7347353,336.1294068,348.7347353,5722292
3/29/2017,338.7909241,340.0107887,333.578765,339.34541,3227158
3/30/2017,340.9718628,342.6722771,336.757761,339.7150191,4028816
3/31/2017,339.4562683,343.0419484,336.0923962,341.5633193,2581903
4/3/2017,334.9833984,339.3453494,333.2460049,337.8667204,1914496
4/5/2017,330.4366455,337.5710264,329.3276737,335.648804,2902998
4/6/2017,330.3996887,331.5086606,326.2595225,330.436668,1926091
4/7/2017,327.6642761,336.0554797,326.8140462,331.1760209,3125291
4/10/2017,327.5532837,331.7304287,326.4073552,328.994956,2111378
4/11/2017,329.1428833,330.2518552,325.2984382,327.5903181,1861086
4/12/2017,323.5610352,330.7323959,322.00847,330.2518459,1728894
4/13/2017,317.8682861,327.3684596,316.3157211,323.819759,1543616
4/17/2017,311.9537659,317.8682819,310.5490503,317.8682819,2595117
4/18/2017,309.6988831,314.8740853,308.2572331,311.9907628,2338492
4/19/2017,306.2980652,314.5783987,304.9303511,310.1425106,2638642
4/20/2017,310.8817749,312.5821894,306.4458875,306.8155448,2818261
4/21/2017,316.1678467,319.2359974,312.1385961,314.2086677,2668714
4/24/2017,317.350769,318.8663548,313.691153,318.2749122,1709076
4/25/2017,323.9306946,325.3723671,317.350799,319.7535715,2575089
4/26/2017,315.7243042,326.7401103,313.5433396,325.2984377,3721058
4/27/2017,314.1717834,316.9442135,312.3604534,315.0959268,1450414
4/28/2017,308.2572021,317.0180613,307.5548443,314.5783324,1945081
5/2/2017,309.1444092,314.2087189,308.0354372,311.1775244,1568455
5/3/2017,310.4012451,311.5471737,309.1444012,309.7728232,1746287
5/4/2017,309.8467407,312.5821911,308.035411,310.5121193,1009112
5/5/2017,305.3369141,310.0685227,303.4146917,309.6988655,1541496
5/8/2017,311.3623352,312.7300717,304.5976112,305.6326471,1938018
5/9/2017,315.0958862,319.3839018,311.1775054,312.4343492,4402442
5/10/2017,318.2009583,321.0842803,315.8351654,316.7962652,2018816
5/11/2017,321.4169922,322.2671994,315.095862,319.3838772,2060011
5/12/2017,326.9618835,328.6992774,321.343088,321.417024,2696277
5/15/2017,327.2206726,329.660402,323.9307133,328.9950233,1080719
5/16/2017,328.0708618,330.3996984,326.0377466,327.8120972,1820495
5/17/2017,318.5337524,327.8860792,317.1660157,327.5164218,1754010
5/18/2017,312.2125244,326.7030941,310.5860459,317.1659409,3934861
5/19/2017,307.665741,314.9479937,306.2240912,314.2086792,2194511
5/22/2017,304.8563232,310.5120744,303.9691369,310.5120744,2734184
5/23/2017,307.3700562,309.5140641,302.0100251,306.0762556,4828731
5/24/2017,308.4050598,310.5121108,306.3349881,307.9245099,2039655
5/25/2017,314.947998,316.3526912,307.6657452,310.5121108,3098044
5/26/2017,317.276825,320.8625049,310.6229942,316.4266178,2257516
5/29/2017,280.532959,288.3327197,263.6765711,285.5602897,17135931
5/30/2017,287.0758972,287.8521912,281.6419521,282.1594588,2800579
5/31/2017,288.3327026,290.6985185,285.3754441,290.6245825,3844462
6/1/2017,294.0254211,298.6091581,287.7782038,288.3326898,4032660
6/2/2017,295.4301453,297.13056,291.8444646,295.7258666,4221248
6/5/2017,297.7589417,299.4223994,293.5078829,295.7258266,1922945
6/6/2017,302.1209412,306.7047012,295.393173,298.7200891,2846306
6/7/2017,295.651947,302.9342014,290.5506801,300.753214,4041108
6/8/2017,293.8036499,297.8329239,292.9903992,295.7998086,1811760
6/9/2017,285.9668274,293.2121227,284.6360704,293.2121227,2790651
6/12/2017,293.7296753,295.6518977,280.939542,284.6361149,2889773
6/13/2017,290.8463745,292.6946611,286.85408,292.0292824,1753491
6/14/2017,293.2860413,295.7257698,289.8112544,292.0291977,1895223
6/15/2017,291.0312195,293.1382708,289.8113548,292.7686135,1244822
6/16/2017,288.5544434,292.7685451,286.854029,289.811287,1473093
6/19/2017,287.9260559,290.7723988,285.819005,288.3326699,992872
6/20/2017,291.5487061,292.177128,285.1166603,287.8890899,1458439
6/21/2017,289.0350647,293.4339732,288.3327068,292.0292799,1121823
6/22/2017,286.0777893,291.8444341,285.3754314,289.8852549,918944
6/23/2017,281.4571228,288.1109553,280.8287008,287.2607253,1741413
6/27/2017,281.0134888,284.3404045,279.9784528,281.457082,4315500
6/28/2017,289.9961548,291.2899553,280.9395508,281.4940368,1883908
6/29/2017,287.4825134,292.7686088,286.8540914,289.9961788,1631484
6/30/2017,282.4181519,286.1147245,279.0173005,286.1147245,2365394
7/3/2017,281.8637085,284.8209671,279.7566572,282.4551512,1280684
7/4/2017,279.2391663,283.9337965,278.2410869,282.4182104,1328251
7/5/2017,278.832489,281.6788547,278.1301537,280.3850541,1461628
7/6/2017,278.2040405,280.5328993,275.8382476,278.3519125,1964709
7/7/2017,280.9395447,281.4570739,277.2429717,277.2429717,1642197
7/10/2017,283.9707642,286.1147722,282.4181989,283.1575135,268891
7/11/2017,284.7839966,290.7724269,283.2683881,284.5621887,2362955
7/12/2017,286.3365479,288.036985,284.3773686,286.1147625,687924
7/13/2017,287.7782288,289.0720294,286.3365562,286.8540854,940852
7/14/2017,287.556427,290.5506422,285.0427393,288.3326983,1034584
7/17/2017,289.7003784,294.3950298,287.815113,287.9629849,1534113
7/18/2017,289.2937927,293.027345,288.4435855,289.66345,1584011
7/19/2017,293.3231201,294.2472635,288.850275,289.8113751,1590684
7/20/2017,289.4416504,296.428182,288.3326786,294.7647243,1411026
7/21/2017,291.8074951,294.2472244,290.4397585,290.9203085,964314
7/24/2017,295.0234985,295.6888998,291.9923266,292.0292833,906007
7/25/2017,289.1459045,296.0954563,288.3696108,294.9864846,1358932
7/26/2017,287.8521118,291.1420479,285.8559536,289.8852267,1409292
7/27/2017,285.5059814,292.9226949,284.3707688,291.3712468,2627365
7/28/2017,288.571106,290.1982629,283.2356146,287.0196576,1712222
7/31/2017,292.0145569,292.544309,287.0574475,288.4954021,1535812
8/1/2017,304.5776062,313.2430501,302.7612472,306.5074587,12617014
8/2/2017,304.2748718,307.5669937,300.0745936,304.6911304,4071990
8/3/2017,308.134613,309.1563093,303.518076,305.7506706,4650231
8/4/2017,309.5346375,311.3888273,307.4912455,308.4751103,1957230
8/7/2017,307.5291443,313.9998478,305.9020106,309.004907,1312508
8/8/2017,301.3990173,309.8752827,300.188119,308.0210924,2108254
8/9/2017,298.0690918,302.988348,297.2744289,302.7234604,1135609
8/10/2017,305.7507019,313.0917552,297.4258066,297.4258066,4990849
8/11/2017,304.8424683,312.3727224,303.4802221,306.8858605,2782291
8/14/2017,304.3884277,308.7779084,302.7234396,305.750674,1213339
8/16/2017,317.8217468,322.3247437,302.7234076,304.3883956,5407314
8/17/2017,321.1894836,325.4654465,319.0325751,321.7949442,3175256
8/18/2017,324.5573425,330.2712377,318.3893576,318.3893576,3610728
8/21/2017,326.2601929,330.725359,324.6708902,324.6708902,2657468
8/22/2017,332.5039063,335.0770512,327.0927287,328.4549751,4623000
8/23/2017,325.579071,336.2122227,323.5356786,332.9957861,1576891
8/24/2017,323.6870422,331.4821615,322.0977396,326.9413099,2607190
8/28/2017,323.7248535,329.968524,322.7410117,323.2707638,1888194
8/29/2017,326.7521362,328.4171245,320.1300605,325.3898899,3282938
8/30/2017,322.2112122,329.9684991,321.681437,328.4548822,2380800
8/31/2017,324.0275574,327.319679,322.5517946,324.1032428,3782413
9/1/2017,320.4327698,325.6169135,319.8273321,324.6709027,1242275
9/4/2017,314.9080811,324.4438746,310.7077792,321.6436734,3250373
9/5/2017,323.8005676,325.8817913,316.3838294,316.8757735,3651996
9/6/2017,321.3409424,323.3086494,318.6164268,321.7193467,1553072
9/7/2017,322.4382935,325.3520112,320.2435531,322.7788666,983408
9/8/2017,326.0330811,326.7142272,322.4382408,322.4382408,1434311
9/11/2017,334.131012,334.8878206,328.3035762,329.2117558,2373479
9/12/2017,334.0553589,335.9852349,328.4549791,335.2662574,1357481
9/13/2017,333.6011963,343.364045,330.9523664,333.8660839,2339372
9/14/2017,334.0553589,335.2662574,330.044282,333.75264,1048243
9/15/2017,336.2500305,338.9745459,330.9902249,330.9902249,1959478
9/18/2017,336.8554382,341.5854909,335.4931692,336.0229443,1034355
9/19/2017,338.8610535,339.8070642,334.8878083,337.4609529,1001757
9/20/2017,339.7313843,340.5638784,336.7798353,340.5638784,755469
9/21/2017,348.321167,349.4185487,339.5800367,339.80707,2189490
9/22/2017,346.921051,351.3483859,342.8342893,346.2399279,2254484
9/25/2017,342.0396118,349.9861011,339.9205342,344.5370706,2490162
9/26/2017,338.5582886,343.7045772,334.1309542,342.0774435,886702
9/27/2017,340.5259705,346.6182692,335.7959177,339.8069932,1908788
9/28/2017,343.9316101,346.8831584,338.5582655,340.5638033,3555144
9/29/2017,346.5048218,347.6400347,340.2232965,343.5911041,1412345
10/3/2017,350.629364,353.2781937,345.1046713,345.7101088,1901932
10/4/2017,351.9538269,354.5648258,350.6672662,351.9538269,1673214
10/5/2017,341.2828064,351.6889234,339.4664475,351.5375525,1237068
10/6/2017,345.7479248,346.6939353,338.2933574,343.893735,1130586
10/9/2017,350.629364,351.1591392,343.5910543,343.5910543,997113
10/10/2017,352.8998718,354.0350848,349.191514,350.4024125,1559112
10/11/2017,353.6188049,355.624343,349.3428411,351.1591771,1624889
10/12/2017,358.8786316,359.4840692,352.2943878,352.2943878,1762764
10/13/2017,360.3165894,363.1924529,357.9326468,359.0300055,2187256
10/16/2017,358.5759583,360.770722,356.2677009,359.3706213,1101381
10/17/2017,357.970459,359.6354471,354.9053935,356.494673,787447
10/18/2017,346.9588928,357.5163584,346.3534321,357.4785272,1414945
10/19/2017,346.8832703,348.132,345.1804507,345.1804507,128310
10/23/2017,350.4780273,351.9159589,343.3640319,345.8614908,1319264
10/24/2017,344.1965332,351.0078104,342.9099725,350.7050916,850860
10/25/2017,354.2620544,358.8029053,343.5910502,344.3478587,1583314
10/26/2017,361.1868286,363.1923664,349.6454999,354.943159,2859405
10/27/2017,360.5436096,363.2681252,357.2136564,363.2681252,1292782
10/30/2017,367.4684143,369.701009,358.7651152,358.7651152,3746798
10/31/2017,364.8195496,368.2630423,360.3922381,367.8089525,1509095
11/1/2017,369.7009888,376.8906702,357.5542204,367.0143276,3983511
11/2/2017,354.1485901,364.7439104,348.8130757,364.4033373,5545465
11/3/2017,350.7429199,358.5380385,348.9644153,354.943198,1278344
11/6/2017,348.4725037,353.0511861,346.693999,349.6455477,1701924
11/7/2017,356.0784302,362.0950675,348.92658,349.6455574,4208801
11/8/2017,370.7605591,372.4633786,358.8029915,359.370598,3566147
11/9/2017,371.0254517,375.3771015,368.4523068,372.3498668,1803442
11/10/2017,371.5930176,376.7014756,366.1818408,375.3770605,1871915
11/13/2017,370.9118347,379.9178509,368.4143529,368.5657238,2140262
11/14/2017,369.2468567,374.6202016,364.3276015,371.5929676,1426995
11/15/2017,375.7933044,377.9880679,367.0521743,367.8089829,1718584
11/16/2017,378.3285828,379.9178853,369.4739367,377.6474597,1376234
11/17/2017,366.7115479,379.1610569,365.1600997,378.4042484,2140643
11/20/2017,360.846344,368.9442055,359.862502,367.7711614,1527038
11/21/2017,373.749939,376.7014879,361.7545178,361.7545178,2242785
11/22/2017,365.2358704,375.5284729,363.0411298,373.8634846,1932859
11/23/2017,370.5335083,373.106653,365.2358479,365.2358479,1200242
11/24/2017,373.9390869,377.647444,370.8361674,370.8361674,1701291
11/27/2017,377.4582825,378.4042932,371.6687014,373.1066331,1469508
11/28/2017,378.1772766,380.5233649,373.4093684,377.7988723,2334856
11/29/2017,375.7933044,378.4799889,372.9552722,376.209563,1438175
11/30/2017,370.2685547,374.9986078,368.7171065,372.6146656,2729850
12/1/2017,357.8947449,372.1984213,355.0188817,370.8361752,1962459
12/4/2017,357.8191223,368.5658144,352.6350015,357.592089,2507080
12/5/2017,352.2187195,359.6732888,350.1374958,359.3327157,2977968
12/6/2017,357.4028625,359.2570529,351.2348771,353.1647298,1952199
12/7/2017,376.3608704,378.0258584,356.570332,357.4406572,7475829
12/8/2017,375.4527893,378.0637654,372.8796444,376.1339125,2534022
12/11/2017,378.8961792,382.1126154,373.6363739,375.3770242,3215999
12/12/2017,379.3124695,383.3992312,376.928504,379.9179071,4481699
12/13/2017,381.1288147,384.307397,377.0798841,377.723176,2052503
12/14/2017,389.1887512,392.1403227,380.674656,380.674656,4105304
12/15/2017,378.9718323,392.0267781,374.6201837,389.7563527,7010768
12/18/2017,373.8634338,377.2690724,370.079391,376.1338595,2175527
12/19/2017,374.8851318,378.4042871,373.8634356,375.7176259,2168308
12/20/2017,373.0687866,375.3770435,370.3442712,375.3770435,1690391
12/21/2017,371.328125,377.2312458,367.2791945,376.4365829,1483945
12/22/2017,373.4472046,376.323068,369.7388241,370.8362057,1210792
12/26/2017,373.4093933,376.8150323,370.5335296,373.8634831,1095301
12/27/2017,380.6747437,382.4910798,371.7822422,374.2418703,2160870
12/28/2017,376.1716919,384.458755,374.3553559,380.8639143,1943344
12/29/2017,381.4693298,382.1883072,375.1121428,378.2528936,1412805
1/1/2018,380.7503662,384.9884985,378.4420864,379.2367492,1115837
1/2/2018,388.9617615,389.7564012,381.0531029,381.0531029,2204383
1/3/2018,393.1242371,397.3245156,390.2862048,390.5889005,2288877
1/4/2018,395.4703369,397.3245273,388.9996324,393.1620799,1460097
1/5/2018,397.6650391,398.838083,389.6428412,394.297232,1756809
1/8/2018,405.8764648,410.8335522,394.0702685,394.0702685,2795379
1/9/2018,404.0221558,408.676546,400.3516534,408.676546,1855191
1/10/2018,410.2658691,411.7038238,403.9843678,404.8925473,2748547
1/11/2018,417.531189,420.671916,410.7199136,411.7037552,3485380
1/12/2018,416.8123169,419.650349,414.7310933,416.2447105,2790912
1/15/2018,411.5146484,419.9530822,410.455098,416.9636792,1959669
1/16/2018,422.0343628,426.0832706,414.2013655,414.7311408,4791310
1/17/2018,419.9530945,427.2562695,418.6286795,423.7749685,1636201
1/18/2018,418.2502441,423.8127682,416.4338852,423.8127682,2158972
1/19/2018,418.4394836,422.6775932,414.0121257,418.515146,1951962
1/22/2018,431.0025024,433.1972659,416.0177012,416.2447346,4127554
1/23/2018,445.1925964,447.0467865,426.9913614,430.7375727,4103152
1/24/2018,456.4690247,463.5073338,442.0896644,442.0896644,6672393
1/25/2018,452.9122009,464.2643321,445.0792027,457.4908846,5104213
1/29/2018,457.717804,460.6693758,450.6416625,453.3661548,3352495
1/30/2018,456.317688,462.5991892,448.9388052,454.0850937,6290644
1/31/2018,463.658844,473.9135921,451.81477,456.204251,7244068
2/1/2018,462.4478455,468.8428868,459.4206113,463.5830583,2479739
2/2/2018,468.8049622,471.1132185,453.3660527,457.3392967,3994302
2/5/2018,476.0703125,477.697469,461.1990552,461.5774594,3500770
2/6/2018,459.1557007,470.1294233,454.8418832,454.8418832,3104038
2/7/2018,456.4313049,467.1779976,451.7769592,463.0155498,3653165
2/8/2018,460.3288269,470.7349451,450.2632819,461.6532419,2894969
2/9/2018,450.4902344,456.3554999,446.0629234,454.841883,3481551
2/12/2018,446.7818909,457.7934918,443.603332,452.5714945,2343988
2/14/2018,462.7884521,465.1345403,445.3818546,445.3818546,5004415
2/15/2018,458.361084,468.1617171,457.1123315,465.4372249,1676641
2/16/2018,442.2411499,464.4535132,439.8572302,461.6533117,2887255
2/19/2018,433.2350769,445.5710474,426.5751707,445.5710474,3170119
2/20/2018,434.5594177,440.6138853,430.6240046,435.1648552,2273116
2/21/2018,450.4525146,452.5715696,428.7699285,439.7436538,5590807
2/22/2018,456.0528259,458.9665666,448.0306736,448.0306736,4421727
2/23/2018,470.3187561,472.9675864,457.8692443,459.3828616,3490526
2/26/2018,463.5072937,474.8594192,462.4477435,470.7348044,2923731
2/27/2018,462.069458,467.9347244,455.9393271,467.707691,1905663
2/28/2018,463.658844,465.4373259,456.9988908,461.8046535,2113430
3/1/2018,463.091095,466.1183287,458.2853337,463.2045885,2226114
3/5/2018,477.4326782,480.49779,459.0422388,460.5180248,4765322
3/6/2018,467.1400146,479.7408938,465.4371956,478.2272769,2424505
3/7/2018,460.9342957,474.1027845,459.042274,469.0699886,1787149
3/8/2018,459.5341492,466.7616614,456.3555441,465.4372465,1858046
3/9/2018,468.6158752,471.5674009,459.0043972,461.4261938,2095483
3/12/2018,468.8807983,481.633052,466.7239121,470.0917199,4336200
3/13/2018,468.5779724,472.9674522,464.3776485,469.2212411,2306960
3/14/2018,483.6763916,484.9251444,467.3293432,467.3293432,3825750
3/15/2018,478.1894531,493.4013324,474.5567814,485.6440449,5855371
3/16/2018,480.3463745,483.6006419,474.5189397,480.3463745,3741772
3/19/2018,461.5776062,482.3898437,460.1396513,480.4599447,1731324
3/20/2018,479.3624573,480.8003655,456.4311259,457.8690803,3320421
3/21/2018,473.6486816,481.9735769,470.1673803,480.5734994,2428150
3/22/2018,468.5022888,477.5461596,466.5724364,474.5189256,1785067
3/23/2018,471.7566223,473.005375,457.6800008,459.7612245,3153066
3/26/2018,469.5240479,475.7298411,466.9508803,471.4917316,1552991
3/27/2018,470.4700623,476.4866534,468.4645011,473.0053525,1135697
3/28/2018,483.3736572,485.1143078,466.686037,470.1295069,5534298
4/2/2018,484.5845032,489.2767254,479.8922809,483.373628,2095519
4/3/2018,466.1562195,482.8438382,464.3020294,481.7086254,3851192
4/4/2018,458.8529663,470.7348685,456.5447097,467.7076346,2670676
4/5/2018,467.2157898,469.7889576,457.5286486,466.3454876,2809480
4/6/2018,467.8591003,470.7349639,464.5291239,466.1941121,1160620
4/9/2018,465.3236694,471.1132727,464.1127944,469.97806,1427650
4/10/2018,474.1028137,476.411071,462.7885146,469.9025347,2085181
4/11/2018,479.3247375,481.9357366,469.7133047,473.8000437,2139871
4/12/2018,494.0446167,495.7096048,479.8544563,481.6329841,3614281
4/13/2018,508.2348938,509.9755446,485.1900587,493.8555279,5653116
4/16/2018,506.0779114,516.748894,497.601646,498.0557126,3931095
4/17/2018,505.7752686,508.9538745,500.7425182,507.8186614,1576573
4/18/2018,497.0718994,510.0890171,495.1042155,506.2671428,1676060
4/19/2018,503.4290466,506.494112,496.4285677,501.7262274,2662071
4/20/2018,530.1444702,534.3069179,504.7913799,504.7913799,5490181
4/23/2018,531.279541,552.0917737,522.6519061,525.6413087,6998046
4/24/2018,516.6731567,529.576732,514.6297646,525.9818918,2728320
4/25/2018,519.4734497,529.7281972,512.3594303,519.0950454,4560558
4/26/2018,523.0303955,527.4955846,515.1217827,515.3866473,2852323
4/27/2018,507.4402466,526.6253292,505.8887979,526.0198914,3756249
4/30/2018,507.5157776,517.77057,505.6237563,510.8457536,2639069
5/2/2018,501.423584,510.0890526,496.088092,510.0890526,1745715
5/3/2018,494.1581726,504.7913239,488.8226813,501.4235165,2284475
5/4/2018,501.499176,503.7317242,481.6707839,494.1581243,3162498
5/7/2018,497.5260315,511.2242498,495.1042345,508.3862173,2770174
5/8/2018,494.460907,504.3372967,492.7202563,501.7641288,1771130
5/9/2018,495.0283508,503.8451871,490.6388714,494.1958801,2193797
5/10/2018,502.2181091,508.4996567,496.9583269,496.9583269,3927593
5/11/2018,504.3750916,508.3861678,495.1041864,501.7640927,2880596
5/14/2018,504.9804993,507.0617228,498.1692224,500.7045125,1436196
5/15/2018,507.5537109,514.6298529,501.99114,502.9749819,2427422
5/16/2018,509.1051025,513.6459537,506.3049018,507.8185188,1690858
5/17/2018,511.4512634,515.3866775,504.2615814,513.8730603,2022339
5/18/2018,524.4304199,527.8738891,508.0076675,514.4783704,4304706
5/21/2018,518.6787109,526.6630779,513.3053888,523.7115062,2342450
5/22/2018,519.4734497,522.5763465,510.8458131,517.3543486,1797801
5/23/2018,527.8361206,535.2906662,517.0894302,519.9274622,3516538
5/24/2018,538.3556519,541.7991671,526.6251213,530.484872,5914361
5/25/2018,531.84729,543.9183975,526.7388315,541.080365,3547180
5/28/2018,511.0350342,540.3235378,501.2721842,540.3235378,8983562
5/29/2018,513.0026855,519.5490983,509.5213845,511.6404393,2684315
5/30/2018,520.1165771,523.1438108,513.1160994,513.1160994,3744400
5/31/2018,539.1126099,543.2372261,516.4840595,519.1707209,7789699
6/1/2018,530.6364136,546.0374514,528.4038188,538.8477691,4585884
6/4/2018,528.4794922,542.6318237,526.2847747,528.2524588,2864750
6/5/2018,530.7119751,540.9667213,527.7604034,532.03639,3710175
6/6/2018,523.5223999,534.6853278,517.884166,533.5501148,2793493
6/7/2018,531.1660767,532.7175712,516.9002536,525.6035521,3166739
6/8/2018,535.0258789,545.8860644,532.4148799,533.5500928,4572713
6/11/2018,540.5125732,546.3400072,533.9283309,536.5771603,4023019
6/12/2018,536.6530762,543.8806368,534.5340209,541.1939288,2200939
6/13/2018,540.2099609,541.1938029,534.6096051,541.1181405,2429450
6/14/2018,528.8578491,543.3129213,522.1979426,538.0909234,4483300
6/15/2018,535.2528076,538.847648,526.1332745,531.6579673,3273882
6/18/2018,537.7502441,540.4747823,530.787597,538.0908172,1693522
6/19/2018,526.5495605,538.8476998,525.6035498,536.5394429,2008178
6/20/2018,522.6140747,530.1443281,520.9112557,529.6902615,2117024
6/21/2018,518.6408081,531.8471245,516.2947204,525.7548258,2599578
6/22/2018,523.0682983,524.3170049,514.2514594,519.1707155,1604665
6/25/2018,526.852356,529.6903884,522.954773,524.4305591,1850829
6/26/2018,520.5707397,529.6903197,516.256968,525.9819393,1687463
6/27/2018,540.5504761,542.5560371,522.1978698,523.7114868,5570107
6/28/2018,502.7101135,546.2266081,498.9260705,541.9127898,8192199
6/29/2018,496.0501099,511.4511434,479.930099,510.0132351,10890801
7/2/2018,497.3746338,506.6833706,484.3575163,497.9422403,4422723
7/3/2018,500.1369019,504.1858552,495.1798152,499.4558019,3506534
7/4/2018,495.3312988,503.5805322,493.4392771,503.5426548,2070241
7/5/2018,489.3902588,501.8018911,488.1415062,501.0072514,2864186
7/6/2018,480.4977722,492.7202027,479.0598175,491.6985296,5193752
7/9/2018,487.2711182,490.6767563,482.0869986,484.357424,1990065
7/10/2018,492.493103,500.2503897,488.3684877,491.1686882,3496172
7/11/2018,495.2554932,506.9103162,492.720157,495.7095598,5529491
7/12/2018,490.1848755,502.5208448,488.1414833,498.9638356,3416881
7/13/2018,485.1521606,495.7096502,480.951882,489.6551812,3194276
7/16/2018,497.4502258,500.666662,482.9952017,487.3468507,2856991
7/17/2018,489.5037842,503.2020473,487.8009649,494.9528152,2658597
7/18/2018,489.1253357,495.6339167,484.3574513,491.9255364,2568607
7/19/2018,486.0224609,495.67177,484.3574729,489.1253575,1610766
7/20/2018,499.0775146,500.8181654,487.0064064,487.4604732,2868824
7/23/2018,490.8281555,500.2125996,483.9790477,497.9800053,3696991
7/24/2018,485.4927673,495.6340221,483.676408,494.6880113,3855335
7/25/2018,477.8109741,489.0117756,474.6702469,487.384619,2269581
7/26/2018,489.188446,491.162063,473.9799416,482.9579879,3542338
7/27/2018,499.2887268,502.810333,482.6870849,489.8463174,3040306
7/30/2018,507.2993774,509.8534727,500.2175228,501.5332832,3393232
7/31/2018,526.8808594,530.0928585,511.5949292,511.5949292,9680690
8/1/2018,527.1516724,532.1051061,520.5729183,529.7058147,2887901
8/2/2018,517.7867432,528.8932112,515.8518151,525.3716516,1958340
8/3/2018,512.9494629,522.3919219,506.7576927,520.1086972,2862463
8/6/2018,516.31604,520.8437988,512.9492851,512.9492851,2226904
8/7/2018,509.8533936,522.2369295,504.6290893,518.5605673,2689721
8/8/2018,506.0997925,516.1614182,503.4682715,510.820998,2074919
8/9/2018,500.1402283,509.6600651,498.3601039,506.9511658,2146227
8/10/2018,499.9466553,502.9264252,490.7750691,502.1911432,3135726
8/13/2018,510.7822571,516.7805333,500.7593215,502.3072638,5306724
8/14/2018,520.7278442,524.3655185,511.2080074,513.1429355,5529769
8/16/2018,517.5157471,526.8420885,514.1102556,522.4304442,3624795
8/17/2018,532.2599487,534.0400729,510.3565755,515.464766,3955484
8/20/2018,532.4534302,539.8448448,524.945901,530.170206,3577624
8/21/2018,549.0552368,555.0147778,537.4456678,537.9100317,7918861
8/23/2018,562.4060669,571.1906192,548.7454593,549.5194304,11534012
8/24/2018,556.1369629,570.4167401,551.5318251,564.6119565,3625878
8/27/2018,571.1520386,574.2866124,557.2592465,557.2592465,2968641
8/28/2018,569.7200928,579.6269604,568.2882652,573.4351917,3782709
8/29/2018,568.4431152,573.7061096,559.1554615,571.1907033,3627848
8/30/2018,566.4695435,570.4167777,557.45276,568.4431606,4304298
8/31/2018,592.7071533,594.9903779,565.966457,568.0948779,7276056
9/3/2018,577.1115723,600.9885619,573.8995733,594.4098075,3610990
9/4/2018,591.2364502,593.5583631,578.465929,581.4070093,4488658
9/5/2018,592.9780273,603.1944089,586.0896651,592.0105634,6093648
9/6/2018,599.866272,603.6974382,585.3156252,593.6358143,3982477
9/7/2018,597.6605835,599.8276935,591.4688138,599.8276935,2059329
9/10/2018,593.055481,601.0660646,587.1733182,599.0537583,2820247
9/11/2018,578.3112183,598.8988307,571.5389711,597.5056922,3817364
9/12/2018,572.5838013,581.9488798,563.9153156,580.4783158,3934021
9/14/2018,588.5664063,589.6112485,558.4589078,572.6613076,3591403
9/17/2018,594.0615845,598.0862442,584.3482554,587.8311258,2233000
9/18/2018,584.1161499,595.8417868,580.4784753,595.8417868,2206998
9/19/2018,595.9191284,597.5057599,581.4071686,585.896192,2025718
9/21/2018,571.2294312,595.4547201,536.3620383,592.0879643,4434535
9/24/2018,581.600708,591.3140378,570.8424887,572.7387277,2811682
9/25/2018,587.2506104,598.0475173,576.6858853,581.6006304,2812964
9/26/2018,579.5881958,594.5258747,572.003289,587.0957244,3224771
9/27/2018,577.4212646,587.4055131,570.5716377,579.5883748,3479414
9/28/2018,576.9955444,585.1222422,561.1291344,571.1907603,2971384
10/1/2018,587.869812,590.9270077,574.0544451,579.7044253,2233369
10/3/2018,580.5944214,604.3166065,576.1440877,591.3139019,5236214
10/4/2018,557.1431274,574.9832007,551.8414438,574.7122824,6561009
10/5/2018,553.0023193,560.2776662,538.2968693,555.711218,4769105
10/8/2018,537.8324585,556.7947477,529.1252849,553.002271,2643927
10/9/2018,538.7613525,545.6497154,534.5819363,537.9100031,2729413
10/10/2018,541.2379761,552.6153606,534.8527146,535.6653748,3409416
10/11/2018,538.2583008,543.366492,524.4816223,526.3004358,3611423
10/12/2018,536.9812012,543.7534491,532.4921777,535.6267516,2727205
10/15/2018,537.5616455,549.0551453,527.4226425,536.7489853,4146878
10/16/2018,556.2531738,563.1414899,537.5617483,537.9100449,2889306
10/17/2018,557.6461792,568.8687602,555.4016441,558.0331648,3320857
10/19/2018,534.6592407,550.7191415,532.8017384,549.5194957,2049802
10/22/2018,523.630127,534.0400475,514.4198994,532.4921053,3293136
10/23/2018,517.2062988,529.318968,515.4648635,523.2045761,1656193
10/24/2018,516.5484009,522.4305631,499.9853982,517.0127647,3180852
10/25/2018,504.1649475,515.5810247,502.3460865,511.4015606,2142283
10/26/2018,505.6353455,508.42167,495.6511459,507.6863879,1397821
10/29/2018,514.1103516,517.8254037,498.4374353,513.1428876,1942428
10/30/2018,530.2476196,535.936336,509.195642,509.2730202,3825436
10/31/2018,575.7571411,579.5495713,520.4568946,537.9099341,13010741
11/1/2018,557.8010254,578.1564575,552.6927874,578.1564575,3999401
11/2/2018,534.7367554,563.3349553,532.1052342,558.4976349,4445407
11/5/2018,538.954834,548.5134068,534.1175139,535.5880781,2782174
11/6/2018,537.5616455,545.2626678,535.2784212,538.9547841,1752227
11/7/2018,539.6513672,541.0058167,536.3619899,541.0058167,111376
11/9/2018,547.352478,550.2935593,538.8387943,544.8757606,2573761
11/12/2018,560.7807617,566.0437559,536.4393607,547.3523818,4696550
11/13/2018,563.4896851,572.2355496,555.7112845,557.2205377,4401141
11/14/2018,541.9732666,563.3735866,535.6653832,561.1290515,3367710
11/15/2018,553.3119507,558.7297483,539.7287203,543.3277047,4485617
11/16/2018,563.4510498,566.7791166,550.293539,553.157242,2874046
11/19/2018,566.9725952,568.6753413,560.5486437,564.9989781,2212804
11/20/2018,549.2873535,566.9338869,544.9143975,566.9338869,2667937
11/21/2018,534.5431519,549.3646699,529.589718,549.2872917,3108345
11/22/2018,534.6592407,549.5194957,530.5185141,543.869516,4031353
11/26/2018,537.5229492,540.8123265,519.3346277,532.4921369,2993915
11/27/2018,537.2521973,548.2038628,530.2090301,538.4518433,2560757
11/28/2018,539.8449097,546.3462866,535.5880681,542.5538089,2767316
11/29/2018,532.1051636,546.4236298,530.3637285,546.4236298,2351937
11/30/2018,546.3849487,549.4421443,531.6794967,533.1113245,3292579
12/3/2018,551.6091919,555.4403581,544.6434523,547.0427437,2410009
12/4/2018,560.0068359,560.9356108,545.3013836,551.6092676,2896702
12/5/2018,562.5610352,572.6613987,550.3322977,550.3322977,4864922
12/6/2018,538.9935913,560.3551787,534.5045203,560.3551787,3467903
12/7/2018,537.3294067,544.8369354,530.286289,540.2317982,2423892
12/10/2018,532.4147949,545.6496832,526.3390928,531.718202,2334813
12/11/2018,538.1421509,548.6681872,530.1702572,534.0401131,3495336
12/12/2018,545.9205322,550.4482918,534.4657686,541.7798055,2355119
12/13/2018,548.9776001,551.8413021,539.5351448,546.4235053,2593714
12/14/2018,551.2223511,554.7826,545.7271267,548.8617481,1982037
12/17/2018,557.0656128,559.194033,550.6803522,551.4543232,1435014
12/18/2018,548.7455444,554.5890172,545.0304924,553.3893713,1905592
12/19/2018,549.09375,552.6539978,535.510568,548.7454536,2702676
12/20/2018,547.7780151,554.9372474,543.3276816,543.3276816,1817880
12/21/2018,538.4904175,552.2284051,536.3619969,549.5195062,2063928
12/24/2018,540.15448,545.572278,534.5044528,541.0058293,1472565
12/26/2018,536.7876587,540.1544614,530.9441862,538.6065192,1881689
12/27/2018,548.6682129,552.2284616,538.8000799,543.3277926,3018106
12/28/2018,552.6153564,556.0208481,549.5194721,549.5194721,1863654
12/31/2018,559.6972046,562.2512997,553.4666996,557.2591768,1814655
1/1/2019,556.5626831,558.3815438,553.38942,553.38942,815535
1/2/2019,551.1060791,564.7666871,548.9389696,556.6013019,2576769
1/3/2019,535.0075073,554.1632915,530.3636809,553.4280095,3558015
1/4/2019,527.1516724,539.4965203,520.4955401,537.4842144,3926171
1/7/2019,532.1051636,534.697948,528.2739969,530.1702357,1885000
1/8/2019,533.9240112,535.8976756,530.3250735,532.4921834,1300906
1/9/2019,536.9036865,542.8632726,529.3961585,537.290672,2183998
1/10/2019,537.5616455,539.4191951,533.3822297,537.909942,1454656
1/11/2019,541.1606445,542.747276,531.7181869,537.1359851,1849817
1/14/2019,526.1842041,544.1790312,523.9010273,544.101653,1558602
1/15/2019,546.6171265,550.1386858,527.8870151,528.5836081,2491520
1/16/2019,541.7024536,545.6496878,539.4579183,545.6496878,1922647
1/17/2019,546.0753174,548.8229054,538.6839026,541.3928015,1434040
1/18/2019,548.8616333,552.770178,543.5985919,545.6496343,1888004
1/21/2019,552.538147,558.3429319,548.7456686,549.790511,2586962
1/22/2019,552.7702637,557.2592874,543.1730015,552.61546,2839669
1/23/2019,557.8010254,561.8256849,550.2934957,552.6154092,1965283
1/24/2019,563.2575684,564.9990036,554.5503919,560.3551762,1849102
1/25/2019,564.2636108,569.0235519,560.3550663,566.546835,2528541
1/28/2019,568.9847412,571.1905394,558.1491483,566.7015175,1804582
1/29/2019,566.1598511,574.5961548,558.342762,569.0235535,3100457
1/30/2019,553.0797729,567.6304686,550.873974,566.5468901,2139900
1/31/2019,566.4695435,570.1845958,555.7113248,555.7113248,3253640
2/1/2019,577.8468628,580.9427475,563.4510178,567.2821846,2260029
2/4/2019,579.8205566,582.2198485,570.1071801,579.7044421,1518373
2/5/2019,581.2523193,588.2180595,572.8934406,582.0262905,2446263
2/6/2019,627.9615479,630.3995762,599.0537409,606.7934533,14860848
2/7/2019,623.0466919,631.7151771,617.7062728,626.1425761,4966655
2/8/2019,623.4723511,633.1082998,619.1768213,619.1768213,5242725
2/11/2019,626.4523315,629.9352021,622.272868,626.1427242,2541742
2/12/2019,623.1628418,630.7090599,616.4292839,626.8392045,2416559
2/14/2019,623.7433472,628.2710593,619.486506,623.6659217,2464657
2/15/2019,618.9060059,622.8919287,601.5690344,622.8919287,4312334
2/18/2019,621.847168,636.2043242,619.5639435,630.7865259,3851335
2/19/2019,612.2112427,626.1427248,610.5471856,624.5947824,2372030
2/20/2019,628.7741699,631.7539399,607.7608347,614.5717712,3340240
2/21/2019,635.1594849,650.1358087,626.2200797,630.0125575,14193982
2/22/2019,639.300293,642.2026853,633.1859008,638.4489434,4789937
2/25/2019,642.8991699,644.6406051,636.591286,642.5508734,2881535
2/26/2019,644.9500732,648.897354,635.1206314,638.5261229,3319590
2/27/2019,638.9905396,648.5491113,635.1206839,647.3494655,3703224
2/28/2019,642.512207,648.8974694,638.5262365,644.718006,6409662
3/1/2019,643.7891846,647.4268584,641.699453,643.1700171,3820707
3/5/2019,626.9165649,638.2939491,625.4073119,636.5912033,4927644
3/6/2019,637.4038086,642.1637491,628.464453,628.464453,3999053
3/7/2019,625.5621948,638.8745083,624.0142525,637.4039442,2306250
3/8/2019,627.9615479,629.6256049,621.1892995,627.0715093,1437045
3/11/2019,624.7109375,630.3222293,621.4989378,628.4646793,2699806
3/12/2019,622.8146362,629.8190662,620.0670479,627.6906454,2793702
3/13/2019,611.3984985,631.5604369,609.8892454,626.0652608,4815576
3/14/2019,610.2375488,615.3070503,599.8276276,613.0625151,3112666
3/15/2019,618.6351318,624.9817047,609.1152961,614.5330942,3854238
3/18/2019,610.3535767,623.5885105,605.4388792,623.0080322,3379301
3/19/2019,615.0363159,617.2034261,606.2130242,614.14623,2413153
3/20/2019,611.321106,623.9755629,609.3474889,616.8550187,3331375
3/22/2019,610.4697876,617.6290212,606.1742569,614.920122,2815749
3/25/2019,611.1276245,615.6553843,608.6509545,612.9851742,1861646
3/26/2019,596.538269,612.9077779,594.5259629,611.5920175,3169827
3/27/2019,592.0493164,598.2797755,589.4564844,596.731833,3893738
3/28/2019,597.2734985,605.2453913,594.4484852,595.9577382,3908706
4/1/2019,607.9544067,615.1523298,602.9235937,605.9033641,3433947
4/2/2019,613.333374,614.5330197,607.6059693,612.1724174,2596840
4/3/2019,601.9174194,614.0300405,600.7951517,613.3334948,1467406
4/4/2019,599.4406128,605.0519032,593.8293224,602.0721334,1751584
4/5/2019,601.5690918,609.1926889,599.4406711,602.9235413,1367411
4/8/2019,609.2313232,611.4371218,598.5892214,603.4652295,1368825
4/9/2019,611.0501709,617.3967432,609.3474251,611.7080274,2128462
4/10/2019,611.6306763,618.3642344,608.341299,608.3799881,2497013
4/11/2019,604.4328003,615.8875643,602.6139397,611.7468374,1854222
4/12/2019,607.8382568,608.612228,599.4793774,602.9235587,3162714
4/15/2019,617.0097656,618.7125115,607.5673088,607.8381798,3317405
4/16/2019,617.7062988,622.8145363,615.4231219,618.4028917,1868910
4/18/2019,619.4476929,626.1425612,617.7062581,622.272706,6307643
4/22/2019,623.317627,627.535779,618.2481255,619.7186896,1833972
4/23/2019,623.0081177,625.3300312,619.21564,624.2077636,1214892
4/24/2019,633.6889038,634.6563678,623.8207713,624.5947424,2710117
4/25/2019,631.9474487,640.0741459,629.5868462,634.6563478,5447101
4/26/2019,637.1717529,639.9580302,631.9474476,631.9474476,1996703
4/30/2019,647.1173096,648.5878738,637.0556838,639.2615301,2783771
5/2/2019,647.8139648,655.166692,641.6995728,646.188644,3241791
5/3/2019,632.644043,645.8402418,629.238551,642.3960607,2329144
5/6/2019,634.772522,638.9132491,626.9166951,626.9166951,1247845
5/7/2019,630.515625,637.9844184,626.6844583,636.2042941,1810222
5/8/2019,620.9570313,630.0898812,618.8672997,629.2385318,1270071
5/9/2019,626.645752,630.5929859,618.5577441,619.9508827,2024710
5/10/2019,625.6782837,629.5481394,619.4865146,627.226226,1429055
5/13/2019,632.5667114,639.068089,626.297563,628.1550657,3719275
5/14/2019,611.4758911,633.7275614,608.8056812,633.7275614,2701861
5/15/2019,611.6693115,617.9385054,607.992949,612.2111007,1662095
5/16/2019,610.9341431,615.1136064,604.7423735,610.392401,1233818
5/17/2019,607.4512329,613.7591166,601.0272819,613.7591166,1608854
5/20/2019,603.194458,611.4372705,590.5400473,611.4372705,3754370
5/21/2019,598.3183594,607.41252,594.4871929,603.6974681,1669926
5/22/2019,580.4396362,593.906705,575.9893024,586.6700941,5888740
5/23/2019,575.2927246,589.2628939,573.164304,588.2180518,3764857
5/24/2019,569.5267334,580.4010674,566.5856521,580.4010674,3591853
5/27/2019,561.9417725,571.1907376,556.8722706,570.4167664,3672605
5/28/2019,570.532959,577.9630645,562.6771314,562.6771314,5583587
5/29/2019,571.8485107,579.1238578,567.8238989,570.377994,2058402
5/30/2019,568.8687744,577.3824568,567.2821431,573.8995867,3367426
5/31/2019,588.4888306,591.15904,571.3067122,572.7385396,5503111
6/3/2019,586.3604736,591.2365292,579.7043412,591.2365292,2826290
6/4/2019,579.1625366,590.3077388,578.00158,585.3543051,2332547
6/6/2019,571.1907959,579.9366618,568.0175326,579.1626905,3225967
6/7/2019,581.05896,582.5682135,564.5346914,571.268204,1569343
6/10/2019,594.5645752,595.4546136,583.6128658,584.6964442,2539412
6/11/2019,589.8434448,596.5383147,587.6376458,595.9578363,2069998
6/12/2019,578.8917236,591.5461329,575.2927389,589.7660087,3056823
6/13/2019,575.9119873,582.5681684,571.5777672,575.8346091,2385606
6/14/2019,572.9321289,577.885563,569.1009624,575.8345206,1348083
6/17/2019,570.0684204,575.1766582,568.1334926,572.7386302,1333739
6/18/2019,573.9383545,576.1442008,569.6815127,571.1133879,1645116
6/19/2019,569.3331909,576.0667497,564.6506746,574.2866255,1945921
6/20/2019,561.5549316,565.7730852,555.5953425,558.8073427,4139025
6/21/2019,573.0869751,575.8345634,562.2900676,564.2249956,7280809
6/24/2019,563.6445313,571.1907505,562.6770672,571.1907505,1242655
6/25/2019,560.6259155,563.5670433,557.2591603,562.6769577,1451025
6/26/2019,555.7886963,565.656829,554.472983,558.2654136,2781711
6/27/2019,543.2891235,556.4853238,535.3172292,553.7764244,8567309
6/28/2019,546.8880005,553.3893771,544.9530726,547.1202296,3421172
7/1/2019,545.3787842,550.4482857,543.5986128,549.287329,2073961
7/2/2019,550.7966309,551.8414731,541.9733402,543.3664789,2432132
7/3/2019,542.6311035,552.1896747,540.6187976,551.8413782,2040614
7/4/2019,542.2441406,547.0040818,539.4578635,542.8633553,2838357
7/5/2019,527.1516724,544.1016575,524.9845628,542.1667299,2813644
7/8/2019,526.5712891,530.7507525,515.0778356,526.300418,2293102
7/9/2019,523.1271362,529.3962839,517.4771089,527.0743703,2180104
7/10/2019,522.3143921,530.0154142,517.0127088,519.3733113,2468773
7/11/2019,515.232605,523.7462876,509.582625,523.7462876,3449721
7/12/2019,515.3100586,520.8052829,513.1429485,514.690891,1792810
7/15/2019,524.6749878,526.8420973,515.348599,522.4304529,1883164
7/16/2019,523.1658325,527.5387414,518.9476801,526.3004064,2015642
7/17/2019,534.6592407,538.2969144,520.9212533,523.1657885,3271680
7/18/2019,531.8730469,537.3295347,526.3778227,531.9891142,2984256
7/19/2019,522.4692383,535.2010737,514.2264735,531.8730071,2005513
7/22/2019,520.0698853,525.526372,518.5606322,519.3346033,1286218
7/23/2019,519.489502,522.8562579,515.2713493,521.0761335,1462269
7/24/2019,511.1691895,526.1455104,504.20345,518.8314745,3060459
7/25/2019,515.9532471,520.025541,507.2551847,512.2367926,2751865
7/26/2019,508.8366699,514.7671672,506.8993645,513.739224,1637706
7/29/2019,511.0506897,517.6533387,506.8598148,506.8598148,2524484
7/30/2019,506.2666626,514.2135174,500.6524792,510.0226433,2882913
7/31/2019,503.1037598,505.9108516,480.0934539,497.3709468,9651731
8/1/2019,494.7220154,500.8897218,489.4636227,499.7826765,3982949
8/2/2019,503.0247192,505.3573425,488.9892112,494.2080287,2172845
8/5/2019,512.4345093,514.8067083,494.4453336,499.0711506,3140140
8/6/2019,530.2654419,537.5797209,514.0554181,514.0554181,7226321
8/7/2019,533.3098145,536.512273,530.0282536,531.214353,3239880
8/8/2019,537.8565063,540.7822276,525.8373571,532.9539529,2708834
8/9/2019,524.5325317,538.2913004,521.6859132,536.9075181,3743407
8/13/2019,505.3969727,523.8605673,502.9061446,522.7535219,2716622
8/14/2019,521.1720581,523.8605694,505.1992914,505.3178724,2627043
8/16/2019,521.0928955,522.674361,510.9319987,519.432376,3067796
8/19/2019,530.067749,533.2702557,523.0697826,523.465149,2871173
8/20/2019,528.9212646,537.6983807,525.5606498,532.9539832,3913608
8/21/2019,532.0050659,533.7446879,529.2375009,529.7910235,2106655
8/22/2019,539.8728638,540.8612799,528.288608,531.8864811,3353812
8/23/2019,540.7426147,549.0848845,537.2238923,541.0589272,7015461
8/26/2019,546.5150146,547.9778511,529.9491522,545.4474964,1767289
8/27/2019,534.8122559,545.4871516,532.3214758,545.4871516,3160545
8/28/2019,545.7637939,548.3336756,534.5353784,534.5353784,2749273
8/29/2019,546.5150146,548.7685839,538.4890571,540.9798848,2789979
8/30/2019,548.4918213,554.0664778,534.416739,547.9778257,3067856
9/3/2019,557.0712891,566.8763956,551.9315256,551.9315256,5044667
9/4/2019,556.0828857,561.2226494,547.3452973,557.4666683,2027768
9/5/2019,549.9151611,561.4203143,546.4359173,561.4203143,2019839
9/6/2019,570.7115479,580.7538667,566.4415703,566.4415703,10663234
9/9/2019,563.7134399,571.699822,561.4202955,571.699822,1754023
9/11/2019,556.4387207,571.8975384,554.5014156,567.7461909,2702792
9/12/2019,557.9016724,560.7878672,548.7687156,554.3829008,3282740
9/13/2019,561.0249634,562.4482729,554.3037341,557.6643487,1073430
9/16/2019,568.8928833,571.8976591,561.4995006,561.4995006,2500556
9/17/2019,558.2178955,569.248629,552.8409215,569.248629,2948429
9/18/2019,566.7577515,567.8252215,555.0153883,561.4203049,1666369
9/19/2019,556.1619263,565.9275058,553.5129905,565.9275058,1570183
9/20/2019,554.1851196,566.3228983,550.3896115,554.5409591,3394351
9/23/2019,539.9123535,557.4271046,533.8237012,555.8851659,2256769
9/24/2019,556.557251,558.1782918,540.6240143,542.4822171,3128057
9/25/2019,558.1784058,561.3808645,551.9315962,556.7155209,3512690
9/26/2019,564.3460693,566.1647453,554.9363287,557.822523,3300104
9/27/2019,556.913147,568.2601925,555.133998,561.420334,2434719
9/30/2019,564.9785767,566.6390962,550.5081763,557.0712488,2136186
10/1/2019,557.4271851,565.3740413,553.5130474,565.3740413,1709480
10/3/2019,555.4897461,567.5484203,547.6219457,557.6642611,2111319
10/4/2019,559.9575195,564.4251314,555.5293864,557.4666916,2273166
10/7/2019,557.3085327,566.7973274,554.0665472,559.9575169,2578403
10/9/2019,562.2506104,564.504228,554.9758581,555.727064,1115851
10/10/2019,562.4483032,568.418327,556.2805962,559.8784213,1507268
10/11/2019,570.4742432,572.4115484,551.5361811,554.5409564,3785425
10/14/2019,569.9205933,576.1674009,567.311185,570.1182764,1871571
10/15/2019,569.7229614,576.44419,568.5368623,572.4905261,1482881
10/16/2019,575.4162598,577.0372523,567.5089319,569.4066616,2114943
10/17/2019,572.767334,578.0257269,566.1252068,573.2813297,2177984
10/18/2019,580.5559692,583.3630607,571.462543,572.8463253,2907649
10/22/2019,567.4694214,578.8164179,564.8204375,575.1790663,2825230
10/23/2019,574.5464478,580.7142024,566.4414363,567.4694276,2143330
10/24/2019,574.3487549,589.095941,572.8068645,577.2349489,2888332
10/25/2019,570.0789185,577.9467208,554.461943,577.9467208,2785014
10/27/2019,574.6651611,583.0864862,568.1416144,571.6999126,194159
10/29/2019,596.8056641,603.3292106,573.360414,575.6535587,3292048
10/30/2019,596.5288696,604.7524621,589.5308551,602.5384199,2232609
10/31/2019,584.3516235,600.443019,582.4538452,596.9638232,4178139
11/1/2019,601.3128052,604.1198971,585.1423087,585.8539876,4136257
11/4/2019,608.4689331,614.8738499,595.7776804,601.3128104,4936914
11/5/2019,611.4341431,613.2528189,604.7524412,610.4457271,3303839
11/6/2019,610.3666382,619.9344853,606.9664487,619.9344853,9486591
11/7/2019,608.6271362,612.818011,604.9502089,612.818011,2060900
11/8/2019,609.9318237,615.0715878,609.1015638,610.4458194,2368591
11/11/2019,609.180603,612.4225884,607.3223519,608.8247636,1345883
11/13/2019,598.6242676,611.8690422,589.8866796,607.2828015,2434874
11/14/2019,599.6523438,603.724638,591.7054869,597.7941405,2564424
11/15/2019,594.5915527,603.5268239,592.4960915,599.6522138,1787358
11/18/2019,594.4729614,599.6127251,591.0728197,594.6311177,2216434
11/19/2019,603.4478149,605.7013843,594.631124,596.2125898,2725437
11/20/2019,609.9713135,611.2364667,597.7544818,604.8315502,2343750
11/21/2019,605.0291748,616.7715367,603.1709239,612.817873,2102137
11/22/2019,596.3707275,604.9106327,587.3563537,604.9106327,1819912
11/25/2019,603.7640991,605.4641942,593.7217816,596.3707658,1837243
11/26/2019,603.8035889,607.1642035,598.0312487,605.701367,2968850
11/27/2019,606.927063,608.5085289,598.8615773,603.2106085,1369944
11/28/2019,605.8989868,610.5247542,602.5383725,605.0292001,1096867
11/29/2019,602.1035156,610.7224744,599.6917902,605.7013403,1236902
12/2/2019,591.8239136,600.8778129,579.0535608,599.4544554,4333335
12/3/2019,590.0844116,598.3475799,587.75174,591.5077212,1838085
12/4/2019,600.0081177,602.1431062,587.9494409,590.5984251,1870954
12/5/2019,604.831665,606.2945017,594.7102445,597.0033894,2475102
12/6/2019,598.9801025,609.9317326,597.4381639,603.4872892,1092422
12/9/2019,593.326416,600.5221144,590.2821136,600.5221144,1435556
12/10/2019,589.0563965,593.0100604,583.0072714,593.0100604,1582428
12/11/2019,599.3359985,600.9569913,585.9330665,585.9330665,1644499
12/12/2019,598.1498413,605.70133,595.0264371,601.7476659,1184008
12/13/2019,602.4197998,604.0803677,591.6658524,600.1267035,2019424
12/16/2019,611.4736938,619.9345449,600.1662239,603.0919451,5810893
12/17/2019,614.6761475,618.3530744,610.9201665,613.252838,2421510
12/18/2019,622.0299683,627.841835,616.8506299,616.8506299,5676894
12/19/2019,618.946167,624.6789804,615.2692398,624.6789804,2099931
12/20/2019,619.4205933,622.8603103,615.1901916,619.9741159,2092547
12/23/2019,613.5691528,622.6230534,612.77842,615.6645659,1887292
12/24/2019,610.4852295,615.1505722,606.966459,613.6086336,1413973
12/26/2019,609.180603,616.0204132,607.3223519,609.6550234,1276520
12/27/2019,616.9297485,617.8786376,608.1525854,609.654997,1363474
12/30/2019,618.9065552,620.6066017,616.0598882,618.9065552,1055528
12/31/2019,602.7755737,617.522759,600.956898,616.8110802,3004887
1/1/2020,602.6175537,606.3340082,601.2337711,605.7014315,746371
1/2/2020,605.7409058,608.1922066,601.7477144,602.6175013,1133488
1/3/2020,612.8970337,616.6925901,603.7640786,605.7013838,2121704
1/6/2020,609.180603,615.82273,607.4014541,612.6993256,1734439
1/7/2020,614.4785767,615.5856221,601.4314825,608.8643918,1937143
1/8/2020,608.7062378,620.6463347,606.5712491,608.943448,2596664
1/9/2020,611.7504883,613.9645306,602.6965875,609.2596605,1678891
1/10/2020,613.8063354,618.2739951,610.8015605,615.9808506,1105725
1/13/2020,621.3973389,623.6509563,612.8574345,616.6925174,1393509
1/14/2020,629.6209106,630.8465367,619.6972249,621.3972713,1628535
1/15/2020,628.7513428,635.472573,623.4929492,629.5420757,1759644
1/16/2020,619.0251465,629.1860918,617.6413641,627.0511036,1110008
1/17/2020,615.5460815,622.1091554,613.2134097,619.5392733,989312
1/20/2020,615.3483887,621.0812025,612.4621941,615.5855989,1620105
1/21/2020,615.9019165,619.4602148,612.8180387,614.5971878,976954
1/22/2020,615.7831421,625.0347251,613.7667832,616.771558,1192201
1/23/2020,608.0341187,617.1275477,606.4131257,614.5971926,2018777
1/24/2020,622.5440063,623.6905787,603.5664166,604.9897262,2364265
1/27/2020,625.8650513,629.6210323,616.4948863,621.5160206,1175606
1/28/2020,628.0395508,629.22565,620.4089597,626.6557683,1506685
1/29/2020,635.8677368,638.279462,627.485941,630.1349246,2565136
1/30/2020,625.74646,638.872655,619.9345925,637.0144038,2493688
1/31/2020,629.8978271,634.5631707,619.1438787,630.0955104,3081521
2/3/2020,627.1698608,647.3730781,625.0743992,638.9122259,3383074
2/4/2020,641.3634644,642.8658762,628.0791607,628.0791607,1779834
2/5/2020,643.6960449,645.2379836,638.1213882,640.4935866,1613898
2/6/2020,646.5823364,653.1058832,640.5332101,642.6286717,1553656
2/7/2020,651.9197388,652.7104717,643.8542537,646.5822918,1397438
2/10/2020,643.3797607,654.0150783,641.6796659,653.9360243,1098971
2/11/2020,648.3614502,649.8638137,641.3239081,642.8658469,1143705
2/12/2020,649.5869751,653.501112,645.8705214,648.4008759,1394424
2/13/2020,654.7268677,656.3083335,643.9333438,650.6150468,1737974
2/14/2020,659.5899048,662.6342073,652.394206,653.9361449,2143044
2/17/2020,658.8782349,661.8434834,654.2919934,661.0132235,793328
2/18/2020,663.2666626,664.2155516,652.6312968,652.6312968,1507814
2/19/2020,664.9273071,668.0506634,661.0922237,663.4248953,881874
2/20/2020,655.9919434,668.8809272,653.8965303,664.3342134,1066232
2/24/2020,648.4799805,667.2994606,645.0403119,655.477995,2917544
2/25/2020,650.0614624,653.7779165,639.7424083,649.9824084,2479975
2/26/2020,641.6401978,652.7499849,639.0703159,648.4009541,2212784
2/27/2020,639.8214722,648.1636937,632.7444039,638.1213773,1907768
2/28/2020,588.6216431,638.9122407,578.8560619,624.520891,5959364
3/2/2020,596.7567749,604.6916439,588.6215798,594.7129598,3784522
3/3/2020,602.9684448,607.2564992,594.793135,601.1250046,2168900
3/4/2020,618.1968994,621.0422144,599.5219604,604.3309601,2685540
3/5/2020,606.0141602,628.3760308,603.008535,617.1149651,2126955
3/6/2020,593.430603,600.9246083,586.2171032,597.9991138,2004893
3/9/2020,564.8972168,585.0950275,558.2848415,573.072527,3429034
3/11/2020,567.902771,572.190825,533.7989584,545.8214575,4626185
3/12/2020,520.8547363,553.0349797,510.6356117,541.8139801,3796919
3/13/2020,525.7438965,537.0049609,421.5088389,483.5048398,4553639
3/16/2020,483.625061,508.7921286,473.6864427,508.7921286,6499354
3/17/2020,477.2531433,495.2868917,467.5148996,480.8999582,3333465
3/18/2020,464.5895386,489.9169214,457.3760379,480.9000456,3548257
3/19/2020,424.7950134,462.9865092,419.1845133,440.5445085,4931298
3/20/2020,461.944458,477.2531358,420.8675872,420.8675872,6315992
3/23/2020,390.4907532,434.412937,377.8270403,432.8099373,2912669
3/24/2020,403.5551758,427.9608561,390.3304282,390.3304282,4082147
3/25/2020,422.1499939,435.0941875,406.4005018,407.9634363,3664272
3/26/2020,412.9327698,452.7673257,411.1694602,432.2889635,5979874
3/27/2020,404.0361328,431.8481666,399.1469782,420.787477,4672139
3/30/2020,422.2301025,426.6784168,389.2483893,395.9409178,4138337
3/31/2020,453.2481995,461.0628236,423.0717083,430.405452,3652911
4/1/2020,409.7268066,449.0804368,408.7649969,448.8399966,4114437
4/3/2020,417.5013428,427.3197171,408.8451287,411.7705986,5826085
4/7/2020,440.7047119,446.9564504,429.4035826,430.0047075,3531972
4/8/2020,447.958313,456.6946325,430.4054456,432.7698801,4113059
4/9/2020,437.0178223,467.0340034,430.8462632,456.8549449,5917001
4/13/2020,422.2701416,441.626381,418.1825123,441.626381,3822640
4/15/2020,431.7279358,439.7028206,423.1919424,423.1919424,6316254
4/16/2020,414.8964233,424.7949271,407.4424599,422.3904275,7001494
4/17/2020,408.6447449,426.3979635,400.7499657,424.0735941,10839705
4/20/2020,420.6672058,426.3178193,410.3679516,415.1368858,4549088
4/21/2020,411.1293335,416.7798973,405.4787452,409.5663991,2950307
4/22/2020,415.4173584,418.3027872,406.4004852,410.3679192,2268496
4/23/2020,419.7455444,423.07174,408.2039253,415.9784848,6094748
4/24/2020,403.5151367,426.8788296,402.433107,418.3829502,4817852
4/27/2020,410.1275024,415.9784418,405.9596932,410.1275024,4032316
4/28/2020,417.1005249,423.5926539,413.2132214,415.1769058,4972775
4/29/2020,423.7530212,430.3253304,418.4630924,421.5488964,6361689
4/30/2020,437.819397,443.1493918,426.6785268,433.6115218,8931956
5/4/2020,402.7136536,416.5795927,399.1469691,412.772468,14814506
5/5/2020,400.7098694,411.9709328,399.3072446,405.5589338,5717678
5/6/2020,406.2402344,408.0436092,392.734956,403.7555798,3781531
5/7/2020,413.8544617,421.4687109,405.839487,407.1619569,6799899
5/8/2020,429.7642822,431.6878528,416.1387831,422.3103425,6016020
5/11/2020,424.9552917,435.8556717,422.5507919,434.0122316,4272574
5/12/2020,427.3998413,432.4092159,420.7874668,420.7874668,5691969
5/13/2020,436.6170959,440.6245957,425.9170912,434.4129711,3296409
5/14/2020,413.3335571,428.8024972,411.9309321,426.7186168,6148398
5/15/2020,409.20578,416.7799642,406.6810601,416.7799642,3628530
5/18/2020,403.9960022,412.7724356,401.9521873,409.967186,3283979
5/19/2020,410.8488159,416.5394944,403.3948769,408.7649358,3041594
5/20/2020,416.1387329,420.6271125,409.3259842,412.7724237,2772920
5/21/2020,416.8200684,417.9822532,408.8050683,416.7399379,2540109
5/22/2020,424.5144653,425.5964707,412.852602,414.4556019,4254552
5/26/2020,417.1406555,433.4110946,415.8582263,427.19947,2719781
5/27/2020,419.785614,421.588989,410.4080545,418.1024836,2265885
5/28/2020,424.5545044,426.2776998,414.4956905,423.1919448,3387672
5/29/2020,425.1556396,429.323449,420.3466402,424.7148245,4081245
6/1/2020,435.6552734,444.6721476,430.4455239,431.6077086,4913055
6/2/2020,438.8212891,439.5025446,431.2070384,435.6954192,3878973
6/3/2020,443.4298096,453.2481831,440.824935,444.0309345,4942023
6/4/2020,466.5530396,468.8774087,445.3534078,446.435413,10915145
6/5/2020,464.7497559,475.7303157,460.8625004,471.2820004,6207096
6/8/2020,472.8849182,480.4591017,464.95005,469.518609,4791151
6/9/2020,469.8392944,485.1879896,468.8774847,476.0909844,5665593
6/10/2020,473.2857971,478.4154172,466.8737965,474.0872972,3438670
6/11/2020,458.3376465,473.6863874,452.6470174,473.6863874,3378322
6/12/2020,444.5918884,450.362696,440.8248301,440.8248301,3603893
6/15/2020,439.8631287,449.2406871,435.5350586,446.4354375,3944724
6/16/2020,427.4399109,446.3954042,425.7167154,446.3954042,4262594
6/17/2020,429.2432556,436.8174393,423.5125608,425.5964409,6139224
6/18/2020,429.5238037,432.8099336,425.5964347,428.8424995,2658663
6/19/2020,431.8882446,435.1744239,426.3178589,431.6077392,5570067
6/22/2020,439.6227417,443.4298666,431.4474321,434.3328614,4352621
6/23/2020,447.8780823,448.9200222,436.45671,439.2218941,4438315
6/24/2020,449.6013489,453.6489133,444.3515347,447.8781046,3500477
6/25/2020,444.1512451,453.328381,442.4680658,447.2370006,2386979
6/26/2020,449.5211792,460.8223566,442.9088053,445.2331745,5288935
6/29/2020,434.0522156,447.9582667,432.1687106,447.9582667,3304988
6/30/2020,435.5350952,439.943345,434.0522909,438.4204755,2356985
7/1/2020,437.5387878,438.7009235,429.643985,436.0159186,3662491
7/2/2020,449.5211792,450.8436735,434.8136763,440.7447948,5966748
7/3/2020,454.6108093,458.6583745,449.6815648,453.5688691,4007490
7/6/2020,466.1122131,471.2818968,459.2994646,460.8223339,4909636
7/7/2020,470.3601685,474.8886622,462.5455449,467.9556689,5126702
7/8/2020,467.6351624,476.0108467,461.7441083,472.8449121,3391014
7/9/2020,462.7058716,471.0414899,458.4979972,467.6351154,2498146
7/10/2020,456.0534058,458.4579053,449.9219125,458.4579053,3959401
7/13/2020,480.9399109,482.3425354,457.2556033,458.4177877,11008252
7/14/2020,479.5372925,483.9455411,474.9286689,476.8522879,5525588
7/15/2020,493.1628418,504.9448992,482.5029037,484.1059034,11907668
7/16/2020,480.4190979,512.1184117,471.3621092,502.5404773,13009798
7/17/2020,480.6595459,484.3864914,473.0452961,484.3864914,3307397
7/20/2020,499.2142029,501.698882,479.6976995,483.9857045,5461610
7/21/2020,497.4909973,506.3876266,493.2029435,504.9449366,4218944
7/22/2020,495.2869263,502.0996762,490.1573068,495.3269915,2879564
7/23/2020,511.0437012,512.7809535,490.4791219,495.2869584,5038587
7/24/2020,527.3255615,529.5881073,505.2257427,511.084018,12276883
7/27/2020,536.9816895,542.7995734,519.4068614,530.8810119,11521949
7/28/2020,552.9807739,567.8486925,538.9613346,541.3854486,23296517
7/29/2020,546.5568848,561.7883803,542.1934601,555.0816752,5436716
7/30/2020,545.2235718,555.4048296,541.0217648,549.4657707,5126995
7/31/2020,550.7991333,553.8696679,544.2136037,548.2134018,3114793
8/3/2020,544.2944336,555.0817716,541.0218892,554.2737335,3092967
8/4/2020,527.3660278,546.7589401,525.3863248,545.4256577,5559046
8/5/2020,524.0529175,534.5170171,519.2046906,529.2647713,5139353
8/6/2020,533.5878296,538.8400762,524.5378442,530.0728843,8644001
8/7/2020,535.2849121,539.7695142,528.7802145,531.4871227,3823897
8/10/2020,550.9606323,555.4048409,535.4867359,539.7693269,5362182
8/11/2020,545.2639771,560.7379229,543.0822648,557.6269473,4331864
8/12/2020,559.2025757,560.7782593,543.5266712,545.4255404,4355435
8/13/2020,563.2429199,570.3132529,552.9404347,562.3137057,7108877
8/14/2020,562.3136597,574.5150136,559.1622918,559.1622918,6476545
8/17/2020,582.6356812,585.3426375,564.5356629,569.5050661,7657241
8/18/2020,576.1715088,588.2516872,573.8686201,585.8275731,4752247
8/19/2020,587.2011719,589.0596492,572.8988907,577.7471183,6506907
8/20/2020,586.9588623,591.4838557,578.7168643,581.787399,6610632
8/21/2020,591.9686279,595.2412213,589.8677488,590.6757868,4207706
8/24/2020,583.8074341,593.8675167,581.1813107,593.8675167,2385907
8/25/2020,596.8168335,598.2309,577.2219124,587.4436126,4585917
8/26/2020,592.1705933,598.7561223,587.443591,598.7157303,3157074
8/27/2020,594.3927002,603.0791082,591.8474102,593.9078971,3207076
8/28/2020,607.9273071,612.7755346,597.9480586,598.7560965,4223327
8/31/2020,598.7562256,625.9871191,591.5646668,613.8665478,7224350
9/1/2020,588.1305542,608.1294986,583.9691873,597.1401994,3563888
9/2/2020,594.069519,602.5943097,588.3728613,589.9889372,3467486
9/3/2020,613.7453003,615.7250034,592.3726837,597.907774,4606227
9/4/2020,604.5739746,612.8159712,600.8165786,603.6043193,2954845
9/7/2020,603.6850586,607.5636797,593.1401745,605.7859866,3367905
9/8/2020,607.8465576,621.3811935,601.9882824,604.8164153,5237241
9/9/2020,608.7352905,614.0683699,601.7457928,607.6040671,3038259
9/10/2020,606.0285034,612.8160424,597.3824869,611.4019759,3737568
9/11/2020,618.2702026,622.6739696,604.0083143,605.543606,4917946
9/14/2020,638.9559326,643.6829343,622.1891472,622.3103726,9021887
9/15/2020,639.2792969,648.9353117,626.2294632,638.9560619,6339704
9/16/2020,639.9660034,641.7840887,633.5017004,639.9660034,4279003
9/17/2020,635.885498,655.6824286,631.3200637,636.7339281,7591219
9/18/2020,650.1877441,653.541072,636.7338928,640.7740825,6281494
9/21/2020,636.1278687,670.6714906,633.7441469,652.086618,10789179
9/22/2020,646.7940063,655.3187971,623.8053161,640.7741136,9053623
9/23/2020,640.8145142,656.4904708,632.7745263,656.4904708,6091530
9/24/2020,607.5233154,636.6935151,604.0487621,636.6935151,5929066
9/25/2020,624.0881348,628.1283248,604.9376735,610.1090871,6986586
9/28/2020,629.78479,633.8249797,623.8052896,629.7443487,3604366
9/29/2020,620.694397,638.3500072,617.3410196,634.3098173,7041805
9/30/2020,639.7640381,642.2285439,618.6742676,624.6133267,5433474
10/1/2020,664.6112061,666.9140945,644.6930511,644.975894,10104719
10/5/2020,679.7619629,687.5999413,664.0860061,664.6516425,8551125
10/6/2020,684.7313843,690.832061,672.691599,690.832061,4902535
10/7/2020,683.8829346,685.3374424,676.5298086,684.408179,3943817
10/8/2020,695.1550293,717.1740631,693.0137583,696.5287037,11398839
10/9/2020,690.1856689,696.8923744,682.9941111,695.3166905,5306496
10/12/2020,692.4078369,698.791308,685.5395134,695.7207732,3343240
10/13/2020,701.5385132,710.9925665,687.6402515,692.4076948,7327471
10/14/2020,685.9029541,706.0635096,683.2768309,702.1849376,5346616
10/15/2020,656.4500122,693.5793144,651.8441863,689.2563313,8893099
10/16/2020,664.8132324,669.2978332,645.4607134,657.0964798,7978964
10/19/2020,665.9445801,676.0046144,660.6518914,669.0555068,4558879
10/20/2020,686.7109985,689.1755536,662.2678517,663.0758897,7382532
10/21/2020,683.5194092,692.6502293,673.8633446,687.7211676,4818496
10/22/2020,676.6913452,689.9835785,669.7017977,682.670796,3962610
10/23/2020,685.4181519,692.8521104,673.5399848,678.7518391,7356677
10/26/2020,661.9852295,690.6301907,657.7430294,670.6716393,9770648
10/27/2020,669.5806885,673.7016624,659.3589884,667.762603,5479538
10/28/2020,649.9049683,675.8834103,647.2384527,670.6715552,6829067
10/29/2020,675.0432129,679.3658601,656.2418645,663.0825467,6477299
10/30/2020,682.6394043,687.1299316,673.7423661,677.0997468,6189261
11/2/2020,683.772522,692.2918442,679.3659601,689.4381015,4433983
11/3/2020,678.2747192,692.4596712,675.0852183,689.102291,4599741
11/4/2020,694.0124512,701.6924791,682.0517839,684.9055776,5017595
11/5/2020,705.6374512,713.1915572,699.8039924,701.6925189,4269675
11/6/2020,714.4086914,716.8008047,691.7043626,700.8532459,4123331
11/9/2020,732.5385132,736.1057302,717.8499724,720.9975168,4297119
11/10/2020,689.3540649,731.9088683,687.5074956,731.9088683,6889383
11/11/2020,702.9515381,705.5954957,681.9259531,688.2629985,5387431
11/12/2020,707.777771,711.7646603,700.4754582,702.531864,3150886
11/13/2020,704.0847168,709.8342623,699.4683181,703.3712939,2839192
11/14/2020,705.1759033,709.2047501,703.3293336,708.4073619,214282
11/17/2020,709.4564819,718.8991148,697.4118996,712.2263107,3635434
11/18/2020,701.7764282,709.1627062,696.7823658,708.4072751,2772377
11/19/2020,690.6971436,712.6040315,688.2630221,699.1745091,5593368
11/20/2020,702.9935303,709.204705,693.6348625,695.8171394,6063818
11/23/2020,726.6629639,729.7265937,702.3219579,703.3711392,6251814
11/24/2020,736.6512451,747.0171366,725.4459573,730.2302346,7068121
11/25/2020,723.7253418,738.6237179,717.8499259,734.4269923,4445185
11/26/2020,719.3607178,728.5096,710.6735164,727.2925393,5169423
11/27/2020,735.9797363,743.6178075,717.8918595,725.1941722,16482729
12/1/2020,761.5377808,767.2873253,731.6151594,755.4105719,5821698
12/2/2020,762.7129517,765.902453,744.6670308,752.9345601,5516684
12/3/2020,768.1266479,772.7010375,757.886628,766.3220356,5705020
12/4/2020,774.7994995,780.0034498,761.3280199,768.0008242,4302626
12/7/2020,792.5935669,798.091267,767.1614206,768.4204383,3973325
12/8/2020,782.5214233,795.0276858,774.4637309,793.1811163,4399638
12/9/2020,780.1712646,788.7325949,777.1496428,787.3056979,4157078
12/10/2020,778.3247681,782.7732872,769.7634371,776.3942844,2608358
12/11/2020,771.6939087,781.4302914,769.2178304,774.0440647,2398423
12/14/2020,763.3004761,775.7647307,760.4886392,775.5548944,3239051
12/15/2020,778.1148682,779.4578511,754.1096187,755.7043436,3490143
12/16/2020,773.4984741,784.7876761,769.6794641,784.7876761,2799394
12/17/2020,780.6748657,782.8991508,765.8184983,773.4984753,2706570
12/18/2020,783.7805786,794.8599461,779.1641798,784.7878032,5563979
12/21/2020,761.1602173,792.8875086,747.0172704,779.038312,4187948
12/22/2020,792.8874512,796.4546682,758.0965829,763.80412,5537682
12/23/2020,795.8250732,805.5614559,789.8237353,794.4820904,5456681
12/24/2020,795.0696411,802.4139107,784.6197844,798.2171852,2510775
12/28/2020,794.9437256,802.791633,792.5516125,795.0696478,1870669
12/29/2020,810.5136108,812.6958876,792.2158468,795.6991494,4392641
12/30/2020,825.2860718,826.7549257,812.3181797,814.1647492,6389605
12/31/2020,816.850708,827.9300742,813.0736548,824.1949781,2859399
1/1/2021,820.8375854,823.5654571,815.1720058,819.2008522,1268291
1/4/2021,840.9818115,843.5418038,818.3614514,823.0617634,3515825
1/5/2021,842.5765991,846.0179449,832.0428278,841.4435037,4040321
1/6/2021,836.9530029,861.168089,825.3699993,842.7024965,4677359
1/7/2021,834.9385986,847.7386123,829.7766054,843.9615591,3354950
1/8/2021,882.2356567,889.705849,843.9195818,845.8500654,9279370
1/11/2021,904.4783325,907.7938074,873.3386473,891.4684824,6488791
1/12/2021,893.230957,904.5202094,883.8303335,904.4782011,4257926
1/13/2021,897.8054199,905.4434391,881.354278,901.4565503,4671772
1/14/2021,883.4946289,893.0631835,864.5254502,893.0631835,4765344
1/15/2021,845.4723511,892.0560577,841.5694269,880.8927263,6063896
1/18/2021,837.8762817,850.9280884,832.5884176,837.6664455,4659705
1/19/2021,833.0500488,846.437614,828.6015298,844.8847948,4416027
1/20/2021,855.6704102,858.9858337,836.8271016,836.8271016,4687853
1/21/2021,843.2901611,867.3373712,834.7288296,861.1682042,3911527
1/22/2021,823.2716675,843.5418733,818.3615189,843.29008,3922421
1/25/2021,815.885498,837.5826024,807.6179683,827.4684517,2751784
1/27/2021,836.9110107,843.4579438,817.2284084,820.8795392,6975618
1/28/2021,823.901123,830.9516423,809.968015,830.9516423,4274190
1/29/2021,806.9465332,835.9039439,802.4140484,831.0357006,4425911
2/1/2021,790.4532471,807.3660713,773.1627585,807.3660713,6321189
2/2/2021,803.4212036,816.598933,786.8860936,801.574634,4971530
2/3/2021,823.7752686,839.3451101,805.8552197,809.9680312,5640121
2/4/2021,813.4933472,829.2730261,809.3805354,829.2310691,4232910
2/5/2021,805.2676392,823.271549,797.4197324,816.1371163,3077720
2/8/2021,824.6985474,833.4697142,806.2329545,813.996897,3713579
2/9/2021,818.4454956,839.1773326,811.8566562,821.3832038,3086774
2/10/2021,818.2775879,822.7680638,803.7568762,818.7811745,2776301
2/11/2021,827.2584839,829.8185273,816.5568342,818.3614466,2070435
2/12/2021,831.9589233,846.8992568,827.8041546,830.9516989,5863879
2/15/2021,821.8867798,835.987768,820.4598828,835.987768,2487825
2/16/2021,828.2658081,839.3451747,817.1025275,830.9517229,3912433
2/17/2021,822.9359741,836.4913677,815.3399107,830.112365,2227724
2/18/2021,848.2421265,852.3549379,823.8172049,824.2368774,6742595
2/19/2021,834.2672729,855.4607418,816.3892283,850.8023856,4357699
2/22/2021,797.9654541,848.577957,790.5792269,838.4638581,5946290
2/23/2021,793.8106689,808.0795364,781.4303281,799.0565761,4120032
2/24/2021,805.8132935,809.044803,786.1726479,797.377885,1686531
2/25/2021,803.9246826,813.3253575,799.2663278,809.1286322,3682791
2/26/2021,771.2321777,796.4125292,768.0007198,793.1810713,5254937
3/1/2021,785.6269531,803.2531989,777.527253,785.1653236,3429569
3/2/2021,811.7306519,815.0041183,790.6631097,792.7614725,3703190
3/3/2021,819.2008057,822.7260653,806.9883449,816.0113046,3203532
3/4/2021,812.5280762,834.8966453,802.0782186,805.7713578,5134954
3/5/2021,805.5194092,823.3135335,803.2531674,810.1358067,2618145
3/8/2021,812.9057617,822.5582308,807.4500184,808.2893635,2880739
3/9/2021,829.3989258,838.0861275,807.0723142,816.6828263,2814747
3/10/2021,846.6894531,853.4461716,833.4697665,841.0238731,5268496
3/12/2021,842.0730591,859.9930583,836.1137287,839.3451872,4674919
3/15/2021,861.7136841,864.4834615,841.0238065,843.5418418,5203101
3/16/2021,861.6298828,877.1157612,857.0553899,866.2042733,4797715
3/17/2021,856.1740112,875.6048207,852.4389151,859.4894348,3477295
3/18/2021,836.1556396,868.7222209,821.3831344,867.8828757,3738712
3/19/2021,830.4901733,839.9747645,818.4875464,832.6304935,6208000
3/22/2021,850.7182007,853.94971,821.1312864,830.8677202,3873143
3/23/2021,850.9700317,857.3910424,839.8067519,850.7182384,3782337
3/24/2021,832.7562866,850.5503623,828.643475,842.4926696,2749823
3/25/2021,813.0736084,836.7431505,809.2125902,833.2178908,3654840
3/26/2021,831.7910767,837.4986137,820.0402441,820.7956753,2761824
3/30/2021,853.5301514,855.9642217,832.2107629,832.2107629,4300037
3/31/2021,832.1687622,858.6500915,830.2802356,858.6500915,3780505
4/1/2021,832.7562866,845.8920071,827.5942936,839.3451254,3555291
4/5/2021,837.4145508,845.3883286,821.0473226,832.6302738,5118272
4/6/2021,832.0848389,846.0599569,829.7346826,844.3812665,2395572
4/7/2021,841.3595581,844.0874297,824.3208114,832.6303485,2974419
4/8/2021,863.6860962,881.1864208,843.5418141,846.0598493,6737118
4/9/2021,883.8303833,887.0199356,853.2362444,863.6440928,6029994
4/12/2021,872.7930298,888.9085181,853.4461344,882.1517487,7896295
4/13/2021,840.8978882,881.5222125,825.0762532,877.1156506,6448995
4/15/2021,833.5956421,845.8920176,814.416575,840.8979038,4373215
4/16/2021,847.9904785,850.6763935,835.9878519,837.6665424,2660763
4/19/2021,839.4291992,847.2351514,825.3282087,838.5898539,2777425
4/20/2021,825.4119873,845.6401836,816.9765281,835.987715,4028636
4/22/2021,812.3181763,827.1745948,806.3168896,817.1863676,5085190
4/23/2021,797.5457764,814.9621883,793.5169299,811.2270921,3916517
4/26/2021,807.6178589,814.1647404,786.4663523,798.2171836,5053998
4/27/2021,813.5352173,828.937179,792.4676763,808.0375173,10497935
4/28/2021,820.3760376,822.5583147,812.486172,818.3615886,2968625
4/29/2021,819.9564209,826.7550971,814.6265477,826.7550971,2747579
4/30/2021,806.1070557,819.9562498,801.9103302,817.3542493,3129105
5/3/2021,803.8408203,809.9680294,801.5745783,805.7713038,3506839
5/4/2021,806.1070557,814.0808341,802.0781582,809.1286775,4064221
5/5/2021,806.1070557,816.3470249,800.5253902,816.3470249,3041045
5/6/2021,820.8375854,826.5031651,803.9667175,809.9680557,4620827
5/7/2021,823.3556519,826.1254807,815.9274164,822.5582637,2002597
5/10/2021,831.3713989,833.1760116,816.7667723,826.7550004,2036101
5/11/2021,820.0822754,828.3918139,814.5845742,825.9157352,2029457
5/12/2021,807.7438354,820.0402632,797.7137013,820.0402632,3070622
5/14/2021,799.2243652,811.1850322,790.159449,808.2892815,2090820
5/17/2021,800.1895752,804.0505931,791.5023745,800.73517,2281200
5/18/2021,814.7942505,821.7188475,803.2952124,806.065041,2000985
5/19/2021,820.5858154,827.8461203,807.9536298,813.3254593,2152740
5/20/2021,816.7667847,826.5871336,810.1359884,826.5871336,1769194
5/21/2021,822.9779053,827.5943035,815.7175494,819.9982403,1534262
5/24/2021,825.6638184,834.309063,818.4454195,822.3903518,1830838
5/25/2021,833.1758423,840.7719044,825.7476082,830.9935145,2719646
5/26/2021,845.8919678,849.4172274,833.4696707,835.6939557,2013788
5/27/2021,855.9641724,866.2041934,845.1366507,845.2205647,6393813
5/28/2021,861.3778687,867.0434478,849.9207881,856.131962,1839013
5/31/2021,857.5170898,866.2042926,850.256733,860.3288759,1801746
6/1/2021,864.9451294,866.2041471,850.5503404,860.0768868,1262702
6/2/2021,853.5720825,860.0769564,834.3091006,856.2999543,5252186
6/3/2021,851.3897095,856.7615388,845.2205433,853.5720375,2024676
6/4/2021,855.4605713,861.9654449,848.5779309,855.7543216,2315912
6/7/2021,868.2185669,872.0375255,855.6703478,860.2866945,1745475
6/8/2021,887.8173828,890.4613407,870.4429782,872.0796604,4517995
6/9/2021,883.2008057,893.440774,878.1227273,887.8172033,2163655
6/10/2021,893.8187256,901.4567464,886.7682054,889.4540691,3934077
6/11/2021,900.6172485,908.5071126,885.4251235,893.818574,4988857
6/14/2021,897.4697876,905.947153,888.0271548,900.6173319,2757666
6/15/2021,895.4553833,917.4042802,891.0908294,897.4698322,3484298
6/16/2021,897.3858643,904.7720399,885.5091102,898.0992871,1881596
6/17/2021,906.7026367,910.4376818,887.2298694,889.6638885,3161931
6/18/2021,898.6867676,916.2291009,885.5090903,914.4664966,4396398
6/21/2021,892.1398926,898.1412303,885.5090461,888.8664263,1074790
6/22/2021,887.3555908,899.7779392,884.417883,890.5871514,2437289
6/23/2021,886.7261353,891.6363863,871.6179227,889.7058515,4130539
6/24/2021,906.4927979,908.4233328,883.4108053,886.8101943,3617010
6/25/2021,914.4665527,925.9655405,903.9747382,912.7039484,3200049
6/28/2021,927.5603027,929.9944242,907.4160192,915.7255566,2143755
6/29/2021,913.333374,931.1694571,909.0107263,930.8336985,2956332
6/30/2021,919.4605103,927.4762966,909.2625497,913.3752585,1917370
7/1/2021,910.8154907,922.7341519,907.3321875,919.9223659,1459518
7/2/2021,914.3826294,921.1813046,902.2960387,912.3681805,1669409
7/5/2021,902.0021973,919.0408407,899.1063953,917.4041588,2597359
7/6/2021,880.9348145,902.0023589,879.4239521,902.0023589,3865594
7/7/2021,877.8711548,889.2862289,864.6094598,880.9347852,3713891
7/8/2021,889.8317871,892.5596589,877.1156875,880.4730681,2171947
7/9/2021,882.781189,897.0920636,880.47299,885.6768885,1889035
7/12/2021,886.8520508,888.6146551,878.0389268,887.1878093,3224820
7/13/2021,881.4383545,891.3845743,879.6337419,891.3845743,1908081
7/14/2021,905.2337036,906.4927213,879.6336777,884.6697484,3173326
7/15/2021,933.7295532,939.8148061,903.4712194,904.8141512,5922995
7/16/2021,925.9237671,938.6398686,909.0529474,933.6877109,2323939
7/19/2021,918.4116211,932.0509827,911.6129444,913.207721,1409001
7/20/2021,912.5360107,925.1261881,910.6055784,919.8802808,1230858
7/22/2021,964.0718994,967.3453663,906.4928378,906.4928378,7309727
7/23/2021,974.7588501,983.8083354,961.0553227,968.682725,2840803
7/26/2021,965.4507446,981.2658814,962.3050554,974.7588286,984581
7/27/2021,966.0109253,971.9146157,951.5318129,965.4506981,1397105
7/28/2021,964.890564,974.5001706,953.6433053,968.7257796,2533035
7/29/2021,972.0010376,983.6791209,961.0554055,972.7766237,3821405
7/30/2021,1042.45752,1066.374013,1012.680365,1021.298922,20425030
8/2/2021,1043.448486,1046.292652,1030.391459,1042.84523,2385223
8/3/2021,1056.850586,1060.082545,1042.84543,1043.707286,2603616
8/4/2021,1048.447632,1060.427449,1046.034393,1055.945736,1938175
8/5/2021,1075.768433,1080.767239,1048.878572,1048.921707,5790873
8/6/2021,1089.902588,1097.142196,1071.329663,1079.043228,3894726
8/9/2021,1109.596191,1126.273185,1091.109427,1112.138729,6585101
8/10/2021,1140.278442,1146.0097,1105.24398,1110.070352,6314469
8/11/2021,1140.752441,1143.467309,1118.99058,1140.278484,3430349
8/12/2021,1195.005859,1202.116168,1135.710155,1140.234897,8613315
8/13/2021,1192.075806,1197.979497,1177.208794,1189.447104,4760344
8/16/2021,1178.889404,1206.554954,1172.339321,1191.04155,2912430
8/17/2021,1218.405396,1231.419501,1181.17327,1182.466054,8042970
8/18/2021,1217.371216,1228.144412,1210.260906,1222.111422,2939739
8/20/2021,1205.908447,1223.835088,1181.30253,1181.30253,4051399
8/23/2021,1220.387695,1243.614665,1214.354705,1219.913633,3987240
8/24/2021,1261.196533,1264.342328,1223.835109,1225.472656,5366923
8/25/2021,1260.981201,1273.822874,1249.690911,1260.895037,3105863
8/26/2021,1249.259888,1264.126899,1244.519681,1258.137044,1993944
8/27/2021,1245.72644,1255.810112,1233.488024,1249.561657,3097939
8/30/2021,1223.14563,1254.000108,1220.301569,1249.690829,2742699
8/31/2021,1247.665527,1253.13829,1212.587934,1227.972144,6392991
9/1/2021,1237.883179,1265.419422,1230.298808,1249.690558,1829925
9/2/2021,1239.17627,1251.888642,1224.86938,1237.624887,3860958
9/3/2021,1242.752686,1249.432067,1228.230439,1244.519532,1919590
9/6/2021,1259.300415,1265.117941,1237.710889,1247.966992,1801171
9/7/2021,1236.935425,1269.427452,1234.436127,1266.023059,1940043
9/8/2021,1230.60083,1243.09774,1223.705983,1241.244729,2256454
9/9/2021,1235.254761,1239.262411,1218.664037,1228.661543,2303457
9/13/2021,1232.022827,1240.899984,1224.136826,1237.62489,1937241
9/14/2021,1251.457642,1255.723785,1232.022753,1236.762959,1554999
9/15/2021,1262.48938,1275.546516,1239.305439,1242.882161,2410087
9/16/2021,1248.268799,1266.066142,1241.072324,1262.489419,1800078
9/17/2021,1251.026855,1268.651765,1238.142048,1250.552793,2861623
9/20/2021,1233.574097,1286.87985,1229.307848,1241.072199,2526342
9/21/2021,1259.774414,1263.868229,1224.179837,1240.210332,1713705
9/22/2021,1304.504883,1316.829463,1255.292939,1261.756857,5145820
9/23/2021,1311.313599,1319.501229,1296.231122,1314.416258,2015302
9/24/2021,1305.496094,1334.0235,1302.307269,1318.639395,3592146
9/27/2021,1262.10144,1314.329872,1257.619728,1312.606161,2728552
9/28/2021,1218.707031,1262.618535,1213.837526,1262.101442,3995669
9/29/2021,1202.590332,1214.311549,1183.112414,1206.597982,7948104
9/30/2021,1189.87793,1208.881889,1186.77527,1196.255683,3856630
10/1/2021,1181.81958,1192.80824,1176.260653,1185.051539,2661824
10/4/2021,1205.779297,1211.381359,1182.509192,1193.411583,2538936
10/5/2021,1217.845337,1224.697048,1190.222817,1205.822386,2481825
10/6/2021,1194.230469,1229.782019,1189.317828,1226.334596,2769341
10/7/2021,1221.421875,1226.679279,1185.611833,1204.831153,1956325
10/8/2021,1241.029053,1247.105177,1222.54229,1222.54229,2665924
10/11/2021,1206.770386,1236.288945,1194.187313,1223.835172,3073366
10/12/2021,1184.577393,1209.054113,1172.985477,1205.73599,2965629
10/13/2021,1208.450928,1215.216474,1186.775237,1195.307629,1738985
10/14/2021,1233.143188,1257.96457,1215.647476,1234.177373,4328124
10/18/2021,1275.244995,1281.53648,1223.835274,1223.835274,3579606
10/19/2021,1326.482178,1352.941213,1273.004091,1291.059927,8645334
10/20/2021,1326.654541,1358.715531,1306.400932,1330.705221,5159270
10/21/2021,1313.683594,1332.558255,1272.14219,1332.558255,4261416
10/22/2021,1307.822876,1346.175454,1278.778381,1319.501063,5223521
10/25/2021,1313.554321,1322.94857,1278.821598,1319.501147,3890467
10/26/2021,1347.339111,1404.824847,1329.843398,1354.75105,16978043
10/27/2021,1351.26062,1367.851345,1316.484759,1346.089485,3624131
10/28/2021,1321.483398,1364.188286,1315.19181,1360.008306,3054565
10/29/2021,1273.693481,1329.62794,1265.031894,1316.35534,3795495
11/1/2021,1311.873779,1318.553162,1281.622663,1284.165095,2271900
11/2/2021,1297.467896,1325.626392,1295.248354,1325.017132,2041689
11/3/2021,1304.388062,1338.465445,1300.079352,1303.909281,2697346
11/4/2021,1310.742065,1318.706552,1306.520485,1313.483952,166444
11/8/2021,1354.568481,1360.313427,1309.393071,1312.613632,3050392
11/9/2021,1357.17981,1368.3214,1351.783165,1358.746632,2061369
11/10/2021,1363.62085,1369.496275,1346.168725,1354.350713,1299996
11/11/2021,1324.756104,1357.876138,1318.706634,1357.876138,3027565
11/12/2021,1379.636963,1383.510349,1332.894731,1339.161809,3713868
11/15/2021,1374.544922,1393.999087,1369.496366,1379.636936,2448280
11/16/2021,1392.606445,1397.045634,1371.803065,1379.723988,2864344
11/17/2021,1408.752808,1414.454189,1388.341188,1391.387705,2304359
11/18/2021,1364.621948,1414.236652,1357.440873,1410.276137,2938804
11/22/2021,1341.598877,1376.851425,1323.058605,1376.851425,1951782
11/23/2021,1358.35498,1361.749586,1311.133965,1324.799728,1823592
11/24/2021,1338.813477,1366.493299,1331.762988,1365.535843,1644163
11/25/2021,1357.310303,1362.054229,1331.806668,1332.633537,1557493
11/26/2021,1329.5,1349.171774,1314.485024,1343.949173,1522173
11/29/2021,1337.551636,1345.254951,1287.719319,1318.70673,1995524
11/30/2021,1341.729492,1387.862461,1328.716556,1330.892639,5662900
12/1/2021,1381.900146,1387.819137,1349.171869,1349.171869,2761193
12/2/2021,1418.501831,1420.982545,1375.284791,1383.989125,2664202
12/3/2021,1386.861328,1425.98726,1383.727683,1414.454019,2400296
12/6/2021,1350.695068,1409.710497,1346.429923,1397.916082,2911781
12/7/2021,1372.368896,1376.459891,1336.985756,1361.357892,1758254
12/8/2021,1396.87146,1405.575793,1377.069102,1377.59134,1604565
12/9/2021,1402.442383,1410.10224,1379.637068,1386.600536,1947954
12/10/2021,1395.000122,1402.442264,1374.022698,1402.26822,1776362
12/13/2021,1425.900513,1441.002511,1390.473809,1397.045624,3163063
12/14/2021,1429.86084,1449.271546,1415.020015,1427.510712,2725454
12/15/2021,1428.903442,1432.994543,1406.533347,1426.640337,1622068
12/16/2021,1438.521729,1451.578229,1429.425636,1435.344625,2225836
12/17/2021,1429.991455,1457.975909,1416.108085,1452.927353,3405084
12/20/2021,1390.996216,1426.07462,1372.325355,1423.158689,2233189
12/21/2021,1421.374146,1440.828417,1397.480792,1397.480792,2237445
12/22/2021,1444.701904,1446.399207,1420.329768,1431.863011,1656110
12/23/2021,1465.635742,1471.989842,1448.531705,1453.623719,1715034
12/24/2021,1500.453125,1510.375981,1462.63273,1465.244031,3343946
12/27/2021,1553.723511,1559.816544,1482.91378,1501.062294,4512000
12/28/2021,1572.089722,1586.800067,1545.97672,1553.723598,3605483
12/29/2021,1555.333984,1585.059308,1551.765228,1567.215422,1902921
12/30/2021,1566.736694,1599.856731,1554.59419,1555.464623,4650594
12/31/2021,1558.55481,1578.096,1552.374646,1566.954408,2378048
1/3/2022,1553.549683,1582.448031,1551.98286,1562.471626,1779147
1/4/2022,1557.901611,1570.087678,1538.055689,1560.686955,2701533
1/5/2022,1512.421631,1551.939223,1508.461116,1549.327923,3138050
1/6/2022,1472.860596,1504.849029,1471.032706,1501.497881,4290750
1/7/2022,1483.087891,1501.105925,1475.471599,1481.47761,2103362
1/10/2022,1493.663818,1501.49772,1468.856465,1496.275119,2330348
1/11/2022,1512.073364,1518.906245,1484.08891,1484.08891,2704832
1/12/2022,1506.241333,1527.610514,1498.01578,1526.740081,3013194
1/13/2022,1496.100952,1522.300976,1481.303585,1505.849764,2768371
1/14/2022,1512.595825,1520.473291,1476.690443,1492.358246,1889385
1/17/2022,1499.234497,1524.128871,1497.145436,1508.417506,2522806
1/18/2022,1445.572388,1520.255622,1436.258792,1514.55424,4878369
1/19/2022,1453.710693,1459.36851,1416.673819,1447.61766,2610709
1/20/2022,1450.925537,1456.409204,1430.600937,1453.710882,2440011
1/21/2022,1387.079224,1438.826448,1382.988123,1436.215148,4079190
1/24/2022,1317.096313,1382.248232,1307.347396,1382.248232,3250275
1/25/2022,1306.172241,1329.717505,1275.184836,1304.779569,3910618
1/27/2022,1258.298584,1292.158467,1244.719843,1292.158467,4434890
1/28/2022,1227.876831,1290.765641,1224.046903,1258.646629,7080683
1/31/2022,1287.370972,1294.856678,1246.025386,1250.81277,4406035
2/1/2022,1310.655151,1318.663097,1283.889323,1309.131893,2542754
2/2/2022,1290.809082,1296.94568,1256.035313,1288.154324,9031146
2/3/2022,1265.87146,1288.067514,1261.345142,1287.284102,2433692
2/4/2022,1260.561523,1275.141282,1249.071846,1274.314413,2406272
2/7/2022,1257.166992,1275.837746,1248.201486,1262.12842,2741520
2/8/2022,1248.375732,1267.481812,1236.189663,1259.082107,1981111
2/9/2022,1266.306641,1280.364056,1253.467747,1253.467747,2282701
2/10/2022,1278.231567,1281.278085,1262.389721,1275.18505,1850405
2/11/2022,1240.28064,1262.084934,1236.885928,1261.997912,2426039
2/14/2022,1210.033081,1234.971021,1193.364259,1209.902495,2149302
2/15/2022,1253.119385,1255.687121,1214.298079,1222.131979,1955525
2/16/2022,1256.905884,1274.270988,1243.718796,1262.563701,2164650
2/17/2022,1259.99585,1272.094788,1253.641644,1272.094788,1669669
2/18/2022,1251.639648,1257.776246,1233.491134,1252.074865,2374188
2/21/2022,1234.448608,1253.424099,1227.398119,1242.239051,2109461
2/22/2022,1229.530762,1236.624709,1196.845945,1201.633328,2111878
2/23/2022,1230.183594,1240.324058,1226.614732,1237.756322,1319711
2/24/2022,1160.28772,1218.606757,1157.67642,1192.928972,4108603
2/25/2022,1209.641235,1218.606742,1175.172094,1179.437239,1885454
2/28/2022,1227.311035,1235.884782,1186.618276,1201.198034,4983140
3/2/2022,1213.688721,1236.624618,1203.591715,1218.60669,2160190
3/3/2022,1241.803833,1256.557637,1223.089515,1227.137051,2730530
3/4/2022,1265.261963,1270.832758,1217.301104,1231.663255,3567738
3/7/2022,1239.584229,1274.314544,1228.225136,1242.97894,3341715
3/8/2022,1272.530151,1276.838861,1236.01551,1236.01551,2365949
3/9/2022,1309.784912,1315.225122,1272.530313,1272.530313,3667977
3/10/2022,1292.898193,1328.237767,1283.454012,1327.410898,2835942
3/11/2022,1294.160522,1298.556148,1281.713281,1284.759799,1116432
3/14/2022,1308.26123,1313.396808,1294.334298,1294.334298,1372791
3/15/2022,1269.614258,1318.706728,1260.387684,1317.836294,2188506
3/16/2022,1296.858643,1300.862615,1278.144326,1284.063209,1453944
3/17/2022,1299.99231,1314.310897,1294.334492,1310.002294,2346185
3/21/2022,1288.067261,1323.058637,1284.933616,1301.297805,2110200
3/22/2022,1338.900635,1343.905627,1283.93285,1294.247464,3030660
3/23/2022,1342.338989,1359.3559,1331.066812,1349.171871,3741783
3/24/2022,1365.318359,1368.277748,1331.893695,1331.893695,2085571
3/25/2022,1332.242065,1370.889229,1325.148011,1367.451059,1755511
3/28/2022,1326.932251,1339.553536,1320.055912,1335.244933,1928306
3/29/2022,1325.10437,1340.07589,1322.275461,1337.856242,2311150
3/30/2022,1302.429565,1335.506035,1292.593625,1335.506035,3792481
3/31/2022,1305.171387,1314.006307,1294.508577,1302.429606,2036984
4/1/2022,1294.421631,1307.956914,1284.281059,1304.779811,2537230
4/4/2022,1304.47522,1309.39319,1291.418717,1294.42167,1675276
4/5/2022,1296.118896,1325.234851,1288.241432,1312.613567,3207223
4/6/2022,1270.26709,1289.98243,1265.610292,1289.98243,2627895
4/7/2022,1278.275024,1283.584647,1262.737703,1265.610176,3336784
4/8/2022,1261.040405,1291.200944,1253.424113,1283.889282,5402943
4/11/2022,1261.432129,1272.87835,1249.637819,1267.307555,3268704
4/12/2022,1231.66333,1254.816839,1224.221082,1250.247063,2021088
4/13/2022,1227.702759,1243.588168,1221.566267,1234.361596,1430399
4/18/2022,1170.341187,1209.902339,1157.850383,1209.902339,3968044
4/19/2022,1132.607788,1185.39959,1119.072614,1185.39959,2677360
4/20/2022,1139.571289,1149.798881,1127.864003,1136.263706,3025261
4/21/2022,1142.61792,1148.101693,1129.34381,1143.662504,3728173
4/22/2022,1137.221191,1152.453775,1125.339755,1135.915541,1954666
4/25/2022,1105.798584,1129.77896,1099.009161,1127.211224,2686619
4/26/2022,1110.194214,1119.116156,1101.098228,1115.373356,2568317
4/27/2022,1097.834229,1109.367472,1084.777726,1103.492046,2382463
4/28/2022,1106.582031,1117.984688,1088.215801,1108.758115,2576887
4/29/2022,1095.87561,1118.332834,1086.605474,1117.636445,3811317
5/2/2022,1071.677734,1087.171494,1065.5847,1079.337592,2149957
5/4/2022,1055.661743,1082.77566,1044.520152,1072.765676,2797667
5/5/2022,1099.661987,1102.055679,1063.800175,1073.113769,3563713
5/6/2022,1123.511719,1130.692793,1069.501293,1079.076059,5745203
5/9/2022,1097.74707,1114.154718,1053.224382,1114.154718,5712061
5/10/2022,1081.339233,1106.712277,1074.985028,1092.393693,2852416
5/11/2022,1065.802246,1101.66417,1050.874397,1081.94883,3244609
5/12/2022,1055.661743,1073.11387,1041.952416,1052.354054,3110220
5/13/2022,1047.000977,1074.593784,1040.168094,1068.892402,1892084
5/16/2022,1034.989014,1062.799322,1007.048013,1035.815883,3474480
5/17/2022,1042.953125,1053.22428,1029.853168,1040.86417,4434968
5/18/2022,1020.191406,1071.068191,1017.101325,1052.353875,5294021
5/19/2022,964.744751,1004.393031,957.476654,1003.60962,4393100
5/20/2022,984.3731689,987.7678805,970.3156481,981.8488908,2461651
5/23/2022,994.8183594,999.0835043,971.0990491,987.0714808,2783695
5/24/2022,956.0405273,1002.608715,949.6428629,999.257568,3666196
5/25/2022,922.789978,953.0375383,909.6028909,949.686391,4711542
5/26/2022,938.8494873,948.3372331,919.1341486,931.363781,2946857
5/27/2022,977.7142944,980.2820304,950.5132513,953.1245514,3367600
5/30/2022,1013.184631,1018.842449,988.3337115,994.8185051,2469771
5/31/2022,1027.328857,1037.556448,999.8231876,1002.739118,9674664
6/1/2022,998.0388184,1041.908679,994.9923018,1032.464498,2419021
6/2/2022,997.5166016,1005.698696,985.0693624,992.2940016,3206663
6/3/2022,999.1704102,1028.852165,995.8627211,1009.702632,3229236
6/6/2022,995.9497681,1000.127891,967.1384463,997.5165906,3938875
6/7/2022,983.8508301,992.1199467,975.4945852,983.6766797,1656444
6/8/2022,978.5412598,991.6848901,974.7984596,987.8549616,1303551
6/9/2022,991.0753784,993.9913089,967.6172424,976.6262062,1323539
6/10/2022,966.0505371,978.2801695,957.6943973,974.0150244,3119792
6/13/2022,915.6524658,944.0721405,913.955163,941.1126454,2012004
6/14/2022,896.677002,919.6564653,888.1902762,900.0281493,5775453
6/15/2022,887.8856201,902.6394776,885.9271449,902.6394776,3238141
6/16/2022,848.9336548,899.6799096,845.1908019,891.3673347,5600443
6/17/2022,840.0117188,848.1067385,821.4279874,845.27783,7043370
6/20/2022,852.4589233,860.1187797,825.2143687,839.9682254,2985094
6/21/2022,870.5204468,874.4809614,853.0247562,862.9477185,3433536
6/22/2022,853.0247192,867.7785758,842.5795186,867.7785758,2719988
6/23/2022,862.6865234,869.1712629,845.4084417,853.9821894,2915172
6/24/2022,854.0692749,871.3038458,847.8021437,871.3038458,4056588
6/27/2022,876.7005615,891.4108546,866.9516965,866.9516965,3796002
6/28/2022,888.451416,895.6760029,856.5500094,872.1743002,2755698
6/29/2022,888.7994995,894.2832723,872.652971,877.3968435,3770663
6/30/2022,870.4333496,893.0646167,867.8220496,884.3602832,3264301
7/1/2022,879.7470703,882.61949,861.1197738,867.8221218,1842102
7/4/2022,870.3898926,882.445374,866.0812366,879.7470517,1814322
7/5/2022,873.21875,889.4958643,869.5629193,874.7855194,3045188
7/6/2022,879.0507813,883.4029486,871.826141,877.3969364,2188175
7/7/2022,888.4949341,893.848121,884.3603752,888.6690314,1901699
7/8/2022,893.499939,900.6374508,883.0982486,897.4168895,2841036
7/11/2022,877.005188,885.5354249,859.9882251,883.4899276,2892507
7/12/2022,868.126709,885.0566488,865.6459951,870.4333787,2013304
7/13/2022,861.772644,874.0892989,859.1613436,871.6520958,2067142
7/14/2022,849.3689575,869.2148297,843.2759233,868.6925909,2212219
7/15/2022,847.6280518,860.7716282,840.0117594,853.0247496,2544737
7/18/2022,877.3969116,889.5829798,856.6806063,857.3769424,3946821
7/19/2022,877.1357422,879.9646507,862.5994939,870.3898834,2985845
7/20/2022,910.0380859,915.4347303,885.4483433,888.9300768,5574762
7/21/2022,925.4967651,928.2300601,906.0503443,918.5516188,4935223
7/22/2022,921.8671875,935.3094043,908.0217479,931.9937013,2985409
7/25/2022,911.6063843,922.0465284,903.5410538,922.0465284,2888919
7/26/2022,895.5653687,929.5293954,890.9054434,909.590105,5939871
7/27/2022,903.0033569,905.0644859,888.9786219,896.1478044,2546052
7/28/2022,930.2014771,935.0854391,909.9485573,915.146204,3428026
7/29/2022,939.7454224,957.0858606,935.6679061,945.4359391,6185909
8/1/2022,940.5967407,948.9757011,930.022262,948.9757011,2540084
8/2/2022,925.3622437,940.5071641,923.0322811,937.3706467,2802273
8/3/2022,943.3300781,947.2282995,918.2826795,920.7470861,3509019
8/4/2022,946.3770142,961.2977889,928.5883912,952.6051982,5360632
8/5/2022,948.3035278,957.0409686,941.3583826,949.9166376,2641829
8/8/2022,946.8696289,954.2628474,940.1037795,946.3319622,2579239
8/10/2022,945.6151733,949.155023,934.7270644,946.3321354,2823021
8/11/2022,965.3751221,980.2960033,959.0572369,960.6703466,3201408
8/12/2022,955.2040405,964.6135932,951.7090419,961.8355567,1771561
8/16/2022,965.7785034,967.7948361,946.8250637,964.2550958,2222701
8/17/2022,989.7952881,991.9460648,960.8496691,961.1185572,4280823
8/18/2022,990.3778076,994.0071407,975.0984432,985.7626244,3041422
8/19/2022,989.4815674,1017.127704,985.7625323,994.7240099,4577717
8/22/2022,966.6744995,985.7624897,963.5828336,982.1778988,2157609
8/23/2022,955.2040405,958.9678178,938.2668238,951.7090419,2875768
8/24/2022,959.7293701,961.9249977,945.5254504,955.2934826,2180800
8/25/2022,959.4158936,976.4875543,954.8904124,967.8397055,2734931
8/26/2022,972.8134155,983.5671905,968.7358987,970.5281946,2624896
8/29/2022,928.0059204,938.804436,911.651168,937.3706214,6118233
8/30/2022,964.3446655,968.2877379,934.0549343,939.1629332,4453769
9/1/2022,943.5540161,954.3973823,934.7717241,946.3320523,6112823
9/2/2022,946.6905518,955.7416226,938.3115918,948.3035522,1645341
9/5/2022,954.4422607,959.5951106,945.2567458,946.3320794,1677079
9/6/2022,953.2324219,959.7743449,941.2241282,954.442309,3051076
9/7/2022,946.1976929,950.8128762,935.5783626,942.7475455,2615897
9/8/2022,976.442627,979.3999585,956.2793013,958.8781518,2634786
9/9/2022,1009.644897,1014.752896,973.440506,988.1373512,3394349
9/12/2022,1030.659546,1044.01217,1021.563624,1021.608475,5230075
9/13/2022,1028.28479,1043.519303,1024.386569,1035.946898,2483685
9/14/2022,998.9359741,1005.343453,981.2819051,996.5164187,5179539
9/15/2022,970.5280151,1007.538961,966.0472764,1003.95437,3392174
9/16/2022,925.8998413,962.4178633,921.2399166,954.3973844,6635089
9/19/2022,931.5457153,942.6131197,916.8488683,928.4091978,2485826
9/20/2022,946.4665527,955.0246989,940.9552217,944.539813,2321528
9/21/2022,950.0511475,956.1448871,938.2667816,938.4459674,2760138
9/22/2022,939.5213623,960.6704282,934.0100315,940.9551769,3867282
9/23/2022,927.6025391,940.8655699,915.8630251,930.2013895,3230711
9/26/2022,925.6310425,942.9714797,908.2905505,922.1360443,3314114
9/27/2022,916.3111572,936.4744834,913.2194363,927.468154,4448875
9/28/2022,922.7633667,928.7676227,903.8098731,910.4861853,1965519
9/29/2022,902.510437,936.026387,897.6264752,934.5477212,3176310
9/30/2022,903.8545532,912.9952708,882.3022119,897.0438525,3848885
10/3/2022,901.0765991,912.5024834,895.3860826,905.1092642,2431236
10/4/2022,921.5088501,928.4091446,912.1888909,915.8630751,2715420
10/6/2022,924.1972656,936.4744467,920.6574162,926.1238959,2397633
10/7/2022,917.5209351,928.8123759,915.0117321,922.9426732,1539126
10/10/2022,922.449707,925.7206683,899.2843085,903.4065665,1660433
10/11/2022,900.4940796,927.5129572,896.6406551,927.0648833,2310765
10/12/2022,910.3965454,912.9953411,894.5347189,903.1377156,2192421
10/13/2022,907.7529297,914.9669086,898.8810445,913.0401689,1344162
10/14/2022,913.9363403,940.8656263,910.5309895,927.5130018,3492929
10/17/2022,916.9832764,921.1951275,902.8241514,913.1746481,1426207
10/18/2022,913.5330811,926.5719658,908.6938611,921.5984112,2395805
10/19/2022,913.3538818,923.0322675,910.7550312,918.1034544,1304927
10/20/2022,933.4723511,935.0406097,902.4208088,905.1092521,1852905
10/21/2022,933.024353,935.8919824,924.0180234,933.472427,1202009
10/24/2022,939.2974243,941.985868,936.4745366,941.8514239,231316
10/25/2022,970.0801392,973.2166569,941.8514792,944.0022561,3097049
10/27/2022,964.1206055,983.9703015,956.3241632,979.7584505,2342818
10/28/2022,940.0142822,968.7358658,936.519393,968.7358658,1542568
10/31/2022,952.963623,966.3162476,943.6436637,943.8677007,2629847
11/1/2022,959.6847534,967.839677,938.401242,957.9820506,4709472
11/2/2022,969.631958,984.5975831,955.6072225,959.7743318,4104485
11/3/2022,943.5092163,959.9087653,941.0896609,958.8781734,3460133
11/4/2022,944.2261963,948.8413796,930.8735716,943.6436783,2531080
11/7/2022,944.0917358,956.9962864,935.9815542,948.9756977,2588984
11/9/2022,937.8919067,956.3543467,934.5641979,954.5765267,2697639
11/10/2022,930.9628906,942.7241719,916.5120636,925.4013873,3285774
11/11/2022,965.2437744,971.8994153,953.8472053,956.4000813,5299457
11/14/2022,971.3067627,979.6034427,962.2806578,968.2525045,2229790
11/15/2022,972.7654419,976.0021118,957.3117398,970.9876218,1577944
11/16/2022,972.6743164,980.1049014,965.5172936,971.899372,2335937
11/17/2022,965.1071167,968.1157442,954.8502044,966.4290742,2089630
11/18/2022,967.2039795,970.9876626,953.664878,966.4290351,1617331
11/21/2022,950.5650024,964.5144474,946.1887867,961.9615714,1475958
11/22/2022,957.9043579,959.9557402,944.5931887,950.5649236,1696991
11/23/2022,951.887085,965.1982555,949.4253593,962.7365297,1704144
11/24/2022,974.907959,976.4578476,953.6647139,956.673452,2208145
11/25/2022,984.8002319,987.3074768,966.4289425,975.5461967,1943246
11/28/2022,982.1106567,994.6925131,976.8227157,980.1049052,1749691
11/29/2022,979.6947632,989.6324829,978.0992434,981.1078711,1233868
11/30/2022,981.9284668,986.4870948,969.3466091,979.8770842,3909954
12/1/2022,1004.265747,1010.146333,992.0942326,995.0573408,4264917
12/2/2022,1016.345947,1017.759166,1002.943628,1004.265585,3418928
12/5/2022,1002.669983,1021.132422,999.4789441,1021.132422,2760688
12/6/2022,992.6867676,999.3879277,984.7091695,992.8690682,1838107
12/7/2022,982.8857422,991.3192033,979.3755099,990.1339156,1478573
12/8/2022,979.3300171,986.8517528,975.819896,982.9312885,1110431
12/9/2022,943.9093628,980.7429804,939.2594742,979.1474609,3138360
12/12/2022,940.9918213,952.2060889,931.6010602,942.7241219,1689393
12/13/2022,953.4368286,954.9867173,939.2139348,948.0576265,1983827
12/14/2022,971.0788574,973.7685146,958.2235495,958.2235495,1983937
12/15/2022,932.4672852,966.4290611,930.1879713,966.4290611,5184673
12/16/2022,930.6893921,942.2683172,921.7544932,925.4013952,2994364
12/19/2022,936.0684814,937.3449193,920.6147795,929.9143903,1529622
12/20/2022,928.0909424,934.5185957,915.3723611,934.5185957,2149130
12/21/2022,935.4760132,939.578778,930.1879607,934.0627941,2037666
12/22/2022,926.1763306,943.6358962,923.2132227,939.0772687,1925482
12/23/2022,907.850647,925.8572252,905.3434019,916.3296828,1504806
12/26/2022,912.637207,917.6516972,905.3434032,912.0445632,966423
12/27/2022,920.4324951,923.2132468,905.525805,920.5692762,1615647
12/28/2022,926.5410767,929.4130344,913.731344,916.5576709,1077963
12/29/2022,923.7602539,926.0395676,918.1075449,920.8427213,1977329
12/30/2022,926.6778564,936.9347687,925.4014184,932.4672913,1317151
1/2/2023,920.3869019,931.6466896,916.4664933,928.0454184,1348611
1/3/2023,933.4245605,934.3363417,919.0648838,923.5779362,1439615
1/4/2023,930.2335205,938.4846252,922.7573602,933.4245598,1702044
1/5/2023,922.347168,934.4730509,915.8283081,930.8717795,1376035
1/6/2023,899.0981445,922.3471453,898.0496379,920.3869132,2346808
1/9/2023,925.6292725,930.8716939,907.5315444,909.8564331,2190779
1/10/2023,914.1416016,924.535239,910.8593563,923.5779383,1411099
1/11/2023,917.5148926,927.1792158,914.6885659,919.4295494,1294200
1/12/2023,913.1386108,924.0337411,909.2637777,920.842702,1948321
1/13/2023,914.5974121,919.9309838,899.2348048,915.7826441,2837817
1/16/2023,943.1343384,944.319626,914.6885491,919.2016012,4286551
1/17/2023,953.7105103,957.3117815,939.8978466,942.7241734,2466876
1/18/2023,955.8074341,958.6793918,951.3855875,953.7105321,1138627
1/19/2023,960.3204346,960.9585978,948.2855922,951.7501933,1768051
1/20/2023,954.1207886,964.1497696,949.8812425,959.5911419,1160517
1/23/2023,971.2612305,975.1815834,954.8045405,960.5028249,1344952
1/24/2023,976.0933228,982.2019505,971.2612443,975.5463097,1578750
1/25/2023,958.3602905,973.4492809,956.4000584,970.9876666,1049973
1/27/2023,939.168335,964.2864149,931.3275186,958.2234185,1651820
1/30/2023,944.6387329,955.4426574,928.5012367,939.1683801,2654212
1/31/2023,925.4013672,938.0287429,908.1241581,934.518622,5797831
2/1/2023,933.3789673,943.1800163,914.7341699,928.1821209,1939670
2/2/2023,926.9057007,952.0693008,921.8455799,936.615599,3860090
2/3/2023,922.0280151,936.2509668,914.4607044,934.0171724,2980262
2/6/2023,916.6032104,926.6778218,908.9903248,917.1958543,2003960
2/7/2023,913.9591675,919.4295201,908.9902528,916.2840562,1697633
2/8/2023,921.7999878,931.0084481,915.6914163,918.5633736,2611176
2/9/2023,926.3131714,927.863116,914.0960266,921.8001187,1782899
2/10/2023,927.5438843,931.4187175,915.4635218,922.2558877,1116554
2/13/2023,914.0048218,927.9542109,912.1813708,925.4013906,1682312
2/14/2023,922.711792,935.1568118,916.9679324,917.2414389,2440189
2/15/2023,976.8227539,980.1049436,919.2928396,925.3102615,6712218
2/16/2023,1030.477661,1040.32434,979.2387368,980.1048314,14422445
2/17/2023,1029.520508,1038.455463,1010.28312,1010.28312,5333732
2/20/2023,1043.196167,1054.729516,1021.132457,1029.793848,4590531
2/21/2023,1034.306885,1050.26208,1031.207107,1044.837358,3494288
2/22/2023,1026.329346,1034.124643,1019.309104,1022.956006,2674708
2/23/2023,1029.155762,1048.028435,1024.825066,1027.514611,2576193
2/24/2023,1020.220764,1040.278724,1017.485588,1036.631822,1913493
2/27/2023,1015.616577,1019.537041,1000.026093,1011.10358,2247105
2/28/2023,1003.125916,1035.264237,999.9348765,1019.309042,3894204
3/1/2023,1027.423462,1029.338063,1000.162848,1003.125956,2084324
3/2/2023,1011.832886,1024.779342,1007.456559,1021.13244,1838692
3/3/2023,989.3589478,1020.767847,986.8972221,1019.309108,2388401
3/6/2023,993.8265991,999.2513223,989.22234,995.6044196,2076844
3/8/2023,983.1135864,992.3219911,975.1815083,984.6634752,2230530
3/9/2023,966.4290771,987.7178464,964.0129822,986.4870391,2550755
3/10/2023,967.5687866,969.1186756,949.1519741,952.7532457,1400844
3/13/2023,1033.714478,1061.886708,1025.691248,1025.691248,13080169
3/14/2023,1016.847351,1037.771404,1001.43917,1028.426219,4325522
3/15/2023,1016.026917,1032.255564,1012.516796,1025.600034,2583351
3/16/2023,1019.081299,1023.503146,1003.855526,1008.368523,2396839
3/17/2023,1027.651489,1032.529199,1015.844576,1024.186888,2507004
3/20/2023,1011.103516,1036.449527,999.2510849,1036.449527,4007438
3/21/2023,998.9318848,1011.87834,990.5439449,1007.410864,3354949
3/22/2023,1002.533203,1008.64183,997.0173314,1000.162739,1750203
3/23/2023,1002.396545,1013.838745,991.1367579,991.1367579,1720354
3/24/2023,1004.676025,1019.309266,999.8439463,1007.456833,1943460
3/27/2023,1005.63324,1015.343139,993.8719584,993.8719584,1455300
3/28/2023,975.8197632,1007.091878,972.0815999,1001.986238,2431154
3/29/2023,985.6665039,991.4104196,971.0788946,980.7431635,1642278
3/31/2023,1004.584534,1008.368216,995.102568,998.3392374,2281085
4/3/2023,1005.815552,1007.456702,989.3133421,1007.09199,1508662
4/5/2023,1006.08905,1016.573893,1001.621573,1004.721462,1947605
4/6/2023,996.2880859,1007.411093,987.3987619,1006.544998,1355815
4/10/2023,1009.508118,1013.610883,994.5557964,999.5702869,940829
4/11/2023,1001.30249,1018.397343,995.9689185,1010.191814,1384483
4/12/2023,1011.924133,1015.206323,994.5101989,1005.633205,1376719
4/13/2023,990.9086914,1003.125834,981.0164934,1003.125834,2725180
4/17/2023,939.0316162,946.3710509,913.5489335,943.6358744,4349422
4/18/2023,934.7009277,946.1431272,921.7544703,943.4535815,2735592
4/19/2023,924.3985596,938.1655931,920.8428077,934.7009915,1953837
4/20/2023,931.6010742,933.4245252,920.8882999,925.4925024,1250758
4/21/2023,910.5858765,929.5953316,906.1183991,924.7631974,4269272
4/24/2023,917.2869873,918.5178501,903.5199548,913.5489351,1625433
4/25/2023,908.9903564,917.2870365,906.6198923,917.1958862,1984203
4/26/2023,908.3520508,914.0047597,905.0698614,908.9902697,1589700
4/27/2023,914.5974121,919.6119021,905.3433765,910.8137292,3543950
4/28/2023,933.3334351,936.068556,894.448319,895.2688942,5146250
5/2/2023,960.4572754,971.7171754,930.3248115,930.3248115,4762884
5/3/2023,947.8297729,957.9955342,946.5989658,948.1033351,2217136
5/4/2023,953.1633911,954.622241,938.0287699,941.812453,1744298
5/5/2023,944.9123535,957.9499617,940.490507,953.6648963,1222282
5/8/2023,951.2487793,954.5765996,943.9094558,949.0606158,1487285
5/9/2023,955.3059692,958.6336781,948.0576851,955.8529822,1747630
5/10/2023,953.8015747,958.2234208,946.5077713,955.4882445,1186977
5/11/2023,951.887085,965.3350365,950.8840978,961.870435,1451786
5/12/2023,953.9838867,960.5027458,942.7697306,951.886985,1140016
5/15/2023,970.4862061,975.455177,950.0180122,953.6649144,2122222
5/16/2023,963.8761597,977.1874411,960.0469571,975.4551404,1343911
5/17/2023,961.09552,972.2641581,947.2828555,964.6056412,2803566
5/18/2023,956.1264038,966.3833148,952.7986951,965.5172202,909923
5/19/2023,977.5064087,983.5237741,956.3999434,963.2835147,2624323
5/22/2023,1006.955017,1012.425369,975.6372736,977.369574,2996190
5/23/2023,994.2366943,1020.403173,990.4986419,1006.544989,1414119
5/24/2023,1001.758362,1005.952277,989.2221366,989.450068,1782245
5/25/2023,1001.16571,1002.898011,986.0767208,1000.162835,1200289
5/26/2023,1016.345947,1021.497218,1001.986271,1001.986271,2104054
5/29/2023,1015.707825,1028.471982,1012.106442,1028.471982,1432241
5/30/2023,1001.439331,1021.862005,998.339442,1016.573952,2822485
5/31/2023,1017.075256,1027.924699,999.2509813,1001.439144,7599886
6/1/2023,1021.862061,1036.358408,1018.944472,1022.956087,1412280
6/2/2023,1023.958923,1038.637682,1018.944433,1028.426401,1907589
6/5/2023,1011.422668,1034.398218,1009.735999,1024.87062,1754521
6/6/2023,990.3617554,1004.721431,976.959436,1002.89798,3284841
6/7/2023,998.977478,1001.986216,988.4926359,998.3393148,2086377
6/8/2023,976.7315674,1004.265633,974.6345542,1003.80977,4054486
6/9/2023,969.2098389,983.7518161,966.5201819,983.7518161,2782697
6/12/2023,979.8770752,983.7519089,968.3893551,971.8994763,1767945
6/13/2023,984.1165161,991.8661828,980.4696142,984.2532972,1846534
6/14/2023,982.4754028,989.1765632,976.5036674,984.6635663,1321534
6/15/2023,986.031189,987.8546401,974.9537012,983.7062443,1389325
6/16/2023,982.1106567,990.9999803,976.8682352,987.8545719,4392418
6/19/2023,997.0628662,999.0687288,979.2387016,983.7516977,2188899
6/20/2023,1009.599121,1012.88131,992.1395571,997.0628966,3318866
6/21/2023,1021.041504,1021.816448,1006.636195,1009.599303,1985965
6/22/2023,1020.266418,1026.830797,1012.379971,1018.306186,2360795
6/23/2023,1017.029846,1019.30916,997.4733778,1015.662258,3492348
6/26/2023,1013.747559,1026.602865,1010.465369,1014.021009,1432154
6/27/2023,1020.85907,1022.044358,1009.006637,1011.103651,1227245
6/28/2023,1010.282959,1027.468962,1007.18307,1021.132514,1876800
6/30/2023,1031.024902,1032.529272,1012.562458,1016.254992,2478834
7/3/2023,1022.454407,1036.540631,1016.664973,1035.720056,1899656
7/4/2023,1046.660767,1053.95457,1021.223606,1024.369125,2773593
7/5/2023,1071.277344,1080.348967,1045.29317,1049.213634,3732838
7/6/2023,1075.152344,1079.48304,1059.425078,1071.27751,2520085
7/7/2023,1053.95459,1079.756464,1049.623894,1066.718746,2261102
7/10/2023,1045.885864,1057.555883,1035.355391,1057.555883,2088505
7/11/2023,1058.923584,1063.25428,1044.016894,1052.723917,1212566
7/12/2023,1057.054443,1065.806985,1051.62961,1063.071809,1274203
7/13/2023,1071.505493,1086.685746,1051.675462,1057.054665,3215610
7/14/2023,1120.191528,1123.245786,1078.571238,1079.437333,6033106
7/17/2023,1132.727661,1158.575054,1112.897634,1126.801446,4880073
7/18/2023,1137.423218,1147.315417,1116.863763,1133.274822,2666872
7/19/2023,1134.824585,1150.323917,1122.425142,1144.215401,2293881
7/20/2023,1142.346436,1144.67138,1126.52802,1135.098262,2000345
7/21/2023,1118.160767,1139.539686,1104.968532,1122.277522,5032086
7/24/2023,1087.05127,1126.440892,1080.876194,1119.470561,2669308
7/25/2023,1082.045776,1089.717824,1071.286134,1089.062934,2557865
7/26/2023,1069.601929,1091.869755,1066.09335,1083.449166,3170213
7/27/2023,1029.089722,1052.57379,1012.622812,1039.475094,17594818
7/28/2023,1020.809326,1029.183088,1015.1956,1029.183088,4244321
7/31/2023,1043.685303,1046.959976,1017.160468,1024.505071,4766331
8/1/2023,1069.88269,1080.174522,1047.802056,1047.895595,3805214
8/2/2023,1071.894287,1078.396808,1053.135039,1069.414868,2357217
8/3/2023,1069.227783,1073.110519,1049.111931,1066.607999,2348236
8/4/2023,1099.54187,1105.763773,1069.227838,1079.659922,3580506
8/7/2023,1107.447998,1116.055667,1096.641528,1104.032958,1694290
8/8/2023,1127.797607,1131.072281,1099.448245,1109.646537,5137402
8/9/2023,1148.942627,1156.895406,1122.932317,1129.247759,3396984
8/10/2023,1156.240601,1159.421621,1137.340986,1141.457742,3715680
8/11/2023,1141.87854,1169.853629,1137.060184,1156.240413,2933959
8/14/2023,1141.223755,1142.58036,1125.552103,1134.066231,1842625
8/16/2023,1148.802246,1159.234443,1141.457644,1142.393265,2341456
8/17/2023,1152.451172,1154.46278,1136.358536,1146.13573,2636308
8/18/2023,1132.849976,1147.024543,1127.563694,1147.024543,1794430
8/21/2023,1140.381714,1145.200185,1126.815208,1127.423385,1175945
8/22/2023,1135.095337,1144.264468,1131.39968,1140.381618,1003208
8/23/2023,1123.680786,1140.381598,1121.996623,1135.095316,1569035
8/24/2023,1121.903198,1138.183028,1119.657685,1128.546085,1218843
8/25/2023,1112.921143,1120.125378,1102.582485,1113.388953,1213340
8/28/2023,1108.476929,1119.283396,1106.184703,1112.967955,950013
8/29/2023,1120.873901,1130.136572,1111.751597,1115.634447,1419344
8/30/2023,1120.125366,1142.95454,1117.646062,1130.183292,2016339
8/31/2023,1124.56958,1136.311669,1120.873923,1121.809544,2817747
9/1/2023,1148.98938,1150.720256,1126.534477,1127.423271,1686038
9/4/2023,1175.841675,1184.496169,1146.650346,1155.491918,3466873
9/5/2023,1173.783447,1185.057613,1168.26326,1177.71301,2199985
9/6/2023,1168.543823,1178.50821,1156.287211,1173.783392,1753376
9/7/2023,1187.536987,1192.776442,1158.907007,1168.543835,2554884
9/8/2023,1181.642456,1195.723597,1177.993626,1190.109872,1731105
9/11/2023,1187.16272,1192.916812,1182.15717,1183.560602,1293853
9/12/2023,1184.496094,1201.150192,1170.976417,1189.922741,2335224
9/13/2023,1179.256836,1187.069249,1173.175299,1179.163297,1204376
9/14/2023,1197.454712,1206.343113,1180.753897,1180.753897,3288631
9/15/2023,1216.354126,1219.769051,1191.981153,1195.910716,4316210
9/18/2023,1206.76416,1218.178692,1200.401891,1217.243071,1967717
9/20/2023,1192.308716,1206.155954,1187.349993,1199.46624,2843560
9/21/2023,1208.494995,1212.564924,1184.402752,1193.805676,2960250
9/22/2023,1221.312866,1235.019737,1201.33738,1206.997933,3252940
9/25/2023,1215.792847,1229.780451,1212.611826,1221.313034,2100302
9/26/2023,1199.746948,1219.161086,1196.799719,1216.307396,1141475
9/27/2023,1205.68811,1210.600121,1182.625028,1188.191928,1568115
9/28/2023,1150.346069,1192.028032,1143.328912,1192.028032,6570797
9/29/2023,1144.077515,1152.357738,1132.101519,1145.200214,2861162
10/3/2023,1137.902222,1151.468726,1134.487296,1142.018977,1622290
10/4/2023,1127.42334,1137.247361,1109.693367,1132.101445,2340603
10/5/2023,1127.984619,1145.153241,1122.277354,1135.843858,2497613
10/6/2023,1138.557251,1144.264516,1127.423338,1129.29458,1446719
10/9/2023,1134.580811,1148.708665,1124.75679,1125.78595,1451064
10/10/2023,1148.70874,1152.170492,1134.90833,1136.96665,1503359
10/11/2023,1152.310791,1159.14087,1143.328852,1150.90736,1622663
10/12/2023,1121.575684,1152.685082,1112.734111,1152.685082,2452842
10/13/2023,1117.224976,1125.505198,1104.032743,1110.58209,3266079
10/16/2023,1108.33667,1121.10792,1104.781378,1118.347884,2638043
10/17/2023,1120.499756,1125.552132,1111.9388,1113.389059,1163897
10/18/2023,1110.675659,1124.616435,1102.208358,1122.745193,2337078
10/19/2023,1096.688354,1109.132047,1092.618425,1095.191383,3107691
10/20/2023,1095.331543,1100.29038,1074.467262,1094.676654,2962470
10/23/2023,1081.531128,1095.565444,1077.414487,1089.156462,1203959
10/25/2023,1068.619629,1090.840629,1063.333347,1087.191684,1555285
10/26/2023,1043.638428,1047.895549,1027.452253,1029.229955,7099401
10/27/2023,1048.410156,1053.462418,1042.32862,1047.848692,1382498
10/30/2023,1054.351318,1065.57877,1043.685216,1048.410148,2255915
10/31/2023,1060.199097,1063.941581,1043.732188,1054.351465,1194765
11/1/2023,1052.667236,1064.736771,1047.848765,1058.140597,1288497
11/2/2023,1054.93689,1068.649651,1053.329233,1063.921112,2493118
11/3/2023,1071.581421,1074.323996,1055.409842,1062.975504,1108121
11/6/2023,1080.140015,1082.646163,1072.763449,1075.742451,572330
11/7/2023,1086.618286,1087.847752,1074.84427,1079.998331,902481
11/8/2023,1077.302856,1090.259005,1075.316894,1089.218749,806162
11/9/2023,1062.928101,1079.052463,1056.544574,1078.106755,6042108
11/10/2023,1076.3573,1077.870409,1060.611243,1061.084097,706806
11/13/2023,1069.92627,1080.139958,1066.758172,1078.674065,435537
11/15/2023,1110.024414,1114.8475,1081.416756,1082.835318,2816201
11/16/2023,1141.658325,1148.98756,1104.019227,1111.206582,2294942
11/17/2023,1137.449829,1148.041708,1132.957718,1146.38672,1176628
11/20/2023,1146.008545,1156.12757,1137.449845,1139.483139,1077366
11/21/2023,1139.104858,1154.850914,1135.22748,1153.715995,1129326
11/22/2023,1149.413086,1151.871903,1138.631996,1139.577703,750622
11/23/2023,1145.157471,1154.614548,1141.421856,1149.034849,651637
11/24/2023,1132.815918,1148.987496,1130.215222,1146.245036,884921
11/28/2023,1137.119019,1143.360667,1121.609388,1130.215306,910795
11/29/2023,1155.371094,1167.570747,1141.138262,1141.469236,1898448
11/30/2023,1154.661621,1161.612664,1143.076703,1155.65466,2978406
12/1/2023,1154.283447,1160.19412,1145.772079,1160.19412,1017856
12/4/2023,1157.451538,1181.377871,1151.87184,1170.785992,1581599
12/5/2023,1154.330688,1159.67396,1143.218624,1157.546117,1499843
12/6/2023,1158.68103,1179.297504,1152.486714,1156.60052,2637916
12/7/2023,1156.836914,1164.166149,1153.857912,1159.43761,1076885
12/8/2023,1158.775635,1170.738744,1151.162642,1163.220415,2642571
12/11/2023,1166.341187,1173.150235,1158.775526,1164.166013,1558876
12/12/2023,1159.57959,1177.406158,1152.486782,1170.738872,1114846
12/13/2023,1150.075073,1166.955932,1132.059411,1159.437602,3025706
12/14/2023,1196.036499,1200.859701,1163.362367,1167.949026,5287733
12/15/2023,1235.188721,1252.873523,1193.955891,1201.048698,5900381
12/18/2023,1221.617798,1260.675568,1216.605501,1234.148424,2671348
12/19/2023,1211.877075,1230.318375,1200.292156,1229.419999,1717860
12/20/2023,1180.810547,1242.65985,1170.975164,1220.908574,2860865
12/21/2023,1182.229126,1190.220425,1159.437594,1165.11184,3337533
12/22/2023,1205.919189,1211.357009,1175.04181,1191.591695,2297352
12/26/2023,1212.397217,1218.780743,1192.111834,1205.777263,1720830
12/27/2023,1210.647705,1221.381464,1198.448053,1217.97694,1584695
12/28/2023,1216.132813,1219.017267,1201.569006,1215.234436,2284964
12/29/2023,1203.554932,1221.807021,1199.251915,1216.132775,1187193
1/1/2024,1226.724731,1233.013711,1196.556634,1203.885868,1776828
1/2/2024,1208.708984,1228.568846,1203.744019,1227.528591,1615064
1/3/2024,1176.649536,1204.831673,1172.67761,1196.320304,2231707
1/4/2024,1179.770264,1186.579312,1164.828037,1182.22908,3355191
1/5/2024,1180.526978,1202.798325,1177.926281,1186.768625,1756868
1/8/2024,1162.227417,1186.153868,1155.087393,1182.323705,1320667
1/9/2024,1168.563843,1183.26953,1165.679388,1173.197834,994439
1/10/2024,1173.528687,1178.777295,1161.612793,1169.36755,808638
1/11/2024,1181.567139,1193.293936,1173.528624,1173.528624,930492
1/12/2024,1237.032959,1240.532031,1198.211613,1202.751056,5023455
1/15/2024,1265.025879,1325.40929,1261.432144,1262.519731,6012767
1/16/2024,1248.712402,1259.871683,1239.349874,1257.88572,1883106
1/17/2024,1254.717529,1262.046763,1234.384816,1235.094097,2313059
1/18/2024,1281.575806,1295.146688,1235.094249,1254.670352,4533782
1/19/2024,1314.439087,1321.957417,1281.433867,1299.307765,4463826
1/23/2024,1292.451538,1339.405952,1283.089008,1320.680892,2683661
1/24/2024,1331.509155,1333.920756,1291.41124,1298.409385,2008135
1/25/2024,1250.272827,1282.71053,1240.815751,1274.813894,8424862
1/29/2024,1242.990723,1265.35673,1239.822625,1265.35673,2495791
1/30/2024,1246.300903,1268.146729,1243.605659,1252.069697,2293154
1/31/2024,1261.243042,1263.465432,1241.052207,1246.537242,1798462
2/1/2024,1241.241333,1263.796438,1238.640637,1257.791217,2286420
2/2/2024,1265.451416,1280.488191,1251.218585,1251.644107,1838847
2/5/2024,1260.391846,1279.636973,1255.899734,1272.733376,953919
2/6/2024,1277.698364,1288.432123,1255.994304,1257.791172,2713529
2/7/2024,1246.442627,1284.93288,1242.707128,1278.123832,2004588
2/8/2024,1238.167725,1257.460184,1231.311344,1254.008328,2308756
2/9/2024,1239.870117,1249.705385,1235.046916,1245.497032,1085349
2/12/2024,1247.199341,1258.736928,1239.917322,1246.821035,1149683
2/13/2024,1256.325317,1262.330653,1229.41998,1250.178217,1127361
2/14/2024,1222.705444,1248.286767,1213.011941,1238.877022,3426103
2/15/2024,1229.750854,1236.985541,1221.428697,1233.864659,1703763
2/16/2024,1231.831543,1238.120406,1227.528527,1234.243028,1994659
2/19/2024,1238.877075,1246.442737,1217.551321,1232.20979,1496111
2/20/2024,1248.85437,1251.786041,1231.311446,1238.877108,2113200
2/21/2024,1226.20459,1253.062712,1222.043453,1248.334173,1769508
2/22/2024,1255.994385,1258.264106,1228.805288,1236.039975,2201424
2/23/2024,1250.461914,1269.659825,1244.835,1266.207969,1660506
2/26/2024,1227.765015,1252.968148,1224.691465,1250.461999,1196507
2/27/2024,1225.684448,1234.195817,1214.004866,1224.691409,1488661
2/28/2024,1216.038208,1235.141573,1201.994472,1231.31141,1289779
2/29/2024,1204.689819,1215.423579,1195.611048,1210.505945,2251498
3/1/2024,1202.751099,1217.125809,1199.157363,1217.125809,1560034
3/4/2024,1210.553101,1215.707161,1201.14324,1206.344632,1843831
3/5/2024,1203.413208,1210.411469,1190.7407,1205.68293,1420379
3/6/2024,1201.994507,1205.162605,1182.229192,1198.68453,2064350
3/7/2024,1218.213257,1222.894463,1196.840288,1205.777179,2073691
3/11/2024,1219.017212,1225.920924,1206.250158,1218.213383,1577732
3/12/2024,1222.138184,1236.654775,1208.330758,1224.691548,1963068
3/13/2024,1207.857788,1228.852568,1197.549667,1222.138066,2001399
3/14/2024,1223.131104,1227.008482,1189.747689,1202.940266,2129097
3/15/2024,1212.586304,1222.799993,1199.630155,1222.799993,2499025
3/18/2024,1203.554932,1217.551336,1199.204699,1212.397276,630807
3/19/2024,1184.262451,1203.554911,1181.094354,1201.048763,1243420
3/20/2024,1195.658325,1202.940229,1179.297535,1184.026074,1139621
3/21/2024,1213.106445,1217.551225,1201.663406,1205.777211,1420041
3/22/2024,1194.097778,1210.411235,1168.989194,1190.173069,2990908
3/26/2024,1186.248413,1202.561871,1183.080315,1193.719527,2144358
3/27/2024,1185.728271,1194.570615,1178.871891,1189.700197,2128854
3/28/2024,1180.337769,1196.27292,1174.568975,1191.591713,2436133
4/1/2024,1176.980469,1192.679192,1174.568868,1184.120492,1397037
4/2/2024,1169.651367,1183.978747,1168.043595,1176.460417,1320357
4/3/2024,1187.005005,1194.428787,1172.677511,1172.677511,1819093
4/4/2024,1209.796631,1219.017281,1179.203008,1191.591757,2460669
4/5/2024,1194.807129,1206.675691,1191.780795,1205.777315,1184658
4/8/2024,1196.462036,1201.048695,1187.903336,1201.048695,686932
4/9/2024,1183.458618,1211.451543,1175.278224,1196.414767,1198161
4/10/2024,1197.549683,1204.3114,1184.026017,1192.0172,1994380
4/12/2024,1174.663574,1200.812417,1170.786196,1196.272973,2887322
4/15/2024,1152.581299,1173.292321,1145.252064,1167.949049,2153147
4/16/2024,1130.877197,1147.285201,1126.337755,1139.577661,2085459
4/18/2024,1115.604126,1142.273037,1112.199601,1134.423733,3242357
4/19/2024,1128.843994,1139.435874,1099.810699,1099.905362,2572144
4/22/2024,1142.462158,1150.642437,1130.215175,1131.160883,1364143
4/23/2024,1135.085571,1151.871882,1133.714341,1151.871882,1460983
4/24/2024,1121.325684,1142.367682,1117.353757,1142.367682,1375843
4/25/2024,1125.675903,1128.749453,1109.126019,1120.663606,3357065
4/26/2024,1209.32373,1273.868281,1173.623265,1182.134634,20431926
4/29/2024,1218.355225,1239.822742,1215.234343,1219.962881,4120529
4/30/2024,1194.901611,1221.003119,1191.638966,1218.355207,2613213
5/2/2024,1198.116943,1205.162419,1185.444439,1194.617756,2124221
5/3/2024,1182.560059,1202.940104,1175.561914,1201.048689,2322455
5/6/2024,1193.719604,1196.98225,1177.500694,1189.700347,1363667
5/7/2024,1222.279785,1224.50229,1188.659948,1199.15728,2350444
5/8/2024,1217.125732,1229.419932,1210.836754,1223.745686,1332284
5/9/2024,1200.19751,1216.085444,1192.915607,1212.397161,2420777
5/10/2024,1195.752808,1204.074966,1180.479606,1197.265917,1322206
5/13/2024,1193.530518,1197.596992,1182.182025,1195.752908,593453
5/14/2024,1206.250122,1214.288637,1186.011955,1195.327152,1386032
5/15/2024,1205.304443,1213.295627,1196.32022,1205.777297,1008105
5/16/2024,1236.938354,1241.335918,1211.735336,1217.125824,4868225
5/17/2024,1234.526855,1248.334165,1227.3395,1238.025928,1925387
5/21/2024,1252.022339,1254.954009,1233.297282,1236.039857,1453689
5/22/2024,1258.169556,1262.898094,1239.870135,1257.791249,1411627
5/23/2024,1264.884033,1270.983802,1253.157235,1263.465472,1440740
5/24/2024,1249.989014,1271.976715,1246.44261,1264.883908,1288301
5/27/2024,1257.507446,1269.896309,1246.67914,1251.171251,980450
5/28/2024,1243.700073,1258.122115,1240.106454,1256.845432,1608944
5/29/2024,1216.605591,1242.659883,1214.383201,1242.659883,1405567
5/30/2024,1173.481323,1217.835035,1168.279931,1210.553133,2610479
5/31/2024,1161.754639,1187.099653,1157.593617,1178.304524,4649449
6/3/2024,1177.736938,1193.293898,1169.414781,1186.86304,1091287
6/4/2024,1172.015625,1185.633724,1128.844044,1177.737087,2471911
6/5/2024,1198.116943,1215.186896,1169.603837,1191.591538,2709585
6/6/2024,1245.922607,1251.738733,1205.020748,1215.234438,3205121
6/7/2024,1302.806885,1306.022314,1254.954099,1257.791222,5790599
6/10/2024,1267.579224,1303.18514,1262.66159,1302.806834,2532308
6/11/2024,1276.185181,1286.020564,1268.335876,1275.665111,1465705
6/12/2024,1296.186768,1306.022149,1283.467047,1290.701733,2786009
6/13/2024,1313.540649,1321.011763,1300.679048,1305.076612,1953367
6/14/2024,1296.990723,1319.971465,1290.039794,1319.262184,1733356
6/18/2024,1296.89624,1315.904942,1295.761437,1305.502157,950760
6/19/2024,1306.164307,1311.649342,1287.108272,1302.239596,1313197
6/20/2024,1317.465332,1323.04503,1296.990738,1310.750831,1987190
6/21/2024,1323.801636,1362.102796,1310.798155,1331.556392,6836535
6/24/2024,1325.598389,1332.502101,1306.022286,1314.533655,1111433
6/25/2024,1350.234131,1354.253388,1319.025778,1322.85594,2201375
6/26/2024,1336.332397,1356.901541,1333.447943,1355.010126,1565878
6/27/2024,1354.489746,1365.412715,1316.425014,1328.10448,4286657
6/28/2024,1352.692871,1374.113172,1349.193799,1362.76468,2222285
7/1/2024,1392.17627,1398.228822,1346.829632,1352.692973,3837301
7/2/2024,1392.223511,1416.67003,1390.190216,1399.647293,2092643
7/3/2024,1399.458252,1404.375886,1381.678902,1399.600016,896602
7/4/2024,1379.929321,1410.995794,1374.396955,1401.538718,1322999
7/5/2024,1382.009888,1390.190282,1371.228797,1387.353159,1334838
7/8/2024,1387.92041,1398.654168,1380.874935,1382.009738,807698
7/9/2024,1386.171021,1389.622877,1376.004663,1386.407447,1049695
7/10/2024,1383.901245,1392.838252,1363.237556,1392.176187,802718
7/11/2024,1381.300659,1395.864581,1363.001238,1395.864581,1408434
7/12/2024,1423.337402,1429.720929,1381.726264,1394.91884,4372156
7/15/2024,1417.663208,1444.568547,1410.995922,1437.570286,2374623
7/16/2024,1433.881958,1436.529986,1408.253303,1421.729637,1794159
7/18/2024,1455.775146,1461.780367,1423.29011,1425.181525,2752497
7/19/2024,1436.558716,1483.323379,1431.838874,1481.445131,2504915
7/22/2024,1440.556152,1450.477333,1421.821291,1425.529697,2225781
7/23/2024,1438.485107,1447.44306,1406.31326,1436.173336,1640492
7/24/2024,1476.917969,1483.371551,1419.220571,1438.485137,2561617
7/25/2024,1473.73938,1490.644085,1449.562372,1468.923238,3283912
7/26/2024,1484.47937,1487.850669,1391.142521,1473.739351,7133745
7/29/2024,1469.260254,1497.530981,1454.522932,1488.813835,1755979
7/30/2024,1481.493408,1494.882188,1464.107089,1464.107089,1622543
7/31/2024,1497.242065,1504.32177,1478.555413,1481.445098,2398955
8/1/2024,1487.657959,1511.305262,1481.059868,1497.242151,1315921
8/2/2024,1452.259399,1477.158947,1447.05806,1469.404912,2894949
8/5/2024,1402.797485,1429.671578,1374.285952,1415.945575,2186582
8/6/2024,1428.852905,1447.732157,1411.611095,1411.611095,1665788
8/7/2024,1419.461426,1459.5317,1416.908847,1445.613098,3002937
8/8/2024,1412.526001,1433.428124,1408.239682,1415.945508,2333194
8/9/2024,1451.296021,1453.7523,1426.107695,1430.345805,1521252
8/12/2024,1456.882813,1468.441552,1434.632262,1451.296041,1809860
8/13/2024,1448.117432,1467.622804,1440.170798,1452.837274,580901
8/14/2024,1468.345215,1473.209447,1449.658563,1456.401161,2833790
8/16/2024,1527.005859,1530.569757,1474.991532,1501.094995,3224481
8/19/2024,1536.012085,1543.766002,1517.903345,1529.462085,1640507
8/20/2024,1568.713623,1573.577973,1536.589982,1542.128545,2442281
8/21/2024,1545.644287,1568.135644,1543.091709,1556.576905,1935929
8/22/2024,1552.001587,1561.055956,1537.312355,1546.029619,1562554
8/23/2024,1539.624023,1557.491837,1534.470776,1553.73534,1020913
8/26/2024,1579.838867,1582.584044,1549.834283,1550.797511,1510157
8/27/2024,1564.860596,1584.510476,1562.452525,1583.547247,1083351
8/28/2024,1567.509521,1603.77509,1556.769503,1560.429817,3033590
8/29/2024,1586.77417,1595.346926,1560.478107,1560.478107,2194339
8/30/2024,1576.32312,1602.571091,1571.121664,1586.437017,1926984
9/2/2024,1586.099854,1600.885384,1575.408043,1576.323063,1582818
9/3/2024,1583.643555,1598.236486,1572.084816,1578.731114,1739553
9/4/2024,1584.799561,1589.326687,1549.738027,1560.189031,1643875
9/5/2024,1579.212891,1596.936316,1572.855607,1592.216473,1080904
9/6/2024,1563.560303,1590.482486,1554.602233,1579.212762,1672937
9/9/2024,1521.130005,1571.314291,1516.843686,1563.512048,2965098
9/10/2024,1548.293091,1554.361358,1520.455771,1533.459352,2541973
9/11/2024,1543.669556,1567.172348,1539.335029,1552.723925,1395340
9/12/2024,1582.824829,1588.941305,1546.944577,1560.333473,2356422
9/13/2024,1595.154297,1598.862702,1577.767979,1589.230419,1373924
9/16/2024,1588.363525,1608.59132,1585.955455,1590.386281,1060407
9/17/2024,1590.819824,1610.517797,1580.754017,1588.363545,1499644
9/18/2024,1546.366699,1587.544708,1530.569732,1587.544708,2930297
9/19/2024,1536.686157,1575.215287,1528.691433,1560.429757,3032379
9/20/2024,1562.404541,1569.387946,1524.212515,1548.871136,3984683
9/23/2024,1548.05249,1571.025463,1535.867628,1565.197885,1535902
9/24/2024,1576.901001,1583.065686,1539.335098,1542.658306,1781972
9/25/2024,1543.814209,1582.680449,1531.581256,1576.901079,2505756
9/26/2024,1547.859741,1560.28541,1537.312438,1550.797635,2173853
9/27/2024,1550.075073,1603.58245,1545.547947,1565.245918,3539822
9/30/2024,1519.203613,1546.944635,1510.197452,1546.944635,3460691
10/1/2024,1565.631348,1582.487843,1521.900758,1521.900758,5176596
10/3/2024,1545.066406,1571.16987,1537.456879,1555.613709,2332279
10/4/2024,1557.010376,1587.785591,1532.496262,1532.496262,2927576
10/7/2024,1559.033203,1572.036785,1541.35787,1565.19777,1619326
10/8/2024,1569.195068,1574.878138,1544.632749,1565.245856,1311331
10/9/2024,1597.803101,1608.398612,1572.036744,1578.731134,2177241
10/10/2024,1560.140747,1614.322336,1552.097815,1611.48086,1518162
10/11/2024,1586.485229,1589.326706,1544.054976,1544.054976,1019027
10/14/2024,1630.264038,1634.598566,1587.400375,1587.400375,2070051
10/15/2024,1613.744385,1640.811074,1602.330154,1637.487984,2503380
10/16/2024,1599.248047,1615.767319,1592.023834,1608.591315,1070524
10/17/2024,1636.524902,1647.024114,1595.106085,1599.633211,3771316
10/18/2024,1625.83313,1639.799941,1585.088524,1632.672028,3119646
10/21/2024,1638.643921,1697.06374,1627.90402,1680.833367,5898020
10/22/2024,1634.165039,1663.447086,1629.252481,1640.763129,2484594
10/23/2024,1672.116089,1684.686265,1623.617568,1634.164989,4198781
10/24/2024,1671.923462,1683.723008,1664.506651,1671.249249,1570443
10/25/2024,1653.33313,1678.328974,1647.457461,1671.923483,1743714
10/28/2024,1639.944458,1664.410364,1630.938179,1647.120462,1271473
10/29/2024,1636.043213,1660.701833,1618.560596,1646.15711,1499121
10/30/2024,1622.991577,1649.191459,1620.390908,1641.437424,1305424
10/31/2024,1563.415161,1622.845661,1550.683554,1619.735573,3638913
11/1/2024,1558.555908,1573.474247,1553.842312,1573.474247,249236
11/4/2024,1592.328735,1594.12669,1562.832191,1568.614832,2746587
11/5/2024,1586.740356,1607.489977,1578.13924,1592.231504,1376651
11/6/2024,1645.927979,1650.009828,1589.024338,1603.553901,3164061
11/7/2024,1604.574341,1667.260619,1598.111313,1647.337073,1285140
11/8/2024,1634.070923,1639.027489,1603.651141,1613.321302,1883257
11/11/2024,1656.229858,1667.212035,1619.201242,1625.761434,1587351
11/12/2024,1639.562134,1662.401322,1636.646493,1661.915382,1414446
11/13/2024,1628.482544,1641.505763,1616.868622,1632.758841,1063556
11/14/2024,1640.047974,1644.421435,1616.236907,1616.236907,1919974
11/18/2024,1614.098877,1640.533974,1587.323527,1637.375363,1617013
11/19/2024,1651.856323,1675.91036,1617.305932,1618.083484,1982317
11/21/2024,1654.383179,1676.493455,1637.423916,1663.859011,2212146
11/22/2024,1698.312134,1700.64467,1654.383193,1666.531696,2344087
11/25/2024,1683.879761,1718.090018,1679.263329,1710.509304,3913302
11/26/2024,1696.319824,1712.453013,1682.373366,1683.879709,1291712
11/27/2024,1707.399414,1717.312546,1686.746957,1692.043657,2088228
11/28/2024,1665.171021,1710.509258,1658.805276,1707.593618,1787990
11/29/2024,1664.150635,1681.352868,1652.6824,1659.971502,1556942
12/2/2024,1696.85437,1698.846772,1657.930635,1661.915321,1370756
12/3/2024,1700.304565,1711.481189,1688.739166,1710.509308,1824151
12/4/2024,1710.120483,1724.698687,1691.654758,1693.112579,1811165
12/5/2024,1736.701416,1743.504578,1705.747053,1710.120514,2762694
12/6/2024,1732.668213,1746.468865,1725.670604,1746.468865,1180840
12/9/2024,1727.857422,1750.113505,1721.394394,1729.072272,1069659
12/10/2024,1713.959595,1727.031338,1703.997821,1716.534983,1625591
12/11/2024,1713.230591,1719.985111,1700.839117,1715.36868,1285654
12/12/2024,1739.276855,1756.867864,1711.529746,1718.332907,3018243
12/13/2024,1745.885742,1753.855113,1711.481157,1730.918762,1503188
12/16/2024,1725.62207,1743.067274,1716.340566,1743.067274,1075193
12/17/2024,1720.956909,1738.839529,1711.481077,1727.468459,1160899
12/18/2024,1728.87793,1737.673375,1711.043949,1712.50177,1337600
12/19/2024,1705.018188,1719.159094,1686.212328,1691.023088,2402819
12/20/2024,1638.638794,1721.054171,1632.856035,1720.228096,2921154
12/23/2024,1664.247803,1676.49347,1638.444334,1643.352377,1301223
12/24/2024,1656.95874,1676.833645,1648.01737,1669.301573,711026
12/26/2024,1650.932983,1666.434545,1643.109418,1659.096801,659638
12/27/2024,1663.518921,1668.232517,1650.933,1657.007252,647945
12/30/2024,1691.897827,1723.726908,1646.170929,1666.774745,6781500
12/31/2024,1658.222168,1680.381087,1635.14001,1680.381087,1459630
1/1/2025,1655.93811,1669.301464,1643.692443,1652.7795,721479
1/2/2025,1678.38855,1686.892502,1648.308904,1660.943347,1238954
1/3/2025,1641.943115,1681.207103,1634.070909,1664.053392,2448088
1/6/2025,1638.881714,1663.17872,1627.89942,1656.812857,945693
1/7/2025,1624.157715,1657.055838,1614.779047,1645.393275,1305847
1/8/2025,1616.96582,1622.991431,1588.052382,1621.04767,673344
1/9/2025,1596.60498,1622.554137,1592.134236,1616.917184,774065
1/10/2025,1657.639038,1665.802856,1590.287804,1606.615322,2208899
1/13/2025,1612.981079,1653.168304,1603.505247,1650.301304,1401093
1/14/2025,1601.172852,1623.477458,1575.709634,1622.942995,2480288
1/15/2025,1628.822754,1631.787036,1603.748313,1611.37755,1079742
1/16/2025,1640.193726,1674.403863,1623.963254,1647.337022,2334315
1/17/2025,1613.612915,1652.099351,1603.991276,1637.375341,2502285
1/20/2025,1627.51062,1639.707765,1579.305384,1616.236833,4856268
1/21/2025,1594.369629,1655.646729,1590.093332,1627.510723,2500061
1/22/2025,1636.597656,1641.262729,1589.267137,1596.507597,2478559
1/23/2025,1665.219727,1680.866976,1624.011978,1624.011978,2255334
1/24/2025,1674.598267,1687.572844,1657.395915,1670.662104,1257165
1/27/2025,1607.392822,1665.705639,1598.743064,1661.915282,1174799
1/28/2025,1601.998779,1617.840475,1591.939842,1609.385045,1820874
1/29/2025,1633.876587,1637.618302,1607.538655,1617.160175,1146508
1/30/2025,1623.137207,1656.958688,1610.405599,1637.618247,868832
1/31/2025,1627.364868,1647.337055,1618.423617,1627.89945,1065425
2/1/2025,1600.10376,1638.493032,1590.67645,1627.413573,410470
2/3/2025,1608.170166,1617.257341,1560.013572,1584.164772,1415698
2/4/2025,1612.398071,1629.794634,1598.791747,1615.993981,1467006
2/5/2025,1614.293213,1624.012016,1598.160023,1616.091168,1449280
2/6/2025,1622.651367,1637.326736,1603.602537,1623.040143,1288106
2/7/2025,1644.518677,1647.920258,1611.280417,1627.899547,1582031
2/10/2025,1651.273315,1655.841106,1626.150114,1635.674589,1235699
2/11/2025,1622.165405,1660.943453,1616.431288,1658.027813,1800036
2/12/2025,1632.953247,1642.477722,1621.873906,1632.758918,1889477
2/13/2025,1628.191162,1641.943174,1594.418321,1627.899551,1555491
2/14/2025,1612.446533,1646.365178,1605.594848,1637.618256,961944
2/17/2025,1618.131958,1621.047599,1585.136671,1609.336513,1114005
2/18/2025,1657.055908,1660.894788,1617.257457,1621.096337,2654136
2/19/2025,1638.395752,1664.247743,1627.948039,1646.413764,1113961
2/20/2025,1611.231689,1646.025051,1608.461854,1632.758861,1485087
2/21/2025,1603.116577,1618.132081,1596.021803,1611.13459,1479239
2/24/2025,1568.323242,1597.722622,1559.139021,1584.164939,1672609
2/25/2025,1549.12854,1568.614787,1544.31778,1562.832147,1425126
2/27/2025,1543.588867,1550.829328,1525.754888,1530.711453,2208643
2/28/2025,1446.011963,1528.670423,1436.827742,1525.851947,4155992
3/3/2025,1451.065918,1488.434668,1434.68964,1457.820439,2851006
3/4/2025,1446.400879,1457.285891,1392.753133,1433.523465,2386196
3/5/2025,1494.848999,1505.442518,1445.671882,1446.400792,1967418
3/6/2025,1461.17334,1507.191965,1458.743639,1497.667491,2246380
3/7/2025,1450.385498,1464.817896,1440.326561,1459.715525,893696
3/10/2025,1445.040161,1457.82041,1440.812506,1450.385503,798491
3/11/2025,1437.605347,1445.574837,1412.725234,1423.318753,1769157
3/12/2025,1397.855469,1447.129752,1369.185,1439.35471,2665932
3/13/2025,1400.139404,1415.300714,1382.013813,1401.451419,995812
3/17/2025,1399.604858,1407.282737,1385.123818,1402.374694,1747569
3/18/2025,1399.604858,1399.604858,1399.604858,1399.604858,0
3/19/2025,1356.890625,1391.538179,1355.189835,1390.420493,5557840
3/20/2025,1370.885742,1381.041843,1360.681,1363.693805,2863413
3/21/2025,1369.622192,1390.857751,1343.187098,1350.96214,4056023
3/24/2025,1417.633179,1426.380101,1373.849925,1376.036656,3072831
3/25/2025,1414.571777,1442.173202,1408.691854,1432.551563,2056315
3/26/2025,1376.474121,1422.832764,1369.865288,1422.832764,2231144
3/27/2025,1383.860352,1389.788798,1366.463671,1367.581357,2541022
3/28/2025,1378.369141,1389.788733,1368.94195,1375.307694,1642693
4/1/2025,1355.918701,1377.105619,1346.442869,1362.576057,1578367
4/2/2025,1383.034302,1385.949943,1357.862578,1357.862578,1617949
4/3/2025,1330.844238,1360.632393,1322.000151,1357.716752,1943422
4/4/2025,1283.805176,1320.979596,1281.764251,1312.038345,1757493
4/7/2025,1251.78186,1257.418814,1175.39209,1209.991006,3044730
4/8/2025,1277.439453,1304.311966,1254.843237,1277.050677,2868814
4/9/2025,1236.960571,1263.395666,1228.796754,1253.725505,3724878
4/11/2025,1246.193481,1275.447054,1238.369798,1239.147349,1803181
4/15/2025,1265.096558,1277.245062,1250.615636,1277.245062,1511866
4/16/2025,1271.899658,1277.633776,1247.408323,1255.669305,1093342
4/17/2025,1270.053223,1272.094148,1240.022098,1258.682152,3027966
4/21/2025,1334.877563,1349.941708,1266.360004,1267.331884,3759267
4/22/2025,1337.793213,1356.744878,1322.923397,1335.363512,2471135
4/23/2025,1399.118774,1408.643248,1368.407382,1379.000901,5944062
4/24/2025,1404.561401,1426.23438,1393.968001,1404.367073,2501415
4/25/2025,1420.889038,1432.454438,1336.33545,1414.474652,8211667
4/28/2025,1420.402954,1438.382738,1396.591889,1427.983667,2079431
4/29/2025,1453.252563,1462.58259,1422.152396,1424.970754,2652788
4/30/2025,1460.735962,1468.316675,1448.101519,1453.252532,1858465
5/2/2025,1452.086304,1476.286146,1447.90729,1462.679822,1582577
5/5/2025,1452.572266,1464.137665,1448.58758,1456.848563,846022
5/6/2025,1454.127319,1462.485585,1444.311352,1454.807707,1545773
5/7/2025,1453.155396,1462.582706,1438.965967,1447.226949,1272555
5/8/2025,1460.541626,1475.800098,1446.157751,1458.69503,2829448
5/9/2025,1451.69751,1459.083895,1436.536201,1438.382798,923174
5/12/2025,1528.864868,1532.169285,1474.731183,1479.201809,1891418
5/13/2025,1528.281738,1555.883162,1521.0898,1555.300057,3724272
5/14/2025,1558.118408,1564.144137,1533.724237,1539.458354,2354571
5/15/2025,1583.290039,1590.384812,1555.202677,1560.83963,2972408
5/16/2025,1571.530518,1589.89908,1556.272044,1589.024364,1159095
5/19/2025,1552.870361,1580.471666,1548.302453,1571.530415,681874
5/20/2025,1531.68335,1573.960143,1529.05932,1566.67104,1869716
5/21/2025,1553.259033,1557.924106,1525.268952,1532.655218,930031
5/22/2025,1521.575806,1544.998098,1514.189539,1544.998098,1789310
5/23/2025,1535.862427,1558.895942,1523.713923,1530.711414,1159290
5/26/2025,1556.369141,1559.284782,1538.486519,1538.486519,711029
5/27/2025,1547.622192,1559.187592,1534.113033,1556.369115,1394001
5/28/2025,1535.862427,1556.952181,1533.724219,1555.785972,820958
5/29/2025,1555.008545,1559.770782,1539.9444,1547.330667,1799251
5/30/2025,1529.642334,1550.148983,1523.908217,1550.148983,2780942
6/2/2025,1505.539673,1524.880114,1498.736511,1520.992593,2120693
6/3/2025,1500.388794,1520.895444,1490.767156,1512.148521,2316285
6/4/2025,1512.926025,1522.547664,1500.583193,1501.360745,1439090
6/5/2025,1518.854492,1526.143594,1503.498737,1516.13318,1529586
6/6/2025,1526.921143,1529.253679,1511.662669,1520.798368,828051
6/9/2025,1534.696167,1546.747507,1526.921125,1530.711481,598108
6/10/2025,1565.601929,1587.566399,1534.598925,1534.696089,3324373
6/11/2025,1591.453857,1602.63048,1559.478975,1572.502193,2660949
6/12/2025,1598.160034,1611.377583,1566.573924,1589.996216,2316173
6/13/2025,1612.349365,1622.068168,1559.479055,1559.867831,2511076
6/16/2025,1646.268066,1658.027794,1604.768706,1611.37754,2160406
6/17/2025,1670.273438,1676.493495,1636.840732,1644.810221,2105126
6/18/2025,1662.595581,1684.074231,1660.360328,1668.815639,1299278
6/19/2025,1636.646362,1646.365165,1614.001505,1636.646362,3056884
6/20/2025,1648.406128,1660.457467,1622.262525,1632.758879,3425550
6/23/2025,1634.508301,1644.421432,1628.579736,1632.758869,732380
6/24/2025,1629.94043,1660.457495,1627.607893,1651.030303,1923989
6/25/2025,1657.055908,1665.802831,1628.677051,1642.283375,1416375
6/26/2025,1642.671997,1655.598052,1623.331674,1647.33707,2528268
6/27/2025,1627.316406,1653.94595,1615.848171,1650.252758,6183785
6/30/2025,1639.562134,1641.991835,1613.321365,1633.342076,1546996
7/1/2025,1624.206299,1649.669634,1622.359821,1642.477696,1689051
7/2/2025,1629.94043,1651.224632,1620.610403,1627.899505,1931642
7/3/2025,1624.886597,1645.393246,1623.04,1637.52104,1713273
7/4/2025,1638.048828,1646.658752,1623.501197,1627.954568,1310544
7/7/2025,1607.073242,1630.824555,1598.760258,1630.824555,1550115
7/8/2025,1618.454102,1626.767085,1602.224013,1606.182566,1318755
7/9/2025,1598.067505,1619.443662,1595.29647,1617.860265,1173847
7/10/2025,1583.519775,1600.640561,1573.623395,1598.067527,1631315
7/11/2025,1585.894897,1590.348268,1561.450887,1563.628042,2559235
7/14/2025,1560.362183,1581.44152,1547.892768,1581.44152,2068336
7/15/2025,1562.638428,1578.373696,1536.907839,1538.491236,2574760
7/16/2025,1591.239014,1594.306867,1560.956114,1563.628088,2207039
7/17/2025,1547.496948,1587.28047,1544.726034,1566.99289,7617296
7/18/2025,1532.850342,1557.690232,1522.063263,1556.700594,3619191
7/21/2025,1527.803223,1537.303723,1515.432747,1534.928568,988104
7/22/2025,1531.167969,1536.710039,1525.23014,1533.939004,1404790
7/23/2025,1530.574097,1536.808864,1518.599501,1534.928528,2887100
7/24/2025,1483.071533,1537.897504,1480.003679,1537.897504,2207437
7/25/2025,1446.751831,1485.743593,1440.616003,1474.659575,1179664
7/28/2025,1435.568848,1450.809297,1430.125839,1446.850745,1070496
7/29/2025,1438.73584,1443.980849,1421.516114,1435.568926,1458817
7/30/2025,1448.03833,1450.908305,1433.589639,1436.261734,1299448
7/31/2025,1448.533081,1458.033702,1432.204054,1434.975089,1382994
8/1/2025,1423.891235,1444.673634,1417.557528,1441.50672,1620011
8/4/2025,1459.716064,1461.69534,1404.395276,1420.130544,1581473
8/5/2025,1470.008301,1472.383456,1446.058989,1454.866791,2929677
8/6/2025,1443.881836,1466.148691,1438.240948,1464.763173,1039973
8/7/2025,1466.643555,1476.539935,1434.975138,1439.923328,1587489
8/8/2025,1465.060181,1480.49851,1458.528594,1458.528594,1371665
8/11/2025,1465.752808,1506.921724,1454.47091,1465.060109,888886
8/12/2025,1493.660767,1501.676811,1465.653961,1467.237358,2532937
8/13/2025,1490.691772,1502.963187,1483.764306,1499.301575,1815196
8/14/2025,1471.2948,1514.047235,1469.612463,1494.254474,1715172
8/18/2025,1455.955444,1484.457068,1452.887591,1484.457068,1249405
8/19/2025,1481.191162,1484.061137,1449.225927,1456.747152,1807647
8/20/2025,1508.307251,1516.125415,1471.987585,1472.581343,2329633
8/21/2025,1505.536377,1515.828516,1493.462721,1512.166903,1251760
8/22/2025,1489.405273,1513.750345,1483.467445,1513.750345,969599
8/25/2025,1511.276245,1523.74566,1489.405268,1500.291287,1386218
8/26/2025,1486.634155,1510.682407,1483.368422,1505.239398,1510822
8/28/2025,1480.102661,1493.561715,1467.237366,1484.457093,1771867
8/29/2025,1466.049805,1489.108298,1463.37771,1483.269531,2279980
9/1/2025,1489.900024,1494.254456,1469.612445,1469.612445,1241192
9/2/2025,1497.124512,1504.150918,1483.071579,1486.436372,1137022
9/3/2025,1492.572021,1500.390186,1481.785064,1497.124453,1431929
9/4/2025,1484.852905,1495.145165,1479.805776,1490.493794,1038934
9/5/2025,1462.58606,1491.780381,1446.94973,1483.467398,1875965
9/8/2025,1445.564209,1472.482436,1443.881873,1467.039427,1308412
9/9/2025,1482.675659,1484.457056,1450.512423,1451.403121,1749566
9/10/2025,1510.187622,1520.084002,1486.23843,1487.425948,1660976
9/11/2025,1505.437378,1515.630698,1490.097988,1510.187689,896908
9/12/2025,1509.692871,1514.146242,1496.827576,1513.156604,770698
9/15/2025,1504.05188,1512.067924,1489.998948,1512.067924,825515
9/16/2025,1515.630615,1518.10471,1494.353398,1507.119752,1011289
9/17/2025,1531.167969,1533.345245,1509.791811,1522.360287,1946337
9/18/2025,1534.631592,1550.6638,1525.82391,1539.876721,2246114
9/19/2025,1537.699585,1541.262258,1525.625929,1534.92855,2621234
9/22/2025,1489.801147,1494.353458,1438.241029,1483.46744,5723501
9/23/2025,1456.648193,1496.035713,1452.98646,1496.035713,1380054
9/24/2025,1437.350342,1454.767947,1424.089168,1454.767947,2122106
9/25/2025,1429.334229,1445.069376,1422.109823,1436.954393,1581629
9/26/2025,1393.113403,1426.563217,1388.956972,1424.97982,1851067
9/29/2025,1396.082275,1410.234147,1377.477154,1400.337767,2708118
9/30/2025,1385.790161,1411.916508,1378.070936,1393.410326,2225340
10/1/2025,1401.327393,1408.848617,1378.961598,1386.482823,1683484
10/3/2025,1386.087036,1409.046711,1382.821303,1408.254953,2568702
10/6/2025,1424.386108,1427.058083,1382.62331,1390.342535,3036770
10/7/2025,1423.990234,1430.818761,1411.817638,1425.078812,1105550
10/8/2025,1443.090088,1457.538899,1417.26056,1417.26056,1154614
10/9/2025,1451.403076,1460.111939,1436.954385,1443.090093,1354036
10/10/2025,1442.100464,1462.388043,1435.074058,1461.695345,937053
10/13/2025,1435.865845,1446.355984,1424.287007,1439.923336,1229414
10/14/2025,1452.788574,1464.466351,1442.793255,1444.87147,1430713
10/15/2025,1443.881836,1463.674596,1425.474593,1454.767854,2810322
10/16/2025,1448.632202,1451.502056,1432.896933,1450.809358,1619438
10/17/2025,1432.599976,1449.819701,1425.17769,1449.819701,1433539
10/20/2025,1444.400024,1455,1439,1440,1800507
10/21/2025,1448.699951,1457.300049,1442,1450,114229
10/23/2025,1463.400024,1487.5,1460.900024,1465,3244860
10/24/2025,1453.699951,1468,1450,1465.400024,969361
10/27/2025,1462.800049,1475.599976,1457,1457.900024,1036807
10/28/2025,1447.400024,1469.599976,1435.300049,1469,1432913
10/29/2025,1452.199951,1461.199951,1442.599976,1453,1311858
10/30/2025,1433.800049,1458.099976,1432.5,1453.199951,1797868
10/31/2025,1424.400024,1437.5,1420.300049,1433.800049,1757591
11/3/2025,1419.800049,1424,1414,1419.099976,2136091
11/4/2025,1409.199951,1425.300049,1405.599976,1419.900024,1191278
11/6/2025,1413.599976,1420.900024,1410,1412,2502412
11/7/2025,1386.699951,1409.800049,1385,1400.099976,1209479
11/10/2025,1397.800049,1404.300049,1383.599976,1386.699951,2883323
11/11/2025,1408,1410.400024,1392.199951,1405,2488036
11/12/2025,1456.099976,1460.199951,1414,1415,2958869
11/13/2025,1451.400024,1463.800049,1442.300049,1463,1178211
11/14/2025,1439.199951,1445.800049,1422.900024,1444.199951,1220596
11/17/2025,1452.800049,1455.900024,1438.300049,1440,999416
11/18/2025,1422,1451.099976,1419.5,1444,1553597
11/19/2025,1433.900024,1443.5,1417.800049,1427.5,5777445
11/20/2025,1456,1464.699951,1430.699951,1445.300049,2818268
11/21/2025,1461.5,1469,1440,1455,2615232
11/24/2025,1494.699951,1513.800049,1461.800049,1470,6808658
11/25/2025,1494.699951,1502,1483.5,1501.199951,1675981
11/26/2025,1520.400024,1522.699951,1496.199951,1498,1592891
11/27/2025,1509.800049,1532,1505,1523,1426194
11/28/2025,1517.300049,1525.300049,1503.699951,1515.800049,1247146
12/1/2025,1529.5,1532,1509.699951,1515.300049,1527101
12/2/2025,1536.699951,1539,1520,1523.099976,1754978
12/3/2025,1541.699951,1550.800049,1530.300049,1537.900024,2142830
12/4/2025,1562.300049,1577.900024,1541.099976,1545.099976,2422663
12/5/2025,1570.800049,1583,1556.599976,1567.099976,2223397
12/8/2025,1591.800049,1595.699951,1572.699951,1581,2833786
12/9/2025,1561.599976,1586,1559,1579.099976,1533609
12/10/2025,1550.800049,1572.900024,1548.199951,1563,735586
12/11/2025,1568.199951,1572,1541,1550,1248064
12/12/2025,1578.400024,1580.5,1558.699951,1575,754479
12/15/2025,1575.400024,1588.699951,1567.699951,1571,784781
12/16/2025,1578.199951,1580.300049,1564.699951,1570,999338
12/17/2025,1579.400024,1586.199951,1570.300049,1578.199951,582251
12/18/2025,1605.599976,1608.800049,1574.599976,1581,1748780
12/19/2025,1612.5,1624,1595,1611,1802793
12/22/2025,1646.699951,1649.800049,1612.800049,1615.900024,1466208
12/23/2025,1633,1646.5,1628.800049,1646.5,1161166
12/24/2025,1631.5,1636.599976,1615.300049,1630,955523
12/26/2025,1612.300049,1633.699951,1608,1630.5,461192
12/29/2025,1612.400024,1629.800049,1610.099976,1614,891096
12/30/2025,1604.599976,1616.199951,1599,1614.900024,1973547
12/31/2025,1590.900024,1614.800049,1588.300049,1614.800049,729913
1/1/2026,1607.699951,1613.5,1587.199951,1591,565878
1/2/2026,1612,1619.099976,1601.900024,1611,637080
1/5/2026,1596.900024,1610.099976,1576.099976,1601.900024,907810
1/6/2026,1601.800049,1625.400024,1596.099976,1603.900024,570335
1/7/2026,1625.199951,1633.900024,1595.800049,1599,1309781
1/8/2026,1577.900024,1632.800049,1574.5,1625,1657201
1/9/2026,1582.199951,1606.400024,1578.099976,1583,1410053
1/12/2026,1586.099976,1594,1562.800049,1572.099976,652320
1/13/2026,1614.800049,1622.900024,1582,1582,2573438
1/14/2026,1588.5,1613,1583.099976,1612.900024,1570385
1/15/2026,1588.5,1588.5,1588.5,1588.5,0
1/16/2026,1670.5,1680.699951,1600,1600,3733401
1/19/2026,1718.300049,1736,1673.5,1690,10621562
1/20/2026,1678.5,1716.699951,1675,1715,1825981
1/21/2026,1686.699951,1694.300049,1660.099976,1678.5,1766163
1/22/2026,1687.400024,1712.599976,1682.699951,1695,3123567
1/23/2026,1701.099976,1709.699951,1689.199951,1699,1831521
1/27/2026,1745.099976,1749,1700,1720,2932973
1/28/2026,1762.900024,1765.699951,1739.900024,1748,2534826
1/29/2026,1768.400024,1776.599976,1736.099976,1751.099976,1893136
1/30/2026,1743.099976,1760,1731,1757.099976,1672787
2/2/2026,1724,1729.599976,1709.199951,1713.699951,1030696
2/3/2026,1716.5,1854,1712.699951,1845,2711705
2/4/2026,1645.300049,1656,1598,1651,4823180
2/5/2026,1646.199951,1659.099976,1630,1630.099976,1720981
2/6/2026,1619.900024,1645.900024,1600,1645,1988639
2/9/2026,1621.699951,1636,1613.599976,1625,933821
2/10/2026,1644.599976,1658.5,1611.099976,1625,1527966
2/11/2026,1634.400024,1658,1625,1655,1521823
2/12/2026,1536.599976,1611,1528,1605,5343729
2/13/2026,1534.400024,1548,1464.400024,1482.599976,7058376
2/16/2026,1512.699951,1541.900024,1494.699951,1526,1873472
2/17/2026,1523.800049,1547.5,1506,1512.699951,1781501
2/18/2026,1504.800049,1528.599976,1481.699951,1524.599976,1989222
2/19/2026,1479.300049,1532.800049,1472.300049,1506.800049,1108260
2/20/2026,1456.900024,1477.300049,1453.099976,1465,1599813
2/23/2026,1440.900024,1470,1430,1459.5,2660793
2/24/2026,1345.400024,1423.199951,1335.300049,1420,7441035
2/25/2026,1361.800049,1397.699951,1351.400024,1355.099976,2683571
2/26/2026,1361.800049,1396.599976,1360.400024,1366.400024,1587449
2/27/2026,1357.800049,1410.400024,1354,1391,2601590
3/2/2026,1345.400024,1362.800049,1322.199951,1335,1564173
