Date,Close,High,Low,Open,Volume
3/2/2016,320.9929504,325.3670859,314.840351,324.4537968,1520145
3/3/2016,328.9240417,331.1832074,319.5990169,320.1277447,1501530
3/4/2016,325.3670044,332.04833,323.011699,328.6836248,893896
3/8/2016,328.347229,330.702535,323.204059,324.9344675,2006420
3/9/2016,326.7129822,328.3472505,324.1654247,328.3472505,914711
3/10/2016,325.9438782,332.1445626,324.7421974,326.5687756,3429651
3/11/2016,332.6252136,333.9710901,323.9731127,326.9052018,1425552
3/14/2016,327.962616,335.9898471,326.9051313,333.6826265,794134
3/15/2016,330.5102844,331.6639098,327.0975226,329.4528288,963552
3/16/2016,326.5207214,330.3180447,324.0212193,329.6450917,804723
3/17/2016,326.3764343,330.606344,324.6460261,330.2218121,1527064
3/18/2016,324.742157,331.1831768,323.0598041,326.9532669,2523802
3/21/2016,328.875946,331.1351114,324.2134195,327.8184613,1071707
3/22/2016,346.9694824,349.291637,330.5208458,330.5208458,1399074
3/23/2016,341.2608643,347.2597614,340.0997721,346.9695032,472224
3/28/2016,316.7813416,345.4213227,314.4591873,345.1310645,1417021
3/29/2016,319.0551453,320.2646037,309.9116274,314.4592031,2005734
3/30/2016,327.2795105,328.5373357,320.6516712,320.6516712,1455310
3/31/2016,328.1018982,329.1178315,323.4091934,327.5213522,895578
4/1/2016,328.4405823,331.8754328,324.5219188,328.0051654,517494
4/4/2016,333.3751221,334.6329766,325.5862213,327.2310966,796436
4/5/2016,334.3910828,336.7132371,330.2305279,332.7462074,829255
4/6/2016,336.8099976,338.6483685,333.9556638,335.552143,1075449
4/7/2016,328.2954407,337.1003055,327.4730324,334.7781508,1433323
4/8/2016,324.9573364,328.0051661,322.9738066,328.0051661,652937
4/11/2016,333.3751221,336.6164767,325.9248756,325.9732421,676453
4/12/2016,339.0354309,342.5186776,334.826509,338.3097557,1549878
4/13/2016,341.4060059,348.614362,337.1003211,341.551135,1722232
4/18/2016,350.0656738,352.6297496,337.7291965,340.6802931,2020524
4/20/2016,361.6764526,366.7078117,351.4686349,353.9359184,2840312
4/21/2016,357.3708191,372.1262134,354.8551394,367.6270335,1769805
4/22/2016,359.5962219,362.4989225,351.8073204,357.0321756,748456
4/25/2016,361.4830017,362.8375895,357.2740798,362.7408269,751650
4/26/2016,359.7897644,361.8216608,354.5165129,360.418677,993569
4/27/2016,359.4511108,364.7727289,355.387318,359.644636,648977
4/28/2016,357.5643005,360.8056552,354.2262128,359.4510676,1902333
4/29/2016,344.3570251,356.3548478,343.4862209,354.1294559,1099913
5/2/2016,355.7259521,356.9838068,344.4054375,346.0986796,966084
5/3/2016,348.4208069,357.0321454,345.8083647,355.1937744,963168
5/4/2016,348.372406,352.2426731,345.6632308,346.3889059,1040577
5/5/2016,347.5499573,352.6780488,341.7445573,347.0661739,1448922
5/6/2016,353.5973511,356.1613976,342.3251726,346.0019447,1508866
5/9/2016,353.6456909,357.5643249,342.7121971,342.7121971,4231513
5/10/2016,359.7897644,360.5638061,349.2916574,350.936533,1693745
5/11/2016,359.9348755,362.0151384,355.0486746,355.5808246,3445883
5/12/2016,361.8700256,366.1757102,358.580304,359.9348918,1198216
5/13/2016,352.8716736,372.3681415,351.8557106,362.9343638,2542678
5/16/2016,353.0167847,357.0321813,351.7105635,354.1294807,2146484
5/17/2016,352.9199829,359.3542961,351.4686327,355.0970082,1457307
5/18/2016,353.4038086,356.7902927,350.3559788,352.2911126,1500718
5/19/2016,352.1459656,356.3548577,351.0332401,353.8875741,1203562
5/20/2016,354.1778259,357.4675768,352.0008006,355.0486597,1829681
5/23/2016,350.8397827,356.8870762,349.2916697,354.5165253,791265
5/24/2016,350.8397827,355.5808549,347.0662775,353.0651749,2006771
5/25/2016,352.7264709,354.5164755,347.0178326,351.3718833,1152110
5/26/2016,350.1624146,355.0486445,347.3564768,351.4686356,1578440
5/27/2016,348.759491,352.097579,347.4532698,352.097579,804692
5/30/2016,351.7589722,353.7425022,342.7606109,349.3884507,2101717
5/31/2016,348.8078308,369.5621504,343.8248677,360.4186324,27065544
6/1/2016,347.5983887,352.4362229,344.8408173,347.356497,1519865
6/2/2016,346.4373169,351.2267849,343.0992288,347.1146255,1144323
6/3/2016,343.8249207,349.9205806,341.7446576,347.743555,1126862
6/6/2016,341.5510559,345.4696894,340.293231,343.3894268,908115
6/7/2016,348.9046021,350.0656645,342.4702886,342.8089134,1181754
6/8/2016,350.3075562,353.6456735,345.9051389,350.0172979,1176799
6/9/2016,352.8232422,354.5648802,349.7754125,351.2267628,394763
6/10/2016,350.2592468,354.7584274,348.904659,352.387906,422023
6/13/2016,352.3878479,355.0970232,346.6308135,348.3240554,603739
6/14/2016,355.1454163,356.8870544,351.8073282,352.8716577,452856
6/15/2016,354.9519043,357.9029714,352.4362246,356.1129668,736622
6/16/2016,359.4511108,360.4670443,352.6781424,354.1294928,850822
6/17/2016,364.1437683,365.7402476,359.9348469,360.2735011,1834207
6/20/2016,364.3856506,366.0304964,359.0640334,362.8375379,1358070
6/21/2016,363.2730103,365.159748,361.0959847,364.6759646,453254
6/22/2016,366.9981384,368.5462515,363.3213958,363.7568127,887946
6/23/2016,375.5610046,377.0607507,365.3047918,366.5142502,1066962
6/24/2016,377.7864685,387.510503,365.7886166,369.6105172,2567589
6/27/2016,378.8023987,382.9629241,375.8513318,379.2861821,963785
6/28/2016,377.254303,383.1564666,375.5126945,382.1888997,451122
6/29/2016,383.6402893,385.0916397,375.1257121,376.3835373,972222
6/30/2016,393.0740356,396.8475405,383.1564754,385.0916091,3607558
7/1/2016,392.6870117,400.3791505,391.0421363,400.3791505,881009
7/4/2016,392.1064758,396.6056559,391.1872755,394.7672847,359798
7/5/2016,388.8651123,393.7997092,385.0916075,385.0916075,608931
7/7/2016,389.7843018,391.5743063,388.1878224,389.8326683,442528
7/8/2016,388.429718,392.7353727,384.8497089,389.0586306,332694
7/11/2016,389.5908203,393.7997424,388.5748868,392.0581337,896345
7/12/2016,392.8804626,395.2026464,385.0915622,391.0420917,602537
7/13/2016,391.671051,394.1867308,387.9943088,392.9772722,996482
7/14/2016,401.4434509,403.2818219,393.1223707,394.7672461,1007303
7/15/2016,404.2010498,420.8915779,401.5886075,412.6672597,2849329
7/18/2016,400.3791809,408.3132415,378.8024503,408.3132415,613955
7/19/2016,399.8470154,401.8789117,396.2186396,400.475928,614051
7/20/2016,398.734314,403.8624066,393.9932422,395.7348508,537315
7/21/2016,395.9283752,400.8629427,393.0740412,398.6375507,316459
7/22/2016,396.4121704,398.7826916,392.5419028,396.7024287,562267
7/25/2016,399.3631897,402.9915651,395.7348143,397.6699478,704244
7/26/2016,400.5726929,405.7491816,397.8635174,401.0564763,675183
7/27/2016,398.347229,402.8947749,393.9931788,400.8628788,529343
7/28/2016,412.7640381,418.4726768,397.2345719,398.3472974,1930303
7/29/2016,407.732605,413.6347678,405.8942341,411.3126136,524658
8/1/2016,408.6034851,412.1834944,402.991609,409.3775563,527565
8/2/2016,409.7161865,415.0861706,407.9745485,409.2324031,737731
8/3/2016,401.2983704,413.1510648,382.4791824,410.9256728,3494599
8/4/2016,394.9607849,398.2988727,385.1883542,396.7023934,1763216
8/5/2016,402.9432373,404.5880833,391.3808013,396.7024191,1055018
8/8/2016,406.0878601,408.5067775,401.5402836,406.3781184,616890
8/9/2016,406.4748535,408.071333,391.8645877,391.8645877,813302
8/10/2016,390.8486633,406.474863,389.3005504,406.474863,915542
8/11/2016,387.365448,392.783829,385.5270766,391.6711034,1784058
8/12/2016,388.9135132,394.5737557,386.6397251,388.187838,1055193
8/16/2016,391.4291687,394.6705236,379.7699996,389.1070141,985377
8/17/2016,391.5259399,396.6056662,388.0910893,391.7194651,902574
8/18/2016,385.2367249,394.5737388,384.2207915,391.8645635,745822
8/19/2016,388.961853,390.2680741,381.3664478,387.0267194,1115131
8/22/2016,389.8811035,393.3159543,386.2043315,389.4456866,618307
8/23/2016,393.5577698,394.2834448,388.574807,389.9293945,1353924
8/24/2016,391.0421448,397.0410712,388.5748611,393.7029537,568052
8/25/2016,382.285675,394.8640443,379.2862119,392.299998,1667694
8/26/2016,392.590271,394.0899879,385.139994,385.4786484,586830
8/29/2016,390.1229858,392.6870322,387.2686517,392.5902696,232134
8/30/2016,394.3802795,397.1862177,389.0586615,390.8486662,866952
8/31/2016,404.9266968,406.6199386,394.7672456,394.7672456,1679311
9/1/2016,400.0888672,410.4418436,397.9118419,405.4104845,771295
9/2/2016,404.7816162,406.4748583,401.5402612,402.3143029,653097
9/6/2016,423.2621155,425.729399,405.4104959,405.555625,1339453
9/7/2016,411.5061646,430.0834597,409.5710309,429.5996762,1104546
9/8/2016,418.8113403,420.7948407,409.6194547,411.6029551,990006
9/9/2016,410.2000427,420.1176045,408.4100379,420.1176045,975257
9/12/2016,397.9602356,406.378079,396.7024105,406.378079,994629
9/14/2016,401.1047974,404.4429146,392.8321132,400.5726474,1555042
9/15/2016,393.2191467,404.3461651,391.2840131,404.3461651,1551475
9/16/2016,394.3802795,397.4764759,390.122991,395.2510839,1324334
9/19/2016,389.7843018,396.2186152,388.4780806,392.8321314,860013
9/20/2016,389.7843018,393.3159148,386.7364722,387.9942972,515849
9/21/2016,393.2676086,396.605697,389.2038155,392.5419334,1052732
9/22/2016,400.9596558,403.4753352,395.2993844,396.5572389,1140943
9/23/2016,395.7348633,405.4105323,394.0899877,400.5726978,834603
9/26/2016,391.6226807,397.5248443,388.4780884,395.2510563,555483
9/27/2016,392.2032471,393.5578348,388.9618921,388.9618921,599703
9/28/2016,396.4121704,397.573233,388.9618935,391.8645942,1071066
9/29/2016,380.3988647,400.524271,378.3669687,399.6050708,1437151
9/30/2016,382.285675,386.2527051,370.7716352,380.3021453,1517886
10/3/2016,393.4126892,395.2994269,382.2856704,385.0916083,1133074
10/4/2016,393.3642578,394.9607666,387.6072533,394.1383289,784343
10/5/2016,392.7353821,395.5897161,387.7040521,393.5094533,734681
10/6/2016,385.914032,395.6380667,382.2856564,393.3159122,903119
10/7/2016,382.4791565,387.9459327,379.576456,386.9299698,1412940
10/10/2016,390.60672,395.3477913,382.1888772,382.4791354,1317724
10/13/2016,375.6094666,390.9453776,372.9970242,390.4132277,4769967
10/14/2016,372.7551575,379.6732551,367.8205603,379.6732551,3113531
10/17/2016,373.5776062,376.3835445,367.9657002,372.7551684,1651931
10/18/2016,377.447876,378.2219177,372.5132786,377.2543508,864701
10/19/2016,375.8029175,380.5923847,373.4323967,378.4153595,1428598
10/20/2016,376.9640198,381.2213077,375.0772528,376.2867112,1130359
10/21/2016,367.0948486,380.1570008,364.9178233,377.4478255,997847
10/24/2016,365.3048096,369.2718391,360.5637385,369.2718391,1511482
10/25/2016,361.1926575,363.3213161,355.5807821,362.8375328,1613924
10/26/2016,363.3696899,368.1107908,355.4356601,360.0316023,1874976
10/27/2016,357.225647,363.5148307,349.3883506,360.9023887,1476366
10/28/2016,361.4345703,364.4824294,356.5967363,358.4351368,1479061
11/1/2016,360.6122131,368.7397696,358.5319206,367.1916566,2554087
11/2/2016,365.353241,371.835921,357.1772894,359.4510774,2464297
11/3/2016,364.9662476,371.0619072,361.6764965,365.2081393,1629999
11/4/2016,357.0805664,365.7403023,348.372464,364.9662606,5181261
11/7/2016,358.4835205,371.0618896,356.0646034,360.5154168,1702175
11/8/2016,359.1124268,362.4505442,352.9683714,359.9348645,725837
11/9/2016,337.4872742,344.6956583,305.2673129,323.2156645,6105180
11/10/2016,338.0195313,348.1305885,336.2295264,343.8732997,3548040
11/11/2016,324.0865173,332.0689436,313.3465198,330.9078516,2165568
11/15/2016,318.7165527,322.8287123,291.8665694,321.2322328,4023810
11/16/2016,309.9116516,327.1343593,302.9935545,322.6835459,1715484
11/17/2016,305.6543579,311.5565215,298.300844,309.5730213,1965715
11/18/2016,293.4630127,309.1376074,289.3024871,308.9440822,5298478
11/21/2016,294.2370911,296.3657205,286.5449226,294.1403285,3322407
11/22/2016,296.9462585,301.5905971,290.8989658,296.0754543,1945517
11/23/2016,302.3646851,303.8160355,296.3173914,298.9782006,1250719
11/24/2016,297.5751343,304.49326,296.0754177,300.9132513,2751768
11/25/2016,305.8962708,308.8473675,296.3657308,300.8165445,1285140
11/28/2016,296.607605,307.6862572,293.8984296,306.6703238,1676934
11/29/2016,303.6708984,305.9930533,295.3498166,296.0754918,1450559
11/30/2016,313.0078735,317.8940743,301.3487049,304.2514054,3265106
12/1/2016,314.3624878,322.5868066,306.9606067,312.5241165,2650987
12/2/2016,303.0419617,317.555465,297.1881643,309.6214047,2033226
12/5/2016,315.2817078,317.8457544,298.0106312,304.5900749,2844583
12/6/2016,313.0078735,316.6362492,310.637323,315.2332655,1159353
12/7/2016,313.6851807,317.2651602,311.2178675,314.3140932,903190
12/8/2016,316.0073242,324.6186629,313.8302989,314.9913614,1684964
12/9/2016,315.9589844,319.9744109,312.2338751,315.6203596,648772
12/12/2016,311.2662354,320.1194652,306.912185,314.749452,819985
12/13/2016,309.6697693,317.2651752,308.0732898,311.5565365,894222
12/14/2016,311.7016602,314.6527568,307.9765218,308.5570678,1104507
12/15/2016,305.1222229,313.2981454,303.9127643,310.2987116,1010984
12/16/2016,311.2662354,312.3305352,304.9770515,305.7510931,1225800
12/19/2016,306.5735779,311.0727581,305.8479027,310.2987163,563223
12/20/2016,307.6378784,311.9919291,305.8478739,307.6862449,572858
12/21/2016,309.3312073,317.2652396,302.848496,309.3312073,1494083
12/22/2016,299.7521973,312.4273289,298.3976096,308.3635658,2326292
12/23/2016,304.1062927,305.2673849,298.494416,300.8165709,966581
12/26/2016,297.8654785,304.20303,297.1398033,302.8484422,672698
12/27/2016,306.0897827,306.7186953,298.1073561,300.9132941,722421
12/28/2016,304.0579529,307.6379629,302.6549688,302.6549688,949474
12/29/2016,310.5405579,312.9110787,302.219478,304.7351574,1462224
12/30/2016,316.2008667,317.3619588,311.2662989,312.1371032,498203
1/2/2017,323.1189575,325.392716,314.9430059,318.2811233,656084
1/3/2017,336.8583679,343.0991855,328.1502669,329.9402714,2773103
1/4/2017,347.9854431,350.2108648,337.8743863,339.0354489,2371009
1/5/2017,346.4373169,349.7754345,343.9216666,348.8078676,1187872
1/6/2017,343.6797485,351.226758,341.1640689,347.3564907,1089982
1/9/2017,343.0992126,345.7600215,340.1965121,344.4054338,388058
1/10/2017,349.7270813,351.6622152,342.5186958,343.7281545,680201
1/11/2017,349.0497742,353.5973506,347.4532946,351.7105833,1059399
1/12/2017,351.9040527,353.9359194,347.8402604,349.2432441,1138752
1/13/2017,346.7276001,354.5648978,343.4862451,351.5654345,701469
1/16/2017,351.081665,352.7749072,345.4697592,346.7759804,577654
1/17/2017,348.2756958,352.6781131,346.6791869,351.0816337,1393756
1/18/2017,355.0970154,358.6286283,347.4048475,348.614306,865079
1/19/2017,360.6122131,362.7408427,353.2586984,353.2586984,1091633
1/20/2017,349.0014038,358.9673314,346.630853,358.9673314,829787
1/23/2017,352.1459656,353.1135324,345.3246016,345.3246016,768682
1/24/2017,352.53302,357.9030047,350.0657066,357.5159838,883274
1/25/2017,360.0800171,366.1757063,350.0173272,354.1294865,2920137
1/27/2017,360.7088928,363.4664641,354.6616003,359.9348512,386491
1/30/2017,359.402771,361.870055,356.1614157,357.999787,361868
1/31/2017,350.3075562,358.8705284,347.6951434,358.8705284,788682
2/1/2017,357.9513855,360.1767776,347.3565162,351.9524589,931350
2/2/2017,376.6737976,381.6083949,357.0322006,358.9189679,1863055
2/3/2017,367.4335327,376.3835266,365.2565072,376.3835266,719064
2/6/2017,378.3669739,384.124008,370.7232023,372.5132067,1765785
2/7/2017,380.689209,384.1240597,374.1097363,381.1729924,2246432
2/8/2017,411.7964172,417.5534217,393.1707572,396.7023699,12272324
2/9/2017,413.151062,415.5699792,405.0718726,408.7002484,1899826
2/10/2017,417.9888611,421.2785823,410.0064349,413.151027,1554723
2/13/2017,414.4572754,417.9888886,408.8937659,417.9888886,725350
2/14/2017,414.4572754,417.8437594,406.9586321,415.7634966,860400
2/15/2017,399.072998,417.4083739,397.1862307,416.0054196,1647015
2/16/2017,410.2483215,412.1834551,395.2994027,395.2994027,1360235
2/17/2017,417.505127,419.7305191,407.7326951,410.248375,1184805
2/20/2017,420.359436,424.1813074,412.6189011,417.8921228,1216989
2/21/2017,442.4683228,443.6294148,416.1505213,419.8756597,2381361
2/22/2017,425.7293701,443.1455716,424.27802,442.37153,2543124
2/23/2017,418.9080811,427.2775284,417.0213139,426.1164364,3737985
2/27/2017,421.2302246,424.3264207,411.9415772,418.9564367,891399
2/28/2017,423.0202637,425.6326766,418.6178165,420.8432381,995271
3/1/2017,423.9394226,428.245107,421.5205054,423.8910561,602504
3/2/2017,416.4891663,431.5348191,414.1186156,426.6969848,1145833
3/3/2017,425.5842896,426.6969855,414.892658,416.489167,853988
3/6/2017,423.8426819,429.5997169,422.0527067,426.4067579,767048
3/7/2017,425.2939758,430.4220976,420.5045379,425.7293927,1118365
3/8/2017,426.6486206,429.3094295,421.1334777,424.7618534,727813
3/9/2017,427.9064941,432.9862208,423.842701,427.6646024,998661
3/10/2017,430.8574829,432.74425,425.9712824,426.9388492,798924
3/14/2017,447.2094727,448.6608231,432.8894635,435.4535102,1865638
3/15/2017,447.06427,451.8537379,445.5645532,449.9186042,1372111
3/16/2017,450.692627,455.3369656,447.5964307,447.9834516,885731
3/17/2017,448.4672546,452.6277805,444.1132036,450.8378053,1047995
3/20/2017,450.4507446,454.756429,446.8223689,450.837795,464420
3/21/2017,448.6607361,451.7569321,444.6937063,451.7569321,907074
3/22/2017,431.2929382,445.0807663,427.5677998,445.0807663,2027879
3/23/2017,437.3402405,439.2753743,431.6799682,435.0180858,1420121
3/24/2017,433.4215393,442.9036817,432.4539726,438.4045022,854519
3/27/2017,433.4215393,436.3726061,426.4550469,431.5347723,505757
3/28/2017,438.9367371,441.2105253,433.3248606,435.4051236,1419986
3/29/2017,440.2429199,441.7426367,436.4694151,440.2429199,502071
3/30/2017,442.4683228,447.0158989,438.888343,440.2429307,1328990
3/31/2017,447.7415771,451.6602112,437.8723831,442.4683258,942301
4/3/2017,444.4518738,446.290245,441.0169935,444.5970029,563933
4/5/2017,475.8009949,479.4777371,455.7239829,462.4969508,4809506
4/6/2017,471.5920715,474.9785555,467.3831499,474.1077512,1996260
4/7/2017,469.6569214,476.3815225,467.9153129,473.1401678,1100640
4/10/2017,469.995575,474.1077339,467.3831328,469.0280081,1439403
4/11/2017,470.9631348,473.3336852,466.6574507,471.2050265,1020639
4/12/2017,464.2385864,475.2204766,458.2396894,469.2699461,2040706
4/13/2017,468.4474792,470.1891173,459.6426151,462.4969491,410747
4/17/2017,465.641571,479.3810328,460.9004991,468.6894009,1888968
4/18/2017,455.917511,468.9312674,452.8696518,461.9164077,921112
4/19/2017,456.9334717,459.4975181,453.8372458,457.9494051,737073
4/20/2017,463.9483337,466.6091427,453.2083351,459.0137366,1055041
4/21/2017,463.851532,470.4793707,461.0939606,465.3996448,685339
4/24/2017,466.7059021,469.5118402,459.8361712,460.5618464,831740
4/25/2017,467.9636841,469.5601634,461.6744998,467.818555,1815460
4/26/2017,464.2385864,474.1077806,459.5942771,468.4959044,1227056
4/27/2017,462.7872314,467.8669576,461.6745354,463.7547983,986347
4/28/2017,454.9983215,466.1253406,453.0148213,463.0775108,681325
5/2/2017,469.3666992,470.8180495,455.2402169,456.1594172,1181816
5/3/2017,467.7217712,474.5915012,465.0125961,469.269884,1510792
5/4/2017,476.6717834,480.348555,464.9158526,467.3347696,1070973
5/5/2017,475.2688293,488.4277144,473.4788248,480.3969216,1348432
5/8/2017,468.8345032,479.4293719,467.2864198,474.2045169,635599
5/9/2017,451.9988708,469.2699459,449.2412993,466.2704826,1883022
5/10/2017,466.7542725,468.3023854,450.2572684,453.3050983,1731571
5/11/2017,484.8961182,486.6861227,462.5937142,466.5123481,1951787
5/12/2017,478.9455566,489.7339203,475.2688147,488.3309662,1383268
5/15/2017,467.9636841,474.1077393,457.0785574,473.769085,3897357
5/16/2017,472.4629211,475.0753637,465.2061692,470.237529,1308863
5/17/2017,466.1253052,474.2044938,461.8196211,474.1077313,859054
5/18/2017,456.3529053,466.9477742,454.8047924,463.4645276,811219
5/19/2017,455.8691406,463.9483302,445.4194299,459.5942791,1022479
5/22/2017,465.7866516,468.0604395,456.8850548,458.6266632,1725108
5/23/2017,462.8356323,469.8504923,457.610777,463.1258906,1651642
5/24/2017,453.9823303,463.4161061,445.177467,458.8685306,1477366
5/25/2017,448.8542175,456.5463851,446.0482798,455.8207101,974154
5/26/2017,458.094574,462.4486252,447.8867252,449.7250964,1594613
5/29/2017,455.3852844,478.123103,453.7888052,456.4979803,2314193
5/30/2017,454.5628967,455.7239888,447.451304,454.7564219,1496350
5/31/2017,459.4974976,464.4320945,452.3858752,454.1758798,1366115
6/1/2017,455.4336853,460.9971942,450.2088012,460.5134108,715073
6/2/2017,456.449646,459.2072173,451.8537036,457.3688463,596655
6/5/2017,533.9517822,550.7391038,488.6212956,494.4266971,27100101
6/6/2017,510.0528564,529.3557666,504.4893474,529.2590336,9844354
6/7/2017,518.8093872,529.259098,510.8753268,510.8753268,4874204
6/8/2017,511.9395752,518.809335,507.1017411,517.648243,1883423
6/9/2017,508.4079895,512.7620401,505.0215057,512.7620401,1164090
6/12/2017,499.0709534,524.3244828,496.6520363,524.3244828,4546833
6/13/2017,503.6668091,507.7789674,494.8135801,499.3611257,2382953
6/14/2017,504.9730835,507.101683,497.329283,503.6184665,1167358
6/15/2017,500.8610229,507.0050491,499.4580392,503.1347815,855133
6/16/2017,499.6515198,503.9087783,495.2006771,499.2644694,667200
6/19/2017,498.4904785,501.199654,494.6202109,498.538845,782349
6/20/2017,509.6174316,513.6327983,495.4425548,497.3293218,2299154
6/21/2017,506.1342468,512.6653237,501.8286212,509.327265,1357751
6/22/2017,503.0380859,511.6493964,499.6999681,506.0375199,1005512
6/23/2017,496.6520386,504.1023149,491.1852919,503.9571563,1392507
6/27/2017,499.2644958,503.3282884,490.0726108,493.5558573,1386743
6/28/2017,490.8466492,499.845009,484.363969,499.6515429,1545428
6/29/2017,493.072052,501.7801238,491.233681,493.4590728,1911111
6/30/2017,507.4404602,508.5531267,486.9280306,492.4431736,1156474
7/3/2017,515.1326904,519.583475,510.3915885,518.6642745,1304851
7/4/2017,518.1803589,521.518476,508.9401083,516.1968589,1624088
7/5/2017,514.5519409,522.4859994,513.0038579,521.7603244,894627
7/6/2017,516.6322632,519.0995465,510.9719624,514.7454963,1428440
7/7/2017,515.2293701,521.4218218,511.842886,516.6323539,1724825
7/10/2017,519.3414917,520.5509502,506.2309731,515.7131161,509531
7/11/2017,511.5526428,520.4542703,509.2304586,519.5834365,960330
7/12/2017,513.5845947,517.5032296,511.1173105,514.745687,855127
7/13/2017,516.8258667,519.5834087,507.9726062,508.3596566,1059461
7/14/2017,516.3421021,524.324529,514.8423261,520.5509945,1131348
7/17/2017,516.4388428,521.2766774,514.0199255,518.1320849,1312136
7/18/2017,510.6333618,519.3898293,509.6174285,512.810387,1387108
7/19/2017,515.7614746,517.7934003,510.3914906,511.6493157,841355
7/20/2017,512.6169434,518.2772453,511.2623851,513.7780355,590904
7/21/2017,525.5822754,527.8076671,513.1006406,514.4552577,1146931
7/24/2017,523.2003784,531.7559052,520.7211692,530.151718,1120371
7/25/2017,521.2558594,527.6238895,519.7002715,524.9988832,722277
7/26/2017,522.9573364,525.9711957,518.387889,520.3323297,817433
7/27/2017,512.7976685,524.7073685,509.8324081,522.9573836,1803847
7/28/2017,518.3393555,520.1379396,511.2420987,512.360176,678345
7/31/2017,529.1309814,531.4156758,514.1587627,518.9712658,1113439
8/1/2017,524.3669434,534.623914,523.1516681,531.3183416,1346764
8/2/2017,537.4434204,540.1170265,523.5406807,526.8462537,1469268
8/3/2017,542.5476074,549.6934633,531.46433,540.3601114,4333554
8/4/2017,594.2211304,599.2280299,549.1100793,549.3531344,14943128
8/7/2017,597.7695313,601.2209602,585.3737244,591.109847,2467527
8/8/2017,592.4710083,598.6931819,587.2209955,590.3807112,1891037
8/9/2017,601.9501953,609.9710124,589.1654752,594.0265765,4440491
8/10/2017,593.3946533,601.6585261,584.8877255,599.7627439,1378763
8/11/2017,590.1377563,600.3460701,585.1794563,587.2210953,1482422
8/14/2017,612.8876953,618.9640721,594.0265979,594.0265979,2945005
8/16/2017,610.2627563,620.5682688,601.6585702,615.9016228,2075867
8/17/2017,604.2349243,614.0057266,601.9988295,612.1098851,938044
8/18/2017,606.1793213,612.8876647,599.4709779,604.2348808,1401428
8/21/2017,598.4015503,612.4987436,595.9709997,606.3251689,1009586
8/22/2017,598.0126343,609.8251337,593.1515332,599.9570747,1367266
8/23/2017,590.6238403,602.9710502,585.4710845,602.7279951,2030608
8/24/2017,589.9431763,597.1862283,586.7348616,592.1306716,1115671
8/28/2017,595.2418823,597.7696314,583.3807827,586.9294106,1284579
8/29/2017,583.7697144,596.7488321,582.0197296,593.0544067,1078030
8/30/2017,594.6099243,597.7696404,587.2210736,591.5474659,977962
8/31/2017,599.9571533,603.7488364,591.0613727,593.0544126,1816689
9/1/2017,596.4571533,602.7279861,593.2488382,601.7071667,517606
9/4/2017,595.2418823,602.7765897,589.6516156,593.0543866,539333
9/5/2017,621.1028442,624.1653616,592.7626613,595.9709761,3636744
9/6/2017,622.9987793,632.9154386,617.4085124,619.2071556,3288264
9/7/2017,619.3043213,627.2765395,611.7696141,624.0682244,1507721
9/8/2017,615.8042603,628.0542103,613.4709082,627.0819901,1688468
9/11/2017,615.3668823,620.8598917,614.3460628,619.3043629,738301
9/12/2017,620.1795044,622.9503092,614.6864346,617.2628428,1102076
9/13/2017,612.7904663,630.2904324,610.2627172,620.2765748,1346590
9/14/2017,615.9502563,619.2558296,610.8946981,612.9849958,703116
9/15/2017,614.5890503,615.6098697,605.352958,612.4015547,1067596
9/18/2017,628.1514893,632.4292822,610.5057271,617.4570663,1409213
9/19/2017,623.7279663,636.0265777,622.2210366,635.8807209,1232251
9/20/2017,613.2765503,627.9571124,610.8945987,622.2209889,1305505
9/21/2017,601.3668213,620.4709729,598.7904732,614.0542836,1388073
9/22/2017,585.5682983,600.3946585,583.3322034,600.3946585,982598
9/25/2017,585.4224854,594.4641224,568.5544273,586.929415,1003871
9/26/2017,575.7974854,590.0405368,571.7141481,590.0405368,824136
9/27/2017,573.6100464,586.2489118,569.7697639,585.5683457,1073002
9/28/2017,559.6586914,574.5822507,555.1378429,574.5822507,1802129
9/29/2017,568.3114624,570.8392712,547.9920902,565.6864553,3138820
10/3/2017,583.3807983,585.0821839,571.6655552,571.6655552,1797702
10/4/2017,584.2071533,591.5960032,582.0196578,586.686303,1262109
10/5/2017,579.2003174,586.9780808,577.7905859,586.1517171,656926
10/6/2017,580.0266724,588.1447484,578.3739451,583.2836463,911164
10/9/2017,599.0336304,612.8877712,595.5336013,602.7766552,2467158
10/10/2017,598.7418213,604.0404336,596.6515833,602.533504,784162
10/11/2017,593.6376953,606.3738169,590.7210344,602.144623,1166347
10/12/2017,606.1307983,609.0960586,590.964125,597.9155244,2285154
10/13/2017,607.7835693,615.9015854,603.7488312,607.6377125,1652696
10/16/2017,610.0195923,613.4709622,604.7695793,604.7695793,730725
10/17/2017,608.3668213,614.3945987,606.6654359,613.3737793,707951
10/18/2017,595.8739014,609.2905309,594.0266589,608.4155088,789926
10/19/2017,590.0890503,597.8182126,584.3043284,596.9431907,162721
10/23/2017,587.2696533,591.0613362,578.3738733,584.7905035,930435
10/24/2017,589.2141113,594.4641248,583.4293886,587.2210715,538189
10/25/2017,574.3391724,596.2141303,572.9780401,593.0544141,1096069
10/26/2017,568.4086304,581.9224571,565.9294211,570.6933244,1708870
10/27/2017,573.6586304,575.6516703,567.387797,569.818348,1201819
10/30/2017,601.1238403,604.7210676,572.8322514,572.8322514,1375701
10/31/2017,617.6029053,621.7348413,604.0404211,606.6654276,1884635
11/1/2017,619.7418213,625.2834887,616.8737596,622.2209711,966894
11/2/2017,636.9501343,643.4153635,617.4084712,617.4084712,1680690
11/3/2017,641.4223633,649.443181,633.8876557,645.5542997,2416963
11/6/2017,761.9291382,801.7415754,705.5403551,705.5403551,21820434
11/7/2017,732.8596802,758.137409,727.7069242,756.3874243,5830428
11/8/2017,722.6513672,740.2971901,718.4222324,736.505507,2994196
11/9/2017,756.2902222,758.0402069,719.6375037,719.6375037,5216016
11/10/2017,760.3248901,769.9012959,745.3040743,747.7832836,3225337
11/13/2017,743.8457031,768.5887208,741.1234982,758.3318089,1082635
11/14/2017,752.7902832,761.6861241,736.6028483,743.7486449,1514814
11/15/2017,749.6304932,756.8735467,724.3041648,724.3041648,1512882
11/16/2017,746.9569092,756.0472054,744.6236159,749.776372,794968
11/17/2017,764.4567261,775.8317142,752.9845397,756.7762222,2404092
11/20/2017,762.1722412,771.3597364,756.3875176,769.1235819,1244897
11/21/2017,792.7971191,796.6860007,766.352713,767.0818783,4969028
11/22/2017,790.5610352,804.0262638,787.644374,797.2207211,4216518
11/23/2017,783.5124512,797.7068454,772.3805156,792.3596332,1689989
11/24/2017,806.2623291,808.69288,774.6165684,784.5332279,2744733
11/27/2017,809.4706421,815.5956778,802.3734454,815.5956778,3544024
11/28/2017,795.3734131,809.8595195,792.3595539,808.8872992,1748906
11/29/2017,795.3734131,805.4359289,790.4151132,797.2206554,1660305
11/30/2017,796.1512451,800.0401264,785.6512182,789.4429012,2808579
12/1/2017,782.8803711,802.7622874,776.3178843,798.1928403,1562677
12/4/2017,782.1998901,791.2415277,775.8318586,782.783258,1291369
12/5/2017,770.5819092,787.4985688,764.7485864,786.2832933,1136767
12/6/2017,752.1096191,773.2554112,748.6096497,768.9776774,1742133
12/7/2017,778.3596191,784.5818534,752.1096687,753.4708009,2085106
12/8/2017,788.4220581,798.5331135,773.1581876,773.1581876,2844071
12/11/2017,797.803894,802.0330876,788.4706036,790.4150441,1788914
12/12/2017,799.5540161,808.4983956,791.5817976,797.4637187,2325014
12/13/2017,796.1998291,820.7969909,789.2970293,798.678979,3127944
12/14/2017,793.5747681,804.9983558,782.7344887,797.220594,3020320
12/15/2017,809.7136841,812.7762019,795.762346,803.2970536,2015120
12/18/2017,816.762207,822.8385836,779.7206393,806.9428063,1698653
12/19/2017,844.227478,846.8038856,819.6789153,821.5261576,3308280
12/20/2017,838.977478,847.7760594,837.3732909,845.199652,1105619
12/21/2017,834.6025391,842.3803016,831.199768,838.9289313,897152
12/22/2017,833.046936,844.4705245,830.1789336,835.1372334,1381784
12/26/2017,831.053894,839.9011343,828.8663984,833.1927906,1467917
12/27/2017,825.4637451,836.3040267,818.6096029,832.6096009,735296
12/28/2017,828.039917,832.5607051,817.2482377,826.2412741,980277
12/29/2017,834.3108521,839.7552619,827.7483652,830.7622243,1245513
1/1/2018,828.769165,838.1024557,827.408033,833.8733214,472607
1/2/2018,821.6719971,834.602515,817.2483473,830.3733211,1181949
1/3/2018,832.5122681,845.2483902,829.3039528,839.9011783,2606556
1/4/2018,868.0956421,872.5192332,829.4012217,840.3873599,3028931
1/5/2018,884.428833,888.5607693,868.678852,870.1371825,4036882
1/8/2018,900.37323,904.164913,881.5607902,885.6927266,2112170
1/9/2018,907.03302,912.4288313,891.7691481,899.3038561,2419079
1/10/2018,892.109375,909.4149448,886.5677664,906.595482,1605433
1/11/2018,881.706604,892.2065713,878.2065754,891.4288069,1597329
1/12/2018,878.692749,891.9149815,867.6580717,880.8316457,1874518
1/15/2018,892.741333,896.289961,872.7622168,883.7482948,2195562
1/16/2018,864.692749,901.7343183,858.0816036,901.2482082,2383484
1/17/2018,868.289978,870.6719298,838.5400588,867.9983238,2553841
1/18/2018,861.241394,878.4983057,850.6928267,872.8108402,1285534
1/19/2018,866.6858521,872.6163725,854.678895,854.678895,1483177
1/22/2018,884.477417,886.6649127,862.4566035,865.2760661,1495629
1/23/2018,880.539917,889.2898995,873.3454632,885.4010184,1747166
1/24/2018,862.262207,883.991307,856.5260835,880.5399368,1109233
1/25/2018,859.539917,880.1509986,852.3941217,857.4982782,3104669
1/29/2018,871.303894,876.4566501,856.0400226,862.7483668,1151570
1/30/2018,859.588562,886.2759605,853.9496371,874.2690641,2101888
1/31/2018,845.3942261,860.3664438,835.5262247,858.4706022,1431670
2/1/2018,807.9150391,854.67881,790.1720193,853.1232813,6097492
2/2/2018,799.3596191,826.1442791,762.366645,787.4985185,8088986
2/5/2018,780.0123291,794.0609242,773.1095888,787.4984372,3079541
2/6/2018,760.9082031,766.4984696,731.7901947,743.748492,3188895
2/7/2018,761.8804932,778.7484923,758.3318652,763.1929669,2686877
2/8/2018,778.5054932,786.4291132,759.1096841,763.29022,2219546
2/9/2018,774.6651001,781.6650979,761.2970714,768.1512124,1564899
2/12/2018,786.5747681,790.2205939,774.4220151,780.6928475,2067452
2/14/2018,791.0957642,802.9568651,786.6235146,791.3874184,2154852
2/15/2018,792.2136841,800.4289574,777.7762364,799.845649,2225089
2/16/2018,780.8873901,803.9290241,776.4637995,797.22068,1698333
2/19/2018,781.6165771,786.5262781,768.0540911,782.6373967,1699508
2/20/2018,809.1304321,814.6235012,775.4916298,781.6166065,3881439
2/21/2018,800.0401611,818.1234362,796.0054229,814.6720657,2067029
2/22/2018,794.7901001,812.7761758,791.4359282,802.0817524,3244314
2/23/2018,791.5817871,800.7206224,787.741505,799.3595496,2446637
2/26/2018,796.9289551,800.4775234,782.6373055,797.1720101,2438241
2/27/2018,799.7484131,812.4845349,796.4914987,802.0817656,2089446
2/28/2018,793.4777222,802.9568713,787.8874547,797.0262911,1583674
3/1/2018,787.6929321,799.4567745,785.5540355,791.3873576,975986
3/5/2018,786.4290771,792.2137408,778.7485125,787.4984958,1262568
3/6/2018,785.2137451,800.3317588,776.852615,789.9289898,1358775
3/7/2018,792.2136841,797.3178406,777.9706924,783.6095582,1826249
3/8/2018,794.9845581,799.4567478,785.6026084,797.2206529,1109489
3/9/2018,796.3457031,804.6095765,792.8457334,797.2207252,1061685
3/12/2018,806.0678101,808.4983608,799.5539817,801.1095104,1033715
3/13/2018,828.2830811,836.1094425,806.942834,812.7761557,2754435
3/14/2018,840.97052,843.741324,826.3386171,827.3594365,1889040
3/15/2018,848.262207,851.421923,836.1094533,840.8733565,2486538
3/16/2018,854.8247681,858.8595064,838.1511648,854.581713,2538310
3/19/2018,844.8594971,867.0747087,839.9983952,855.2622668,2536517
3/20/2018,847.53302,855.5538372,836.2066301,842.9149737,1985478
3/21/2018,848.0192261,860.1233817,845.4428183,850.6928321,1859947
3/22/2018,862.894165,867.2205575,848.0192055,848.7483707,3186401
3/23/2018,870.1858521,874.9983549,848.6025474,849.8178229,4132765
3/26/2018,912.963501,923.4148697,871.5469381,871.5469381,5918775
3/27/2018,916.220459,923.1231996,906.4495972,922.1023801,2756923
3/28/2018,916.12323,937.2204236,892.4982872,912.1371503,11431588
4/2/2018,917.8731689,922.150962,900.5676593,916.9009486,2764385
4/3/2018,906.060791,925.2621434,898.8663365,918.6510567,2454365
4/4/2018,879.227417,913.5954407,876.942723,913.5954407,2930774
4/5/2018,894.491333,898.3316153,877.5747343,889.581632,4148653
4/6/2018,914.1787109,919.7203784,882.8246071,896.3870918,2819200
4/9/2018,933.963501,944.8037223,920.7412686,923.6093305,5116819
4/10/2018,935.5189819,941.9842707,926.6231425,938.046731,2434826
4/11/2018,952.727356,954.1370874,931.4843054,940.1370904,3452488
4/12/2018,948.9356689,965.4148159,944.3662214,954.963447,4379096
4/13/2018,959.7272949,967.1647446,953.2620062,958.657817,3311755
4/16/2018,953.2620239,964.3453593,946.2620258,958.6092357,2247785
4/17/2018,969.8869629,971.2480951,947.0397855,957.6370107,2983704
4/18/2018,949.9564209,971.928635,948.0119803,971.928635,2621345
4/19/2018,926.2828979,955.6925623,922.8315277,951.3175709,3347181
4/20/2018,929.977356,938.5815416,920.7412627,923.6093246,2201052
4/23/2018,936.199646,946.1649051,922.2482477,933.3315839,2295872
4/24/2018,935.2272949,944.3175307,927.741187,939.1647751,1473491
4/25/2018,934.1578979,941.1092972,928.5676309,935.03292,1385599
4/26/2018,942.567688,945.4357501,928.470492,936.7343655,1859223
4/27/2018,943.0537109,950.8314735,936.8314772,944.9981516,1049687
4/30/2018,954.5259399,957.5398587,941.1093108,943.5398617,1083840
5/2/2018,937.7064819,958.0745091,933.7204024,954.6717381,1027474
5/3/2018,932.699646,950.5885256,924.5816291,937.9982592,1585290
5/4/2018,931.4842529,939.1648171,925.8939862,934.3037156,958663
5/7/2018,942.0328979,953.6509427,930.7065074,935.2759548,1987395
5/8/2018,941.2064819,951.7551082,936.248182,951.7551082,1979745
5/9/2018,958.3175659,967.9425113,944.0259156,947.8175985,4201827
5/10/2018,946.067627,966.2411998,938.727375,963.8593074,3434978
5/11/2018,929.4912109,964.296686,925.5537306,962.4981022,5712581
5/14/2018,894.442627,935.2758773,891.5745654,933.3314368,3754208
5/15/2018,905.137085,918.2134597,883.9912938,899.3037633,3154028
5/16/2018,905.282959,913.4009748,890.4079409,902.2204413,1923381
5/17/2018,910.484436,922.6371915,901.9289081,909.852469,2895005
5/18/2018,913.8384399,919.5745038,904.4564908,910.9703783,2574768
5/21/2018,889.824646,918.2620903,887.3940952,914.4704073,1233987
5/22/2018,888.803833,904.9912658,878.935773,889.5815974,2086584
5/23/2018,894.539856,897.3593185,882.8732126,888.8037919,1938630
5/24/2018,895.706543,901.0537546,888.5607476,897.3593293,1209456
5/25/2018,898.7205811,912.5260636,889.6788837,897.6997021,1700500
5/28/2018,903.095459,909.6092875,892.0121238,902.220437,1139544
5/29/2018,889.095459,904.6509837,886.6649082,903.1926532,999806
5/30/2018,888.2203979,893.470411,872.2760214,880.8315478,1911011
5/31/2018,875.09552,898.3316103,865.4219749,893.1788543,4903734
6/1/2018,874.9981689,887.0050645,873.0537286,882.2898204,1392273
6/4/2018,860.755249,882.7274642,857.1094228,880.8316227,1529852
6/5/2018,839.9497681,861.8247255,834.3595012,860.4149942,2948255
6/6/2018,874.463623,878.8872139,829.5956293,836.2067159,2854320
6/7/2018,862.505249,881.5121437,859.6371873,877.0398948,2875636
6/8/2018,871.109314,873.0537544,855.9427023,862.5051888,1672490
6/11/2018,878.255188,888.609358,871.1093925,872.0816128,2032601
6/12/2018,879.567749,885.6927253,876.0677202,878.3524736,1426736
6/13/2018,892.644104,901.0537741,879.8593832,881.5121696,2933810
6/14/2018,880.102478,895.755202,878.1580373,892.6441444,2004165
6/15/2018,878.352478,891.4288535,873.5399755,885.4982738,2364375
6/18/2018,872.762207,880.1024587,866.928885,878.8871833,1309586
6/19/2018,864.303833,871.546886,861.3871722,871.109375,1833168
6/20/2018,863.671814,872.0815427,856.0399089,867.2204415,1850681
6/21/2018,844.276123,869.9427031,841.9427706,869.1649387,1274479
6/22/2018,853.171936,857.2552733,835.1372608,846.5122505,2183928
6/25/2018,839.998291,860.7065703,838.0538505,853.6093744,1217765
6/26/2018,847.9221191,850.2068135,838.0540575,839.9013001,1801638
6/27/2018,845.491394,855.0677401,842.9149866,847.776088,2037781
6/28/2018,813.116394,843.8871891,806.9428191,843.8871891,9824968
6/29/2018,854.09552,857.3038351,803.1025542,803.1025542,4960179
7/2/2018,872.4705811,881.7066745,845.9775761,858.5677823,3353006
7/3/2018,868.387207,877.7204984,859.2483122,865.4705461,2770123
7/4/2018,861.921875,874.3662827,857.9843947,868.4357627,1104449
7/5/2018,814.7207031,846.5609215,810.1026562,845.4428443,6128988
7/6/2018,806.6026611,824.9289915,790.4151681,814.7206776,6884175
7/9/2018,798.9706421,813.0678366,794.9359634,811.7067638,4098360
7/10/2018,809.7136841,816.6650832,799.554029,800.1373375,2670508
7/11/2018,787.0123291,810.0053628,783.2206462,810.0053628,2909483
7/12/2018,785.9915161,800.3803647,781.6651239,793.6720209,2832418
7/13/2018,815.4012451,818.6095605,777.4360511,790.4151695,4995028
7/16/2018,808.1094971,820.6511029,793.4289354,815.6928033,3256321
7/17/2018,821.6719971,831.4427991,803.0539549,808.3039682,2849218
7/18/2018,822.6928711,832.3178169,814.8178507,824.4428559,2660188
7/19/2018,845.685791,850.4982933,823.5191804,828.2344844,3924410
7/20/2018,836.4984131,852.2483353,833.581752,844.8594844,2048572
7/23/2018,838.5488892,845.6283412,825.3176493,838.7930082,1334621
7/24/2018,841.3807373,850.4131421,831.4694801,838.7930515,2015425
7/25/2018,845.5307617,851.0966284,832.934195,847.5813379,1453640
7/26/2018,834.3989258,849.4854952,830.4930209,849.4854952,1167616
7/27/2018,863.3026123,873.457989,832.1530563,839.7207471,3210162
7/30/2018,871.0656738,881.7581013,860.0803154,862.033268,2418684
7/31/2018,890.8880615,892.4992711,865.5485511,871.9932704,2165312
8/1/2018,895.7704468,898.8463707,884.0039201,893.4757515,1818993
8/2/2018,899.8228149,911.6381531,887.8609815,893.4757197,2313020
8/3/2018,897.5770264,919.8406741,880.9769293,908.1229585,9358217
8/6/2018,880.4397583,917.008743,875.6550013,906.8534267,3763151
8/7/2018,905.437561,909.9781992,877.5591773,883.3692226,4450696
8/8/2018,913.005188,914.4699022,899.3345221,907.2439549,2163746
8/9/2018,893.7686157,912.8099008,887.9097588,912.8099008,2536080
8/10/2018,898.4556885,910.0757786,891.5227316,893.4756839,2105317
8/13/2018,892.1575317,902.2640369,889.1304197,893.4757508,1316517
8/14/2018,903.826416,905.1935066,892.548127,892.6946222,1404450
8/16/2018,897.8209839,907.1463189,895.4286055,902.2639383,1196749
8/17/2018,919.4012451,922.7701003,899.8717192,903.1429505,2697290
8/20/2018,900.0180664,921.3052342,892.6456835,919.84052,2529831
8/21/2018,894.7450562,906.1210268,884.4920569,902.8986675,2531200
8/23/2018,890.4487305,904.6076363,885.7615967,903.2405457,1571386
8/24/2018,864.5231323,894.3545263,861.7401991,890.9368598,3218302
8/27/2018,869.942627,878.8285361,866.2319699,872.9696792,1789147
8/28/2018,867.4037476,876.631459,851.0477721,873.9461496,3563757
8/29/2018,862.0332031,874.5320869,855.8814148,867.1108914,1863018
8/30/2018,857.6878662,870.0403143,855.3931709,863.6444069,1758855
8/31/2018,870.9191284,873.7508736,856.4672333,860.2755142,1677232
9/3/2018,891.2786255,899.6762967,870.186764,875.7526305,4972521
9/4/2018,860.1779175,906.5605375,856.4672602,895.4286848,3880086
9/5/2018,843.5778198,861.6426297,831.6159863,854.5143057,2990706
9/6/2018,846.7513428,862.7167045,837.9141857,850.5107522,2399973
9/7/2018,847.0442505,855.3931097,840.7947793,850.5107289,1297983
9/10/2018,837.3771362,847.5813242,830.004753,843.6754195,1576682
9/11/2018,801.4428711,840.6484158,796.6093018,839.7695634,4918816
9/12/2018,807.0088501,818.6288823,771.5627723,797.7811371,6728840
9/14/2018,822.7788086,831.9577086,809.7428754,818.287042,3329172
9/17/2018,804.0792847,818.2870005,797.4880708,815.162265,2843632
9/18/2018,805.4952393,824.0970989,799.392263,799.7340059,3331397
9/19/2018,804.225769,810.2799334,767.6079118,793.3869071,5347338
9/21/2018,781.7667847,816.9687977,760.8702307,814.5764192,4259892
9/24/2018,772.4901733,786.0632142,755.1577236,782.9384789,3244812
9/25/2018,778.1049805,795.1445009,759.8449245,772.3926189,3150095
9/26/2018,795.5350952,800.7104067,783.280332,792.8985978,4080359
9/27/2018,802.1264038,823.8041878,796.3163584,813.9905541,7668506
9/28/2018,786.649231,811.5982464,775.6638733,803.7375651,3145969
10/1/2018,790.7015381,795.2421759,763.6043258,781.1808959,2445752
10/3/2018,775.8104248,793.8752365,772.5880649,792.410522,3478716
10/4/2018,758.4291382,778.7398329,742.4149034,766.5338794,4579535
10/5/2018,773.4667969,796.5116716,765.5573633,769.7073872,7398167
10/8/2018,794.4121704,799.7339774,756.4760953,773.369121,3961739
10/9/2018,731.8688965,801.6381314,715.0734943,799.6851791,8683946
10/10/2018,770.0002441,777.6167461,722.5923397,728.4511965,7285084
10/11/2018,760.5772705,779.2279405,736.8000413,746.0277525,3766505
10/12/2018,786.2098389,790.7016056,758.8196337,765.5573433,4322158
10/15/2018,788.2116089,792.8986828,770.1956109,786.2586565,2234430
10/16/2018,791.5316162,800.3687739,788.9928018,791.9222305,2347048
10/17/2018,781.2785645,803.9328237,773.9061812,797.8786594,2975579
10/19/2018,770.1467285,790.945658,764.0925646,790.945658,2892515
10/22/2018,756.5736694,777.1773509,755.0113315,774.7361606,2766247
10/23/2018,759.8938599,768.4868393,748.1273325,753.7420712,2239883
10/24/2018,772.9785156,776.1032513,754.0837255,766.8755395,2060580
10/25/2018,772.6368408,777.2751031,759.5032232,766.5338642,1681346
10/26/2018,787.9187012,800.7105161,768.1450573,771.4162289,3738778
10/29/2018,810.2310791,814.8205289,788.6509802,793.8751037,2473393
10/30/2018,810.963501,821.6071156,800.1246388,809.4987866,1876874
10/31/2018,824.7317505,827.9541695,799.2457463,817.7987935,2435865
11/1/2018,834.3500977,842.6013334,814.7717618,824.7317714,2485725
11/2/2018,850.5107422,863.2049324,837.7189282,839.7695043,3078543
11/5/2018,843.3825684,851.8779238,836.4007392,849.534357,1903690
11/6/2018,826.3428955,856.9553973,820.4352271,848.5577267,2504504
11/7/2018,830.1512451,835.814795,827.6611832,834.8871307,331169
11/9/2018,827.710022,844.6518591,824.1458602,834.8870977,3528039
11/12/2018,873.7020874,880.2933018,823.3647508,836.8401105,13985301
11/13/2018,876.3873901,878.4868378,858.4202042,868.2826496,4432001
11/14/2018,871.2120972,876.3874092,862.228504,875.947983,2606605
11/15/2018,899.1393433,902.2640793,868.0874096,871.2609575,4711756
11/16/2018,899.6762695,906.8534049,891.2297867,899.3345267,2769698
11/19/2018,898.8952026,905.1934864,893.5245832,900.3111051,2104102
11/20/2018,893.9151001,903.4357425,887.4703218,897.3815785,1540046
11/21/2018,904.7539673,908.0251982,888.1538727,895.91687,1855760
11/22/2018,894.2080688,911.4428974,890.350976,907.1463783,1617491
11/26/2018,894.8428345,898.8463631,871.6026527,891.6204153,2116814
11/27/2018,892.7921753,896.4051491,884.6874348,892.4992444,1126278
11/28/2018,901.2387085,909.0993299,893.4757109,894.4521871,2434110
11/29/2018,909.4899292,911.9311196,891.5227438,907.1951744,1991914
11/30/2018,905.2911377,909.099419,896.4052274,908.0741309,2738673
12/3/2018,914.2258911,917.6923699,898.8463901,910.6129171,2044427
12/4/2018,902.0687256,918.0341476,899.8228422,913.0052712,1424621
12/5/2018,898.6022949,903.8752907,880.3421766,899.3346521,3020688
12/6/2018,884.4432983,898.3580839,880.7815127,891.5227506,1425935
12/7/2018,895.0380859,899.7740314,872.2862018,889.5698429,2750589
12/10/2018,885.7615967,894.4522593,876.8756865,883.7110204,1508069
12/11/2018,911.1987305,914.9093279,873.1161612,877.8520466,2792386
12/12/2018,908.0740967,916.0323423,899.3346224,915.4464804,3256275
12/13/2018,921.9400024,938.6377212,902.5081028,910.1734169,4821052
12/14/2018,909.5876465,929.3124791,906.6094058,921.451857,2558651
12/17/2018,913.2982788,915.1536076,903.6311991,909.8317998,2284630
12/18/2018,911.0523071,916.6670454,908.9040475,910.564069,2222788
12/19/2018,907.3416748,919.4011317,905.6816534,911.1498961,2237859
12/20/2018,904.9493408,911.0523172,900.5063859,906.1699361,1630740
12/21/2018,878.8773804,906.0234065,876.143259,906.0234065,2972085
12/24/2018,859.1525269,881.5626667,853.4401652,878.9261691,2554749
12/26/2018,868.2339478,878.828692,847.7767568,858.3226892,3840772
12/27/2018,866.769165,876.6803632,860.7638123,874.9227179,2160188
12/28/2018,900.9945679,903.9728082,877.6567637,882.7344517,8067914
12/31/2018,909.0993042,917.3993516,898.6998093,904.2169234,4917511
1/1/2019,906.1699219,912.2240863,901.2875408,909.8317077,2064502
1/2/2019,910.2223511,914.958237,901.5805006,901.5805006,2672587
1/3/2019,909.2946777,922.7212259,906.1699419,913.9817517,3292918
1/4/2019,906.609314,916.8135019,898.5533855,912.0287448,2340304
1/7/2019,921.8424072,941.3231207,912.1264565,927.6524529,5337211
1/8/2019,923.8929443,927.6523537,916.4716897,921.9888039,2039160
1/9/2019,930.53302,932.8765272,923.111765,926.6759271,2115974
1/10/2019,943.9595337,946.5960313,926.2364672,928.0429839,2450895
1/11/2019,936.7335815,946.6936504,934.2923911,942.5436267,1535995
1/14/2019,934.9759521,938.7353616,926.6759045,935.4641902,864306
1/15/2019,945.5217896,947.865356,932.6322932,933.5111455,1452136
1/16/2019,938.5889282,947.5725211,936.7335996,942.5924568,1118736
1/17/2019,938.9307251,942.2995801,929.1659626,938.7354179,1303576
1/18/2019,938.3447876,942.2995042,931.6070782,938.9306495,1168989
1/21/2019,940.1025391,943.0807798,934.4878004,937.5148531,1035360
1/22/2019,959.5343628,963.1961485,936.1477459,939.5166007,2797244
1/23/2019,939.5165405,964.172563,935.0735264,964.172563,1574247
1/24/2019,946.84021,949.4278362,933.4136617,937.6124976,1246903
1/25/2019,954.9936523,960.8525091,946.3518625,949.1347956,1985833
1/28/2019,936.098999,958.118527,932.730144,954.993791,1499181
1/29/2019,943.3736572,947.1819383,922.7700327,932.7301021,1411027
1/30/2019,946.1078491,952.0155184,937.4659987,943.373668,1468812
1/31/2019,972.375,976.476212,943.7642589,945.4242804,2306391
2/1/2019,968.2249756,981.3585926,961.9266921,979.4056401,3424938
2/4/2019,1001.620422,1025.299969,985.3132586,1000.888065,9556052
2/5/2019,1041.607178,1048.735502,996.0057841,1002.792246,7144200
2/6/2019,1034.137207,1046.782527,1025.788288,1040.923669,2449722
2/7/2019,1031.940186,1041.949067,1025.300099,1034.869614,1293109
2/8/2019,1028.473633,1051.518449,1022.956518,1033.600133,2576054
2/11/2019,1031.549438,1038.482395,1020.612834,1034.088253,1057548
2/12/2019,1041.167725,1048.686543,1025.39761,1033.111796,3075801
2/14/2019,1017.732239,1038.921723,1006.258644,1038.921723,2182379
2/15/2019,1014.558594,1027.252782,992.880814,1010.65269,2566210
2/18/2019,1003.1828,1016.169981,997.2751312,1015.632872,1023065
2/19/2019,1004.598755,1025.104755,1001.181088,1006.209845,1551617
2/20/2019,1008.455872,1019.831844,1003.329371,1005.770562,1506583
2/21/2019,1017.97644,1020.417631,1006.991083,1015.437626,1220939
2/22/2019,1017.097656,1019.441223,1006.063546,1011.141175,1298608
2/25/2019,1018.4646,1030.182313,1011.238652,1013.582219,1691809
2/26/2019,1013.924011,1017.390549,992.1486045,1014.558745,1906268
2/27/2019,992.3439331,1022.517071,990.0980498,1018.367048,1897310
2/28/2019,1001.083313,1009.481103,978.4779256,994.0527323,5080712
3/1/2019,997.3239746,1011.629375,993.1739506,1007.625847,1967656
3/5/2019,1010.652893,1015.486403,992.295152,999.5210403,1577329
3/6/2019,1031.110107,1035.943737,1004.110633,1013.582405,2758056
3/7/2019,1018.757813,1043.853207,1014.558917,1043.853207,2584721
3/8/2019,1028.424683,1034.625402,1012.605816,1020.173506,2179863
3/11/2019,1044.048218,1049.321213,1032.721119,1033.111733,2837644
3/12/2019,1060.892578,1070.169103,1046.782544,1049.663101,3418782
3/13/2019,1052.934326,1068.167331,1040.044769,1061.820236,2024554
3/14/2019,1060.7948,1063.382485,1038.140602,1053.5201,1193296
3/15/2019,1071.438599,1087.599329,1056.547335,1061.429717,5318660
3/18/2019,1073.928589,1082.814499,1066.40965,1079.006218,1525276
3/19/2019,1082.96106,1085.841617,1072.756811,1076.076854,1376594
3/20/2019,1076.418457,1088.770904,1072.17081,1084.865,1295061
3/22/2019,1076.61377,1097.949748,1067.971861,1077.638998,2486418
3/25/2019,1074.221436,1080.470907,1064.749664,1076.076764,909855
3/26/2019,1089.503296,1093.65332,1062.747825,1079.006177,1851505
3/27/2019,1090.235718,1098.535766,1079.982717,1098.535766,1668427
3/28/2019,1107.568115,1112.743487,1085.30441,1093.65333,2292966
4/1/2019,1093.995117,1120.994709,1090.528698,1113.182899,1703651
4/2/2019,1085.743896,1104.541063,1082.32623,1098.535711,1469173
4/3/2019,1074.611938,1100.683802,1072.21962,1090.723794,1553200
4/4/2019,1080.0802,1096.192056,1068.557854,1086.524919,2463998
4/5/2019,1080.373413,1103.12524,1075.539784,1096.582896,4108366
4/8/2019,1078.420288,1088.770911,1066.31196,1082.912055,1672293
4/9/2019,1072.708008,1083.839741,1065.823803,1082.912137,1288739
4/10/2019,1074.319214,1079.006348,1058.012107,1073.538104,1612236
4/11/2019,1079.055176,1080.910385,1064.456784,1080.910385,1412462
4/12/2019,1071.194336,1081.886702,1068.264907,1080.959097,1499571
4/15/2019,1064.505615,1076.076835,1062.406167,1076.076835,1116346
4/16/2019,1093.702148,1098.291539,1066.702559,1067.386045,2144260
4/18/2019,1098.926392,1102.92992,1087.3063,1099.463382,1609911
4/22/2019,1097.266357,1105.371158,1092.77459,1098.535824,1307412
4/23/2019,1102.97876,1109.960469,1093.702236,1097.559269,1237289
4/24/2019,1122.117554,1124.900487,1099.072741,1101.46506,1809133
4/25/2019,1114.452393,1137.594832,1108.691159,1127.83007,3579153
4/26/2019,1110.741699,1122.459414,1104.394604,1119.725233,846570
4/30/2019,1131.296509,1134.421185,1106.835733,1113.182828,1469889
5/2/2019,1111.376343,1132.712323,1108.886281,1131.735846,1517989
5/3/2019,1118.114014,1127.634656,1108.349253,1118.065142,1146869
5/6/2019,1057.377441,1115.917273,1049.809749,1115.917273,4064781
5/7/2019,1060.941284,1079.006092,1057.523618,1071.975512,2605643
5/8/2019,1063.0896,1074.123828,1042.730095,1064.359066,3336769
5/9/2019,1078.468994,1083.888484,1063.089495,1074.123723,4362293
5/10/2019,1105.46875,1111.083488,1068.558019,1081.935696,3032624
5/13/2019,1117.772217,1125.681769,1097.608079,1098.828675,2695155
5/14/2019,1127.585938,1135.641866,1096.533945,1113.182913,2894382
5/15/2019,1135.641968,1140.036111,1125.242471,1132.712539,2476357
5/16/2019,1158.540039,1166.888958,1132.663422,1135.348731,2948769
5/17/2019,1162.494995,1174.700948,1152.241994,1156.147899,3265842
5/20/2019,1202.677002,1208.877602,1176.653886,1185.442172,2881354
5/21/2019,1215.126953,1222.206405,1204.336844,1209.853958,3218291
5/22/2019,1211.904663,1221.474178,1197.501638,1216.640549,1972398
5/23/2019,1191.545166,1233.094279,1187.639261,1229.62774,2494025
5/24/2019,1191.203491,1201.017007,1166.352097,1192.277591,2423569
5/27/2019,1211.758179,1214.248241,1175.18919,1197.648144,1380441
5/28/2019,1202.579346,1215.61528,1193.937436,1213.759951,1811869
5/29/2019,1205.606323,1208.584504,1195.402076,1203.018638,918488
5/30/2019,1211.416504,1220.400158,1196.183497,1204.971784,1081863
5/31/2019,1206.68042,1221.229939,1198.136253,1218.642253,1213810
6/3/2019,1236.462891,1239.1482,1198.624441,1209.853916,1627758
6/4/2019,1218.642456,1246.813774,1214.541303,1237.195506,1378780
6/6/2019,1239.587769,1243.68904,1215.371228,1225.477734,2345134
6/7/2019,1239.099609,1244.958467,1224.501336,1244.958467,1381956
6/10/2019,1246.959961,1258.872921,1240.124628,1244.665266,1516266
6/11/2019,1254.723145,1257.701445,1237.000195,1247.936682,1782094
6/12/2019,1258.53125,1262.290659,1247.497141,1254.722969,1456438
6/13/2019,1264.976074,1267.710255,1246.374274,1252.818993,1734153
6/14/2019,1251.744873,1267.417245,1247.05774,1265.562035,874483
6/17/2019,1226.50293,1262.14431,1219.130487,1255.748343,2057502
6/18/2019,1227.918701,1231.336368,1205.947989,1226.502859,1845151
6/19/2019,1245.104736,1257.701303,1228.065275,1249.889493,1650715
6/20/2019,1275.863647,1278.158342,1236.267613,1244.518789,1693438
6/21/2019,1261.949097,1286.019261,1257.945568,1275.278022,2640376
6/24/2019,1269.46814,1276.645217,1260.679852,1271.372221,1419605
6/25/2019,1287.142212,1289.77865,1265.56211,1278.20743,1955640
6/26/2019,1278.256104,1291.780274,1275.912537,1281.722522,1335984
6/27/2019,1297.932373,1301.35004,1276.010526,1278.305221,1841074
6/28/2019,1303.302856,1305.597671,1286.99575,1293.831084,1345592
7/1/2019,1292.073364,1309.357066,1290.071659,1298.811074,1554897
7/2/2019,1292.854492,1300.861549,1279.672063,1293.830968,1397406
7/3/2019,1297.199585,1302.130837,1285.530744,1298.273804,1351543
7/4/2019,1259.996216,1290.706468,1255.748568,1290.706468,2901447
7/5/2019,1248.03418,1269.956141,1220.302232,1253.307175,3015054
7/8/2019,1222.987671,1241.00373,1216.396456,1230.360115,2308725
7/9/2019,1073.098511,1147.359576,1047.759,1147.359576,22143587
7/10/2019,1075.295288,1098.535464,1062.747596,1077.052993,6366343
7/11/2019,1071.194336,1089.40564,1046.19657,1082.91205,5179244
7/12/2019,1075.295288,1102.441368,1064.358805,1078.029468,4845853
7/15/2019,1063.773071,1083.937326,1052.006487,1083.888455,2563929
7/16/2019,1088.526855,1091.700403,1057.084369,1066.312022,2457767
7/17/2019,1083.790894,1091.700326,1079.299127,1084.132636,2538956
7/18/2019,1054.594116,1080.470731,1031.353939,1079.006017,3482208
7/19/2019,1065.384277,1077.053119,1052.592345,1064.35893,3302082
7/22/2019,1060.013794,1066.312018,1037.115355,1062.308489,2341863
7/23/2019,1073.293823,1083.790942,1060.843752,1064.359042,2527679
7/24/2019,1061.820313,1083.888652,1055.81496,1075.100366,1732174
7/25/2019,1064.79834,1074.80722,1059.085978,1068.167254,1770220
7/26/2019,1080.373413,1086.036904,1057.523844,1060.258025,1128870
7/29/2019,1058.302979,1087.828322,1051.436614,1085.768437,1661014
7/30/2019,1058.597046,1072.722161,1051.632615,1059.381821,2335907
7/31/2019,1036.18335,1058.548126,1021.126418,1058.548126,3050699
8/1/2019,1037.115112,1048.934994,1021.518636,1032.014314,2321381
8/2/2019,1044.373779,1054.869578,1026.079922,1041.725373,1789229
8/5/2019,1017.006653,1039.273243,1007.001308,1039.273243,1962260
8/6/2019,1026.717529,1049.57276,1001.75344,1007.393668,5738839
8/7/2019,1008.815796,1021.028185,978.9471653,1002.488981,8983860
8/8/2019,1021.224487,1039.56756,992.3367609,1016.221875,2553976
8/9/2019,1046.630005,1056.439096,1021.616823,1029.95455,2944544
8/13/2019,1043.540161,1067.719595,1035.938115,1049.572776,3293100
8/14/2019,1063.30542,1070.024623,1030.984514,1033.976215,1834669
8/16/2019,1055.261963,1063.599689,1049.768777,1054.477188,1366746
8/19/2019,1068.160889,1083.610207,1059.528961,1083.610207,1467603
8/20/2019,1071.495972,1074.831086,1055.016772,1070.073701,1584464
8/21/2019,1044.962524,1076.057295,1040.057979,1069.681386,1344715
8/22/2019,1041.480347,1049.572848,1028.041938,1045.453077,1182766
8/23/2019,1053.005859,1062.226428,1020.145406,1042.019726,1925420
8/26/2019,1081.403076,1085.670126,1041.382061,1073.801031,2601437
8/27/2019,1102.247559,1108.574494,1078.215285,1086.847333,2825727
8/28/2019,1089.740967,1109.898698,1086.356878,1107.446425,1599333
8/29/2019,1080.765625,1093.713576,1075.615853,1090.280395,1204392
8/30/2019,1084.002686,1091.751892,1074.095527,1085.91553,1454803
9/3/2019,1039.420288,1077.332446,1032.848126,1077.038126,1858383
9/4/2019,1017.398926,1048.591885,1005.922337,1039.763702,2881072
9/5/2019,1028.630371,1032.799235,1016.467074,1017.202756,1587469
9/6/2019,1048.297485,1050.504531,1022.548622,1033.87817,1443212
9/9/2019,1067.57251,1071.103759,1038.194327,1044.668304,1272456
9/11/2019,1080.030029,1082.433209,1062.373665,1075.027297,1432923
9/12/2019,1065.365479,1093.321391,1063.060366,1089.495821,1792647
9/13/2019,1101.953247,1104.994041,1067.32711,1067.32711,3428008
9/16/2019,1126.623291,1130.00738,1094.106128,1102.443856,3645849
9/17/2019,1136.138062,1153.745333,1132.018291,1132.950107,3120692
9/18/2019,1138.541016,1145.701699,1128.584885,1140.797154,1434623
9/19/2019,1131.184326,1145.358535,1126.525008,1141.778192,1255713
9/20/2019,1239.427734,1308.92512,1130.988186,1137.85455,7588909
9/23/2019,1286.756714,1319.322851,1250.659208,1250.855342,5902008
9/24/2019,1267.972412,1298.969122,1257.525704,1291.857529,2642955
9/25/2019,1244.675659,1289.797481,1238.692137,1271.405434,3928117
9/26/2019,1263.705078,1267.873941,1247.716214,1248.697123,2277616
9/27/2019,1259.536255,1269.247158,1240.997051,1266.353525,1847785
9/30/2019,1248.746338,1271.110993,1242.321336,1265.863153,2142791
10/1/2019,1256.152222,1273.023931,1243.351429,1257.525518,1454512
10/3/2019,1270.767822,1273.220095,1244.528502,1254.975209,1449986
10/4/2019,1227.019287,1281.753946,1216.42542,1278.12463,2383219
10/7/2019,1234.9646,1241.63483,1217.602556,1231.13903,1100794
10/9/2019,1206.812378,1212.648739,1154.578974,1177.090788,8327469
10/10/2019,1211.128296,1218.730341,1196.708981,1207.695114,1479753
10/11/2019,1219.858521,1225.155454,1191.804544,1218.338183,2182903
10/14/2019,1225.106445,1233.983721,1209.951447,1216.131222,1241231
10/15/2019,1247.814453,1250.806274,1229.079113,1230.060022,1379017
10/16/2019,1250.217773,1253.307541,1232.070955,1250.463001,1223194
10/17/2019,1252.669922,1261.007649,1246.833441,1260.468101,1500556
10/18/2019,1275.770386,1280.08641,1249.72732,1253.601863,1135957
10/22/2019,1304.06958,1311.279358,1269.786854,1275.623216,2138284
10/23/2019,1322.902954,1340.264996,1301.715344,1306.521702,3148288
10/24/2019,1348.308716,1352.673714,1324.864963,1337.960076,1791699
10/25/2019,1309.513672,1363.41458,1305.737196,1352.575606,3934315
10/27/2019,1294.701904,1316.183837,1290.582014,1313.38815,470393
10/29/2019,1307.159424,1314.418175,1268.511582,1294.799993,2030358
10/30/2019,1291.02356,1321.284582,1286.952763,1321.284582,1681593
10/31/2019,1305.786133,1310.494544,1294.456705,1296.761817,1533763
11/1/2019,1277.045654,1307.895199,1262.479177,1306.374862,2491686
11/4/2019,1274.004761,1285.971804,1257.623507,1285.971804,1706003
11/5/2019,1259.291016,1281.312375,1253.111241,1270.277148,2881634
11/6/2019,1134.029053,1176.11008,1128.045531,1142.759168,18294122
11/7/2019,1144.916992,1156.491767,1134.37222,1138.835404,6500446
11/8/2019,1134.666504,1150.557182,1131.969004,1144.916955,2796511
11/11/2019,1133.636597,1141.532963,1115.931259,1134.666599,2357413
11/13/2019,1136.922852,1144.721032,1128.143642,1133.63671,2336007
11/14/2019,1146.780762,1153.843379,1139.816331,1141.778149,2571355
11/15/2019,1136.334106,1152.372066,1133.83286,1150.606382,1506407
11/18/2019,1136.677368,1142.268501,1130.791914,1138.001571,1132129
11/19/2019,1140.993164,1145.505441,1131.086008,1136.677261,1109428
11/20/2019,1140.650146,1145.211398,1134.323331,1143.740034,920219
11/21/2019,1126.328857,1147.66363,1122.159994,1140.797266,1417102
11/22/2019,1113.920288,1128.731991,1101.756992,1126.083584,2320184
11/25/2019,1141.385864,1144.671886,1121.277227,1127.947457,2270744
11/26/2019,1143.838013,1162.13199,1140.012443,1144.622788,4025257
11/27/2019,1144.868164,1159.925096,1138.835549,1147.663731,1587451
11/28/2019,1147.173218,1149.625491,1138.197875,1149.625491,1031591
11/29/2019,1137.560059,1156.050288,1132.949834,1150.606195,1244953
12/2/2019,1131.772949,1138.835447,1120.688629,1137.854538,1016807
12/3/2019,1136.039917,1147.663666,1128.143551,1132.950029,1315825
12/4/2019,1152.224854,1155.510875,1130.988148,1132.655646,1388528
12/5/2019,1161.641479,1181.602954,1152.568071,1157.472616,3637705
12/6/2019,1149.625488,1167.085719,1146.584694,1167.085719,1026657
12/9/2019,1155.559937,1163.358115,1143.592774,1150.606298,1092070
12/10/2019,1156.786133,1169.341697,1150.508291,1152.666243,1641867
12/11/2019,1157.031494,1166.301038,1153.303991,1155.609104,1005638
12/12/2019,1165.320068,1169.243705,1155.020522,1159.53268,1065673
12/13/2019,1163.505249,1180.523996,1160.022974,1170.224452,1624478
12/16/2019,1143.396729,1169.488887,1140.650135,1165.859571,1239589
12/17/2019,1135.255127,1148.64456,1130.007287,1148.64456,1706196
12/18/2019,1136.971558,1145.064057,1128.388604,1141.778035,1391631
12/19/2019,1136.922852,1140.30694,1130.988303,1136.873758,1338696
12/20/2019,1178.95459,1183.417654,1137.854477,1137.854477,6754831
12/23/2019,1186.017212,1205.537328,1178.169939,1183.074485,3980835
12/24/2019,1181.112671,1198.670968,1177.728582,1183.025516,2236779
12/26/2019,1169.734253,1190.578574,1167.870501,1186.851071,1800229
12/27/2019,1168.704102,1176.306147,1162.230125,1173.608647,1332568
12/30/2019,1170.960205,1175.129069,1160.5135,1172.186341,1109808
12/31/2019,1165.270874,1180.720192,1161.592465,1172.186331,1753530
1/1/2020,1132.704712,1176.109937,1130.203346,1171.646753,3137636
1/2/2020,1133.538574,1137.756531,1118.236416,1134.911871,3286436
1/3/2020,1117.942139,1133.931006,1110.389186,1133.931006,2695237
1/6/2020,1136.481323,1149.037008,1128.143595,1139.816438,4494752
1/7/2020,1137.805542,1151.440203,1130.056455,1148.595543,2363578
1/8/2020,1121.473511,1134.22533,1116.274644,1123.141008,2370166
1/9/2020,1141.238647,1145.701832,1126.574104,1132.950013,1764131
1/10/2020,1132.018066,1148.350105,1128.781019,1144.72079,1517311
1/13/2020,1136.824585,1140.257767,1126.574132,1132.950042,1135936
1/14/2020,1144.81897,1146.339427,1135.058972,1139.816357,1324743
1/15/2020,1162.230225,1168.753295,1148.252269,1151.096929,2665214
1/16/2020,1170.126465,1172.676805,1151.685326,1162.230099,1644541
1/17/2020,1166.055786,1174.001127,1161.396468,1171.990335,1034774
1/20/2020,1165.172729,1172.186253,1156.589776,1167.281708,1139858
1/21/2020,1153.745361,1161.298434,1138.835589,1160.856953,925998
1/22/2020,1155.167725,1163.309199,1149.625564,1159.238522,902471
1/23/2020,1181.112671,1183.614037,1152.568239,1153.549148,2101116
1/24/2020,1204.40918,1206.518158,1183.025434,1185.821001,2841654
1/27/2020,1190.627563,1216.670629,1185.771991,1204.556425,2332864
1/28/2020,1172.186401,1200.142311,1165.614358,1191.804584,1703068
1/29/2020,1163.554321,1184.840121,1159.042163,1175.619551,1380266
1/30/2020,1156.737061,1168.753197,1153.74524,1168.262743,1859283
1/31/2020,1165.074707,1171.990164,1157.472662,1162.867662,1809101
2/3/2020,1163.750488,1169.537875,1140.355832,1147.663556,3595537
2/4/2020,1251.443848,1263.214757,1162.377256,1172.186346,7875930
2/5/2020,1255.416382,1272.925584,1231.040817,1260.22286,5459816
2/6/2020,1235.259033,1269.492669,1228.147441,1260.419259,2463971
2/7/2020,1250.659058,1255.073148,1234.375991,1239.918151,2277867
2/10/2020,1233.198853,1250.659082,1229.422377,1246.637379,1021943
2/11/2020,1246.441162,1254.484689,1234.523212,1238.88821,1351413
2/12/2020,1244.773682,1264.342771,1241.683794,1252.571861,1195516
2/13/2020,1273.317871,1283.028894,1245.754354,1245.754354,4458645
2/14/2020,1268.756958,1285.677642,1265.372869,1281.999232,1416212
2/17/2020,1290.925415,1296.369388,1263.754162,1268.364507,2347399
2/18/2020,1285.97168,1293.720885,1276.407817,1288.914407,1761012
2/19/2020,1304.216797,1307.453845,1287.001913,1291.857365,1445826
2/20/2020,1297.595703,1315.448322,1294.800136,1304.609228,1513648
2/24/2020,1255.465576,1292.642055,1249.531028,1284.990916,1341317
2/25/2020,1236.043579,1262.184832,1232.806651,1260.468241,1358874
2/26/2020,1231.139038,1242.811881,1221.329947,1232.02188,1506693
2/27/2020,1253.504028,1261.44937,1226.136635,1226.136635,4569014
2/28/2020,1230.550293,1246.44097,1212.060183,1231.040747,2728105
3/2/2020,1220.397949,1269.296239,1204.556245,1250.658968,2773593
3/3/2020,1223.193481,1247.716206,1201.613484,1224.370524,2660100
3/4/2020,1227.068115,1241.48755,1194.060622,1228.049024,3007393
3/5/2020,1235.111694,1240.997149,1218.485214,1229.569534,1555538
3/6/2020,1218.877563,1223.144494,1196.414722,1205.537224,1678642
3/9/2020,1180.474976,1218.141908,1152.56816,1201.613614,2285787
3/11/2020,1164.976807,1190.186125,1155.069648,1175.080099,2314388
3/12/2020,1056.19397,1131.920111,1044.324992,1128.045568,3608906
3/13/2020,1063.648804,1113.037555,927.9890814,1035.447666,4337046
3/16/2020,992.0423584,1029.905424,964.2336104,1029.905424,3443930
3/17/2020,981.8898926,1018.183525,959.1327922,985.8135285,2985146
3/18/2020,912.9811401,1008.37455,903.4172765,1008.37455,5508541
3/19/2020,886.2514038,906.7524287,823.7184464,863.1510056,4838552
3/20/2020,887.6246948,916.1691265,849.4673058,888.8017379,4407646
3/23/2020,785.6591797,824.9936119,756.5261666,823.620375,4960906
3/24/2020,800.5199585,841.4729168,707.1374524,789.8771178,5404961
3/25/2020,863.9846802,880.5620671,769.8174113,783.7463318,3564854
3/26/2020,910.5779419,929.7056701,855.6470301,877.9136795,3635282
3/27/2020,919.1608276,946.577248,878.8945225,941.6727027,2999631
3/30/2020,925.6348267,940.6917563,844.5626717,844.5626717,2901412
3/31/2020,915.874939,953.1494888,906.1148804,948.5392036,3811918
4/1/2020,918.1799316,931.8636253,884.7799895,911.9511829,2935916
4/3/2020,846.3283691,912.2945069,839.6091657,912.2454734,4951957
4/7/2020,929.3623657,936.7191842,875.2652033,882.9162826,4186574
4/8/2020,896.0114136,947.9505615,876.3441984,917.1499923,5505995
4/9/2020,994.4946289,1024.069061,899.8369044,913.8639519,8532854
4/13/2020,948.3919067,995.1322477,925.1934432,995.1322477,4399110
4/15/2020,933.8745728,971.1000881,919.3080954,971.1000881,5502739
4/16/2020,966.4407349,979.9282356,897.5318674,911.2645955,6251879
4/17/2020,956.8768311,998.2712072,938.0433643,981.9880802,5761623
4/20/2020,956.8768311,963.448934,938.7300126,956.8768311,2557331
4/21/2020,918.817627,943.8308107,914.648763,939.7109802,3717567
4/22/2020,933.2369385,937.0134146,904.9376751,918.8175628,2779272
4/23/2020,895.1776123,917.6404544,887.7227272,904.643409,7009187
4/24/2020,888.7527466,909.2047388,876.0499608,892.6273498,4692972
4/27/2020,910.0383911,920.0927091,894.6381067,896.7470852,3816089
4/28/2020,915.0410156,922.0545395,899.4936306,912.5887429,2548149
4/29/2020,907.7333374,915.7767444,900.4745859,914.2073137,2514908
4/30/2020,951.5308228,960.2609373,911.2645178,917.3461659,4336412
5/4/2020,874.8237915,911.26459,869.085497,910.7741354,4201101
5/5/2020,870.017395,891.4992698,860.2573369,887.7227935,5214901
5/6/2020,859.7177734,874.9218641,844.8079435,870.0663522,3713850
5/7/2020,832.8898926,861.7286441,830.2414859,861.7286441,4744629
5/8/2020,816.9500732,846.0340503,814.4487672,840.6390506,4751910
5/11/2020,813.762146,835.1460118,808.2690791,832.252318,3704305
5/12/2020,830.2905884,834.7537132,806.5525742,811.2118928,5287477
5/13/2020,844.0231934,867.0745557,839.6581362,858.2463744,3599358
5/14/2020,829.8491211,839.6582124,825.1898027,838.6773032,2161536
5/15/2020,829.456665,843.3855855,825.9254164,829.8490526,2130736
5/18/2020,801.6970215,828.8682164,794.5363968,825.4350344,4634758
5/19/2020,811.015625,828.0344337,802.5307973,811.5060795,3072505
5/20/2020,832.4975586,837.6963648,802.972159,808.269092,3403474
5/21/2020,833.6256104,843.5818621,827.7892489,837.6964072,2217516
5/22/2020,833.4295044,839.6092202,821.9038216,828.7701858,1955658
5/26/2020,875.706604,879.8264342,838.8244456,839.6581944,5625204
5/27/2020,868.9382935,873.7447719,851.9195447,868.0064777,3925259
5/28/2020,882.2786865,886.8398778,858.2954475,868.9382871,3441157
5/29/2020,873.0091553,880.8564286,858.2955178,878.3551222,4140081
6/1/2020,940.593689,960.3099364,881.3467598,881.3467598,9822341
6/2/2020,957.5144043,965.2145165,928.2832664,940.593723,4518557
6/3/2020,965.5578613,985.8136585,960.9966699,970.1191127,4194237
6/4/2020,952.7079468,958.7895951,924.3596503,951.5798774,5293647
6/5/2020,972.0319214,976.0045914,948.5391356,958.348227,3136137
6/8/2020,1005.431763,1029.954489,986.8435245,989.7372181,7033675
6/9/2020,978.0644531,1027.011842,970.3643405,1017.202751,17283990
6/10/2020,958.5933838,989.6882131,952.3155418,978.0644048,5971985
6/11/2020,933.0897827,957.367283,930.9808042,957.367283,4955842
6/12/2020,959.0348511,965.9992818,883.7991102,892.6763257,6968318
6/15/2020,930.2942505,967.7158982,926.9591355,961.2419218,3823415
6/16/2020,939.7599487,951.4818244,915.8258027,946.5772789,2976379
6/17/2020,944.6154175,954.2773477,927.6947363,936.7681451,2372940
6/18/2020,957.3673096,961.7814006,935.4440145,939.8090122,2118941
6/19/2020,957.2201538,975.9555542,954.4245867,961.2909507,2817395
6/22/2020,960.8004761,969.1382035,950.0595093,960.3100215,1840153
6/23/2020,980.1734619,988.7564169,962.7623246,962.7623246,2929867
6/24/2020,969.3344727,1006.412828,966.3427116,990.718281,3451720
6/25/2020,958.9367065,975.0236396,954.9640367,966.1954578,2214883
6/26/2020,947.7543945,971.0019524,943.5364973,969.1382012,2514103
6/29/2020,939.1715088,953.0513378,917.1500857,946.4792942,3422997
6/30/2020,931.7164917,953.3946189,928.3324032,946.5772886,1947529
7/1/2020,930.0980225,950.0104653,926.9591014,931.8636469,3043306
7/2/2020,967.5687256,975.0236105,934.9044058,938.6809417,3845200
7/3/2020,984.3422852,988.7563761,967.4706366,973.0618305,3073808
7/6/2020,994.8380127,1000.33108,976.642161,987.7754553,2509450
7/7/2020,996.848938,1009.35553,987.7755282,995.6228015,3538454
7/8/2020,972.2279663,1009.355348,968.2062035,1006.412621,4272654
7/9/2020,972.6694336,983.3613667,959.6723881,976.0045485,3585878
7/10/2020,943.4873657,968.1572528,939.1223683,966.2444681,3691688
7/13/2020,947.9015503,955.3564959,940.6918919,955.3564959,2760626
7/14/2020,955.2092285,959.2309916,936.7681502,941.6726955,3642970
7/15/2020,949.4709473,966.9801502,945.007823,960.3099805,2366530
7/16/2020,942.9969482,954.3755298,923.8201871,950.0104723,2914310
7/17/2020,978.8000488,980.9090272,938.190451,941.6726661,3843594
7/20/2020,982.5766602,993.1704665,967.1763753,980.9091027,3349775
7/21/2020,995.7698975,997.9769429,980.1734188,984.832737,2491480
7/22/2020,1037.507568,1045.600069,996.2113168,1000.772568,7642553
7/23/2020,1049.768921,1062.324606,1031.03358,1047.561875,6785686
7/24/2020,1037.409424,1045.649084,1012.984764,1044.472041,4407065
7/27/2020,1022.205383,1052.025045,1019.507883,1036.820953,2783336
7/28/2020,1032.602905,1034.809951,1008.914048,1025.049954,3129955
7/29/2020,1020.586853,1046.384811,1016.417989,1036.624813,2332468
7/30/2020,1021.960083,1037.507468,1020.096332,1022.107243,2297977
7/31/2020,1023.333557,1031.033671,1012.984917,1025.540603,1786573
8/3/2020,1060.849976,1077.885068,1027.026082,1030.964821,7646498
8/4/2020,1058.732666,1072.518248,1048.935104,1072.272077,3357481
8/5/2020,1088.519531,1097.381693,1061.489987,1066.41341,5465772
8/6/2020,1102.994385,1107.770081,1074.536978,1088.51945,4499103
8/7/2020,1074.340088,1114.072084,1069.416665,1097.873952,4553672
8/10/2020,1090.587402,1097.529356,1067.398034,1076.260194,5185798
8/11/2020,1049.919922,1071.041358,1032.540215,1057.551227,11189277
8/12/2020,1040.171509,1060.406825,1032.491041,1051.643108,6260227
8/13/2020,1080.838989,1086.254754,1045.734962,1047.753613,5476727
8/14/2020,1087.23938,1101.86192,1073.355353,1080.838931,4149195
8/17/2020,1106.637695,1108.95168,1089.0611,1095.953892,3033448
8/18/2020,1128.005615,1134.159895,1107.868741,1111.659753,4134374
8/19/2020,1130.811646,1141.249277,1127.463694,1141.10155,2570066
8/20/2020,1108.459351,1120.964916,1101.665123,1112.742825,2727302
8/21/2020,1120.669434,1126.282208,1111.807273,1120.275536,2181243
8/24/2020,1109.394897,1129.187033,1106.785459,1122.540412,2122417
8/25/2020,1119.093872,1121.555583,1105.702188,1113.678108,1465877
8/26/2020,1116.829224,1132.387288,1109.887269,1122.244989,2009966
8/27/2020,1120.22644,1130.910244,1109.739526,1122.540425,1459135
8/28/2020,1116.730835,1130.664147,1114.269123,1130.664147,1628956
8/31/2020,1083.645386,1135.341326,1069.367459,1113.678266,3373546
9/1/2020,1102.896118,1112.349067,1078.869788,1088.076566,2043953
9/2/2020,1104.126831,1107.4255,1085.713158,1099.843357,1919880
9/3/2020,1167.146729,1173.35017,1104.126913,1104.126913,5945052
9/4/2020,1141.495483,1179.701289,1137.310574,1143.809468,3490945
9/7/2020,1149.816162,1158.432152,1131.698062,1146.172877,2166322
9/8/2020,1144.745239,1156.118275,1136.916924,1149.816269,1994062
9/9/2020,1143.317261,1153.853458,1130.71337,1139.181634,1918422
9/10/2020,1137.556885,1147.994517,1121.309589,1147.15756,1841208
9/11/2020,1149.865479,1175.71345,1137.310749,1138.295434,5572098
9/14/2020,1169.805298,1173.350138,1150.062324,1150.603948,2019325
9/15/2020,1156.561157,1201.315017,1152.228522,1176.501017,5204233
9/16/2020,1163.601685,1170.78993,1146.862047,1161.927769,2463561
9/17/2020,1164.291016,1173.300903,1150.160817,1156.955044,2019300
9/18/2020,1145.778931,1183.0985,1139.624652,1166.851204,2575064
9/21/2020,1102.748291,1153.853445,1097.972595,1145.778959,2666086
9/22/2020,1087.53479,1110.231817,1076.407927,1102.846683,2000953
9/23/2020,1100.089478,1104.766729,1086.107006,1090.538086,2068183
9/24/2020,1079.361938,1096.840088,1059.520522,1095.953848,2356296
9/25/2020,1092.359741,1097.923233,1064.69013,1080.740536,2275740
9/28/2020,1121.309448,1126.429759,1091.375016,1101.86193,2509616
9/29/2020,1149.422363,1156.167429,1121.900357,1127.463849,3586518
9/30/2020,1182.950806,1186.544928,1145.434347,1155.035022,3635996
10/1/2020,1180.292114,1192.452944,1163.897093,1185.166255,2990243
10/5/2020,1176.057983,1197.376428,1170.494492,1182.60616,2151235
10/6/2020,1181.572388,1197.327343,1173.744192,1185.560409,2087249
10/7/2020,1234.794434,1248.580017,1182.064528,1186.54489,9411156
10/8/2020,1234.942261,1243.213636,1214.706943,1237.748588,3144780
10/9/2020,1235.975952,1249.564647,1228.393929,1234.942106,1873176
10/12/2020,1237.502319,1242.031844,1217.070115,1240.899433,2009418
10/13/2020,1210.029663,1262.26723,1204.909351,1238.290184,4735253
10/14/2020,1204.712158,1229.821612,1199.8873,1205.598398,4096708
10/15/2020,1195.013184,1218.596451,1191.468343,1204.170798,2727327
10/16/2020,1204.416992,1221.058186,1197.376473,1197.425756,2772602
10/19/2020,1209.980469,1215.691567,1194.520849,1206.337064,1606979
10/20/2020,1214.608398,1226.473895,1198.459548,1211.162002,2841242
10/21/2020,1225.636841,1237.305449,1210.177341,1221.993556,2687516
10/22/2020,1210.620361,1233.80973,1201.31514,1221.156558,1973416
10/23/2020,1222.682861,1228.689534,1212.343673,1216.085522,1527141
10/26/2020,1196.884155,1230.855775,1191.960732,1230.855775,1425518
10/27/2020,1212.934448,1218.05476,1194.963956,1200.330438,1778338
10/28/2020,1198.361084,1221.993513,1167.195794,1212.934463,4810354
10/29/2020,1160.155273,1182.606129,1137.852265,1182.606129,5274120
10/30/2020,1147.895996,1169.608338,1141.34782,1158.38291,2275592
11/2/2020,1150.604004,1163.897247,1136.326077,1149.619319,2502801
11/3/2020,1181.572388,1186.840547,1156.807663,1159.958606,2079628
11/4/2020,1197.031738,1199.247278,1174.433157,1181.572119,2043263
11/5/2020,1223.07666,1234.646704,1191.714481,1205.40162,2215527
11/6/2020,1234.302002,1246.462831,1220.024077,1223.076575,2546487
11/9/2020,1265.369019,1267.978337,1233.268204,1246.019942,1840061
11/10/2020,1285.407104,1291.905998,1254.832604,1266.304202,2898878
11/11/2020,1255.177368,1298.503489,1244.345838,1289.838337,2872916
11/12/2020,1258.525269,1276.151146,1247.595294,1267.239703,3650248
11/13/2020,1268.716675,1284.028567,1258.86983,1277.135775,3107920
11/14/2020,1267.092041,1278.022015,1259.509898,1275.166406,288198
11/17/2020,1282.009888,1284.816335,1257.737512,1277.135748,2185705
11/18/2020,1260.494751,1283.044053,1247.595407,1282.010086,2934467
11/19/2020,1272.655396,1324.991399,1250.59856,1258.968378,6942825
11/20/2020,1344.242188,1350.298022,1275.757326,1276.101942,10421957
11/23/2020,1326.960938,1353.941319,1311.599882,1353.941319,2995116
11/24/2020,1306.824097,1343.552757,1302.983803,1326.960847,2876893
11/25/2020,1286.933472,1324.400768,1280.434577,1310.615184,3417818
11/26/2020,1307.070435,1312.584645,1288.115255,1296.780408,2819881
11/27/2020,1340.352661,1347.442463,1293.432535,1312.584603,5497388
12/1/2020,1320.560425,1365.166683,1314.553873,1361.818731,2881906
12/2/2020,1367.726807,1370.730143,1322.923661,1327.305459,2969071
12/3/2020,1396.775024,1402.190789,1364.822059,1377.475231,3939085
12/4/2020,1415.139526,1418.487478,1392.0486,1396.775134,2229459
12/7/2020,1403.470947,1414.007024,1396.282702,1414.007024,1430365
12/8/2020,1405.981812,1413.662399,1390.719201,1403.470938,1666175
12/9/2020,1404.307861,1413.022295,1395.839598,1408.098873,1579066
12/10/2020,1402.387817,1422.869306,1393.870391,1406.129667,2588422
12/11/2020,1420.30896,1427.644811,1401.206056,1405.637137,1398271
12/14/2020,1441.036621,1446.994011,1422.869238,1428.777346,2453825
12/15/2020,1446.255371,1453.394334,1427.103305,1438.131724,2035503
12/16/2020,1481.408569,1486.873616,1446.69844,1454.379028,2638988
12/17/2020,1478.946899,1496.720503,1469.44479,1472.251117,1951230
12/18/2020,1496.080444,1501.643936,1474.171213,1478.996191,3299825
12/21/2020,1449.110962,1505.139534,1428.777203,1491.009215,2298069
12/22/2020,1475.845215,1486.873633,1428.974135,1443.547514,3305444
12/23/2020,1468.01709,1496.523783,1455.413198,1481.654948,2847742
12/24/2020,1472.989746,1496.720621,1463.241344,1496.720621,1947894
12/28/2020,1519.909912,1523.947095,1473.23584,1480.276358,2497242
12/29/2020,1516.512695,1533.006162,1505.041096,1530.199835,2081338
12/30/2020,1528.821411,1531.87391,1509.817069,1524.291886,1151230
12/31/2020,1543.148315,1546.939327,1520.549734,1525.276268,2031709
1/1/2021,1534.72937,1548.908852,1532.119932,1538.175766,1003018
1/4/2021,1527.147461,1543.00086,1514.445005,1542.016175,1383979
1/5/2021,1546.890137,1552.6998,1517.891225,1521.337621,1351709
1/6/2021,1548.515015,1596.51839,1537.929655,1553.832336,3312171
1/7/2021,1518.728149,1545.954701,1511.490742,1545.954701,2820445
1/8/2021,1524.882324,1531.479782,1498.1974,1524.193093,3478504
1/11/2021,1539.948242,1547.924163,1522.026911,1536.107948,1425529
1/12/2021,1503.711792,1536.895734,1500.659294,1536.107939,2550741
1/13/2021,1482.738159,1512.475587,1472.103517,1506.567479,3527208
1/14/2021,1467.130737,1494.603461,1457.382456,1484.904342,2814477
1/15/2021,1454.625244,1485.888978,1448.766419,1467.13069,1725346
1/18/2021,1480.522461,1485.888944,1437.639402,1444.532194,2302268
1/19/2021,1496.62207,1500.659253,1478.011508,1494.751146,2279346
1/20/2021,1507.847534,1517.398926,1496.622106,1496.622106,1838240
1/21/2021,1494.06189,1526.113299,1488.892296,1509.619833,1558030
1/22/2021,1468.361572,1511.195351,1464.225945,1498.689905,1364197
1/25/2021,1476.87915,1489.630888,1456.10233,1481.999582,1604484
1/27/2021,1418.63501,1481.950276,1410.068302,1481.950276,2021747
1/28/2021,1427.891113,1432.174467,1393.968777,1398.252131,1850239
1/29/2021,1398.547607,1446.747871,1393.574902,1433.7008,2435997
2/1/2021,1478.553223,1485.446015,1401.846268,1415.779579,2215933
2/2/2021,1462.699585,1512.475436,1459.302471,1491.797061,1974202
2/3/2021,1501.791626,1505.582637,1469.14931,1469.14931,1853072
2/4/2021,1490.418579,1516.414276,1465.309122,1506.567431,2728965
2/5/2021,1486.332153,1515.38035,1481.458013,1495.29288,1344007
2/8/2021,1518.088013,1540.883482,1486.922845,1490.812301,2683198
2/9/2021,1536.009399,1560.380341,1519.417489,1524.29163,2364475
2/10/2021,1539.209717,1563.679104,1502.628661,1551.272103,2125469
2/11/2021,1501.348389,1551.764307,1488.10443,1528.230323,5970196
2/12/2021,1471.315552,1513.164644,1468.164609,1513.164644,3284441
2/15/2021,1462.010498,1495.243604,1454.133021,1482.935046,3156535
2/16/2021,1449.307983,1481.950301,1438.62418,1469.297129,3090249
2/17/2021,1438.033203,1460.287048,1427.300119,1446.895363,2096959
2/18/2021,1411.053101,1449.357357,1407.114362,1442.661454,2686046
2/19/2021,1403.717163,1422.770786,1391.162435,1412.0377,2543997
2/22/2021,1383.728027,1411.151469,1374.619695,1403.175548,1931189
2/23/2021,1402.240234,1414.94257,1378.706247,1393.32879,1871135
2/24/2021,1429.614258,1451.425045,1402.240099,1402.240099,1143204
2/25/2021,1412.480713,1440.544223,1408.591257,1437.639451,1967386
2/26/2021,1385.352661,1410.018936,1381.610812,1398.252004,2715597
3/1/2021,1429.909668,1443.547525,1394.904085,1399.729063,1962042
3/2/2021,1448.618774,1451.425101,1427.792671,1446.501678,1293306
3/3/2021,1452.015747,1458.957821,1443.695211,1449.455591,1227772
3/4/2021,1447.978638,1464.866002,1428.334229,1429.761973,1822476
3/5/2021,1451.621948,1470.134066,1439.805733,1442.562898,1954113
3/8/2021,1434.439331,1458.564104,1428.777394,1452.409826,1060584
3/9/2021,1434.587036,1456.250098,1422.869265,1447.486381,941590
3/10/2021,1448.717163,1458.317838,1440.593515,1447.486307,1257628
3/12/2021,1459.794922,1484.70749,1455.856183,1457.33321,2631081
3/15/2021,1469.346313,1473.974403,1448.471048,1473.974403,1482287
3/16/2021,1477.96228,1507.5521,1473.97438,1481.950301,3191850
3/17/2021,1449.997192,1476.583674,1447.535481,1471.364798,1195023
3/18/2021,1445.713745,1470.035525,1440.593434,1462.84728,1242978
3/19/2021,1443.005859,1448.32318,1410.117493,1427.792532,2360672
3/22/2021,1437.934937,1446.157029,1425.823268,1442.562906,1331121
3/23/2021,1472.447998,1491.600184,1431.731316,1437.934877,2534795
3/24/2021,1465.358398,1485.692159,1453.837517,1463.241303,1871092
3/25/2021,1428.629517,1475.549758,1425.577019,1461.370277,1609996
3/26/2021,1482.787231,1489.236963,1434.685414,1437.541024,1922278
3/30/2021,1528.427246,1539.061887,1486.873608,1486.873608,3466042
3/31/2021,1534.187744,1543.39452,1513.213916,1526.162541,1431746
4/1/2021,1535.467773,1568.897885,1527.787306,1536.107842,1343989
4/5/2021,1511.490723,1535.123151,1477.026765,1517.497274,1376233
4/6/2021,1502.13623,1524.291632,1485.888936,1506.074969,1400544
4/7/2021,1490.910767,1537.535553,1484.904215,1498.788243,2592185
4/8/2021,1547.234863,1554.816886,1502.136263,1505.82883,2085919
4/9/2021,1567.617798,1593.219596,1537.38803,1545.856293,3569146
4/12/2021,1487.31665,1548.564098,1479.242286,1546.939345,1889829
4/13/2021,1507.158203,1529.510615,1493.421901,1505.188834,1880575
4/15/2021,1514.986328,1530.691997,1492.338585,1521.337495,1313429
4/16/2021,1525.325562,1535.91092,1506.370385,1506.370385,1501276
4/19/2021,1495.44043,1508.979843,1477.12532,1501.643991,1439975
4/20/2021,1499.576172,1536.107946,1486.873717,1500.85619,1789104
4/22/2021,1458.170044,1506.567312,1450.588021,1506.567312,2200432
4/23/2021,1439.067383,1473.974527,1429.368263,1455.363962,1726070
4/26/2021,1457.185547,1466.933949,1442.710731,1447.486427,1020499
4/27/2021,1472.201782,1480.522438,1459.302439,1462.256493,1145908
4/28/2021,1485.741211,1491.6986,1468.853847,1481.9502,1037771
4/29/2021,1483.722656,1504.105577,1474.0727,1500.659182,1927546
4/30/2021,1468.804688,1493.323356,1448.470928,1477.026779,3691399
5/3/2021,1402.141479,1454.379042,1399.236708,1454.379042,3945733
5/4/2021,1381.414063,1412.03773,1378.607735,1412.03773,3194977
5/5/2021,1406.523438,1409.969833,1381.906324,1384.46648,1819256
5/6/2021,1422.278442,1426.266343,1409.083645,1413.810179,1464006
5/7/2021,1424.346313,1436.901042,1417.847419,1426.808025,1190019
5/10/2021,1432.86377,1447.24014,1422.869197,1432.125256,1322561
5/11/2021,1413.268677,1435.620971,1410.068452,1417.059689,1582827
5/12/2021,1432.666748,1437.639453,1404.012451,1409.083601,1358169
5/14/2021,1433.552979,1455.166877,1411.052961,1446.501604,1876873
5/17/2021,1445.812378,1448.274089,1415.976388,1439.608817,2218758
5/18/2021,1515.675781,1523.405531,1453.640651,1457.333218,3075596
5/19/2021,1497.853027,1530.101449,1493.569673,1498.936156,1504440
5/20/2021,1507.896606,1542.26212,1499.182173,1499.674515,3032029
5/21/2021,1514.789551,1529.067478,1510.063137,1528.427409,1158893
5/24/2021,1497.459106,1511.490862,1482.393384,1508.684535,1126532
5/25/2021,1545.11792,1550.779857,1511.490916,1512.4756,2530758
5/26/2021,1558.706543,1589.28105,1552.503102,1555.801771,3839248
5/27/2021,1569.833374,1582.33882,1543.345335,1566.337696,2810155
5/28/2021,1552.847656,1587.557789,1546.496488,1570.57198,1028675
5/31/2021,1571.802856,1583.619072,1544.9702,1546.594954,1525715
6/1/2021,1567.0271,1587.311578,1564.959286,1583.37284,1111933
6/2/2021,1561.414307,1572.295119,1540.243588,1556.786337,1859258
6/3/2021,1665.298462,1676.228557,1564.220689,1576.479964,7221910
6/4/2021,1653.77771,1687.552438,1639.992126,1687.552438,2952017
6/7/2021,1659.29187,1687.60155,1650.331265,1660.030384,1471576
6/8/2021,1686.272339,1699.565581,1648.558871,1660.178198,1743285
6/9/2021,1704.242676,1713.252563,1670.172617,1688.684613,2551140
6/10/2021,1712.021851,1719.111531,1695.823717,1714.729733,1850763
6/11/2021,1701.977905,1716.305113,1698.137732,1709.953946,761647
6/14/2021,1708.230957,1713.351269,1686.764784,1701.978113,887780
6/15/2021,1697.005371,1722.163989,1693.263522,1721.228587,868275
6/16/2021,1688.684692,1702.519558,1680.364156,1697.596135,1116772
6/17/2021,1685.189209,1695.626841,1675.342363,1679.871888,546515
6/18/2021,1685.09082,1698.580951,1660.178252,1674.062281,2018319
6/21/2021,1716.157349,1720.785438,1664.85531,1672.978958,925811
6/22/2021,1730.09082,1743.679516,1721.228659,1723.296473,2083172
6/23/2021,1755.249512,1758.646625,1728.170686,1730.090773,1608518
6/24/2021,1753.575562,1765.490221,1740.52849,1757.662027,1271298
6/25/2021,1726.989014,1764.554754,1715.320526,1757.661962,1378327
6/28/2021,1701.584351,1741.414796,1693.41142,1741.414796,1339433
6/29/2021,1705.079712,1719.259193,1694.888251,1709.215459,1236704
6/30/2021,1705.96582,1728.465836,1701.682467,1711.381585,803926
7/1/2021,1713.646606,1719.653158,1699.319398,1702.519623,567971
7/2/2021,1727.875244,1740.774588,1713.548036,1728.121415,1259675
7/5/2021,1723.099609,1735.900509,1716.305262,1733.0449,632904
7/6/2021,1735.80188,1746.830298,1719.308415,1723.19787,960973
7/7/2021,1700.796509,1756.086574,1691.688176,1735.802095,2188364
7/8/2021,1699.910156,1719.259232,1694.888289,1703.504279,1167637
7/9/2021,1694.248169,1713.30179,1691.688013,1697.59612,831213
7/12/2021,1693.509766,1712.563388,1685.681571,1703.504338,792602
7/13/2021,1697.842407,1708.427767,1691.146504,1703.504344,797913
7/14/2021,1684.155273,1702.125767,1678.887235,1699.565611,891780
7/15/2021,1675.48999,1690.457147,1668.547916,1679.379446,943422
7/16/2021,1669.38501,1683.810663,1662.787671,1680.758165,907734
7/19/2021,1654.614624,1683.072031,1649.248141,1668.400207,831260
7/20/2021,1645.801758,1665.544611,1637.038041,1654.614636,819793
7/22/2021,1679.706787,1692.439714,1660.409975,1673.044222,1146821
7/23/2021,1678.916992,1703.593159,1675.018206,1692.439604,1053239
7/26/2021,1700.533569,1714.352225,1677.979574,1678.86794,1435514
7/27/2021,1706.653198,1719.830248,1691.156492,1710.551985,1075244
7/28/2021,1701.224487,1726.54214,1693.377393,1707.590891,1714957
7/29/2021,1716.622437,1733.550313,1705.41948,1716.474355,1346162
7/30/2021,1692.341064,1725.25905,1689.034361,1719.43545,1199644
8/2/2021,1748.602783,1752.995093,1702.655707,1705.616847,1718511
8/3/2021,1816.363403,1830.922343,1754.130177,1756.943236,5956344
8/4/2021,1776.289307,1834.574465,1771.748916,1833.143175,2040687
8/5/2021,1775.993164,1797.60939,1740.360682,1796.474383,2301814
8/6/2021,1764.592896,1773.081474,1754.969189,1772.736032,877876
8/9/2021,1775.845215,1807.874834,1754.72239,1764.592858,1770502
8/10/2021,1775.894531,1798.399246,1770.120332,1786.554685,862746
8/11/2021,1766.221436,1791.489808,1750.576769,1781.61934,748179
8/12/2021,1799.978394,1805.900674,1757.930227,1774.710021,889082
8/13/2021,1814.093262,1817.153083,1795.191292,1806.295568,1194666
8/16/2021,1813.402222,1823.124728,1793.463926,1804.32144,461655
8/17/2021,1850.169678,1854.019184,1804.96301,1816.165966,1917077
8/18/2021,1855.944092,1866.160002,1835.906994,1863.346943,1029077
8/20/2021,1852.48938,1867.788604,1833.883452,1835.314742,1070166
8/23/2021,1846.122803,1870.453528,1823.914252,1864.531248,1092285
8/24/2021,1845.382568,1862.853368,1828.602774,1858.609019,1003905
8/25/2021,1799.040771,1845.481248,1796.425074,1835.906943,1280400
8/26/2021,1791.835327,1810.835977,1781.866179,1799.040817,1059290
8/27/2021,1798.942139,1806.295589,1773.723046,1800.373308,1020589
8/30/2021,1854.11792,1862.507817,1808.072285,1811.230787,1670309
8/31/2021,1896.708862,1900.064845,1851.255435,1854.117774,1816071
9/1/2021,1914.278442,1928.6399,1890.194478,1900.262307,1247432
9/2/2021,1941.619751,1953.859155,1921.632053,1933.131173,1167157
9/3/2021,1993.143555,1998.177469,1944.580782,1944.580782,1548784
9/6/2021,1994.476074,2006.517997,1980.163896,1998.769704,679133
9/7/2021,2007.554443,2013.476724,1986.62898,1987.912189,773091
9/8/2021,2029.318604,2040.225518,1988.94849,2007.603576,796813
9/9/2021,2007.949341,2033.316395,1994.870971,2025.420021,653397
9/13/2021,2004.346436,2016.980561,1994.969492,2010.614158,786459
9/14/2021,2029.071899,2034.796819,2005.728341,2012.489587,888765
9/15/2021,2092.391357,2105.370927,2033.316507,2033.316507,2795995
9/16/2021,2081.385498,2105.321382,2067.912406,2105.321382,725123
9/17/2021,2068.455322,2122.150571,2053.057296,2086.567486,1727410
9/20/2021,2050.44165,2068.849976,2043.729684,2060.953602,411738
9/21/2021,2058.831299,2070.330296,2035.388941,2048.121747,539788
9/22/2021,2054.09375,2083.606352,2046.542698,2069.639737,1057480
9/23/2021,2077.782715,2086.369973,2049.701284,2062.927614,711634
9/24/2021,2065.790039,2087.603869,2057.992466,2077.733401,540771
9/27/2021,2063.174316,2080.052911,2050.293309,2071.810975,507550
9/28/2021,2101.71875,2110.306009,2056.067837,2056.215797,923489
9/29/2021,2119.682861,2139.818518,2082.718009,2101.422497,912912
9/30/2021,2133.846924,2156.696958,2108.627833,2122.051523,1374265
10/1/2021,2135.722412,2146.826688,2095.154694,2129.059847,626710
10/4/2021,2127.38208,2146.13597,2110.306122,2132.021152,870878
10/5/2021,2164.247559,2178.066211,2102.409188,2127.381514,1329784
10/6/2021,2119.831055,2176.142125,2107.44381,2165.580772,895210
10/7/2021,2344.581543,2353.366162,2220.855139,2225.790373,8361061
10/8/2021,2327.653564,2388.653101,2322.52097,2388.653101,1845797
10/11/2021,2331.799072,2374.933207,2327.01204,2346.210051,1056932
10/12/2021,2460.312744,2475.315806,2312.304896,2334.365487,3517011
10/13/2021,2504.334961,2575.155565,2457.746403,2506.999939,4023645
10/14/2021,2530.837402,2550.528938,2499.548067,2541.941679,1546459
10/18/2021,2555.266846,2643.212572,2542.139075,2586.062658,2572741
10/19/2021,2452.712158,2603.829099,2436.771451,2603.829099,3546129
10/20/2021,2380.164551,2473.095151,2371.873454,2454.884186,2868983
10/21/2021,2364.667725,2404.396354,2349.22054,2402.37286,2303014
10/22/2021,2380.756836,2462.632318,2366.938181,2386.086792,3063724
10/25/2021,2348.332031,2380.756611,2309.68925,2373.847285,1446182
10/26/2021,2422.953125,2436.475618,2340.287956,2359.041845,2567357
10/27/2021,2428.233643,2450.195431,2420.435829,2436.031215,2082690
10/28/2021,2344.384033,2438.005515,2329.430371,2438.005515,3330380
10/29/2021,2352.675293,2372.860351,2316.154564,2368.912164,1450019
11/1/2021,2375.130371,2409.824964,2359.387025,2409.824964,1276469
11/2/2021,2422.16333,2432.872884,2389.689588,2391.41692,1546219
11/3/2021,2386.629639,2439.634001,2374.883879,2430.109096,1554405
11/4/2021,2400.250977,2413.131985,2390.627271,2407.407066,181506
11/8/2021,2503.890869,2515.68603,2416.586631,2445.803071,3449086
11/9/2021,2479.560303,2510.849637,2458.88148,2496.191896,1097405
11/10/2021,2452.416504,2494.11923,2440.176979,2472.552162,911235
11/11/2021,2495.353271,2509.862812,2444.224196,2451.824408,1726010
11/12/2021,2506.605225,2528.567015,2490.318953,2514.847161,1673817
11/15/2021,2506.506348,2539.375052,2498.906136,2517.956186,846885
11/16/2021,2498.955811,2518.302025,2487.505971,2517.068216,1133767
11/17/2021,2466.975586,2506.111896,2458.83245,2490.220346,892518
11/18/2021,2446.099121,2487.357722,2424.680256,2459.720414,739912
11/22/2021,2360.325195,2460.115488,2322.521253,2460.115488,1361329
11/23/2021,2356.771484,2379.720321,2334.414972,2349.171273,1247942
11/24/2021,2345.075195,2374.094274,2334.365641,2368.912279,614145
11/25/2021,2366.740723,2372.070679,2324.643035,2329.430308,662071
11/26/2021,2262.607178,2354.205159,2255.451089,2346.99967,1289322
11/29/2021,2294.093994,2304.161823,2202.496008,2260.337044,1094276
11/30/2021,2344.729492,2359.04167,2306.135869,2306.135869,2675375
12/1/2021,2329.627686,2410.318757,2316.993439,2378.585301,2177426
12/2/2021,2355.586914,2391.120595,2329.479577,2338.313597,1682636
12/3/2021,2338.560547,2374.291592,2324.544531,2373.847469,1062389
12/6/2021,2295.179932,2349.023382,2288.369164,2330.763016,547641
12/7/2021,2349.714355,2354.945752,2295.229419,2306.234895,904175
12/8/2021,2374.390381,2386.679065,2346.308949,2354.106522,926476
12/9/2021,2342.409912,2392.601336,2325.334196,2392.601336,1250492
12/10/2021,2309.048096,2354.501409,2266.555682,2354.501409,2288164
12/13/2021,2320.053467,2355.093628,2309.788277,2322.126361,992852
12/14/2021,2324.347168,2340.534639,2288.714683,2312.354405,765269
12/15/2021,2293.057373,2337.573274,2287.431255,2324.593707,567271
12/16/2021,2326.716064,2334.168316,2295.130567,2313.736495,998086
12/17/2021,2250.861328,2308.998527,2227.863331,2305.741224,1591893
12/20/2021,2210.343262,2233.834782,2176.438109,2230.429519,1063366
12/21/2021,2258.017578,2280.078171,2222.138571,2222.138571,883858
12/22/2021,2269.960938,2278.202875,2252.786419,2276.426142,643034
12/23/2021,2299.720215,2307.271267,2280.07808,2289.948548,613686
12/24/2021,2289.405518,2311.564669,2280.077974,2309.788177,534065
12/27/2021,2301.102051,2313.637496,2256.684949,2276.277681,537545
12/28/2021,2349.023193,2354.056987,2297.351202,2309.788087,871453
12/29/2021,2371.03418,2385.148996,2339.646287,2348.184145,764644
12/30/2021,2405.729248,2416.290601,2359.73277,2362.792712,1152684
12/31/2021,2489.726563,2502.163448,2412.93452,2415.599498,2225749
1/3/2022,2491.158203,2513.021194,2469.887296,2477.487508,921729
1/4/2022,2549.541992,2561.337154,2491.700951,2492.293275,1037293
1/5/2022,2542.780273,2574.217807,2526.938367,2542.632313,1244568
1/6/2022,2562.274658,2567.654256,2505.568868,2507.098839,1130508
1/7/2022,2539.375244,2652.441503,2529.159454,2595.933074,4625230
1/10/2022,2623.07666,2629.048341,2537.697119,2551.515773,1894316
1/11/2022,2618.980713,2644.051605,2600.177423,2615.67401,1123968
1/12/2022,2579.103516,2637.388669,2574.217683,2606.790223,1293999
1/13/2022,2585.322021,2594.846926,2554.476813,2577.178886,1023670
1/14/2022,2559.165771,2604.816689,2555.316385,2591.98508,1166457
1/17/2022,2563.90332,2570.565886,2517.363922,2559.165448,1172956
1/18/2022,2566.914063,2600.868377,2553.490129,2564.347644,1221314
1/19/2022,2555.365234,2583.89103,2537.795995,2564.347456,629040
1/20/2022,2531.084229,2576.19222,2516.969411,2563.360612,1215237
1/21/2022,2495.4021,2528.714927,2472.552064,2514.995074,1457884
1/24/2022,2371.922607,2489.874687,2345.222946,2487.35767,1411443
1/25/2022,2345.716553,2376.561763,2300.213602,2355.093497,2849686
1/27/2022,2280.127197,2329.824852,2230.725463,2296.85759,2460051
1/28/2022,2285.605713,2346.999977,2278.104061,2283.039295,1317407
1/31/2022,2329.726807,2349.171582,2306.087082,2322.521316,900510
2/1/2022,2400.300293,2410.466923,2328.393842,2347.986816,1246431
2/2/2022,2432.083252,2445.803106,2410.121461,2419.251644,1144427
2/3/2022,2442.891113,2474.081885,2385.691807,2448.369271,3883564
2/4/2022,2439.140381,2487.357709,2398.523505,2477.487242,2718069
2/7/2022,2377.99292,2465.790678,2357.067578,2447.875876,1119632
2/8/2022,2411.996826,2433.070372,2369.800575,2387.073894,1524580
2/9/2022,2452.61377,2462.681598,2424.236176,2433.070196,826261
2/10/2022,2459.57251,2471.515631,2433.613132,2467.567444,788689
2/11/2022,2410.614746,2447.875758,2389.886766,2447.875758,1030760
2/14/2022,2366.938232,2391.614402,2320.793794,2349.17139,816491
2/15/2022,2463.570068,2467.419696,2367.925328,2390.578004,1293933
2/16/2022,2455.822021,2487.25932,2428.38207,2477.487652,1008929
2/17/2022,2460.905029,2504.631251,2454.785387,2476.99394,960885
2/18/2022,2456.710205,2467.123598,2428.924933,2447.185299,654373
2/21/2022,2422.55835,2455.772377,2379.819176,2455.772377,788568
2/22/2022,2418.363525,2425.174052,2346.210306,2346.210306,874150
2/23/2022,2463.372314,2492.29283,2420.238423,2420.238423,2096198
2/24/2022,2375.426758,2434.057237,2363.976919,2370.886246,1875086
2/25/2022,2436.475586,2441.953744,2392.107881,2392.107881,1284338
2/28/2022,2513.563965,2530.44232,2398.523617,2398.523617,2355891
3/2/2022,2559.066895,2571.059658,2491.651788,2516.969443,3536974
3/3/2022,2540.904785,2605.60574,2526.839371,2586.062168,2153478
3/4/2022,2409.381104,2531.7749,2398.523589,2531.7749,2652474
3/7/2022,2358.745605,2388.60377,2299.818962,2383.520576,1545686
3/8/2022,2340.534424,2388.159426,2295.47584,2368.912016,1467595
3/9/2022,2402.126221,2428.628522,2344.236025,2362.002867,1581979
3/10/2022,2435.833984,2472.305313,2413.18131,2465.642748,1051744
3/11/2022,2461.299805,2465.840075,2417.129464,2445.901779,812330
3/14/2022,2506.111816,2512.034097,2442.940821,2457.746523,1004492
3/15/2022,2523.829102,2545.59353,2510.257209,2525.852596,1571483
3/16/2022,2553.786133,2559.905775,2532.761989,2544.409189,757197
3/17/2022,2667.987305,2686.39563,2566.420293,2566.420293,3336088
3/21/2022,2672.182373,2732.145464,2665.026284,2704.508155,1889261
3/22/2022,2677.611084,2683.582765,2612.169836,2681.065748,1279904
3/23/2022,2655.155762,2707.419839,2643.16324,2694.637632,1281815
3/24/2022,2584.581787,2659.103813,2578.708907,2659.103813,1835380
3/25/2022,2491.207031,2599.880968,2485.383552,2596.919828,2863040
3/28/2022,2503.051758,2512.576904,2450.837081,2503.644082,1316800
3/29/2022,2505.914307,2525.852603,2492.589176,2516.969182,908172
3/30/2022,2490.466797,2532.515083,2477.487229,2523.18754,866666
3/31/2022,2503.29834,2512.428522,2487.308232,2492.539627,910316
4/1/2022,2488.196777,2516.969092,2459.572423,2505.124532,1208002
4/4/2022,2484.396729,2528.813833,2476.253593,2507.444367,1424995
4/5/2022,2516.179688,2544.409323,2487.407369,2499.202531,1586304
4/6/2022,2507.148193,2531.676161,2490.61516,2514.00812,1349078
4/7/2022,2426.506592,2511.491177,2420.238748,2469.88725,2785215
4/8/2022,2477.437988,2499.843902,2433.070284,2436.376987,1217812
4/11/2022,2457.598633,2477.438129,2445.309707,2470.578202,660112
4/12/2022,2455.969971,2476.00707,2408.641122,2447.876235,1182427
4/13/2022,2429.467529,2463.619201,2409.479833,2459.917776,1165453
4/18/2022,2461.151611,2467.616816,2378.78261,2403.458778,1109814
4/19/2022,2420.831055,2487.950236,2409.381216,2476.89512,929834
4/20/2022,2450.540771,2472.551961,2411.058904,2421.274933,639190
4/21/2022,2488.344727,2492.243513,2434.057158,2450.54079,880723
4/22/2022,2480.152588,2493.724482,2444.42154,2482.422844,878780
4/25/2022,2422.11377,2456.759205,2415.352644,2438.992364,682383
4/26/2022,2515.192383,2519.091169,2427.147864,2428.134911,1232557
4/27/2022,2460.066162,2504.92739,2456.019174,2495.895768,801135
4/28/2022,2480.645996,2498.215478,2444.91495,2497.12963,933881
4/29/2022,2426.358154,2499.202249,2418.26442,2488.344735,1496781
5/2/2022,2355.636719,2405.433184,2341.620702,2403.459091,1287401
5/4/2022,2260.287598,2375.821465,2245.531297,2325.482082,2357806
5/5/2022,2232.699707,2279.090903,2222.9772,2279.090903,2118580
5/6/2022,2180.139404,2210.984614,2167.011635,2210.984614,1465638
5/9/2022,2154.92041,2184.680014,2142.878488,2166.56761,968069
5/10/2022,2109.664551,2157.684281,2097.474427,2151.762,1092429
5/11/2022,2087.307861,2110.3061,2068.603372,2099.645947,1472911
5/12/2022,2022.014648,2076.647541,2009.183041,2074.772249,1362031
5/13/2022,2064.605713,2126.098776,2029.516151,2029.516151,2580348
5/16/2022,2082.273926,2124.124612,2069.540878,2090.565022,1370151
5/17/2022,2148.15918,2156.697037,2083.655582,2117.215169,1256142
5/18/2022,2138.683594,2165.876781,2133.008075,2158.671291,1188772
5/19/2022,2084.593506,2128.171768,2028.480038,2097.474515,981115
5/20/2022,2109.368164,2127.628528,2101.619751,2112.181103,1017542
5/23/2022,2123.43335,2171.50247,2110.305582,2132.020607,1346294
5/24/2022,2112.526855,2136.956263,2093.871768,2123.779092,1150314
5/25/2022,2086.024658,2152.74912,2078.720608,2132.021137,1125068
5/26/2022,2114.20459,2122.98945,2048.615386,2104.383524,1382368
5/27/2022,2121.36084,2131.971592,2095.894985,2127.085759,865917
5/30/2022,2226.678711,2230.725699,2135.969209,2135.969209,1691435
5/31/2022,2187.295654,2270.207583,2148.406108,2225.691677,7005071
6/1/2022,2169.134033,2275.043957,2151.761914,2225.79042,2126105
6/2/2022,2192.181396,2196.524547,2148.406018,2148.406018,966727
6/3/2022,2175.845703,2215.870496,2169.281939,2202.742726,1228695
6/6/2022,2170.071533,2180.336722,2137.893715,2175.845612,1285097
6/7/2022,2073.588135,2151.219276,2060.953886,2145.395795,3255286
6/8/2022,2101.274414,2105.370561,2069.392758,2078.769702,1775344
6/9/2022,2111.983887,2126.098703,2075.759319,2078.720459,1035771
6/10/2022,2114.500977,2137.943338,2080.694624,2080.694624,927889
6/13/2022,2075.166748,2096.931175,2049.306174,2080.694306,928411
6/14/2022,2074.772217,2089.479117,2045.802299,2072.798123,893733
6/15/2022,2077.782715,2099.941865,2062.927614,2076.746268,783714
6/16/2022,2034.253906,2117.215232,2015.598819,2098.856066,1265289
6/17/2022,1911.366577,2025.074311,1885.802163,2014.56236,6066708
6/20/2022,1936.289429,1947.887227,1880.768053,1912.896471,1967950
6/21/2022,2051.181885,2066.62907,1941.027374,1954.253825,3289922
6/22/2022,2004.889404,2044.124514,1981.00292,2043.186868,1507811
6/23/2022,2014.957397,2021.274521,1971.280576,2013.575508,1632845
6/24/2022,2019.102783,2049.50375,2007.603665,2026.949877,854618
6/27/2022,2013.87146,2056.65979,1998.769597,2055.03126,1067849
6/28/2022,1942.557373,1995.808496,1934.611599,1993.834403,3397585
6/29/2022,1911.070557,1928.985479,1898.090868,1924.74113,2375427
6/30/2022,1916.104492,1940.287137,1901.052029,1924.741151,2489709
7/1/2022,1920.990356,1929.034812,1801.409738,1870.453611,4064801
7/4/2022,1937.079224,1941.126091,1903.026111,1928.689326,1023678
7/5/2022,1928.935913,1963.334465,1915.413422,1941.520758,1555345
7/6/2022,1987.46814,1999.263301,1916.203288,1932.637642,1952701
7/7/2022,2099.941895,2143.470751,2075.315127,2102.409511,5915740
7/8/2022,2124.061523,2133.620124,2090.531695,2119.752584,2039331
7/11/2022,2143.129395,2153.282415,2106.479467,2132.629589,1219508
7/12/2022,2109.847412,2121.733876,2094.444487,2111.828489,1096542
7/13/2022,2091.423096,2121.535614,2087.510517,2109.84721,1169721
7/14/2022,2107.321533,2119.752842,2093.008297,2111.828533,767221
7/15/2022,2168.982422,2172.399732,2112.02645,2114.800006,1742573
7/18/2022,2216.280518,2226.037419,2173.29124,2175.222741,2016386
7/19/2022,2219.995117,2231.683521,2195.726921,2211.37748,867223
7/20/2022,2249.711426,2276.257911,2239.70713,2258.428215,1620332
7/21/2022,2266.946777,2276.257744,2242.579431,2263.380742,1117118
7/22/2022,2303.002441,2307.90556,2261.498967,2277.248436,1185176
7/25/2022,2306.815918,2326.577115,2291.115784,2317.166998,1248393
7/26/2022,2271.503174,2312.858162,2264.916189,2312.858162,1142159
7/27/2022,2281.755371,2289.134836,2245.105441,2263.479981,1456382
7/28/2022,2312.561035,2319.346322,2283.241235,2299.040279,1126799
7/29/2022,2329.796631,2369.863873,2316.919628,2332.718672,1239445
8/1/2022,2353.767334,2358.521968,2316.869771,2342.425715,581266
8/2/2022,2362.38501,2375.113528,2334.749079,2347.576506,777687
8/3/2022,2393.537354,2402.94747,2332.718381,2372.339924,1207016
8/4/2022,2400.71875,2407.454461,2348.517415,2406.959191,1015590
8/5/2022,2409.782471,2449.007656,2394.478697,2402.25428,2443597
8/8/2022,2423.798584,2451.286032,2410.129102,2436.725162,1576547
8/10/2022,2410.574951,2446.531311,2394.231063,2446.531311,1065998
8/11/2022,2448.958252,2462.479007,2423.055522,2423.055522,1127878
8/12/2022,2448.562012,2469.412899,2438.60705,2448.611587,761420
8/16/2022,2470.254883,2475.851329,2411.961587,2437.814742,1035928
8/17/2022,2468.620361,2499.277484,2457.179592,2471.393918,863500
8/18/2022,2455.248047,2480.209572,2443.956003,2468.620318,827663
8/19/2022,2417.508545,2475.306326,2407.900127,2475.306326,751505
8/22/2022,2394.726318,2434.743983,2385.217051,2416.914287,947292
8/23/2022,2456.733643,2478.277856,2377.2925,2384.22627,1417877
8/24/2022,2437.418213,2471.393734,2417.954227,2471.393734,672569
8/25/2022,2443.114014,2477.931592,2433.456262,2449.60209,732577
8/26/2022,2508.935303,2531.816843,2458.071287,2459.557095,2398253
8/29/2022,2507.746582,2516.859489,2434.00103,2434.00103,1149676
8/30/2022,2580.006348,2598.281979,2518.939738,2520.920815,1794736
9/1/2022,2597.192383,2622.104334,2541.375432,2568.417186,1438313
9/2/2022,2587.881348,2619.974703,2582.38381,2606.107162,800453
9/5/2022,2602.491943,2615.022161,2586.148055,2600.164081,733481
9/6/2022,2606.750977,2621.856691,2586.29645,2606.800552,680071
9/7/2022,2612.793213,2616.408582,2575.796499,2582.334151,438635
9/8/2022,2601.8479,2634.733736,2591.249185,2623.936961,754150
9/9/2022,2578.817627,2627.056808,2568.466547,2626.908324,777186
9/12/2022,2635.971924,2644.441078,2585.305967,2592.041678,808360
9/13/2022,2679.952148,2697.237001,2646.719525,2654.643835,1536444
9/14/2022,2675.048584,2686.340627,2619.974542,2619.974542,915281
9/15/2022,2631.019287,2691.293664,2622.946493,2688.470532,753648
9/16/2022,2587.088867,2652.315692,2579.610252,2622.946318,1425731
9/19/2022,2595.013184,2607.097707,2528.39946,2587.039299,808421
9/20/2022,2658.605957,2668.06565,2610.16871,2617.20139,844553
9/21/2022,2641.419678,2674.454237,2631.514292,2662.567774,1052572
9/22/2022,2711.69873,2718.979045,2624.927447,2634.832834,1352472
9/23/2022,2647.164795,2729.627132,2641.766408,2711.698529,1226889
9/26/2022,2630.375488,2652.613033,2539.295504,2640.776145,1371409
9/27/2022,2575.74707,2654.197677,2561.087051,2644.68841,1246270
9/28/2022,2552.568604,2609.574153,2540.236445,2563.018835,1419969
9/29/2022,2507.548584,2581.393288,2493.532559,2570.299304,1177076
9/30/2022,2582.284912,2612.446768,2498.733115,2513.987315,1453944
10/3/2022,2549.844482,2600.163893,2531.420609,2600.163893,1049142
10/4/2022,2560.641602,2604.126152,2547.318663,2604.126152,1291070
10/6/2022,2568.318115,2595.211142,2557.174556,2573.468868,1409852
10/7/2022,2704.665771,2719.028582,2649.690877,2664.548956,5284814
10/10/2022,2654.742676,2702.090229,2632.851675,2684.359684,1290447
10/11/2022,2599.668945,2668.511388,2591.645485,2667.52085,1067626
10/12/2022,2596.548584,2619.875576,2581.343719,2605.116647,1131702
10/13/2022,2574.063232,2603.135639,2566.485708,2585.305943,1038687
10/14/2022,2593.032227,2638.398947,2583.077264,2615.022137,1326916
10/17/2022,2600.163818,2609.970054,2577.926275,2589.168743,1111199
10/18/2022,2616.111572,2639.488138,2598.331211,2613.18929,771852
10/19/2022,2619.529053,2651.671984,2615.022053,2629.23638,1001916
10/20/2022,2606.602539,2618.984273,2556.927121,2615.022118,1022636
10/21/2022,2640.429199,2654.29674,2615.071555,2624.927366,986521
10/24/2022,2658.506592,2674.35521,2653.801533,2671.482745,184595
10/25/2022,2645.035645,2671.829766,2636.814125,2671.829766,505759
10/27/2022,2678.218506,2738.839424,2654.643637,2674.454411,2117791
10/28/2022,2710.509766,2712.986112,2667.768121,2683.319529,1003160
10/31/2022,2735.372314,2764.593203,2712.342292,2723.981121,1144647
11/1/2022,2728.884521,2757.659719,2715.066555,2743.940661,890107
11/2/2022,2702.635254,2721.35658,2677.426092,2719.028718,1704942
11/3/2022,2737.501953,2752.706818,2679.40696,2679.40696,1227960
11/4/2022,2743.494873,2755.133702,2720.613575,2748.645626,1172058
11/7/2022,2715.611328,2745.773182,2680.69484,2745.773182,1825529
11/9/2022,2692.383301,2742.801623,2684.359841,2742.801623,1184702
11/10/2022,2616.012451,2685.449304,2603.135449,2684.359615,1198585
11/11/2022,2626.710449,2668.907251,2616.557428,2645.728743,833729
11/14/2022,2604.918701,2639.785615,2598.381049,2632.851844,565428
11/15/2022,2631.514404,2643.896137,2596.251374,2617.944073,1033296
11/16/2022,2619.281494,2652.860659,2605.116743,2633.842364,835064
11/17/2022,2557.570801,2619.974736,2551.627569,2613.040965,1265647
11/18/2022,2541.52417,2558.957505,2520.920917,2555.589771,1038751
11/21/2022,2549.002686,2554.549557,2515.62134,2527.854589,629040
11/22/2022,2581.541992,2584.315549,2536.76969,2555.589926,912070
11/23/2022,2577.134033,2607.593098,2566.287683,2590.209096,992873
11/24/2022,2585.50415,2593.527611,2567.971663,2586.29663,752066
11/25/2022,2570.843994,2595.211342,2561.533027,2595.211342,633047
11/28/2022,2567.723877,2583.82013,2554.59924,2559.948052,665149
11/29/2022,2589.020264,2615.021902,2570.49724,2572.577226,866621
11/30/2022,2627.898926,2639.785389,2579.560593,2589.020285,1569918
12/1/2022,2613.734375,2639.785591,2605.116737,2636.813975,539844
12/2/2022,2593.130859,2626.313902,2580.353008,2622.946167,731396
12/5/2022,2590.902344,2605.067095,2564.75222,2604.126132,747114
12/6/2022,2592.239502,2599.173272,2566.782708,2595.013058,706596
12/7/2022,2572.280273,2598.925665,2562.226161,2591.546201,712914
12/8/2022,2559.056641,2589.168919,2554.351582,2572.280429,648288
12/9/2022,2590.704102,2605.017336,2543.653519,2572.428713,935047
12/12/2022,2560.195801,2588.77294,2546.675044,2588.77294,726330
12/13/2022,2551.528564,2575.400644,2540.731789,2572.825147,832740
12/14/2022,2566.584717,2571.438259,2546.823278,2550.488464,767737
12/15/2022,2498.831787,2564.157762,2490.758994,2560.542393,1225728
12/16/2022,2459.358887,2496.157299,2456.535755,2476.346527,1177053
12/19/2022,2497.94043,2501.35774,2445.34273,2459.705541,572224
12/20/2022,2484.419434,2493.780217,2458.616095,2492.987738,597902
12/21/2022,2466.045166,2504.081754,2457.526437,2491.204751,519326
12/22/2022,2459.507324,2485.459387,2441.67763,2468.224112,557608
12/23/2022,2459.557129,2481.299405,2431.77247,2444.302688,1310439
12/26/2022,2457.625488,2488.629154,2446.878047,2464.212473,1076808
12/27/2022,2479.863037,2496.058199,2462.082917,2474.365499,791283
12/28/2022,2555.738037,2571.43817,2473.87012,2479.120023,2443430
12/29/2022,2529.092773,2564.356046,2518.147273,2530.826216,1583143
12/30/2022,2572.924072,2585.305805,2528.894679,2539.741028,1057182
1/2/2023,2541.474609,2591.249178,2532.609337,2582.33433,697408
1/3/2023,2588.871826,2594.220638,2530.875742,2543.703169,852511
1/4/2023,2572.973633,2601.402043,2561.136745,2594.022578,832054
1/5/2023,2537.859131,2595.211221,2519.5835,2566.485601,1544601
1/6/2023,2514.086426,2559.948175,2493.185962,2535.779127,879019
1/9/2023,2461.141846,2506.013296,2444.451414,2506.013296,2324487
1/10/2023,2444.847412,2475.05884,2432.762889,2471.393896,948787
1/11/2023,2414.339111,2465.05489,2407.99976,2449.602388,1000412
1/12/2023,2423.451904,2451.583105,2408.989944,2426.819639,874520
1/13/2023,2394.330078,2433.654416,2377.292861,2433.654416,1416869
1/16/2023,2383.087402,2411.763447,2369.368346,2405.027736,737012
1/17/2023,2385.16748,2395.023292,2363.425206,2382.24544,926137
1/18/2023,2401.165039,2406.860637,2389.971903,2395.122656,601233
1/19/2023,2362.484375,2388.981285,2344.803162,2369.86384,1116874
1/20/2023,2348.864258,2374.271476,2330.737353,2367.337706,1229902
1/23/2023,2342.32666,2361.741314,2333.312904,2361.394529,932554
1/24/2023,2348.319336,2367.981623,2341.633201,2350.052778,714000
1/25/2023,2334.303223,2347.576342,2311.471261,2347.576342,650664
1/27/2023,2309.193359,2345.991776,2280.814522,2345.991776,1238620
1/30/2023,2313.452637,2320.683617,2265.411511,2309.936176,1401847
1/31/2023,2354.658936,2363.870994,2313.55158,2324.794291,1252600
2/1/2023,2323.704346,2386.999906,2278.288297,2385.761733,1521514
2/2/2023,2286.262451,2362.43478,2248.126712,2318.900653,1788381
2/3/2023,2439.795898,2446.630519,2298.148868,2298.148868,3693638
2/6/2023,2434.743896,2456.486171,2424.442392,2451.434569,1049075
2/7/2023,2423.748779,2436.477297,2409.089002,2433.059987,563195
2/8/2023,2443.411133,2456.535769,2423.847995,2423.847995,539085
2/9/2023,2439.251221,2452.227133,2428.40487,2443.65907,464715
2/10/2023,2445.144775,2448.611661,2418.945075,2428.800887,597337
2/13/2023,2495.216553,2500.070096,2452.722298,2456.535968,1856317
2/14/2023,2483.181152,2505.022577,2456.53576,2505.022577,843477
2/15/2023,2500.416748,2504.329327,2459.804664,2479.763921,707224
2/16/2023,2498.534424,2521.564446,2494.275301,2506.062614,704946
2/17/2023,2476.644043,2521.763131,2472.384678,2491.204914,607239
2/20/2023,2450.740967,2483.527891,2442.965384,2476.346486,460090
2/21/2023,2440.29126,2462.429655,2427.315106,2462.429655,750272
2/22/2023,2408.544189,2439.498521,2391.556307,2428.75108,1098118
2/23/2023,2371.844727,2409.485194,2357.481917,2409.485194,1602078
2/24/2023,2376.401367,2390.912662,2355.45133,2377.292755,1145691
2/27/2023,2378.283203,2389.179128,2351.142542,2376.401276,862629
2/28/2023,2350.350098,2402.056166,2341.237191,2378.382389,1430349
3/1/2023,2359.859131,2373.380128,2343.961179,2347.576549,479935
3/2/2023,2336.631104,2371.646742,2329.499274,2359.809853,529609
3/3/2023,2373.429932,2379.274013,2335.98752,2347.576774,710845
3/6/2023,2380.709961,2403.442774,2369.962762,2389.723959,682556
3/8/2023,2374.42041,2378.481474,2349.805427,2373.72684,858496
3/9/2023,2345.843262,2385.167599,2342.624011,2378.085345,601071
3/10/2023,2353.024414,2357.432262,2315.879217,2332.569889,543004
3/13/2023,2309.936279,2354.460946,2299.040353,2350.300732,631722
3/14/2023,2333.313232,2369.220263,2306.81632,2314.839539,1470817
3/15/2023,2376.401367,2391.011812,2357.432407,2357.481982,1656307
3/16/2023,2427.166504,2458.516956,2390.169788,2390.665058,2317115
3/17/2023,2432.416016,2450.592496,2424.244072,2443.80721,1625905
3/20/2023,2436.675293,2451.533371,2418.44948,2438.705945,918922
3/21/2023,2490.263916,2497.692956,2444.699135,2451.583331,1652107
3/22/2023,2484.419434,2500.119568,2471.393947,2494.126761,754732
3/23/2023,2495.216553,2504.081826,2470.453085,2486.252129,610778
3/24/2023,2469.759766,2495.860315,2451.533708,2492.98785,838919
3/27/2023,2470.799561,2486.252061,2443.460838,2456.5359,728727
3/28/2023,2476.644043,2483.429088,2470.30445,2479.219299,599191
3/29/2023,2491.25415,2501.109961,2470.403265,2476.643706,710603
3/31/2023,2491.105469,2512.748834,2476.34654,2503.041507,848456
4/3/2023,2513.392822,2520.574228,2489.520984,2502.001627,701713
4/5/2023,2548.358643,2557.075431,2525.972615,2535.778851,1438377
4/6/2023,2524.338135,2559.551832,2520.920825,2558.561293,1192271
4/10/2023,2559.254395,2577.381298,2536.818793,2543.702988,1497452
4/11/2023,2555.639404,2578.867488,2551.627674,2559.254774,820568
4/12/2023,2563.415039,2568.912577,2539.889745,2555.639455,553807
4/13/2023,2561.186279,2575.351031,2552.915426,2563.514142,481459
4/17/2023,2580.947754,2587.53474,2557.868154,2575.40064,1044487
4/18/2023,2553.311523,2582.978109,2535.878188,2578.421776,674756
4/19/2023,2544.991211,2571.388971,2537.76023,2555.639502,687292
4/20/2023,2554.84668,2594.220589,2546.179467,2553.261721,995472
4/21/2023,2544.000488,2570.002128,2535.036065,2569.061165,409932
4/24/2023,2604.671143,2611.456188,2545.684513,2546.774203,1026391
4/25/2023,2608.286377,2612.050472,2590.209046,2609.920911,630987
4/26/2023,2616.012451,2622.599436,2600.807587,2608.088142,631279
4/27/2023,2638.25,2648.700231,2606.60234,2616.012457,620037
4/28/2023,2616.854492,2653.950114,2594.715858,2647.164828,1567472
5/2/2023,2638.646484,2648.700355,2608.484389,2631.861198,726439
5/3/2023,2628.939209,2654.14837,2618.092859,2649.690946,808211
5/4/2023,2645.134277,2668.758721,2631.415462,2654.346335,1936641
5/5/2023,2707.043213,2739.830142,2641.073478,2645.332843,2190777
5/8/2023,2725.219482,2743.792082,2707.043001,2707.092577,848638
5/9/2023,2722.396484,2763.602991,2712.540673,2727.250269,893686
5/10/2023,2719.474365,2741.513851,2710.311882,2733.886751,522149
5/11/2023,2731.75708,2738.839335,2718.087599,2731.905564,621067
5/12/2023,2746.961914,2758.15505,2730.766751,2734.679331,705516
5/15/2023,2753.251709,2775.588404,2738.09642,2747.754171,772914
5/16/2023,2763.850342,2774.300572,2748.298934,2758.650014,548885
5/17/2023,2736.263916,2763.60288,2724.030909,2758.650187,539547
5/18/2023,2696.097656,2755.678458,2690.402059,2755.678458,612441
5/19/2023,2676.088623,2694.215529,2657.664749,2694.215529,846419
5/22/2023,2686.885742,2708.132748,2675.544123,2676.039392,559506
5/23/2023,2658.060791,2700.604376,2651.969075,2694.21545,713749
5/24/2023,2681.635742,2696.246187,2644.738178,2649.690871,814553
5/25/2023,2682.329102,2694.265141,2656.624672,2688.767603,651488
5/26/2023,2716.205322,2733.589323,2673.612163,2682.328951,811400
5/29/2023,2785.642334,2795.102027,2719.028609,2719.028609,1107678
5/30/2023,2775.984619,2815.011746,2771.229985,2802.729163,1263691
5/31/2023,2796.53833,2805.304694,2763.70207,2775.984652,1394580
6/1/2023,2800.500488,2810.801994,2788.069179,2796.538334,538550
6/2/2023,2834.574707,2843.83634,2799.707796,2803.224257,1116501
6/5/2023,2828.680908,2847.798351,2813.129501,2847.798351,724102
6/6/2023,2854.1875,2865.62827,2831.256627,2833.881458,1148132
6/7/2023,2879.446289,2882.46748,2842.845934,2867.609401,862821
6/8/2023,2849.779785,2894.205542,2843.886128,2879.396795,560514
6/9/2023,2849.037109,2892.323605,2836.160105,2862.657017,727880
6/12/2023,2825.610352,2858.149398,2806.443334,2857.654128,1112274
6/13/2023,2884.943848,2890.39181,2828.087025,2832.841417,776313
6/14/2023,2879.54541,2900.495206,2869.590448,2892.372837,617700
6/15/2023,2880.486572,2896.978945,2872.562263,2883.507764,564711
6/16/2023,2926.348389,2931.994411,2884.250496,2884.250496,1022389
6/19/2023,2940.512939,2995.784799,2935.312612,2938.927981,1382633
6/20/2023,2945.862061,2958.09531,2920.405265,2944.574312,672298
6/21/2023,2942.989502,2956.757893,2930.161833,2945.861967,509602
6/22/2023,2942.147461,2956.510272,2927.834226,2946.85252,496441
6/23/2023,2911.341553,2952.795692,2904.259298,2944.376113,869340
6/26/2023,2944.475098,2952.795525,2912.183443,2912.183443,839713
6/27/2023,2947.545654,2960.917925,2912.876803,2944.871248,913730
6/28/2023,2999.450195,3015.595782,2956.807458,2966.663269,1525117
6/30/2023,3018.814941,3038.922924,3000.489977,3017.180649,946112
7/3/2023,3009.553711,3025.10512,2997.667247,3021.242116,429100
7/4/2023,3045.55957,3060.764435,3010.246964,3012.723311,1291238
7/5/2023,3070.521484,3084.43836,3034.020037,3045.906501,643663
7/6/2023,3077.009033,3082.407662,3052.245568,3070.669683,976956
7/7/2023,3114.253662,3179.629216,3096.820084,3110.291507,3630808
7/10/2023,3016.735107,3125.149517,3001.579817,3125.149517,1777220
7/11/2023,3058.387451,3068.688957,3015.992346,3033.871618,1141925
7/12/2023,3067.203125,3094.44294,3058.436761,3084.537552,1300168
7/13/2023,3065.463867,3095.127339,3060.04799,3094.481258,932018
7/14/2023,3036.446533,3077.985245,3023.577546,3074.308184,721349
7/17/2023,3014.484619,3053.737662,3001.118758,3050.806155,866575
7/18/2023,2977.71582,3020.943854,2944.872404,3014.484492,1359863
7/19/2023,2976.920898,2998.534916,2966.387316,2991.28075,568891
7/20/2023,2970.610596,2997.739961,2947.456222,2983.479582,1021556
7/21/2023,2957.691895,2986.21241,2951.431234,2972.051503,599594
7/24/2023,2960.57373,2974.188028,2932.798525,2959.381281,523141
7/25/2023,3010.062256,3013.937775,2954.163939,2961.368611,874788
7/26/2023,2989.541504,3025.862794,2976.274873,3025.862794,588487
7/27/2023,2983.330811,3005.193265,2964.995967,2995.106578,595544
7/28/2023,2968.324951,2991.181153,2933.245602,2989.342622,837051
7/31/2023,2985.268555,2999.081554,2931.55643,2931.55643,656048
8/1/2023,2983.131592,3008.571634,2969.020421,3005.938299,602288
8/2/2023,2958.536377,2986.907927,2941.493698,2986.858191,1152335
8/3/2023,2883.955811,2968.275172,2864.975129,2919.581526,3319847
8/4/2023,2886.241455,2917.445286,2879.881565,2901.694284,709334
8/7/2023,2886.440186,2901.69407,2864.428524,2901.69407,580359
8/8/2023,2902.98584,2913.668629,2886.440036,2899.756159,474417
8/9/2023,2937.419434,2943.481393,2899.905449,2905.718971,600081
8/10/2023,2969.865234,2976.771734,2898.762526,2939.506189,970990
8/11/2023,2998.385986,3048.272085,2961.368875,2969.815733,1823274
8/14/2023,2991.827148,3001.466698,2969.666763,3001.466698,542561
8/16/2023,2992.274414,2997.04421,2959.430997,2986.212455,544441
8/17/2023,3052.545166,3060.196976,2993.168728,2999.131215,1699758
8/18/2023,3031.378418,3060.246845,3016.02506,3051.402585,860782
8/21/2023,3059.054199,3063.227892,3030.931085,3031.924833,706621
8/22/2023,3056.371338,3071.67496,3021.093285,3065.662736,714220
8/23/2023,3050.805908,3065.712126,3037.191611,3056.370993,602197
8/24/2023,3042.060791,3080.518783,3037.141788,3056.470134,618626
8/25/2023,3048.023682,3055.526527,3018.559152,3035.900005,648003
8/28/2023,3029.490234,3060.693822,3021.689216,3054.78107,471698
8/29/2023,3060.147217,3070.681042,3024.968638,3032.868885,482639
8/30/2023,3062.929688,3091.549675,3047.824768,3060.743491,582766
8/31/2023,3085.040527,3099.449871,3062.929637,3071.525702,1420498
9/1/2023,3097.313477,3105.362689,3080.618463,3092.493702,423739
9/4/2023,3080.916748,3105.412537,3067.004277,3097.462554,539813
9/5/2023,3116.542236,3137.75885,3095.524566,3100.493306,721199
9/6/2023,3156.193115,3160.664981,3101.338279,3116.542428,1163154
9/7/2023,3152.963379,3163.049823,3132.293374,3153.16208,805295
9/8/2023,3179.099121,3184.962137,3152.963502,3162.105934,700158
9/11/2023,3193.210205,3201.408625,3166.677184,3189.881053,544452
9/12/2023,3165.88208,3201.010922,3157.733396,3195.942954,591509
9/13/2023,3242.798096,3249.55563,3158.180559,3158.180559,1370306
9/14/2023,3240.959961,3281.802856,3219.743345,3257.058629,1264935
9/15/2023,3228.289551,3243.593172,3218.749474,3241.208274,1397407
9/18/2023,3318.621094,3331.042942,3226.500712,3236.636892,1423507
9/20/2023,3285.976318,3328.061638,3279.417728,3293.280462,1201025
9/21/2023,3283.839844,3301.727305,3265.256807,3279.367978,1091384
9/22/2023,3254.027588,3278.175711,3241.307566,3278.175711,1019051
9/25/2023,3263.418457,3294.174907,3240.959899,3254.027588,623515
9/26/2023,3242.201904,3287.317961,3234.649323,3273.40549,1054827
9/27/2023,3194.452393,3246.524686,3166.080841,3226.500763,1464192
9/28/2023,3137.510498,3204.737445,3122.107406,3197.383808,1214383
9/29/2023,3129.113525,3156.590559,3123.399475,3140.29319,697564
10/3/2023,3176.266846,3192.41525,3094.92848,3129.113555,1007308
10/4/2023,3146.851807,3184.962137,3131.299748,3166.080926,486969
10/5/2023,3196.390137,3210.799481,3145.21212,3154.056379,1109881
10/6/2023,3289.057129,3299.044344,3200.961474,3209.805733,1102120
10/9/2023,3247.071289,3275.393104,3228.736689,3274.101184,822467
10/10/2023,3248.760498,3278.572934,3238.922491,3274.399242,633934
10/11/2023,3259.98999,3275.393083,3243.59315,3269.132422,546575
10/12/2023,3264.461914,3274.449129,3242.202058,3271.418149,429096
10/13/2023,3263.219482,3286.32412,3246.127068,3264.461667,920545
10/16/2023,3280.759033,3308.186571,3254.524187,3263.467918,778014
10/17/2023,3287.765137,3307.640094,3283.442479,3297.205742,584625
10/18/2023,3262.226074,3303.367142,3257.008897,3288.510659,324535
10/19/2023,3264.11377,3280.311908,3218.749277,3249.555461,698767
10/20/2023,3245.779297,3270.921167,3223.718142,3252.188922,657550
10/23/2023,3199.619873,3254.47471,3189.632658,3225.904457,566920
10/25/2023,3167.919434,3216.066472,3159.124667,3195.893341,762466
10/26/2023,3081.413574,3169.956368,3072.71828,3140.591311,1124281
10/27/2023,3101.188965,3119.126163,3067.948147,3075.749165,1050608
10/30/2023,3096.965576,3102.43119,3055.774774,3085.587211,802316
10/31/2023,3169.708008,3185.757183,3068.544662,3100.096159,1235478
11/1/2023,3153.55957,3192.812613,3148.541337,3173.881909,756820
11/2/2023,3181.483887,3208.31508,3160.118307,3179.993265,774180
11/3/2023,3254.027588,3267.443185,3185.011843,3185.111072,1355614
11/6/2023,3246.624268,3289.305693,3225.01025,3289.305693,1137606
11/7/2023,3249.754395,3265.902798,3229.879436,3253.530685,433992
11/8/2023,3291.144043,3303.019282,3251.741794,3268.436807,632305
11/9/2023,3263.219482,3300.186854,3254.17628,3300.186854,1317398
11/10/2023,3235.990967,3254.474532,3202.849378,3242.649029,1170763
11/13/2023,3244.338379,3257.853447,3230.276944,3254.524295,275538
11/15/2023,3275.343262,3280.262265,3240.363385,3254.772729,747863
11/16/2023,3315.093262,3337.005451,3238.872846,3274.796736,1055389
11/17/2023,3317.975342,3344.955501,3305.901159,3318.124307,633405
11/20/2023,3324.931396,3332.980609,3291.541371,3317.130379,497379
11/21/2023,3373.227539,3380.481947,3334.123704,3343.961712,1038863
11/22/2023,3408.40625,3413.523955,3374.817523,3378.742779,980779
11/23/2023,3387.090088,3420.430377,3375.065884,3412.430658,517362
11/24/2023,3375.711914,3397.723576,3361.402041,3384.705381,589530
11/28/2023,3420.877686,3424.405539,3376.109537,3396.580598,733524
11/29/2023,3407.859863,3452.131383,3402.592951,3452.131383,819200
11/30/2023,3468.776367,3478.1175,3400.853604,3409.64837,1480088
12/1/2023,3467.68335,3478.117703,3448.305265,3477.123955,655263
12/4/2023,3466.590088,3527.805056,3456.304943,3527.805056,808838
12/5/2023,3523.134521,3527.805088,3457.248986,3466.59012,713651
12/6/2023,3524.724365,3551.605295,3500.079611,3527.805081,474140
12/7/2023,3562.983643,3572.52372,3497.048615,3524.724348,820214
12/8/2023,3611.925781,3624.148929,3552.648815,3552.648815,1562141
12/11/2023,3607.801758,3621.8137,3575.803124,3611.826485,620604
12/12/2023,3549.071045,3621.714111,3540.972097,3614.261002,1075941
12/13/2023,3579.827881,3587.181518,3530.537887,3562.586258,717618
12/14/2023,3568.946045,3624.198524,3561.940316,3624.198524,992762
12/15/2023,3578.039063,3592.398671,3562.387533,3592.398671,906271
12/18/2023,3596.969971,3644.272225,3571.430456,3578.18799,699850
12/19/2023,3587.876953,3605.267541,3577.591808,3588.075654,577926
12/20/2023,3531.879639,3628.670591,3518.861444,3587.877189,849001
12/21/2023,3557.617676,3576.449151,3496.80035,3502.067262,816722
12/22/2023,3604.671631,3615.702087,3538.289221,3557.61757,777099
12/26/2023,3633.837891,3642.086047,3600.795773,3612.27361,526101
12/27/2023,3666.18457,3671.898621,3622.211224,3645.067427,666625
12/28/2023,3691.872803,3713.635784,3657.68773,3676.767641,1033648
12/29/2023,3652.470459,3691.872707,3637.36554,3691.872707,709614
1/1/2024,3654.160156,3674.879898,3644.570586,3665.936166,286683
1/2/2024,3675.128174,3684.668251,3619.726728,3665.936006,453685
1/3/2024,3669.960693,3686.754936,3642.086017,3684.817176,356757
1/4/2024,3696.444092,3703.6985,3663.600674,3672.892315,545228
1/5/2024,3689.338867,3726.554678,3664.196996,3696.444068,963628
1/8/2024,3682.879395,3753.236793,3672.693479,3746.429523,1202148
1/9/2024,3670.904541,3730.479676,3662.109776,3713.585962,572612
1/10/2024,3691.226807,3706.679635,3666.929719,3684.817181,556311
1/11/2024,3675.476074,3719.300211,3669.513587,3703.598946,392818
1/12/2024,3702.70459,3710.952746,3625.14252,3676.867145,990582
1/15/2024,3735.349609,3751.398542,3712.642371,3716.617363,661292
1/16/2024,3796.415039,3833.879285,3732.517002,3735.349281,1170685
1/17/2024,3806.104004,3830.897964,3776.241832,3795.073306,723356
1/18/2024,3711.350098,3800.737669,3695.59934,3767.64606,1293580
1/19/2024,3786.775879,3837.35755,3717.312755,3718.803376,2566367
1/23/2024,3716.269043,3833.879198,3682.581088,3762.329353,1053510
1/24/2024,3744.293213,3756.367153,3688.543857,3740.467186,636988
1/25/2024,3746.628174,3773.210929,3706.77903,3746.826875,646135
1/29/2024,3842.475342,3850.773234,3737.038832,3737.088568,699215
1/30/2024,3712.393555,3862.648182,3691.773287,3857.729179,852445
1/31/2024,3674.432617,3751.398344,3630.409536,3725.560898,1386754
2/1/2024,3604.770752,3714.62963,3578.486169,3714.62963,1408462
2/2/2024,3589.814697,3690.232968,3579.926955,3612.273496,2320153
2/5/2024,3529.842285,3601.988237,3512.799363,3590.361435,1771614
2/6/2024,3536.897705,3555.580214,3509.520145,3529.842241,1069901
2/7/2024,3554.139404,3597.367438,3533.568871,3555.630026,900220
2/8/2024,3526.910645,3587.429792,3481.098771,3582.262352,1011857
2/9/2024,3569.14502,3575.405437,3510.762331,3526.910734,838509
2/12/2024,3562.834717,3595.976307,3547.729797,3576.498751,487283
2/13/2024,3537.692871,3586.187818,3528.947841,3584.448759,796060
2/14/2024,3563.132813,3571.380969,3481.397048,3523.830035,1046318
2/15/2024,3599.404785,3609.292529,3548.673904,3572.573591,759063
2/16/2024,3632.545898,3666.929672,3601.839186,3625.192261,915502
2/19/2024,3671.948242,3686.307851,3627.179851,3648.992569,528874
2/20/2024,3663.650391,3696.692509,3642.582983,3676.867286,744107
2/21/2024,3633.490234,3684.320342,3617.242359,3629.21707,660426
2/22/2024,3629.217041,3653.017255,3533.121668,3653.017255,1017437
2/23/2024,3668.867676,3713.636069,3632.148738,3649.042453,897831
2/26/2024,3599.851807,3666.929791,3588.274741,3666.929791,546842
2/27/2024,3631.005859,3652.02353,3598.41088,3607.304875,673959
2/28/2024,3572.225586,3646.061105,3559.754001,3632.148634,538608
2/29/2024,3601.739746,3631.154781,3562.884349,3572.722356,1692242
3/1/2024,3742.355225,3750.40468,3603.329987,3607.304978,1533727
3/4/2024,3709.064697,3740.566701,3691.77358,3738.082331,787542
3/5/2024,3727.299805,3735.64719,3684.817083,3724.566998,733660
3/6/2024,3786.924805,3791.148233,3679.550296,3724.61686,765602
3/7/2024,3763.223877,3800.340459,3744.54161,3788.216783,838514
3/11/2024,3726.703369,3784.191779,3718.654157,3779.123568,597848
3/12/2024,3725.362061,3742.454475,3690.282712,3738.479484,564569
3/13/2024,3603.031738,3738.479627,3567.554987,3735.498383,1027729
3/14/2024,3617.391357,3625.192376,3557.766483,3607.255177,1293906
3/15/2024,3610.484863,3633.092628,3587.42996,3611.975485,1207241
3/18/2024,3557.319336,3597.367425,3542.810762,3596.373677,785257
3/19/2024,3560.996094,3584.100732,3524.873503,3556.6237,554444
3/20/2024,3568.051758,3574.411647,3527.804969,3560.996051,526882
3/21/2024,3604.870117,3614.260986,3567.604572,3584.398814,767905
3/22/2024,3683.525146,3703.598805,3598.60944,3604.8701,1281102
3/26/2024,3675.078369,3706.629864,3642.085988,3642.085988,1158224
3/27/2024,3735.895752,3761.236323,3669.712287,3675.873476,1315714
3/28/2024,3778.031006,3814.302806,3709.21396,3736.492293,1590738
4/1/2024,3715.0271,3808.588611,3707.176588,3799.048534,964052
4/2/2024,3732.467285,3757.807856,3710.75404,3730.529525,677963
4/3/2024,3689.289063,3728.542104,3681.835953,3721.685341,801601
4/4/2024,3759.099854,3768.590194,3655.998509,3716.617131,1177617
4/5/2024,3730.976807,3778.130097,3717.610946,3754.777021,623873
4/8/2024,3725.461426,3784.490197,3697.090117,3774.900384,849267
4/9/2024,3656.346436,3737.485855,3641.440217,3731.523367,745285
4/10/2024,3687.99707,3697.090009,3658.433071,3666.929664,567546
4/12/2024,3596.671875,3671.699843,3586.883361,3666.482666,1910561
4/15/2024,3578.088623,3616.447145,3567.554799,3584.448512,854076
4/16/2024,3623.105469,3630.359877,3560.598821,3566.561309,1116890
4/18/2024,3503.060791,3637.117285,3479.11137,3623.105342,1677946
4/19/2024,3540.773438,3548.872386,3456.503569,3503.060754,1507940
4/22/2024,3574.262939,3592.39884,3529.792719,3544.698938,668659
4/23/2024,3610.286133,3625.192351,3582.610157,3597.317674,769991
4/24/2024,3587.181396,3622.062044,3557.667133,3619.229765,652811
4/25/2024,3548.773193,3579.97678,3518.861285,3572.523671,1889163
4/26/2024,3562.387695,3570.784817,3534.065879,3565.56764,798783
4/29/2024,3582.312256,3590.858342,3550.810253,3562.586263,703524
4/30/2024,3566.80957,3596.870444,3557.617402,3580.125695,963220
5/2/2024,3546.139648,3575.504947,3524.128229,3562.586225,1435891
5/3/2024,3511.805664,3576.49875,3470.167723,3572.523759,1681592
5/6/2024,3259.64209,3466.987736,3236.636923,3454.267714,6891728
5/7/2024,3250.449951,3311.168046,3206.824515,3309.18055,3111444
5/8/2024,3239.469238,3260.48691,3218.202887,3254.921824,2054981
5/9/2024,3225.407471,3301.727357,3212.786921,3239.469149,1860654
5/10/2024,3269.281494,3285.529126,3222.475873,3237.73,1307103
5/13/2024,3233.307617,3287.31791,3210.302451,3286.821036,1294603
5/14/2024,3268.337402,3287.318084,3229.680706,3229.680706,620163
5/15/2024,3248.114746,3285.777694,3239.618153,3283.343061,657036
5/16/2024,3313.055908,3327.06785,3230.97248,3255.816177,1404971
5/17/2024,3340.135742,3346.943013,3287.318137,3327.018318,1194228
5/21/2024,3355.886475,3359.165891,3330.049031,3334.024022,827674
5/22/2024,3362.693848,3381.823494,3338.992864,3363.588124,626567
5/23/2024,3430.467529,3438.765179,3356.632011,3361.849187,977789
5/24/2024,3391.065186,3433.448678,3382.916501,3430.517171,878625
5/27/2024,3382.121582,3414.816034,3369.10363,3402.54315,804488
5/28/2024,3388.083984,3401.599053,3370.941833,3382.717843,548576
5/29/2024,3359.265381,3396.6304,3350.023719,3384.059586,519533
5/30/2024,3251.394287,3343.96181,3233.655789,3343.96181,2365535
5/31/2024,3221.631348,3307.988189,3196.638684,3277.380704,2524214
6/3/2024,3240.810791,3312.112207,3229.680862,3289.30574,1378542
6/4/2024,3218.699707,3274.598026,3036.545669,3240.810598,2934800
6/5/2024,3296.907715,3313.155591,3181.036852,3245.580731,1396386
6/6/2024,3300.882813,3338.993144,3270.176098,3308.186957,1825503
6/7/2024,3422.517334,3434.988918,3273.802823,3273.802823,2084099
6/10/2024,3400.803955,3430.417691,3368.805322,3421.47396,1655552
6/11/2024,3389.375977,3416.803516,3380.630946,3396.829086,1086157
6/12/2024,3361.153564,3397.524592,3349.7752,3390.021989,2054168
6/13/2024,3450.491211,3455.360721,3368.805187,3403.536625,1753028
6/14/2024,3507.979736,3512.89874,3457.248859,3468.180085,2346892
6/18/2024,3566.561279,3602.336204,3515.880135,3532.575149,1585048
6/19/2024,3440.703125,3572.523686,3434.392729,3572.523686,1862394
6/20/2024,3414.468018,3468.18014,3396.729763,3452.280173,2377432
6/21/2024,3378.494385,3451.932257,3362.24651,3409.250833,2707405
6/24/2024,3391.015869,3407.561675,3351.216216,3359.215935,645002
6/25/2024,3381.17749,3401.99646,3363.737166,3391.214441,1299560
6/26/2024,3351.66333,3380.233583,3348.930523,3380.233583,1485709
6/27/2024,3370.456787,3382.320984,3350.965397,3359.888494,1462935
6/28/2024,3393.98584,3409.638684,3356.249553,3370.456796,1005498
7/1/2024,3421.154053,3424.69345,3371.353974,3371.852474,1001832
7/2/2024,3389.449463,3439.648488,3375.142665,3435.66049,878947
7/3/2024,3350.167725,3416.667546,3331.872686,3410.536096,980605
7/4/2024,3325.990479,3359.788666,3320.008481,3354.903465,741143
7/5/2024,3259.540527,3322.002451,3247.227486,3322.002451,2001382
7/8/2024,3146.72998,3194.386608,3116.72044,3194.386608,5323920
7/9/2024,3205.50293,3212.382372,3155.503501,3160.488498,2044328
7/10/2024,3215.323486,3242.940325,3180.927003,3208.09524,1437517
7/11/2024,3238.852783,3248.972231,3220.308495,3237.207588,1105185
7/12/2024,3220.15918,3259.191616,3210.388535,3256.200617,1496692
7/15/2024,3214.525879,3242.641217,3195.782239,3232.02327,1243810
7/16/2024,3224.346436,3241.245529,3214.426339,3218.264641,501336
7/18/2024,3252.312256,3259.291253,3196.380485,3223.249574,1086374
7/19/2024,3249.22168,3269.161672,3225.293689,3252.262577,1111191
7/22/2024,3244.685059,3263.578151,3213.528823,3240.248459,696255
7/23/2024,3456.447998,3479.52844,3222.452008,3245.333343,7159507
7/24/2024,3467.963135,3541.840899,3451.761892,3459.588436,3862140
7/25/2024,3395.581055,3444.035086,3374.295017,3404.753402,1476422
7/26/2024,3483.666016,3491.193411,3382.819605,3395.581248,1830745
7/29/2024,3401.463379,3489.049888,3377.834538,3484.513492,2213293
7/30/2024,3457.84375,3468.561495,3400.366822,3414.67362,1316880
7/31/2024,3448.571533,3489.398616,3436.208836,3468.611321,1361595
8/1/2024,3457.943604,3481.522546,3432.171067,3464.573553,879399
8/2/2024,3451.961426,3467.464574,3399.768403,3404.753401,1168195
8/5/2024,3365.820557,3448.621417,3306.548983,3310.08838,1932064
8/6/2024,3325.093262,3406.099474,3311.135268,3370.805545,976535
8/7/2024,3316.269775,3358.742054,3307.097428,3349.91851,1277139
8/8/2024,3286.609131,3349.868706,3274.046839,3326.987614,1280733
8/9/2024,3321.703369,3339.94851,3275.243336,3339.94851,1019809
8/12/2024,3310.885986,3334.963428,3285.462498,3321.653387,874598
8/13/2024,3373.397949,3394.534291,3295.482287,3320.008573,1314371
8/14/2024,3391.941895,3405.949787,3346.77801,3379.828447,997803
8/16/2024,3434.414307,3439.748352,3360.087939,3399.768571,1161982
8/19/2024,3454.454102,3493.685889,3425.889917,3425.889917,1135205
8/20/2024,3464.473633,3472.649224,3444.035142,3469.558428,526591
8/21/2024,3549.717041,3571.252328,3444.184786,3464.473581,1990034
8/22/2024,3593.585205,3614.123494,3543.037375,3564.223616,1531544
8/23/2024,3559.28833,3611.979853,3533.366342,3600.613912,1173387
8/26/2024,3619.307861,3629.078506,3563.326432,3581.222526,1156681
8/27/2024,3540.594727,3647.822079,3519.906985,3619.307794,1169007
8/28/2024,3516.916016,3569.208595,3509.338721,3548.969455,727481
8/29/2024,3522.598877,3543.087267,3499.468535,3526.387524,927472
8/30/2024,3554.452881,3587.204414,3531.870938,3539.348435,2116894
9/2/2024,3576.785889,3591.142585,3541.342505,3554.452952,718800
9/3/2024,3610.284912,3623.993656,3549.467938,3576.785872,1112614
9/4/2024,3596.875244,3606.645888,3557.493762,3575.3402,529856
9/5/2024,3711.679932,3742.686472,3589.59714,3605.748728,3437885
9/6/2024,3684.411865,3730.772345,3654.003379,3703.803458,1408795
9/9/2024,3673.494873,3713.275059,3642.787237,3679.028269,923357
9/10/2024,3716.216064,3738.748352,3655.000389,3692.886372,1109078
9/11/2024,3699.965088,3732.267776,3688.998093,3720.702484,831810
9/12/2024,3752.955566,3762.676312,3699.965138,3724.790329,1337327
9/13/2024,3755.697266,3788.448798,3728.778278,3765.667261,1003355
9/16/2024,3729.42627,3777.631295,3724.192022,3756.694305,386602
9/17/2024,3756.095947,3765.66724,3716.116412,3748.618451,392339
9/18/2024,3714.172363,3774.640289,3696.874324,3757.691296,420638
9/19/2024,3769.605469,3783.613361,3729.875182,3738.748381,945257
9/20/2024,3785.806641,3807.541279,3728.778315,3781.619291,1951755
9/23/2024,3808.638184,3817.511382,3769.655403,3785.806747,530107
9/24/2024,3773.543457,3828.378432,3770.203655,3806.544239,1281513
9/25/2024,3726.036621,3792.137741,3698.918282,3788.598344,942343
9/26/2024,3746.275635,3765.81668,3690.293965,3726.784245,1863893
9/27/2024,3805.248291,3855.397419,3739.944818,3762.676457,2164755
9/30/2024,3812.476318,3851.957597,3774.640235,3774.640235,1068609
10/1/2024,3764.620361,3826.434333,3745.727269,3812.476339,774221
10/3/2024,3663.923584,3770.652438,3639.098392,3678.031274,1597560
10/4/2024,3659.088135,3742.536948,3614.123358,3614.123358,1542987
10/7/2024,3578.480713,3736.754395,3541.641627,3728.7285,2523321
10/8/2024,3482.868408,3584.213313,3469.558367,3578.480566,1360120
10/9/2024,3482.968018,3548.122035,3476.138717,3507.444405,1063802
10/10/2024,3436.906738,3520.95385,3404.8533,3499.468461,1488328
10/11/2024,3463.975098,3480.525387,3433.965558,3453.6064,858463
10/14/2024,3487.305176,3514.423516,3442.190945,3463.97524,593206
10/15/2024,3497.9729,3518.859992,3466.567415,3513.376495,578719
10/16/2024,3460.585449,3499.468432,3429.678463,3497.474433,591644
10/17/2024,3393.138672,3476.537591,3369.958431,3476.537591,560796
10/18/2024,3371.304199,3412.081628,3286.210431,3384.813592,1249585
10/21/2024,3353.158691,3409.588963,3325.491954,3407.694517,714746
10/22/2024,3319.809082,3411.23389,3309.290688,3364.773615,882086
10/23/2024,3278.73291,3324.993593,3272.651115,3320.008595,877837
10/24/2024,3320.905762,3332.869757,3269.360933,3291.145471,764369
10/25/2024,3256.749023,3332.32164,3222.651687,3322.002597,805013
10/28/2024,3273.199463,3305.05355,3244.286476,3260.18857,736462
10/29/2024,3273.54834,3288.104631,3217.317661,3275.941285,702769
10/30/2024,3298.523193,3311.833235,3225.393421,3251.215612,895278
10/31/2024,3257.247559,3289.998849,3243.837963,3281.12565,1170306
11/1/2024,3283.817383,3307.645818,3272.501584,3294.086527,176636
11/4/2024,3212.33252,3308.044475,3180.528332,3308.044475,1122152
11/5/2024,3220.557861,3249.121802,3175.443631,3196.380622,872402
11/6/2024,3167.517578,3199.321768,3104.656706,3135.563693,4522923
11/7/2024,3111.486084,3176.490405,3098.77434,3170.458509,1608603
11/8/2024,3176.689941,3183.319891,3096.680724,3111.635718,1719882
11/11/2024,3196.979004,3220.358596,3148.773976,3182.02401,1054929
11/12/2024,3188.853271,3229.281653,3175.443676,3192.043621,992983
11/13/2024,3178.285156,3211.933892,3152.711971,3165.473614,911537
11/14/2024,3174.147461,3185.563057,3126.59063,3135.613525,1161637
11/18/2024,3162.781738,3197.576925,3148.026096,3174.147436,943251
11/19/2024,3215.024414,3273.149537,3162.781735,3182.422577,1174506
11/21/2024,3168.91333,3224.246808,3138.903788,3215.32371,1582159
11/22/2024,3298.772461,3307.047606,3142.692128,3165.324213,2207527
11/25/2024,3299.171387,3359.739111,3288.154493,3349.918568,1892510
11/26/2024,3317.516113,3333.717357,3285.811478,3300.068621,721345
11/27/2024,3281.773438,3319.90867,3270.307943,3315.02347,732835
11/28/2024,3202.71167,3295.083583,3190.747675,3282.122588,1701387
11/29/2024,3239.251465,3250.21846,3202.71153,3202.71153,1139585
12/2/2024,3296.927979,3299.968632,3212.38237,3239.251459,915980
12/3/2024,3322.750244,3328.682343,3266.768817,3280.128513,1162310
12/4/2024,3354.355225,3372.849616,3327.984634,3331.972632,1630076
12/5/2024,3430.725342,3455.002135,3343.53778,3364.823574,2383630
12/6/2024,3459.688232,3489.149374,3419.708453,3443.586544,1278516
12/9/2024,3457.793945,3477.783836,3436.557805,3457.096094,926422
12/10/2024,3465.321289,3506.397623,3425.740454,3459.588541,1063355
12/11/2024,3462.679199,3480.276144,3449.917556,3474.294146,554702
12/12/2024,3435.411133,3462.679167,3401.762399,3460.086871,926472
12/13/2024,3498.322021,3507.44447,3370.10778,3409.738513,1242351
12/16/2024,3427.883789,3500.465405,3418.711442,3494.483407,1295227
12/17/2024,3395.880371,3439.050258,3387.405875,3411.782466,1005604
12/18/2024,3391.692627,3413.726414,3379.82843,3390.994776,646145
12/19/2024,3346.778076,3389.748611,3322.00254,3339.549829,732634
12/20/2024,3346.179688,3408.741408,3323.148901,3339.94844,1235769
12/23/2024,3386.757568,3396.079612,3326.638447,3367.964273,691202
12/24/2024,3343.338135,3408.741401,3328.183791,3375.192465,485245
12/26/2024,3313.079346,3361.732972,3302.710405,3354.903427,637094
12/27/2024,3299.270996,3334.96363,3291.195445,3309.889188,568989
12/30/2024,3247.57666,3307.994688,3237.706218,3300.018692,941859
12/31/2024,3243.388916,3265.821405,3221.106123,3240.248465,616440
1/1/2025,3244.087158,3260.088807,3234.316514,3238.254613,357376
1/2/2025,3378.781738,3390.745733,3241.245692,3254.206687,1152493
1/3/2025,3441.293457,3471.502593,3367.814638,3384.813529,1630862
1/6/2025,3459.987061,3517.91283,3430.874723,3479.528349,2145936
1/7/2025,3494.583252,3565.968274,3474.543463,3479.528461,2389563
1/8/2025,3473.596436,3503.955024,3381.124724,3477.185488,1317377
1/9/2025,3476.587402,3495.929097,3451.163913,3475.490605,826237
1/10/2025,3429.927734,3477.534463,3418.462239,3451.612475,570060
1/13/2025,3372.600342,3456.597557,3342.441104,3369.858593,1282557
1/14/2025,3312.531006,3418.711458,3300.068511,3389.798471,1133561
1/15/2025,3313.528076,3330.477069,3273.149594,3312.032577,1169593
1/16/2025,3306.947754,3328.832089,3272.152567,3317.017547,1170734
1/17/2025,3347.326172,3357.894464,3275.193401,3309.938689,559153
1/20/2025,3372.101807,3397.475397,3337.456071,3363.976357,722342
1/21/2025,3343.288574,3402.460352,3325.142987,3390.745607,1016047
1/22/2025,3346.37915,3374.843537,3324.644511,3344.734198,598329
1/23/2025,3388.353027,3422.699615,3315.522158,3346.379247,713603
1/24/2025,3391.941895,3437.305374,3370.307053,3396.77744,564244
1/27/2025,3309.390625,3391.742644,3297.326833,3377.834548,618309
1/28/2025,3315.920654,3360.735978,3289.649863,3309.390502,579957
1/29/2025,3360.63623,3364.873479,3299.121407,3329.180846,570137
1/30/2025,3358.293213,3379.828501,3335.162872,3360.536462,688608
1/31/2025,3479.777832,3516.866168,3382.221324,3389.798619,1212261
2/1/2025,3541.342529,3624.242948,3397.774589,3516.41754,2186692
2/3/2025,3569.557617,3631.620841,3541.093231,3554.303475,1543897
2/4/2025,3586.905273,3603.156415,3509.438456,3579.228425,1279779
2/5/2025,3480.425781,3641.042513,3461.781938,3585.210536,2165947
2/6/2025,3400.516357,3493.735819,3387.65516,3480.425777,1059617
2/7/2025,3414.52417,3443.536711,3378.033888,3404.653728,740155
2/10/2025,3317.466064,3414.723418,3301.065471,3404.753423,904436
2/11/2025,3271.953125,3337.954446,3261.783778,3324.694303,903965
2/12/2025,3245.682129,3307.446202,3202.960844,3272.900265,774619
2/13/2025,3221.804199,3268.114782,3205.553057,3240.497942,727243
2/14/2025,3203.608887,3243.23962,3176.889249,3226.589776,587411
2/17/2025,3223.499023,3228.78317,3166.470696,3185.662938,712614
2/18/2025,3212.183105,3234.266548,3182.72172,3225.094201,592636
2/19/2025,3200.667725,3243.887509,3182.223233,3210.338572,521953
2/20/2025,3181.874268,3208.992608,3178.58412,3200.368659,653151
2/21/2025,3170.358887,3196.330775,3152.761941,3181.874281,407794
2/24/2025,3163.479492,3178.384586,3121.605512,3121.605512,431232
2/25/2025,3189.202148,3201.863994,3127.138928,3130.578527,642281
2/27/2025,3213.429443,3218.314644,3167.417767,3189.202305,604023
2/28/2025,3068.016846,3208.294633,3050.818604,3192.392539,1322618
3/3/2025,3072.752686,3092.792474,3048.575446,3080.728682,516171
3/4/2025,3039.353271,3060.788763,3007.947784,3040.848771,1186136
3/5/2025,3077.289063,3098.126256,3026.591537,3039.35318,579883
3/6/2025,3111.735352,3122.253502,3037.857589,3081.924919,1399483
3/7/2025,3070.110596,3115.224824,3065.424503,3111.735326,1020056
3/10/2025,3017.718262,3073.749587,3012.035413,3070.758589,855408
3/11/2025,3037.259277,3046.730773,3000.968592,3005.953589,576260
3/12/2025,3009.891846,3044.637379,2987.060653,3028.286439,489535
3/13/2025,3001.118164,3040.350195,2991.297864,3010.34041,785215
3/17/2025,3008.296631,3027.289277,2976.093497,2976.093497,632348
3/18/2025,3008.296631,3008.296631,3008.296631,3008.296631,0
3/19/2025,3067.069824,3085.713667,3049.024035,3078.784569,730983
3/20/2025,3183.519287,3195.383484,3070.758543,3090.698534,1542807
3/21/2025,3153.210449,3180.428586,3145.483703,3177.387688,1181974
3/24/2025,3069.861328,3166.420586,3065.773533,3158.69384,1481216
3/25/2025,3044.537598,3090.648829,3036.860749,3075.743733,1174346
3/26/2025,3048.326172,3068.515413,3025.445081,3059.741768,1010449
3/27/2025,3078.385498,3088.405392,3038.405963,3038.405963,1635143
3/28/2025,3054.158691,3102.463271,3041.895548,3084.71663,778417
4/1/2025,2977.987793,3066.471504,2973.052694,3044.537514,1068622
4/2/2025,3089.15332,3095.683716,2962.235224,3001.965755,1674921
4/3/2025,3118.166016,3141.545607,3058.794643,3061.785642,1115568
4/4/2025,3066.969971,3105.553805,3040.848631,3089.701609,901801
4/7/2025,3013.13208,3038.854718,2916.22377,2916.22377,1378989
4/8/2025,3112.931885,3217.566944,3091.695745,3140.249576,2830156
4/9/2025,3164.625977,3178.683767,3081.426414,3128.435088,1215988
4/11/2025,3225.193848,3232.82104,3191.644909,3212.33265,814920
4/15/2025,3263.578369,3275.143662,3235.363475,3260.188668,1121769
4/16/2025,3262.282471,3276.140668,3235.363482,3240.248682,889943
4/17/2025,3317.516113,3324.794259,3201.565013,3240.248646,1083612
4/21/2025,3326.090332,3343.438027,3280.128555,3304.056544,672129
4/22/2025,3327.38623,3348.722167,3310.138333,3326.090326,609213
4/23/2025,3347.226563,3363.577257,3305.551934,3346.927414,628656
4/24/2025,3372.450928,3384.813625,3333.966646,3346.728289,901747
4/25/2025,3355.102783,3409.239907,3306.050455,3372.450721,704325
4/28/2025,3358.991211,3387.206103,3340.945422,3345.93042,384147
4/29/2025,3368.462891,3387.804585,3343.936604,3365.770797,575435
4/30/2025,3369.559326,3398.771462,3344.235635,3363.876477,708818
5/2/2025,3331.972656,3371.35414,3314.026663,3352.012446,514587
5/5/2025,3311.833252,3398.273067,3297.077609,3347.625439,565178
5/6/2025,3289.400635,3315.322623,3235.762011,3311.833124,650789
5/7/2025,3328.881836,3370.855616,3250.418017,3270.158657,1047443
5/8/2025,3359.190674,3402.261006,3315.023545,3339.848736,1597339
5/9/2025,3499.767578,3519.408421,3344.135851,3356.897494,2863992
5/12/2025,3552.209717,3574.243505,3519.707676,3526.586876,956930
5/13/2025,3552.508789,3577.633129,3529.478245,3552.209641,996541
5/14/2025,3576.835693,3599.168386,3539.348413,3544.333411,588159
5/15/2025,3625.887939,3654.003278,3543.236532,3586.207309,1227751
5/16/2025,3622.797363,3644.930706,3602.558223,3643.036504,525064
5/19/2025,3606.845215,3638.549849,3600.564069,3606.147364,376760
5/20/2025,3569.856689,3609.138374,3564.373192,3606.845227,811416
5/21/2025,3569.756836,3612.229114,3556.596491,3559.288341,415016
5/22/2025,3530.375488,3564.273474,3505.550296,3554.303478,709846
5/23/2025,3568.959229,3595.479514,3512.429403,3520.405399,416717
5/26/2025,3599.467529,3629.078367,3559.687101,3565.270396,525514
5/27/2025,3578.630127,3628.081403,3551.511788,3604.153413,1019733
5/28/2025,3563.974365,3590.7938,3534.363526,3584.213505,449324
5/29/2025,3577.533691,3589.198538,3549.418352,3569.258546,513095
5/30/2025,3544.333496,3594.183475,3531.472299,3569.258486,962944
6/2/2025,3514.921875,3531.372367,3465.4706,3514.523173,726392
6/3/2025,3509.239014,3569.258337,3492.987873,3514.921862,676943
6/4/2025,3489.299072,3509.239063,3475.54043,3495.580218,410354
6/5/2025,3493.486572,3524.39356,3463.775936,3488.202426,608651
6/6/2025,3549.21875,3560.185746,3475.739929,3513.426562,602422
6/9/2025,3523.296631,3569.258408,3510.634785,3554.104063,540262
6/10/2025,3513.625732,3534.363372,3495.580187,3534.363372,561695
6/11/2025,3530.973633,3538.351332,3494.483353,3514.423343,505077
6/12/2025,3442.340332,3549.119082,3435.161984,3537.354439,811822
6/13/2025,3411.632813,3430.476251,3372.849626,3399.469466,821750
6/16/2025,3427.78418,3443.337226,3386.009753,3400.765395,534665
6/17/2025,3395.481445,3427.285878,3385.212301,3417.714585,1000345
6/18/2025,3457.39502,3469.558365,3379.828407,3395.7804,972739
6/19/2025,3494.88208,3511.033667,3457.395044,3468.362038,1022566
6/20/2025,3508.441406,3534.363394,3478.53142,3489.498415,2941214
6/23/2025,3495.181396,3517.913036,3462.579559,3469.757907,643325
6/24/2025,3515.42041,3556.297392,3495.580216,3512.529209,968797
6/25/2025,3641.241699,3654.003342,3539.348394,3539.348394,2697912
6/26/2025,3683.614258,3689.396904,3633.066428,3644.033424,1620497
6/27/2025,3655.199707,3697.971134,3648.519859,3688.898341,601285
6/30/2025,3679.127686,3687.40283,3641.042351,3655.199696,921775
7/1/2025,3689.396973,3715.318962,3655.997486,3687.901473,947173
7/2/2025,3696.874268,3710.732464,3677.931276,3693.883269,583514
7/3/2025,3667.662354,3701.759691,3661.181856,3690.892493,528710
7/4/2025,3675.837646,3679.02824,3634.163259,3655.000453,629926
7/7/2025,3655.100098,3684.910286,3636.954511,3664.471796,829472
7/8/2025,3441.300049,3581.800049,3435,3581.800049,3952270
7/9/2025,3432.100098,3461.5,3420.600098,3441.300049,1868271
7/10/2025,3419.800049,3445,3414,3432.100098,496586
7/11/2025,3361.600098,3422.199951,3357,3408,856956
7/14/2025,3404.699951,3410,3344,3372,755781
7/15/2025,3415,3422,3387.699951,3418,686088
7/16/2025,3417.300049,3422.199951,3388.5,3417,669532
7/17/2025,3433.300049,3448,3416.5,3418.399902,559482
7/18/2025,3402.899902,3444,3392,3444,293360
7/21/2025,3433,3439.100098,3365.199951,3391,561799
7/22/2025,3472.399902,3490,3430.300049,3450,1752275
7/23/2025,3471.399902,3481.899902,3444,3472.399902,584590
7/24/2025,3484.399902,3489.800049,3458,3467.399902,630718
7/25/2025,3462.800049,3480,3447,3476.399902,624410
7/28/2025,3393,3462.600098,3382,3453,603916
7/29/2025,3379.199951,3397,3355.600098,3390,511042
7/30/2025,3376.5,3393.5,3345.300049,3380,443735
7/31/2025,3347.300049,3364.5,3315.5,3340,553157
8/1/2025,3316,3347.300049,3307,3340,422977
8/4/2025,3356.300049,3365,3308.100098,3315,450434
8/5/2025,3418.199951,3443,3348,3356.300049,837335
8/6/2025,3417.699951,3462.399902,3400,3437,635456
8/7/2025,3415.699951,3437,3377.699951,3380,509599
8/8/2025,3460.199951,3489.800049,3403.100098,3450.100098,2184271
8/11/2025,3467.899902,3487.300049,3402.800049,3473,563586
8/12/2025,3486.800049,3534,3460.100098,3467.899902,929276
8/13/2025,3466.800049,3494.899902,3463.199951,3486.800049,360474
8/14/2025,3489.399902,3505.800049,3464.100098,3476.5,597987
8/18/2025,3554.800049,3574.800049,3493.5,3496,1253006
8/19/2025,3568.100098,3577.300049,3545,3555,537433
8/20/2025,3595,3602.899902,3552,3560,517031
8/21/2025,3616.300049,3625,3588.199951,3595,673486
8/22/2025,3621,3641.399902,3607.699951,3616.300049,691835
8/25/2025,3651.399902,3669.600098,3615.5,3629.699951,700503
8/26/2025,3594,3672.800049,3589.100098,3662.800049,960778
8/28/2025,3637.699951,3650.899902,3552.100098,3552.100098,989246
8/29/2025,3628.800049,3642,3603.600098,3637.699951,660956
9/1/2025,3618.600098,3653.399902,3610.399902,3631,297533
9/2/2025,3620.600098,3655.800049,3606.100098,3614,536300
9/3/2025,3690.600098,3697.899902,3590,3605,791874
9/4/2025,3691.100098,3740,3676.800049,3740,635811
9/5/2025,3665.300049,3700,3660,3695,454120
9/8/2025,3658,3683.600098,3640,3653,548987
9/9/2025,3630.100098,3667.800049,3619.199951,3667.800049,428367
9/10/2025,3620.600098,3648.699951,3608.199951,3632,408800
9/11/2025,3584.199951,3644,3580,3620,495417
9/12/2025,3571.899902,3598.199951,3563.899902,3589.899902,275049
9/15/2025,3534.100098,3576.5,3515,3556,362285
9/16/2025,3556.800049,3570.300049,3502,3525,724742
9/17/2025,3523,3572.699951,3513.199951,3561.899902,659866
9/18/2025,3511.300049,3546,3503.399902,3530,829442
9/19/2025,3467.199951,3511.300049,3460,3504,2337255
9/22/2025,3457.5,3477,3440,3458.199951,817833
9/23/2025,3439.199951,3465.300049,3405,3465.199951,1144975
9/24/2025,3418.300049,3437.399902,3411,3430,690454
9/25/2025,3378.5,3419.899902,3370,3408,1139904
9/26/2025,3327.300049,3402,3303.100098,3387.699951,7524068
9/29/2025,3401.199951,3418,3327,3327,1452636
9/30/2025,3367,3474.5,3355,3452,1733728
10/1/2025,3408.300049,3414.899902,3351,3370,798754
10/3/2025,3453.300049,3459,3378,3379.899902,1655328
10/6/2025,3425.399902,3459.300049,3401,3453.300049,1184781
10/7/2025,3418.199951,3445.899902,3411,3425,996165
10/8/2025,3565.600098,3580,3460,3474,4531362
10/9/2025,3550.600098,3561.699951,3526.399902,3559.800049,597739
10/10/2025,3531.899902,3571.699951,3523.300049,3548.899902,825274
10/13/2025,3533.600098,3545,3509.5,3518,606122
10/14/2025,3537.399902,3549.399902,3506.5,3533,925998
10/15/2025,3549,3561.899902,3511,3532.899902,1005045
10/16/2025,3640.300049,3652,3540,3549,1528118
10/17/2025,3674.800049,3715,3633,3635,1123500
10/20/2025,3737.199951,3749.899902,3676.199951,3680,707974
10/21/2025,3729,3746,3719,3737.199951,156306
10/23/2025,3772.300049,3800,3738.300049,3765,1622402
10/24/2025,3714.899902,3781,3706.100098,3775,563296
10/27/2025,3739.800049,3753.899902,3710,3714,856124
10/28/2025,3717,3770,3688.100098,3750,1482961
10/29/2025,3748.300049,3753.5,3714.199951,3734.199951,789557
10/30/2025,3750.699951,3773.899902,3720.100098,3745,544151
10/31/2025,3746.699951,3783,3739.5,3758.899902,900994
11/3/2025,3724.5,3762,3667.300049,3730,1119367
11/4/2025,3813.5,3827,3715,3724.5,2524600
11/6/2025,3774.399902,3837.699951,3761.600098,3780,927231
11/7/2025,3769.300049,3792,3736,3766,728998
11/10/2025,3803,3815,3769.300049,3788,599567
11/11/2025,3812.399902,3820,3752.100098,3810.5,668789
11/12/2025,3851.100098,3877,3804.199951,3838,805025
11/13/2025,3839.199951,3867.899902,3817,3860,668623
11/14/2025,3829.199951,3854.699951,3800,3839.199951,575050
11/17/2025,3868.600098,3874.300049,3821.5,3848,504928
11/18/2025,3879.199951,3900,3841.600098,3865,849966
11/19/2025,3933.100098,3940.5,3862.399902,3882.899902,1578123
11/20/2025,3902.399902,3956,3895,3950,762391
11/21/2025,3904.199951,3925,3882.100098,3901,383311
11/24/2025,3874.300049,3937.199951,3865,3915.5,1258036
11/25/2025,3855.100098,3908.399902,3845,3874.399902,680366
11/26/2025,3897.699951,3914.5,3843.5,3845,364592
11/27/2025,3903.300049,3927,3875.100098,3900.600098,542241
11/28/2025,3907.699951,3934.899902,3896.5,3906.199951,574817
12/1/2025,3894.899902,3910.699951,3861.300049,3907.699951,603073
12/2/2025,3885.800049,3899.600098,3867.5,3875,661018
12/3/2025,3817.800049,3880,3785.899902,3870,770638
12/4/2025,3800.399902,3830,3778,3805,776693
12/5/2025,3813.300049,3828,3777,3777,508448
12/8/2025,3767,3825,3758.100098,3796.300049,545864
12/9/2025,3849,3874,3751,3775,1121068
12/10/2025,3845.699951,3858.199951,3825.600098,3831,616248
12/11/2025,3844.800049,3855.800049,3777,3830.399902,669180
12/12/2025,3880.199951,3894.800049,3831.899902,3844.800049,547866
12/15/2025,3866.199951,3876.399902,3850,3861.300049,332337
12/16/2025,3929.5,3937.5,3828,3850,1560827
12/17/2025,3907.899902,3935.699951,3890,3930,601010
12/18/2025,3919.300049,3924,3890.100098,3900,516547
12/19/2025,3930.100098,3961.899902,3913,3919,730780
12/22/2025,3933.800049,3950.800049,3917.100098,3940,569521
12/23/2025,3925.800049,3956.300049,3916.399902,3933.800049,445656
12/24/2025,3909.300049,3935,3900,3925.800049,399227
12/26/2025,3992,4006.899902,3900,3908.899902,1113050
12/29/2025,3983.699951,4031.699951,3978,4010,1242846
12/30/2025,3974.100098,3993.5,3954.100098,3982,1169570
12/31/2025,4051.5,4061.899902,3975.100098,3984,1358731
1/1/2026,4049.300049,4068,4035.699951,4063.699951,444679
1/2/2026,4051.699951,4060,3986.199951,4039,659997
1/5/2026,4079.699951,4094,4046,4051.699951,629273
1/6/2026,4111.799805,4120.5,4068.5,4079.699951,820331
1/7/2026,4273.200195,4312.100098,4202,4225,3496340
1/8/2026,4249,4303.200195,4239,4273.200195,1055725
1/9/2026,4201.799805,4279,4183.100098,4231,883117
1/12/2026,4231.600098,4242,4145,4205,514767
1/13/2026,4239.200195,4267.600098,4210,4231.600098,770707
1/14/2026,4221.5,4283,4211,4241.899902,998692
1/15/2026,4221.5,4221.5,4221.5,4221.5,0
1/16/2026,4196.899902,4236.399902,4181.100098,4221.5,686949
1/19/2026,4144.100098,4207.399902,4129.100098,4165.700195,365905
1/20/2026,4075.5,4155,4064.300049,4155,586156
1/21/2026,4079.199951,4109.899902,4053.5,4075.5,552760
1/22/2026,4018.600098,4128,3980.800049,4099,818966
1/23/2026,4021.800049,4063.300049,3980,4025.100098,1015415
1/27/2026,3997,4040,3955,4021.800049,1760501
1/28/2026,3975.199951,4025.800049,3964.899902,4002,809022
1/29/2026,3939.699951,3968.600098,3843.100098,3960.800049,1145612
1/30/2026,3977.399902,3995,3909.800049,3945,1427639
2/2/2026,3953.199951,4000,3893.300049,4000,1273196
2/3/2026,4068.600098,4143,4044.100098,4143,1043274
2/4/2026,4144,4160,4066.199951,4087,917279
2/5/2026,4097.600098,4152.299805,4063.100098,4152.299805,693637
2/6/2026,4141,4154,4065.300049,4097.600098,888701
2/9/2026,4257.799805,4269.399902,4155,4200.200195,1092387
2/10/2026,4269.100098,4329.600098,4239.600098,4300,1713633
2/11/2026,4249.100098,4378.399902,4208,4350,3342226
2/12/2026,4275.799805,4286.399902,4182.299805,4232.399902,998509
2/13/2026,4179.200195,4271.799805,4164.799805,4267.299805,524758
2/16/2026,4181.100098,4196,4128.799805,4155,500349
2/17/2026,4236.399902,4244.899902,4155,4167.100098,464123
2/18/2026,4248.600098,4257.899902,4214.299805,4251,387328
2/19/2026,4198.200195,4261,4191,4225,406232
2/20/2026,4236.399902,4252.100098,4200.200195,4200.5,532169
2/23/2026,4272.700195,4280,4240.100098,4270,516387
2/24/2026,4294.5,4300,4235,4240.399902,491126
2/25/2026,4325,4349,4289.799805,4304,586295
2/26/2026,4342.600098,4352.200195,4307,4330,520985
2/27/2026,4327.5,4352,4311.799805,4341.600098,1146258
3/2/2026,4270.299805,4330,4193,4288.799805,770534
