Date,Close,High,Low,Open,Volume
3/2/2016,91.75074005,92.14185746,90.15226863,91.82726137,9548461
3/3/2016,92.28639221,93.26418223,91.01951783,91.85276913,6511139
3/4/2016,91.30860138,92.78804571,90.99401222,92.66050789,8533469
3/8/2016,92.07380676,92.42241146,90.84094139,91.43611777,8277325
3/9/2016,91.51266479,92.16735481,90.67941353,92.16735481,10597186
3/10/2016,91.12155151,91.81025718,90.58588848,91.66571154,6464851
3/11/2016,91.6572113,91.79325304,91.09604345,91.11305126,5963203
3/14/2016,91.97180939,92.33741509,91.23208716,92.33741509,5552606
3/15/2016,90.6709137,92.33740939,89.85467712,92.08233373,10384866
3/16/2016,91.56367493,91.9122797,90.13525406,90.99401013,10071645
3/17/2016,91.69122314,92.49896279,91.07904567,92.09934838,9839474
3/18/2016,93.7403183,94.17394827,91.91227621,91.92078012,13512583
3/21/2016,94.62458801,95.63638669,92.13334506,94.27598325,5891875
3/22/2016,94.01241302,94.6501022,93.71482474,94.63309439,7905422
3/23/2016,94.50556183,95.09224144,92.81356117,93.54477952,7693379
3/28/2016,94.57356262,95.84043682,93.40871452,94.98168085,7775976
3/29/2016,94.06340027,95.05819092,93.18763659,94.71809013,8018333
3/30/2016,95.55986023,95.84894456,93.74031519,93.98688692,7883464
3/31/2016,95.95097351,96.92876346,94.75212354,95.54285526,20671520
4/1/2016,95.59386444,97.35388206,94.75211628,96.41860479,7355416
4/4/2016,96.29107666,97.11582401,95.76392448,96.40161359,3719124
4/5/2016,95.05821228,96.35059833,94.76062402,96.29107791,4395422
4/6/2016,94.92218781,95.56837398,93.99540731,95.22827308,5808793
4/7/2016,93.83384705,95.22825915,93.58727531,94.8881583,3246500
4/8/2016,93.45123291,93.76582896,92.93257773,93.18765337,5016142
4/11/2016,96.20604706,96.69069353,92.20135823,93.35770249,5949523
4/12/2016,96.85225677,97.22636638,95.41533184,96.12954236,4493886
4/13/2016,99.46253204,100.6528852,98.72280983,99.13943896,10674994
4/18/2016,100.0916901,101.0949916,98.66326946,100.1597144,13105324
4/20/2016,102.242836,103.2206258,100.2617446,101.6901722,25034223
4/21/2016,95.03269958,97.88954799,94.69259875,96.92875898,30976914
4/22/2016,94.87966919,95.67890487,94.39502267,95.22826706,11492685
4/25/2016,93.94437408,95.52584438,93.71481017,94.90516311,9151325
4/26/2016,94.28447723,94.88815762,93.56176293,93.9358794,9657501
4/27/2016,95.22827148,95.44083454,93.91038051,93.91038051,4790110
4/28/2016,94.05491638,95.9084633,93.69780771,95.14323637,14505825
4/29/2016,94.2674942,94.68411644,93.24719146,94.37802423,6830286
5/2/2016,93.27267456,94.02939753,92.72851461,93.6978006,5296409
5/3/2016,92.48195648,93.48525132,91.66571298,93.35771349,9210403
5/4/2016,91.82726288,92.40543855,91.31711153,92.252389,6997112
5/5/2016,92.35440826,92.72851781,91.31709792,91.65719876,5824718
5/6/2016,90.65391541,92.9665973,90.39883974,92.9665973,6870419
5/9/2016,91.6572113,91.84426956,90.38183296,90.62840472,5356158
5/10/2016,91.59767914,92.18435167,90.88346187,91.61468003,5211513
5/11/2016,91.45313263,91.73371304,90.65389709,90.874964,3859455
5/12/2016,92.21836853,92.37991505,91.09603295,91.48715031,5328180
5/13/2016,91.76773071,92.28637894,91.31709296,92.28637894,4528516
5/16/2016,91.96331024,92.4224451,91.18107536,91.94630243,6225662
5/17/2016,91.85276794,92.23538143,91.49565926,92.1673571,6809208
5/18/2016,91.75074005,91.97180701,90.97700914,91.64021003,7621128
5/19/2016,92.3289032,92.49895363,91.3596171,91.8272558,6685262
5/20/2016,92.40542603,93.17914993,92.25237649,92.40542603,4706510
5/23/2016,91.80175018,92.58397803,91.53817063,92.50745672,4875689
5/24/2016,91.42764282,91.89528153,91.07053414,91.8017524,5286206
5/25/2016,92.86455536,93.00909406,91.65719464,91.82724506,6641075
5/26/2016,92.66900635,93.32370331,92.33740937,92.8645685,6586563
5/27/2016,92.74552155,93.69779972,92.3373964,92.36290811,6460681
5/30/2016,93.55326843,93.95288279,92.58397545,93.05161413,5706643
5/31/2016,92.75402069,93.86785232,92.39691896,93.6978019,11040471
6/1/2016,94.29297638,94.5140433,92.77953045,92.77953045,5452990
6/2/2016,91.8952713,95.04970796,90.88346577,94.54805369,13762753
6/3/2016,91.96331024,92.4224451,91.65721803,92.08234418,7088563
6/6/2016,90.9940033,92.15034754,90.70491897,91.99729801,10304205
6/7/2016,91.80175018,92.02281713,91.35111238,91.82725498,10313858
6/8/2016,92.60948181,92.68600312,91.82724712,91.99729753,8129181
6/9/2016,92.64350128,93.03461868,92.20136737,93.03461868,9430088
6/10/2016,92.7370224,93.04311455,92.33740114,92.59247677,6359182
6/13/2016,92.03131104,92.62648753,91.63169668,91.92928493,3480377
6/14/2016,92.35440826,92.50745088,91.82724919,92.03130831,5602446
6/15/2016,93.02611542,93.14514934,92.21837583,92.81355237,2263231
6/16/2016,93.51075745,93.69780877,92.09083357,92.7965401,3681988
6/17/2016,93.87635803,94.20795497,93.35770286,93.74882022,8613805
6/20/2016,94.72660828,95.03270042,92.69450715,93.52775144,7409230
6/21/2016,95.39832306,95.71291916,94.10594379,94.83716211,5277033
6/22/2016,95.76392365,95.90846236,95.14323543,95.57686541,7391587
6/23/2016,95.85745239,96.05300762,95.11773026,95.73841156,3580004
6/24/2016,94.40352631,94.8456533,93.06862759,94.08042632,7210062
6/27/2016,93.18766022,94.36951629,93.05161848,94.36951629,5685011
6/28/2016,92.23537445,92.97508964,92.03981231,92.66899749,5295833
6/29/2016,94.30148315,94.7181053,92.16734899,92.57547415,4993854
6/30/2016,94.87966919,95.59387965,94.38651876,94.83715658,7785230
7/1/2016,95.04121399,96.0785175,94.72661791,95.18575271,2872943
7/4/2016,95.51734924,96.07851011,95.22825799,95.56835883,5305017
7/5/2016,96.06999969,96.75869828,94.55654698,95.50883199,4831470
7/7/2016,95.16025543,96.58017946,94.81165063,96.418626,7614019
7/8/2016,95.50884247,95.81493461,94.38650694,95.16023773,4648377
7/11/2016,96.90575409,97.27201188,95.84956223,96.24988938,5509102
7/12/2016,97.23794556,97.42533746,96.24989239,96.50542302,3498900
7/13/2016,97.77455139,98.4304091,97.06757924,97.76603232,5638382
7/14/2016,97.20387268,97.77456051,96.33506579,97.02499986,2713977
7/15/2016,94.46116638,97.93638672,94.23970514,97.08461805,18280203
7/18/2016,94.02676392,94.36747139,92.80873748,94.29081359,8784787
7/19/2016,93.56681824,94.33341011,92.67246105,92.8428148,14877681
7/20/2016,91.7951355,92.2039817,88.24325728,88.24325728,50777299
7/21/2016,92.33174133,92.80873316,91.80364894,91.80364894,7703480
7/22/2016,91.60774231,92.16139195,91.13926954,91.99103822,7330024
7/25/2016,92.47655487,92.6213514,91.13927519,91.59922892,3908543
7/26/2016,93.03019714,93.82233923,92.15287126,92.33174407,8752205
7/27/2016,93.54977417,94.16304343,92.4254368,93.03019392,7535086
7/28/2016,94.34192657,94.84446874,92.67245848,93.23462723,6127465
7/29/2016,92.85133362,94.20564454,92.44248739,94.08639831,7435123
8/1/2016,95.00630188,95.69622894,92.84280396,92.85132303,12123703
8/2/2016,93.62643433,95.22775663,93.35386558,95.0574029,6216329
8/3/2016,93.34535217,94.57190466,93.14944814,93.35387125,7703918
8/4/2016,93.38793945,94.03528505,92.90243545,93.31980073,6132105
8/5/2016,93.2175827,94.12045888,92.94502089,93.00464054,3108623
8/8/2016,93.52422333,94.18008799,93.05575055,93.05575055,5468510
8/9/2016,93.92453766,94.12044164,93.06425007,93.30274248,4676916
8/10/2016,92.44247437,93.86492382,91.9995519,93.69457009,3369775
8/11/2016,92.50209045,93.27720126,91.9910293,92.1443518,2665604
8/12/2016,92.62986755,93.60940157,92.07621789,92.07621789,4163470
8/16/2016,91.39480591,93.0131665,91.10520593,92.62987057,4939065
8/17/2016,89.91273499,91.67589914,89.70831186,91.42888065,5300457
8/18/2016,89.45277405,90.29602369,89.12909778,90.27898554,4851732
8/19/2016,88.60099792,90.25342771,88.42212512,89.75940467,5503785
8/22/2016,87.81738281,88.58397472,87.64702905,88.24326721,5422857
8/23/2016,88.51581573,88.66913131,87.73218586,87.77477429,6156019
8/24/2016,88.52433777,88.92466486,88.08141531,88.60099556,5587134
8/25/2016,85.85830688,88.79690894,85.56018784,88.7543205,25798062
8/26/2016,83.47335815,86.20753722,83.13265065,85.85831065,17698571
8/29/2016,81.56538391,83.73739386,81.27577704,83.64369792,27176665
8/30/2016,83.37966156,83.55001531,81.45466282,81.58242813,24165572
8/31/2016,83.75443268,84.49547421,82.83452527,83.7799899,14992145
9/1/2016,82.44271088,83.42224487,82.0253456,83.42224487,10604872
9/2/2016,82.38307953,82.71527484,81.65056404,82.45122518,8611208
9/6/2016,82.26384735,82.68973174,81.76982423,82.62159301,8491053
9/7/2016,82.06793976,83.43076976,81.77833977,83.09858133,11453063
9/8/2016,80.73917389,81.71018881,80.10034737,81.25875418,11891858
9/9/2016,81.88054657,82.28088065,80.79880443,81.36096625,10113106
9/12/2016,81.83796692,82.34902822,80.43254835,80.88398999,10068429
9/14/2016,81.4376297,82.61306776,81.06284592,82.53640996,9826386
9/15/2016,81.50576019,81.7357405,80.79027592,81.7357405,9677981
9/16/2016,81.66758728,82.1616172,81.42909486,81.99126349,12324284
9/19/2016,81.76130676,82.10201428,81.12248016,81.76982584,11299922
9/20/2016,81.94868469,82.19569622,81.44613564,82.19569622,5829321
9/21/2016,82.42566681,82.53640089,81.81239756,82.27235123,8668616
9/22/2016,82.06793976,82.65565881,81.70167504,82.62158945,7633032
9/23/2016,81.80389404,82.4001322,81.60798999,82.32347439,12300882
9/26/2016,81.65058136,81.94018137,81.10544377,81.83796634,11939239
9/27/2016,82.48529053,82.62157489,81.59945257,81.82942593,9878285
9/28/2016,82.4001236,82.57047734,81.82943579,82.51936983,4245028
9/29/2016,80.44104767,82.44270392,80.06627086,82.40011549,26351076
9/30/2016,81.59094238,81.76981519,80.57733903,80.57733903,11216973
10/3/2016,81.59094238,81.78684641,80.79880027,81.76981519,5336686
10/4/2016,82.07646179,82.61307335,81.59946989,81.59946989,7095976
10/5/2016,81.69315338,82.30642265,81.19912341,82.07644927,7538366
10/6/2016,81.42910004,81.87201556,81.26726539,81.76980748,7396014
10/7/2016,81.25022888,81.71870163,81.02024858,81.42910168,5566297
10/10/2016,81.25875854,81.72723135,81.10543601,81.29282791,3538004
10/13/2016,81.47169495,81.59946025,80.81583029,81.25875278,7329358
10/14/2016,80.91803741,81.97422909,80.7987912,81.39502921,6884195
10/17/2016,80.43253326,81.02877133,80.33883732,80.92656325,8298392
10/18/2016,82.23828888,82.46826227,80.57733991,80.59437113,5801342
10/19/2016,84.32511902,84.64878834,82.40863951,82.62158168,12378636
10/20/2016,84.39325714,85.3727911,83.84812658,84.81914147,6252382
10/21/2016,85.04059601,85.34723409,84.03551184,85.15133008,10617160
10/24/2016,82.44271088,83.47335238,81.36096187,83.47335238,18579446
10/25/2016,82.00830841,82.55343899,81.63353157,82.45123091,18599248
10/26/2016,80.3303299,81.89758295,80.15997615,81.89758295,7329390
10/27/2016,78.65234375,80.68806962,78.36274377,80.28774248,10042829
10/28/2016,78.72048187,79.45300436,77.35765192,78.65234315,12320247
11/1/2016,78.4905014,79.46151627,78.36273611,79.22302382,3786724
11/2/2016,78.00499725,78.50753941,77.06805166,77.97092789,7523630
11/3/2016,76.25034332,78.35421458,75.98629366,78.02202621,8053976
11/4/2016,77.08507538,77.29801752,75.67113818,76.27589525,6547449
11/7/2016,76.65920258,77.58762906,76.3951529,77.51097126,7134574
11/8/2016,76.95732117,77.6642864,76.05444498,77.17026334,6916238
11/9/2016,76.13111115,76.73586836,69.52138406,72.40035975,11558738
11/10/2016,75.79891968,76.89769997,74.97270123,76.85511153,8316376
11/11/2016,75.35598755,75.66262564,73.94205023,75.27932976,10485629
11/15/2016,76.3099823,76.89770136,74.87900663,75.21120199,37705734
11/16/2016,75.85852814,77.42578793,75.31339761,76.48884246,8829107
11/17/2016,74.68307495,75.798893,73.89944521,75.4837359,11076418
11/18/2016,74.47015381,75.2963722,73.69504292,74.94714566,5763107
11/21/2016,75.26230621,75.59450159,74.47868308,74.52979059,8909576
11/22/2016,76.72734833,77.17027086,74.80234953,75.29637958,5891539
11/23/2016,76.47181702,76.9743592,75.31341012,76.72734764,6756803
11/24/2016,76.78697205,77.49393732,76.07999984,76.39515704,7374200
11/25/2016,79.17192078,79.55521669,76.82955687,77.17026435,6822590
11/28/2016,78.46494293,79.72556467,77.6131743,79.72556467,6135518
11/29/2016,79.24006653,79.47004687,78.44792435,78.60123995,3333673
11/30/2016,79.2571106,80.22812568,78.70346086,79.21452215,11587709
12/1/2016,79.77668762,80.22812231,79.08675351,80.01518011,3302127
12/2/2016,78.43088531,80.23663786,78.10721596,80.15146098,4041268
12/5/2016,77.79205322,78.36274102,77.17878392,78.36274102,3176116
12/6/2016,77.98796844,78.84824933,77.66429216,77.68133031,3357785
12/7/2016,77.22987366,78.3201416,76.9999003,78.09016131,3144911
12/8/2016,78.12423706,78.2690405,77.35764528,77.51096779,5596430
12/9/2016,78.0390625,78.56716185,77.76650068,78.0390625,5430270
12/12/2016,77.26396942,77.6642966,76.91474283,77.51098099,3831332
12/13/2016,79.0015564,79.0526639,77.51948046,77.76649196,6269049
12/14/2016,79.43597412,79.78519376,78.91639381,79.06970941,5507907
12/15/2016,79.40189362,80.38994668,78.46494806,78.46494806,5511310
12/16/2016,78.95898438,80.09183405,78.35422717,79.43597626,8818851
12/19/2016,78.96749878,79.47004093,78.78010689,78.8312144,4144553
12/20/2016,79.49559784,80.04924754,78.64382906,79.53818628,4334313
12/21/2016,78.78011322,80.15146233,78.56717103,79.81075482,5486622
12/22/2016,78.65234375,79.41893561,78.24349753,78.80565935,4312617
12/23/2016,78.14980316,79.21451409,77.57911533,79.15488751,3585124
12/26/2016,77.698349,78.44790953,77.22136412,78.09016394,3316809
12/27/2016,79.24858856,79.38487296,77.35765905,77.5109816,2952121
12/28/2016,79.95553589,80.99469636,79.22302043,79.38485508,6353966
12/29/2016,80.46660614,81.25875519,79.05267564,79.89592527,10907890
12/30/2016,80.82434845,81.17357499,80.24514853,80.68806408,2779631
1/2/2017,80.3303299,81.49724888,80.15145708,80.926568,2460948
1/3/2017,79.55522156,80.76472902,79.3337603,80.57734405,3686937
1/4/2017,81.02026367,81.36097119,79.40190298,79.55522552,6050638
1/5/2017,81.83796692,82.77491263,81.27579811,81.27579811,5216996
1/6/2017,80.05776215,81.78684989,79.89592747,81.51428806,8381720
1/9/2017,80.40699005,80.82435535,78.6693832,79.89592881,3922249
1/10/2017,81.17359161,81.57391881,80.27923433,80.50920776,3528383
1/11/2017,81.12245941,82.0253355,80.91803634,81.41205934,4507028
1/12/2017,82.31494141,82.49381421,80.79027692,81.08839594,3741476
1/13/2017,82.56195068,82.86858877,81.82942828,82.63860847,4322788
1/16/2017,82.57898712,83.08152921,81.73573759,82.26382996,3227332
1/17/2017,82.17865753,83.08153369,81.85498822,82.68119965,2948943
1/18/2017,82.27235413,82.96228813,81.769812,82.17865819,2863620
1/19/2017,81.59945679,82.52788322,80.9606303,82.34901042,4785278
1/20/2017,81.41207123,81.7357475,80.91804815,81.18209784,4077220
1/23/2017,81.72723389,82.50234485,80.36440386,80.50068825,6108473
1/24/2017,82.02533722,82.2808678,81.08839176,82.22124123,3921167
1/25/2017,80.69659424,82.45123932,80.27070985,82.11053181,10906509
1/27/2017,79.30819702,80.69657708,79.09525487,79.98109283,10272157
1/30/2017,79.3422699,79.72556579,77.93685164,79.04415087,9853933
1/31/2017,78.02204132,79.35080201,75.86706214,79.35080201,14628407
2/1/2017,77.68132019,78.53308882,76.65919783,78.53308882,8750755
2/2/2017,77.96363068,78.35717165,76.32958451,78.02351992,8171731
2/3/2017,78.32296753,78.63950612,77.69843303,78.02353518,4682452
2/6/2017,78.89616394,79.18704665,77.76688039,78.47696004,6599518
2/7/2017,78.4598465,79.05015454,77.94653394,79.05015454,4459769
2/8/2017,78.79350281,79.58913453,78.21174437,78.42562461,7007704
2/9/2017,79.73455811,79.87999246,78.25450297,78.41705749,5274137
2/10/2017,80.2906723,80.79542833,79.46081409,79.96557012,4093449
2/13/2017,81.18040466,81.44561756,79.94845585,80.076784,4523470
2/14/2017,81.56538391,81.73648809,80.79541508,81.6423794,4619060
2/15/2017,81.22318268,82.01026478,80.17944428,81.53972823,5640489
2/16/2017,82.26690674,82.45511715,80.93229283,80.93229283,5667011
2/17/2017,81.33438873,82.75455482,81.11195887,82.47223571,4210692
2/20/2017,81.38571167,81.68514395,80.94084503,81.27449675,3054543
2/21/2017,81.41139984,82.25836423,81.12907374,81.27451509,6829411
2/22/2017,81.18894958,81.7108187,80.45320026,81.29160791,5558777
2/23/2017,83.17376709,83.71274949,80.68420659,81.18896258,8693864
2/27/2017,83.79828644,84.2859361,82.07013157,82.13002081,7528200
2/28/2017,83.63574219,84.21749359,83.33630988,83.8410658,5401139
3/1/2017,83.59297943,84.72226298,83.12244288,83.49887073,5426302
3/2/2017,83.87528992,84.77358688,83.51596835,84.5254872,5423075
3/3/2017,84.49980927,84.80779117,83.36196248,83.97794021,3947295
3/6/2017,84.16616821,84.29449635,83.601523,84.06350988,3143300
3/7/2017,84.72225952,85.48367875,84.16617089,84.43994039,8801080
3/8/2017,84.71369934,84.90190975,83.72129375,84.63669689,3064671
3/9/2017,82.90001678,84.35440268,82.70324275,84.35440268,3759439
3/10/2017,83.33631134,83.66140649,82.74599636,83.00265263,2914404
3/14/2017,85.78310394,86.33919253,83.73840343,83.84106872,6553246
3/15/2017,84.66238403,86.56163656,84.25172976,86.52741711,9607608
3/16/2017,85.64622498,86.04831565,84.69659532,85.09013636,8848888
3/17/2017,86.27931976,86.74985635,85.37246605,86.23654371,8875816
3/20/2017,85.12435913,86.27931246,84.73081808,86.23653641,3751881
3/21/2017,85.32112885,85.89433071,84.37150609,84.37150609,5951390
3/22/2017,85.64622498,86.13386774,84.18328275,84.43993904,10620082
3/23/2017,87.26316071,87.6053691,85.70610974,86.06543134,14922870
3/24/2017,87.81924438,87.94757252,87.16904709,87.16904709,8062056
3/27/2017,86.23653412,87.68236316,86.03121048,86.98084014,5232713
3/28/2017,86.84397125,87.43427943,86.01411298,86.40765409,3323252
3/29/2017,87.64813995,87.93046604,85.9285415,86.99794266,5380707
3/30/2017,88.28122711,88.75176364,86.64718069,87.39148671,14290321
3/31/2017,88.23845673,88.57211549,87.22894472,87.63959202,8061645
4/3/2017,86.76696777,88.37534455,86.5188611,88.36678795,4160286
4/5/2017,87.37436676,87.60536019,85.91143161,86.57873512,6502814
4/6/2017,88.06735229,88.21279365,86.65574263,86.76696454,7980291
4/7/2017,87.58826447,87.86203399,87.07495183,87.84492775,12196978
4/10/2017,86.30497742,88.5977779,85.97988222,88.11012814,13798807
4/11/2017,87.28881836,87.50269859,85.58633311,86.20231096,6303993
4/12/2017,85.68045044,87.23750147,85.43235074,87.21183166,7258323
4/13/2017,84.76502991,86.22797206,84.23461112,85.68044007,9674765
4/17/2017,84.23461914,84.82492723,83.85818433,84.82492723,7798259
4/18/2017,84.52549744,85.1671382,83.94373897,84.01218483,6285310
4/19/2017,85.25267792,85.47511474,83.89240109,85.12434978,6543459
4/20/2017,85.50935364,86.42476399,84.87626942,85.20992126,5025646
4/21/2017,84.05495453,86.13386766,82.64334496,85.5521162,8445800
4/24/2017,84.10627747,84.69658546,82.91709791,83.39619098,6887352
4/25/2017,84.576828,85.55212055,83.6956372,84.43994325,11770706
4/26/2017,83.98651886,87.69092194,83.60152745,86.06543207,60514032
4/27/2017,84.87625885,85.23557348,83.56730757,84.50838065,19864101
4/28/2017,84.56826782,85.15857589,83.84963161,85.03880435,12086663
5/2/2017,84.67948151,85.20135068,84.45705163,84.89336174,5568494
5/3/2017,84.94469452,85.50078314,84.56826669,85.22702061,4065380
5/4/2017,85.54356384,85.7745573,84.50838205,85.06447069,4048926
5/5/2017,85.43235016,85.72322591,84.92759416,85.50078905,2722905
5/8/2017,85.94564819,86.28785654,84.88480372,85.5521072,5002041
5/9/2017,87.07494354,87.22038489,85.64622768,86.23653577,7581832
5/10/2017,85.49222565,87.28881962,85.32112146,86.8182831,4459065
5/11/2017,86.3477478,86.5359652,85.62055499,86.03976583,3393796
5/12/2017,86.75840759,86.88673574,86.27075783,86.51885753,6031102
5/15/2017,86.63008881,87.26317303,85.83445001,87.26317303,3549668
5/16/2017,88.17856598,88.32400036,86.49318696,86.49318696,7146846
5/17/2017,87.35727692,88.54644979,86.92095979,88.46089768,7362627
5/18/2017,89.89817047,90.31737436,86.54452541,86.74129246,17123643
5/19/2017,88.93141937,90.31736603,88.64054366,90.17192469,5097614
5/22/2017,89.17951965,89.54739782,86.67284616,89.26507174,5733070
5/23/2017,90.0692749,90.51414164,89.0084233,89.31641225,8735341
5/24/2017,89.82971954,91.0616683,88.94853576,90.29169946,6636990
5/25/2017,91.78885651,92.17384091,89.94093694,89.94093694,20100101
5/26/2017,92.22518921,93.23470822,90.95902085,91.36966817,7765843
5/29/2017,91.47232819,92.23374048,90.68524609,92.22518387,3166943
5/30/2017,91.73753357,92.3962805,90.58258032,90.68523866,6637379
5/31/2017,91.62631226,92.39628109,91.19855179,91.97707723,15642998
6/1/2017,92.5930481,93.25179498,91.47231437,91.61774874,4250820
6/2/2017,94.3896637,94.77464817,92.53318021,92.91816469,6428073
6/5/2017,95.0569458,95.45904339,93.51700824,94.37252911,9633970
6/6/2017,95.91248322,97.18720813,94.37254539,95.1339577,11049943
6/7/2017,94.00466919,96.07502576,91.58354067,95.85259588,13762215
6/8/2017,93.4058075,94.62064313,92.67861465,94.09022429,8001795
6/9/2017,91.87441254,93.08925505,90.95900932,93.08925505,9384610
6/12/2017,90.06071472,91.64342849,89.08542222,91.64342849,12396076
6/13/2017,88.63199615,91.267005,87.86202726,88.97420455,8946043
6/14/2017,87.63957214,89.41905962,86.33918468,89.41905962,8080517
6/15/2017,89.26508331,89.62440493,87.28027871,88.97420756,8317803
6/16/2017,87.34870911,90.03504347,86.51030137,89.00841834,8030288
6/19/2017,87.10916901,88.25556572,86.69851476,87.60536839,3891671
6/20/2017,87.00650787,87.72514413,86.74985157,87.26316418,2063458
6/21/2017,87.57115173,87.77647538,86.23653758,87.00650648,4895705
6/22/2017,87.28028107,88.58066888,86.64718992,87.60537628,3843239
6/23/2017,87.89625549,88.939994,86.57875442,86.92096285,6051953
6/27/2017,87.79358673,88.30689932,86.73273514,87.43426513,9540496
6/28/2017,88.42666626,88.76887463,87.00650011,88.28978152,4448070
6/29/2017,88.73464966,89.28218163,87.62247251,88.97419272,12944967
6/30/2017,88.4095459,89.26506677,87.67380352,87.87912714,7242552
7/3/2017,88.83731079,89.11108027,86.23652862,88.97419553,5572713
7/4/2017,88.97420502,89.29930717,87.26316301,88.28978822,5868339
7/5/2017,88.22133636,89.11107668,87.75935648,88.97419195,5030668
7/6/2017,88.20423126,88.99131332,87.55403394,88.22134447,4398852
7/7/2017,88.1871109,88.3753213,87.26314424,87.29736368,3889807
7/10/2017,91.79742432,92.03697437,89.05975711,89.05975711,1769468
7/11/2017,90.0692749,93.5940172,89.6928401,91.09590009,10827743
7/12/2017,90.27457428,90.95899089,89.41905352,90.24035484,3170908
7/13/2017,90.3601532,90.97612415,89.47041274,90.30882054,4331508
7/14/2017,88.92288208,90.66815068,88.6320063,90.39438115,6545345
7/17/2017,91.31832886,93.76512025,90.53125373,91.16433787,20717986
7/18/2017,92.05407715,93.30313916,91.19855618,91.47232567,7342675
7/19/2017,92.77272034,93.09782251,91.47233254,92.39629247,7928152
7/20/2017,92.10540009,93.85066129,91.79741118,92.65293206,7137662
7/21/2017,97.88872528,99.54843444,95.903914,97.15297591,43712663
7/24/2017,99.77087402,100.4381845,98.98379895,99.30889412,17479614
7/25/2017,99.0864563,100.2499661,98.89824587,100.2157467,8993269
7/26/2017,99.01802063,99.75377004,98.48759486,99.24045747,7921576
7/27/2017,99.13780975,100.3526525,98.2993949,99.24047507,15748342
7/28/2017,98.91536713,99.53134507,98.52182605,99.2404693,6488043
7/31/2017,98.7100296,99.41155955,98.35070803,99.24045536,6801080
8/1/2017,100.883049,101.27659,98.89824468,98.89824468,10760455
8/2/2017,100.5408478,101.8754619,100.2670852,100.6092936,6469635
8/3/2017,98.93247223,101.0883809,98.76136803,100.8488378,9722197
8/4/2017,99.03512573,100.3355203,98.89824795,99.17201047,6796056
8/7/2017,98.47047424,99.20622359,98.24804438,99.10356526,3921329
8/8/2017,98.35070801,99.77087414,97.49518708,99.68532205,7279766
8/9/2017,98.04271698,98.74424691,97.83739335,98.24804757,2906265
8/10/2017,98.6073761,99.05224982,97.78607452,97.87162662,7222248
8/11/2017,99.13780975,100.7975193,98.45339288,98.55605819,9466389
8/14/2017,98.7271347,99.54842916,98.29936731,99.25755346,4292153
8/16/2017,99.2233429,99.27467554,98.55603935,99.03512551,5363422
8/17/2017,98.67582703,99.58268076,98.55605547,99.54845434,7032915
8/18/2017,98.59025574,99.58266138,98.52180989,98.57314253,7948899
8/21/2017,98.45336914,99.65109839,98.31648441,99.01801432,7613358
8/22/2017,99.32600403,100.267077,98.86401717,99.41155612,7238720
8/23/2017,99.24047089,99.85644187,99.10358612,99.61689876,6223409
8/24/2017,99.03512573,99.5826647,98.8298021,99.39444731,7413579
8/28/2017,99.48000336,99.85643119,99.13779497,99.24046027,5715785
8/29/2017,99.49711609,99.92487657,99.27467925,99.51422233,4691806
8/30/2017,99.65109253,99.92486198,99.44576892,99.73664461,4899684
8/31/2017,102.3545532,102.8336463,100.6435113,100.9515003,27585715
9/1/2017,101.4477005,102.0807846,101.2252637,101.9781263,8535629
9/4/2017,101.7385864,101.9781365,101.1910543,101.6188149,8020043
9/5/2017,101.7214661,102.1150001,101.4305834,101.7727918,7789014
9/6/2017,101.7043533,101.9438964,101.3279255,101.6359144,8243296
9/7/2017,102.3032227,102.6283178,101.8070233,101.9781275,8910077
9/8/2017,102.8336563,103.2443036,102.1492395,102.6625521,12046586
9/11/2017,103.0560837,103.8260526,102.7481017,103.1416358,14275591
9/12/2017,102.0123444,103.6549404,101.8070207,103.3811779,20911485
9/13/2017,101.2594833,102.559878,101.0541597,102.012346,17684075
9/14/2017,96.99899292,98.86402585,96.22902404,96.33168238,15503769
9/15/2017,97.78605652,98.29936904,96.38300368,98.21381695,15001278
9/18/2017,99.00091553,99.24046559,97.01610399,97.01610399,4860657
9/19/2017,98.98381042,99.73666614,98.38493875,99.00091667,4557233
9/20/2017,99.89063263,99.97618471,97.9571542,98.84690141,5712945
9/21/2017,99.89063263,100.232841,99.1377771,99.44576598,4954436
9/22/2017,100.7632828,100.934387,99.39444925,99.46288814,8097163
9/25/2017,99.89063263,100.7974861,99.27466182,100.3355062,3578780
9/26/2017,99.32600403,100.027527,98.91534982,99.5826603,4138670
9/27/2017,98.65870667,99.51422768,98.31649826,99.46289502,6102854
9/28/2017,97.83738708,99.32599894,97.49517874,99.12066837,10644440
9/29/2017,95.90392303,98.52181863,95.5446084,98.29938179,4236150
10/3/2017,96.82790375,97.75186376,95.90393678,96.29747788,3430145
10/4/2017,96.75942993,97.95715913,96.36589591,96.81076258,2334927
10/5/2017,97.05032349,97.52940965,96.48567826,97.05032349,1547076
10/6/2017,98.0769577,98.2138355,97.10165815,97.52941867,3982263
10/9/2017,98.14537811,98.31648229,97.37540933,97.85450241,1350306
10/10/2017,98.21383667,98.6587104,97.52941984,98.14539777,2435394
10/11/2017,99.46289825,99.87355253,97.94007359,98.1967299,5113769
10/12/2017,100.4210663,100.951492,99.20622385,99.5826586,4607998
10/13/2017,99.89063263,101.2081403,99.51420486,100.7974861,4222649
10/16/2017,99.48000336,100.078868,98.29938024,99.89065064,6938446
10/17/2017,99.18911743,100.1472966,97.92294235,99.92486678,9840952
10/18/2017,100.8659515,102.3545567,99.10357692,99.10357692,14532324
10/19/2017,99.94198608,100.8830592,99.61689089,100.8830592,739517
10/23/2017,101.6016922,101.7727964,100.027535,100.1644198,7465974
10/24/2017,101.567482,102.2861183,100.9857305,101.4477104,3978687
10/25/2017,102.2861023,103.2956211,101.2937036,101.7385703,4602841
10/26/2017,103.4496155,104.0142607,101.687241,101.9096778,10070656
10/27/2017,101.6188049,102.6454301,100.9515014,102.4572127,3277807
10/30/2017,100.3526306,101.3963619,99.9419764,101.3963619,3809919
10/31/2017,100.6263962,101.4476977,100.1644163,100.3526337,2886132
11/1/2017,100.4552917,101.5161363,100.2841876,101.2937064,2277490
11/2/2017,100.3526306,101.1910383,100.2499653,100.4381827,2564335
11/3/2017,100.7975006,101.2423743,100.4724054,100.5237381,2107524
11/6/2017,102.6112061,103.0047471,100.4210711,100.5750621,3876529
11/7/2017,103.432518,105.6568726,102.0636844,102.6112164,15161185
11/8/2017,103.4838409,104.9211204,103.021861,103.9458278,5255548
11/9/2017,103.5180588,104.1853623,102.5256531,103.689163,2553036
11/10/2017,103.5693893,104.0313762,102.063678,103.5351699,4214004
11/13/2017,102.1834564,104.168261,101.995239,102.7652079,2073570
11/14/2017,102.149231,102.7138692,101.1054926,102.5940977,3545721
11/15/2017,101.4648132,102.5769905,100.6435117,102.14923,3918684
11/16/2017,101.858345,102.3716576,100.8488331,101.9781235,4846150
11/17/2017,101.0028229,102.268998,100.780393,102.0465612,4640212
11/20/2017,100.7290649,101.6016921,100.0617544,100.9857212,5142518
11/21/2017,100.6092911,101.9781246,100.3184084,101.6872419,5494382
11/22/2017,100.7119522,101.1910453,100.2670855,101.1910453,3391791
11/23/2017,100.4552917,101.019937,100.3013008,101.019937,1803850
11/24/2017,100.1644287,100.7461802,99.58267719,100.7461802,4289313
11/27/2017,100.883049,101.0712664,99.58266141,99.6682135,2796903
11/28/2017,100.9001694,101.259484,100.3697436,100.951502,4009460
11/29/2017,102.2005692,102.3887866,100.4382013,100.951514,6735475
11/30/2017,99.89063263,102.8165166,99.01800558,102.4400888,18265488
12/1/2017,99.03512573,100.5579572,98.57314582,99.92487307,3808745
12/4/2017,99.2233429,99.61688392,96.75943843,98.19671778,8790643
12/5/2017,96.99899292,98.76136752,96.74233663,98.76136752,4956230
12/6/2017,96.67388916,97.34119968,96.0236988,96.94765865,5759926
12/7/2017,96.22902679,97.44386243,95.81837254,97.03321514,6731998
12/8/2017,96.81076813,97.87161266,96.36590143,96.74232924,4843796
12/11/2017,99.03512573,99.24045633,97.25564497,97.25564497,4125876
12/12/2017,98.4875946,99.70243713,97.59785422,99.4115614,3314548
12/13/2017,98.28227234,99.0522412,97.61496182,98.69291961,2911417
12/14/2017,98.76137543,99.41157281,96.62257282,98.69292957,3375145
12/15/2017,99.13780975,99.4971314,98.11118444,98.76138186,4930972
12/18/2017,101.2252579,101.8925684,97.27274848,98.21382148,6890507
12/19/2017,100.0617676,101.6188187,99.42868337,100.9515151,10183834
12/20/2017,101.4648132,102.14923,100.0617533,100.900168,7081611
12/21/2017,101.8925781,102.3203386,100.7461744,101.2252676,3711281
12/22/2017,103.2100754,103.8260463,101.3108161,101.9781266,4689556
12/26/2017,103.6549377,105.0579976,102.029448,103.0902995,4948094
12/27/2017,104.9211121,105.4002052,102.6796445,103.9971453,4841953
12/28/2017,105.4002304,106.0504279,103.5180839,104.6815871,13459388
12/29/2017,107.5390015,108.2747508,103.6891575,104.510452,10069992
1/1/2018,108.326088,109.5067111,105.8964098,106.5979398,8934389
1/2/2018,109.0618439,110.8755512,107.6074581,108.0865513,7665379
1/3/2018,106.0675125,109.6435943,105.6568652,109.6435943,5860470
1/4/2018,106.6492691,107.111249,105.2119898,106.1188433,3905556
1/5/2018,105.9306259,107.4192379,105.2975418,107.111249,4301878
1/8/2018,106.4781647,107.0770293,105.7766347,106.0846237,4760660
1/9/2018,108.5485229,109.5067092,104.8526697,106.9743658,12201522
1/10/2018,111.7994995,112.1930405,107.8298838,108.2747575,10163032
1/11/2018,109.8831253,111.5770608,109.1644892,110.7215399,5643897
1/12/2018,109.0960617,110.7899975,108.5485297,109.8489244,8433768
1/15/2018,107.7956696,110.9610971,107.2481375,109.1131705,3187225
1/16/2018,113.5961151,114.2976452,108.1378934,108.4458823,16443849
1/17/2018,111.4572983,114.1265265,111.2177552,113.9554223,8113347
1/18/2018,111.3375168,112.3299224,110.2424528,111.902162,4722081
1/19/2018,112.5694656,112.9287872,109.6778078,111.9021621,4288268
1/22/2018,110.0371323,112.5694686,108.4800814,108.4800814,12193514
1/23/2018,107.881218,110.5162197,107.2481339,110.2253439,8613403
1/24/2018,107.436348,110.6702214,106.8374833,108.3089821,17542056
1/25/2018,106.7519226,108.822286,105.6568586,108.035204,22129831
1/29/2018,106.4781647,108.1720933,105.9477389,107.4876766,9397269
1/30/2018,105.1606598,106.8717017,104.2709194,105.9306287,6079993
1/31/2018,104.6113358,106.0704696,103.5298587,105.091993,7530432
2/1/2018,103.2552032,106.1219706,102.997709,104.7314992,5872873
2/2/2018,103.2037048,103.8388558,101.3497451,102.7573787,6713662
2/5/2018,102.5685425,104.9031522,101.6072281,102.3110483,5851054
2/6/2018,101.1609192,101.6759076,99.59879176,100.1481114,6489310
2/7/2018,99.34129333,102.3797236,98.87780515,102.3797236,6662763
2/8/2018,99.49578857,101.1609164,98.55164312,99.59878905,14125508
2/9/2018,97.84783173,99.22114132,97.50450607,99.22114132,8405269
2/12/2018,99.2039566,99.8906078,98.15681074,98.84346193,6722288
2/14/2018,100.7489243,101.8819015,99.40995299,99.56445371,8063123
2/15/2018,100.4227829,101.487091,99.71896251,101.487091,4415065
2/16/2018,99.90779114,101.5900812,99.58162758,100.5772734,8209045
2/19/2018,99.54728699,100.5944329,99.15246113,100.5944329,4420870
2/20/2018,100.0622787,100.6802677,99.25546492,99.56445938,9160624
2/21/2018,100.3197632,101.2295774,99.75327456,100.937752,13748271
2/22/2018,100.4742661,101.0235926,99.92494645,100.5600975,12838500
2/23/2018,101.2810898,101.6072463,100.3541064,101.4527526,9779768
2/26/2018,100.1137848,101.5214185,99.70178982,101.2124241,13418935
2/27/2018,100.1652832,101.0579285,99.95928223,100.4056084,10467034
2/28/2018,100.5257568,100.8690824,99.22112378,100.5944261,13724575
3/1/2018,100.4227829,100.9721026,99.97645675,100.5257764,10895423
3/5/2018,99.890625,100.8519396,99.4957991,100.8004394,9996650
3/6/2018,98.51731873,100.2339469,98.24265542,99.99362179,12604231
3/7/2018,97.96799469,99.85628565,97.60749999,99.03230274,4868340
3/8/2018,97.91648865,98.79196476,97.21266836,98.34564566,5387353
3/9/2018,97.86499023,98.84346684,97.53883369,97.84782116,2681455
3/12/2018,99.80478668,100.2511128,98.22549017,98.2941525,4658262
3/13/2018,101.8304138,102.7917214,100.4227801,100.4227801,8546243
3/14/2018,100.8862534,101.8303987,100.594428,101.2810792,5547337
3/15/2018,100.7317657,103.6843719,100.2511154,101.4355861,13181140
3/16/2018,101.5385818,102.0192321,99.92494721,101.2810876,12891090
3/19/2018,99.10096741,101.7960792,98.39715404,100.7832644,3963271
3/20/2018,100.8004303,101.3497499,97.72766176,98.50014441,8064555
3/21/2018,101.3669128,101.7274005,99.97644135,101.1094186,8382829
3/22/2018,99.03229523,101.2810807,98.58596915,100.8690858,5036841
3/23/2018,97.72766876,98.74048362,97.17834912,97.52167477,8771707
3/26/2018,94.07123566,98.05381822,93.50474702,97.71049262,18744243
3/27/2018,94.08840179,96.40584953,93.81373853,95.77069858,14239615
3/28/2018,96.52601624,97.33283001,93.72791116,94.07123676,13853121
4/2/2018,99.44428253,99.83910837,95.71920116,97.33282869,6543819
4/3/2018,97.4701767,98.65465441,97.17835128,98.63748533,4300609
4/4/2018,96.68053436,98.36282454,96.13120771,97.84783604,4358041
4/5/2018,98.27698517,98.4314859,97.16117684,97.16117684,2813628
4/6/2018,97.48734283,98.19115622,97.26417977,98.19115622,1802274
4/9/2018,97.86499023,98.20831585,97.24700133,97.74482767,2986425
4/10/2018,98.19115448,99.01513742,95.35871794,96.3372016,11673823
4/11/2018,98.08815765,99.28979736,97.45300664,98.8778094,3468465
4/12/2018,98.48297119,99.73611098,97.88215141,98.29413932,5989886
4/13/2018,100.9892502,101.2639135,98.48297743,99.39279169,8491437
4/16/2018,99.53011322,100.9377538,98.6889683,99.22112577,6256147
4/17/2018,97.76199341,99.15246499,97.26417404,98.91213985,5854046
4/18/2018,100.4742661,100.8690919,98.36281207,98.94646982,7066675
4/19/2018,100.4056015,100.8690897,99.44428698,100.5944334,2552252
4/20/2018,102.3282166,102.9977056,100.9034139,101.2124084,8937349
4/23/2018,102.0879059,103.3410459,100.8690971,102.9290509,10660490
4/24/2018,98.51731873,101.504249,98.24265542,101.075092,9443424
4/25/2018,98.58596802,100.8690846,97.21266562,98.84346222,17195110
4/26/2018,96.59468842,97.16117009,94.07123955,94.41456517,25550129
4/27/2018,94.80939484,95.89087197,94.19140591,94.89522624,6519427
4/30/2018,95.702034,96.93801177,94.79221974,94.80938881,5648769
5/2/2018,94.60340881,95.78787954,94.19141383,95.78787954,6354939
5/3/2018,93.195755,94.67205083,92.543435,94.41455664,8949440
5/4/2018,92.66361237,93.60775787,90.65515877,93.55625763,8256123
5/7/2018,94.32873535,94.63772981,91.7366311,92.69793865,5265878
5/8/2018,93.64208984,94.74073609,92.69794433,94.48324186,5221180
5/9/2018,92.78376007,94.20856264,92.56059704,93.72790543,5165820
5/10/2018,92.85244751,93.24726642,92.14862713,93.00694126,4808846
5/11/2018,93.60775757,93.93391413,92.11429244,93.21293169,4066852
5/14/2018,93.50474548,94.05407202,92.69793173,93.17858896,4104721
5/15/2018,93.04125977,94.01973634,92.06278319,93.65924865,4501617
5/16/2018,94.31157684,95.77071079,92.69794217,93.00693664,8413891
5/17/2018,95.56471252,96.4058575,94.19140306,94.41456611,6949715
5/18/2018,92.32027435,94.92954746,92.028449,94.92954746,12844244
5/21/2018,90.9298172,92.50912076,90.67232296,92.3889512,8120387
5/22/2018,90.9641571,91.65080841,90.32899906,90.63799354,3966732
5/23/2018,90.44916534,91.22164804,90.15733296,91.17014779,9401189
5/24/2018,90.75816345,91.32465222,89.9341874,90.67233203,6267787
5/25/2018,90.84397888,91.20447358,90.51782234,90.98131053,6265014
5/28/2018,90.3976593,90.89547866,90.17449625,90.17449625,3131052
5/29/2018,90.2946701,90.8096586,89.83118186,89.83118186,4768596
5/30/2018,89.55651855,90.44917086,88.76687372,90.26033896,7799451
5/31/2018,89.91700745,90.80965271,88.57803605,89.88267628,13729428
6/1/2018,89.47067261,90.80964387,88.93852211,90.27749337,3800052
6/4/2018,89.31616974,90.10582135,88.59518744,89.76249578,4223321
6/5/2018,87.63388824,89.95133625,87.20473121,89.33335431,6572043
6/6/2018,89.00718689,89.43634391,87.0330646,88.28620449,5079518
6/7/2018,90.84397888,91.27313591,88.59520026,88.59520026,5339491
6/8/2018,90.63798523,90.98131085,90.1229968,90.84397921,5026132
6/11/2018,90.77532196,91.410473,90.38049608,90.80965313,5541131
6/12/2018,91.47912598,92.40610225,91.17013156,91.58211946,6065963
6/13/2018,92.28594208,92.69792999,91.61645299,92.3546044,4100905
6/14/2018,91.46196747,92.38894385,90.86114763,91.71946168,6231142
6/15/2018,91.63362885,92.26877983,90.98130878,92.26877983,12894495
6/18/2018,91.23880768,92.35461598,90.60365666,92.35461598,8318768
6/19/2018,89.60800934,91.30747538,89.29901488,91.30747538,9780146
6/20/2018,89.16168213,90.14015868,88.69818699,89.71100168,5125212
6/21/2018,88.80119324,89.71100752,88.26903574,89.60800704,10174400
6/22/2018,88.66387177,89.12736,87.54806338,88.83553459,6965470
6/25/2018,88.40637207,89.6938432,87.89138362,88.54370372,4371876
6/26/2018,88.44071198,89.24753289,87.94289255,88.40638081,5289660
6/27/2018,87.90853882,89.23034091,87.27338091,88.95567765,8530568
6/28/2018,88.26902771,88.90418563,87.78837049,88.02870259,10412698
6/29/2018,89.77966309,90.12298868,87.54804674,88.92134911,9652752
7/2/2018,89.47067261,90.03716126,88.61235859,89.50501076,10055613
7/3/2018,89.91700745,90.22600192,88.76686795,89.7625137,10490968
7/4/2018,89.93417358,90.14016756,88.61236433,89.96850475,10224848
7/5/2018,90.6723175,90.91264963,89.31618407,90.1229979,12472818
7/6/2018,90.22599792,90.77531753,89.77967182,90.29466026,7580592
7/9/2018,90.9641571,91.06715061,90.00284248,90.39766838,5832667
7/10/2018,92.90393066,93.4875884,90.53498952,91.32463424,13242228
7/11/2018,93.41892242,94.34590581,92.49194603,93.71075479,10556522
7/12/2018,95.94235992,96.64617318,92.64642872,93.53908083,11900279
7/13/2018,96.42301941,99.49578067,95.53036728,96.06252474,20625128
7/16/2018,97.19550323,98.53446748,95.73636944,95.8736941,12543791
7/17/2018,97.4701767,99.20397406,96.73202513,97.16118221,14471569
7/18/2018,97.77915955,98.63747359,97.38433369,98.19114749,6125915
7/19/2018,98.12248993,98.99797309,96.68052506,98.19115226,7434390
7/20/2018,97.16117859,99.77045908,96.30286448,98.70614399,13966393
7/23/2018,94.91239929,96.98951524,90.41482777,96.98951524,23582642
7/24/2018,93.71076202,95.6162152,92.42329083,95.5132217,9224277
7/25/2018,94.31157684,94.99822811,93.59058742,94.41457034,6629507
7/26/2018,93.1785965,94.44889851,92.57777666,93.86524774,11554893
7/27/2018,94.24290466,94.58623029,93.3845906,93.3845906,4829553
7/30/2018,93.77941132,94.07123668,92.52627146,94.00257436,7272923
7/31/2018,94.89522552,95.18705091,93.10993506,93.89957981,7436176
8/1/2018,95.22138977,95.61620866,93.96824983,94.75789458,4219572
8/2/2018,95.82220459,96.40585533,94.27723236,95.10121522,8010016
8/3/2018,95.44454956,96.28570158,95.13555509,96.28570158,4362841
8/6/2018,95.11838531,96.02819959,94.50039641,95.78786747,4540062
8/7/2018,95.25571442,95.95952772,94.62055646,94.62055646,4592433
8/8/2018,95.61621094,95.94237448,94.20857722,95.94237448,3821153
8/9/2018,95.68487549,96.25136416,94.60339839,95.47888151,6388521
8/10/2018,95.7363739,96.0968616,94.92955312,96.0968616,3598180
8/13/2018,96.76635742,97.65900268,95.27288531,95.44454813,6481139
8/14/2018,97.86499023,98.53447239,96.4745187,97.84782116,5241916
8/16/2018,95.94235992,97.84781273,95.46170271,97.84781273,6015278
8/17/2018,96.14836121,96.47451774,95.25571601,95.92519816,7277246
8/20/2018,97.86499023,98.32847842,96.13119309,96.40585637,4291894
8/21/2018,99.2039566,101.1094165,97.5044907,97.79632305,16189619
8/23/2018,99.47863007,100.6287695,99.01513487,99.56446147,7277960
8/24/2018,100.302597,101.2295804,98.50013763,99.11812651,11267031
8/27/2018,101.5729141,102.0707335,99.92494831,100.2511118,6811390
8/28/2018,101.4870758,102.3110587,100.9720874,101.8819017,4051198
8/29/2018,101.8819122,102.1565686,100.6287722,101.8132429,4285462
8/30/2018,102.6372223,102.997717,100.9377632,102.1394029,9067763
8/31/2018,103.4268799,105.2293395,102.82606,102.9977228,18087318
9/3/2018,105.8644867,112.2675112,105.1606663,112.2675112,68625769
9/4/2018,107.5811157,108.1476044,106.1906441,106.58547,21828613
9/5/2018,109.4693985,109.8642244,107.9759335,107.9930956,30871477
9/6/2018,110.2762146,110.7225407,109.1775754,109.8642266,26924326
9/7/2018,111.4778595,112.6966683,109.5552373,110.5165519,22940730
9/10/2018,111.5808563,112.6108332,110.9628674,111.3748623,16966961
9/11/2018,111.2203522,112.6108236,110.9456959,112.250329,12710847
9/12/2018,112.8683319,113.4691518,111.5980298,111.5980298,16704169
9/14/2018,113.3661499,114.3274645,111.3061961,112.8683305,11404741
9/17/2018,113.2631454,115.3574302,112.6451566,114.0699592,12352938
9/18/2018,114.1729584,114.516284,111.5808473,113.0914813,7248678
9/19/2018,114.2244644,114.5162968,112.2846802,114.4647966,7797531
9/21/2018,115.0827713,116.0097547,112.6108297,113.949801,17700584
9/24/2018,114.2244644,116.0440931,113.3833194,113.3833194,9975645
9/25/2018,112.7138367,114.9797845,112.0100163,114.3274644,9037680
9/26/2018,109.60672,112.9369753,108.6282435,112.6794811,20972861
9/27/2018,109.5037384,111.1173731,108.7312557,110.5165532,47992758
9/28/2018,111.2375336,112.1473479,108.2849345,109.5209054,18433179
10/1/2018,113.3489914,114.1386362,110.8942116,111.2375373,10879266
10/3/2018,112.4391708,113.2974849,110.7225427,113.0743219,9550589
10/4/2018,111.8040161,113.4348128,110.4135446,111.6151842,12296495
10/5/2018,111.6838455,112.5936527,110.276205,111.5121827,8937680
10/8/2018,109.0059128,111.0315353,107.357947,110.3448841,9465389
10/9/2018,110.4307175,110.8255433,107.0146233,108.8342519,9932090
10/10/2018,108.4737473,110.1217129,106.482463,110.0015503,9764277
10/11/2018,107.4781265,108.3021095,104.6628588,105.7443361,7138056
10/12/2018,108.5939178,109.8470578,106.2593078,108.5424246,8960733
10/15/2018,109.8470459,110.5680352,107.8557617,108.9544008,8342805
10/16/2018,109.5380554,110.1045441,108.5252477,109.8642189,8320912
10/17/2018,110.9457016,112.9884862,108.6625849,110.7912009,12641962
10/19/2018,110.9457016,111.9585094,109.0059105,111.0143639,7051648
10/22/2018,110.6195297,112.3533267,109.8642162,111.4435125,4842137
10/23/2018,106.1219788,109.9500609,104.7486762,109.4865727,10176672
10/24/2018,106.0189819,106.9974656,102.9977205,106.1563136,12479882
10/25/2018,109.366394,110.9456974,101.6244059,101.6244059,37804166
10/26/2018,110.0702209,110.722541,108.4909245,109.452232,11805695
10/29/2018,113.1258087,114.052785,108.7140763,109.5208901,6600369
10/30/2018,112.4391708,114.8939505,111.8040198,112.9541593,9880349
10/31/2018,113.7094574,114.5849404,110.585196,112.6794807,8013245
11/1/2018,113.1773224,114.3102928,110.7225428,114.3102928,6681864
11/2/2018,109.3148956,113.8467906,108.8514005,112.9541454,9761930
11/5/2018,111.2718582,111.7525155,107.8386021,108.1819277,6810854
11/6/2018,111.546524,112.2160062,110.2418839,111.5121929,6109153
11/7/2018,111.7010117,112.5249945,111.4263554,111.7181807,380109
11/9/2018,111.5293579,112.610835,109.0574162,112.610835,12329274
11/12/2018,111.0143738,112.095851,110.4822232,111.4950311,6897542
11/13/2018,111.9756775,112.507828,110.2075492,111.0658632,6101731
11/14/2018,111.4263611,111.9585116,109.4007385,111.5808548,4883777
11/15/2018,110.9457016,113.4691435,110.4307132,111.2890272,8942797
11/16/2018,111.9928513,113.4348232,111.0658748,111.0658748,7275846
11/19/2018,114.2759628,115.151446,110.3792183,111.7525208,7513344
11/20/2018,110.3105469,113.6064713,109.898552,113.6064713,6907315
11/21/2018,107.8557663,109.8642197,107.5467719,109.8642197,6943816
11/22/2018,105.4353333,109.4522405,105.0576764,108.1476073,8239488
11/26/2018,109.332077,109.8299034,103.907529,104.1650233,18657115
11/27/2018,107.1347885,110.6538833,106.7743008,108.7827544,11458234
11/28/2018,106.5339661,108.3364256,106.1734783,107.787106,16926705
11/29/2018,108.1132736,108.7140935,106.2936449,107.8042791,7793384
11/30/2018,111.4606934,112.0615132,107.7012736,108.1647618,16991251
12/3/2018,112.6966705,113.1258276,110.91138,111.5808622,7115262
12/4/2018,114.996933,117.159887,111.8211712,112.6966543,15925097
12/5/2018,115.5119324,116.284415,112.6623339,114.3274618,10264210
12/6/2018,113.8639679,115.5119266,112.9541536,114.4132875,6232265
12/7/2018,114.4304504,115.4775893,111.3920134,114.2587876,9264269
12/10/2018,112.1301727,115.5290977,111.6151843,112.7138305,8528293
12/11/2018,112.6108246,114.6021159,111.5121855,111.7181794,11795237
12/12/2018,113.3146515,113.9841337,112.5936621,113.2288201,7028448
12/13/2018,116.2672424,118.0868639,112.954149,113.6408002,13728244
12/14/2018,114.3617859,117.7607108,114.0871296,116.3874084,12792082
12/17/2018,116.5934067,117.3315582,114.8081163,115.3402668,9162003
12/18/2018,115.0312881,116.1814277,114.172974,115.0999505,9864405
12/19/2018,116.9710541,117.5032115,113.7781303,115.0312701,9978008
12/20/2018,114.4132843,116.7307321,114.1042899,115.4432611,6421739
12/21/2018,110.5852051,114.9454445,110.1217169,114.3961179,26209361
12/24/2018,112.164505,113.4691452,110.3448834,110.7912025,11285031
12/26/2018,111.9756775,112.3705033,109.6410605,111.8211768,6281385
12/27/2018,112.4220047,113.7609761,111.237534,112.5421743,13527065
12/28/2018,113.3146515,114.2931281,111.8555176,111.9928423,5945206
12/31/2018,113.5893097,114.6021245,112.9713278,113.6408099,5696321
1/1/2019,112.1473465,114.2416314,111.7181895,113.5549802,4036542
1/2/2019,111.7696915,113.7438139,110.8942083,112.8854998,8822139
1/3/2019,111.7525101,112.593655,110.9113651,112.2674985,9446080
1/4/2019,111.3920212,112.2160041,109.7440624,111.4091903,6414073
1/7/2019,111.3233643,112.1816783,110.6538821,111.9585153,5076276
1/8/2019,111.7696915,112.4391737,110.7568767,111.5808596,5559089
1/9/2019,112.9541626,114.1901335,111.4263663,111.4263663,10474346
1/10/2019,111.838356,113.6579847,110.8942105,113.5721533,8265043
1/11/2019,112.8511581,113.2631531,111.0658677,111.7868501,4263836
1/14/2019,107.3064346,113.675127,106.8944467,113.3146393,18435523
1/15/2019,113.2288132,114.0871272,108.1647536,109.5208939,40188776
1/16/2019,115.5462646,116.6620729,112.9713226,113.915468,26390100
1/17/2019,115.1514511,116.2500904,113.8468109,115.7007707,14104487
1/18/2019,118.8421783,119.3056735,114.4647839,115.3574291,26911902
1/21/2019,115.975441,118.4130448,114.3961373,116.7307547,41658250
1/22/2019,118.9623642,120.0266793,115.3574449,115.6321082,17817926
1/23/2019,120.6961594,122.1552933,119.4773505,119.7005066,26499796
1/24/2019,120.7648315,121.1939886,118.9623718,120.232674,11281453
1/25/2019,121.348465,123.0307689,119.4773431,119.5631745,13964137
1/28/2019,121.9321365,124.5242339,121.6231351,121.6574732,18399880
1/29/2019,123.7397003,124.2217079,121.5534207,122.5690885,12320260
1/30/2019,125.0651932,126.5800997,123.2576443,123.6019394,19757160
1/31/2019,127.1137619,127.8712222,125.0824266,126.0120205,20517517
2/1/2019,127.9228668,128.2327268,125.1512886,127.4236418,8977608
2/4/2019,127.8195572,129.0073722,126.7350335,127.3891884,8383256
2/5/2019,126.8555374,128.1466439,125.9431611,127.3891975,6550401
2/6/2019,128.1466522,129.0934637,126.958837,127.0965634,5811361
2/7/2019,128.6286621,128.938522,127.2686995,128.0777844,5982481
2/8/2019,128.3187866,129.0762469,126.9416065,127.9056354,3735809
2/11/2019,128.4393158,129.9370051,127.2859216,127.6990869,7927406
2/12/2019,129.110672,129.5410408,126.8211155,128.8180296,7939320
2/14/2019,129.1451263,130.281303,128.7491786,129.5927128,8199603
2/15/2019,129.4894104,129.9197792,127.4408575,129.196754,9393792
2/18/2019,129.317276,130.4190175,127.6474391,130.4190175,9280197
2/19/2019,125.1340714,129.2484087,124.7037025,128.2671622,8171619
2/20/2019,128.1466522,128.7663862,124.3594064,125.0479965,11761287
2/21/2019,128.9557343,129.7303981,127.6646279,128.353218,6861558
2/22/2019,130.4017639,130.8321327,128.5942151,129.1106576,8519101
2/25/2019,132.69133,133.1389163,130.5739073,131.1075673,12475916
2/26/2019,133.4660034,133.9135898,131.2625068,132.3814657,10140096
2/27/2019,128.9040985,132.1576838,128.2155084,130.9182161,21357373
2/28/2019,127.010498,129.6959886,126.2186165,129.0762686,25142033
3/1/2019,129.3516998,130.2640903,125.8398925,127.6990945,18763773
3/5/2019,125.1857224,128.9901857,124.6348446,128.7663855,36042630
3/6/2019,127.3662186,131.2452676,125.3693045,125.966077,43014120
3/7/2019,123.4183044,128.6745339,122.7985705,128.5368215,16200268
3/8/2019,118.2997894,120.3885072,117.7718591,119.8605909,54689738
3/11/2019,119.2408676,119.768784,118.1850349,118.8965725,14708454
3/12/2019,119.9753571,120.8934772,119.4244793,119.8146832,12580708
3/13/2019,118.3916016,121.9263701,117.6112078,120.5032809,14439446
3/14/2019,117.909584,119.2179081,117.0603201,119.0572342,8978946
3/15/2019,120.9393768,121.3066193,118.0702515,118.4374939,17440194
3/18/2019,118.2538757,121.5361524,117.5423242,121.5361524,11497228
3/19/2019,118.1850128,118.8506415,117.1062189,118.3456726,10103694
3/20/2019,120.0671539,120.7327966,118.6211175,118.6211175,12229124
3/22/2019,119.6080933,121.0770911,118.6670257,120.4803186,6396058
3/25/2019,117.7489014,120.2737316,117.5193713,120.2737316,6747924
3/26/2019,117.060318,118.712937,116.3258191,118.0243469,7701032
3/27/2019,116.8537521,117.7030091,116.4865026,117.1521384,6715462
3/28/2019,116.9455643,118.3916008,116.647178,117.4734806,14209672
4/1/2019,120.1130676,121.1459528,117.4964266,117.519381,14133132
4/2/2019,120.1130676,121.1459528,118.9883788,120.9164228,7413134
4/3/2019,120.1130676,120.7787103,118.5293188,120.4573627,7538708
4/4/2019,118.9195099,120.3885078,117.0373677,119.8146827,12838396
4/5/2019,120.3196564,121.1230116,119.1260973,119.8146875,7229104
4/8/2019,121.0541458,121.8804483,119.699913,121.0541458,7274928
4/9/2019,125.6906433,126.241521,120.8934739,120.9623301,27982768
4/10/2019,128.9958801,129.3631226,126.2415197,127.6186999,37061332
4/11/2019,129.133606,130.6485128,128.6056896,130.1435438,18883256
4/12/2019,130.0976257,130.6944123,129.1795056,129.6385656,11578108
4/15/2019,132.0715942,132.8978968,130.4419225,130.8321264,14134384
4/16/2019,128.9499969,133.7930901,127.6187253,133.7471813,40734118
4/18/2019,130.7402954,132.9208306,128.6286304,132.6683532,54851156
4/22/2019,132.3240662,132.6683612,130.8780297,131.061651,16824108
4/23/2019,133.6324158,133.9767109,131.6125539,132.9897343,12355568
4/24/2019,134.5275421,135.1013672,133.2192322,134.0684821,18298138
4/25/2019,135.5145111,135.8588061,134.4357174,134.5275209,20781632
4/26/2019,135.3309174,136.1801814,134.7341448,136.0654164,12393102
4/30/2019,137.0523834,137.4655487,135.4227257,135.4227257,14679834
5/2/2019,134.8029938,137.1901119,134.3439337,137.0523854,9078250
5/3/2019,133.5405579,134.8259343,132.461764,134.7341167,14816616
5/6/2019,133.5176392,134.8718581,132.7601928,133.0815264,8608690
5/7/2019,134.8948059,135.3997748,133.2651342,134.3439282,8707688
5/8/2019,133.5176392,135.0784408,133.1503827,135.0784408,7904232
5/9/2019,133.609436,134.5505176,133.265141,133.9537311,7497994
5/10/2019,133.2881012,134.2291688,133.1274274,133.8160175,6133344
5/13/2019,132.7142639,134.7341253,132.3240601,133.3569452,8563900
5/14/2019,130.6484833,132.6683445,129.9598933,132.6683445,16740848
5/15/2019,129.9140167,131.2682497,129.592669,131.061667,8631244
5/16/2019,130.9928131,131.7502595,130.3042229,130.3042229,7191096
5/17/2019,131.4748077,133.0815181,130.9698388,131.5207166,6713562
5/20/2019,133.242218,133.8160432,131.9338937,132.8979229,8366922
5/21/2019,131.7043304,133.5864795,131.2911792,133.4028583,5029334
5/22/2019,129.9599152,131.9797768,128.9958862,131.7502467,15300108
5/23/2019,129.5467682,131.2452822,129.2254205,131.1075698,9712568
5/24/2019,129.868103,130.4648896,128.5368315,130.3271631,9855298
5/27/2019,128.7663574,130.4189766,128.628645,130.3730678,10900622
5/28/2019,129.8910522,131.1764148,128.3761456,128.9958795,88274856
5/29/2019,131.1534729,132.4388355,130.1435351,130.6025952,11011746
5/30/2019,132.2093201,133.1274403,131.0616697,131.2911998,23151914
5/31/2019,131.4748077,133.1274269,130.8321264,132.2781629,14648962
6/3/2019,133.7241974,134.0684925,131.8650096,132.4388348,11706676
6/4/2019,134.8489227,135.8588607,133.4946896,134.9636878,22163334
6/6/2019,133.8160095,135.2390985,133.5864795,134.9636597,17201760
6/7/2019,135.4456787,135.8358826,134.045551,134.275081,13569768
6/10/2019,136.3867645,136.7999158,135.6522655,135.7670306,14963786
6/11/2019,136.6621857,137.4884882,135.9276868,136.340838,14468168
6/12/2019,136.799881,137.1671234,136.2719648,136.570351,12445080
6/13/2019,136.9835205,137.2130505,136.4096954,136.7998993,10004562
6/14/2019,137.1671448,138.4525214,136.7999023,137.1441974,15931606
6/17/2019,137.3278351,138.0623341,137.1901226,137.718039,12357208
6/18/2019,136.799881,137.947531,135.881761,137.488471,16803584
6/19/2019,134.9865875,137.3507577,134.1143763,137.2589401,23805922
6/20/2019,131.7272949,132.1174848,129.6385632,130.3960095,19120844
6/21/2019,131.2223053,133.1274015,130.4648591,131.7502215,12954516
6/24/2019,130.3271484,132.0256763,129.9828534,131.0616473,6343478
6/25/2019,130.9698334,131.4288934,129.3860845,130.3730609,5619496
6/26/2019,131.3600464,132.2093104,130.6255474,130.9009863,4663538
6/27/2019,129.5008392,132.117473,128.858158,131.9109044,10178400
6/28/2019,128.7663574,130.2812501,128.5368274,130.2812501,6298778
7/1/2019,129.4549103,130.0975914,128.9729029,129.2712891,3471842
7/2/2019,130.4878235,130.8321185,129.3172259,129.661521,5218738
7/3/2019,129.8451385,131.1075537,129.4778821,130.7862061,2516552
7/4/2019,130.3041992,130.7862067,129.4549353,129.9139954,3256662
7/5/2019,124.7954788,130.6255331,124.405275,130.3730557,9170926
7/8/2019,122.5231323,124.5200465,122.1329285,122.9133362,7149570
7/9/2019,121.8804626,124.2905283,121.3066375,122.7985829,5240124
7/10/2019,122.5460968,123.7166944,120.8705163,121.5132116,5561126
7/11/2019,122.9133224,123.9462075,122.1558762,122.7985574,5383786
7/12/2019,118.8736191,123.3264937,118.4604538,123.0281074,15190556
7/15/2019,119.3097,120.2737289,117.4734599,119.3556088,9494898
7/16/2019,119.355629,120.5950969,117.6341535,118.8965689,9723314
7/17/2019,119.1720047,120.6409886,118.4834146,120.2737461,11637538
7/18/2019,123.5330734,125.8513213,119.1490411,119.8146839,42054706
7/19/2019,121.5132141,123.7855532,120.9623364,123.5330758,8459390
7/22/2019,121.5590973,122.2476874,120.457356,121.9263537,8839780
7/23/2019,121.421402,123.9462326,121.1000543,121.6050232,9361236
7/24/2019,121.2836914,122.0411378,120.2737535,121.4214038,4498944
7/25/2019,120.388504,121.8575019,120.044209,121.8575019,9982362
7/26/2019,121.0082397,121.536156,119.7228631,120.3655584,5438744
7/29/2019,120.4573593,122.6378946,119.470383,120.7327982,5764526
7/30/2019,120.4114609,121.5591111,119.8146883,120.6868997,4830174
7/31/2019,121.7886353,122.2476953,119.6080998,120.5032726,5698432
8/1/2019,124.1298447,126.7694402,123.2805807,124.6348136,35302414
8/2/2019,121.031189,124.3593746,120.1360302,123.9003145,9957332
8/5/2019,120.2737503,121.8345519,119.4933425,119.8835464,7665468
8/6/2019,118.8506546,120.5950914,118.3456857,120.2737437,7906452
8/7/2019,120.5262222,121.30663,118.8965645,118.8965645,7992066
8/8/2019,121.9952164,122.5690415,119.9753548,120.7328011,7250870
8/9/2019,120.9623337,123.3494518,120.6639474,122.1099839,7060998
8/13/2019,118.6670303,121.605012,118.4375003,121.605012,4380900
8/14/2019,115.2470245,119.4015193,114.8797751,119.2637929,8706726
8/16/2019,114.3977737,115.2240833,112.4926772,114.7650232,9944870
8/19/2019,115.7290497,116.2340116,114.7650207,114.9027401,5540152
8/20/2019,116.2799225,118.9424724,115.7749536,116.2799225,15930242
8/21/2019,115.8667603,117.0144104,115.2699878,116.3717291,6826530
8/22/2019,115.7060928,116.3717285,114.0764282,115.6831384,6739804
8/23/2019,115.407692,118.0243398,114.5584351,116.1192364,9793938
8/26/2019,114.3518753,116.1192525,113.7780502,115.8667681,6529420
8/27/2019,114.8109283,115.5224659,113.4337481,114.16824,8045102
8/28/2019,114.420723,116.2340088,113.8928067,114.8109268,5363314
8/29/2019,114.2141495,114.8797852,113.4107943,113.4107943,5438102
8/30/2019,116.784874,117.1750778,114.3748087,114.8109214,8368026
9/3/2019,116.4405899,117.2209977,115.935628,116.6471726,4411118
9/4/2019,117.5423355,117.909592,115.361807,115.4536176,6606662
9/5/2019,117.3357544,118.850647,116.8307855,118.850647,8811234
9/6/2019,115.6831589,118.1161721,114.2141678,117.2210132,22872104
9/9/2019,117.3357544,117.5652844,114.9256891,115.4076965,11581912
9/11/2019,113.9157715,117.0603363,113.548529,116.6012761,19598224
9/12/2019,112.2631454,114.0764314,112.010661,112.7910617,9329514
9/13/2019,112.630394,113.5714615,111.6434106,112.4697202,7620240
9/16/2019,113.433754,113.778049,112.0565737,112.5156338,7950382
9/17/2019,112.0795135,113.5714588,111.8729379,113.3648831,6329530
9/18/2019,112.1483765,112.9058228,111.6893164,112.6533383,5052560
9/19/2019,110.8630142,112.8599285,110.2891891,112.5844896,5137674
9/20/2019,112.9058304,114.1682457,110.4039542,111.0466356,12392500
9/23/2019,109.8760376,113.8469047,108.5677135,113.7091852,13553962
9/24/2019,110.4957581,111.5286432,109.9448874,110.5875687,11536662
9/25/2019,109.623558,110.7941628,109.2563085,110.4039588,7209996
9/26/2019,108.8431473,110.3809943,108.5906628,109.8071692,10777480
9/27/2019,108.6136093,109.7153506,108.2463599,108.9808517,6383350
9/30/2019,110.0826111,110.472808,108.2234163,108.7972414,6597906
10/1/2019,107.1905289,110.380995,106.5937494,110.1744194,8754660
10/3/2019,108.2693253,109.9908006,106.7544256,107.5118719,9570460
10/4/2019,109.118576,110.5875669,108.4529404,109.2562955,5951042
10/7/2019,108.8201981,111.2761654,108.4299942,109.2792582,4447336
10/9/2019,109.1415329,109.9907968,108.521799,109.830123,4556276
10/10/2019,109.8071594,109.9907876,108.2463581,109.1415238,4135724
10/11/2019,109.921936,110.3580417,108.5677102,108.7972402,5316578
10/14/2019,111.7581787,112.400867,109.2563026,110.0826122,7184274
10/15/2019,111.8499832,112.6992471,109.8301217,112.4467627,17103786
10/16/2019,114.2600479,115.5454175,112.0106564,112.8828677,32571658
10/17/2019,113.7780457,114.8338783,113.2042205,114.2600531,10324480
10/18/2019,114.2600479,115.0863574,113.7780404,113.7780404,5528778
10/22/2019,116.3946838,116.8078351,113.4337477,114.3059591,12546576
10/23/2019,116.7619324,117.3128031,114.7879727,116.0503879,5348508
10/24/2019,114.5814056,116.6930779,114.3977774,116.5553585,7834196
10/25/2019,116.1421967,116.3717267,114.1911914,115.706091,6530578
10/27/2019,116.4405899,117.1750889,116.1422036,116.8537482,630698
10/29/2019,117.1521454,117.4734861,115.774965,116.4406008,6382884
10/30/2019,116.9455643,119.7687812,116.3258303,118.4375096,8119090
10/31/2019,119.0342712,119.3556189,116.5094478,116.6012585,6992524
11/1/2019,118.7129517,119.8146932,117.8636876,119.4474507,5061842
11/4/2019,117.7948303,119.6769796,117.4046264,119.0342842,3841070
11/5/2019,118.6670303,119.0801816,116.9226006,118.1161526,3169448
11/6/2019,117.909584,119.1031431,117.5423276,118.8965604,3255238
11/7/2019,119.1949539,119.5851578,117.7948262,117.9784474,4253934
11/8/2019,117.7030106,119.7228723,117.4046243,119.424486,3079708
11/11/2019,117.725975,118.2079826,116.3258332,118.0702701,3804758
11/13/2019,116.1880951,118.8965464,115.7519825,118.1161388,3722946
11/14/2019,116.0274353,116.9455555,115.4077014,116.6012604,5796412
11/15/2019,115.9356155,116.6930618,115.5224573,116.6012512,2425834
11/18/2019,114.5125427,115.9126775,113.9846264,115.9126775,5756874
11/19/2019,114.9486465,115.2929416,113.7091857,113.9387157,4061312
11/20/2019,114.2600479,115.5683719,114.0305179,115.5683719,2988298
11/21/2019,113.6403275,114.5354932,113.387843,114.0305243,3488196
11/22/2019,111.5975113,112.7681089,111.1384512,111.6893219,8183112
11/25/2019,111.5515976,111.9188471,110.7711969,111.574552,3782394
11/26/2019,109.0497208,112.2860957,108.5677063,112.1024674,15380804
11/27/2019,110.1973801,110.587577,109.2792599,109.7153656,3894494
11/28/2019,110.0826111,110.4039517,109.3710665,110.1514673,3198740
11/29/2019,109.118576,110.7252863,108.7283792,110.19737,5333922
12/2/2019,109.5317535,110.0367155,108.1316187,109.3710797,7259920
12/3/2019,108.7054291,109.4858298,108.0627408,109.4858298,5730370
12/4/2019,111.1843567,111.4368411,108.5677155,108.6136243,6671932
12/5/2019,111.8729477,112.4238184,110.6793956,111.4138876,5226290
12/6/2019,110.6334839,112.2401942,110.3350976,111.8729448,2735116
12/9/2019,110.3580399,110.931865,109.5317373,110.5416681,2414590
12/10/2019,109.3251572,110.3580424,108.8431497,110.3580424,4411226
12/11/2019,110.1973801,110.5416751,108.4988591,109.0956316,4775320
12/12/2019,109.921936,110.7482456,109.577641,110.3350943,2811896
12/13/2019,111.941803,112.4008631,110.1744189,111.092539,8623666
12/16/2019,111.6204529,113.1123981,111.3679754,111.9647479,5685154
12/17/2019,112.3549576,112.9058283,111.8040869,112.1254275,4422758
12/18/2019,113.9846191,114.7191111,112.6992495,112.8599233,10598214
12/19/2019,114.3977737,115.0634095,113.6862292,114.1223419,4968422
12/20/2019,115.5913315,116.5094517,113.5255611,113.8469017,10423252
12/23/2019,116.532402,116.9225989,115.4995169,116.0503876,3701304
12/24/2019,115.7979126,116.5783134,115.2699963,116.1422077,3088960
12/26/2019,114.9027481,115.8667701,114.558453,115.6831489,4052868
12/27/2019,113.6403275,115.1093184,113.0894567,114.7650233,5022240
12/30/2019,114.2829971,114.558436,113.2042102,114.0534671,4333614
12/31/2019,112.8369751,114.1223448,112.607445,113.7091865,4329828
1/1/2020,113.7091827,114.1452884,113.0205926,113.158312,2827732
1/2/2020,113.9846191,114.7191111,113.0894534,113.2042184,2887932
1/3/2020,115.269989,116.0044809,113.5485137,114.5354901,6762808
1/6/2020,115.7520065,116.8078462,114.8338863,115.2240902,9133390
1/7/2020,117.1521454,117.6800687,114.8568447,116.2569795,8805574
1/8/2020,116.9685059,117.5882327,115.9356207,116.6012564,5588820
1/9/2020,116.4405899,117.748914,115.9815298,116.7160288,4990046
1/10/2020,115.5683823,117.1521382,115.2240872,116.5783131,4113154
1/13/2020,116.9685059,118.3915879,116.0733401,116.6012564,13927198
1/14/2020,118.0702515,118.5981677,116.8537381,117.9095776,14593554
1/15/2020,113.9616623,117.5193778,113.204216,116.6012577,20280902
1/16/2020,114.9716034,115.9585868,113.3878474,113.8469075,17623672
1/17/2020,115.269989,116.5553516,114.6043463,115.6831403,8281636
1/20/2020,113.8468933,115.1322629,113.4796439,115.1322629,3817166
1/21/2020,113.433754,113.9387159,112.9287851,113.8009964,3015884
1/22/2020,112.8599167,115.6601788,112.6533341,114.1223318,6800848
1/23/2020,114.1682358,114.351864,112.6303888,113.1353506,3393088
1/24/2020,114.1221542,114.9748398,113.4999184,114.6061077,3421554
1/27/2020,113.0851059,114.2604294,112.808555,114.2604294,3306994
1/28/2020,112.4859085,113.4307823,111.4488534,113.338594,4272362
1/29/2020,113.7303772,114.0299681,112.1171804,112.7394162,4009378
1/30/2020,110.9418488,114.1221553,110.7113921,114.1221553,4294930
1/31/2020,109.1442947,110.227437,108.3146492,109.6973894,11107276
2/3/2020,109.4208221,110.6883338,108.4298613,109.5590975,8463660
2/4/2020,110.734436,111.1953494,109.6512868,110.1582943,6329512
2/5/2020,111.6562729,112.0019579,109.3747529,111.356682,7751206
2/6/2020,112.3015442,113.3616464,111.3797174,111.886725,6112396
2/7/2020,112.4398117,113.8455988,111.9788984,113.8455988,5519024
2/10/2020,111.0340271,113.2233656,110.3657041,113.1081372,4517992
2/11/2020,111.1953583,111.9558626,110.5270352,110.8727203,5460620
2/12/2020,112.6702805,113.9147452,111.4027686,111.4027686,6838800
2/13/2020,112.3476486,113.2925226,111.7715068,113.2925226,4829910
2/14/2020,111.9558563,113.0850997,111.5410371,112.3706826,3619586
2/17/2020,112.3706894,112.9237841,111.5179968,111.9558631,2035556
2/18/2020,112.4859085,112.8546406,111.1953497,112.3476331,2505274
2/19/2020,114.1221542,114.4678393,112.69332,112.69332,3570768
2/20/2020,113.2464218,114.5600278,112.969878,114.306524,4241614
2/24/2020,112.5550461,114.2143371,111.7254006,112.9237782,7043950
2/25/2020,112.5089645,113.6842881,111.7484532,112.5320046,5059572
2/26/2020,110.5731201,112.2093641,109.88175,112.0250015,7988388
2/27/2020,106.7475357,110.1352446,106.2405282,110.1352446,9733628
2/28/2020,102.0692749,105.7796293,101.2626764,105.3187159,11274618
3/2/2020,101.7696838,104.6273456,100.6634874,104.0742509,11532350
3/3/2020,103.1063156,104.0742365,101.6774884,103.244591,10346226
3/4/2020,105.4800262,105.8948455,102.5301765,103.6594128,9036356
3/5/2020,105.8717957,107.8076303,105.3878352,105.5722048,5941556
3/6/2020,103.0371857,104.166422,102.5762723,103.7055087,5868566
3/9/2020,98.81981659,101.8618474,98.17454073,101.4931153,17462228
3/11/2020,98.22064209,98.81982385,93.88805219,93.88805219,12270332
3/12/2020,91.76786041,95.38602637,91.03039616,94.02633325,10764010
3/13/2020,90.98430634,94.23374735,78.00959637,91.72177062,13043196
3/16/2020,82.8491745,89.39414265,82.29607989,89.39414265,11201148
3/17/2020,79.78411865,85.52248953,78.70096926,82.29609547,12175374
3/18/2020,78.33222198,82.27303251,77.66389904,81.44338708,12733198
3/19/2020,74.82930756,78.97752895,73.46960714,76.05072549,11980172
3/20/2020,82.59568024,85.6377115,74.89842783,75.17497868,20319490
3/23/2020,78.42441559,81.58167533,76.05071429,76.05071429,10720786
3/24/2020,81.28206635,83.77099545,77.4564844,77.66389399,12061562
3/25/2020,80.49851227,86.65170819,78.44744931,81.76602396,13456292
3/26/2020,84.16278839,86.09862324,79.50756031,81.5586235,10247690
3/27/2020,84.57761383,87.34309439,83.65578698,84.41629132,13535120
3/30/2020,84.87721252,86.3751813,82.6648335,83.47143207,7334804
3/31/2020,90.66165161,92.09048576,85.56855785,86.19079367,10615252
4/1/2020,87.34309387,90.2007557,86.19081031,90.2007557,9875668
4/3/2020,82.96440887,87.38918016,81.92735376,86.65171594,13147474
4/7/2020,88.44927216,88.81800426,84.37019308,86.76694118,9562862
4/8/2020,88.91018677,92.18267453,87.02044616,88.26491086,10275308
4/9/2020,90.66165161,93.54235996,89.90114742,91.44520287,6930346
4/13/2020,87.2048111,91.26085029,84.30105536,91.26085029,12384376
4/15/2020,85.98339081,89.23283148,85.63770578,87.59658761,22652006
4/16/2020,86.58258057,87.45831317,82.96440775,82.96440775,43380846
4/17/2020,86.19081116,89.3019768,85.52248809,88.72583501,13212894
4/20/2020,83.47142029,87.11263337,83.03354693,87.11263337,16203026
4/21/2020,82.06561279,82.91829816,80.10673131,82.50347901,18086618
4/22/2020,82.29608917,82.7339555,80.68289227,81.58167199,10621898
4/23/2020,83.37922668,84.16278505,81.62776149,82.68785662,11104460
4/24/2020,81.92734528,83.33313235,81.65079446,82.94135321,9282278
4/27/2020,83.9092865,84.30105867,80.8903023,82.96441262,18283250
4/28/2020,82.8261261,84.32409446,82.04257482,83.93232234,13329834
4/29/2020,83.26399994,84.09364544,82.68785821,83.0105032,10060582
4/30/2020,88.0114212,88.77193261,84.60066451,85.2689876,17667854
5/4/2020,87.59659576,88.17273753,84.37020187,85.03852491,17140740
5/5/2020,84.9002533,89.41720636,83.97842643,88.2418757,13864778
5/6/2020,86.2138443,86.65171058,83.4253171,85.59160846,10885580
5/7/2020,84.85414886,85.45333058,83.51749596,84.80805472,11402138
5/8/2020,84.80805969,85.72988643,84.13973672,85.36115433,8227344
5/11/2020,85.13070679,87.55050223,84.85416296,85.26898222,8787666
5/12/2020,86.2138443,86.65171058,84.16278128,84.90023843,7030818
5/13/2020,87.43527222,88.26491776,85.3381148,88.26491776,10560968
5/14/2020,85.72989655,86.35213248,84.39325043,85.15375477,10324394
5/15/2020,84.71587372,85.72988166,84.18581915,85.72988166,6849030
5/18/2020,83.97841644,85.26897531,82.78004587,83.90928225,14454486
5/19/2020,84.99242401,85.72988823,82.04258121,84.00146306,11486668
5/20/2020,85.2459259,85.6837922,83.97841414,85.26897298,15415706
5/21/2020,87.15871429,88.35708474,84.53150266,84.53150266,14258230
5/22/2020,87.11262512,87.96531765,85.93729465,87.1356722,9177652
5/26/2020,87.02043915,89.04845501,85.59160499,87.11262041,11822268
5/27/2020,92.75881195,94.71769369,86.51343463,87.38917422,36165936
5/28/2020,91.88308716,93.79587491,90.36207156,93.79587491,24695246
5/29/2020,98.08236694,99.0502808,90.40815508,91.8830835,61260422
6/1/2020,99.11942291,101.8618561,98.35891162,99.32683253,26749248
6/2/2020,99.48815155,100.7326162,97.22967187,99.14246653,12812554
6/3/2020,97.41404724,100.2256147,97.04531512,99.60338583,16844202
6/4/2020,99.67250824,101.3778862,96.8609341,97.41403572,14794936
6/5/2020,100.8247986,101.5161686,99.09637347,101.4009403,14491168
6/8/2020,104.3738327,104.7656119,99.48815513,100.9400295,24427392
6/9/2020,100.6404343,104.304694,100.0873326,103.2906861,15690504
6/10/2020,100.0182037,101.8849043,99.37292781,101.4009439,14787292
6/11/2020,98.12845612,100.3177947,97.87495938,100.0182038,12497490
6/12/2020,95.82389832,96.56136261,95.08644105,95.86999247,12418688
6/15/2020,98.54328918,100.43303,95.93912418,97.69059656,28511450
6/16/2020,97.89801025,100.4330341,96.60745827,100.2256245,15921712
6/17/2020,100.3869324,100.8247987,97.27576716,97.71363345,27938908
6/18/2020,100.5482559,101.0783106,98.93505901,99.92602705,12408426
6/19/2020,102.3458252,103.2906991,99.09638421,100.4791245,22447354
6/22/2020,100.5021744,102.2075527,99.92603259,101.9310018,12961806
6/23/2020,101.6774979,102.4610492,98.17455324,99.09638004,14850298
6/24/2020,100.5713043,103.2446035,100.2717134,103.2446035,16492172
6/25/2020,100.5713043,102.3227767,99.23465825,99.99516256,10193692
6/26/2020,103.9129105,106.0100676,100.6173829,101.0782963,38389012
6/29/2020,101.2626648,104.1203262,100.8017514,102.345814,13374148
6/30/2020,101.2396164,102.2997185,100.4791122,101.2165764,11001386
7/1/2020,100.963089,102.5071448,100.640451,101.8618688,7905234
7/2/2020,103.3367844,103.9129261,101.1935398,101.8618629,14359882
7/3/2020,103.613327,105.3187051,102.6223591,103.3367762,10838912
7/6/2020,102.6223602,104.7425646,102.1384068,104.1203287,15175628
7/7/2020,103.6594162,105.272613,102.3227702,102.8758649,18235138
7/8/2020,102.8297729,104.9499702,102.5532221,104.4660097,14152368
7/9/2020,102.1383972,103.5211372,101.2396106,103.3598147,13417996
7/10/2020,102.3688583,102.9910871,101.1704808,101.8618508,9097518
7/13/2020,104.9039001,105.5491761,102.5762859,103.2215619,24694620
7/14/2020,103.7055054,106.7936235,103.2906862,105.272608,27877134
7/15/2020,121.1050034,123.8474439,108.3146557,108.7755691,260735176
7/16/2020,120.7132111,123.7322021,117.5559586,120.9897619,104555854
7/17/2020,120.4597168,121.6120003,118.4547407,119.192205,37713024
7/20/2020,124.8153381,126.0828499,119.3765659,120.4597151,42789980
7/21/2020,125.06884,129.7932019,124.1700534,128.3643677,65998100
7/22/2020,122.6029663,125.760226,121.519817,125.5758634,25167708
7/23/2020,122.879509,123.7322015,121.0128014,123.6630533,20736656
7/24/2020,124.7001114,125.2762531,122.3955445,123.0638745,44244246
7/27/2020,123.9165649,125.921541,123.1330066,124.7001092,27980494
7/28/2020,126.9585876,127.5577694,124.1239593,124.1239593,28087614
7/29/2020,127.6730118,128.1339252,125.5297673,126.1980833,21567278
7/30/2020,130.9455109,132.1899687,129.1018571,129.1018571,51694590
7/31/2020,129.4936218,134.0336074,128.4104726,133.4805198,33401320
8/3/2020,129.7701263,131.2680945,128.8252598,130.4384562,17817526
8/4/2020,129.5397186,130.599828,128.2491666,129.7701754,16239042
8/5/2020,128.2261047,131.1068133,127.8573656,129.6318849,14690906
8/6/2020,128.8944244,131.0146288,128.0186918,129.3783919,20305210
8/7/2020,127.8573837,129.9084541,127.3964703,129.5397149,14642400
8/10/2020,127.8573837,129.6088632,127.4886586,129.0557615,12621492
8/11/2020,128.8944244,131.1989913,128.2721886,128.5948336,20157816
8/12/2020,127.3042755,129.3783856,126.5437572,129.2401032,17807334
8/13/2020,127.6730118,129.9084446,126.6589967,128.087831,19307912
8/14/2020,127.4425354,129.401417,127.1659846,128.3643621,13163422
8/17/2020,129.9545441,132.0056003,127.9726079,128.4104813,29094008
8/18/2020,130.3002167,132.4665011,129.8393033,131.2450835,24108414
8/19/2020,128.9405365,131.7982055,128.7100798,131.5907888,18745042
8/20/2020,126.3824539,128.5948325,125.9215405,128.5948325,19783530
8/21/2020,125.9906769,128.5717947,125.691086,128.5717947,15939272
8/24/2020,125.6910934,126.4976919,125.3223543,126.0598185,12309628
8/25/2020,124.4235764,126.612915,124.1470255,126.4515925,15592276
8/26/2020,125.3914795,126.6129112,123.5247859,124.4235726,19265334
8/27/2020,125.5297546,126.8433605,125.1379755,125.8293455,12380336
8/28/2020,125.3914795,126.7511796,125.0457945,126.6129112,15199568
8/31/2020,125.0457993,129.9775782,123.5247907,126.2902711,41141934
9/1/2020,125.1840897,128.7792088,123.9857119,124.9075388,24586106
9/2/2020,126.1519928,127.4425446,124.9997094,125.7832537,16863810
9/3/2020,130.369339,132.6739057,126.5207098,126.9816232,49790330
9/4/2020,127.2121048,128.8253018,126.7972855,128.4565767,21415428
9/7/2020,128.479599,128.825284,125.1379771,127.4425439,16651534
9/8/2020,130.2310791,132.2591094,128.3643854,130.0697707,44589722
9/9/2020,130.369339,133.4113698,128.3643632,128.9635449,45588720
9/10/2020,131.1528931,132.2130023,129.5627504,132.120814,19035804
9/11/2020,135.1858826,137.5595976,130.2080239,130.2080239,83871852
9/14/2020,141.5926056,142.2148274,135.1167637,135.1628579,76179084
9/15/2020,141.6617432,143.4593027,139.5415386,141.592609,56312624
9/16/2020,143.8741302,144.4963662,140.1407285,141.5004288,29986974
9/17/2020,143.6666718,145.9712381,141.592562,141.6156021,53623304
9/18/2020,145.8790894,147.0313728,143.9202074,144.7268059,36975462
9/21/2020,143.7588654,149.5663761,142.8600928,145.6025187,45477692
9/22/2020,143.9201965,145.9943067,140.0946213,145.3720708,47020668
9/23/2020,145.118576,148.3219155,143.413191,145.1877102,44278872
9/24/2020,140.4403229,144.4502611,139.4032677,144.4502611,35838302
9/25/2020,144.6807404,145.3029764,140.209888,141.1777951,44013790
9/28/2020,143.5975647,146.1095484,142.698792,145.1877216,24921524
9/29/2020,143.5745239,146.8239578,143.1136105,145.1877208,29660738
9/30/2020,144.5193787,145.5794878,142.6987793,143.8049686,24786634
10/1/2020,144.2889404,146.5013333,143.828027,145.8330032,18514618
10/5/2020,153.9220276,154.8668944,145.2799018,145.2799018,77811262
10/6/2020,152.1244659,154.5442614,148.875032,154.405993,55159848
10/7/2020,154.5442505,155.1203922,150.027305,150.7186751,35479916
10/8/2020,165.6753387,169.5009146,159.6834641,161.7806146,214540492
10/9/2020,172.3816223,173.3495433,164.6613224,166.8506612,110861504
10/12/2020,173.994812,175.0549072,170.1231422,173.7643553,105931918
10/13/2020,173.2803955,175.9306475,171.8976553,173.9026173,72176286
10/14/2020,161.5271149,168.2333996,160.5361398,168.2333996,148263902
10/15/2020,157.4480133,163.2785647,156.2265957,161.7805963,77922358
10/16/2020,156.5492249,160.4439485,156.0652714,158.0471933,50488458
10/19/2020,158.1854706,159.706479,156.0883064,157.8397856,25693748
10/20/2020,159.821701,161.0892127,157.5632285,158.8998744,33993548
10/21/2020,158.3007202,161.3657917,156.295744,161.1353349,19934922
10/22/2020,158.7616272,160.4900525,157.1023361,157.1714703,19082496
10/23/2020,157.8167419,159.9830405,157.3097344,159.8908522,17346096
10/26/2020,156.6183624,158.9690235,155.1895422,158.4159359,17390338
10/27/2020,153.9681091,156.595321,152.585369,155.926991,19821156
10/28/2020,154.7055664,156.6414081,154.1294247,154.7516606,17969178
10/29/2020,155.5352173,156.7105407,152.6314547,153.7837381,14479922
10/30/2020,157.0332184,159.0151406,155.9961631,156.3648883,22991068
11/2/2020,154.313797,157.5171507,153.8068035,157.5171507,9662266
11/3/2020,154.7055664,156.4570456,153.3228263,154.6364322,9515596
11/4/2020,158.0702362,162.0340797,155.5582529,155.7887095,30763800
11/5/2020,159.1994934,160.8587845,158.5772575,160.3748311,11204872
11/6/2020,159.3608093,160.8587779,158.27766,159.5451719,10915586
11/9/2020,162.2184906,162.6102558,159.9369634,161.3197038,14214570
11/10/2020,157.7706299,161.6653532,157.2405824,161.6653532,18099240
11/11/2020,159.821701,160.2826144,157.401906,158.784646,15275758
11/12/2020,159.2686157,161.6423309,158.692474,160.3978592,10228848
11/13/2020,158.6233215,159.5912424,157.9550056,158.784644,9455776
11/14/2020,159.2225342,160.190441,158.1393849,160.0060785,1498484
11/17/2020,160.7205048,161.5501432,158.4159378,159.9369464,13307668
11/18/2020,159.1533813,162.4028291,157.5401845,161.2044515,14815616
11/19/2020,157.9089508,161.0892508,157.4480374,160.2596122,22113702
11/20/2020,159.6143036,160.6283187,157.6554217,158.4620201,12362786
11/23/2020,164.0160217,164.7304318,159.4760223,160.397849,20666694
11/24/2020,163.8546906,166.5740764,163.6242339,165.4678872,20184882
11/25/2020,161.3196716,165.3757035,161.112255,164.9608843,13624676
11/26/2020,163.55513,164.2695402,160.0291452,161.7806105,14732740
11/27/2020,161.5501404,164.7765341,160.3287227,163.5551164,24804168
12/1/2020,162.633316,163.1172695,159.5912844,162.5641818,21387134
12/2/2020,165.421814,166.0670899,163.2555295,163.3707578,18868154
12/3/2020,166.0670929,167.7724781,165.0069977,167.7724781,21394090
12/4/2020,166.2975311,167.0349953,165.4678927,166.4358136,14854786
12/7/2020,165.2144012,167.1963231,164.7765279,166.8506381,16784766
12/8/2020,167.634201,168.2333828,165.1913517,166.0670843,23626602
12/9/2020,165.698349,169.5008841,164.7765223,169.5008841,36275376
12/10/2020,164.0390625,165.0069834,162.5871882,164.1773449,13794794
12/11/2020,162.9328766,165.9288135,162.5410974,164.7304359,11727232
12/14/2020,161.0201111,163.4168525,159.9830559,162.932899,23003678
12/15/2020,162.5641327,163.1172202,160.1673778,160.9970162,14463562
12/16/2020,165.1913605,165.4448713,162.7946192,163.1172502,13332544
12/17/2020,164.5,165.5831494,163.854724,165.1913701,8330742
12/18/2020,167.5650482,168.6021033,164.776528,165.444858,34796162
12/21/2020,163.1402893,169.3626197,160.5591717,167.0810929,19330126
12/22/2020,167.8646545,168.5560246,161.0661824,163.1633326,16372078
12/23/2020,177.7051544,178.6500353,171.3215151,172.3816103,89748866
12/24/2020,176.1611023,178.2352125,174.5248513,178.1199842,24480344
12/28/2020,176.4837036,178.0969002,176.0688844,176.7372144,9451758
12/29/2020,177.4516449,179.9866684,176.5759123,176.9907315,22918252
12/30/2020,177.1750946,178.1891096,176.4376304,177.4516454,14376870
12/31/2020,178.0278015,178.6500374,175.7001945,175.7001945,12789210
1/1/2021,178.8804626,180.1018801,177.4746686,177.4746686,10084672
1/4/2021,182.7060547,183.4204788,178.7421969,179.756212,19511442
1/5/2021,187.2691193,188.8823163,181.369433,181.6459839,50313494
1/6/2021,187.3152008,192.3852481,185.8863665,186.6699249,44972600
1/7/2021,187.4765167,190.3572253,186.1398707,190.0115403,24689510
1/8/2021,198.2849426,199.414172,187.7069749,187.8222032,81986460
1/11/2021,205.9360962,207.871938,200.4973238,200.9582372,94668036
1/12/2021,210.9600525,212.3658326,203.9080696,206.4661472,44268930
1/13/2021,211.5592346,215.4539582,208.7015661,212.4810613,58380386
1/14/2021,209.4160156,214.7856542,198.192771,208.3328663,143103614
1/15/2021,202.1335297,211.7435751,201.2347571,209.600331,50615558
1/18/2021,198.9071655,205.1064562,197.7779362,203.2628026,43021174
1/19/2021,198.3079987,202.5944878,197.1326751,199.5755106,31355580
1/20/2021,205.0834045,206.4200505,199.5754843,200.0363976,48839358
1/21/2021,205.475174,209.0011725,203.8619772,208.1484799,31822754
1/22/2021,205.4520874,208.801222,203.4657097,206.699357,22797624
1/25/2021,201.9874573,208.3392641,201.0173603,205.6368562,14760338
1/27/2021,206.2373962,210.0715721,201.9874545,202.3339166,59180420
1/28/2021,199.5160217,207.2305854,197.3910508,204.7591523,29624870
1/29/2021,193.0487366,202.1953472,191.9631522,202.0567538,31264842
2/1/2021,194.7117615,195.7742399,188.5678373,192.2172364,30163704
2/2/2021,197.8761139,201.2021426,195.7049451,197.7144287,26620996
2/3/2021,200.2551727,203.2347536,198.7307445,198.7307445,19795332
2/4/2021,198.5921326,201.8257798,197.8299185,200.255154,14386598
2/5/2021,196.5826569,200.2089642,194.2729087,199.5622376,17358052
2/8/2021,201.0866699,202.1953603,196.9291232,198.8000277,25032680
2/9/2021,202.9575653,208.6857377,201.0404772,203.3733171,58949660
2/10/2021,202.7958832,205.1749209,200.9480847,204.181732,21215470
2/11/2021,201.8719788,203.4888024,200.2089574,202.795878,18474052
2/12/2021,204.1817474,207.5077906,203.0730711,203.2578481,38561668
2/15/2021,203.1192474,205.5213769,201.7795823,205.3827977,15689754
2/16/2021,202.1260681,206.8610521,200.3937569,206.0295484,24907596
2/17/2021,198.7307281,202.7958791,197.9454082,201.3638325,14780384
2/18/2021,200.0010681,201.710273,198.3380469,198.7768905,16771472
2/19/2021,198.6152344,201.2945364,196.8367256,200.0934646,16957332
2/22/2021,193.4182892,199.9548727,192.1710197,198.961684,21332174
2/23/2021,191.9400482,196.7905188,191.3857031,193.8802421,17984706
2/24/2021,195.450882,196.6981374,191.5935999,192.9563569,10120594
2/25/2021,194.6193695,198.1763872,194.2267236,195.4508873,18220784
2/26/2021,189.5379181,193.9495453,188.4754396,193.0718439,23463882
3/1/2021,191.4319153,193.4183071,189.0297858,189.8612894,12843392
3/2/2021,198.8231049,200.0703744,193.21042,193.8802526,29750468
3/3/2021,201.1790619,201.7103011,197.8299271,200.0241878,17564904
3/4/2021,202.7034912,205.2442142,197.4834661,198.1301927,25927594
3/5/2021,194.4114838,203.2578154,192.6329751,203.2578154,87862344
3/8/2021,192.5868073,196.3978919,191.9631724,196.3748,24709676
3/9/2021,193.649292,195.3122994,189.4224416,193.9264505,23811258
3/10/2021,197.1139069,198.9617053,195.4046876,196.8367343,34582736
3/12/2021,196.42099,199.9317959,194.9889433,199.331267,17920252
3/15/2021,196.9522095,197.991596,193.002532,196.2361792,15034204
3/16/2021,198.3149567,200.9249832,196.6288435,197.3679656,21347294
3/17/2021,193.8571472,201.1790512,192.956354,198.1763788,24269624
3/18/2021,189.4686279,195.9359224,186.7662199,195.5201706,20165862
3/19/2021,189.6303253,191.0854638,184.5257875,188.914309,33750804
3/22/2021,191.4550171,192.2865207,189.4917313,189.8843772,13245968
3/23/2021,191.9400482,195.589447,190.646595,192.9563429,23150388
3/24/2021,189.8612823,191.9169637,189.0297787,190.0229675,10280694
3/25/2021,184.6181641,190.1846655,183.7404626,189.7227159,25474258
3/26/2021,186.5814514,188.3368685,185.0801151,186.9972033,18066738
3/30/2021,193.1411285,194.2267129,187.089586,187.089586,26339126
3/31/2021,191.3164215,193.9264339,190.9468675,193.9264339,14890268
4/1/2021,192.3558044,195.3353849,191.4088134,193.4875866,15193886
4/5/2021,196.5364685,197.6682366,192.2634346,192.378922,42432790
4/6/2021,197.3217773,198.1301892,195.1044248,197.6913455,16641040
4/7/2021,202.3339233,202.7958729,195.5894564,196.3285786,27735300
4/8/2021,204.2279205,206.0064293,203.2578236,204.1586309,25833228
4/9/2021,207.9235229,208.50096,203.2578291,204.5974801,23398770
4/12/2021,199.8394012,207.9235193,198.3611569,207.8773215,30172534
4/13/2021,193.5337982,202.1260498,190.6004153,199.5622351,40840640
4/15/2021,198.9617157,200.6940268,191.7091007,193.5107015,53517782
4/16/2021,216.7467804,218.8024479,201.4100464,204.0431651,218723272
4/19/2021,218.3866882,220.788832,213.0049778,213.8826793,87619710
4/20/2021,217.1625366,220.6040531,216.100044,219.8880368,35461382
4/22/2021,224.8078003,228.434108,217.8554635,217.8554635,85241858
4/23/2021,219.7494507,225.1311612,219.1258158,223.3757441,27192006
4/26/2021,221.8743896,223.5143192,220.3499616,221.4586378,18629288
4/27/2021,224.0686798,224.9694873,222.1977893,222.3825663,14418934
4/28/2021,226.0319519,227.8335668,222.313263,224.4382341,19231068
4/29/2021,226.286026,227.6487689,224.3689379,227.6025852,15282266
4/30/2021,227.6256561,236.42579,226.0319244,227.0482192,58231142
5/3/2021,225.1311188,229.1269796,223.2371228,225.4082913,17199462
5/4/2021,222.6366119,225.5699806,220.7195098,225.108031,16204858
5/5/2021,226.6325073,229.1270327,223.2602663,223.9531908,23713182
5/6/2021,236.6567688,237.8116428,225.0849372,228.0645177,48827088
5/7/2021,238.0195618,238.6200907,234.4394519,237.4421247,29333162
5/10/2021,242.9623871,244.1403529,237.0956218,239.1050912,25088944
5/11/2021,239.4747009,241.7382372,237.4652031,239.266818,15298998
5/12/2021,234.4856262,241.3917645,233.2152648,240.1907068,15742214
5/14/2021,230.2588043,234.8551948,227.6256857,234.4394429,13599758
5/17/2021,230.8824158,232.6840306,228.6650632,230.2587951,11505300
5/18/2021,234.6934967,237.8116566,231.3905598,231.8987072,18761492
5/19/2021,236.3565063,239.1974935,233.353834,234.8089724,14980792
5/20/2021,234.7858887,238.8279477,232.6378258,238.3659981,12584608
5/21/2021,236.8415833,238.3198277,235.2016536,235.5943136,10395006
5/24/2021,237.8578644,239.5208717,235.4326148,236.4720015,14873624
5/25/2021,239.0820007,242.454227,238.2274053,239.0127252,15909128
5/26/2021,243.5629272,245.0411716,237.7885572,237.8578609,17646380
5/27/2021,249.8685608,251.762543,242.5466424,243.5629372,58822252
5/28/2021,248.8522797,249.5913878,246.0574899,248.9908589,11757252
5/31/2021,249.013916,249.7068404,245.3183194,248.8522449,10772410
6/1/2021,250.7462463,252.6864404,249.291122,250.3305086,11930088
6/2/2021,250.8386383,251.7625375,246.2191422,250.3535969,9427136
6/3/2021,249.013916,254.0260859,248.6674538,252.085892,11275982
6/4/2021,250.0071411,251.9935188,249.6606789,251.0696196,9543432
6/7/2021,253.2639008,254.6266579,250.7000858,251.6239851,8696866
6/8/2021,254.349472,256.6130367,253.6796676,254.0723135,10859468
6/9/2021,251.3929749,255.573613,250.4690757,255.4581256,12413798
6/10/2021,256.0355835,256.6130205,252.0166161,252.0166161,11441488
6/11/2021,256.0586853,258.2067625,254.7652319,256.3820557,11224718
6/14/2021,259.4308777,259.9852228,255.4581225,255.8738884,11904318
6/15/2021,257.7216797,260.5395608,257.3059138,259.3846869,7674490
6/16/2021,256.4975281,259.8697547,255.6891162,258.6456051,10994538
6/17/2021,258.0912476,259.3847008,253.8643974,255.2271544,8798696
6/18/2021,253.9799042,259.5926035,252.247593,258.6917961,20014232
6/21/2021,250.4459686,251.6470262,247.2354135,251.6470262,10781642
6/22/2021,257.0980225,258.6686622,250.5152412,251.8779981,11505842
6/23/2021,249.5220947,259.0844292,248.7136829,258.6917833,22485404
6/24/2021,253.6334229,254.3263473,249.0832306,250.3305001,17337360
6/25/2021,252.9174194,254.5342431,249.6837721,254.0029898,10079644
6/28/2021,252.8712158,254.4418275,251.4160633,253.9567861,6519660
6/29/2021,250.6538544,255.8046039,249.9147463,253.0559981,15855760
6/30/2021,252.0628204,253.1483908,250.3766931,251.6932382,8586644
7/1/2021,249.1525269,252.1783196,248.5289061,251.7625536,8658748
7/2/2021,248.8060608,250.5152801,246.4963126,249.4989852,8314614
7/5/2021,247.7666473,250.7924397,247.3970933,250.7924397,6878338
7/6/2021,246.0343323,248.6674505,245.6878701,247.8590387,8386882
7/7/2021,245.8265228,247.7898089,242.5697552,246.7042103,10755374
7/8/2021,245.2952423,248.0438481,243.9093935,246.6349075,9131020
7/9/2021,242.8930969,245.2721487,241.7151311,243.6322332,11449216
7/12/2021,242.9161682,245.826473,241.6920188,245.1797324,7731112
7/13/2021,242.4542542,244.6023312,241.4148675,243.9094068,8344716
7/14/2021,259.4771423,260.2162505,242.8007419,243.1010204,58696166
7/15/2021,266.0368042,267.7691153,258.2298441,259.1537434,62132402
7/16/2021,266.8914185,272.2038396,262.5259885,267.9308052,73815654
7/19/2021,265.0666809,269.7785726,263.311278,264.4892439,21715702
7/20/2021,262.4335938,267.0762104,259.4078291,265.9444281,21047054
7/22/2021,269.8710327,270.2405869,263.7732908,266.5911728,24086770
7/23/2021,276.7770996,278.0012491,269.639973,270.9334262,28114910
7/26/2021,272.7581482,277.4007361,271.7418534,277.2159449,12199806
7/27/2021,273.2200928,274.6983371,269.8478664,272.0421269,7966274
7/28/2021,273.4510498,274.0977623,269.3165956,272.9891002,9147860
7/29/2021,272.7581482,276.2458621,271.5801823,274.2132725,11668940
7/30/2021,271.2337036,273.9360973,270.2405008,272.0189953,6356412
8/2/2021,273.5896912,275.0448439,268.9701945,271.7188006,9247796
8/3/2021,276.8926086,279.0175656,274.4673732,279.0175656,10331214
8/4/2021,275.6915283,279.0175712,274.5366543,278.7865964,9018712
8/5/2021,277.5855103,283.8680132,276.0148704,276.0148704,22588728
8/6/2021,276.2458801,280.1262683,275.4605601,278.9020905,10540400
8/9/2021,275.6915283,279.9414705,275.0909995,277.1697727,9293502
8/10/2021,278.9482422,281.304202,273.9822842,276.4306395,14055564
8/11/2021,277.7471924,280.1724277,276.4537392,278.0474709,8565026
8/12/2021,279.8721619,281.2811307,277.4700464,278.0936671,7905016
8/13/2021,284.3299866,286.6166428,279.9414653,279.9414653,16729368
8/16/2021,283.6601563,286.824528,282.0202408,284.6071473,7144852
8/17/2021,293.2918091,294.2849838,282.343598,283.5215639,23645544
8/18/2021,290.7510681,295.2781682,288.5336876,293.6844366,13847154
8/20/2021,286.4318237,291.9290349,285.4848328,287.5636058,12341386
8/23/2021,290.4970093,294.2388181,288.0255901,289.1804641,14072750
8/24/2021,292.6682129,293.7999952,288.3027828,293.7999952,8967436
8/25/2021,291.7905273,296.9412494,290.8204161,293.3380475,12815436
8/26/2021,290.5431824,294.954795,289.1804255,292.0445184,8416702
8/27/2021,293.3149414,293.7999829,288.8571159,290.7973101,8743108
8/30/2021,292.1600647,295.4168041,291.2823491,293.7768885,8743710
8/31/2021,296.0866089,296.825717,290.5201217,293.1532119,15591816
9/1/2021,296.5947876,299.0431153,293.4535354,297.4031995,9450444
9/2/2021,300.9370422,303.5008566,295.9941764,297.957462,9077556
9/3/2021,302.6231384,303.3622746,300.0362322,301.6530557,7549940
9/6/2021,317.1053467,318.1447334,303.3392526,303.3392526,24676832
9/7/2021,311.4695129,318.745219,310.7765886,318.745219,12812218
9/8/2021,305.9030457,312.0007863,304.8867508,312.0007863,13432462
9/9/2021,305.9723206,306.9886154,302.1150525,305.3025162,11611460
9/13/2021,309.8527222,310.3608555,303.8935605,305.9723339,11177578
9/14/2021,311.0999756,312.1393622,309.5062438,309.9681934,7322676
9/15/2021,311.3771362,314.3798088,309.5062459,311.3540444,8290832
9/16/2021,308.513031,314.4721922,307.1964859,314.0102426,9315692
9/17/2021,307.3119507,311.5388005,306.1570768,310.1529518,10815562
9/20/2021,306.041626,309.737223,301.8378957,303.8473653,9092860
9/21/2021,308.397522,309.0442626,303.5470515,305.1176913,7367102
9/22/2021,308.6516418,311.5850106,306.2725901,309.0442877,9583304
9/23/2021,311.4926147,312.7398843,310.1529778,310.8459022,6462586
9/24/2021,312.5088806,322.9720495,311.8159563,314.3566789,24253176
9/27/2021,302.0688477,313.3634926,300.7291826,313.2249133,16798164
9/28/2021,295.4629517,302.0688535,293.4534822,302.0688535,16224924
9/29/2021,295.9942017,298.6504118,289.8040658,291.0051517,17679132
9/30/2021,292.9222717,298.7659463,292.2062554,295.070349,12027918
10/1/2021,293.9154358,295.5322594,291.1206463,293.2456032,8417708
10/4/2021,296.132782,297.3107478,293.7768503,295.6015569,10494244
10/5/2021,298.8120728,300.0362504,292.8991238,294.0078141,10912148
10/6/2021,293.6844482,300.4751128,293.0608276,300.4520209,9673198
10/7/2021,297.0104675,299.5973737,294.2156784,295.1857612,7448686
10/8/2021,305.4180603,308.3745215,297.9575613,298.4888147,22091966
10/11/2021,301.5606995,307.7970192,293.3380021,299.7822047,20422932
10/12/2021,304.4709473,305.9954034,296.8256876,301.1911166,18680432
10/13/2021,310.7072754,311.6773864,303.0389237,307.1964699,18925882
10/14/2021,327.1758118,341.7734082,321.0549794,321.9788786,118377606
10/18/2021,327.8687439,332.9732816,324.4734255,332.1417779,21198892
10/19/2021,328.7002563,337.2001409,327.0603408,331.2640712,21865148
10/20/2021,324.2655334,333.8740797,321.4014402,329.6472295,16108782
10/21/2021,321.6555176,327.5222834,314.9110643,327.4991916,15916912
10/22/2021,315.234436,325.9054611,313.3173338,324.17315,10758302
10/25/2021,308.4437866,316.0659558,305.2563228,315.3961232,17621916
10/26/2021,308.6516418,313.5713883,307.1964893,309.9912788,12193966
10/27/2021,310.0143738,311.6081056,306.4804762,308.651645,12631178
10/28/2021,303.4547424,310.2453799,302.5770268,309.9682213,10357542
10/29/2021,298.7658997,304.6095733,297.6110257,304.07832,13522634
11/1/2021,302.7848816,303.477806,299.1123765,300.7753838,8802466
11/2/2021,302.022644,305.3486868,300.7753745,303.5008884,8079378
11/3/2021,301.4221191,305.7413367,300.3596407,304.6095827,6871182
11/4/2021,301.9764709,303.8011776,299.066194,302.5769998,1565810
11/8/2021,304.1244812,305.3486588,299.1123398,301.6299705,9504460
11/9/2021,304.1706848,307.7738856,303.3622731,306.3187333,8284130
11/10/2021,301.4682922,304.4247809,300.9832508,302.9927484,8091390
11/11/2021,296.479248,300.151753,294.1695,300.151753,12067796
11/12/2021,304.9098511,306.0416333,298.3270688,299.3433636,12126506
11/15/2021,304.3786011,307.6584319,303.5701893,305.6027506,9435996
11/16/2021,305.5565796,308.9288062,302.4153278,304.1476389,11327094
11/17/2021,305.7182312,308.5823243,303.9628284,305.5565601,8854994
11/18/2021,300.9370422,307.6353108,298.0729494,306.457345,7842498
11/22/2021,297.5186462,305.0946313,294.7238567,303.9628491,11582434
11/23/2021,296.9411926,299.7821939,289.2035369,296.8950089,9134924
11/24/2021,294.0309448,299.1585745,292.4603048,297.6341464,7985552
11/25/2021,294.1233521,296.479284,292.4141327,294.2619313,6661362
11/26/2021,287.0786133,293.0608668,286.2471096,291.9521764,8277074
11/29/2021,291.3053894,292.3447759,278.9944502,284.8150035,10376060
11/30/2021,294.3774109,298.1884955,291.2592508,291.3054345,26850200
12/1/2021,293.2456055,298.3963549,292.5295892,296.8488068,9453644
12/2/2021,298.789032,299.3895609,290.5663337,294.2157473,10210456
12/3/2021,295.9942017,302.0919419,295.6015558,297.842,13405010
12/6/2021,288.4875183,297.5879309,287.8638976,294.3773756,9409906
12/7/2021,292.1369629,293.1301377,287.794625,290.1043732,8557090
12/8/2021,296.433075,301.6531,294.8393431,295.1858053,15360658
12/9/2021,297.1259766,299.1585378,294.6545294,296.456144,6865604
12/10/2021,294.8392944,298.3732197,293.3841421,296.6409089,8525212
12/13/2021,298.1422729,303.2929939,295.7401295,297.2645575,13123680
12/14/2021,298.8352356,301.1449838,295.3013095,298.4194696,8609412
12/15/2021,293.9847412,298.7428165,293.4996716,298.7428165,7123544
12/16/2021,297.6341248,300.2210595,295.3705886,297.4955455,12437240
12/17/2021,309.875824,312.6475219,300.3134604,304.8867733,104600018
12/20/2021,307.6353455,312.9708578,306.2725885,308.3744535,26298202
12/21/2021,319.1148071,322.0250842,309.9682099,312.2779581,27362096
12/22/2021,316.7357483,321.4707316,314.680067,321.4707316,12327754
12/23/2021,320.8471069,324.2886373,318.3294758,318.7914255,12944908
12/24/2021,322.6486816,324.4733881,318.8145059,322.3253113,13182426
12/27/2021,323.1799316,323.8266724,319.27648,323.295419,10188656
12/28/2021,325.8823547,326.8293458,324.08074,324.7505726,10158044
12/29/2021,325.0739136,327.9841902,323.3877864,325.7899298,7898416
12/30/2021,329.8782349,332.5575654,325.2125547,325.720688,18087350
12/31/2021,330.455658,332.0493898,327.5684728,330.6635409,8549558
1/3/2022,332.0032043,335.7449851,330.7559347,331.679834,9280810
1/4/2022,333.2966614,334.0357695,328.7002569,333.8740984,10228800
1/5/2022,329.6010437,332.996362,324.7505728,332.6037161,14711264
1/6/2022,326.0209656,329.0236383,323.3416632,326.0440574,12883220
1/7/2022,328.6771545,333.2966507,326.8755397,327.0603309,13120326
1/10/2022,320.36203,327.5222484,318.7452065,327.5222484,27537820
1/11/2022,320.6622925,322.6486699,318.283241,321.0549383,15487458
1/12/2022,319.3688965,324.1731844,315.6040236,323.3647725,23460682
1/13/2022,300.1517334,307.6584139,299.3433217,306.3649608,61505934
1/14/2022,295.5552979,299.9207265,294.0308701,299.9207265,26514548
1/17/2022,298.7197571,301.0295054,292.4372248,295.4168058,20457876
1/18/2022,292.5527039,300.2672685,291.559529,299.7591352,14329980
1/19/2022,286.9400024,291.7904732,285.9467995,291.4901947,17382766
1/20/2022,284.1914063,287.5174491,282.0202374,286.7090373,16827124
1/21/2022,279.9576721,282.710753,277.9911898,282.2480513,19646694
1/24/2022,265.0123901,280.1658703,263.0227785,280.1658703,26150716
1/25/2022,260.3622437,264.6653637,254.8098234,260.2696977,34712370
1/27/2022,252.0567627,257.6785999,248.5633703,256.7994553,31351744
1/28/2022,255.4807739,261.4033505,252.9359144,254.5322128,29899780
1/31/2022,264.9429932,265.7758789,260.2928465,263.2772783,26252174
2/1/2022,266.8169556,269.4774904,262.0973924,268.3207361,20920202
2/2/2022,272.0686035,272.9940069,266.0534813,269.2923933,16368826
2/3/2022,267.5572205,272.4387171,266.5855583,270.5416517,14082780
2/4/2022,264.5497131,267.3490529,262.8377111,266.9788972,13633558
2/7/2022,257.724884,265.4982681,257.0770903,264.6191517,15091358
2/8/2022,259.2286377,261.7966266,256.5449734,259.760756,13953814
2/9/2022,263.2541504,264.0870078,260.6398744,261.1488632,10207476
2/10/2022,265.428833,265.9377936,261.9816998,264.8504559,11603824
2/11/2022,259.783905,261.8891924,257.7711355,261.8891924,15442458
2/14/2022,250.6455536,257.7943016,249.8589549,254.4859726,16241546
2/15/2022,260.6629944,261.5421389,251.3627014,252.4500391,13676992
2/16/2022,260.917511,263.878785,257.9793381,261.4958881,14607822
2/17/2022,261.380249,264.8505124,259.6451173,264.6654204,14228840
2/18/2022,260.2466125,261.7503933,256.9614131,258.6502858,13411838
2/21/2022,264.1101379,264.9892825,256.9845483,257.1464827,17534002
2/22/2022,261.0332336,263.2773261,257.3084615,257.3778781,21490124
2/23/2022,262.3981323,264.1564214,260.3391323,263.3698229,14408512
2/24/2022,248.5402374,257.6785963,245.7640271,253.5605397,26953888
2/25/2022,256.9151306,258.5345866,253.3291923,253.5605431,15922624
2/28/2022,257.1696167,259.1592285,251.7560008,254.948654,18316874
3/2/2022,256.8919983,258.3263623,254.6710357,256.7994523,16354110
3/3/2022,263.5317688,266.4930712,259.2749072,260.5010781,25911326
3/4/2022,266.1923523,268.3670565,256.3599386,259.5757219,26948372
3/7/2022,264.5959473,268.205043,260.1540224,260.5010486,21112334
3/8/2022,271.8141174,273.3410274,264.6653706,264.6653706,22039998
3/9/2022,270.9118652,275.9553254,269.3618257,272.0686196,23527232
3/10/2022,272.1842957,276.001585,270.495423,275.3075324,16161966
3/11/2022,271.2357178,272.9939784,269.4774571,271.6058735,9927188
3/14/2022,276.7650452,277.9911878,271.143208,271.3283,15006442
3/15/2022,271.9298096,279.3330372,270.3566124,279.3330372,13853244
3/16/2022,276.8113098,277.3665575,274.1507749,275.4232046,11150296
3/17/2022,278.176239,282.7107096,277.1582897,279.9344996,16881290
3/21/2022,277.6210327,285.0242603,276.6956293,279.9808002,15592952
3/22/2022,282.2712097,282.710782,275.839672,279.1942599,15580500
3/23/2022,282.8033142,284.5615752,281.1838581,284.075744,11393836
3/24/2022,282.5025024,284.0062829,280.3046695,280.8599171,7751490
3/25/2022,279.171051,284.0988353,276.348582,282.7107302,11986194
3/28/2022,277.7135925,281.7853622,276.2792002,281.3226605,11476810
3/29/2022,278.7778015,280.0964902,277.227762,279.0091524,9402006
3/30/2022,277.9911804,281.9241449,277.3896738,279.9807921,15488764
3/31/2022,273.8731689,279.1479518,273.0865703,277.6210417,14476178
4/1/2022,278.4538879,279.1942276,272.6701165,273.7806119,8567994
4/4/2022,280.2121582,280.6286011,277.1583381,279.9345485,8855948
4/5/2022,279.535675,284.3644947,279.0224489,282.4749578,12862488
4/6/2022,276.9229431,278.9991128,275.7332369,278.9991128,8235902
4/7/2022,270.9977112,276.1997964,269.4347676,276.1997964,15721530
4/8/2022,272.3040771,273.8670206,270.8344216,273.4004669,8636632
4/11/2022,266.4488525,272.5840461,265.0491912,272.4674077,17164216
4/12/2022,260.6635742,265.0025182,259.4971899,265.0025182,16338532
4/13/2022,260.8968506,263.8361334,258.7506863,261.2700879,11204576
4/18/2022,251.2858124,256.5345415,250.0727841,256.5345415,18930062
4/19/2022,247.4834137,254.5283631,245.430566,253.8052106,13286008
4/20/2022,250.3060913,252.1956283,247.9033281,250.0728144,8660976
4/21/2022,251.5657806,253.1054023,250.7026391,252.4055717,13388782
4/22/2022,250.865921,252.335548,247.5767233,249.6062204,9782424
4/25/2022,246.9701843,247.8100037,244.1475402,247.2501336,9473768
4/26/2022,246.9235382,250.8892445,245.9204364,250.5393293,8718740
4/27/2022,242.1180573,245.873809,240.0418875,245.873809,16275078
4/28/2022,243.7976074,245.7104945,240.7416867,244.4741159,13241338
4/29/2022,237.3825226,246.5736364,236.5427316,246.5736364,24151260
5/2/2022,230.9440765,242.1413651,229.8243505,240.5084272,43822854
5/4/2022,229.4277954,235.0730984,228.2614111,233.2768637,17267854
5/5/2022,233.813385,235.0031055,231.5505967,233.7434048,10869532
5/6/2022,226.3252106,229.0312164,224.4123375,228.6113209,18441782
5/9/2022,225.4154205,228.3080592,221.426392,224.8788866,16675250
5/10/2022,222.8493652,225.6953456,222.1495347,225.3454303,14969534
5/11/2022,220.166687,224.8555602,215.8044071,223.9690968,21029342
5/12/2022,221.0531464,222.0795702,215.6177984,218.3937987,14573000
5/13/2022,218.6503906,223.7125012,217.8805799,223.7125012,16775318
5/16/2022,218.3471375,221.3097564,216.9474763,221.1464597,7314066
5/17/2022,227.0483704,228.1447745,218.4871065,219.7468073,11321450
5/18/2022,224.5289764,231.0607285,224.2257194,229.031217,15390968
5/19/2022,210.4857025,221.0531412,209.9491686,217.4840081,22945978
5/20/2022,214.4280853,215.6411278,212.2819354,215.5478114,12731912
5/23/2022,217.414032,218.253823,213.4483254,216.3876081,14111568
5/24/2022,214.5913849,219.0936253,213.6815995,218.5570914,13779460
5/25/2022,207.5464172,215.0112765,206.7766065,214.6846832,15481506
5/26/2022,211.5121307,212.1419811,207.1498506,208.0829581,11583082
5/27/2022,217.8572693,218.323823,212.8651387,214.6147152,11414472
5/30/2022,222.1961975,224.6456044,220.7498782,220.7498782,12291148
5/31/2022,223.0359955,224.2956962,219.4668624,222.0329079,31587004
6/1/2022,219.6301575,223.4559036,218.5804116,223.4559036,10514566
6/2/2022,221.2164307,222.2895127,218.3937865,220.1200266,10535040
6/3/2022,221.846283,227.6782042,221.3797293,223.782478,23269778
6/6/2022,220.7732086,221.8462764,216.5742255,220.2133385,13791156
6/7/2022,218.1838379,219.6301572,217.0174536,219.2802419,4701342
6/8/2022,219.4668579,220.2133467,216.6208775,219.770115,5627652
6/9/2022,221.636322,222.1495339,216.5975479,217.9038925,7402238
6/10/2022,215.0579376,217.9738983,212.8884515,217.9738983,17453098
6/13/2022,208.1296234,211.3488413,207.6164115,209.9725021,14130822
6/14/2022,208.0362854,211.6754127,204.3505141,205.2836215,13056384
6/15/2022,205.3302917,210.2524277,204.9570402,209.2260181,11391596
6/16/2022,197.0256348,208.4328792,195.8359284,208.0829639,17944686
6/17/2022,189.0475616,195.3693585,187.5779061,194.0863358,41550546
6/20/2022,193.4564819,194.9727814,188.5576683,190.8204565,20750838
6/21/2022,198.3552856,199.1017743,194.3895795,195.9525371,12187804
6/22/2022,191.8701935,197.2122386,191.4269618,197.2122386,16202862
6/23/2022,195.5093231,196.3257921,191.8935319,192.4534021,19655010
6/24/2022,195.3693695,198.751884,193.9697084,196.4191154,15362102
6/27/2022,198.2386627,200.9680047,197.8187672,199.2184283,12447870
6/28/2022,199.3350525,200.1981796,193.9463634,196.8856458,12091828
6/29/2022,196.3024902,198.1920272,194.7395323,195.9525749,16684176
6/30/2022,194.1096802,197.3522344,193.6198044,196.8390224,12123284
7/1/2022,196.8856659,197.445536,191.9401937,193.6197899,8907248
7/4/2022,196.0925293,196.7690379,194.0863539,196.3958006,6372716
7/5/2022,192.9665985,197.3755221,192.7099855,196.465751,11513210
7/6/2022,194.1096802,195.2994008,192.7333552,195.2994008,10522910
7/7/2022,196.3257904,197.7954459,194.6462085,195.9525531,10706024
7/8/2022,195.5326538,198.1453573,194.3429334,197.818764,9535432
7/11/2022,191.8468781,193.6197763,189.2108384,193.5031379,16689574
7/12/2022,190.8904266,193.5497882,190.3538928,190.8204464,9777472
7/13/2022,189.7473907,192.2201196,189.1175404,192.2201196,11956780
7/14/2022,187.2979889,191.5669524,186.8547572,191.5669524,13161242
7/15/2022,183.752182,188.5343575,182.4225011,187.0647162,22328354
7/18/2022,188.8376312,189.280863,185.058543,186.1549472,13632394
7/19/2022,189.2575073,190.2605949,187.1813519,188.0211429,12897178
7/20/2022,192.2667847,194.7861718,189.9340161,191.6602563,25237412
7/21/2022,193.1532288,194.7861667,187.8345195,190.7504801,45382342
7/22/2022,191.6835785,194.7394993,190.8437733,193.9696886,15468542
7/25/2022,193.5264893,193.9230628,190.6105283,191.5203138,12535662
7/26/2022,189.0475616,193.8064008,188.6276519,193.5264657,15186298
7/27/2022,189.7240753,190.0739906,187.5312813,188.9309425,14084158
7/28/2022,194.0863495,194.5529032,191.7069226,192.1268181,15898464
7/29/2022,197.6788177,197.9587386,194.9261394,196.2324984,15919784
8/1/2022,200.1515503,201.0379995,197.1656093,198.8452055,10365748
8/2/2022,200.4314575,201.3878868,198.1220112,200.1282005,16912426
8/3/2022,201.7145081,202.0177651,199.4517196,200.1515502,12034938
8/4/2022,203.1841431,205.4235952,199.2650947,203.9072956,17789134
8/5/2022,205.2836304,206.2167378,203.4873958,203.4873958,12967586
8/8/2022,203.3474426,206.5899825,203.0441856,206.5899825,9557496
8/10/2022,200.6880646,203.4174065,198.89183,202.9508528,11329742
8/11/2022,204.5604706,206.2167305,203.5573688,204.3505157,9154644
8/12/2022,203.4640961,204.5838222,202.9508841,203.9306498,7092398
8/16/2022,203.9306335,205.19032,203.6973567,204.5838059,4774208
8/17/2022,206.7066193,207.5697465,203.7206783,204.0006134,10401476
8/18/2022,202.9741821,206.1000976,202.5076284,206.1000976,16888260
8/19/2022,201.7611694,206.4500288,201.0846608,204.7937687,17253908
8/22/2022,195.9525604,201.0379931,195.5093287,201.0379931,12900580
8/23/2022,194.3896027,195.2527299,191.2870233,193.6197919,17028776
8/24/2022,194.1563263,195.7192841,193.3165353,194.9261371,7429170
8/25/2022,193.7131042,195.9992146,193.5964658,195.6259631,8753902
8/26/2022,194.6695251,197.118932,194.2262935,195.2527173,7904194
8/29/2022,188.651001,189.5841084,186.1549357,188.954258,23519514
8/30/2022,192.9432831,194.0630234,189.5374467,190.8904496,19750992
9/1/2022,191.4969788,192.0568347,188.8842751,191.2403657,11778706
9/2/2022,190.2139587,192.5700493,189.9340237,192.4767329,9815080
9/5/2022,189.1875305,190.3539148,188.4876999,189.8873611,18018508
9/6/2022,188.6976471,190.05065,187.2046696,189.8873533,18226162
9/7/2022,190.0973053,190.7504776,187.0880283,187.6012402,12248532
9/8/2022,192.5933685,193.3165353,191.1004052,191.2870238,14064948
9/9/2022,194.622879,195.6959611,191.9168732,194.5528988,14671342
9/12/2022,196.8856659,198.005392,195.042773,195.8825783,11678424
9/13/2022,197.1889343,198.7518922,196.6524004,198.2386802,9408334
9/14/2022,194.2263184,197.2122737,190.8204817,190.8204817,17583964
9/15/2022,193.6431122,196.3724542,192.8033212,195.8125983,10640314
9/16/2022,187.3912964,192.5700455,186.714802,192.5700455,20192486
9/19/2022,187.5312805,189.5141339,185.2218338,188.9542637,13584188
9/20/2022,188.9075928,191.0070845,188.6976521,189.4208047,8989822
9/21/2022,186.9713898,189.3741384,186.3881977,189.3741384,19290112
9/22/2022,185.6650543,186.7847804,184.2887152,185.6883763,16500324
9/23/2022,183.9854736,186.3415644,183.6588803,185.7350502,13966710
9/26/2022,184.1954041,186.2482518,179.4365646,182.8890593,18994144
9/27/2022,185.875,187.2746612,182.889059,185.1285112,12454694
9/28/2022,185.7116852,186.8547474,184.4519988,184.7552558,8921590
9/29/2022,183.2622986,187.5079404,182.6791064,187.0880448,11883068
9/30/2022,183.9388123,185.0818746,180.7895745,183.0990212,13570530
10/3/2022,184.0554504,185.6883885,182.2358937,183.7755153,8140834
10/4/2022,189.1875305,189.4208074,186.1549314,186.5981631,12591696
10/6/2022,191.3569946,192.6866755,190.0973082,190.9837574,11203878
10/7/2022,190.4005737,192.1034919,189.5374465,191.1937065,7580186
10/10/2022,191.8935547,192.9199786,186.5048645,186.7614634,18714926
10/11/2022,188.6743011,194.9727757,187.6945356,193.5731147,22723292
10/12/2022,190.3306122,191.100423,187.367993,188.6043576,12610118
10/13/2022,176.8705292,183.0523664,176.4039754,180.5563009,84896212
10/14/2022,176.0307007,180.789554,175.540825,180.5562771,27864794
10/17/2022,175.004303,176.8005376,173.7446022,176.0307126,16909538
10/18/2022,176.9638214,179.273268,176.5439259,179.0166692,22328480
10/19/2022,176.3806305,177.8502861,175.9140768,177.8502861,10198278
10/20/2022,177.9902496,178.5034616,175.4242041,175.8907578,11868814
10/21/2022,178.4801178,178.8300331,177.383728,178.4567958,8931540
10/24/2022,179.4832306,180.2763634,179.1566373,180.2763634,3472470
10/25/2022,179.4598846,180.2996899,178.9933309,180.2996899,5783256
10/27/2022,178.5267792,180.5329687,177.8036266,180.089737,11723118
10/28/2022,178.8067169,180.0197595,178.2235248,178.596762,7609676
10/31/2022,180.3463135,181.2094406,179.5065226,180.3463135,6638382
11/1/2022,183.0756836,183.3556187,180.3696776,181.02285,11540196
11/2/2022,183.7988586,184.2187542,182.2592227,183.2856467,6716614
11/3/2022,181.2561188,183.7055258,179.8797796,181.8393109,10312476
11/4/2022,182.2125397,183.0756669,179.9264294,181.2561103,9023630
11/7/2022,182.655777,184.2187347,180.8362204,183.3556075,8252598
11/9/2022,182.3991852,184.008787,181.5593799,183.8454903,6862546
11/10/2022,181.4427338,182.4691576,180.5562846,181.3960755,5494908
11/11/2022,186.4815063,189.3508086,185.3384442,185.9216363,28417046
11/14/2022,185.0118561,187.8578364,184.5453024,187.8578364,17623428
11/15/2022,185.2918091,186.4115352,183.8221677,185.7117046,12462712
11/16/2022,185.8050079,187.4146239,184.8485786,186.1549232,11039528
11/17/2022,185.1051788,185.688371,184.2887099,185.6417127,6057616
11/18/2022,183.752182,186.1082726,183.2622921,185.6183969,9546202
11/21/2022,181.3260803,184.0321001,180.8362047,183.7521651,7904612
11/22/2022,181.3960876,181.6760227,179.3899123,181.4894041,8410828
11/23/2022,181.3727722,182.8657499,181.0228569,182.3058797,6717760
11/24/2022,185.8050079,186.5048385,181.5593665,181.9092818,13370266
11/25/2022,187.9278259,188.6743147,184.7086082,186.1549276,13648550
11/28/2022,189.2575073,191.0304199,187.5545892,187.9278264,13679200
11/29/2022,189.0242462,190.7738228,187.9745003,188.0211585,9102602
11/30/2022,189.8406982,190.3539102,187.857845,189.8406982,13892346
12/1/2022,193.0132904,194.249655,192.0568467,192.6167169,15852984
12/2/2022,192.4067535,193.1065841,190.8437957,193.0599259,11726622
12/5/2022,192.3834229,193.5964653,191.5902759,192.8033183,9947062
12/6/2022,191.9168701,192.5000623,190.2605959,191.5202966,8832518
12/7/2022,189.560791,191.0537688,189.0942372,190.8204919,6568616
12/8/2022,188.3477631,190.3539386,188.1611302,190.0040233,8940712
12/9/2022,183.8454895,189.4208122,182.5391448,189.4208122,15423336
12/12/2022,184.9185638,185.4550978,181.0228376,183.3089479,10365880
12/13/2022,185.5717316,186.3182203,184.7552626,185.8516666,6813842
12/14/2022,186.6448059,188.7209756,186.2715686,186.9947212,9995152
12/15/2022,184.3820343,186.504848,183.8454861,186.504848,7766926
12/16/2022,181.8392944,184.1953848,181.0461475,182.6091051,18012634
12/19/2022,181.5127106,182.1892191,179.9497671,181.2327897,8838046
12/20/2022,181.4660797,181.9092972,178.6900793,181.3960853,8778558
12/21/2022,181.7226715,183.4722479,180.9528607,182.3758439,10215214
12/22/2022,181.3727722,182.8657499,180.0897494,182.0026226,9093800
12/23/2022,176.1940002,180.0197462,175.8907432,179.1566191,12120710
12/26/2022,177.5236816,178.0368936,175.5641504,176.3572974,7261148
12/27/2022,180.3696747,180.71959,177.4070557,178.4568015,7685840
12/28/2022,180.9295044,181.7459733,178.8066909,179.6231598,7676002
12/29/2022,182.3058624,182.9357128,179.5298622,180.2063707,9485398
12/30/2022,183.2389679,184.8952279,182.6790978,183.3556063,8256556
1/2/2023,183.3789368,183.7755103,182.1892305,183.3556148,5559512
1/3/2023,185.2451477,185.571741,182.7490967,183.3789328,5994422
1/4/2023,181.815979,185.4550921,181.3027671,185.4550921,8926522
1/5/2023,180.5096436,182.982387,179.0400021,181.955963,9568980
1/6/2023,178.223526,181.3960857,177.9435909,180.5562947,8484754
1/9/2023,182.7957306,183.3556007,179.6698294,180.0897249,7347432
1/10/2023,183.3789368,183.7755103,180.7195891,182.889061,7879496
1/11/2023,183.752182,184.7552696,182.6557779,183.3556085,7656600
1/12/2023,184.0554504,185.6417303,182.1892355,184.6386426,9510500
1/13/2023,183.7754974,185.0351981,180.3230029,184.755263,13621860
1/16/2023,185.9683075,187.0880335,181.4893891,181.9559428,23867444
1/17/2023,184.9185638,187.5779114,183.7055214,186.644804,14310032
1/18/2023,188.1144714,188.4177285,185.6883863,185.9216632,16080426
1/19/2023,188.2077637,188.4876987,186.0382918,187.6012495,9447456
1/20/2023,188.0911102,189.140856,187.2279831,188.2777289,9265614
1/23/2023,189.8873444,190.2372596,187.7878528,189.0475534,8815290
1/24/2023,190.1679993,191.8517325,189.4898244,191.0098588,9552640
1/25/2023,187.806076,189.8405863,187.0811423,189.4196566,6355554
1/27/2023,186.1691132,188.7648725,184.3684686,187.8060731,7410134
1/30/2023,188.1334839,189.3261205,184.7660174,186.1691261,7261256
1/31/2023,186.5432892,188.2737812,186.0054337,188.1568555,9566846
2/1/2023,188.2036285,188.9051828,186.3094377,187.7826988,7029896
2/2/2023,191.5009613,191.7581922,188.2036472,188.2036472,10835460
2/3/2023,190.776001,193.1612885,189.9575209,192.9508165,8850236
2/6/2023,189.2559509,189.9808989,187.829463,189.6067281,5958022
2/7/2023,187.3150024,189.6535168,186.6368276,189.6535168,6683580
2/8/2023,190.2381287,190.6356789,187.5488374,187.5488374,8300976
2/9/2023,190.9630737,191.267092,188.7414851,190.23814,5277374
2/10/2023,189.7938232,190.3550724,188.3907146,190.3550724,5160140
2/13/2023,187.3617706,189.7236644,186.7069895,189.7236644,4825356
2/14/2023,189.4664307,190.0978324,187.7826975,188.4842518,4638822
2/15/2023,190.5421448,190.7526168,187.2448453,188.3439499,5227672
2/16/2023,191.7113953,193.2782027,191.0799936,191.1969193,11189362
2/17/2023,190.0276947,190.8227954,188.9519837,190.2849399,5616244
2/20/2023,190.3784485,190.7292256,188.110101,189.5599685,6497188
2/21/2023,188.3673248,190.8227648,188.0633208,190.5421402,5761172
2/22/2023,184.8127747,187.2448351,184.4853912,186.8472849,6883372
2/23/2023,184.2515717,186.4731605,183.9943265,185.1168106,6078322
2/24/2023,183.947525,185.4441799,183.5967479,185.186949,5106634
2/27/2023,182.5678101,183.9475249,180.276069,183.690294,5554710
2/28/2023,181.0243835,183.9007675,180.3929961,183.2693658,10061602
3/1/2023,182.8484497,183.2226063,181.1413227,181.5154936,4542612
3/2/2023,181.4920959,182.5678211,181.1413188,181.7961142,4438972
3/3/2023,182.6145935,183.0822964,181.9831918,182.6847461,4393936
3/6/2023,184.1580048,185.5143402,183.3862979,183.5499967,6727722
3/8/2023,183.6201477,183.807226,181.866262,183.1758243,4908842
3/9/2023,182.4509125,184.2047984,182.217061,183.7137018,4157054
3/10/2023,181.9831848,182.3573414,180.8139277,181.4219357,4567396
3/13/2023,180.2760773,183.6201499,179.4809767,181.9364168,5982520
3/14/2023,177.4698639,181.0711675,176.487685,180.7905429,8094852
3/15/2023,175.7393494,179.4575928,175.3417991,179.4575928,7687926
3/16/2023,174.3830109,176.1836697,173.0500549,175.552268,7686620
3/17/2023,176.0901337,176.9553868,174.8507239,176.4175314,9044282
3/20/2023,171.7171021,175.8328958,170.7816963,175.3885724,8184754
3/21/2023,171.366333,173.166992,170.9220238,172.5823634,7211152
3/22/2023,171.366333,173.0500662,171.1091021,172.0445079,5374846
3/23/2023,169.074585,170.6647718,168.5367295,170.6647718,9485192
3/24/2023,169.1915283,171.576816,168.8407511,169.9398558,7906696
3/27/2023,168.9576569,170.2438397,167.9988717,169.1915083,6227714
3/28/2023,166.5957794,170.2672358,166.2216085,169.7761534,7813096
3/29/2023,167.9287109,168.7238115,166.03452,167.4376286,8823840
3/31/2023,170.8284607,171.0623121,168.9810288,169.9398282,7914212
4/3/2023,172.0912628,172.3017205,170.7816863,172.0912628,4053500
4/5/2023,172.933136,173.9386943,171.7404994,172.9097566,6443110
4/6/2023,171.4832611,173.2605406,171.1091045,172.5823658,6429614
4/10/2023,174.5934906,175.1079667,171.9275926,172.1146709,5624940
4/11/2023,173.1669769,175.3184129,172.3952701,174.6870112,6784354
4/12/2023,174.0556183,174.6636406,172.746056,173.3306846,5578210
4/13/2023,172.2549744,173.0033019,171.1792634,173.0033019,6724634
4/17/2023,169.0044403,169.2850649,164.6314155,168.3496591,13603290
4/18/2023,172.0678864,172.5355892,168.0222593,169.9866171,8024898
4/19/2023,168.7471771,172.0678701,168.5600988,172.0678701,7475944
4/20/2023,169.7059937,170.103544,167.9053347,168.606889,4423266
4/21/2023,172.138031,172.4420493,170.0801413,170.2906133,5299988
4/24/2023,176.7683258,177.0723299,173.3073128,175.3885965,17779044
4/25/2023,175.6925659,177.2126001,174.9676322,176.8852167,7528552
4/26/2023,175.1781158,176.6279977,174.6402604,176.6279977,7008146
4/27/2023,175.1079407,176.1368926,174.0088361,176.0433464,8491700
4/28/2023,180.0655975,181.4687061,177.7270833,177.7270833,27709406
5/2/2023,181.6324158,183.409681,181.211486,181.9364198,9746608
5/3/2023,180.1123657,181.6323999,178.6858635,181.6323999,4828488
5/4/2023,179.4575958,180.6034593,179.1535775,179.9486781,6253358
5/5/2023,177.4464722,179.7849866,177.2593939,179.0132797,7902194
5/8/2023,177.8907928,179.1302026,177.5400157,178.1947969,9613544
5/9/2023,178.8027802,179.3406498,177.7504488,178.8963264,5716698
5/10/2023,179.4809723,179.8551289,178.6624923,179.597898,3670402
5/11/2023,179.9019012,180.9308532,179.1769675,180.3929978,4049964
5/12/2023,179.2471313,180.1825371,178.4520307,179.8785331,4580358
5/15/2023,180.4163818,181.0010104,178.8963475,179.2471247,5089694
5/16/2023,180.9776154,181.8428542,180.7671434,181.2348462,4059352
5/17/2023,178.8027802,181.1646879,178.358471,180.6268325,5376102
5/18/2023,178.9431152,180.2292981,178.7794164,180.1591455,4237016
5/19/2023,180.6268463,181.562252,179.3640429,179.9720509,7281582
5/22/2023,185.093399,185.4909493,180.2526718,180.7671478,12197390
5/23/2023,185.9820404,188.0633239,185.233713,185.6780364,12725634
5/24/2023,186.9408264,187.2916035,183.9709106,184.508766,8256974
5/25/2023,184.321701,186.6134422,183.6435262,186.6134422,13605054
5/26/2023,187.876236,188.273772,184.7426212,184.8127738,7926180
5/29/2023,186.9875946,189.887358,186.7771369,188.9519523,7959308
5/30/2023,188.2503967,188.8817984,186.8239087,187.0811396,7378972
5/31/2023,188.7882538,189.3261092,187.3149927,187.8996212,11783582
6/1/2023,190.4252319,190.8227823,188.9753501,189.4196736,7065484
6/2/2023,189.396286,191.6646335,188.9519626,191.1501718,6320754
6/5/2023,189.0455017,191.6412469,188.8116503,191.2436966,7252860
6/6/2023,187.0577545,188.6479413,184.9998506,188.6479413,13707400
6/7/2023,188.3907013,188.7648721,187.5488419,188.203623,8215860
6/8/2023,186.8706818,189.3027425,186.4965252,188.9987385,10615052
6/9/2023,185.8183441,187.2448464,185.2337155,186.8239167,12018232
6/12/2023,185.0232697,186.9876133,184.5555668,186.9876133,11973622
6/13/2023,184.9998627,186.3795918,184.5087804,186.122361,13016186
6/14/2023,185.4208069,185.7481903,183.6669211,185.35064,18512564
6/15/2023,181.9130402,185.8885146,181.5856424,185.7248158,28702320
6/16/2023,178.3350983,181.7727172,177.32954,180.3228355,41110648
6/19/2023,177.7972412,178.6624944,176.3707532,178.6624944,10629440
6/20/2023,178.8963318,180.0422094,178.0076993,178.5689341,11802658
6/21/2023,180.2994385,181.1179184,179.1769546,179.7148099,8829264
6/22/2023,178.8027802,180.5332863,178.4753967,180.5332863,9356174
6/23/2023,177.7037048,179.1301928,176.8384517,178.8027951,6470406
6/26/2023,178.1480255,178.6157284,177.2827723,177.7270958,4100400
6/27/2023,178.9431152,179.7148221,178.4286392,179.7148221,5880750
6/28/2023,178.5222015,179.4809868,178.1012575,179.4809868,7140112
6/30/2023,182.0065613,182.2871858,179.1301916,180.0655973,9070810
7/3/2023,183.1524506,184.2281615,182.1702717,184.2281615,9036924
7/4/2023,185.1869507,185.8417318,183.8072216,184.1579987,12617234
7/5/2023,184.2281494,184.9297037,183.2693643,184.3216957,12366958
7/6/2023,185.3038788,185.6546559,183.8773765,184.5087782,9037242
7/7/2023,185.1401978,185.8885253,183.9007879,184.7426474,9065220
7/10/2023,182.380722,185.1401659,182.2404026,185.1401659,5630400
7/11/2023,183.3628845,183.7136616,181.3985412,182.4040995,9634838
7/12/2023,183.2693634,184.2515422,182.5678091,184.2281485,6848220
7/13/2023,184.4152374,186.4263683,182.9887494,183.2693739,13595726
7/14/2023,189.4430389,189.6535109,183.5032211,184.6257052,31366784
7/17/2023,194.213623,198.7503467,189.7938251,190.3550742,45759860
7/18/2023,195.1256409,196.5755083,192.810506,195.4997975,17769026
7/19/2023,195.4764252,196.9029133,193.6991457,196.4352104,10830990
7/20/2023,195.3361053,196.43521,193.9329967,195.7336557,8255710
7/21/2023,189.2793427,193.7926721,187.5488365,189.4196478,23514212
7/24/2023,188.9753418,190.8227739,188.7181109,190.0276733,6808460
7/25/2023,187.268219,189.6535064,187.0811407,189.6535064,6458200
7/26/2023,188.3673248,188.7648751,187.7359231,188.718102,5329662
7/27/2023,187.0577545,190.1679755,186.6134311,188.9519453,8948358
7/28/2023,186.496521,188.4141056,185.467569,187.5722319,6760060
7/31/2023,189.4430389,189.8873624,186.5900629,186.9642195,6762180
8/1/2023,190.3316803,190.8227626,188.9753306,189.6535055,7181804
8/2/2023,188.3907013,189.840583,186.6134362,189.840583,5399618
8/3/2023,186.91745,188.0165546,185.7014196,188.0165546,6821698
8/4/2023,191.2203217,191.7581771,187.2214535,187.4786987,12481540
8/7/2023,192.2960358,193.1612889,190.846154,191.7348009,8822866
8/8/2023,194.7280884,195.2659438,191.7347929,192.8806564,15724284
8/9/2023,195.4062347,195.7336324,192.9507949,194.330524,9309388
8/10/2023,195.8038025,196.8093608,194.3539207,195.0788688,9901644
8/11/2023,193.1846619,197.4407608,192.8572784,195.8038008,7571468
8/14/2023,194.1668396,194.6579362,191.5243213,193.278207,5792180
8/16/2023,195.8038025,196.5287505,193.628987,193.6991396,8131780
8/17/2023,195.2893219,196.6222779,193.8628339,195.8037979,6340960
8/18/2023,192.5532837,194.7280993,190.8227773,194.1200769,10602392
8/21/2023,193.9096222,195.1958051,192.5298929,192.6000455,7334260
8/22/2023,195.0788879,195.5465909,193.0443774,194.096709,6350240
8/23/2023,194.213623,195.4764265,193.909619,195.1490288,6134234
8/24/2023,193.0209656,196.4351906,192.6935679,195.850562,5776956
8/25/2023,191.6178589,192.366172,190.4018287,191.758164,6598510
8/28/2023,190.8461456,192.9040496,190.6590673,192.4363468,3401974
8/29/2023,190.8695374,192.6468025,190.4018345,191.5944711,3998562
8/30/2023,190.4486084,191.851717,190.1913633,191.7581707,4018182
8/31/2023,191.0098572,191.7581847,190.0978451,190.8227789,22061952
9/1/2023,194.7280884,195.3828695,190.5889152,190.7993872,8476130
9/4/2023,203.0298004,204.1522843,194.5643764,195.499782,27634648
9/5/2023,201.977478,204.6199963,201.25253,203.8248957,17973426
9/6/2023,200.7848206,203.7079633,199.1946338,202.8661039,13531912
9/7/2023,202.4451904,202.8427407,199.5922001,201.088855,9322650
9/8/2023,201.1122284,202.725809,200.7848307,202.725809,5748410
9/11/2023,203.3805847,204.6199944,201.1589962,202.5153316,8253314
9/12/2023,203.4507446,206.4908132,199.6623486,204.4329235,14545328
9/13/2023,203.7781525,204.830484,201.8137946,203.4273753,7445670
9/14/2023,204.1289215,207.3092953,203.5910518,205.0409335,14895010
9/15/2023,206.2803345,207.5431379,204.9707722,205.6957059,19835876
9/18/2023,203.9652405,206.2803613,203.5443107,206.2803613,6025196
9/20/2023,201.1590118,204.3160063,200.6679153,203.0999759,9102700
9/21/2023,200.6211548,201.6968657,197.8616964,201.065464,8893070
9/22/2023,195.7336426,199.5921911,194.84501,198.4930865,19818260
9/25/2023,193.675766,196.3182844,192.6935871,195.7336558,9301132
9/26/2023,193.1145172,194.9385556,192.5532823,194.9385556,6480566
9/27/2023,194.4006958,194.8216255,191.8984826,192.8105089,7773994
9/28/2023,189.5833588,194.7982428,188.951957,194.7982428,16876116
9/29/2023,189.9107513,191.4074063,187.7827089,189.419669,12780272
10/3/2023,189.6301117,190.8695213,188.7648586,190.0978145,5728104
10/4/2023,189.372879,189.6301242,187.3851419,188.3439413,6905870
10/5/2023,190.2615051,191.9452382,189.4196457,190.7993748,8125304
10/6/2023,190.7526093,191.6646212,190.3316795,190.8227618,6365004
10/9/2023,189.7002869,192.2258795,188.6713348,189.0455057,6030450
10/10/2023,190.7058563,191.1735592,189.9809225,190.0744546,5128014
10/11/2023,196.9730682,198.2826449,191.290481,191.290481,19092228
10/12/2023,195.0788879,197.3238562,193.9564038,197.2537036,10234398
10/13/2023,192.2492523,193.8160597,191.3138466,192.6468026,10914054
10/16/2023,191.8517151,192.6468014,190.8929157,192.2258717,5277652
10/17/2023,192.4129639,193.5588416,192.249265,192.5532833,5979388
10/18/2023,190.5655365,193.4652857,190.3550645,191.2904702,4881066
10/19/2023,184.8829498,185.5611247,182.4509033,183.3161565,25629102
10/20/2023,183.2693634,185.2337068,182.8718131,184.7660039,8429336
10/23/2023,179.2003479,183.8072239,178.7560387,182.8016656,8837826
10/25/2023,178.5923309,181.3283954,178.2415538,179.7849675,6678294
10/26/2023,176.9085999,177.9843107,175.4119451,177.1658307,10995582
10/27/2023,178.8261871,179.7615928,177.2827592,177.2827592,6202812
10/30/2023,178.6625061,179.7616108,177.9141786,179.5979119,4688744
10/31/2023,178.5689545,179.6446797,177.3295447,179.2237499,6153536
11/1/2023,178.1714172,180.3228391,177.7972464,179.5277527,4241952
11/2/2023,179.4341888,180.1357431,178.7092552,179.5043414,4742730
11/3/2023,179.3874359,180.8607114,178.9665062,180.5333137,5291528
11/6/2023,179.9019012,180.743775,179.1301944,180.533303,4939936
11/7/2023,179.2705078,181.0010142,179.0600501,180.0188353,5692178
11/8/2023,178.7560425,180.4631551,178.4286448,179.8785265,7102052
11/9/2023,178.1246338,179.5978949,177.5867784,179.1301921,9231126
11/10/2023,177.399704,178.5689612,176.323993,177.8674069,10710700
11/13/2023,178.4987946,179.0834231,177.7270877,178.943118,3585902
11/15/2023,183.175827,183.4564516,179.7148286,180.3228367,10792518
11/16/2023,185.724823,186.8473071,182.0767318,183.1758365,13843576
11/17/2023,184.929718,186.6134513,184.5087883,186.1457484,7886928
11/20/2023,187.1746826,187.5956123,183.9007627,183.9007627,8610496
11/21/2023,187.3851471,188.2971734,187.1045225,188.2971734,5440248
11/22/2023,187.1980743,188.2971789,186.6602189,188.2504058,5318582
11/23/2023,188.2503967,189.4196539,187.314991,187.314991,9677360
11/24/2023,185.2103271,188.7180985,184.9998552,188.2503956,6250566
11/28/2023,185.6078949,186.4965275,183.8540091,185.6780475,8145314
11/29/2023,190.0042877,191.0799986,186.1457391,186.1457391,15544086
11/30/2023,193.1846619,193.8628367,188.9753361,190.3316858,19825958
12/1/2023,190.6590729,193.5120632,190.1212174,193.5120632,9830426
12/4/2023,190.5655365,193.1612817,190.2381388,193.0209765,10662472
12/5/2023,189.1156616,191.2904771,188.0633301,190.5421497,11165368
12/6/2023,195.8505859,196.6222929,189.8639946,190.2381512,22082070
12/7/2023,195.6167145,197.1367487,194.8683871,196.4351945,11250552
12/8/2023,197.6512451,198.5398778,194.0967003,195.8739656,15479122
12/11/2023,196.7158203,197.4641477,195.1490129,196.4351957,10084242
12/12/2023,197.4641571,200.1300549,196.5053577,196.7626028,11903364
12/13/2023,196.2714996,198.446315,194.0966842,198.0955379,9696816
12/14/2023,203.1701355,203.918463,197.9552511,198.0721768,24681376
12/15/2023,208.8526917,210.2324207,202.7491755,203.941812,41567234
12/18/2023,208.2447052,212.1032539,206.7246709,208.5954824,20182072
12/19/2023,205.1812592,209.2268862,203.4507528,208.4084062,16064694
12/20/2023,202.0242615,210.2324412,200.8082312,206.7246696,26449942
12/21/2023,202.9830322,204.1522893,199.8026586,200.5977449,10663008
12/22/2023,216.3827209,218.0898335,202.9830371,203.5910451,46080814
12/26/2023,219.8671265,222.5330243,209.6945888,212.3371073,54628644
12/27/2023,220.2646637,222.3459328,217.0608963,219.118786,25262992
12/28/2023,219.5631104,223.2813395,218.7212367,221.0129778,16839956
12/29/2023,220.42836,222.3225652,217.9963136,220.2646754,15961140
1/1/2024,223.1644135,226.1343294,219.0252403,221.2234495,20347278
1/2/2024,219.4461975,223.5619772,217.154442,223.5619772,14282514
1/3/2024,213.2257233,216.967346,212.8047936,216.967346,19534364
1/4/2024,211.5887756,215.0731677,211.1210728,213.7402117,15170336
1/5/2024,213.5531158,216.5464111,212.1032342,212.8281679,16889130
1/8/2024,210.6299896,215.1433194,210.0219673,213.9740623,10082886
1/9/2024,210.8170776,216.3125866,210.442921,214.2079236,14465048
1/10/2024,212.1500244,213.2725084,209.9985884,211.1444661,8874676
1/11/2024,209.6244354,213.6934419,208.9228811,212.7814298,8638818
1/12/2024,217.6923065,219.352646,212.8048058,212.8048058,36086734
1/15/2024,231.3258362,247.4148116,228.7768499,239.4404836,127844264
1/16/2024,226.8358917,231.5129204,224.7312288,231.5129204,25912492
1/17/2024,225.6198578,229.8759567,220.7557509,222.229012,28668932
1/18/2024,225.7367859,228.7067019,219.07202,225.6198602,26144924
1/19/2024,226.8592834,230.741226,226.1811228,228.2390127,15498620
1/23/2024,219.7735748,227.3035939,218.4406188,223.5853503,19972336
1/24/2024,224.0621796,224.5074506,219.3751764,220.7578481,11708750
1/25/2024,220.2891388,224.6714894,219.6095176,224.0621704,12852980
1/29/2024,221.6952515,223.5700527,220.2891505,220.2891505,10051300
1/30/2024,221.460907,226.3353876,220.9922067,222.3514348,11828014
1/31/2024,224.1090546,224.9292801,219.8204495,221.4609006,10584480
2/1/2024,220.9218903,223.89814,220.570365,223.8278235,7828120
2/2/2024,226.4525604,228.0227094,222.6326556,222.6326556,16296222
2/5/2024,226.0775909,229.4287952,224.5777443,226.3822433,11566604
2/6/2024,234.1861115,235.1938143,226.4291269,227.1790503,29024038
2/7/2024,232.1004028,235.1469549,230.8583355,234.7954297,9103534
2/8/2024,229.1241608,234.3970395,227.3665345,232.4284924,11303840
2/9/2024,229.8740692,231.8894748,226.2650712,230.0849758,7893788
2/12/2024,235.0297852,239.4121218,230.131861,230.131861,48873500
2/13/2024,239.7870941,240.4432717,230.4599603,235.8031413,22373576
2/14/2024,241.1463165,242.3180673,232.9674902,236.2015338,22594656
2/15/2024,243.0211029,245.0599377,240.4666806,242.2946232,14570776
2/16/2024,254.5042725,255.4416731,244.1694362,244.8959159,34942644
2/19/2024,251.1999359,255.8635097,249.0438973,255.8635097,18602758
2/20/2024,249.3251343,252.2310819,246.6535368,251.129619,10374126
2/21/2024,244.3803558,251.3639734,243.4898138,251.1765104,13115574
2/22/2024,248.9032898,249.8172611,244.4037783,245.0365123,14596482
2/23/2024,251.2936859,253.6840461,249.9578728,250.7546691,19860994
2/26/2024,249.770401,251.4577106,246.5597868,251.3405356,8820636
2/27/2024,249.0907745,251.879547,247.262832,250.2859546,10399260
2/28/2024,242.6461639,248.8564432,241.3806673,248.4111722,12789056
2/29/2024,243.0679626,245.7161308,240.5369982,242.458658,14462764
3/1/2024,243.3023224,246.1614115,242.5758426,244.8490563,9420630
3/4/2024,243.9585266,246.7238701,243.0445552,245.1068482,5662370
3/5/2024,240.5838623,243.9585102,239.3418093,242.6695844,10521548
3/6/2024,240.5135956,241.3103633,234.3501745,240.7713751,11091922
3/7/2024,241.6150208,243.9116638,239.2715191,240.7947952,9707982
3/11/2024,241.1697388,243.2320316,240.1151631,242.5055518,11131512
3/12/2024,239.4355621,244.895918,237.9825883,240.3260899,11652760
3/13/2024,236.4124451,243.1148684,232.8503197,240.8182253,13580480
3/14/2024,242.7633362,243.2086072,232.0769603,234.8891622,12825472
3/15/2024,242.3180695,242.9039449,237.3498431,241.2634937,13649086
3/18/2024,239.1308899,243.0445258,238.5684438,242.7867464,6393960
3/19/2024,231.9363708,238.5684779,231.1395745,238.5684779,9617386
3/20/2024,231.3036194,234.936047,229.2882136,232.4987995,8385344
3/21/2024,234.5610809,236.834266,233.6236803,234.1861121,11644580
3/22/2024,228.3039246,230.0146778,224.7652286,229.3116274,28646502
3/26/2024,224.9058533,230.1084297,224.5308844,227.7883574,18273346
3/27/2024,221.3671417,225.4214107,220.8750121,224.8355353,14320668
3/28/2024,225.0230408,226.4056982,222.7732705,223.4294624,15455150
4/1/2024,227.2962189,227.9758257,225.7026264,226.7103435,6041008
4/2/2024,225.5386047,226.2416552,224.7886813,225.89013,6932654
4/3/2024,226.4759827,228.5851339,223.0779056,224.976136,13794516
4/4/2024,228.4445343,230.5771294,224.7886775,227.6946109,16004046
4/5/2024,227.3430939,228.3273674,226.171343,228.0227151,6414344
4/8/2024,224.9292908,230.4130905,224.1325088,229.6631671,26640770
4/9/2024,223.0075989,227.4368225,222.7263901,226.8275178,15801250
4/10/2024,223.7106628,224.71838,221.74213,223.8044086,10771534
4/12/2024,220.6406708,224.9761486,220.2891455,222.6326471,13170046
4/15/2024,215.2975006,219.5158036,214.7584981,218.6252758,12176472
4/16/2024,210.1417999,214.8991055,208.4779051,212.3446829,21439424
4/18/2024,208.266983,213.4695593,207.5639326,212.0868877,21986258
4/19/2024,212.2040558,212.7430583,204.8220262,206.2281271,20470106
4/22/2024,216.5395508,218.4846543,210.9151469,212.2040728,18881740
4/23/2024,216.5864105,218.7892933,215.6958828,218.7892933,10322712
4/24/2024,215.5552826,217.7816092,214.9459779,217.4300839,5915168
4/25/2024,216.0708618,216.7973416,213.6336143,215.0865882,11805090
4/26/2024,217.7581787,223.0076139,216.3520777,216.4926821,21478294
4/29/2024,216.9848022,219.351733,216.352054,219.187685,7249940
4/30/2024,216.7270203,218.7658695,216.3051928,217.0082433,8902956
5/2/2024,214.3835144,217.0082389,213.4695574,216.7270159,14937276
5/3/2024,214.3600922,216.5395458,212.4149887,215.7896224,9730626
5/6/2024,214.9694061,216.8207782,213.7273531,215.0397083,6918126
5/7/2024,217.430069,218.1096901,212.7899388,216.4457955,9278528
5/8/2024,217.1019897,218.6018222,216.2114477,217.9456446,8205680
5/9/2024,213.6804657,217.6644183,212.8133673,216.4223653,9233484
5/10/2024,211.7822418,214.4303958,211.0557477,213.7507746,6654714
5/13/2024,211.8291016,212.4384062,208.5716288,211.7822287,7111608
5/14/2024,213.8913879,215.5552683,211.9462845,212.1806347,4909420
5/15/2024,214.8053589,215.4849801,213.0946055,213.8914018,4793424
5/16/2024,217.6878662,219.1173964,213.7742157,216.5395447,14621472
5/17/2024,216.0708618,217.6644401,215.6255908,217.6644401,6876820
5/21/2024,216.0239868,217.8519153,215.461555,217.0082604,8467448
5/22/2024,216.211441,217.2191581,215.0631339,216.9613644,7765884
5/23/2024,218.3206024,219.3517488,216.4223719,216.7738971,13171332
5/24/2024,217.3128967,220.5234967,216.5395441,218.8830456,8205526
5/27/2024,212.0634613,216.6098457,211.6650632,216.5395435,40983758
5/28/2024,213.7507782,214.3132243,212.3681208,212.7899483,15778126
5/29/2024,211.2900848,213.4929819,210.6807802,212.7899315,9756036
5/30/2024,204.7986145,210.6807979,203.931516,210.4464477,20724568
5/31/2024,205.384491,207.2358487,204.1189944,205.0798243,21438004
6/3/2024,208.149826,211.1729347,206.9546316,211.008901,8964424
6/4/2024,205.3610382,208.9934656,195.4480295,208.9934656,17730732
6/5/2024,211.6181946,213.2586457,205.7828699,206.0875365,12267428
6/6/2024,216.0708618,216.5395622,212.1337817,213.2352304,15425568
6/7/2024,227.1087341,227.9758326,219.4923539,220.2891502,72672440
6/10/2024,222.7498322,228.9132386,221.8593044,228.9132386,18311752
6/11/2024,223.1247864,224.6012039,222.3280044,224.6012039,9371714
6/12/2024,223.5231781,227.0384305,222.8904298,224.0387513,13875116
6/13/2024,226.1947784,227.4837043,224.1090563,224.9761547,12995932
6/14/2024,223.8043976,227.6008729,223.1950929,227.3196499,11322596
6/18/2024,230.5302582,231.0692607,224.9995858,225.4448568,31870984
6/19/2024,232.3581696,233.0143471,228.1398669,230.7177185,20880284
6/20/2024,229.8506317,233.1784068,228.8429289,233.1784068,12571126
6/21/2024,229.920929,234.7954236,229.2413221,233.3893227,95171176
6/24/2024,229.920929,231.9597781,229.4053701,229.7100224,9934518
6/25/2024,232.8737488,233.4127513,229.3350529,229.9209283,9258210
6/26/2024,232.1004028,234.3032857,231.4442109,232.8737555,12812090
6/27/2024,239.4121246,239.9511415,229.2882089,230.6708663,42137138
6/28/2024,241.3103485,241.9899697,237.0920599,239.974564,16405832
7/1/2024,247.1691132,251.1296368,240.9588336,242.7399178,30757528
7/2/2024,252.2545166,255.441673,247.614372,248.0830723,36276968
7/3/2024,252.6294861,255.652609,250.9890349,253.9887285,16049384
7/4/2024,248.7392731,257.2227377,247.9893354,253.7543724,19524632
7/5/2024,250.8015137,251.4577055,248.1533742,249.0438876,10376090
7/8/2024,253.6606293,254.5042842,250.7546814,251.1999525,12176360
7/9/2024,253.5668488,255.4182206,251.9732564,254.9729496,8681444
7/10/2024,251.0124512,254.668308,249.2313957,253.5668736,9233748
7/11/2024,250.33284,252.8872625,248.41118,251.551478,8807618
7/12/2024,262.5424805,264.7219197,253.8246379,255.4416596,54186042
7/15/2024,262.3315735,265.7062215,260.6676931,265.7062215,16099478
7/16/2024,262.3315735,263.6907872,260.7848682,263.339262,11239032
7/18/2024,268.6590576,269.2215038,260.7614392,260.855185,25019786
7/19/2024,261.1598206,271.7993234,259.9880698,271.7993234,26523490
7/22/2024,237.0686188,246.8878963,235.0766424,244.1928694,76014568
7/23/2024,234.6079407,238.0997638,227.9524047,238.0997638,25847632
7/24/2024,234.3970337,237.3264107,234.2798586,235.5219116,12240276
7/25/2024,237.5607605,237.8654128,231.2098626,232.4753592,21887890
7/26/2024,245.9739227,247.7315489,238.3341132,239.0371637,26153996
7/29/2024,245.7864532,248.668943,245.0599449,247.4737629,12011554
7/30/2024,244.4272003,246.9816226,243.6069748,245.7864426,10816526
7/31/2024,244.6615601,246.0208024,243.46638,244.5678143,7758508
8/1/2024,244.4506531,246.9113298,242.5524224,245.1302743,10759752
8/2/2024,235.3578644,243.3726428,234.8188619,241.3806664,15652228
8/5/2024,227.3196564,232.4050577,225.0933298,229.663158,21938080
8/6/2024,229.4288025,234.0455034,228.0695744,229.5459776,11271584
8/7/2024,233.131546,234.3970427,230.9052194,233.740865,7079826
8/8/2024,228.3976593,231.5379572,227.9524026,231.5379572,13160570
8/9/2024,230.2724457,232.6862636,229.4990931,232.1706904,6065948
8/12/2024,229.2178955,231.5379679,228.4445428,230.3896464,7338468
8/13/2024,229.8975067,230.9286531,228.3273578,229.2178855,6289418
8/14/2024,232.0769501,232.8737463,229.8740673,231.0692473,11121756
8/16/2024,241.9665375,242.5289836,233.3893274,234.8188577,25931140
8/19/2024,243.6069946,245.2240165,240.7713634,241.8493684,11466562
8/20/2024,245.9036407,247.2862838,243.5601391,243.6773142,9543812
8/21/2024,246.7003937,247.5206192,244.2162878,245.3177507,6454402
8/22/2024,243.2554626,248.6689455,242.8101916,247.3800197,11496506
8/23/2024,240.1620636,244.4037959,239.6699197,243.6773161,11277706
8/26/2024,243.7241669,245.9739227,241.8259363,241.8493656,17351380
8/27/2024,242.388382,245.2474425,241.8493651,243.7241664,7965796
8/28/2024,250.5671692,252.2076202,242.7164392,243.7241562,34375566
8/29/2024,252.4888763,254.0121524,250.3094083,250.7546794,25685318
8/30/2024,252.3482361,254.0355456,251.0827396,253.8949412,19434804
9/2/2024,249.559494,254.0355764,249.2782567,252.3482667,15735982
9/3/2024,251.2467957,253.4965514,248.1768143,249.8172654,15056686
9/4/2024,243.3257751,247.5909365,242.200883,247.4737614,20402128
9/5/2024,245.9973602,246.5363771,243.4898249,244.2866212,12069118
9/6/2024,244.0053864,248.3643224,242.9976978,245.9973628,14579954
9/9/2024,241.3103485,244.5443922,240.6541852,242.3649242,11919540
9/10/2024,246.4192047,247.4737805,240.9119757,242.2243309,10287272
9/11/2024,241.0759888,246.6535338,240.5604299,246.0676584,8261524
9/12/2024,248.4346161,249.3485875,242.6696075,243.9351041,15779474
9/13/2024,258.0664063,258.9569484,248.8095742,250.1922459,35919706
9/16/2024,258.6757202,260.9957639,257.3164778,259.1912791,11088578
9/17/2024,258.6757202,260.0818212,256.4025065,257.3164778,8728238
9/18/2024,252.2310944,257.3399108,249.6532425,257.3399108,16665520
9/19/2024,249.9812927,258.4647853,248.0127744,255.0667081,20969182
9/20/2024,252.6763458,253.4497128,248.8798845,252.1139283,16664232
9/23/2024,250.7078094,253.2856612,249.3485671,252.6763279,8544290
9/24/2024,252.8872375,253.9887004,248.1064888,249.4423018,12355694
9/25/2024,251.3171234,252.8169702,248.7627009,252.5357328,8065196
9/26/2024,253.9887085,254.551126,251.0827609,252.4888618,11403400
9/27/2024,253.9418488,261.9566421,253.4262898,257.2696385,26462384
9/30/2024,253.7778015,255.2073318,250.2859783,252.1607796,8199446
10/1/2024,256.2619019,257.5976863,253.1919205,253.1919205,9411274
10/3/2024,248.4814758,254.2230545,246.6535332,253.1450209,14035368
10/4/2024,250.0750275,254.0121212,247.4971759,247.4971759,11922754
10/7/2024,249.0907745,253.8949525,246.5129229,252.1607557,9878074
10/8/2024,246.9816437,250.1922295,243.8647751,249.1376537,11502804
10/9/2024,248.9501801,252.4888617,247.7081128,248.3174175,8841688
10/10/2024,246.0676727,251.9732854,245.3411929,250.754676,12620244
10/11/2024,247.6143646,250.4734536,243.8881915,243.8881915,8436982
10/14/2024,257.5742493,258.6522543,251.3639702,252.4888624,33136266
10/15/2024,249.7938538,259.1209734,248.8095659,259.1209734,21601252
10/16/2024,249.4188995,252.5357397,247.942482,249.8172834,12553622
10/17/2024,247.8253021,252.1607802,246.0911052,250.7312499,23755278
10/18/2024,257.1524353,261.7222633,245.9739158,249.3485637,74653054
10/21/2024,256.8946533,263.3627411,256.3790944,258.5351046,23966964
10/22/2024,255.6525726,260.3630047,254.902635,257.6914074,18478300
10/23/2024,256.4728088,259.8943153,254.1293073,256.6134132,12698576
10/24/2024,256.3322449,258.0195548,255.5120192,256.4728493,9576604
10/25/2024,254.7151794,258.7225612,253.3325079,257.6679856,10124540
10/28/2024,261.815979,262.3784251,254.3636613,254.7151865,11185858
10/29/2024,263.5033569,264.0658031,259.3084828,262.3784646,12055630
10/30/2024,264.9328613,271.2603158,262.9877435,263.6439354,20755492
10/31/2024,258.6288452,265.4250002,256.988394,264.7219497,15680094
11/1/2024,258.4179382,260.0818474,257.7852042,258.5820005,1962810
11/4/2024,253.4731293,258.9334995,250.3797186,258.2538783,9855560
11/5/2024,254.8323517,255.60569,253.2856465,254.5042558,6862260
11/6/2024,264.3001404,265.2140832,253.5668909,256.5900139,19554884
11/7/2024,264.0657654,267.0185716,259.8708919,265.2843747,11997142
11/8/2024,266.6904907,271.2837483,264.8156894,264.8156894,20852658
11/11/2024,268.7996216,273.3460202,265.3077986,266.6904702,16139444
11/12/2024,267.4638367,271.7055686,266.713899,269.5026715,11260890
11/13/2024,266.6904907,268.8465008,265.0734688,267.1591911,11391200
11/14/2024,265.6124573,269.2917431,264.4407066,266.6670329,9783520
11/18/2024,259.1209412,265.6124573,253.2387583,265.6124573,15289764
11/19/2024,263.4095764,267.0654331,259.9880698,260.5973745,12919778
11/21/2024,261.1364136,266.0343094,260.2693008,263.4095988,11672608
11/22/2024,267.9325562,268.8464989,261.4879266,263.3861572,14733232
11/25/2024,272.9945374,275.3848978,268.9871549,269.737064,23297474
11/26/2024,276.0645142,276.6972482,271.5181149,274.1897127,15771340
11/27/2024,273.2054138,279.3453762,272.7367135,277.2362249,13659676
11/28/2024,268.1903381,274.6583971,267.4169711,274.541222,11896556
11/29/2024,270.8384705,272.1977128,267.9090934,269.502686,8540112
12/2/2024,273.9787903,274.4474906,271.0025544,272.994531,11194000
12/3/2024,273.3928833,277.6580733,271.1899861,276.861277,15445286
12/4/2024,275.5957947,278.4079967,273.5335018,276.2050994,14036431
12/5/2024,280.5639954,282.0638421,275.5020377,276.5331841,13487264
12/6/2024,278.736084,280.4233937,277.658079,280.4233937,7894350
12/9/2024,284.7354431,286.5633858,275.3614368,276.5331876,9285213
12/10/2024,288.8131714,291.5316278,284.4542637,286.8446241,17028502
12/11/2024,289.6567993,290.5004542,286.4227556,288.860003,8608406
12/12/2024,289.7505188,294.1562843,288.2038136,288.7193725,12958440
12/13/2024,290.5473633,291.5784812,285.1573092,289.750567,7382211
12/16/2024,289.8442993,291.9065636,287.8757522,290.5942084,7221189
12/17/2024,289.5161743,292.7033306,288.0631863,291.5315798,10568517
12/18/2024,293.0314636,293.6407684,289.2349736,289.6568154,10965226
12/19/2024,293.1720581,293.7813628,282.2982047,287.1726996,12405595
12/20/2024,286.0946655,299.9681825,285.3447279,295.74988,22214824
12/23/2024,288.6256714,291.2035233,285.9072151,287.4070619,6693583
12/24/2024,286.1884155,289.8443011,283.8449138,288.2507085,8837902
12/26/2024,285.9540405,287.7351245,284.9697813,286.2821365,6516148
12/27/2024,289.7505188,291.4378284,285.6259621,286.0946623,8063921
12/30/2024,284.6885681,290.0317343,283.7042803,289.7505255,13709891
12/31/2024,282.9544067,284.0324118,276.7675564,282.1107518,9337030
1/1/2025,281.5014038,284.360493,280.2359358,281.2201951,7878201
1/2/2025,284.7822876,285.3916209,278.5485794,279.3453756,8800435
1/3/2025,276.0176392,284.7823126,275.5957974,284.3136122,12535720
1/6/2025,275.8770142,279.1579166,272.3617615,276.5332061,9173687
1/7/2025,275.6426392,278.8766827,273.0647875,275.8769893,7381943
1/8/2025,278.9235229,279.7672063,271.1899684,274.6583619,7937785
1/9/2025,274.0021973,279.3453924,273.1116838,278.4079917,7964702
1/10/2025,281.7357483,284.2667414,275.8769943,275.8769943,19505556
1/13/2025,273.5803833,280.5171423,272.0805366,280.2359336,9541248
1/14/2025,274.5177612,276.111325,268.6121205,273.5334735,7670070
1/15/2025,274.3302917,276.2519802,271.564977,274.6583877,4662694
1/16/2025,270.0182495,277.9392966,268.7527815,277.3768504,10345666
1/17/2025,264.3001404,269.7839116,262.9408979,269.7839116,9358955
1/20/2025,281.4545593,286.2821672,278.3611485,283.0950105,39380165
1/21/2025,279.6734924,286.7039974,279.1579049,283.4699537,15619474
1/22/2025,289.7505188,290.5941736,280.6108633,280.6108633,30859317
1/23/2025,297.8121948,304.2802535,291.2035031,291.6253449,39904371
1/24/2025,300.0619202,302.3116758,296.7810183,299.0307738,17479586
1/27/2025,288.6725159,299.171385,287.5476237,297.9058886,12372895
1/28/2025,290.2499695,294.0740797,288.2900955,290.6323747,12077491
1/29/2025,298.7108154,300.8618774,291.6361883,291.6361883,16338112
1/30/2025,295.4125366,299.9058781,292.496664,297.3245919,9984186
1/31/2025,298.1849976,301.8179199,295.9383269,297.9938095,15597644
2/1/2025,291.3971863,299.4756308,290.0109638,298.8063998,6046117
2/3/2025,299.8102417,300.1926469,287.0950579,289.676344,14877076
2/4/2025,302.3437195,304.829397,299.5712454,304.0167677,15366864
2/5/2025,303.1563416,307.3150672,301.0530693,303.8255433,9628027
2/6/2025,303.9689636,309.3705133,300.7184467,305.9288084,15062390
2/7/2025,304.0167542,304.9727817,300.192644,304.9727817,8589587
2/10/2025,305.0205688,306.8848342,301.9612983,304.781562,12304840
2/11/2025,299.2366333,306.3112316,297.8982005,305.4508126,10627890
2/12/2025,296.5597839,301.8657256,295.7471546,299.6668737,9668342
2/13/2025,294.9822998,299.8580463,293.452679,296.6553481,8832731
2/14/2025,294.552124,298.6630312,291.1582084,296.4163604,7371341
2/17/2025,291.9230347,296.6553538,288.7203364,294.5521106,7507772
2/18/2025,298.4718323,298.9976358,291.9230373,291.9230373,10368789
2/19/2025,300.288269,302.5827294,294.7432916,297.5635846,7835672
2/20/2025,299.523407,300.4794345,296.6075347,297.5157726,7697134
2/21/2025,292.8790588,299.0454193,291.6362055,299.0454193,8722925
2/24/2025,282.0759277,289.9631553,280.4506983,289.628569,12600963
2/25/2025,278.4908447,283.270983,277.343629,281.4067466,10810040
2/27/2025,281.5501404,282.7929646,278.5386591,281.0721266,15555649
2/28/2025,265.4410706,281.0721284,264.8196584,281.0721284,17458839
3/3/2025,271.081604,273.7584987,267.0184869,267.1619143,11471554
3/4/2025,267.6877136,270.6514049,264.1504,266.7316861,9331785
3/5/2025,272.5634766,274.3321335,266.3970868,269.0261627,10285712
3/6/2025,273.3282776,279.1600516,271.0338172,275.7661654,9782051
3/7/2025,272.2766418,275.0491452,270.4601953,274.7623194,8097300
3/10/2025,268.5481567,273.089288,265.7278927,271.9420723,8165123
3/11/2025,265.5366516,267.0184826,261.1867379,264.8196309,8602609
3/12/2025,256.7412109,265.4888872,250.6704588,265.4888872,18584311
3/13/2025,252.3912811,259.1790828,251.769869,256.7411949,8683943
3/17/2025,248.4237671,253.5385204,247.5155292,252.3912756,12697926
3/18/2025,248.4237671,248.4237671,248.4237671,248.4237671,0
3/19/2025,254.0165405,254.7813509,244.9820682,250.4792268,14044300
3/20/2025,256.2153931,261.9037689,255.7373793,257.3626378,17038774
3/21/2025,252.6780853,257.6972303,248.7583955,252.3912887,22659168
3/24/2025,257.553833,259.7048951,253.7297226,255.3071623,9269617
3/25/2025,259.0834656,262.6207792,257.506026,260.0394931,12563930
3/26/2025,255.6417694,260.278509,255.0203573,260.0395021,7308412
3/27/2025,260.2307129,261.5213268,257.7450354,258.1274406,14783522
3/28/2025,250.7182312,259.8961017,250.0968191,259.0834725,14283389
4/1/2025,251.0528412,251.4352464,247.1331224,248.9017792,8388635
4/2/2025,252.0088806,253.8731169,249.6188116,251.244041,7136992
4/3/2025,245.0776825,249.0451912,244.0738506,248.4715688,12262561
4/4/2025,235.4695892,242.7831942,234.0833522,241.8749709,14639785
4/7/2025,232.2190857,233.1273235,217.9742811,220.890168,13011904
4/8/2025,236.3778229,238.528885,233.1273349,233.9877539,13806651
4/9/2025,226.243927,231.6454917,223.7104597,230.1158417,19063559
4/11/2025,229.2076111,234.2267559,227.8691783,234.2267559,11205821
4/15/2025,233.2707367,234.2745686,230.7372694,234.2745686,10694621
4/16/2025,236.7602234,237.5250484,230.5938484,233.2707286,16203319
4/17/2025,226.4829254,227.343359,221.9417945,224.6664789,54875421
4/21/2025,227.9647675,230.211438,226.9609356,226.9609356,16298364
4/22/2025,223.8538513,228.4905909,223.2324392,227.9647728,18367713
4/23/2025,232.8883209,234.5613692,225.7181142,226.7697357,31898042
4/24/2025,232.0756836,234.3701438,230.8806492,234.035543,23000820
4/25/2025,230.3070374,235.3261821,227.5823675,233.2229244,16620430
4/28/2025,229.9246368,231.3108739,228.2515885,229.9246368,14218414
4/29/2025,230.7850494,232.8883218,229.3032184,230.9762666,16647246
4/30/2025,230.880661,232.6971076,228.6817947,230.9284653,14206640
5/2/2025,231.0527344,234.9915779,230.1636357,231.3969049,10822257
5/5/2025,232.8596497,236.0145291,232.0278957,233.2707345,12170446
5/6/2025,230.5843048,235.0871867,230.029807,233.7487539,8869045
5/7/2025,233.30896,233.7009348,225.6320598,225.6320598,9130056
5/8/2025,230.9475861,235.0202582,228.7869544,232.4198621,11434833
5/9/2025,231.3682251,232.2668933,226.1005185,226.1961271,10582438
5/12/2025,245.9667816,246.5977633,234.1120451,234.3128028,19791711
5/13/2025,240.5078735,245.6513068,239.5996356,245.6513068,11714159
5/14/2025,241.8176117,242.5346324,239.723909,240.5078586,8839105
5/15/2025,245.2880096,245.7947031,239.5996337,242.0661867,12083645
5/16/2025,243.1273651,245.6990816,242.3816648,245.6990816,6640387
5/19/2025,240.6799469,243.5384747,240.2306128,243.1273752,6788784
5/20/2025,238.72966,243.4046344,238.3472402,241.8749844,9366429
5/21/2025,239.8864441,241.0241193,237.1904538,238.7296589,5313593
5/22/2025,235.1254272,238.9017333,234.226759,238.0508693,11469037
5/23/2025,236.4829865,239.4753575,234.8003831,235.2783969,7437642
5/26/2025,239.2363586,239.8195361,237.2860541,237.5633103,3690751
5/27/2025,237.333847,239.9533679,237.0852851,239.9533679,6861143
5/28/2025,236.5498962,239.1407374,236.1005767,238.6149193,6205160
5/29/2025,239.1407318,240.6703817,237.190442,238.6722731,11785042
5/30/2025,238.6914063,240.0680883,237.5919804,239.0068971,13858429
6/2/2025,236.7889099,237.4963756,235.3739931,236.7124405,5846259
6/3/2025,235.3931122,238.5288815,234.9246534,237.0948401,8573438
6/4/2025,236.0049591,238.8252374,235.6703436,235.6703436,6698150
6/5/2025,237.0374756,238.5193212,236.0240887,236.0431988,6468060
6/6/2025,237.6588898,238.9877675,236.234418,236.234418,4445411
6/9/2025,240.2401733,242.2573922,238.2612038,238.6244989,9193904
6/10/2025,243.6627502,244.5518635,240.7564328,241.7793747,10739851
6/11/2025,247.5346832,250.0968302,242.9266231,244.7621798,17268454
6/12/2025,248.1943054,251.4352529,245.0489957,248.5671702,14528657
6/13/2025,248.7679291,250.7182335,242.831006,243.7870335,8692116
6/16/2025,251.3300934,253.6436637,246.6551047,248.5671598,10935361
6/17/2025,251.3492126,253.7775309,250.1541782,251.3301026,7528454
6/18/2025,250.0872498,253.9209297,249.5518766,251.3396435,5016660
6/19/2025,253.9017944,254.7239933,250.2975809,251.2918578,14184486
6/20/2025,254.8195953,255.450577,251.3109613,254.3033323,12904674
6/23/2025,251.6647034,253.5385385,250.2975909,252.3912937,6214062
6/24/2025,253.318634,256.8368086,253.0700575,253.8253275,6319428
6/25/2025,257.563385,258.0891885,254.1599293,254.207719,5331739
6/26/2025,256.7124939,259.3702492,255.4409902,257.2670062,8564099
6/27/2025,253.3950958,258.127444,252.8692923,257.1714164,8906108
6/30/2025,254.2842255,255.0107866,251.3396442,254.3989441,7119563
7/1/2025,252.9170685,256.5499906,252.1044684,253.8253063,3886095
7/2/2025,255.2593689,256.8846275,252.8215102,253.3473137,8750887
7/3/2025,255.3071594,258.9400818,254.7335662,256.5978025,9357962
7/4/2025,258.1752625,259.4659056,255.7374035,256.502214,7141779
7/7/2025,255.9763794,258.6532449,255.5461553,258.1752311,4849218
7/8/2025,257.7928162,258.4142282,255.5939645,256.0241594,5519016
7/9/2025,256.0241699,257.5538199,253.2039061,256.2153871,11564433
7/10/2025,253.3950958,255.7851648,251.5786493,255.7851648,6911031
7/11/2025,246.9419098,250.5270132,246.4161063,249.5231959,13109857
7/14/2025,243.0700073,248.1369417,240.5843298,246.9419073,10388421
7/15/2025,246.0814972,248.4237765,241.683779,242.8310092,8750149
7/16/2025,251.2440491,252.3912939,244.7908626,246.0815057,12179338
7/17/2025,249.1407928,252.7258963,246.6551153,252.2478825,7484171
7/18/2025,255.2115784,259.9438975,253.9209353,256.7890181,30319126
7/21/2025,248.9017792,255.4027549,247.8023533,255.2115669,12190000
7/22/2025,248.280365,250.622615,247.3721272,250.1924201,6724044
7/23/2025,249.9055939,250.2402093,246.7985044,248.806168,6510321
7/24/2025,250.3358307,251.8176618,248.8061807,250.479229,8139900
7/25/2025,247.8023682,250.5270235,244.7908579,250.2880166,8427780
7/28/2025,243.7568054,247.6073898,242.7332286,247.6073898,8998911
7/29/2025,245.4627533,246.3400963,241.0272638,242.9281836,12923128
7/30/2025,243.9030151,246.1451322,242.9281829,245.1215554,6057152
7/31/2025,242.0508423,243.854273,239.8574698,241.8558788,7338764
8/1/2025,236.6405182,240.6860659,236.1043575,240.296139,7436999
8/4/2025,239.8574677,240.2181508,235.0320512,236.6405184,5234393
8/5/2025,239.720993,240.734812,238.3757198,239.857469,7383968
8/6/2025,233.9207458,239.8087259,233.287096,239.8087259,7700190
8/7/2025,236.2213593,237.0597007,232.604725,233.0921412,6190830
8/8/2025,233.0336456,237.127938,232.3999958,236.2993246,8922847
8/11/2025,235.5389557,238.5901853,232.614459,233.0336446,3047287
8/12/2025,235.6364441,240.0914196,235.0320529,236.5917755,8101435
8/13/2025,235.5682068,236.7770041,234.0767146,236.7770041,5820844
8/14/2025,240.5983429,242.1775664,236.309087,236.9817236,12857225
8/18/2025,239.03862,242.7429706,238.5999336,242.3822874,5789317
8/19/2025,240.7445831,241.270986,238.6194411,239.2823347,4090961
8/20/2025,244.5269165,246.5253256,239.1263524,239.1263524,10099384
8/21/2025,243.6203308,246.3791079,243.3278782,246.3791079,7607486
8/22/2025,242.3822937,246.632563,241.3782177,245.6577307,13572686
8/25/2025,247.451416,250.8145992,244.292969,244.292969,16391069
8/26/2025,245.6869659,248.4067562,244.9850855,246.6325544,15797327
8/28/2025,244.3416901,245.9989167,242.8112112,245.6772203,5851451
8/29/2025,243.1329193,246.7300528,242.4017951,244.1954829,10117017
9/1/2025,244.0590057,246.6228193,243.1231602,243.142661,3198345
9/2/2025,244.6146393,246.778768,243.3181255,244.0589927,5046939
9/3/2025,243.279129,246.047649,242.8502005,245.5602329,3862765
9/4/2025,238.804657,244.0395014,238.2879971,243.2206459,5021036
9/5/2025,237.5373688,241.0955154,235.1977774,239.9062188,6233782
9/8/2025,236.4163208,240.7738221,236.1043673,238.2100086,6596932
9/9/2025,242.8794403,243.5618348,238.8338926,238.8338926,12836972
9/10/2025,249.3133392,250.6976141,242.9769298,243.0256744,15261331
9/11/2025,247.5196533,249.2645965,245.8234399,249.2645965,5865301
9/12/2025,245.5992432,249.4595706,244.5074358,248.4652524,5345794
9/15/2025,244.9558411,245.4530001,243.3181301,245.1703053,3700703
9/16/2025,247.6171265,248.0947996,243.9030181,245.6577191,7316998
9/17/2025,247.7536011,249.0696305,246.4863311,246.9250026,7339871
9/18/2025,250.4636383,253.2614021,249.5570515,250.5318837,10498239
9/19/2025,249.4400787,251.1752789,248.289769,250.5318861,10741757
9/22/2025,244.0297546,245.4432584,240.9882828,242.2945545,15784007
9/23/2025,243.3473816,245.6577293,242.4895244,243.9225291,8674114
9/24/2025,238.4342194,242.8502083,238.10278,242.0800974,7888797
9/25/2025,235.9094086,239.4577974,235.2075281,239.2725769,7957740
9/26/2025,229.8166962,235.470726,229.095315,235.3732369,16999628
9/29/2025,233.6087952,234.7298463,230.3431012,230.9182636,8894412
9/30/2025,233.3455811,235.4219784,232.9848979,233.8914847,5590909
10/1/2025,235.0028076,237.4398881,231.8540889,233.95973,9479378
10/3/2025,234.9150696,235.3244973,232.0685612,234.9150696,10968346
10/6/2025,236.0361328,236.8452453,233.2968566,233.9597354,6064946
10/7/2025,237.4008942,238.8338987,236.0458779,236.7867451,6587728
10/8/2025,238.1222687,240.1499215,236.4650569,237.1279357,7360563
10/9/2025,240.1986542,240.588596,237.0402073,237.8493198,4629760
10/10/2025,242.4407806,244.9266059,240.0524446,241.758401,7070200
10/13/2025,238.9606323,241.4659435,238.3562262,239.8672192,6717589
10/14/2025,242.1678162,243.8542717,238.9411239,239.6137605,7888607
10/15/2025,243.9127808,245.7844569,242.2847978,243.7080594,13278925
10/16/2025,247.4221649,247.6756308,242.5382608,244.0979835,10661302
10/17/2025,234.8370819,243.7080613,233.0921387,243.7080613,43802251
10/20/2025,235.1685333,235.8509129,233.2481126,234.8370791,9871824
10/21/2025,235.2855072,236.065376,234.310675,234.934567,2082336
10/23/2025,238.1515198,241.5634326,237.2449181,238.6389359,18964626
10/24/2025,236.8647308,239.6917532,236.0653761,238.8338961,6803979
10/27/2025,237.7713318,239.5455187,236.9427184,237.1669257,9550336
10/28/2025,236.2798462,238.5414493,235.3244999,237.5276303,8780789
10/29/2025,236.1823578,237.4691435,235.5584657,237.4691435,8776917
10/30/2025,235.8314056,238.6096834,234.4471457,236.7769941,8344622
10/31/2025,234.6128693,237.0694506,234.4471496,236.01663,5659566
11/3/2025,234.4471588,235.2172698,233.4723266,234.6128785,4902693
11/4/2025,231.9320831,234.7785915,231.5421562,234.4471521,6848284
11/6/2025,234.0084839,234.5641305,232.370758,233.9597393,7141517
11/7/2025,230.5380859,233.2286176,230.0604128,232.6924569,5520619
11/10/2025,233.8037567,235.4707264,231.0547376,231.4641653,8566758
11/11/2025,235.6072083,235.9581485,232.7996866,235.0320608,8831094
11/12/2025,239.0483551,240.1011757,236.0068834,236.6405184,13152546
11/13/2025,239.1555939,239.8087297,237.8590652,239.8087297,6211124
11/14/2025,238.2197418,239.7112339,236.0556131,237.7810703,6841554
11/17/2025,237.9078064,238.6194298,236.582034,237.829818,6559062
11/18/2025,234.8370819,237.8590678,234.2521915,236.8159902,4730012
11/19/2025,239.8769684,240.6373363,234.4861326,235.1295254,13298452
11/20/2025,240.0621796,241.5634295,239.5260337,241.2709769,6705862
11/21/2025,238.3367462,241.0272779,237.4788891,238.8339053,5516450
11/24/2025,241.0467682,243.1036648,238.8533957,238.8533957,19711070
11/25/2025,239.4577942,241.7583989,237.8590699,241.7583989,8188793
11/26/2025,243.89328,244.2442202,239.4382896,239.8087306,8202096
11/27/2025,243.279129,245.5797337,241.4561975,244.0979845,5268129
11/28/2025,243.2498932,245.6479871,242.3433063,244.6828978,7049965
12/1/2025,243.9810181,244.4391904,242.596758,243.8055554,3865446
12/2/2025,243.8737793,245.1215634,242.6064944,243.7080596,8535708
12/3/2025,248.2800293,250.6586224,244.2442244,244.2929689,17215454
12/4/2025,250.4636383,252.2865698,249.0696354,249.5570515,10687381
12/5/2025,253.3686523,254.5287051,251.2142814,251.7016975,7886562
12/8/2025,254.801651,256.4491198,253.1736681,253.4661356,9684253
12/9/2025,250.9315643,255.230578,250.5806093,254.8016494,8560580
12/10/2025,251.4872284,253.8170619,250.7755902,251.5164722,7944200
12/11/2025,252.7252502,253.4368885,251.2337582,251.8089056,6473376
12/12/2025,254.0412903,254.2557546,250.8828136,252.9689689,4008271
12/15/2025,255.1525726,255.8934546,252.0331274,253.4466163,4023911
12/16/2025,252.6960144,255.1623388,252.2865718,255.1525809,2982041
12/17/2025,254.5677032,255.5327776,251.8089114,252.481548,4923276
12/18/2025,257.2095032,258.3207965,254.4312252,254.6066879,9008412
12/19/2025,257.7944031,260.2802134,256.6733222,260.2802134,12750745
12/22/2025,265.8075256,266.2266964,260.0852353,260.7773876,14651313
12/23/2025,264.569458,265.6222935,263.4094053,265.1543633,7572420
12/24/2025,261.3135376,264.1600609,260.4751961,264.1210593,4694861
12/26/2025,259.5978088,262.1128926,259.0519052,260.4751816,2899112
12/29/2025,257.5896606,260.660406,256.9657835,259.2956171,3755074
12/30/2025,257.0145264,258.0576041,256.4003773,257.3557236,5117699
12/31/2025,256.6538391,257.9406248,254.6846886,257.3557195,5705044
1/1/2026,260.6213989,261.3037636,257.111997,257.8431212,3639755
1/2/2026,262.2298584,265.5442819,259.4515807,260.6213912,8286204
1/5/2026,256.6733093,262.8634998,255.1136016,262.6685512,7006599
1/6/2026,258.9154358,259.4028519,256.3321364,256.6733039,4083654
1/7/2026,263.9845581,265.6417848,257.8431269,258.330543,10242615
1/8/2026,255.6010284,264.0820512,254.7724151,264.0820512,9269522
1/9/2026,255.3573151,257.3069795,253.8950667,254.7724098,4735387
1/12/2026,256.478363,257.8431222,252.5302747,254.1387717,3802164
1/13/2026,257.5506897,258.1843247,254.7236524,256.8195655,6931244
1/14/2026,253.6513672,257.3557179,253.0664619,257.3557179,5625861
1/15/2026,253.6513672,253.6513672,253.6513672,253.6513672,0
1/16/2026,260.7189026,263.0097346,256.3808871,256.6245952,12028289
1/19/2026,239.7599792,245.6577171,235.4707235,245.6577171,65833247
1/20/2026,233.8622437,239.8087261,233.3748275,239.7599816,16796201
1/21/2026,233.5210724,236.4943138,231.6201524,233.8622548,14397792
1/22/2026,234.5933685,236.786741,233.1798648,235.909398,8537915
1/23/2026,232.3999939,237.4203887,231.8638481,236.2018485,13546802
1/27/2026,234.8000031,236.3999939,231.75,235.1999969,15677537
1/28/2026,237.3500061,238.1000061,234.9499969,235.5,10155128
1/29/2026,239.8000031,240.8999939,235.4499969,236.1999969,12201949
1/30/2026,236.8999939,238,235.3000031,238,11362317
2/2/2026,242.3000031,244.0800018,239.2899933,244,12335721
2/3/2026,242.6900024,259.8900146,242.2799988,259.2099915,25915412
2/4/2026,233.3399963,235.9199982,226.2599945,235.9100037,25995324
2/5/2026,233.3899994,235.5700073,231.6999969,233.3399963,10102736
2/6/2026,230.7200012,232.9299927,228.6000061,232.9299927,12279085
2/9/2026,230.0800018,232.9299927,229.6100006,231.8500061,9112474
2/10/2026,231.4700012,232.8600006,227.1999969,229.9799957,12435622
2/11/2026,229.8099976,233,229.5,231.4700012,7874912
2/12/2026,219.0800018,226.2599945,218.5,226.1999969,40899346
2/13/2026,214.0899963,216.4799957,209.0099945,210.6499939,23721186
2/16/2026,213.2599945,216.9100037,210.1100006,214.6199951,20754327
2/17/2026,215.6900024,219.3899994,212.2599945,213.2599945,26941553
2/18/2026,211.9499969,216.3999939,210.2599945,216.1999969,22679760
2/19/2026,211.2100067,215.4400024,210.3999939,214,14151588
2/20/2026,209.8600006,211.9600067,208.25,209.6999969,17690420
2/23/2026,205.8899994,211.7400055,204.2799988,210.3600006,20946229
2/24/2026,200.1399994,203.2899933,199.3600006,203,25036686
2/25/2026,201.9199982,205.4799957,201.3099976,201.3099976,13979068
2/26/2026,201.0800018,204.6300049,199.1199951,203.7100067,14378069
2/27/2026,200.9600067,204,200.0500031,204,13288519
3/2/2026,198.5700073,200.3600006,194.6999969,195,10483124
